seed,pos_rms,pos_mean,pos_std,pos_max,vel_rms,vel_mean,vel_std,vel_max,runtime_s,dv_err_R,dv_err_I,dv_err_C,dv_err_norm,t_star_error,config,mode
1,36.447455874203065,26.050167530941486,25.49128892998276,120.38060328552065,0.0030135599626185086,0.0021081447838780833,0.0021534319628223448,0.00941457945364868,2.8408037070003047,,,,,,deltaRIC0,BLS-B
2,42.14511663883981,38.31429427994394,17.556358116969125,85.5377314160273,0.0028870029228627125,0.0025420211192078487,0.0013685446671991093,0.007323084273803716,2.6792981080034224,,,,,,deltaRIC0,BLS-B
3,39.375337756627324,34.46837822014857,19.035443948625662,110.91872035610753,0.0028741066734453273,0.0022247546258344934,0.0018196032603760043,0.009150925811605886,2.652619524000329,,,,,,deltaRIC0,BLS-B
4,34.41093814749719,29.308383712376266,18.03139784817014,93.70665492194696,0.0029376877713406507,0.0023160187210306384,0.0018072262519452302,0.008481208434357535,2.8153352520021144,,,,,,deltaRIC0,BLS-B
5,33.28567195025407,26.896840767792014,19.60856735949805,92.69936822250634,0.002876290623831021,0.0021724912370272675,0.0018850277392595514,0.008434685837916749,2.6973387409998395,,,,,,deltaRIC0,BLS-B
6,34.26386983431722,27.33089785983477,20.664820304041175,105.61538049715708,0.002756972791199342,0.002044904988626582,0.0018491248089038256,0.008407222920596664,2.663124804999825,,,,,,deltaRIC0,BLS-B
7,39.50153853782202,30.644007553377897,24.926218083045743,129.93827327110685,0.0030386691638645664,0.002147106575679981,0.0021502194399858755,0.010201274573172677,2.705727456999739,,,,,,deltaRIC0,BLS-B
8,38.62898142259613,29.658435394760314,24.750260921495453,128.03662285126657,0.003129699054824815,0.002203056215004813,0.0022229618726599884,0.010382309813816652,3.5822591699979967,,,,,,deltaRIC0,BLS-B
9,34.60960805913403,30.214420662057844,16.87938843865758,82.83464436956316,0.0025041461853440245,0.0019565464568701593,0.0015629056528408407,0.007446093616231092,3.567987112000992,,,,,,deltaRIC0,BLS-B
10,38.137607396737394,32.22315180606114,20.399646703588214,103.2273595005883,0.0029939042862379005,0.002330347826044858,0.001879612163400119,0.008518210610198109,3.9396534110019275,,,,,,deltaRIC0,BLS-B
11,35.56863727543185,27.50171250928057,22.556235649773672,116.68668335095592,0.0031531123909609407,0.002447657658162785,0.0019877348259937726,0.009384946631754876,2.8032812960009323,,,,,,deltaRIC0,BLS-B
12,35.25269045128381,29.362018286618728,19.509589083071543,92.42056703469383,0.0028083177862160253,0.002169523660454028,0.0017832038232090664,0.007971798249957791,2.709942258999945,,,,,,deltaRIC0,BLS-B
13,35.979466832914646,28.350852680449634,22.152904682507145,106.84538854975044,0.0033313817017253697,0.002683501290749448,0.001974063034742475,0.008950289686262337,2.666553031998774,,,,,,deltaRIC0,BLS-B
14,35.360247713337436,29.164197920137596,19.99491630449168,112.36018760927054,0.0029527508147901733,0.002273524600987553,0.001884097466414204,0.009071499988627357,2.6934397719996923,,,,,,deltaRIC0,BLS-B
15,36.994502667814245,31.904017595413706,18.72770378104182,99.65515648639769,0.003214703110661774,0.002611333943155837,0.001874900297888044,0.008676490798995474,2.6718282439978793,,,,,,deltaRIC0,BLS-B
16,36.55663670560428,26.456470294408206,25.227819303035886,123.17793919515007,0.003176090076668913,0.0023142784333429634,0.0021752387243882867,0.00990727649702042,2.6999435519974213,,,,,,deltaRIC0,BLS-B
17,39.67815582003879,36.39743138988982,15.79819728632165,98.32862171763266,0.002963172855629345,0.0025998342329371896,0.001421708596578942,0.007420282800831573,2.677340213002026,,,,,,deltaRIC0,BLS-B
18,35.77444944194323,30.992586037684358,17.868151655134486,103.22807088915147,0.003058077656404656,0.002462000544090082,0.001813943845189683,0.008951578114917832,2.6612444229976973,,,,,,deltaRIC0,BLS-B
19,36.356597888900296,31.12031846781002,18.797020735139704,110.16883577855916,0.002743272092497824,0.0021003382561100054,0.0017646872197072691,0.009008911243709184,2.6680358830017212,,,,,,deltaRIC0,BLS-B
20,38.245514238020235,31.908689038910264,21.084471137515788,120.97770527884366,0.003266821339612934,0.0025208981816449384,0.002077785846214592,0.010168439252855595,2.6996378270014247,,,,,,deltaRIC0,BLS-B
21,37.57739870885833,33.43160327522832,17.157761980288996,103.5070239657227,0.0031525361202945352,0.002577605245175464,0.0018150579026041168,0.008949242113197545,3.9019563740002923,,,,,,deltaRIC0,BLS-B
22,35.59265428637287,29.854348211982455,19.379239716432572,102.89175520190298,0.002823353309873965,0.0021482935432652487,0.001831982195421428,0.008955523915767523,2.7118108440008655,,,,,,deltaRIC0,BLS-B
23,35.28569548846929,31.399165841365075,16.09884128039764,89.79161778445226,0.00274777746040664,0.002214983372441645,0.0016260779906652084,0.008044689761146516,2.6639270880004915,,,,,,deltaRIC0,BLS-B
24,34.052828909201544,27.411168348532023,20.20452935576052,98.52000234157335,0.0028063617255483873,0.002124493141404958,0.0018336289228593158,0.00865867278213525,3.394539208999049,,,,,,deltaRIC0,BLS-B
25,38.112056881955425,32.10581634111704,20.536441679216672,114.6916156299322,0.0027147265184204895,0.0020606422635812676,0.0017673408079253137,0.00904491680383422,2.7106848590010486,,,,,,deltaRIC0,BLS-B
26,36.857878277172404,28.926766544848995,22.841746175690293,123.22614241027566,0.0030077068939024926,0.002258504067267058,0.001986318236780485,0.009726255921936383,2.6641286090016365,,,,,,deltaRIC0,BLS-B
27,34.23902965731305,27.551350155881796,20.328164119328495,100.82815022265724,0.0028652995859553016,0.0021643191400141882,0.0018776752587824836,0.008094292802803198,3.541983707997133,,,,,,deltaRIC0,BLS-B
28,36.100399042702676,32.34476502663016,16.032934429306795,85.50349663635204,0.0025798150571510795,0.00205115367059682,0.0015646770748945673,0.00756922822999287,2.6877207750003436,,,,,,deltaRIC0,BLS-B
29,35.46131561926536,27.537814579586186,22.342194915215565,110.00859751938792,0.0031021018870309733,0.002348893934550688,0.0020262609411801115,0.0091740414872024,2.6861709779986995,,,,,,deltaRIC0,BLS-B
30,40.38472564206625,32.5755609674948,23.869622804686138,129.84882218116678,0.0031164545032790936,0.00240031267786937,0.0019876588538952347,0.009970416551164374,2.7026914689995465,,,,,,deltaRIC0,BLS-B
31,36.39102807066508,30.60959033192015,19.681460915083367,105.15444582481155,0.0026866018529179327,0.0020349119957326104,0.0017541273288235357,0.008863704521854698,2.6619154020008864,,,,,,deltaRIC0,BLS-B
32,35.29753851876967,28.304995085185034,21.0889420956026,110.52770569268787,0.0030407577770900896,0.002391784625684597,0.0018776512357923808,0.008918988921723109,4.618425217002368,,,,,,deltaRIC0,BLS-B
33,39.08814796421798,30.006115351596595,25.050276501054388,126.70728464848327,0.0029312165498747832,0.00216560664893739,0.001975393202463245,0.009710787332694263,2.7114384039996366,,,,,,deltaRIC0,BLS-B
34,36.33565906204021,27.73841217965902,23.470419877457854,122.9941320698436,0.003036308218282539,0.0022289950580139583,0.002061734373715353,0.009835788056158834,2.700560098001006,,,,,,deltaRIC0,BLS-B
35,40.276310654996834,34.149246835546826,21.354393939953123,120.89986500808935,0.0030500592531030905,0.0023628473733910502,0.0019286818652900725,0.009653388144234184,3.656570945000567,,,,,,deltaRIC0,BLS-B
36,35.4421695368927,29.88968651049417,19.046102535328007,102.03069979564357,0.0030724294680341073,0.002433830284151748,0.0018751781206035253,0.008769640759964876,3.7508028539996303,,,,,,deltaRIC0,BLS-B
37,39.72970303157191,34.23753578518739,20.15540737209018,121.67481389524211,0.0031593818990812276,0.0025870415329935824,0.0018135352466407489,0.009863908988430656,2.688869378001982,,,,,,deltaRIC0,BLS-B
38,42.0575672442565,37.41688517269639,19.20457410302062,110.0330482883537,0.0033851935219240963,0.0027914493924985234,0.0019150314540488603,0.008484560599121548,2.681131813002139,,,,,,deltaRIC0,BLS-B
39,36.56273617562791,27.636658875577083,23.938436934009633,121.11099576233495,0.002979161006691694,0.0022122810287509157,0.001995297710523685,0.009416479926086635,3.756306950999715,,,,,,deltaRIC0,BLS-B
40,35.04027022183534,25.921606271223673,23.5773379654892,105.0723186824276,0.0031273758987188814,0.0023094776436426647,0.002108742048094659,0.008454526855002182,2.6964561909990152,,,,,,deltaRIC0,BLS-B
41,35.00834828021689,28.978697241815343,19.642289975361038,107.03595155486896,0.0027529274018981433,0.0021098812175299247,0.001768335524733953,0.008624400634440078,2.672145440999884,,,,,,deltaRIC0,BLS-B
42,38.54556213380886,30.22450307493615,23.921533690056215,107.97235730544764,0.0031757728437615874,0.0023375546096037186,0.002149737565912167,0.008384281433803526,2.6886848120011564,,,,,,deltaRIC0,BLS-B
43,39.194740685096235,32.28020979217007,22.230963837526833,117.81603145994212,0.0032301929286996625,0.0024361304271938392,0.002121182429288359,0.009600323172150302,2.7087462279996544,,,,,,deltaRIC0,BLS-B
44,38.47919556393461,28.37249097052865,25.993273117766353,131.15267438443658,0.0029970784381859687,0.002099077194917309,0.0021392414764157233,0.010210541431998472,3.570559747000516,,,,,,deltaRIC0,BLS-B
45,40.5739351670331,36.223790163638185,18.277889405489763,116.87373190015026,0.0028047460158187355,0.002206114089693692,0.0017319528967342163,0.00947233663878782,2.6929853660003573,,,,,,deltaRIC0,BLS-B
46,34.867144746799305,30.697435068025282,16.534366121464284,89.14481188703294,0.0029179309838609792,0.0024005893445668246,0.001658762196738316,0.00821526469906157,2.683410305002326,,,,,,deltaRIC0,BLS-B
47,34.761148499218294,28.679334521998726,19.64263771391201,98.91442453229641,0.0026914162792603526,0.0020075444514360712,0.001792620111394459,0.008380653507995817,2.707767342999432,,,,,,deltaRIC0,BLS-B
48,35.65869299352281,28.862683457831242,20.940102426190453,100.3886175613905,0.0032838869701115017,0.0025666944940071846,0.002048412313695977,0.008777032408983199,3.5350008809982683,,,,,,deltaRIC0,BLS-B
49,33.61355499826363,26.423628945179257,20.77649905515313,104.93114613757926,0.002874962743436647,0.002124668088551739,0.001936800529130109,0.008521150085617353,3.1909177839988843,,,,,,deltaRIC0,BLS-B
50,35.4267175472843,29.070606118801354,20.247275768867542,109.89785113412361,0.003102940363175137,0.002502177598577646,0.0018350330140348029,0.009021608616173545,2.694065496998519,,,,,,deltaRIC0,BLS-B
1,24.347796705104248,22.640730022168974,8.956145848317885,65.60742213412036,0.002190018381001889,0.0017506023080369128,0.0013158921187627682,0.007307094715113541,5.693745803000638,-0.006196696195471858,0.00013924082411499925,0.0017679961581048098,0.006445482306325028,-84.17536147720966,deltaRIC0,BLS-G
2,35.657094966977496,33.738596091759604,11.538438162990484,76.8688021069805,0.0027066671798414658,0.002431080500437171,0.001189913787980083,0.0068178404026608625,5.796225310001319,-0.006964668109773451,0.00017737568888740466,0.0007717422748613544,0.007009539938762868,66.06421785234124,deltaRIC0,BLS-G
3,28.0020698983488,24.970864475400386,12.671694675267352,49.3149418929491,0.0018302728616114506,0.0016161615753530817,0.0008590229975405861,0.0048092262352906374,5.774381364000874,-0.0011331343737901204,0.0011223353441927044,-0.0015060952890398498,0.0021936164554353875,-69.66140249318414,deltaRIC0,BLS-G
4,14.553556149477606,13.270963630785696,5.97390332248194,25.219840046325906,0.0013789615485511966,0.0012549989778846068,0.0005714127386498363,0.003302976627681078,5.713615172000573,-0.0029714391925977695,0.001263256619280274,0.0008879203832074169,0.00334868194494143,-17.991855677864805,deltaRIC0,BLS-G
5,26.548282515764598,19.13439392594459,18.403431028577987,106.01613493538335,0.002920218247545659,0.0021081998070620876,0.0020206850785815227,0.010848631890585292,5.762153468000179,-0.006469153481374215,-0.00029761006983699157,-0.00014819343530995559,0.0064776909322314434,-1.2721562745427946,deltaRIC0,BLS-G
6,17.281754076398524,16.140586476638745,6.175798907612147,40.765562749668135,0.0015409454016247803,0.0013650936236365924,0.0007148651127977029,0.004018781781631396,5.744143322001037,-0.002514165469223403,0.0007695557091016824,0.002707266112478892,0.003773928165694586,-163.96058419781912,deltaRIC0,BLS-G
7,26.515368642185866,24.660889573909095,9.741935108307548,65.29975139638704,0.002024432016407824,0.0017452186000978158,0.0010259322720967837,0.0045160206539583995,5.747645441999339,-0.0010434212014216542,0.0021406173622180685,0.00022191080618814654,0.0023916970754902724,31.197762524876453,deltaRIC0,BLS-G
8,31.09950834089431,29.07129629134725,11.047133156889833,52.57272603779299,0.0022226495935189668,0.002024879973586269,0.000916532764356679,0.004935626213400061,5.762684691002505,0.004003053249754718,0.0024209690498979064,0.0020094174881313777,0.005091491441860979,76.64509291935246,deltaRIC0,BLS-G
9,17.966186020940548,15.834957209779962,8.48751850092105,49.07313414849841,0.0011737332308788075,0.0009936270676220932,0.0006247839208541815,0.0038907971585974885,5.714249361000839,0.00027264085292542266,0.0013315476189059252,0.000594685283882559,0.001483577663273622,-101.06298113054072,deltaRIC0,BLS-G
10,23.367166625668634,22.50003548495023,6.306574290987331,37.936365556127825,0.0017631349424221908,0.0016672691658732946,0.000573461728207097,0.0039163778092930505,4.307328988001245,-0.00014325688600244377,0.001868399169433866,6.8790569815642015e-06,0.0018738957583476284,219.32195816133753,deltaRIC0,BLS-G
11,16.319140723561635,14.628771925096759,7.232799314159682,40.89058213398067,0.001645425871661113,0.0014479318045680046,0.0007816135800075218,0.0036560082713665274,5.742302001999633,-0.002905122312067646,0.0008959811765980943,-0.00018827384208745075,0.003045975206154138,29.107683890033513,deltaRIC0,BLS-G
12,18.28614634841354,16.921815010010295,6.930752126759994,38.293162138564924,0.0015389902773463911,0.0014338404132860437,0.0005590999400772904,0.003831594713061326,5.715342637999129,-0.004005139627744341,0.0009318539896108187,-0.0003029392059082071,0.00412325932463118,50.0693865267167,deltaRIC0,BLS-G
13,17.766156641583542,16.943082401556566,5.34493035944784,31.876798012747063,0.0017193097419212586,0.0016130964017395818,0.0005949335991185551,0.0033206367804413826,5.777811628002382,-0.00210218309170317,0.0012940884840828158,0.0020698475292538726,0.0032215070308842754,-240.60655514747486,deltaRIC0,BLS-G
14,20.615448372623643,18.680795808198585,8.719207508523992,49.41151269427469,0.0016447443032162237,0.0015074597723125963,0.0006578364977876163,0.0028652443778590456,5.742295421001472,-0.0013490472522611138,0.0020956155696327293,-0.0006438516561309913,0.0025741169475420093,-3.0077647212383454,deltaRIC0,BLS-G
15,28.819527988305737,27.268476492709848,9.32713156523849,45.87018547407924,0.0023633381229711168,0.002235235017150397,0.0007675229648637926,0.004888012123223762,5.729334091000055,0.0022207562782326495,0.0024973474816001864,-0.0017845131439609885,0.003788534024148926,43.05250899951352,deltaRIC0,BLS-G
16,27.158435143744864,20.456946678247032,17.863200498800705,97.74337668793319,0.0024401256627730457,0.0018389664431091447,0.0016038752043853336,0.00834577108095147,5.944732143001602,0.0021589530311106678,0.0017667467738501832,0.0013416741593141163,0.003095571337123926,15.23508276816574,deltaRIC0,BLS-G
17,27.370223314849913,26.024913128156964,8.47543632957248,59.82233229519696,0.0019779270011414246,0.0018455838867435788,0.0007113475513676661,0.00454526840163595,5.714077464999718,-0.0012898416922828984,0.0007019601607734675,0.0008430335534149884,0.0016932646664499398,72.65657632469811,deltaRIC0,BLS-G
18,26.01996861414004,24.57134492139668,8.560827964314349,49.386895800327075,0.002028843757391174,0.0019493071332481605,0.0005625021708162343,0.0041552123234658515,5.702688826000667,0.0020996865268543383,0.0027392642651460097,0.0016747884496965855,0.0038362962055342696,-298.8633577073706,deltaRIC0,BLS-G
19,18.76751573054972,15.53581451187096,10.528917995177423,57.722506181076135,0.0014530539377572485,0.0011716392104841077,0.0008594342944565469,0.0050429276757922884,5.71892446000129,-0.0004230023182071067,0.0013901614628306401,0.0009740667108077573,0.0017493672601977706,-51.115860270074336,deltaRIC0,BLS-G
20,25.026278906173356,23.70617636745878,8.020713055864556,38.83714566689368,0.00174041723917832,0.0016875715872498194,0.0004256222554521903,0.002690306481876801,5.700550288001978,0.001225573032350001,0.0022796978077135595,0.0007851116237267734,0.002704709155127123,76.48189676835318,deltaRIC0,BLS-G
21,19.86491205780051,19.15002343962079,5.281224604778937,34.549372190935564,0.001743301123146701,0.0016687372968010547,0.0005043953213796265,0.0033427501608359316,5.733651264999935,-0.003234977273166633,0.0009514345786041619,0.0012967633514548282,0.00361274146666277,-64.41156415100704,deltaRIC0,BLS-G
22,19.850723068010645,18.2897993332877,7.71585683323107,54.353084693263185,0.0016785146692620196,0.0013839629755042614,0.0009497673280131184,0.005271800389139579,4.345299484997668,-0.0016536246041165493,0.0008734144108047059,0.0013213026212380396,0.0022897964279017164,-203.55761124086712,deltaRIC0,BLS-G
23,22.12558858383783,20.194515923600243,9.040088317749515,42.99094124463674,0.0017114513583403152,0.001622562321660979,0.0005443870537504019,0.0027507521504048795,5.761724533000233,-0.00321808908380762,0.0014274225561856733,-0.0020368944797195996,0.0040672560316190555,-42.73473908529559,deltaRIC0,BLS-G
24,20.409523490403657,18.931648679389575,7.625046057926839,33.742766227507,0.001653406487346374,0.001500345206958616,0.0006947785779335622,0.0036831963092506053,6.148054263001541,-0.002670274748037022,0.0013744257800569176,-0.0019738101627067447,0.003593791871170849,13.776795318553923,deltaRIC0,BLS-G
25,21.97191896084117,20.299975299524,8.406915347527118,54.97344380369987,0.0016351798394876184,0.0014436977501093272,0.0007678215377260652,0.004728929170903083,5.764759859997866,-0.0006549989477946957,0.0014267951385931153,0.0016271535415267695,0.002261060953806468,51.245849138562335,deltaRIC0,BLS-G
26,31.09049757385992,23.481588748801524,20.377291999241397,92.94989110555443,0.002421724721279921,0.0018622223588565946,0.0015481855547165174,0.0071011227191861235,5.759691284001747,0.0013005876504650397,0.0028056859953096984,-0.0008115614858701348,0.0031971916092356566,-98.83409696363378,deltaRIC0,BLS-G
27,19.505264937458172,16.024710671946963,11.120432013227918,63.498114979060986,0.0015696886960507085,0.0013151541169185048,0.0008569085431139554,0.005362024589623679,5.718221581999387,0.0010920199449093535,0.0016857971378519958,0.0004043018675671282,0.00204887275109707,80.5869569131246,deltaRIC0,BLS-G
28,29.89193015025867,26.183235896070922,14.421014046128883,81.35576079046443,0.002218693890658944,0.0019512788520063332,0.001055989309680818,0.006785928110592275,7.299164842999744,0.00376845450823945,0.00195969051555377,-0.00031670185009659887,0.004259335201563296,-94.66839888218965,deltaRIC0,BLS-G
29,19.86729304975622,17.84196712621014,8.739195740577527,45.209003632661776,0.0017405382763280176,0.0015207487218596805,0.000846638539357295,0.00423034192750535,4.356368931999896,-0.0013127352111387866,0.0013356378105424524,0.003440637317330787,0.003917293357016223,167.12693744213902,deltaRIC0,BLS-G
30,36.80909793715472,30.785117613493526,20.178855876149637,114.08391775400928,0.003064059599805229,0.002555216363841532,0.0016909555183726864,0.009304081308057044,4.290622920001624,0.003447219308856841,0.0020364737927001603,0.002359214936458019,0.004647197175515218,-148.3247361092217,deltaRIC0,BLS-G
31,32.27908647858742,29.72968213533971,12.573202616031764,60.66696943969954,0.0025783860981263692,0.002415725790292033,0.0009013011578430693,0.005124826993552369,5.736522328999854,0.004934499702938561,0.0028852747772586066,0.002067467494107654,0.006078529402559243,246.39031571270607,deltaRIC0,BLS-G
32,23.091468113555894,18.45661897714296,13.876927454301082,77.4760048892847,0.002069810772662926,0.0016787687682278524,0.001210723774216992,0.006429789910418546,4.32664198600105,-0.0006131089118777598,0.0006679355754404994,0.0011336512307098426,0.0014516217081777549,174.45283614408254,deltaRIC0,BLS-G
33,23.920788020364647,22.849843649106802,7.077340229676281,36.22611183169389,0.0016847420347596473,0.0015273565902859288,0.0007110116523631795,0.0041627761683922125,5.7308509110007435,-0.004840905698349368,0.000567650273640049,0.00200410337368753,0.005270011873411743,-167.45734344163793,deltaRIC0,BLS-G
34,18.431710113970734,17.310053384546535,6.331665622061867,39.7297115244667,0.0014408610962178144,0.0013003272515474441,0.0006206687824251119,0.0031466023238578356,5.731847992003168,-0.0021358642667942368,0.0017125355728449137,0.00015922462548658412,0.0027422703615415244,34.99589432430366,deltaRIC0,BLS-G
35,30.190885995568443,26.293345746236998,14.837438008842753,84.85152947356232,0.0025346725538501792,0.0022603076705816926,0.0011469848253359558,0.00618875291699286,5.7577416700005415,0.00033114683892953553,0.002538709964616125,0.00014704893446106093,0.002564435591411951,83.09520492511365,deltaRIC0,BLS-G
36,18.9381279821563,17.14655085748695,8.040428170199943,55.57919558996278,0.0019090484219504503,0.0016940221663766732,0.0008802015548588788,0.005603036616490748,5.760382622000179,-0.003095843718262229,0.0004747228169782081,0.0010144919489432597,0.0032922338913470473,181.8896038414241,deltaRIC0,BLS-G
37,22.51332092044112,20.809591563068523,8.591304781291328,51.615587007778544,0.0016551199052993247,0.0015153127830161654,0.0006657695326055773,0.004407257381705844,5.815286679000565,-0.0016497344760093506,0.0013761208526759533,0.0005641343104936203,0.0022211663518925256,-138.79794494784437,deltaRIC0,BLS-G
38,40.58734833560071,35.6835004609613,19.33961322694858,107.01639966073888,0.002783723664246394,0.00231732608751434,0.0015424387323361836,0.008599949692699236,5.940233758999966,0.004301649514991236,0.002188734222378276,0.0007154102384205313,0.004879196435405229,32.77020028443803,deltaRIC0,BLS-G
39,19.985201124299845,16.910107016055914,10.651598222062844,63.432325900064285,0.0015375030174692593,0.0011944391487132262,0.0009681067341715479,0.005146229806442363,5.73254882800029,-0.0004960509212327786,0.0014798088320770002,0.0003563178722105766,0.0016008944755997057,62.645356468892714,deltaRIC0,BLS-G
40,17.61579193171912,16.649236953673167,5.75491392134272,32.57694324378028,0.0014243190876955427,0.0013040707524832962,0.0005727864664004494,0.0032105351051651934,5.837878966001881,-0.0011709986851396576,0.0015617954296951507,0.0021678727353069355,0.0029172101537775167,121.86779725839006,deltaRIC0,BLS-G
41,29.365749345382547,25.814453077676376,13.998615892875986,74.23288505111003,0.0024379904472449387,0.002132438617934224,0.0011817372642006145,0.00631094476127853,5.7718144210011815,0.0030726215527361813,0.0025297775856137814,0.0027868412924256553,0.004858730516110303,-47.9673952967496,deltaRIC0,BLS-G
42,24.181902594839105,23.278077841210433,6.549466018297526,37.19779452928878,0.0015511084784283397,0.001372948537255052,0.0007217685403933117,0.0034157166269311997,5.888597720000689,-0.0009261234392472233,0.0016406454873606102,0.001882625892857289,0.0026634005504949016,-214.35150455215626,deltaRIC0,BLS-G
43,28.75469308069819,23.599279723641462,16.428827428957838,91.22712018976367,0.002458010071511976,0.0019034766788496053,0.001555181675795464,0.007913351596304017,5.7493972390002455,0.0013529488074107087,0.0014000383148075972,0.0007704067416263525,0.002093825280663764,-157.61747500034107,deltaRIC0,BLS-G
44,22.386681533408563,18.7302786918364,12.261328239811355,70.0906747693834,0.0016536962481216858,0.0012199042805279433,0.0011164877193240155,0.005630127392893686,5.709606012998847,-0.00197781564783928,0.0008141302508416313,0.00019697337483156515,0.0021478736723946094,127.05429918710433,deltaRIC0,BLS-G
45,28.895188762400714,26.485808754559024,11.551357852291348,61.555520411225764,0.0019859613281336115,0.0018077937146727251,0.0008221461439622566,0.005263355244825926,5.8065825029989355,-0.004032899046845792,8.06249973064446e-05,0.0025248105550365976,0.0047587228802552246,33.32899055461894,deltaRIC0,BLS-G
46,16.856951858800624,14.980579455566012,7.7291050675608854,42.252629241656194,0.0013229320922906141,0.001215019645948156,0.000523332189696411,0.0031690481855555486,5.7854449180013034,-8.480976963743693e-05,0.001676478284936909,0.00019999285468354943,0.0016904937973312502,11.272493407574075,deltaRIC0,BLS-G
47,24.960461416559713,22.012971412604337,11.766636040748022,68.20429031969852,0.0018546132049798115,0.0015819295637710016,0.0009680335713975927,0.005827576849388791,5.723609494001721,0.0017021570875340375,0.0011765972007286376,8.728357112690679e-05,0.0020710717383020535,-64.76314862121944,deltaRIC0,BLS-G
48,17.787991212135044,15.544474775750848,8.647654902286465,40.30989229970252,0.0017872166886913844,0.0016177518837530802,0.0007596198621352374,0.004594729184593495,5.814035692998004,-0.0029734784089812645,0.0010461853566800983,-4.6670489950154685e-05,0.003152499926065313,-10.985957432567375,deltaRIC0,BLS-G
49,19.342162062639815,12.990710553368222,14.330410760896925,74.20988716777208,0.0017655215418358313,0.0012612702510909984,0.0012354204419545685,0.006297047474713489,4.326443877002021,0.00030363074677574524,0.0010657260169976805,0.0005432946243931495,0.0012341525929105486,-169.91989832476975,deltaRIC0,BLS-G
50,19.779916389364207,17.847437345157754,8.527254691922074,38.21006189992442,0.00151135900566991,0.0014086786697506697,0.0005475677578245661,0.003406710818670904,5.6864919860017835,-0.0005258470077020499,0.002046461988626089,0.0018496293837401837,0.0028081400612497477,-194.47082750294066,deltaRIC0,BLS-G
1,16132.373785961294,13118.399286731534,9389.413406803043,54406.88829082165,1.3466560232593339,1.0256670754497323,0.8726336547022677,4.758530828330637,2.687941931999376,,,,,,deltaRIC1,BLS-B
2,16134.837612975023,13116.122016777006,9396.825423412474,54415.07031926995,1.3463102256390842,1.0252961831839853,0.8725359364568963,4.758285664804209,2.681893935001426,,,,,,deltaRIC1,BLS-B
3,16134.506006701136,13111.857790423126,9402.205558484424,54442.76773474378,1.3467264256548297,1.0250070472065365,0.8735173831893508,4.7609067235464275,4.5686689100002695,,,,,,deltaRIC1,BLS-B
4,16133.877801254617,13115.780610855936,9395.653882179357,54428.09201493746,1.346857577476987,1.0254939791706705,0.8731480015964548,4.760274784790797,2.7064819219995115,,,,,,deltaRIC1,BLS-B
5,16133.45177927655,13116.707257529171,9393.628533986386,54426.61298088472,1.3468748437891898,1.0255722489064334,0.87308270347382,4.760212880446745,2.697578885999974,,,,,,deltaRIC1,BLS-B
6,16132.672870735507,13119.148655925499,9388.88025793777,54407.83917931712,1.3466223857349715,1.0255530273329576,0.8727157829962469,4.758812011858759,2.654453752998961,,,,,,deltaRIC1,BLS-B
7,16132.481387377356,13119.009826071759,9388.74522486948,54391.296942216584,1.3462794369993563,1.0253878920921975,0.872380646987325,4.757183996299421,2.688813310000114,,,,,,deltaRIC1,BLS-B
8,16134.838569219692,13111.498394506601,9403.277381085285,54457.33750837477,1.347085820661288,1.0253569575817056,0.8736608711425069,4.76213622003261,2.901805298999534,,,,,,deltaRIC1,BLS-B
9,16133.996934532868,13117.362343380313,9393.650101849871,54417.5988983753,1.3465616426241636,1.0253538604564967,0.8728560695977571,4.7592556502714185,4.504609634001099,,,,,,deltaRIC1,BLS-B
10,16133.501014686191,13115.649177524967,9395.19034628724,54416.058270477304,1.3465082002294568,1.0252020828909825,0.8729519016080796,4.759081216543215,2.6593522559996927,,,,,,deltaRIC1,BLS-B
11,16132.380513969803,13119.366145558997,9388.07397639543,54408.85913609666,1.3468364376262445,1.0259056637953228,0.872631628300528,4.758904440590216,2.7683970010002668,,,,,,deltaRIC1,BLS-B
12,16134.086810263045,13115.03023076268,9397.060138537208,54420.07830053471,1.3466113263788613,1.0253517347997647,0.8729352119573072,4.759217878574552,2.766950915000052,,,,,,deltaRIC1,BLS-B
13,16132.967033206525,13115.887355066192,9393.940822878509,54423.12625602217,1.3470037469757241,1.0257110766832591,0.8731184808122603,4.760042932488558,2.7939302459999453,,,,,,deltaRIC1,BLS-B
14,16132.882209307978,13119.917514277833,9388.165571502861,54404.72893140209,1.34663014699421,1.0257852463540342,0.8724548017840467,4.7583866578529985,3.582017298002029,,,,,,deltaRIC1,BLS-B
15,16134.262719604703,13113.422829800164,9399.605055112794,54433.841961941354,1.3469564087590429,1.0255227311153892,0.8732666803804499,4.7604857535944936,2.671313826998812,,,,,,deltaRIC1,BLS-B
16,16132.468823304478,13118.002184557727,9390.131469837346,54405.438544277575,1.346699563391116,1.0257257213461182,0.8726319147308378,4.758427122664401,3.787839142001758,,,,,,deltaRIC1,BLS-B
17,16133.001441269655,13122.335470172262,9384.990533413851,54410.49071031743,1.3467281438118777,1.0259841228685203,0.8723722101011119,4.7589532139035775,2.689060791999509,,,,,,deltaRIC1,BLS-B
18,16134.455071175164,13114.617890667625,9398.267820484292,54437.57001352194,1.3469911007054536,1.025649594542592,0.8731711943223425,4.760722801050656,3.6401392000007036,,,,,,deltaRIC1,BLS-B
19,16132.979504740277,13120.479060442043,9387.547971907878,54394.79968733766,1.346400453992408,1.0255877255059522,0.8723325052997223,4.757584465597241,4.0523299150008825,,,,,,deltaRIC1,BLS-B
20,16134.842251984273,13111.491480014762,9403.29334147974,54452.71733560513,1.34712778988118,1.025409466254768,0.873663956441643,4.761956361103311,2.6774061159994744,,,,,,deltaRIC1,BLS-B
21,16133.76246028736,13116.732963656978,9394.126222544177,54413.97233737706,1.3466769326752386,1.0256873050087714,0.8726421450648787,4.7587252630131855,2.7142942779973964,,,,,,deltaRIC1,BLS-B
22,16134.47382460635,13113.231274094958,9400.234632657068,54436.82336356795,1.3467770413879805,1.0251555742050724,0.8734211171514177,4.760717323651096,3.5600743200011493,,,,,,deltaRIC1,BLS-B
23,16134.241358634501,13116.380235526372,9395.441114485535,54424.7035739776,1.3467460167846967,1.0254801519589236,0.87299214868391,4.759853891354626,3.4980796109994117,,,,,,deltaRIC1,BLS-B
24,16133.792301701125,13114.81848103837,9396.85001709854,54432.037578052645,1.3468450804130552,1.0253825398633074,0.8732595934636627,4.760439293493533,2.70811947400216,,,,,,deltaRIC1,BLS-B
25,16132.930495006065,13119.369244846574,9389.01469665856,54392.70395144638,1.3461670951150986,1.0252593604004767,0.872358350611621,4.757196447868553,2.666082785999606,,,,,,deltaRIC1,BLS-B
26,16131.995858847622,13120.76209573842,9385.461758321255,54396.147256489116,1.3466006638514483,1.0257226628141425,0.872482874831722,4.758046142060363,3.5902248290003627,,,,,,deltaRIC1,BLS-B
27,16132.926511023836,13118.49893142912,9390.223830995128,54416.17984036594,1.3467510863881054,1.025616785202826,0.8728394460596761,4.75945825120807,4.557249554000009,,,,,,deltaRIC1,BLS-B
28,16134.301188533544,13117.849697217373,9393.492117606154,54419.73283507058,1.3465724369166368,1.0254391324034136,0.8727725440224068,4.759365224113937,4.045694920998358,,,,,,deltaRIC1,BLS-B
29,16133.16821153884,13115.988120095759,9394.14563306926,54414.59200476411,1.3467401382683377,1.0255452036204231,0.8729066590158231,4.759096507746976,5.087806322000688,,,,,,deltaRIC1,BLS-B
30,16132.105911080977,13122.21758544427,9383.6158684481,54388.07354348648,1.3463930860167737,1.0258567800923568,0.8720047068750907,4.756924635134397,2.7131627639973885,,,,,,deltaRIC1,BLS-B
31,16134.567638071656,13113.28904684697,9400.315060749424,54438.6070331102,1.3466959579910154,1.025094359864474,0.8733679388684835,4.7606537585215785,3.9396399200013548,,,,,,deltaRIC1,BLS-B
32,16132.421142895073,13118.918795507543,9388.768905911304,54410.1020183554,1.34682328960259,1.0257651353486594,0.8727765238129911,4.759109342509936,2.6937459129985655,,,,,,deltaRIC1,BLS-B
33,16131.802532452575,13120.336156243797,9385.724910373474,54391.592446494455,1.3464290572906121,1.025528528177655,0.8724462414442847,4.757530283513394,2.721414941999683,,,,,,deltaRIC1,BLS-B
34,16132.366287771356,13119.776636715524,9387.475861248075,54397.80014639869,1.3465775252142602,1.0257489663680541,0.8724162363270355,4.757861815933343,30.0859759499981,,,,,,deltaRIC1,BLS-B
35,16133.138162619673,13120.48395600328,9387.813788866699,54393.53642610238,1.3463032883532335,1.0256041752860092,0.8721631841958446,4.757244376078866,2.7877942430022813,,,,,,deltaRIC1,BLS-B
36,16133.590149017893,13116.065672726645,9394.761964265455,54417.61901027811,1.3467686978338074,1.0256191754015767,0.8728638109771528,4.759228311143249,3.5616116519995558,,,,,,deltaRIC1,BLS-B
37,16132.459276490448,13122.246943146429,9384.18230165564,54392.96974526246,1.346578038470923,1.0258939970382026,0.8722464792323202,4.7577708931095275,2.6789900149997266,,,,,,deltaRIC1,BLS-B
38,16131.538718141124,13120.886631911671,9384.501873163425,54417.118303854215,1.3470966583379955,1.026026830481553,0.8728908007519458,4.760104604785182,3.7221649450002587,,,,,,deltaRIC1,BLS-B
39,16132.109380409456,13120.669895300442,9385.785772115805,54400.19448230665,1.3466346749877622,1.0258298740425766,0.8724093175804501,4.758134974648175,2.651203875000647,,,,,,deltaRIC1,BLS-B
40,16132.731845119339,13116.936373508988,9392.072026972775,54423.54421318505,1.3469483447935071,1.0257044680980443,0.8730407709068786,4.760049849922453,4.535029348000535,,,,,,deltaRIC1,BLS-B
41,16132.682920297404,13119.610636412806,9388.25196486436,54402.66102007588,1.3465758682269808,1.0255906643164499,0.8725997697445207,4.758376458708456,3.9390851959979045,,,,,,deltaRIC1,BLS-B
42,16132.814807982626,13116.34054279586,9393.046598099736,54426.92376623315,1.3469139397098675,1.025717828604698,0.8729719909981193,4.759997508592426,2.700713516001997,,,,,,deltaRIC1,BLS-B
43,16133.262219878923,13116.228122093604,9393.971987640449,54412.03508873865,1.3466256292852206,1.0256422425880873,0.8726159382378339,4.758456074541781,2.802795473002334,,,,,,deltaRIC1,BLS-B
44,16132.019939954169,13120.105363600724,9386.42118121142,54389.05404522697,1.34637449094574,1.02552955345926,0.8723608226250481,4.757222079173128,3.4537996260005457,,,,,,deltaRIC1,BLS-B
45,16132.519796368926,13122.695841088604,9383.658606455758,54382.334180143014,1.3462874910294913,1.0255901662674545,0.8721552725048318,4.756899891166885,3.6076783150019764,,,,,,deltaRIC1,BLS-B
46,16133.609798884369,13118.077816982128,9391.985920467465,54424.06214065745,1.3469049515261413,1.0257866266083255,0.8728772795285424,4.759971583299636,30.046943236000516,,,,,,deltaRIC1,BLS-B
47,16134.37193815789,13114.807500533836,9397.860504538163,54432.963918716516,1.3467128309378766,1.025351199679529,0.8730924156860261,4.760179831174115,3.9172983409989683,,,,,,deltaRIC1,BLS-B
48,16133.7753160237,13114.509131955798,9397.252586569317,54433.81889523185,1.3470531963042809,1.0257302254791831,0.8731722729290042,4.760547770740516,3.6449728079969645,,,,,,deltaRIC1,BLS-B
49,16133.054924343076,13118.262649688397,9390.774528528558,54413.611922412005,1.3467183686967614,1.025673168427166,0.8727227028981452,4.759083257478279,28.342741812000895,,,,,,deltaRIC1,BLS-B
50,16132.623004903926,13119.098470365534,9388.864699377027,54410.433055560345,1.3468467827749406,1.025857932277584,0.8727037063370177,4.759068190874389,2.6808088069992664,,,,,,deltaRIC1,BLS-B
1,28.474900061757207,25.979738824945336,11.656461903797757,107.01850000127111,0.034375961487726696,0.003753933411699943,0.034170377699788326,1.1053368253145734,7.874529737000557,-0.008478879140467188,-0.001304528570313379,0.0016083302633260743,0.008728110477379626,-35.82563428607682,deltaRIC1,BLS-G
2,35.776803364708385,34.29125326459363,10.202431501387617,86.98871600788563,0.029842915680379358,0.003965514563976636,0.02957827429971399,0.9482690496125703,5.752299341998878,-0.00776755006948715,-0.00025394470250850176,0.0007396141777802345,0.007806814403192604,-12.067940422319225,deltaRIC1,BLS-G
3,29.75242415725216,26.699034098893666,13.128911661640322,57.41667669575829,0.026669339845347615,0.003234472273768655,0.026472473947420704,0.7808848299405231,5.740718597000523,-0.00034438020138194414,0.0016771209335930681,-0.0014108060944614254,0.002218491871783499,12.60201732020505,deltaRIC1,BLS-G
4,17.621230168098972,16.419044108251484,6.397088650973477,80.00952881252329,0.03247608922359381,0.003171941448320673,0.03232081618256649,1.0477289821442142,4.307922442996642,-0.004689941127944741,0.0002016209470294683,0.0007796574936467238,0.00475857800159545,-26.862054611439817,deltaRIC1,BLS-G
5,26.873248446641743,19.306427121098196,18.693136545070676,107.27918402960218,0.027686965035790406,0.003516453902310244,0.027462749040218237,0.8435533136324571,4.41421295300097,-0.006296905952171805,-0.0001280543678028323,-0.00010610920439813043,0.006299101654590764,3.1987060322790057,deltaRIC1,BLS-G
6,20.608730288569195,18.830209445559714,8.375140377530581,71.54759538087232,0.02648859902738899,0.0029883082393081166,0.02631949642946605,0.7675453551990382,4.364162581998244,-0.0015894286324350526,0.001381800187325144,0.0028252327296367508,0.003523860824707311,14.310733179001545,deltaRIC1,BLS-G
7,26.765474671259742,24.79251761940974,10.085717845999083,71.07057321026241,0.029401880144964487,0.003216547718573382,0.02922540635873173,0.9336978733805221,5.73386072699941,-0.0016995089031530686,0.0017743831642615948,0.00020106635010197493,0.0024651965038622915,-9.900108667490713,deltaRIC1,BLS-G
8,30.70878720028895,26.321161004498855,15.818536426859449,61.43668268645068,0.03158046700361302,0.003430899823062926,0.03139354746712129,1.0180964830838828,5.703627528000652,0.002629036857652034,0.0015412986969312037,0.0019268087564989766,0.0036055552216234105,-22.197917031786346,deltaRIC1,BLS-G
9,19.17237922071323,17.516894425322544,7.793493098408469,71.0808969803098,0.0340329093454913,0.003014221824231395,0.033899164964829975,1.0976800091262393,5.914953709998372,-0.001891669782097205,-3.6786135633626316e-05,0.0004293640957675482,0.0019401343538551208,-34.354048424909706,deltaRIC1,BLS-G
10,25.425292922165706,23.954176697317287,8.52308271294084,48.4282220441196,0.026610674812609925,0.0031748461438354794,0.02642060495040652,0.778268023163384,4.350759454999206,0.0006408862362776713,0.0024471491669213474,7.78511694234929e-05,0.002530876333919658,12.86673489070381,deltaRIC1,BLS-G
11,15.881873289346071,14.413263129210474,6.670213275974475,87.39980727943562,0.028900030930711577,0.0028785654225424013,0.028756314939578562,0.9121943057659989,5.780936927996663,-0.003375977491296034,0.0006549682718939298,-0.00019401038073274535,0.003444393631215406,-6.906731744224089,deltaRIC1,BLS-G
12,19.177465296099722,17.38741207050268,8.090307575960683,74.23345683123065,0.027231094337540066,0.0028666980384561176,0.027079781040036475,0.8235104716462768,4.332206146998942,-0.003644676045046702,0.001235640644394298,-0.00024594530995580843,0.0038562884190508477,6.20363530285249,deltaRIC1,BLS-G
13,19.89619808179045,18.68557158694777,6.834333367556202,74.72955112636645,0.02674060340338982,0.003112291200246733,0.026558868836271066,0.7891630770539727,5.772365508997609,-0.0013410747580911986,0.0017784662288260478,0.002167341236363196,0.003107859660394024,11.112041876003786,deltaRIC1,BLS-G
14,23.595483522564535,22.33473724238798,7.609622525270339,64.53693389729534,0.026142784163292705,0.0029598203438734243,0.0259746920547771,0.7288105691994455,5.782349394998164,-0.00011753979094475397,0.002955186396023768,-0.0005118585452861257,0.003001489864730799,19.908092215853685,deltaRIC1,BLS-G
15,29.88620273198094,27.95201564269671,10.576858477237156,53.95266296738961,0.027069542402983787,0.0036462480635254873,0.02682284475901417,0.8109637524858934,5.871807428000466,0.002681878250778702,0.0028602219465030387,-0.001712944569749908,0.004278728740443025,8.043770619435236,deltaRIC1,BLS-G
16,27.886480848896582,21.038114333764014,18.304468290976082,100.70524399705698,0.027563384465522582,0.0032931498773924196,0.02736595196734881,0.8427198993505657,4.364452849000372,0.0023671589936697934,0.0019419548449342017,0.0013833777455189988,0.00335981611221097,3.356167076024576,deltaRIC1,BLS-G
17,27.44722018629614,26.365293137704118,7.630282676149984,88.063051868265,0.03282381363076288,0.003552108561337378,0.03263104757796674,1.0585709652960098,5.911612914002035,-0.003075899400067472,-0.00041961159763104217,0.0007320550257763347,0.003189535322420227,-28.653242682048585,deltaRIC1,BLS-G
18,26.698145525804737,24.64923634782965,10.257003557856507,62.81569953363521,0.031456980412816075,0.0036680206478271814,0.031242394934118088,1.01326771418438,5.778892753998662,0.0007739558496977494,0.0019109251509314973,0.001568694986540109,0.0025906459716719308,-21.64910541158315,deltaRIC1,BLS-G
19,17.762898786992253,15.108107383058558,9.341609316327803,70.3905546088836,0.029665365148065805,0.002728838103740247,0.029539589231599897,0.9464674679433209,5.835030916998221,-0.0011643968380394831,0.0009440087408769671,0.000936906838744811,0.00176770102782548,-11.78369874539203,deltaRIC1,BLS-G
20,27.728075616732212,25.749738947680644,10.28577277279243,47.367203878861915,0.02634469761813519,0.0032056029733562286,0.02614894265870396,0.7543938374282074,5.806453871999111,0.0022254496161993043,0.002988951879079993,0.0008914947641207593,0.0038316083103772727,16.318326123509905,deltaRIC1,BLS-G
21,21.74696686433642,21.002040527521768,5.643125151800155,77.13057567396294,0.026816896925273306,0.003132162918969021,0.026633353452950086,0.7941466759218063,5.8066648290005105,-0.0025831376687166507,0.0014099771573408137,0.0013830250915014553,0.003251675599362332,10.383714748262719,deltaRIC1,BLS-G
22,21.132502074356236,19.49987107220635,8.144794171125543,57.09173782262992,0.02718861581040793,0.0029086153518374184,0.027032587490305474,0.8213709591371061,4.370485342999018,-0.0012034443782852344,0.0011758323432558004,0.0013886092196806477,0.00218153515581456,6.624093696613272,deltaRIC1,BLS-G
23,23.45572477360468,21.903112062773758,8.391942958616122,81.1457676895606,0.03125147538313556,0.003340312513944739,0.03107244801961879,1.0046470048073357,5.854229787000804,-0.004517700440744177,0.0006262859310928182,-0.0021188881049855057,0.005029069311635503,-20.41851781134028,deltaRIC1,BLS-G
24,20.473118079920535,19.09689100072614,7.379520175509653,76.8108880119558,0.028417264724996564,0.0029452764962959927,0.02826422262880938,0.8891280299176275,4.307294000002003,-0.0029217152774446697,0.00127620056924993,-0.0019627054792299425,0.003743971267732522,-3.369799341824546,deltaRIC1,BLS-G
25,22.161054879351415,20.565713370217107,8.25613632031948,59.718555737907764,0.031667617865338435,0.0029779786069915244,0.03152728444825851,1.0211493777363163,7.1601017430002685,-0.002103562101801626,0.0005361906405045858,0.0015455257207168671,0.0026647933639399103,-22.73651728866389,deltaRIC1,BLS-G
26,32.140380362976785,23.940435708979614,21.444336966692106,103.77398792438521,0.03102849992846332,0.0035895339749750115,0.030820172836198506,0.9962411794402298,5.753397300999495,9.284385758379088e-05,0.002059855445499581,-0.0008896723323912337,0.002245693945591824,-19.19635327449214,deltaRIC1,BLS-G
27,18.62755413392723,15.494983439148378,10.338823010038755,56.930937584920514,0.02936691185895443,0.0027764392911960594,0.029235370649162304,0.9341032410668166,5.744193981001445,0.0004343526577275103,0.0013100034424555762,0.00038827265059215854,0.0014337108849828378,-9.969123005197616,deltaRIC1,BLS-G
28,29.115952909758423,25.842009499707533,13.41377123930088,77.27138199739557,0.02879126391598152,0.00339431460755584,0.028590479293370247,0.907357797052333,5.848266002998571,0.003375496896165897,0.0017634470278728998,-0.00031435695612724857,0.0038213276504383865,-5.953737969335634,deltaRIC1,BLS-G
29,22.771918555711213,21.515310856261937,7.460004924017267,79.75118777649486,0.03420843204107073,0.003423908010107017,0.03403665196001039,1.1024679073123769,5.7410076259984635,-0.003513015366228611,-3.862110214325476e-05,0.0033218862431616536,0.00483504878624774,-35.16522873054055,deltaRIC1,BLS-G
30,38.77832311973353,32.432673722639386,21.257469726646132,123.76489891601288,0.026736454234607715,0.004066326372970815,0.026425422889099714,0.781308878347728,6.1231374369999685,0.004211128843284895,0.002598655425984253,0.0024623484507135807,0.0055271851832985434,12.211272486412781,deltaRIC1,BLS-G
31,34.65010496254553,31.95182429043425,13.405621896377573,72.1038019323812,0.026464418756382162,0.003964463788187592,0.02616578848392116,0.7621832828753138,5.836870587998419,0.005892713761431967,0.0035100504392076015,0.0021531757106751925,0.007188928654604438,15.277787986691692,deltaRIC1,BLS-G
32,25.14461817454881,19.940533004038006,15.317537878481694,84.51363488730522,0.026950910786272837,0.003194050298730965,0.026760972233811204,0.8027732344885888,4.340213635998225,-7.337264880535876e-05,0.0010860448996965477,0.0011948701413844187,0.00161635136171614,9.156842274751398,deltaRIC1,BLS-G
33,23.92100164279185,22.521812426613852,8.061159011883602,93.62407565155746,0.0291708801229677,0.002908317978289468,0.029025539334966897,0.924211288498102,5.821800106998126,-0.005368468429369777,0.00022115902507668928,0.001985560128841657,0.005728159705940344,-8.57380015632225,deltaRIC1,BLS-G
34,19.83217130763314,18.529138775797698,7.070080268464942,75.96400430515811,0.02675512640440317,0.002694373084227456,0.026619112355572305,0.7914043623906577,5.904754901999695,-0.001503466070915782,0.0021933098201509793,0.00024113618676357973,0.0026700495976915,10.727934526927129,deltaRIC1,BLS-G
35,30.236158412225027,26.22859554008731,15.042807301952596,86.55558393085936,0.02823393262732139,0.0036971306506916263,0.02799082307749881,0.8783304559331099,5.72386625800209,0.00017881012965426102,0.0025003730921882017,0.00016204088329407895,0.002511990428020077,-1.913101913210994,deltaRIC1,BLS-G
36,18.584678068362262,16.816745221547542,7.911216029045284,80.05962090667005,0.028330993642641356,0.003104161398342842,0.02816042227652886,0.884650306488874,5.752388084001723,-0.0033251949844941286,0.0004250472005677963,0.001030815358447068,0.003507159407672509,-2.748763632553164,deltaRIC1,BLS-G
37,22.306313986622147,20.446065541021817,8.917962074488488,83.10799978198354,0.030740894501918834,0.003206780475849655,0.03057317703081924,0.9873107544339806,5.808530526002869,-0.00278314788535583,0.0006672885255811778,0.0004977225823492581,0.0029049808772371195,-17.951808483325294,deltaRIC1,BLS-G
38,40.39901578232092,35.6584008919739,18.988389136719572,103.94056677231384,0.028587352458035755,0.003721191824200231,0.028344125528360693,0.8959375636495511,5.808715596998809,0.00401533984466651,0.002035520962688553,0.0007214352118529721,0.004559250861996118,-4.497270310224849,deltaRIC1,BLS-G
39,24.664867130067343,20.751769823779053,13.33115597856276,79.16823249874331,0.026101250911347445,0.0029671369538158466,0.02593205347508015,0.7212442857424513,5.832964043001994,0.0007908464714534436,0.00238509691533606,0.0004864523756993311,0.002559445516274858,21.06058932432643,deltaRIC1,BLS-G
40,17.504623638505635,16.400006839473132,6.119773230354594,68.77661373840245,0.028875259453736427,0.002722973362888798,0.028746582833192418,0.912731137771488,4.323056650999206,-0.0016434234704448825,0.0013239208238013944,0.002164377605320844,0.0030229352406756014,-6.917821190821996,deltaRIC1,BLS-G
41,29.327514856555513,25.67212946668773,14.179030161019764,73.12745772538757,0.028179190272595207,0.0035454124683107157,0.027955264528325814,0.8775593622271008,5.738314102000004,0.002951238759179464,0.0025017759678924723,0.0028061784611110863,0.004779469715649556,-1.713022667216137,deltaRIC1,BLS-G
42,24.124249954525002,23.132484932649575,6.8459898268358375,62.47048112577705,0.028888845529421142,0.002775448425991266,0.028755213128360192,0.9130772652144672,6.240565110001626,-0.0013546502974559615,0.0013825810603065314,0.0018727283591506438,0.002693272976117148,-6.980045100419375,deltaRIC1,BLS-G
43,27.392563685005804,23.78387705242277,13.58969232883277,75.06603761415153,0.03162129307673867,0.003447771693938577,0.031432770259579045,1.018370611772603,5.78489605499999,-9.822058073682971e-05,0.0005187605113021743,0.0006811683235383725,0.0008618294701150862,-22.354908336252265,deltaRIC1,BLS-G
44,21.671070279736075,19.09126396778775,10.254702686158648,76.76585217044233,0.02980821159644354,0.0026814583748641097,0.02968735858176376,0.9514537868776585,5.775079301001824,-0.0027920013865241344,0.00035258886983347004,0.00016971304674417986,0.0028192894799431868,-12.497101392298646,deltaRIC1,BLS-G
45,29.357588385682664,26.828698273006406,11.920106744452937,91.4733520627806,0.027592339052517886,0.0032465630657123584,0.02740067522250968,0.8445509121118037,5.816055035000318,-0.0038611703160557065,0.00024918836903409236,0.0025665950981490493,0.00464307456871999,3.0584892218612367,deltaRIC1,BLS-G
46,16.498840471309926,14.750203542656857,7.392106083378907,69.48679526804321,0.028506676668445946,0.002641091346614868,0.028384066854102434,0.8955952614527759,5.821560884000064,-0.0003630083194704481,0.0015352622607498478,0.00020266274210434254,0.001590558844030847,-4.428974768248736,deltaRIC1,BLS-G
47,23.091384008083562,20.255905024662184,11.086493000071865,56.063910882289136,0.03051064066598553,0.002938435793366308,0.030368812767988706,0.9794909057824124,5.772098334000475,0.0006391802888539022,0.0005382714685948642,3.293796140635408e-05,0.0008362849543452496,-16.487112793591223,deltaRIC1,BLS-G
48,17.39524796036957,15.019001370288656,8.776346018817232,75.7404946696327,0.028889153747891538,0.0030446385191067195,0.02872826797002018,0.9113665936569691,5.737092203999055,-0.003410475877114405,0.0008096341835619469,-5.3207349863027e-05,0.0035056645934331393,-6.713216213902342,deltaRIC1,BLS-G
49,18.000373573987165,12.58556837553758,12.8692236544309,67.85338162640723,0.029182291607978656,0.0027250267673561363,0.029054782267473524,0.9255730294632365,5.734611021998717,-0.00025745426148438,0.0007440336194404207,0.0005258738382385442,0.0009467903766715305,-8.714564774825703,deltaRIC1,BLS-G
50,20.97327382229882,18.77762807202084,9.342317636110423,81.17837037697224,0.0312430766365859,0.003126342700381693,0.03108626415379227,1.0062753948048755,5.7628739589999896,-0.0018627044977430618,0.0012174576296271056,0.0017702951863107774,0.0028435569578477925,-20.730920315007097,deltaRIC1,BLS-G
1,8079.698198987833,6570.91002881311,4701.559781601264,27243.91687078407,0.6745086821326195,0.5138220470345743,0.4369769630695454,2.3834972849025293,2.6803917870020086,,,,,,deltaRIC0.5,BLS-B
2,8082.175200969565,6568.631396528228,4708.9953870980835,27252.145938540427,0.6741653349516461,0.5134540321940866,0.436879681003934,2.3832536722723345,2.809459832998982,,,,,,deltaRIC0.5,BLS-B
3,8081.837334906225,6564.341535602531,4714.394437448735,27279.888513164242,0.6745812013940127,0.5131630022038651,0.4378624560787387,2.385877313451313,3.430865125999844,,,,,,deltaRIC0.5,BLS-B
4,8081.2018189141745,6568.27820385129,4707.81735784576,27265.17766024929,0.6747110510323359,0.5136481034679818,0.4374935750258565,2.385245799850257,3.3200927049983875,,,,,,deltaRIC0.5,BLS-B
5,8080.772770197614,6569.231971653661,4705.749660380433,27263.70426697448,0.6747276363982379,0.513727858790674,0.437425502710921,2.3851851588048785,3.8469477629987523,,,,,,deltaRIC0.5,BLS-B
6,8079.99468083931,6571.6494696580185,4701.03576782128,27244.830151416496,0.6744751797575378,0.5137086917527687,0.4370585179659832,2.383773273656169,3.1461594270003843,,,,,,deltaRIC0.5,BLS-B
7,8079.815077369258,6571.482024607076,4700.961144781954,27228.351689933133,0.6741344872823388,0.5135432755290459,0.4367271586497917,2.3821487655773894,3.747180425998522,,,,,,deltaRIC0.5,BLS-B
8,8082.16959036315,6563.981811923578,4715.464776681862,27294.482160715444,0.6749406847686834,0.5135122519853704,0.43800695772662396,2.387109498830959,3.2118058080013725,,,,,,deltaRIC0.5,BLS-B
9,8081.326629995083,6569.91775778421,4705.743379809336,27254.766954821185,0.6744127764797058,0.513507322170043,0.43719883709453894,2.3842349362216995,3.7536558430001605,,,,,,deltaRIC0.5,BLS-B
10,8080.8321532041855,6568.106982318362,4707.421688895035,27253.20003547303,0.6743652020372356,0.5133593899361268,0.43729916817109227,2.384050906645669,4.697431558000972,,,,,,deltaRIC0.5,BLS-B
11,8079.7084239133965,6571.834405523906,4700.285178776852,27245.984165422728,0.6746918438100903,0.5140612480057397,0.436978394663444,2.383875248664563,3.2097550379985478,,,,,,deltaRIC0.5,BLS-B
12,8081.409003253551,6567.53508956351,4709.209522331703,27257.139217010204,0.6744649695112428,0.5135082453468051,0.43727826044596274,2.3841854304967285,3.6353976060017885,,,,,,deltaRIC0.5,BLS-B
13,8080.296616923544,6568.367200922582,4706.139153415516,27260.225713752978,0.6748589706321807,0.5138680779900577,0.43746340265847417,2.385010979220915,4.669075026002247,,,,,,deltaRIC0.5,BLS-B
14,8080.211849324861,6572.3657213333245,4700.407679660625,27241.874472093295,0.6744874226415537,0.5139436525152733,0.43680110501337555,2.383353983713079,4.376713961999485,,,,,,deltaRIC0.5,BLS-B
15,8081.5950812001065,6565.838541793623,4711.893812425653,27270.99177843723,0.674815099277523,0.5136803734077254,0.4376161470839864,2.3854536169693206,3.548576746998151,,,,,,deltaRIC0.5,BLS-B
16,8079.80108730604,6570.441616967677,4702.391154343823,27242.622908495763,0.6745569025473921,0.5138822758016542,0.4369805732423861,2.3833995178534755,3.757263088002219,,,,,,deltaRIC0.5,BLS-B
17,8080.339524389049,6574.780704764375,4697.248717458116,27247.590803398514,0.6745845665365392,0.5141389685582671,0.4367212594082541,2.3839205432424104,7.180056338998838,,,,,,deltaRIC0.5,BLS-B
18,8081.7800467871675,6567.120595361202,4710.424164619353,27274.62766488988,0.6748456736641208,0.5138073496200095,0.43751421775714033,2.385689218940803,5.567921894999017,,,,,,deltaRIC0.5,BLS-B
19,8080.311914134266,6572.958977943001,4699.75008952377,27231.95467399251,0.6742558130397606,0.5137437064657452,0.4366787211265815,2.382556892921145,28.856179116999556,,,,,,deltaRIC0.5,BLS-B
20,8082.172166325756,6564.003376764565,4715.439173179328,27289.786075246113,0.6749817330904113,0.5135663242476737,0.4380068157054962,2.3869246622575084,2.711081141998875,,,,,,deltaRIC0.5,BLS-B
21,8081.095236947207,6569.172912748138,4706.38581833523,27251.159989960048,0.6745364640165891,0.5138461672431645,0.43699148469679944,2.383698119384963,4.578190268999606,,,,,,deltaRIC0.5,BLS-B
22,8081.799746161871,6565.699746231156,4712.43822022127,27273.94794347566,0.6746320437832469,0.5133103918773955,0.4377680162938306,2.385688772654484,30.264049547997274,,,,,,deltaRIC0.5,BLS-B
23,8081.569896310591,6568.834975431959,4707.672360572195,27261.86125613836,0.6746039917127662,0.513639544008916,0.4373385010093564,2.384824985228548,3.8190872779996425,,,,,,deltaRIC0.5,BLS-B
24,8081.113720556136,6567.2808148743725,4709.057407076668,27269.131534964326,0.6747004851911867,0.5135393834791939,0.43760489751947734,2.3854061573031022,4.296043661001022,,,,,,deltaRIC0.5,BLS-B
25,8080.261613277208,6571.845263256764,4701.2208600331505,27229.811811169056,0.6740221729590701,0.5134150571569182,0.43670455542050973,2.3821655143482627,4.007077717000357,,,,,,deltaRIC0.5,BLS-B
26,8079.3276861701,6573.207783943188,4697.709579105903,27233.298805095368,0.6744578415395004,0.5138796976939854,0.4368306723572188,2.3830169876527565,2.710597303001123,,,,,,deltaRIC0.5,BLS-B
27,8080.248830500696,6571.032876202992,4702.334324850511,27253.225514515183,0.6746032865294369,0.513773046926648,0.43718056961400514,2.384426126602994,3.3997332340004505,,,,,,deltaRIC0.5,BLS-B
28,8081.6305812547525,6570.351585523857,4705.659666239811,27256.84266317266,0.6744263696475722,0.5135950210385672,0.43711678352632183,2.384335446861117,2.6710455900029046,,,,,,deltaRIC0.5,BLS-B
29,8080.492283335856,6568.47412951669,4706.325865356144,27251.64230897376,0.6745947328726021,0.5137019857726256,0.43725087013374664,2.3840617742153127,4.699508591998892,,,,,,deltaRIC0.5,BLS-B
30,8079.443880646852,6574.729422593171,4695.77964135984,27225.182225067765,0.674247352587758,0.5140126255803205,0.43634907266502315,2.3818970997901454,4.450757906000945,,,,,,deltaRIC0.5,BLS-B
31,8081.891798335535,6565.773319894632,4712.493581084543,27275.695824449384,0.6745498433655664,0.5132493926508591,0.4377128649332053,2.38562267035963,3.9508408450019488,,,,,,deltaRIC0.5,BLS-B
32,8079.749320403606,6571.413038843838,4700.944559710925,27247.23593569549,0.6746788544384267,0.5139233875452094,0.4371204735086246,2.384080553381718,2.6564275179989636,,,,,,deltaRIC0.5,BLS-B
33,8079.137285271352,6572.814764543247,4697.932028591308,27228.70356843375,0.6742842322882922,0.5136844832227835,0.4367922590989376,2.3824998812395757,2.9234950130012294,,,,,,deltaRIC0.5,BLS-B
34,8079.696685684261,6572.258558788436,4699.671900153177,27234.899604751772,0.6744315524715268,0.5139042315150412,0.43676121599804246,2.3828301153718696,3.809205411998846,,,,,,deltaRIC0.5,BLS-B
35,8080.475912368694,6572.976827661253,4700.007084398797,27230.618126431636,0.6741581732358316,0.5137601849512488,0.4365085507748185,2.382210869340368,2.7169616950013733,,,,,,deltaRIC0.5,BLS-B
36,8080.915098225617,6568.5599424180855,4706.932027084229,27254.697028040882,0.6746228809516122,0.5137745963495244,0.4372089839531392,2.384197933228437,4.601402251999389,,,,,,deltaRIC0.5,BLS-B
37,8079.802561505638,6574.7020692774995,4696.435045132768,27230.148023303784,0.6744358277441206,0.5140512497621911,0.43659477592250984,2.38274234863084,4.816844463999587,,,,,,deltaRIC0.5,BLS-B
38,8078.8850827055085,6573.375306446325,4696.713878890565,27254.27795056832,0.6749527021015315,0.5141846848176759,0.4372359317040469,2.385075870395407,3.5824452330016356,,,,,,deltaRIC0.5,BLS-B
39,8079.435613593569,6573.188357168066,4697.922376476036,27237.2488659223,0.6744878943438447,0.5139858734086682,0.43675215117125865,2.3831043475045774,3.029108675997122,,,,,,deltaRIC0.5,BLS-B
40,8080.055709812972,6569.429695903675,4704.242100940401,27260.611170033593,0.6748026347973399,0.5138614006137922,0.4373843354404269,2.385016272449077,3.705481499000598,,,,,,deltaRIC0.5,BLS-B
41,8080.009968368306,6572.0963787861865,4700.437243159054,27239.784574384947,0.674430315500543,0.5137457164087894,0.43694575102383315,2.3833483539651423,3.50623717200142,,,,,,deltaRIC0.5,BLS-B
42,8080.142936359769,6568.810911937038,4705.255899015651,27263.99453352825,0.6747696830012351,0.5138749982169012,0.4373175177204396,2.3849643051660085,3.012360157998046,,,,,,deltaRIC0.5,BLS-B
43,8080.591702995223,6568.718702021003,4706.155212509967,27249.07086835288,0.6744808716614467,0.5137999379575469,0.4369600324881051,2.383419756453645,2.6899926660007623,,,,,,deltaRIC0.5,BLS-B
44,8079.354810868827,6572.5970046818,4698.610728072407,27226.118372332083,0.6742284974019208,0.5136854752010588,0.4367050483751183,2.382188333743047,3.7195947899999737,,,,,,deltaRIC0.5,BLS-B
45,8079.864117356011,6575.175064973155,4695.878727127914,27219.488722850798,0.6741440745759409,0.5137468134648886,0.4365025142430737,2.381871356691279,4.031885756998236,,,,,,deltaRIC0.5,BLS-B
46,8080.936261310036,6570.629582955711,4704.078841063644,27261.115906133495,0.6747557035884193,0.5139410832493692,0.43721827783564565,2.3849422836176597,3.573415410999587,,,,,,deltaRIC0.5,BLS-B
47,8081.691643409249,6567.2759065998525,4710.055942952692,27270.011853603497,0.6745675016956475,0.5135077492714676,0.43743697349682137,2.3851436923164195,4.191717878999043,,,,,,deltaRIC0.5,BLS-B
48,8081.102381570947,6566.962857789464,4709.481343613674,27270.95453306426,0.674910401702553,0.5138882362328534,0.43751906357070725,2.385519042589612,4.900544215000991,,,,,,deltaRIC0.5,BLS-B
49,8080.375479528091,6570.751259229232,4702.945436585064,27250.646251184993,0.6745721268406706,0.5138291211758573,0.4370665722083902,2.38404785267521,3.440459434998047,,,,,,deltaRIC0.5,BLS-B
50,8079.95038323004,6571.588290469891,4701.045153582158,27247.51014872573,0.6747013445878531,0.5140143492555304,0.43704822748533223,2.384035650721178,2.832766248000553,,,,,,deltaRIC0.5,BLS-B
1,28.32608976654786,25.898384400575527,11.473493230161145,79.15044325663571,0.021355698845982554,0.0031031541075829906,0.021129039443024647,0.6557181222312746,6.63996798199878,-0.00844972895775642,-0.0012944589133259132,0.0015970497160773256,0.008696212459080041,-71.05381668378686,deltaRIC0.5,BLS-G
2,35.69290133650671,34.179702547382185,10.282564835199338,70.59359714103547,0.015982735412122053,0.0032470911842094785,0.015649416286089693,0.5070332073250619,5.829952205000154,-0.007685830510607061,-0.00022539135975491176,0.0007332564425527321,0.00772401818442808,-21.903912665620737,deltaRIC0.5,BLS-G
3,29.483592543245194,26.44366754993993,13.03896758813201,55.568016311986476,0.013163808496699621,0.002501598934300593,0.01292392575457192,0.35695268154835225,5.866427755998302,-0.00041495494647803,0.0016062320168783728,-0.0014292647107242429,0.0021897411977157034,22.690342913796485,deltaRIC0.5,BLS-G
4,17.23465405445644,16.12373589510673,6.0875644687870505,48.9167861005266,0.019009432670549456,0.0024680353644838623,0.018848536598256374,0.6021024852782135,6.052456887999142,-0.004619291766943978,0.0002300611622776394,0.0007744397921148893,0.0046894073781402175,-51.68811852137151,deltaRIC0.5,BLS-G
5,26.82725884681766,19.281824967538398,18.652427272485728,107.4545365831793,0.013928305461052618,0.0028056065659909962,0.013642810004293706,0.4113192199818734,4.365485996000643,-0.006288698449151309,-0.00015270350867813143,-0.00011946454847583388,0.0062916864451642235,6.185900158838194,deltaRIC0.5,BLS-G
6,19.807159825929972,18.125418080340438,7.987039487995674,49.5791594263501,0.013089615546650635,0.002232419480301446,0.012897842394101761,0.352788757188452,6.923125665001862,-0.0017443968830816448,0.001255560426500546,0.0027998418800103675,0.003529655368921898,23.409872567339335,deltaRIC0.5,BLS-G
7,26.64022999203487,24.701810018393452,9.976093215468236,70.49420268079714,0.015542778448235426,0.002495572987583188,0.015341123731805857,0.4960941022736903,5.807744771998841,-0.0016477082505879093,0.001782097381240022,0.00019080596735021604,0.0024345883579066224,-18.53579406114295,deltaRIC0.5,BLS-G
8,30.548930490265064,26.442110625871628,15.29875615036115,60.27938316276,0.017829619327462708,0.0027268557010670324,0.017619863318079118,0.5702633471295887,5.810655951001536,0.0027493296506381215,0.0015972653713286489,0.00192205442954263,0.0037154223749727338,-40.74893375861575,deltaRIC0.5,BLS-G
9,19.076285699157488,17.47226677191463,7.656668330738148,40.50243037906081,0.02103589815252679,0.0023622621167386434,0.02090284020833776,0.6516030104997267,5.809463694000442,-0.0018930461683439592,-4.988561465607555e-05,0.000422481731160107,0.0019402585351430363,-68.66688015645923,deltaRIC0.5,BLS-G
10,25.803028684246467,24.163523244551172,9.05099075737465,50.385187250626885,0.013060493610498419,0.002488213195909514,0.01282128263636567,0.3316626857388536,5.862556519001373,0.00078165125616525,0.002516465676249524,7.389766422749577e-05,0.0026361030045855506,30.027540966962988,deltaRIC0.5,BLS-G
11,15.81576768509885,14.426360463226995,6.4821779714890635,53.33922233954502,0.014957732932753846,0.002167534958006119,0.014799850225370876,0.47481078137048494,5.818987409998954,-0.0033226892087571125,0.0006618252282084569,-0.0002040243364711536,0.0033940981336073118,-12.574427236468182,deltaRIC0.5,BLS-G
12,19.179216541435697,17.39295177005028,8.08254761000425,42.880544522591855,0.013374664474011972,0.0021598873327057884,0.01319911120122923,0.3877702971169891,5.766372027999751,-0.003606795376145555,0.0012316722449793316,-0.00025781960547299754,0.0038200078996519934,13.243530285108136,deltaRIC0.5,BLS-G
13,19.03996255229577,17.8736792026529,6.561384438781071,41.185596854152635,0.013295727175623034,0.0023628588117094286,0.013084084200452392,0.3803149653029929,5.860126835999836,-0.0015521725660951335,0.0016144690562416297,0.002135790538269844,0.003094729589457386,15.197555854625534,deltaRIC0.5,BLS-G
14,23.26400148576398,22.02156463130557,7.500963692677121,44.22410206729413,0.013099245814746023,0.0022527800362054135,0.012904077767264712,0.35659666040236887,5.792312382000091,-0.00017458498406330847,0.0028903788580559864,-0.0005303865119598572,0.0029438205977651488,37.59289471265947,deltaRIC0.5,BLS-G
15,29.869856337082176,27.92952008616543,10.590100346758293,51.619780096087325,0.013352015360900233,0.0029350267314090777,0.013025434053559595,0.3771527850558552,5.768616397999722,0.002706491220374252,0.002848692120839491,-0.0017276174036392478,0.0042924123076252966,16.35397952794301,deltaRIC0.5,BLS-G
16,27.78507077615174,20.958802978379676,18.241127589851047,100.50531273407967,0.013744054273800193,0.0025726787813823366,0.013501124092792808,0.4092667846551759,4.362340424002468,0.0023718337380451704,0.0019258020453164493,0.001371026296746014,0.0033487343736169095,6.830484380341659,deltaRIC0.5,BLS-G
17,27.1600929674437,26.152548619342674,7.329041595809255,56.26394996180773,0.0192134512452485,0.0028446002580974792,0.019001709347455376,0.6065521976586541,5.788485981000122,-0.0029486984983829734,-0.0003549931046444299,0.0007317307462759715,0.003058802514670845,-53.489896613573364,deltaRIC0.5,BLS-G
18,26.980032781094536,24.86105589658993,10.48093834423077,64.43219543620299,0.018730292118270972,0.003052535333561614,0.01847987745828207,0.5942349042283392,5.802096841001912,0.0006013484378372125,0.0017784206121784774,0.0015424076333707681,0.002429695685675665,-48.85726667882409,deltaRIC0.5,BLS-G
19,17.649701909395013,15.069329254511437,9.188432581764301,48.98499926681158,0.015964811307246713,0.002021528084610093,0.015836307154103987,0.5138074995037448,5.764960142998461,-0.0011703517671578512,0.0009201320992734408,0.0009242503977613392,0.0017523142231816895,-23.836479293713637,deltaRIC0.5,BLS-G
20,27.74077326525992,25.736773376574668,10.352246013179794,47.584797912824854,0.013050403984629507,0.002512365840112301,0.012806289940785759,0.3405171970734893,5.809734460999607,0.0022522160106305256,0.0029848364921412074,0.0008783265705604171,0.0038409872959840326,33.27972755231167,deltaRIC0.5,BLS-G
21,21.404910260283465,20.707441618714057,5.419598219272084,44.70424516839684,0.013224996183569721,0.0024152587533982817,0.01300257856002288,0.3704828747991144,5.739355592002539,-0.0026558296301479323,0.0013347695145101701,0.0013631730063893288,0.0032700583062976016,18.107152889308054,deltaRIC0.5,BLS-G
22,20.499297767057456,18.930524527583056,7.864887160860162,55.66837951811347,0.013624123351107414,0.0021425653250760194,0.013454595903035223,0.4073621176861185,4.319261407999875,-0.001367447602082128,0.0010429209379829718,0.0013612459420900835,0.0021933051639432583,7.713010950916214,deltaRIC0.5,BLS-G
23,23.346058289586832,21.836308240639166,8.259181562393472,50.30870188052498,0.017776224016617603,0.002647542165080765,0.017577959516766783,0.5674228253280894,5.884587143002136,-0.004501811530776723,0.0006179754823020245,-0.002128171345109897,0.005017700073689892,-40.49088196641242,deltaRIC0.5,BLS-G
24,20.37893603438126,19.035606231136512,7.276450323235889,44.75596603395513,0.01449719751324994,0.0022304118366848497,0.01432459419240058,0.45444250427258526,4.363511167000979,-0.00288944723033141,0.0012670450610487993,-0.001975251595544736,0.0037223550810340537,-6.262920838853461,deltaRIC0.5,BLS-G
25,21.90433778423259,20.379775139520845,8.028996140759311,43.08069534443244,0.017986373993534577,0.0022648160651684984,0.017843213209123847,0.5753635991572166,5.790482787000656,-0.0020085856282125447,0.0005782841789190307,0.0015424315508639763,0.002597676636256078,-42.62449654372904,deltaRIC0.5,BLS-G
26,32.10011768751759,23.9517392130769,21.37128316740092,103.7483285439461,0.017676876759599704,0.002903640187410123,0.017436767063768822,0.5632673759686446,5.7455725299987535,7.5126610458498e-05,0.002026475584220533,-0.0009037698634136726,0.002220145776082215,-39.13733375113952,deltaRIC0.5,BLS-G
27,18.604504574282224,15.46728164407932,10.338800172032302,57.12065803971622,0.015326372061934665,0.002048641962363432,0.015188836252027183,0.4907879711565017,5.806069148999086,0.0005364494561792554,0.0013517148634865084,0.0003825016534575454,0.0015037348855776156,-16.976767383566767,deltaRIC0.5,BLS-G
28,28.958670313652497,25.75553407607514,13.238468596894087,76.52738250424397,0.015143193830369127,0.002683725241042828,0.01490348745142288,0.48104373847411636,5.809589022999717,0.003321558538198599,0.0017033781194176756,-0.00033467140907883497,0.003747833119610013,-13.87225553564349,deltaRIC0.5,BLS-G
29,21.795126122210068,20.64820393416291,6.977047869712729,47.052590443183135,0.020331934372261332,0.002657643154913236,0.0201574921103565,0.634938762338242,5.7450836560019525,-0.003261150103653465,0.00010497750884652657,0.0033295715076793186,0.00466177720410066,-62.74655550081661,deltaRIC0.5,BLS-G
30,38.30617012982102,32.04408877390756,20.989022003531367,121.90912660580604,0.013380455994841625,0.0033298802526714934,0.012959494594032657,0.36422666161774747,5.800614225001482,0.004072602055090524,0.0024871000766487628,0.0024377056647153506,0.0053585598063452785,19.809810055536218,deltaRIC0.5,BLS-G
31,35.076575885071456,32.29731876054706,13.683909408527658,74.64218821463493,0.01319290614650494,0.0032919314804023556,0.012775600170591742,0.34663243761549817,5.815496511000674,0.006045406577027457,0.0035983937739484384,0.002150693973045348,0.007356688317419143,35.47930469150015,deltaRIC0.5,BLS-G
32,25.56372359545888,20.336896493383552,15.489177030508268,85.76346794667832,0.013197437628828825,0.0025204744004756244,0.012954519240920294,0.3576518418561029,4.345155736002198,4.813769614397945e-05,0.0011430354150488986,0.0011910747081073092,0.001651516320881804,21.967689651239198,deltaRIC0.5,BLS-G
33,23.926093030697036,22.523662318144172,8.071094318107155,62.44616422852089,0.015712942793088863,0.0022072731825935965,0.015557137150397766,0.5035731622633504,5.696388250002201,-0.005475715203912934,0.00012807453524921186,0.0019626433397494925,0.0058182324601209956,-20.910436815596768,deltaRIC0.5,BLS-G
34,19.738212567062924,18.481848917587723,6.9295234994927615,43.251097025869434,0.01309718959561723,0.001987370399736285,0.01294552950627344,0.35905212875476467,5.774489776002156,-0.0014876415993073655,0.0021730458571738165,0.0002263592029199124,0.0026431882857860505,21.3780626218213,deltaRIC0.5,BLS-G
35,30.205445117974108,26.25382229588,14.936724193453534,85.70203486894984,0.014255120289428576,0.0029723218003142727,0.013941798936344434,0.43790555927731617,5.740985199001443,0.0002559323038561212,0.0025251537135763114,0.00015300885398239483,0.0025426982382387303,-1.6694043695824803,deltaRIC0.5,BLS-G
36,18.90379400378809,17.10903636898169,8.039546147794427,55.26400350241679,0.014136388862829261,0.002403622472661981,0.013930545182800187,0.435650825753465,5.893793203998939,-0.0031639399523942235,0.0005012523272764913,0.0010274180521057108,0.003364128084920245,-0.8409150227016653,deltaRIC0.5,BLS-G
37,22.319574035334522,20.493646019061057,8.841598156679703,52.43214640714971,0.01742946298749439,0.0025343105749716125,0.01724422946791256,0.5586506942600148,5.762883581999631,-0.00283916999657724,0.0006102521730824151,0.00047785123747712266,0.002943065712717715,-37.895719669613754,deltaRIC0.5,BLS-G
38,40.35312783153937,35.6123012512619,18.977326613038183,104.13065383449705,0.014719098691449849,0.00300341195852114,0.014409419936140831,0.45948759281320256,5.764256075999583,0.004050917368792595,0.0020374861942676903,0.000708760891146909,0.004589512340264085,-7.9844302660785615,deltaRIC0.5,BLS-G
39,24.593665786358518,20.705107346893854,13.272035509472682,79.08323431519774,0.013224915589418709,0.0022819956258721148,0.013026545524840822,0.3713330477656301,5.754379694000818,0.0008018634932159818,0.0023680085296030606,0.00047241176478218794,0.0025443314118899696,42.05926761827868,deltaRIC0.5,BLS-G
40,17.41033631197998,16.3750137525099,5.914282298078123,35.514807979674806,0.014734432795609381,0.002003993626559367,0.014597517575020718,0.467466190624197,4.364897679999558,-0.0015199363647786512,0.0013781387266679213,0.0021605685745365033,0.0029795183282190292,-10.270946721451764,deltaRIC0.5,BLS-G
41,29.218142205508855,25.556007174155773,14.162991606854689,72.71056559472147,0.014410326660597285,0.0028255129712179443,0.014130604761106301,0.4480827395072444,5.794395883996913,0.002928109860365402,0.0024619318276636326,0.002790112238322151,0.004734940546708832,-4.442962927714689,deltaRIC0.5,BLS-G
42,24.097349347666697,23.081169648488903,6.9240055777827845,36.794059464978346,0.015495179605084994,0.0020711154365180826,0.015356141176821034,0.49695017354160226,5.7974706450004305,-0.001503076498108158,0.0012611112943843317,0.0018469434708171528,0.002694594745111576,-18.968103169318056,deltaRIC0.5,BLS-G
43,27.38108698285772,23.83953836658515,13.468494156027065,74.33339027174601,0.01851813692087317,0.0027845172689671236,0.01830759019092983,0.5881696184513829,5.739591603000008,-0.00014969098397377145,0.000459787321313021,0.0006614929139902026,0.0008193806482841102,-46.8096605181272,deltaRIC0.5,BLS-G
44,21.607517116168605,18.889705022873777,10.491131496379996,62.71318907048475,0.015724021232592804,0.0019510972970103342,0.015602501820561606,0.5044860133148297,5.750344333999237,-0.002659112900095406,0.0004160250568462365,0.00016708909507123781,0.0026966418058521307,-21.031708868140413,deltaRIC0.5,BLS-G
45,29.367400564955837,26.86444397512292,11.863636282778158,62.98652284194816,0.013707592413392453,0.0025384450792340784,0.013470500597654363,0.4094680516759696,5.759870965997834,-0.00383454589015636,0.00024215473129340914,0.002554825388788151,0.00461405611851431,6.725220339263615,deltaRIC0.5,BLS-G
46,16.41877114209283,14.704592169853452,7.304177909573727,40.08698191948994,0.01456714284982788,0.0019260487415055573,0.01443925160985279,0.46034707754413007,5.781580715000018,-0.00034194648752905454,0.0015287042013818475,0.00019169044480760178,0.0015781663924588263,-8.21102650732064,deltaRIC0.5,BLS-G
47,23.02954861175002,20.19859120860999,11.06241485609813,55.80875957629688,0.01701652936516184,0.0022409252668606793,0.016868329069109383,0.5472279713473638,5.771791052000481,0.0006288438357694437,0.0005061121450630202,1.6075891352995697e-05,0.0008073738337649492,-33.66078266323893,deltaRIC0.5,BLS-G
48,17.320666292733453,14.999899124027818,8.660745181173633,41.992435569830334,0.015039340764204852,0.0023356329461274154,0.014856870106547947,0.47749592445646644,5.757561538001028,-0.003396906054261184,0.0007948853716144288,-6.614358212353455e-05,0.003489296271304434,-13.217603391422017,deltaRIC0.5,BLS-G
49,17.71642879059836,12.643332301984557,12.410398760472459,66.29370196231788,0.015750594448164457,0.002040132651032313,0.015617909086582006,0.5056184173007817,5.7592475450001075,-0.0003744525507944352,0.0006445325966614179,0.0005017793454537012,0.0008985652410813107,-21.36721065675374,deltaRIC0.5,BLS-G
50,21.179106221544362,18.99656411874781,9.364031825328354,50.0506730131253,0.01818505304403465,0.002484199380353561,0.0180145748673957,0.5806388485111206,5.8091799760004506,-0.0019573536307272432,0.0011349652544999644,0.001747117806795928,0.002858636037600223,-44.76143367578334,deltaRIC0.5,BLS-G
1,2052.9760125639127,1822.898184386135,944.3265947353991,3651.32291565375,0.5810561171293165,0.5800183410606113,0.03471217778668447,0.6347862955694242,0.35989641700143693,,,,,,deltaRIC0.5_short,BLS-B
2,1878.0007944407312,1705.2898947417789,786.6850442277331,3467.900726902047,0.5981577226701447,0.5925920164906362,0.08140861859468705,0.7223447299724111,0.34697086500091245,,,,,,deltaRIC0.5_short,BLS-B
3,1973.173612126306,1747.2394052889113,916.8252637210784,3491.733518991912,0.5611751031192697,0.5604457708678514,0.028601298524068876,0.607267631761057,0.37745337600063067,,,,,,deltaRIC0.5_short,BLS-B
4,1932.1544152280392,1749.309804783936,820.448591425443,3273.759098259544,0.5868462736538451,0.5840490513377552,0.05722983953211617,0.6741666496024109,0.35378562999903806,,,,,,deltaRIC0.5_short,BLS-B
5,2005.056920057812,1799.8239256707093,883.6781593176314,3506.261658237313,0.587844051113088,0.5861020014891601,0.04522247537947824,0.6590742695709667,0.3819279839990486,,,,,,deltaRIC0.5_short,BLS-B
6,1947.5846605930956,1751.3246831840656,852.0257415405683,3377.118720936586,0.5749414114594109,0.5730973731963224,0.04601116654046977,0.6454867764865604,0.35371049199966365,,,,,,deltaRIC0.5_short,BLS-B
7,1963.7998477529775,1774.9685656403776,840.2359389023766,3381.8629644800603,0.5903218380711003,0.5881171055765625,0.05097197888927631,0.6727777859193342,0.3680684079990897,,,,,,deltaRIC0.5_short,BLS-B
8,1881.5418880989737,1706.6807208616738,792.1116043274008,3155.1074796267426,0.5943620326942654,0.5910171262790016,0.06296810584231952,0.6946295101847383,0.34943447999830823,,,,,,deltaRIC0.5_short,BLS-B
9,2041.0022460262892,1817.7102806427138,928.2346168561826,3620.708791200055,0.5841069337380224,0.5828937207964116,0.03762738759134596,0.6430627782751656,0.3937186280018068,,,,,,deltaRIC0.5_short,BLS-B
10,2049.3451826674855,1835.0542773817956,912.3549072511223,3594.3393957386156,0.6004308392703889,0.5982344160190218,0.05131058601617611,0.6781369278879504,0.3533144889988762,,,,,,deltaRIC0.5_short,BLS-B
11,1957.9311381049129,1753.721193063492,870.6068679724292,3422.164656815907,0.5795798211765861,0.5779371117784421,0.04360577879451438,0.6477705178761415,0.5838418769999407,,,,,,deltaRIC0.5_short,BLS-B
12,1761.8091270685998,1600.9387573567278,735.5042456813676,2916.599741938034,0.5605345781752642,0.5583705657401397,0.04920695728408351,0.6420733418659675,0.354636694999499,,,,,,deltaRIC0.5_short,BLS-B
13,1883.2739008778904,1709.5084815298003,790.1274183987684,3381.620949642196,0.5979939241688607,0.5929652662530539,0.07738815387588724,0.7162480642474004,0.3812762659981672,,,,,,deltaRIC0.5_short,BLS-B
14,1900.7244853328943,1712.603185340193,824.4658262818542,3278.8401727733426,0.5794353033664361,0.5776247681638539,0.0457700556150842,0.655520301130907,0.35239203599849134,,,,,,deltaRIC0.5_short,BLS-B
15,1992.332279066675,1778.8037105936103,897.354595123586,3511.8094839223095,0.5842390265567325,0.5827514391005949,0.041665337849871815,0.6498644821183719,0.4522632669977611,,,,,,deltaRIC0.5_short,BLS-B
16,1981.6169026672721,1779.931391205257,871.0050467929285,3446.9074310585083,0.589614081060887,0.5875597965873505,0.04917570558218195,0.666211064715737,0.3516123810004501,,,,,,deltaRIC0.5_short,BLS-B
17,1798.9133032600214,1640.2248444037546,738.7499796592622,3081.630664374794,0.5769917951468262,0.5736524257498573,0.061987305942922385,0.676334265664944,0.35230061800029944,,,,,,deltaRIC0.5_short,BLS-B
18,2011.456579838969,1792.3010640350765,913.0249002279272,3559.1804775266646,0.579633205145497,0.5784278915093923,0.03736076593487397,0.6382467597693064,0.3507647559999896,,,,,,deltaRIC0.5_short,BLS-B
19,1845.241372629174,1677.0698820114574,769.6442906385225,3245.3199488126074,0.5876497473405661,0.583579122436698,0.06904805142395153,0.6962213360854959,0.3517772170016542,,,,,,deltaRIC0.5_short,BLS-B
20,1893.9192196339363,1713.9652781651705,805.7623940982899,3160.7410236146234,0.5883438304720415,0.5851924971933721,0.060812861165212104,0.6824053247564755,0.4063415580021683,,,,,,deltaRIC0.5_short,BLS-B
21,1995.791318670519,1792.797876917256,876.9599535905783,3481.481081443815,0.5856466675438977,0.583686322979524,0.04787792363830585,0.6593383856462878,0.38179641800161335,,,,,,deltaRIC0.5_short,BLS-B
22,1936.0524243088307,1752.6199927330583,822.5704533621881,3255.5324839232558,0.5931784348686715,0.5899755688761537,0.06155878265938657,0.6868821803181786,0.571003742999892,,,,,,deltaRIC0.5_short,BLS-B
23,2044.991791886838,1826.3659111718314,919.9885800345711,3612.9753266624475,0.590185592077437,0.5884331846649421,0.04544689517303842,0.6591022613355065,3.9579976960012573,,,,,,deltaRIC0.5_short,BLS-B
24,2215.485084974254,1925.1593267887406,1096.4195037583472,4015.772264918923,0.5771652441545843,0.576876069335419,0.018267996281412305,0.6213842036255092,0.3920614100024977,,,,,,deltaRIC0.5_short,BLS-B
25,2043.3547545937213,1819.1666123744276,930.5543990239992,3631.8853577229384,0.5854836385189478,0.5843031530250007,0.03716068269594418,0.644097684408365,0.46978151700022863,,,,,,deltaRIC0.5_short,BLS-B
26,2083.171365365385,1848.471233016475,960.602435031702,3722.5584997178016,0.5881736365831973,0.5870281287608536,0.03669063661254377,0.6444360700598382,0.35882467899864423,,,,,,deltaRIC0.5_short,BLS-B
27,2025.7120066156756,1811.5522754269375,906.5249511968171,3558.830592524434,0.5896961431620553,0.5878853599881718,0.04617731880242513,0.6596765058452267,0.35142062500017346,,,,,,deltaRIC0.5_short,BLS-B
28,1905.6481371859422,1721.5873359157288,817.0874295782767,3267.6400619576675,0.5781720725611219,0.5761846573257612,0.047897663325243346,0.6554075996996229,0.35468551400117576,,,,,,deltaRIC0.5_short,BLS-B
29,1806.9285949863643,1642.9044507941276,752.2339482768926,2987.288565742874,0.5715804653366451,0.5691020101059396,0.05317076685392713,0.658505396095011,0.43490022599871736,,,,,,deltaRIC0.5_short,BLS-B
30,1951.1288207253467,1744.1359577935493,874.5818634048277,3446.3988856832207,0.5700005720583349,0.5691400149346967,0.03130967177985691,0.6242543887022514,0.35209810200103675,,,,,,deltaRIC0.5_short,BLS-B
31,1940.3292364451158,1748.0014907969755,842.2400690867403,3362.057009935684,0.5897253099029869,0.5880427255819235,0.0445162221033699,0.6652890278034503,0.36701666899898555,,,,,,deltaRIC0.5_short,BLS-B
32,1845.1472420045204,1671.8058829002505,780.7902628600094,3108.218411326795,0.5691845801010285,0.566875116488812,0.05122195359979847,0.6494805840633002,0.3784100109987776,,,,,,deltaRIC0.5_short,BLS-B
33,1947.0765758397863,1765.3128056871678,821.4486534536932,3264.325638818877,0.5957712199964404,0.5924032248971259,0.06325951080693179,0.6927846757405075,0.35343008800191456,,,,,,deltaRIC0.5_short,BLS-B
34,2066.0109099797774,1858.9167358687132,901.5706568332167,3595.539331616556,0.6093413578305409,0.6067082209692012,0.05658643804971519,0.6966975385911528,0.36761746800038964,,,,,,deltaRIC0.5_short,BLS-B
35,2011.762087670664,1819.1454518654225,859.0090350784308,3441.169348001914,0.6026320857170951,0.5996221451511871,0.0601557460266701,0.6951893963901145,0.3557998949981993,,,,,,deltaRIC0.5_short,BLS-B
36,2025.3562760971204,1803.7319135141686,921.2053133240768,3594.6121511350093,0.5811576446555589,0.5800538574570866,0.035801262418393404,0.6385199943465376,0.35483934299918474,,,,,,deltaRIC0.5_short,BLS-B
37,2120.6705468827286,1870.40796493824,999.4086316975072,3808.5833292371153,0.5807924967591365,0.5800980305028844,0.02839364890932448,0.6280351866287073,0.36290262500187964,,,,,,deltaRIC0.5_short,BLS-B
38,1889.8378367038138,1707.6940418691088,809.4863237894128,3198.7304246850144,0.5772611897462541,0.5746748163513018,0.05458329999971108,0.6594628904251048,0.3525462739999057,,,,,,deltaRIC0.5_short,BLS-B
39,1919.30321701733,1741.5141591197773,806.7547783796555,3316.383981118602,0.601727381387815,0.5969943790290417,0.07532299064406438,0.7149908217832915,0.611325117002707,,,,,,deltaRIC0.5_short,BLS-B
40,2005.4916681174977,1803.3527181204447,877.4484628377376,3489.536898784308,0.5971131256443463,0.5950553485856589,0.049529959987475086,0.675663855391906,0.35237717799827806,,,,,,deltaRIC0.5_short,BLS-B
41,1894.6663364209871,1718.424722323862,797.9830825732357,3427.82481386552,0.6004271243881067,0.5953904634172928,0.0776075239439592,0.7197800037009645,0.35278918099720613,,,,,,deltaRIC0.5_short,BLS-B
42,1923.0431262932946,1737.0208722212274,825.1383853946526,3292.176032142283,0.5844723855999401,0.5823404997932614,0.04987496194905363,0.664166614073269,0.3717880830008653,,,,,,deltaRIC0.5_short,BLS-B
43,1948.4601812778205,1761.3779536022626,833.0935017086042,3327.508668188578,0.58720701606239,0.5846078301625134,0.05518844648632298,0.6721033662382564,0.40829434400075115,,,,,,deltaRIC0.5_short,BLS-B
44,1933.2123426115725,1743.6864054936432,834.7860090600357,3323.5164905744687,0.5812360012408374,0.5790218161972125,0.05068555520185362,0.6599687152681891,3.990753500998835,,,,,,deltaRIC0.5_short,BLS-B
45,2172.1609547734593,1924.519809001687,1007.2272425835478,3905.454067345209,0.5972712697664213,0.5961171324816166,0.03711245141846524,0.6532345064780503,0.6101222090001102,,,,,,deltaRIC0.5_short,BLS-B
46,1927.1508217701637,1737.4833271885825,833.7037708869445,3316.0566941400552,0.58534220061689,0.5832969287769902,0.04888951525996386,0.6643480366600656,0.3660775569987891,,,,,,deltaRIC0.5_short,BLS-B
47,2049.1780257443966,1824.1280522093175,933.6420247272205,3635.9072153574652,0.5851840794692941,0.5839159139915249,0.038504704280999086,0.6449285862379656,0.5918699240028218,,,,,,deltaRIC0.5_short,BLS-B
48,1858.211752378425,1689.069152637197,774.5942901201622,3059.009160621487,0.5854555479863468,0.5824755109729229,0.05899557428168773,0.6803084747379224,0.3687877890006348,,,,,,deltaRIC0.5_short,BLS-B
49,1934.5466353569923,1749.2900021999546,826.1084508551785,3248.211749724569,0.5973377792996201,0.5942023442265536,0.06112280011803903,0.6923520765063279,0.44921989500289783,,,,,,deltaRIC0.5_short,BLS-B
50,1880.9389137522935,1703.7983059281353,796.870459977075,3157.2193565977286,0.5858977815246748,0.5833277901386202,0.05481696496094437,0.6754075755207289,0.35580781499811565,,,,,,deltaRIC0.5_short,BLS-B
1,383.39853602172667,361.15466497159406,128.69244497195209,576.6888094086111,0.08510855930910066,0.07075931580305696,0.04729255855580197,0.6115742057184849,0.564010974001576,-0.14127085833925423,-0.020880674781318664,0.030200490804692115,0.14596413134766065,-59.50621989443334,deltaRIC0.5_short,BLS-G
2,587.97410086941,580.1876194047626,95.37226841501426,760.8329810669533,0.06830877905754684,0.06048370202777127,0.031746040467253954,0.42351007430830506,0.9373227400028554,0.07349255750429362,0.04166203814053271,0.006059355860334348,0.08469709100073788,53.87767870552216,deltaRIC0.5_short,BLS-G
3,482.8295734857947,384.0703665319845,292.5993003827273,1109.8303888223684,0.1314164278524649,0.11897539018329252,0.05581338585174183,0.4167517449365094,0.7518871239990403,0.10342330952639289,0.0860484480923398,-0.014777516667553003,0.13534803792945052,18.527684418349054,deltaRIC0.5_short,BLS-G
4,99.71145949752619,81.8654402287265,56.924729698819064,225.99483162278344,0.044966379046329864,0.026724084429370513,0.03616349756246055,0.389752769656887,0.7572087379994628,-0.03329614742607451,-0.012899648244307282,0.0011450746727186267,0.03572597870250512,9.710525375534417,deltaRIC0.5_short,BLS-G
5,203.6090230418042,162.28608690834153,122.96284097245055,494.1199824315817,0.08879694717637888,0.06639095490684804,0.05896727002669777,0.6760671983402055,0.7552857730006508,0.0648328507037208,0.05023071736506124,-0.0006237725315806908,0.08201714814324361,142.87630513908425,deltaRIC0.5_short,BLS-G
6,142.66863668302136,133.46940317616696,50.40097527617635,215.08711668007368,0.07421930036172018,0.03836509046243144,0.06353443460040147,0.6793463231779115,0.9346544500003802,-0.0759019366404865,0.017864074476320324,0.016279073142229428,0.07965699821762054,-81.63170121089752,deltaRIC0.5_short,BLS-G
7,142.7254216415459,133.89758419455532,49.41642368301279,204.14407288281,0.07301973730243488,0.033936260102381724,0.06465456121558706,0.7207510055528952,0.9431206740009657,0.05015196096997376,0.0031830744842378245,0.020799701562386863,0.05438730308987876,-98.14914101435897,deltaRIC0.5_short,BLS-G
8,318.20530443417834,317.59292754451184,19.73190674401772,364.07108053987275,0.041312291494453604,0.023727188032049516,0.033819017972354995,0.37832139250498936,0.9450722689980466,0.024804616987004313,0.0013849723950171144,-0.017490241350465785,0.030382490268318785,43.06083364970709,deltaRIC0.5_short,BLS-G
9,250.40744437457113,195.85628915165395,156.0262868812421,605.3876038632707,0.07792429992076348,0.05180423986027188,0.058210971909430594,0.5270511252711947,0.5615450000004785,0.07436766249919713,-0.045452550537765535,-0.013570085833546186,0.08820788403262167,86.7373505959713,deltaRIC0.5_short,BLS-G
10,297.1333504484834,243.44625530790142,170.3588821438474,685.1821151197234,0.09601538135852737,0.08519830344123885,0.04427417473152977,0.34262941233487976,0.9419819760005339,0.05516709757851734,-0.0644351258331321,0.016031656382127446,0.08632675195282069,19.360255014134054,deltaRIC0.5_short,BLS-G
11,190.3693904253044,177.89994376385064,67.76514457832111,256.3214060386968,0.07760195291225891,0.053680535436426785,0.05603983592994342,0.5949169337211613,0.5700723939989985,-0.10392562848617437,0.035103970301656906,-0.0006288092321912742,0.10969603633785698,-45.7904366372959,deltaRIC0.5_short,BLS-G
12,489.011588441118,406.85250687458637,271.2994126045431,1015.648871233968,0.12463896115168918,0.12140184100582367,0.028221687358643072,0.45195488253756105,0.7496798360007233,0.0274439650667605,0.08569196026680104,-0.02746338708992313,0.09407720714074974,9.431707825415288,deltaRIC0.5_short,BLS-G
13,434.2723372582176,398.8242387836549,171.8478672150262,861.2087895496696,0.11389430451844101,0.08967906826562172,0.07021094869569366,0.6988151743691221,0.7574508340003376,-0.12412429628306115,0.05606079897039484,0.01048009656485005,0.13659973108675125,-97.47535980009252,deltaRIC0.5_short,BLS-G
14,236.25835033951,207.20351538498622,113.5108422894061,349.7129583485531,0.0855976112521463,0.05669872757703225,0.0641264792672968,0.7526361303059451,0.7479504490002,0.07999611478753699,0.04054945086422823,3.961816000275231e-05,0.089686330709255,-98.02826433528298,deltaRIC0.5_short,BLS-G
15,137.54329406238884,103.00135668390824,91.1530485656244,338.92614975805384,0.056262422591611655,0.04593131723091525,0.0324926806113334,0.3467407424360903,0.5722952540018014,0.0695997039688594,0.020920382641906543,-0.015103080516997436,0.07422859451410592,28.149683597117473,deltaRIC0.5_short,BLS-G
16,203.38181995136176,169.67201774863472,112.14085375025073,393.0924091617538,0.0912631365214867,0.08617076660723695,0.030059259306586667,0.4135943094832813,0.9470064449997153,0.1878449978826101,0.010321970728841445,0.005693061154979362,0.1882144979924745,2.868279231780434,deltaRIC0.5_short,BLS-G
17,407.2009211148596,396.209160845676,93.9728206384982,552.0252444345589,0.06057684846274202,0.04898671393637754,0.03563504493323288,0.48044597625470525,0.7526958720009134,0.06345358536567847,-0.048596590294458286,0.02078441168748757,0.0825831572004961,68.56623881041378,deltaRIC0.5_short,BLS-G
18,171.34040938336088,149.17239963502948,84.2919395599885,390.214176434216,0.060095666525183125,0.03836068807936145,0.04625955841968178,0.49644064343258504,0.7550987280010304,0.053961680140159674,-0.025210916168831088,0.025045081179178252,0.0646119904421181,-19.527850032943206,deltaRIC0.5_short,BLS-G
19,401.58565209270546,396.4440947022386,64.05556761473537,550.1353023854408,0.061319683671788534,0.0468015229551536,0.03961970538364008,0.507541795210194,0.7591576539998641,-0.03150959172703638,0.010351477843533519,0.0048586283814814335,0.03352034806052917,-25.256989388845795,deltaRIC0.5_short,BLS-G
20,187.6613360879951,156.28517004009828,103.88321658414803,442.42071947279743,0.08481446982307228,0.0788828591450722,0.031160693581297857,0.44065961642365997,0.5693069400003878,-0.14292935587594252,-0.018908070819463385,0.028866475478426912,0.14703601368294875,60.60236906919545,deltaRIC0.5_short,BLS-G
21,259.79050075677253,215.94286290833594,144.4291668687674,638.99466591276,0.1368713363652833,0.09680982847163709,0.09675546408193558,0.841977216992125,0.5687263799991342,0.1176718223959825,0.05531950810329256,-0.019551890487179202,0.13148833478451444,264.9180785635699,deltaRIC0.5_short,BLS-G
22,194.1388283645943,187.98037705093398,48.510437253915725,280.4749766674638,0.05726475558110419,0.0337864107903365,0.046235599678929616,0.581759303763738,0.7536619050006266,0.0691990854492176,-0.0019243798996526618,0.011716280946681645,0.07021031195079454,100.09640423451947,deltaRIC0.5_short,BLS-G
23,226.04614722459567,192.05955335988133,119.20565690556165,431.0665409690187,0.05740150878859061,0.04660336400353645,0.03351208251900392,0.42683902221886816,0.7615406710028765,-0.01975725082032115,-0.029254321442030662,0.015676957332130814,0.03862552619970614,-1.4896509179179702,deltaRIC0.5_short,BLS-G
24,644.5630057128828,623.8339012017569,162.1503377888014,1023.6917048696713,0.08210007191045542,0.07202353830572204,0.03940852366717303,0.4431702235618452,0.7501950389996637,-0.010863242434591525,0.03224028773062193,-0.018022463556362556,0.03850006989326666,10.256175955271829,deltaRIC0.5_short,BLS-G
25,228.35342876190617,205.80610591000732,98.94005860862323,456.76571767540116,0.05796483654088205,0.04499274598448066,0.03654552071030285,0.40144522643532987,0.570773283001472,0.02746341410873998,0.029047869297142537,-0.030631422395541008,0.050361710288532355,15.524936480906945,deltaRIC0.5_short,BLS-G
26,307.52771552615303,237.566820698911,195.28261960488436,744.3187645848338,0.11735560467958817,0.09669765774497453,0.0664973754094667,0.7540743834103386,0.7525951649986382,0.13655881413106963,0.08029544585994142,-0.014863038498157843,0.1591118419732753,-86.84918581655347,deltaRIC0.5_short,BLS-G
27,111.62929121929159,91.4118820770487,64.07001227761043,253.52178968582538,0.05378684207252462,0.04306033164783846,0.03223092022441906,0.4274396143873566,1.1348171389981871,0.06992610995631643,0.018288746007525725,-0.006602318587144496,0.07257912712947709,1.9531344737124527,deltaRIC0.5_short,BLS-G
28,299.34406793269756,269.024756723757,131.27281240309753,497.11876418851216,0.09012202098081297,0.08386071656002957,0.03300543718396226,0.3893231976876088,0.755259837002086,0.0801547939748557,0.0662161488241414,0.005439972616701705,0.10411033889255604,55.17290318863161,deltaRIC0.5_short,BLS-G
29,317.10052932642054,286.1791082304912,136.58061250227613,474.753199743819,0.055635627518934035,0.04558871474680587,0.03189031415900344,0.36427037590055916,0.5683561580008245,0.05899284410842809,0.01562869767503161,-0.0032828893514656454,0.06111619433106748,22.335764996430044,deltaRIC0.5_short,BLS-G
30,316.55119346408185,266.28581524047775,171.1622700400084,640.5918924107674,0.08853010277609907,0.08045147859794967,0.03694778327518868,0.5058229324857371,0.5645581880016834,-0.0401777455029928,-0.08985127521514036,-0.0024245127258193944,0.09845497018153941,-25.23729189223286,deltaRIC0.5_short,BLS-G
31,102.49634951726752,92.97647596056676,43.13787874154241,170.92284355813806,0.05428114517989526,0.03117372508266184,0.044436939436818625,0.5430631440100346,0.5594783699998516,0.01508391363580075,-0.01941786726487149,-0.00410499297991801,0.024928477431516747,96.11329442694387,deltaRIC0.5_short,BLS-G
32,112.01037225975271,95.98468066941686,57.7344314127926,251.61286100818123,0.06500921827010542,0.05173874975728701,0.0393611513251714,0.5211924894306385,0.5614198750008654,-0.07682096136988026,-0.027713912082534764,0.03170012934676236,0.08760376264357922,-30.424306680087284,deltaRIC0.5_short,BLS-G
33,184.52762652075825,169.12788538301322,73.79839656289819,355.8576785280356,0.05027826884979634,0.03408885541919564,0.03695746548048956,0.36644481371419857,0.5721004299994092,-0.0061047983727080535,0.040409132408120274,-0.023528657694602273,0.04715680521471086,20.652093976507786,deltaRIC0.5_short,BLS-G
34,292.77770006904206,278.8348036759591,89.27448637044797,552.3221641332367,0.11138638456266037,0.07796202250748142,0.07955406785629396,0.4794280824644311,0.7505811030023324,0.17448953012044388,-0.03476368598474905,0.00382275917618069,0.17795989287650915,-21.85749569044401,deltaRIC0.5_short,BLS-G
35,280.5537946159262,263.800669483697,95.4967981313958,437.4703532475803,0.08758228629018537,0.0676063720643933,0.055677960883161084,0.524721714518379,0.7515427459984494,0.10533430406654642,-0.03438264209628816,0.013943441006530777,0.1116776666921713,-36.06888037837871,deltaRIC0.5_short,BLS-G
36,198.22172462149155,187.66586537742623,63.82299808110047,312.25315117205685,0.05354792703180381,0.04137408818824295,0.033993606987121575,0.43949145515477467,0.5754714579998108,0.04914109329491767,-0.008559044609578237,0.0019599783796032666,0.049919393126289756,65.69561595609775,deltaRIC0.5_short,BLS-G
37,395.84975179235363,390.7884256928036,63.09859220781399,562.9891224138332,0.05654677766067917,0.04679114473484325,0.03175101318397943,0.3719055237435011,0.7607439670027816,0.01424692198210431,0.006394566918226485,-0.00026162716913019635,0.015618377662595774,23.972435511163894,deltaRIC0.5_short,BLS-G
38,407.836752216445,330.75463672792165,238.60466621891234,948.8050994981415,0.13365081174634005,0.11981411435070555,0.059220920989222055,0.43865383956038834,0.5641756459990575,-0.0876108438501978,0.11394302333509954,0.03182159147739494,0.14721170541448458,12.332275751936322,deltaRIC0.5_short,BLS-G
39,374.4273879170407,368.7397617161766,65.01428267600404,540.6854900136431,0.06324693535221537,0.04434966693375467,0.045091926930575274,0.5756234947811143,0.7564904659993772,0.008478525057880826,0.01002659874726941,-0.025157416945366384,0.028378049562273747,-51.48592043020108,deltaRIC0.5_short,BLS-G
40,146.7853343588687,132.51044061370587,63.142042342692775,235.50458234998322,0.05506160452104408,0.041927502060851246,0.03569124351110755,0.44550944960661143,0.9412596850015689,-0.04243995756559843,-0.01866454659332023,-0.007552929969672606,0.046974057189376306,63.662427904964716,deltaRIC0.5_short,BLS-G
41,426.96808791013086,386.77389724169603,180.85270389491873,818.8639002303263,0.09218283053403391,0.08307371770493382,0.03995537100249944,0.5216064288050567,0.7522580440017919,-0.1157762577915647,-0.005894994517000041,-0.004820149258202511,0.11602640504404872,-36.38778341422312,deltaRIC0.5_short,BLS-G
42,82.74285985597508,72.88413624050133,39.169931600930475,182.3439499307609,0.050354120709396516,0.020759098424218643,0.0458758902369216,0.5452944906226953,0.9425435509983799,-0.023761086951546884,0.014489554636707425,0.010661200916411206,0.029802645044847753,-32.83255978920806,deltaRIC0.5_short,BLS-G
43,154.43287083743257,127.34570674957139,87.36465284966972,362.01360599358287,0.06313125044691434,0.05185983685269147,0.03600155697470939,0.4132006880215969,0.5734501260012621,-0.023093251925146052,0.04967965840894628,-0.011767126296715835,0.05603420388825659,59.257131724293686,deltaRIC0.5_short,BLS-G
44,142.82953533978286,132.90346038158856,52.31583301427781,302.90220830047355,0.07939370748369858,0.04994679008484463,0.06171449544659311,0.6539559915314093,0.571062749997509,0.08878012602898444,-0.04401065597819026,-0.027526035173559615,0.10284226383024159,126.63131380415871,deltaRIC0.5_short,BLS-G
45,389.9982642424579,328.23024912625493,210.6265644942409,846.7688335577695,0.08199320634202678,0.06362346279223649,0.05171983051568401,0.3505775193846405,0.563006217002112,0.06169267178018967,-0.03899933067374978,-0.00434187139936465,0.07311487804562974,32.21537371701834,deltaRIC0.5_short,BLS-G
46,267.1972984673052,241.01423759940877,115.35394914176936,469.17539425906654,0.10488147258963787,0.08911608365768685,0.05530322708565134,0.5945215172444477,0.7529236320006021,0.19643843853394716,-0.03694008161360213,0.020619598798694683,0.2009422743423943,99.47007275053602,deltaRIC0.5_short,BLS-G
47,203.95393845284624,184.4375356200222,87.06322108008894,410.99991021456947,0.05845601080067697,0.0465917100724986,0.03530322579098255,0.3466880988121753,1.1287705350005126,0.07302173611326879,-0.012906215121336606,-0.011003437737232113,0.07496545855119693,36.590027682523214,deltaRIC0.5_short,BLS-G
48,266.9552457356538,262.68596635492,47.55193272586444,371.2310925108225,0.06214057141054286,0.03736931422899664,0.049648614978499504,0.6106095309266746,0.5638119029972586,-0.026349140361934253,0.00018441888894971115,0.0016097546737274815,0.02639891130802749,-58.60477447422636,deltaRIC0.5_short,BLS-G
49,264.31826838718507,238.23493929604194,114.49131277879218,392.1026840651868,0.05864835985311935,0.044247003004964154,0.0384945819374581,0.40383476293651904,0.7595692110007803,0.06789391859225546,-0.021587659428272454,-0.014635158830297201,0.07273100504867865,2.6170539570412075,deltaRIC0.5_short,BLS-G
50,244.87474366140853,242.2551205278133,35.72249517174283,305.71219776907753,0.04931300863959431,0.024816844867186588,0.04261334335541741,0.5312742076513178,0.5710492409998551,0.033506478207682155,-0.009725525219130782,-0.00010118289112515111,0.0348895422819974,-31.246040391618408,deltaRIC0.5_short,BLS-G
1,3655.175468219726,3085.308038802184,1959.8933667875685,11062.501442273839,0.28713570858561344,0.21948003220911394,0.18513624876411594,0.9221038172580985,5.917639531002351,,,,,,deltaI0.2,BLS-B
2,3656.6063214260575,3085.673754527923,1961.9855428903022,11068.87927925836,0.2865910966911189,0.21886673996153888,0.18501839595355468,0.9220297160822818,4.40596262499821,,,,,,deltaI0.2,BLS-B
3,3655.4886247890854,3081.5932439014127,1966.3113093057186,11099.6617772144,0.28700153871690265,0.2189914114235313,0.18550645527474083,0.9243793939624202,2.691586045002623,,,,,,deltaI0.2,BLS-B
4,3655.8638773189846,3086.0226774047937,1960.052224821866,11083.900178488459,0.2872332252226663,0.219420895472919,0.18535748245397946,0.9237941637795704,2.7004050450013892,,,,,,deltaI0.2,BLS-B
5,3655.4809184877317,3086.005597449955,1959.3647434654565,11082.729768395475,0.2872317477014194,0.21942792523897078,0.18534687079347328,0.9237512612297216,29.13637447200017,,,,,,deltaI0.2,BLS-B
6,3655.3105264206374,3087.73719197619,1956.3164564682552,11063.049373806136,0.2870513648765174,0.2194207745186465,0.18507568664497456,0.9223312927737876,3.2966058300007717,,,,,,deltaI0.2,BLS-B
7,3655.64615942469,3086.348827823099,1959.1323987702988,11045.94728076533,0.286870766814449,0.21934817238678206,0.1848816273275647,0.9207002397505321,2.6883267880002677,,,,,,deltaI0.2,BLS-B
8,3655.6194063032613,3080.5528098673212,1968.1838403359473,11115.43964072814,0.28733220119686065,0.21919357979506585,0.18577935413080035,0.9256986313226266,5.2602686479986005,,,,,,deltaI0.2,BLS-B
9,3655.9481073736556,3088.223951365345,1956.7394793437445,11072.037499160175,0.28685174716830447,0.21914629374329941,0.18509140118353523,0.9228329585700535,4.332317312997475,,,,,,deltaI0.2,BLS-B
10,3655.7110528341095,3083.9520538197235,1963.0239508356951,11072.336893216692,0.2870182752243897,0.21925988379500466,0.18521499310526823,0.9225460229464705,3.7301836679980624,,,,,,deltaI0.2,BLS-B
11,3655.3206238445887,3087.115980144302,1957.315454453186,11064.112209754314,0.2872822160568259,0.21964666985753709,0.1851659042129919,0.9225152674023187,3.3170171470010246,,,,,,deltaI0.2,BLS-B
12,3656.119377248737,3085.17992977966,1961.85465862751,11074.756276689672,0.2869896736261538,0.21922811624073907,0.18520827686035868,0.9227883547743216,3.5102522339984716,,,,,,deltaI0.2,BLS-B
13,3655.5085770708533,3085.252682883083,1960.6016525039745,11078.874359447644,0.2874574998524478,0.2196879767707351,0.18538879977981668,0.9235416107761375,2.697108529002435,,,,,,deltaI0.2,BLS-B
14,3655.7199036517877,3087.798164870671,1956.9850553791039,11059.634043832524,0.28707181492408956,0.2194716883964259,0.18504703433514644,0.922039145985901,4.004601688000548,,,,,,deltaI0.2,BLS-B
15,3656.1807094878463,3084.0608170940272,1963.7276432581923,11089.32399807473,0.28733957056781223,0.21946430111725637,0.18547088544892684,0.9240292432424851,2.7055982839992794,,,,,,deltaI0.2,BLS-B
16,3655.4509209554517,3085.812588623066,1959.6127432249136,11060.444622615732,0.2871954279027425,0.2195668822966665,0.1851258977203383,0.9220106400891703,5.175803153997549,,,,,,deltaI0.2,BLS-B
17,3655.503077674959,3090.194573881362,1952.792934861576,11065.487689623227,0.2869938358882631,0.21938004343474582,0.18503474911601964,0.9227123557536456,4.511413205997087,,,,,,deltaI0.2,BLS-B
18,3656.099702509249,3084.7914748855155,1962.4287480471396,11093.207493726899,0.28727231139277687,0.21937110096808876,0.18547695531520128,0.9243632005486477,3.9491509500003303,,,,,,deltaI0.2,BLS-B
19,3655.9699439835354,3089.88499160597,1954.156332016237,11048.402202475905,0.286837292015998,0.21934343720822375,0.18483530140304075,0.9212043507791011,2.70776221000051,,,,,,deltaI0.2,BLS-B
20,3656.0181262093975,3081.98760918397,1966.6776339827916,11109.913329678295,0.2874440456454882,0.21937700163695706,0.1857358622609647,0.9254696078222625,3.5363452509991475,,,,,,deltaI0.2,BLS-B
21,3656.219560268277,3085.9916876310995,1960.7643348347895,11068.207092443117,0.28706419704489516,0.21937187575386485,0.18515353994256037,0.9224181057632992,2.8024673809995875,,,,,,deltaI0.2,BLS-B
22,3655.864754647701,3084.284021476557,1962.7886231430252,11092.885819492269,0.28709558173910593,0.21918083310217473,0.18542824880463143,0.9241828045568637,3.278792323999369,,,,,,deltaI0.2,BLS-B
23,3656.1686977951317,3087.4764684967063,1958.330565358171,11079.47577985305,0.2870542577502654,0.21928874046420457,0.18523659249235422,0.9234411288298313,4.310993594001047,,,,,,deltaI0.2,BLS-B
24,3655.448651980021,3085.0322907626114,1960.836712277324,11087.743267890744,0.28713188141990764,0.21927105982313516,0.18537777550659892,0.9239517680596827,4.067105633999745,,,,,,deltaI0.2,BLS-B
25,3655.744894469031,3087.4267482290848,1957.6176357389002,11047.080807521728,0.2866714211373933,0.2191461758166696,0.184811951241964,0.9207405376015165,5.183860630997515,,,,,,deltaI0.2,BLS-B
26,3655.279930973094,3088.776771737397,1954.617463380027,11050.933518768516,0.28711566296566343,0.21959930637860636,0.18496364117914474,0.9215774873544431,2.9115400039991073,,,,,,deltaI0.2,BLS-B
27,3655.3305428673593,3086.7556975817383,1957.9021020126772,11072.173030921875,0.28716408095701745,0.2194522296143226,0.1852131969088356,0.9229995689951822,3.3181529020002927,,,,,,deltaI0.2,BLS-B
28,3656.1972919234254,3087.9458540879805,1957.6437468776178,11074.698461384487,0.28687936937178943,0.21914984698992515,0.1851300006358991,0.9229949491412436,2.705010700999992,,,,,,deltaI0.2,BLS-B
29,3655.748707015831,3085.3469478905536,1960.9010224869512,11069.46472964196,0.28720711252876424,0.21950147658791314,0.18522156262929018,0.9226161848478138,2.691041387999576,,,,,,deltaI0.2,BLS-B
30,3655.4269172574095,3088.376572132705,1955.5245066507994,11042.288740166478,0.28685525104709303,0.2193931514416698,0.18480416703576594,0.9206555672313972,30.21345862999806,,,,,,deltaI0.2,BLS-B
31,3655.659910758408,3083.538287848496,1963.578623457318,11094.870719510616,0.2869465113983344,0.2189978766223725,0.18541367381767337,0.9241652073133743,30.176430519997666,,,,,,deltaI0.2,BLS-B
32,3655.2593695351966,3087.7661133092033,1956.1752191647404,11065.179052298126,0.2872503119939172,0.2196136792110859,0.18515553905830914,0.9226517511628078,4.285733044001972,,,,,,deltaI0.2,BLS-B
33,3655.056193176875,3088.0329060198837,1955.3742727720994,11046.148059361523,0.2869431128476822,0.21944750125412243,0.18487602387556806,0.9210296986138646,4.298473443999683,,,,,,deltaI0.2,BLS-B
34,3655.5094321754964,3087.6757175726143,1956.785085755833,11052.13373888099,0.2870569763000324,0.21951366888391424,0.18497420581162294,0.9214709314446664,2.7056601609983773,,,,,,deltaI0.2,BLS-B
35,3656.1720167069507,3087.750047231032,1957.9053760526142,11048.074142646055,0.2868293308220239,0.2193103056009315,0.18486225920137414,0.9209139531407583,2.682636190998892,,,,,,deltaI0.2,BLS-B
36,3656.009326624916,3085.8640282143297,1960.573231415037,11072.195386027333,0.2871761776382425,0.21945458221409445,0.18522916441032897,0.9228217527696041,4.55296950799675,,,,,,deltaI0.2,BLS-B
37,3655.9108320381943,3090.5791121857615,1952.9477113162225,11047.251153327023,0.28709608500518896,0.21963469556979184,0.18489121809126458,0.9213972502198029,3.575458030001755,,,,,,deltaI0.2,BLS-B
38,3654.40496111995,3087.781434006025,1954.5540247498398,11074.1717436658,0.2874960620948137,0.21979871830500272,0.18531732016059116,0.923636652494981,2.6941024650004692,,,,,,deltaI0.2,BLS-B
39,3655.1596257427796,3087.5989896253404,1956.252634228175,11055.248234263325,0.287083589628115,0.2195158074292297,0.185012966363056,0.9217654478019223,4.901089001999935,,,,,,deltaI0.2,BLS-B
40,3655.0996961008996,3084.670439408506,1960.7554841632407,11080.21256709519,0.28737873687803406,0.21958408183174538,0.18538977699895887,0.9235740937117592,4.281885958000203,,,,,,deltaI0.2,BLS-B
41,3655.496550422554,3089.0177412607345,1954.6417636814217,11056.916561286238,0.28698558467895524,0.2194194290716083,0.18497524147682906,0.9219297160628145,3.406160570000793,,,,,,deltaI0.2,BLS-B
42,3654.955480264907,3082.2585622331394,1964.2763854048071,11084.348868766509,0.287324671706568,0.21946171128793918,0.18545086748208078,0.9236003079304088,2.6863017619980383,,,,,,deltaI0.2,BLS-B
43,3655.8012343013897,3083.4265108030945,1964.0172140783852,11067.13820109327,0.28708129582480213,0.2193616294680048,0.1851921864701351,0.9221251904578208,3.0918070749976323,,,,,,deltaI0.2,BLS-B
44,3655.382521860475,3087.7723872018723,1956.3954267879221,11043.346844505191,0.28693165703021195,0.21945294252975567,0.18485178338640648,0.9207379320675981,3.628289293999842,,,,,,deltaI0.2,BLS-B
45,3656.033085633446,3092.844511443578,1949.587328456909,11035.085486322176,0.28677509579244487,0.21942484614186997,0.18464206579862183,0.920462581644713,3.687877117001335,,,,,,deltaI0.2,BLS-B
46,3655.7524933030777,3087.8136209388394,1957.0215467991761,11079.264413195862,0.28719440912497485,0.21944268464335703,0.18527152179749481,0.9236201006998607,3.858278665000398,,,,,,deltaI0.2,BLS-B
47,3655.792364397693,3083.920882355002,1963.2243384196356,11088.98692093059,0.286996743383683,0.21910279402390323,0.18536746306663054,0.9237806127280039,3.642122786000982,,,,,,deltaI0.2,BLS-B
48,3655.807185589361,3083.478456079431,1963.9467378472398,11090.02913283653,0.28744195904358066,0.2195569863953028,0.18551983598479252,0.924144577080248,5.454783873999986,,,,,,deltaI0.2,BLS-B
49,3655.5513493498815,3086.4738463984622,1958.7585004874957,11069.01245377224,0.28713473368091447,0.21944332106988304,0.18517824959705692,0.9226770298486863,3.849424130999978,,,,,,deltaI0.2,BLS-B
50,3655.477848765974,3088.010133221758,1956.1982823677297,11065.191736809162,0.2872606908700895,0.21962822184992378,0.18515439148505708,0.9226578148476561,4.5697974340000656,,,,,,deltaI0.2,BLS-B
1,29.12391391772036,26.338792412309214,12.42861119144324,70.98353724557757,0.008990638009850775,0.0026926011017795485,0.008577964276614183,0.19414436134903845,5.772750840002118,-0.01077251842916144,0.0001475540116336327,0.0017733621048333338,0.010918504414425585,-214.4545162962968,deltaI0.2,BLS-G
2,35.45556824338747,33.511214979846926,11.579973663009302,76.38161875992623,0.004005601203750344,0.00253276494366041,0.00310321490452258,0.08224567326363748,5.914331610001682,-0.006515094209782272,0.000209780044522212,0.0007740809808328839,0.006564271596628634,21.407905750696955,deltaI0.2,BLS-G
3,28.211658904035378,24.94015365893532,13.186600531840412,49.97222584586497,0.005027033082665931,0.00178604334360265,0.004699054244099594,0.1467860540958897,5.81424116099879,-0.002468946407088404,0.0011032908713273226,-0.0015082183177285388,0.0030963962281595754,-63.10396434787981,deltaI0.2,BLS-G
4,14.54219141292728,13.261243817260056,5.967808937072123,25.45650151727357,0.003713254316584879,0.0014371692682148334,0.00342385778240497,0.11048627431829662,5.791275853000116,-0.003260095107069617,0.0012634354099778922,0.0008864068141220835,0.003606966340631324,-13.871980180010723,deltaI0.2,BLS-G
5,26.846205790195313,19.44368985511803,18.511123416678323,106.51798307832665,0.004711788021313246,0.002329341855525172,0.004095743263180633,0.11826470294605647,5.770055794000655,-0.00699052606783567,-0.0002953848324291908,-0.00015034781355615571,0.006998379195882456,-24.572616575555003,deltaI0.2,BLS-G
6,17.5737956887848,16.850562346018044,4.989673690143474,36.89314782916147,0.006366359754861348,0.0017311890700687992,0.006126460718228148,0.17437826491981048,4.343700727000396,-0.004971306327779066,0.0007332743958724519,0.0027085542818046605,0.005708576376097691,-116.05234291156376,deltaI0.2,BLS-G
7,26.513767666065192,24.663804009978236,9.730192578128431,65.36770092161488,0.00379156331602635,0.0019002604964516662,0.0032810002171688437,0.10026790854123664,5.780968119001045,-0.001084937149619379,0.002148884658857819,0.00022304316237131233,0.0024175487891621348,-1.9168270781374304,deltaI0.2,BLS-G
8,30.016316288744832,27.858916930850217,11.174076739755964,53.705206384311175,0.005780359555328992,0.00210160846108374,0.005384774690289689,0.16275311643745605,5.827285486000619,0.0021936268976301514,0.002383151545459511,0.0020099236024075902,0.0038119815243712347,-87.26624598205672,deltaI0.2,BLS-G
9,16.666569225067672,14.713295588215837,7.829014156824681,43.47803175652825,0.005096030190852894,0.0012081625144604426,0.004950744090006754,0.15368710444588216,5.757299916996999,-0.0012651512246655762,0.0013103887867782216,0.0005847742412761831,0.0019130309216128846,-72.83170910585613,deltaI0.2,BLS-G
10,24.938882268919844,23.753937014662764,7.595941358809906,46.93449406758573,0.0045444569859198125,0.0019741419500654087,0.00409326921394957,0.13295728242044796,5.798823451001226,0.002018718026160371,0.0019472062771590526,-2.9697426889960823e-06,0.002804789399281892,102.02487675457814,deltaI0.2,BLS-G
11,16.83688191973574,14.652155350147007,8.294271298570036,45.29001423345759,0.003544323356320895,0.001590113935292443,0.0031676119912247133,0.09577663712274477,5.770002009998279,-0.001755052771013995,0.0009317901701333675,-0.0001881339894285311,0.0019959552971395345,53.795179720305896,deltaI0.2,BLS-G
12,18.272667197980237,16.711791686630814,7.389613328909715,36.93403737150086,0.0034423996878882013,0.0015134623748964697,0.003091851751126745,0.09457228638819451,5.773677815002884,-0.0028826799495089194,0.0009695422059023684,-0.00030093827288193525,0.003056210009867113,52.657363437676395,deltaI0.2,BLS-G
13,17.590502102719878,17.127557735751303,4.009056027832246,24.61727630501652,0.0056438756106446785,0.0018868153906747883,0.005319140869533593,0.16140253281687963,5.79369704200144,-0.003920471214449796,0.0012605498684403194,0.0020753445070787555,0.004611522019595735,-87.957889663674,deltaI0.2,BLS-G
14,20.409374855910396,18.56915427875982,8.46930288634686,49.174111076390744,0.004130979090095051,0.0017041489017118395,0.00376309244685762,0.12295161053444316,5.8020386030002555,-0.001994178049993375,0.0020904909234840674,-0.0006487856561983382,0.0029610506959411144,-30.249538888929237,deltaI0.2,BLS-G
15,32.18266136183366,30.27774085592736,10.907891684086731,57.58423758233208,0.005634589210120723,0.0027194319687784047,0.004934904794825821,0.1536013427763051,5.7786305520021415,0.0050995272228519205,0.0026139067201944866,-0.001786011638059112,0.006002293212578698,133.81006188227184,deltaI0.2,BLS-G
16,27.042942422723875,20.363846139091635,17.794226740776388,97.26905683074718,0.004101858978928897,0.0019880374964980053,0.0035878899085029846,0.10498701212533607,5.792964623000444,0.002034702722812779,0.0017695983940546889,0.0013397630330867934,0.0030110560657829995,-6.306321726231545,deltaI0.2,BLS-G
17,27.497046186832897,26.104372732660035,8.639981089977967,60.749680627480004,0.003663304111839,0.0019976264546990165,0.0030707141780542124,0.09165717891928264,7.1450079179994646,-0.0010467319742246063,0.0007230281160214014,0.0008495519177465374,0.0015297568249131685,10.35892104794766,deltaI0.2,BLS-G
18,24.643172922663243,23.108325592430795,8.56103148052212,48.81244647120848,0.010194753866952986,0.002541700933188101,0.009872829522177702,0.19975050321578705,5.751593272998434,-0.003780310752166556,0.002717909352560388,0.0016623406254539688,0.0049437998530195365,-274.7044722233841,deltaI0.2,BLS-G
19,17.933397444049778,14.70257292074266,10.268451363107085,54.26422144976473,0.004299484903897055,0.0013781177931579004,0.004072635729723476,0.13106384585411898,5.76617419899776,-0.0012656738966659435,0.0013795155480024468,0.0009712314353551702,0.002109095555185708,-40.115919477095304,deltaI0.2,BLS-G
20,25.932103173830814,24.397504651659265,8.788386756991907,39.96968683849493,0.0036155136348054537,0.0019175327849299895,0.003065127544194985,0.09526217321543438,5.770087240998691,0.002391173973400809,0.0023180490883630833,0.0007852540020792209,0.0034216499521300785,54.84561401676183,deltaI0.2,BLS-G
21,19.84067087842473,18.814790889006613,6.297290267164514,36.449120813213185,0.0053578440708484665,0.0020066891054103643,0.004967865932344935,0.15472362802845618,7.238252047998685,-0.004850362255286159,0.000930190414831833,0.0012929560695885806,0.005105193788019765,-75.98511840391438,deltaI0.2,BLS-G
22,20.076728737154948,18.04302210444762,8.804793587797384,56.51835185521501,0.006747866110723958,0.0017998084510658554,0.00650341345661867,0.17963014745844777,4.303789624998899,-0.004353251497694145,0.00083635751838948,0.001318963060019098,0.0046249276809954415,-127.7045452286111,deltaI0.2,BLS-G
23,22.1384633881916,20.18671810801002,9.088892848858997,43.52910335982237,0.003881303889219466,0.0018104050832136727,0.0034332132638600016,0.11174558793703301,5.800437542999134,-0.00353191099548149,0.001423931208743734,-0.0020421848508769963,0.004321168167566375,-15.368310719575675,deltaI0.2,BLS-G
24,20.42624085772364,18.950630984245258,7.622657074583788,33.75506965766616,0.0036318360739318123,0.001658423163371174,0.0032310781295267978,0.10126998030669142,4.315399586997955,-0.002728693971639099,0.0013821361694725254,-0.0019736467497021098,0.003640240744021396,-2.7255761982523836,deltaI0.2,BLS-G
25,22.505933355037108,20.610103821133244,9.041053957558299,58.17397778102203,0.0034188541625413114,0.0016258113908606611,0.0030075407073011954,0.08089767789869613,5.810825167001894,0.0001039643815129852,0.0014547769235732089,0.0016297304981903696,0.0021870541801053624,35.439169937875704,deltaI0.2,BLS-G
26,30.0086287438197,22.369235203782942,20.00337760185114,90.77419171170884,0.006972020201273696,0.002152478328252823,0.0066314329321324255,0.18054032123343425,5.767962641999475,-0.0015019182170888147,0.0027692774307240264,-0.0008132331454602018,0.003253613985711243,-131.1314784583592,deltaI0.2,BLS-G
27,20.868763370425224,17.216830422446062,11.793474247037517,68.24558750844491,0.0035614906250866344,0.0015859155791652381,0.0031889006331870823,0.09548261125914989,5.718211682000401,0.0022508222925813103,0.0017237232911175848,0.0004079629438754024,0.002864237549627773,54.48849887113465,deltaI0.2,BLS-G
28,26.53071593820204,23.39145636090951,12.518732264460075,68.41450573119309,0.007609074399798483,0.0020768052087530467,0.007320170308576492,0.18980630391048564,5.719416202999128,0.00041121620873991603,0.0019153170410324827,-0.00032376764115827787,0.001985538623009145,-157.66034880668303,deltaI0.2,BLS-G
29,21.21574296445768,18.836448066711004,9.761965671115355,51.807846000995944,0.003934704072946825,0.0017150581719094307,0.0035412528303738785,0.11229625105763168,4.374322208001104,0.0003028886003382983,0.001401723212557826,0.0034584954689500695,0.0037440299648355494,75.198993801896,deltaI0.2,BLS-G
30,35.33209869637771,29.44859109265728,19.52274778170435,106.97369291304878,0.006029670356738598,0.002636038275503939,0.005422935258788398,0.16021147431145363,5.7741540070019255,0.0016641033953745522,0.0020199908096754093,0.002362071603054442,0.0035254765975150665,-84.22305412790593,deltaI0.2,BLS-G
31,38.13151614663444,33.96825964389533,17.325410829355672,85.7011453129433,0.008120730065475921,0.003390379961463177,0.007379131419973051,0.18968454688868844,5.773008579999441,0.009669089536115725,0.003073180675227577,0.0020737236956898508,0.010355484628257647,224.23477962601464,deltaI0.2,BLS-G
32,24.93995199231205,19.649131300841564,15.359454563919845,85.27188779127806,0.0043692932334736,0.0019815136201918114,0.0038941401018803275,0.12172598977324411,4.347776257000078,0.0012408832339440403,0.0007320808837530668,0.0011308097886999241,0.0018315196965524717,87.72794637027982,deltaI0.2,BLS-G
33,26.855117191136387,24.69454793728973,10.553512283717133,51.51020917907436,0.008092901602230826,0.002237741807403961,0.007777375389344835,0.19070495401947052,5.7597655250028765,-0.008727000208964037,0.0005332045394950136,0.0019977448902771602,0.00896860214162859,-181.85133956189384,deltaI0.2,BLS-G
34,18.509870053626585,17.377194373042716,6.375610176574067,39.79061031380717,0.0033699908301126546,0.0014415578984397694,0.0030461039083539646,0.08980553893197929,5.785514356997737,-0.0019043427566668495,0.0017265212139548347,0.00015877539807519536,0.0025753847215784107,11.201063598462497,deltaI0.2,BLS-G
35,29.684677409200784,25.887491931051304,14.526452919005004,84.5611417857091,0.004948066806716932,0.002435046258531578,0.004307425546953222,0.13683006039353812,7.153295542997512,-0.0007139173677945723,0.002526796655677205,0.0001387201231089444,0.0026293768500798053,-48.378616672933276,deltaI0.2,BLS-G
36,20.069749616462904,18.507703065899836,7.762717107559361,53.84195009890254,0.004131549392089922,0.001829059463990266,0.003704624388040742,0.11813954350394998,5.798233888999675,-0.0013463415827747703,0.0005471624554650167,0.0010175597618592173,0.001774105487036768,83.03837318017031,deltaI0.2,BLS-G
37,21.524063224277874,19.73358045023696,8.594829858510106,42.13514377206781,0.0084263474312181,0.0021504838685374285,0.008147315518792442,0.19428143641180665,5.757036271999823,-0.005844509142044913,0.0013449537953287571,0.0005601329524765743,0.006023365898521018,-196.11291850343696,deltaI0.2,BLS-G
38,39.416994514421035,34.886185929138435,18.348119464061735,99.80075394661569,0.005785006476227214,0.002404268162749578,0.005261729233966678,0.15802631292906716,5.782932231999439,0.0026014811144662578,0.0021491320881555365,0.0007085367813085015,0.0034479699957701763,-80.61132978304522,deltaI0.2,BLS-G
39,22.938661249452363,19.513350926884723,12.058661431575839,75.27189234079479,0.005384044060365935,0.0016684392353549338,0.005119007810297806,0.15567128634279523,5.775764803998754,0.00240049702166019,0.001584079437698227,0.0003660495105477979,0.002899256087362766,135.517347420624,deltaI0.2,BLS-G
40,19.30322948302154,18.344820287514533,6.006849181807982,42.937685722893846,0.0047713736172034825,0.001631265317287089,0.004483857676104552,0.14288894900943125,4.366051355002128,0.0012785523580149105,0.0016469822590219618,0.0021719191799282156,0.0030107274233743954,115.52456249327224,deltaI0.2,BLS-G
41,28.364882843881745,24.92577551277736,13.537809787176272,69.91103327758162,0.004900138503607524,0.0022418575205897036,0.0043572275832130195,0.13799312215807794,5.710746894001204,0.0020299320132007356,0.002515477900479568,0.002784936080241145,0.004266628882038746,-49.312151910598914,deltaI0.2,BLS-G
42,25.57445714322259,24.561786996436606,7.1254107048089885,50.93448194318114,0.007988828775118794,0.0018427012859571273,0.007773405763814082,0.1916019379016305,5.791074369000853,-0.004767424902389879,0.0016017748942209475,0.0018755781506833457,0.005367663962191042,-180.22255177590705,deltaI0.2,BLS-G
43,27.001440793556643,21.942764286318614,15.735085014165167,71.17607615882962,0.009615947108371195,0.0024053774566784865,0.009310241569470433,0.1981976349106618,6.013359083997784,-0.0038822578708438264,0.001370725943666412,0.0007641305754009746,0.004187446874245886,-245.2842799710561,deltaI0.2,BLS-G
44,23.4404951998001,19.202131847143814,13.443769848400292,76.66816595726581,0.003915425751360659,0.0013972961787567537,0.0036576115435144213,0.11295684468595454,7.202664821998042,-0.00037548541988100713,0.0008727790443219252,0.0002027170270034556,0.0009715074646073642,75.4812008000008,deltaI0.2,BLS-G
45,29.86804872793848,27.297907830710045,12.121244279386788,59.09720770913091,0.004235669086237853,0.0019525141353047206,0.0037588004947783885,0.12129209424839879,5.7907247309995,-0.0021740532343168906,0.00013475834835247058,0.002527730939048378,0.0033367785330040726,86.92438699352351,deltaI0.2,BLS-G
46,17.0633907516,15.198076074339463,7.757434342640536,42.89842676237521,0.0033622298464594056,0.0013734858621525011,0.00306889656503598,0.09274627602062345,7.167436489002284,0.00011750081978664216,0.00168892060074749,0.00019969000407593,0.001704739081504158,9.066320133999398,deltaI0.2,BLS-G
47,23.349707641857993,20.27206165955671,11.586732198138204,58.161428352735506,0.00651860070505142,0.0017363479182153571,0.006283092475748393,0.17722488363762515,5.770955886000593,-0.0008180780471991275,0.0011444139754882288,8.450209131044534e-05,0.001409281959736145,-119.14746413698595,deltaI0.2,BLS-G
48,17.81152160830641,15.577324069753272,8.636971507944875,39.96752652318495,0.00353943888976096,0.0017582163284921488,0.0030718566041688673,0.09024239621965217,5.828210752999439,-0.002716099528693676,0.0010570534752184224,-4.7629464915443404e-05,0.0029149317771037945,11.590239517565351,deltaI0.2,BLS-G
49,17.24770030603236,13.04600179595022,11.282065546112223,59.38080232217013,0.007861406307074955,0.001736806591901928,0.0076671514910848036,0.19136767367070665,5.932555671002774,-0.003386693525687651,0.0010285099988129043,0.0005370801083983181,0.003579941465642968,-173.02480040760565,deltaI0.2,BLS-G
50,20.248146674442314,17.970341626044963,9.33028754074412,37.83634691103346,0.009642172303678849,0.002128875739847958,0.00940422111703666,0.19794776570498973,7.243966761998308,-0.005935756821748223,0.002024004608711688,0.0018413842820583825,0.0065360920875725415,-253.06358251901838,deltaI0.2,BLS-G
1,953.8700960791583,846.8008607389519,439.08593970410067,1534.9965447028637,0.07125358590227299,0.06481078296873037,0.029608038011876534,0.11160203045166073,2.6908350979974784,,,,,,deltaC0.2,BLS-B
2,954.1944146902457,847.9183743563214,437.63159330079674,1522.7884407543118,0.07153509960498113,0.06511957858348824,0.029609305304303758,0.11066243537752883,2.6948393660022703,,,,,,deltaC0.2,BLS-B
3,954.0393441000099,846.1546955016164,440.69638229890654,1549.6312528445317,0.07110344315046246,0.0646277242268891,0.029647207104619787,0.11266230730864733,2.6944066240030224,,,,,,deltaC0.2,BLS-B
4,953.7260295522751,846.0645291364101,440.1910403253703,1542.9984956132785,0.07110407883468355,0.06463926522258082,0.02962356187924989,0.11217168970684913,2.6931108579992724,,,,,,deltaC0.2,BLS-B
5,953.7051526655788,846.3577022313051,439.5817990938892,1539.5673959444441,0.07113742943607036,0.0646854742452461,0.029602758122166513,0.11192800894398898,2.7076053739983763,,,,,,deltaC0.2,BLS-B
6,953.786881054011,846.3515560008561,439.77091550677585,1540.9998075197066,0.07114155016159694,0.06468852332981222,0.029605997851843365,0.11203370440240983,2.682950824000727,,,,,,deltaC0.2,BLS-B
7,954.0368601884021,847.0419744173224,438.9831707176813,1540.662085952636,0.07112032801137563,0.06466302816133966,0.029610704913113014,0.11200288304972827,2.68595199000265,,,,,,deltaC0.2,BLS-B
8,953.9156375750053,847.2048537645838,438.4050403084565,1536.1812876166114,0.07113823084716184,0.06469507802950959,0.029583690892445353,0.11167181934715448,2.6988400050031487,,,,,,deltaC0.2,BLS-B
9,953.8231971355533,845.997376643313,440.5305098475257,1540.6766945139764,0.07126296920751457,0.06480588132477844,0.029641331380184415,0.11199127266858538,2.7015779050016135,,,,,,deltaC0.2,BLS-B
10,953.9525396269919,846.9647738763102,438.94888047862503,1545.2234250253296,0.07095261472369652,0.06447633735110131,0.02961545977891095,0.11233347885200286,2.6924295620010525,,,,,,deltaC0.2,BLS-B
11,953.7750023735518,846.6638752933067,439.1435271366173,1532.418129021532,0.07133754120346143,0.06490472652304513,0.02960441284545735,0.11141422489402995,2.7076603649984463,,,,,,deltaC0.2,BLS-B
12,953.8214546297069,845.6546445916911,441.1843032026757,1541.6116728441282,0.07129138271843487,0.06482284916580698,0.029672537403016126,0.11205987748243545,2.6791166759976477,,,,,,deltaC0.2,BLS-B
13,953.7443221409904,845.2458705784112,441.8004643346597,1546.745277665628,0.07120242772599036,0.06473252014258651,0.02965613848876003,0.11245829786844744,2.6961362860020017,,,,,,deltaC0.2,BLS-B
14,953.8023447943526,847.432776994091,437.71749041052556,1526.5288974470711,0.07131804238491814,0.06489394002637865,0.02958107025565084,0.11097084949775027,2.7079230710005504,,,,,,deltaC0.2,BLS-B
15,953.7938804799537,845.2631836575671,441.8743223973104,1544.23649061271,0.07126620755955698,0.06479585007716544,0.029671032214929054,0.11225951742855206,2.7039651129998674,,,,,,deltaC0.2,BLS-B
16,953.8406343870324,845.9493680312453,440.66043904053066,1538.2038924430074,0.0713422010400008,0.0648865976184942,0.029655338452418897,0.11183283114929712,2.709178378998331,,,,,,deltaC0.2,BLS-B
17,953.992905419414,849.0177820438042,435.0531799263103,1513.2385063248387,0.07146069830055723,0.06507471566515237,0.029528169308354276,0.11000650125911685,3.833651121996809,,,,,,deltaC0.2,BLS-B
18,953.76584903567,846.4230224069156,439.5877181249206,1531.7374347761881,0.07136388722736703,0.06492514677498198,0.02962312806655309,0.11134743608926517,2.6987709699969855,,,,,,deltaC0.2,BLS-B
19,953.8793836026762,846.5547028657053,439.5804971995217,1534.9302858756957,0.07132084345730409,0.06488311383837234,0.029611556022912603,0.1115689682017946,2.6884112600018852,,,,,,deltaC0.2,BLS-B
20,953.8367584540753,846.0797075976068,440.40173724648963,1543.5067965150738,0.0710994631706077,0.06463436835340161,0.029623168140923008,0.11220524805212781,2.7011966559985012,,,,,,deltaC0.2,BLS-B
21,953.8819025249583,846.3426654475323,439.9940642870087,1529.2550107663917,0.07151572175477862,0.06507625699139631,0.02965770109257726,0.11115940217084547,2.6974623649985006,,,,,,deltaC0.2,BLS-B
22,953.8223751425148,845.2637733463714,441.9346974279824,1551.5721108427201,0.07106540805289889,0.06457188073370632,0.029677675789000615,0.1127922286402835,2.718168606999825,,,,,,deltaC0.2,BLS-B
23,953.7852220724765,846.0324905617073,440.3808292351043,1539.295487347633,0.07126698504587714,0.06481064636750332,0.02964056806061086,0.11189073122677339,2.6809391169990704,,,,,,deltaC0.2,BLS-B
24,953.7711994595107,845.0774656185081,442.1804812768574,1546.9056261393307,0.07123926553693202,0.06476624655919397,0.029670966631965435,0.11246365775971899,2.7103060420013207,,,,,,deltaC0.2,BLS-B
25,954.0240129920311,847.2136384599619,438.62383447876175,1538.6812970982407,0.07113508750992471,0.06469154208289413,0.029583864824964716,0.11185082172320866,2.6863789679991896,,,,,,deltaC0.2,BLS-B
26,953.8603650570969,846.4611949165285,439.7192758196312,1540.6484459398644,0.07118527051450786,0.0647354153973838,0.029608592191318825,0.11201103755548056,2.6840345410018926,,,,,,deltaC0.2,BLS-B
27,953.7597537978696,847.0296624410362,438.40440110655504,1536.3157271859252,0.07110530042498198,0.06466334560010764,0.029573898700171127,0.1116921044060487,3.746281411997188,,,,,,deltaC0.2,BLS-B
28,953.8608578994617,847.5739448593832,437.5716446802744,1530.0930149967978,0.07121418834399906,0.06478158099226287,0.02957714295934374,0.11120916430224645,2.6945575499994447,,,,,,deltaC0.2,BLS-B
29,953.783524127025,845.2370742587584,441.90191128197364,1545.4336372652572,0.07124950819972874,0.06477290884903963,0.029681015783446736,0.11235390154497425,2.7073832460009726,,,,,,deltaC0.2,BLS-B
30,954.0785021383253,848.1424722459059,436.9440868293257,1518.5281197121647,0.07149268178435306,0.06508931420272195,0.02957337865949892,0.11039333355989629,2.6714845319984306,,,,,,deltaC0.2,BLS-B
31,953.912117266957,846.1471693757632,440.43534738496226,1545.64433595864,0.0711456390877577,0.06467677207532327,0.029641476264217353,0.11236503821345561,2.712592472002143,,,,,,deltaC0.2,BLS-B
32,953.7716043681829,845.8330653555034,440.73427238004797,1541.72028134726,0.07126186097386537,0.06480903319682665,0.029631774255875022,0.11209328425451012,2.6539344820012047,,,,,,deltaC0.2,BLS-B
33,954.0164603824331,845.9236149953581,441.0902903871402,1545.5600526002281,0.07120201337223653,0.06474132030231027,0.02963592674059337,0.1123732236888279,2.7006311709992588,,,,,,deltaC0.2,BLS-B
34,953.8550922179494,846.3890110962983,439.8467674606045,1534.2608985113077,0.07136455712757978,0.06492217624352094,0.02963125116866991,0.11154107589138695,2.670326892999583,,,,,,deltaC0.2,BLS-B
35,954.0467418071938,848.7396582616198,435.71341274612087,1521.8378096346412,0.07123581835366789,0.0648246101661832,0.02953492395993506,0.11060580953719222,2.709766795000178,,,,,,deltaC0.2,BLS-B
36,953.7761797535293,845.5801811603492,441.22914488286887,1539.0081483594156,0.0713598940346357,0.06490030265057559,0.029667915203096567,0.11187896302172584,2.7024676479995833,,,,,,deltaC0.2,BLS-B
37,953.9392422933051,848.1163177636108,436.69072526242076,1528.3427630980534,0.07123602716992435,0.06482079357390065,0.0295438028595501,0.11109938371185893,2.711305156997696,,,,,,deltaC0.2,BLS-B
38,954.0217736537076,847.7039582324803,437.67058823086506,1536.5489432613665,0.07115992175544199,0.06475061447250147,0.029514274337582944,0.11171786845436471,2.6563756089999515,,,,,,deltaC0.2,BLS-B
39,953.874144760003,847.1881196933183,438.347092943625,1529.009917787468,0.07133972950714221,0.06491596413198103,0.029585040256311455,0.11116451034531293,2.707305110998277,,,,,,deltaC0.2,BLS-B
40,953.7553912016616,846.4322275402435,439.54730169515983,1539.1663876681448,0.07114464613570257,0.06469731077350058,0.029594233432400686,0.11190452644278553,2.6930816400017648,,,,,,deltaC0.2,BLS-B
41,953.8155561074234,845.7801374784858,440.93091762699834,1542.017718899127,0.0712706631339405,0.0648148182645857,0.029640289419645544,0.11210500391730469,2.673863872001675,,,,,,deltaC0.2,BLS-B
42,953.9338893899998,847.8437228636466,437.2080590833662,1528.369952308379,0.07123518160519685,0.06481459854804068,0.029555353379408244,0.11111730916120399,2.6973748829987017,,,,,,deltaC0.2,BLS-B
43,953.9811998564277,847.2253758056603,438.50802988140043,1527.7704110919647,0.07145684309087405,0.06501896368209632,0.02964143697967483,0.11106623343596508,2.726148577999993,,,,,,deltaC0.2,BLS-B
44,953.9800890214202,846.2312225061179,440.42108067747847,1542.8043970670324,0.07119877701511979,0.06473882867294406,0.02963359428931877,0.11216505612539282,2.708770915000059,,,,,,deltaC0.2,BLS-B
45,954.043937367222,846.7186990465332,439.62174549503175,1540.8880734876261,0.07123411353936389,0.06479580056744573,0.029593971692944247,0.11199577381885191,2.6855717149992415,,,,,,deltaC0.2,BLS-B
46,953.7484972683343,846.9393934771724,438.5542837758232,1529.7460694116273,0.07135030969266033,0.06492347397372272,0.02959407407610326,0.11121061544693192,2.705019663000712,,,,,,deltaC0.2,BLS-B
47,953.8267989741736,847.0830731315385,438.4470659673151,1532.8933104536077,0.07124684216040984,0.06480521735325386,0.029603991650246735,0.11143175440297445,2.701087326997367,,,,,,deltaC0.2,BLS-B
48,953.7358996074856,846.2119594091877,439.9289555746055,1535.194099510429,0.07129946338283712,0.06485521691741748,0.02962118021408424,0.11160827656132478,2.6875203320014407,,,,,,deltaC0.2,BLS-B
49,953.7378145785342,846.848181730434,438.7071643555598,1532.60517847644,0.0712425847370356,0.06480400375337944,0.029596401428985977,0.11141878493550479,3.237974256000598,,,,,,deltaC0.2,BLS-B
50,953.7616371420431,846.1875498305797,440.0316931717423,1536.4493838479846,0.07134258475837249,0.06490145194911201,0.02962373938081867,0.1117068343251545,2.7036806769974646,,,,,,deltaC0.2,BLS-B
1,24.98099145945164,23.09767973481225,9.515625316564298,66.83437810348573,0.0061730714048104755,0.0020973171906816697,0.005805865238752955,0.16868149745793296,5.75784343900159,-0.006159603106052004,0.0001573127954187298,0.0016695711551244219,0.006383801812533926,-100.05400265721983,deltaC0.2,BLS-G
2,35.667194255411175,33.74584087305235,11.548461794709524,76.82486551602646,0.004490503642719313,0.0026009808235054614,0.0036605357150330154,0.11551987933158976,5.795651668999199,-0.0069765113751072225,0.00020597394503054918,0.0007604836223752132,0.0070208597459949906,-20.975667037288076,deltaC0.2,BLS-G
3,28.188294741200497,25.26901765839782,12.49226588719479,50.42071480439763,0.0035527457994114424,0.001785835775860498,0.003071285284191682,0.08537589676828068,6.565891098998691,-0.0011286939539096874,0.0011122689130666872,-0.001448471296723125,0.0021468957296519094,42.86148755079921,deltaC0.2,BLS-G
4,16.471114540105063,15.050758379946341,6.69120963516578,31.398632082731954,0.006601888984282578,0.0017479703372452523,0.006366281321219034,0.17888442110652517,5.926848877999873,-0.002950187877847465,0.0012919475381415475,0.0007800761606678863,0.003313797786882972,-123.0130126344884,deltaC0.2,BLS-G
5,26.709396860618842,19.505471400274406,18.246327469140542,106.07759901170036,0.004179537400577721,0.0022760757202312885,0.003505426107993377,0.07671437324000463,4.392871866999485,-0.006474741353337093,-0.0003103811795512168,-0.00011046974537071153,0.0064831177402446824,30.83004815546883,deltaC0.2,BLS-G
6,17.39726797303452,16.240019206651574,6.2391272701525,40.75373502405313,0.0033651496661980585,0.001513838883787746,0.0030054157964989094,0.08479987178296629,5.79448132700054,-0.002476714137947804,0.000751518134197312,0.0027530165214834645,0.003778623081851226,19.264828314502665,deltaC0.2,BLS-G
7,26.533640769504643,24.71209533385018,9.661595970429472,65.65282436207279,0.004126831381315317,0.0019127966912627224,0.0036567671607176835,0.1158630614984303,5.738366199002485,-0.0010452635467612004,0.002146147282059528,0.0002097207921790134,0.0023963528223430487,-19.502026443071372,deltaC0.2,BLS-G
8,31.145793028303753,29.1068875095188,11.0837503973228,52.580730543817346,0.0038948796546407565,0.0021836717994012152,0.0032251612357577343,0.09960263579170724,5.770881446002022,0.004022007081028852,0.00241523134159905,0.002017494431093114,0.005106874501373644,0.45094735312159173,deltaC0.2,BLS-G
9,22.011241796651078,20.31937887282965,8.462718691593352,48.98327255626614,0.008436819667150394,0.0018929730902464445,0.008221713870940688,0.1953082873475024,5.7638203839997,0.00032358387951273744,0.0013537266684761767,0.0004076378813885062,0.0014503279154615457,-195.9842985725263,deltaC0.2,BLS-G
10,25.65893008768447,24.569657619706366,7.396797800067565,42.49700136419163,0.005705397457886918,0.0020272546130358504,0.005333085306498234,0.16149798852602504,4.368185433999315,-0.0001985276322008952,0.001851575961083733,0.0001438911890623562,0.001867739659240608,148.44440119268256,deltaC0.2,BLS-G
11,16.361801436392025,14.633510398202878,7.319079154484418,40.801959619769,0.004171212008573327,0.0016417308125516955,0.003834544244051002,0.12358999452738592,5.798994190998201,-0.0029052550885176557,0.000906833852320836,-0.00021030799598117933,0.003050751418625647,-30.390855209960137,deltaC0.2,BLS-G
12,18.783416186564622,17.237220573741865,7.46290496588748,40.808927668168934,0.0034854983439762672,0.0016122576158566014,0.00309019806581612,0.09335459528352591,6.028570409001986,-0.004023310323011303,0.0009246791961889577,-0.00024577387596724787,0.004135512346641216,52.1476747189663,deltaC0.2,BLS-G
13,17.91401916308355,17.185874746544883,5.055471468754986,32.14870541066906,0.0045125089309273085,0.0017968897761606072,0.004139314434061297,0.13454549666047438,5.781306491997384,-0.002022085610874884,0.001290062279574778,0.002041741660453733,0.003149888872789212,-43.36931115772313,deltaC0.2,BLS-G
14,21.861848531280582,20.415316667972803,7.820183281167197,50.39093803879455,0.004467266647149751,0.0017495803183319926,0.004110406306734396,0.1331746812992005,5.755562851001741,-0.0013588436347612349,0.00207646839114925,-0.0005239821935037747,0.002536283568980824,102.1770153841062,deltaC0.2,BLS-G
15,28.780890593706186,27.406455055264633,8.787825935386126,45.50924273244731,0.004463788905216437,0.002420497266845515,0.003750547209611785,0.12186815564466544,5.814560855997115,0.002195206390014699,0.002488439667247651,-0.0018017952194807618,0.003775940821204259,-27.187378354094108,deltaC0.2,BLS-G
16,27.343426333098215,20.844384119910234,17.696740216638858,97.76396692099456,0.0038763096033219624,0.002014125532641313,0.0033119593112791133,0.08472528174771718,5.804385750001529,0.0021435982202290525,0.001762898043992819,0.0013894731656087789,0.003103781326258303,40.951718590047676,deltaC0.2,BLS-G
17,27.569788745487163,26.110575236067046,8.850486557951086,59.803208192399886,0.004951547271432745,0.002130010007597006,0.004469997511047368,0.14281721646377174,7.343879555999592,-0.0012393142939307444,0.0007268242371186199,0.0008025869774969385,0.0016456971918466028,-58.84290008955577,deltaC0.2,BLS-G
18,27.945101997256188,26.277429902892756,9.509227273317714,52.89825646327037,0.007465629599323572,0.0024979129607455145,0.007035343357280854,0.18690869318879716,5.799160253998707,0.00218342918246956,0.0027695844352328375,0.0015058521386953627,0.0038347818193943035,-150.67139467030938,deltaC0.2,BLS-G
19,19.297310203433256,16.389943070952533,10.186066327020669,57.6157906251635,0.005263148152967145,0.0014945530401461885,0.0050464878569428115,0.15492715980496824,5.776603771999362,-0.00040190762006137015,0.0013997684405618177,0.000903001276991916,0.0017135614166131567,-75.38896789478895,deltaC0.2,BLS-G
20,25.907314349930125,24.583979759906335,8.174159038739766,39.78083782105683,0.004300335321970163,0.0019090951593376327,0.0038533413492679107,0.12632915651194832,5.867198022999219,0.0011955374146827692,0.0022682363151269357,0.0008840318919480228,0.0027121427095837306,94.28726093787554,deltaC0.2,BLS-G
21,20.12377111637449,19.276405427929994,5.778092913955186,36.300570431321766,0.0034686123996311123,0.001824707198309709,0.0029498670511247512,0.08354477719507354,5.759359306997794,-0.0032213415471328707,0.0009339619757461181,0.0013501846812143115,0.0036155670383509393,38.512890674959635,deltaC0.2,BLS-G
22,19.91057795312084,18.312214201256715,7.816260325410968,54.077822542311594,0.004460850884414046,0.001567136657578369,0.004176514492905738,0.13327486030226937,4.365545466000185,-0.0015969798030391618,0.0008721080256504222,0.001289725989925966,0.0022303161275499467,-41.24961309036735,deltaC0.2,BLS-G
23,23.099973647487502,21.879008167983283,7.410653419229494,42.50512673712095,0.006255140821094327,0.002009140903888033,0.005923693064300731,0.17146883846537941,5.788392046997615,-0.0031957352220430774,0.0014497608988216935,-0.00213602215876188,0.004108177325272214,-107.99955226776365,deltaC0.2,BLS-G
24,20.405314486501915,18.998484721141992,7.445430651989113,33.50387925823318,0.003750399496185676,0.0016671327897929543,0.003359488747143966,0.10611988064704221,4.380724918999476,-0.0026728147179178306,0.0013774775243176232,-0.0019744160010766454,0.003597179644058088,-6.654959585568577,deltaC0.2,BLS-G
25,22.51712207974483,20.666867903431772,8.938755943431609,55.0058018279609,0.005443959629813741,0.0017403840226586195,0.005158271018928374,0.15786819988810594,5.7356951359979575,-0.0006340368027462569,0.0014434965866218837,0.0015663820853399901,0.0022224396279988757,-79.46610287517251,deltaC0.2,BLS-G
26,31.7712787976251,25.244105048944164,19.291171989132593,93.85437762636033,0.006211241423763917,0.002270645943519221,0.005781322255631537,0.16694727176336177,5.784593014002894,0.0013360461105555903,0.0028182329931804276,-0.0009085001560975581,0.0032485118049671176,-97.20571444197412,deltaC0.2,BLS-G
27,19.53327040692354,16.13309026898714,11.012359018970793,63.31478753822338,0.004111405345714684,0.0015143760857264145,0.003822344697662839,0.12273848124103966,5.760195496997767,0.0010880387732879167,0.0016844466826090388,0.00038878394167524144,0.0020426311345994427,-28.734550582361408,deltaC0.2,BLS-G
28,29.90278585725881,26.241476958885986,14.337415703024485,81.42549245881403,0.004099150914519389,0.002124698734184187,0.003505523286038942,0.11000098863740586,5.763685384001292,0.0037690271699417134,0.0019712867310506606,-0.0003225266631469992,0.00426562546787877,-13.087598765006987,deltaC0.2,BLS-G
29,20.368413410193966,18.332659776598863,8.876139383991422,46.18129352089288,0.005017879874389802,0.0017301924609759022,0.004710154188748854,0.14817150413045013,5.804662156999257,-0.0012513002830468235,0.0013744788825034108,0.003417718822380067,0.00389046867943335,-62.71705895276682,deltaC0.2,BLS-G
30,36.87138968773967,30.850876854166522,20.192146365213574,114.38458115494824,0.0043220938262403434,0.0027024078590941218,0.0033730530393000367,0.09023837928361533,6.284970516000612,0.0034551512674564668,0.0020577479482836525,0.0023899920664073593,0.004678082831370318,10.31740108080703,deltaC0.2,BLS-G
31,33.444259821735635,31.33483830512428,11.689586109673707,60.230773567618826,0.005536152627283321,0.00274754826309098,0.004806242238439689,0.15094070247058286,5.814589434001391,0.004890284066001211,0.0028463092885466054,0.002184902631882313,0.006065488795064935,129.118008639045,deltaC0.2,BLS-G
32,24.16171642824393,19.97253053151111,13.597299913097787,77.42700940008957,0.0044525428083144105,0.001973252744583197,0.0039914171751230495,0.12634122352096644,4.363978079996741,-0.0006571574447038965,0.0006570232270312717,0.00122473885819685,0.0015373746123719047,93.95189514348749,deltaC0.2,BLS-G
33,24.136534501041492,23.03440011127645,7.210319634634351,36.183292769931136,0.005091854689144597,0.001737786279160487,0.004786134455207602,0.15017423330748916,5.751770849001332,-0.00479226885376211,0.0005558225161152921,0.0019393227241426003,0.005199591528623668,-66.0866160858277,deltaC0.2,BLS-G
34,18.704595099101073,17.41239150710331,6.83158106331707,40.81297237105651,0.003339104335961312,0.0014512116472949668,0.0030072583063633,0.0839424103586694,5.7860801220012945,-0.002147910578043316,0.0017071975229568848,0.00020432403163753166,0.0027513254157887452,39.55097597158601,deltaC0.2,BLS-G
35,30.501717554077207,26.94553779348599,14.293102069478111,83.69631544443908,0.004092838710649544,0.00241070536435975,0.0033075411346857875,0.10065045346488066,5.777610965997155,0.00030643881415931887,0.002531331984032922,0.000210130696723293,0.002558456814159042,59.643732433782134,deltaC0.2,BLS-G
36,19.428055639777117,17.487012422850903,8.464853363486794,57.375318353804474,0.0036359029837431727,0.0018818671769050977,0.0031110073024150473,0.09131953195415385,5.713596122001036,-0.0031329811119427866,0.00048603438267321006,0.0010687800916431567,0.003345757156941242,49.305503009636595,deltaC0.2,BLS-G
37,22.97640678050055,21.12114158115415,9.045034375383713,51.313578821390664,0.005367596060305086,0.0018591430270454333,0.0050353425575218845,0.15555576196630616,40.18453742899874,-0.0016144321034542311,0.0013803355510675491,0.0004860405311063465,0.0021789797264047104,-77.2061675051882,deltaC0.2,BLS-G
38,40.67160393889113,35.752394688723804,19.38931770289349,107.06118483595739,0.004083761425599522,0.0024707298752047594,0.003251553669399493,0.08119383439420459,5.826686418000463,0.0042886224014626485,0.0021844705331596184,0.0007573320343623735,0.004872139717089542,36.418603153244476,deltaC0.2,BLS-G
39,20.55284849664273,17.673724631068918,10.490902677610597,63.63613217852036,0.0036186380279906224,0.0013838876738235986,0.003343560390341256,0.10285700335589668,5.826147407002281,-0.0005182649902080304,0.0014716115557810022,0.0004237452587551038,0.0016167248422353576,62.962629635723715,deltaC0.2,BLS-G
40,17.638080661118924,16.666097634284004,5.7743466342652585,32.653967003413236,0.003506515723766367,0.0014591370284081626,0.0031885061789729947,0.10016570562030458,5.712783531998866,-0.0011848086169832512,0.0015692043789534054,0.0021787473634950483,0.002934810712080241,0.031067452604474965,deltaC0.2,BLS-G
41,29.373814271297842,25.753768816174535,14.126724907342705,74.31614701995694,0.004146796647865812,0.002286913383983703,0.0034591833737035887,0.10756033128721476,5.7782743879979535,0.003079460548027325,0.002535268483000257,0.0027841126788302473,0.004864354731737243,-9.061976582393982,deltaC0.2,BLS-G
42,24.572110742750773,23.430875113654427,7.401534824773675,36.96523111286221,0.005200689632844567,0.0016306711754352336,0.004938429322647195,0.15297865370554764,5.801182731000154,-0.0008783599844327955,0.0016428617189676125,0.0018117764306271877,0.00259866210279024,-72.4603092975376,deltaC0.2,BLS-G
43,29.026453451043636,24.155711424497213,16.094614177482416,91.04483773842887,0.0054439550100375675,0.002152401541968877,0.005000381360800707,0.15042150821938052,4.344189344999904,0.0013635722194393746,0.0014077127033737728,0.0007015465412148203,0.0020816223966793773,-69.03318878388382,deltaC0.2,BLS-G
44,22.3880023995989,18.775460534523596,12.194455016973619,70.20831975508794,0.003863577372757264,0.001389032128486949,0.003605248931948103,0.11206322131256484,7.261620252000284,-0.0019840032035055794,0.000829784750938289,0.00019743316599865612,0.0021595812787312202,-14.534096085968486,deltaC0.2,BLS-G
45,28.90718884279511,26.48924971826698,11.573470359244501,61.649378541822635,0.0037751211428047474,0.0019632741077518475,0.0032244525769008613,0.10062146673335785,5.800229176998982,-0.00403924638679564,8.561164116355208e-05,0.0025298540223048227,0.004766865018071755,-0.5269197193338186,deltaC0.2,BLS-G
46,16.883165264874044,15.046135534143039,7.658660121016441,42.28875073607702,0.003373821360334592,0.0013715441167127473,0.003082456375581106,0.09304515813202906,5.665023179000855,-8.73276127512305e-05,0.0016756615710942422,0.00021375376031670945,0.0016914959304829516,8.11803700121527,deltaC0.2,BLS-G
47,25.007509623498628,22.19944771506305,11.513472921562744,68.08543727138468,0.004323090031544654,0.0017907980549190005,0.003934736299593542,0.12585661470011117,5.702464396003052,0.00170618051711616,0.0011807855228968137,5.812743761104966e-05,0.0020757372683152114,-33.30296585759788,deltaC0.2,BLS-G
48,17.862737137996028,15.614801996726372,8.674983381204411,39.93375116888264,0.004377553312204054,0.0018038774517978792,0.0039886086722169005,0.12860575914883277,7.896505591997993,-0.00296533227917422,0.0010540418127161998,-7.748956903666504e-05,0.0031480476969347393,-36.77552200741047,deltaC0.2,BLS-G
49,19.634244188076167,13.982608286347293,13.78369363949935,74.08269179912618,0.004938649628379635,0.0015828996466701324,0.004678107401553098,0.14479679516176938,6.347575922001852,0.00032511371440987303,0.0010719720134244198,0.00048568301438628447,0.0012209467291106261,-59.732102009584196,deltaC0.2,BLS-G
50,20.248742427174054,18.817983548595347,7.476300224498305,38.33502793603425,0.0052444766204665936,0.0016708227397756424,0.0049712057284796935,0.15453250248259703,5.741766978000669,-0.0005112296350830532,0.0020437265295273955,0.0017759003758649194,0.002755357692256743,-74.214551780482,deltaC0.2,BLS-G
