seed,pos_rms,pos_mean,pos_std,pos_max,vel_rms,vel_mean,vel_std,vel_max,runtime_s,dv_err_R,dv_err_I,dv_err_C,dv_err_norm,t_star_error,config,mode
1,254.88287407383518,156.57548966224928,201.1203508677463,1324.1673508146685,0.2647366988094116,0.052447181826591326,0.25948952351675697,2.560365208419583,0.8427242979996663,,,,,,deltaRIC0,EKF-B
2,294.77968116511875,156.55885389779917,249.76866435567263,1585.8430527324783,0.19771577307671925,0.05161583858425152,0.1908594564871472,1.919877131374046,0.855157270001655,,,,,,deltaRIC0,EKF-B
3,329.95908025105774,151.1414127815382,293.30746322336336,2754.8171910853976,0.16207411868231994,0.03949495617142349,0.15718832139719557,1.7079416546769004,0.8494605150008283,,,,,,deltaRIC0,EKF-B
4,216.7555222193008,123.73282642847067,177.9695032205904,1576.2930811079452,0.1054867094263012,0.027921843260281277,0.10172421803354986,1.3234614085300842,0.8547841580002569,,,,,,deltaRIC0,EKF-B
5,208.09688200969333,118.45449234799273,171.09309028927956,1164.085305185888,0.10571548288816686,0.02822404552615113,0.10187819480348112,1.672440564791872,0.8562063319986919,,,,,,deltaRIC0,EKF-B
6,240.06172372457468,123.94040515376052,205.59281886276014,1973.3401133359189,0.1208539281966907,0.03207083679036332,0.11652095686243205,1.087872141914685,0.8692111740019755,,,,,,deltaRIC0,EKF-B
7,308.7076379039798,175.8145021068064,253.75119024191875,1922.3105215709068,0.3018279344964478,0.06819980592778994,0.2940219184241266,2.653786988547594,0.8476362019973749,,,,,,deltaRIC0,EKF-B
8,189.4485787501871,135.36893723970584,132.53684325899127,1107.7500659187563,0.12659129855768378,0.035684082498038824,0.12145782447744481,2.011679158849525,0.8670138060006138,,,,,,deltaRIC0,EKF-B
9,319.16281357159295,140.09323760944469,286.7730572125615,2254.995118236577,0.15934713835549147,0.037701697312945454,0.15482277778740178,2.43422232334803,0.8451487999991514,,,,,,deltaRIC0,EKF-B
10,140.15892046160783,93.31689025706406,104.57763134492181,1066.8910385354957,0.06675438148563272,0.018787987330289475,0.06405590511113138,0.8350898462297037,0.8599967869995453,,,,,,deltaRIC0,EKF-B
11,301.9351364296631,151.85909390698495,260.9667454074346,2298.133142489536,0.23531960484762884,0.05022416821097312,0.229897475743341,2.0924617385103113,0.8627693369999179,,,,,,deltaRIC0,EKF-B
12,204.47743901025277,125.67078251117613,161.30058117446544,1156.111606905449,0.09848266562506337,0.026059851617772814,0.0949722041561514,1.271522954879736,0.8517004610002914,,,,,,deltaRIC0,EKF-B
13,298.2059771823508,163.78223668225425,249.20309744190334,2150.7107246782784,0.17094743467890747,0.04549928413130188,0.16478118996669006,1.522766479569911,0.8685101720002422,,,,,,deltaRIC0,EKF-B
14,248.666503351422,139.9947578653147,205.5152005552258,2332.8019019070766,0.15253947574812002,0.035392611303318104,0.14837673243013386,1.6533380720709736,0.8644384979997994,,,,,,deltaRIC0,EKF-B
15,215.34494385350197,131.2039658714043,170.75996071352117,1336.1516415553717,0.07644543357691662,0.023853464138090728,0.07262862082798757,1.1952400353650336,0.8526640449999832,,,,,,deltaRIC0,EKF-B
16,261.1289123565547,153.40333160193944,211.3190164702236,1865.847641406638,0.12782901781854197,0.036729937417740846,0.12243843144103882,1.160168481909176,0.8475872189992515,,,,,,deltaRIC0,EKF-B
17,215.63327693224406,121.50104296945356,178.14378091270223,2220.320005800252,0.16555192288409154,0.039146593467585124,0.16085702779332897,2.5006296493410014,0.8640352980000898,,,,,,deltaRIC0,EKF-B
18,229.2524186636977,142.09622160786486,179.90368330838558,1335.504861654459,0.10559407090038007,0.032817093692668865,0.10036506449398162,1.242704638569796,0.8671974899989436,,,,,,deltaRIC0,EKF-B
19,187.5889547030716,112.2368333495338,150.30804757650216,1148.3273119275323,0.17162953043276127,0.037417641056642574,0.16750109209890654,1.8664952670110855,0.8600519520005037,,,,,,deltaRIC0,EKF-B
20,197.52895745024247,121.23892578387043,155.94490022489632,1467.5054202565539,0.16123743645395922,0.03499986855703401,0.15739288457625675,2.5795955999636955,0.8542311099990911,,,,,,deltaRIC0,EKF-B
21,255.01623024115406,136.47916286687376,215.42218035654227,2081.94063455795,0.2196285232578074,0.045616885525529324,0.21483898152652836,3.2453388782332855,0.8585335019997729,,,,,,deltaRIC0,EKF-B
22,261.89696605920227,116.32371610806943,234.64614614739406,2192.451418394469,0.16591642765748982,0.03618681266298429,0.1619221280613528,1.872020947438729,0.8526688300007663,,,,,,deltaRIC0,EKF-B
23,162.72497343018887,103.22426226885986,125.79415191854233,1256.3301207613804,0.10521918875479741,0.031777106939127824,0.10030599761129402,1.280076953895737,0.8646022419998189,,,,,,deltaRIC0,EKF-B
24,263.2998575393633,151.09418718198924,215.63246875195537,2496.3879782929603,0.1048903998869468,0.03032466304042668,0.10041120853733507,1.3390724197646815,0.8516780600002676,,,,,,deltaRIC0,EKF-B
25,227.60331741449804,133.9591880300399,184.00599457739727,1496.0589089248192,0.13652773079814515,0.03355972353046614,0.13233883116247275,2.4820257316847307,0.8502912670010119,,,,,,deltaRIC0,EKF-B
26,245.3333552470025,145.44365922905897,197.57175199611225,2266.6611524562372,0.1544808479431665,0.041102329220935076,0.14891249414959645,1.400333713185612,0.8486861170022166,,,,,,deltaRIC0,EKF-B
27,198.64272971666824,120.64089599707707,157.81225643881956,1294.3225817082377,0.16501853959184629,0.035287575316912866,0.16120144365755207,2.272940512039132,0.8627440490017761,,,,,,deltaRIC0,EKF-B
28,284.626413936938,156.99715667163323,237.4112219496455,1880.50588686789,0.11972754803535297,0.031403106325057835,0.1155358415025176,1.341374292719385,0.8383539379974536,,,,,,deltaRIC0,EKF-B
29,179.84443202838068,132.2320216833627,121.89631730754432,1120.4387121254185,0.12279901628076072,0.032369284436708126,0.11845601641359554,1.3770314589221613,0.8526196560014796,,,,,,deltaRIC0,EKF-B
30,308.0189189237042,159.01871410494152,263.7967076734248,1790.4833687100504,0.10348436887289038,0.029281113592263163,0.09925538266420328,1.1423825489213562,0.864867331001733,,,,,,deltaRIC0,EKF-B
31,163.01606249358485,112.89504788781761,117.59653393412466,1049.1945661751804,0.11679782533409147,0.02760290145798829,0.1134892586717947,1.2794254216885257,0.8620776139978261,,,,,,deltaRIC0,EKF-B
32,228.40709237356626,135.87786036901136,183.5946810451933,2170.6866993545423,0.10143862687295083,0.029770804925747213,0.0969716154137016,1.1599194688147778,0.8716127400002733,,,,,,deltaRIC0,EKF-B
33,282.2763344297367,138.4879930490885,245.96951998230233,2124.3249697052916,0.27528282230651985,0.0611092956036448,0.26841439277331863,2.385511771309978,0.8634563500017975,,,,,,deltaRIC0,EKF-B
34,290.3118798090568,170.1078552870314,235.25370374962134,1279.7539120099505,0.10914535667393611,0.03817557050587189,0.10225133104283746,1.5674610110652643,0.8656816090006032,,,,,,deltaRIC0,EKF-B
35,250.77111350653306,153.7349622860839,198.1204500807598,1463.3477451020449,0.13171305614554343,0.0373173918367209,0.12631603788000836,1.5855300222334934,0.8550602760005859,,,,,,deltaRIC0,EKF-B
36,171.86440139777162,109.99381354513983,132.0557967285472,1246.197947176005,0.11859041933564096,0.02896488150510978,0.11499879650499875,1.4816876249869135,0.8549479089997476,,,,,,deltaRIC0,EKF-B
37,193.9288302335404,125.7204814252755,147.65754889590406,980.1565371774377,0.07878416854354788,0.0256592384488323,0.07448858097268415,0.9940264128233327,0.8701550199984922,,,,,,deltaRIC0,EKF-B
38,162.72262268622913,105.24606161770481,124.10446586584696,1009.3753282202451,0.136275627049913,0.036637012554310844,0.1312584314965795,1.804557631173617,0.8546345950016985,,,,,,deltaRIC0,EKF-B
39,289.79496212116806,183.27053623221403,224.48392062676996,1157.904413554592,0.11189497070580164,0.034199367319643036,0.10654054507176286,1.5684409075910573,0.8635192630026722,,,,,,deltaRIC0,EKF-B
40,183.55445738889395,126.39155391474642,133.10677641032044,1024.7493149587228,0.13011939490590216,0.028913564418678702,0.12686631831690015,1.8081585774808406,0.8666690860009112,,,,,,deltaRIC0,EKF-B
41,271.1826080679949,173.30632296420015,208.578343408869,1353.2478361848162,0.16827019621962774,0.050165112364345184,0.16061855570657035,2.1390038790283525,0.8453534279979067,,,,,,deltaRIC0,EKF-B
42,221.76558546504177,137.70228131335034,173.83341628625865,1353.6362977863014,0.25341783435562937,0.05190564506967634,0.24804516278169583,2.6870115347222088,0.8638597690005554,,,,,,deltaRIC0,EKF-B
43,217.29532655259376,138.18092311202312,167.70000426209748,1498.3495485064313,0.13776281580522784,0.033103076614226304,0.1337265109739194,1.6939953551733455,0.8538517630004208,,,,,,deltaRIC0,EKF-B
44,166.439802161334,98.22361069950364,134.36640221668645,1368.5939405710956,0.16107403965827177,0.027350328187668457,0.15873501756027664,2.994308228483416,0.8624314860026061,,,,,,deltaRIC0,EKF-B
45,264.44481520724014,135.035218355469,227.36875355616084,2156.1166701492925,0.18550590598517913,0.04513905673513808,0.17993028292214766,1.8103355193509063,0.8663654249976389,,,,,,deltaRIC0,EKF-B
46,192.03105917399964,109.22893161341561,157.9397612575121,1616.0648136785203,0.18923571266545292,0.036638428510084746,0.18565500398403825,2.289218458148728,0.8544181850011228,,,,,,deltaRIC0,EKF-B
47,300.16179427842957,148.4465777988006,260.88448839337104,2017.4688134415755,0.2520099633174668,0.052965595811523145,0.2463811422808193,2.4314188862744555,0.8711537880008109,,,,,,deltaRIC0,EKF-B
48,281.15827677469724,180.99364935844142,215.15407384205116,1396.160066101518,0.16717119849830872,0.04233779629565492,0.16172111987056165,2.2072266742054505,0.8539110560013796,,,,,,deltaRIC0,EKF-B
49,263.9421275267869,136.95317739534647,225.6308354030659,1662.4420939333845,0.10269293287614935,0.03326767249307308,0.09715503296072185,0.8711783048536623,0.8665928629998234,,,,,,deltaRIC0,EKF-B
50,257.7125610886454,161.38790627786048,200.9221437525424,1396.4108308700613,0.11097164145088972,0.03184533787199337,0.10630418459366221,1.4752693198467068,0.868704805001471,,,,,,deltaRIC0,EKF-B
1,285.54193441738323,200.2875949027666,203.5167699205312,1324.1673508146685,0.2655002457427162,0.060045436198713394,0.25862120191730015,2.560365208419583,1.2918373299980885,-0.0061285474003237505,0.0006054373332296312,0.0016091245386121629,0.006365133885728329,-116.39058194166137,deltaRIC0,EKF-G
2,319.34764757752487,185.93229784732975,259.6384036126222,1585.8430527324783,0.20053212402722137,0.061239969925558954,0.1909523470669725,1.919877131374046,1.295957645001181,-0.005768541783684503,0.000932400532774177,0.000560132553341837,0.00587019535798808,91.88455163400795,deltaRIC0,EKF-G
3,339.04245703178793,169.9582086529193,293.3666562198958,2754.8171910853976,0.16453432159051068,0.04734249182201863,0.15757611319401074,1.7079416546769004,1.3154977779995534,0.0012303672094860893,-0.004518782271136188,0.00011536179448075752,0.004684709705813065,-122.00983064825414,deltaRIC0,EKF-G
4,248.08646820598435,155.31097665659507,193.4564453226965,1576.2930811079452,0.1078871104279111,0.03478385209499589,0.10212596256544042,1.3234614085300842,1.2748941850004485,-0.0025568854957105,0.0002702689428983693,0.00044575933435501617,0.002609484647173606,-106.03739755904826,deltaRIC0,EKF-G
5,324.35040350203474,197.15372974846494,257.55308403939176,1164.085305185888,0.122502147900821,0.048074658923457574,0.11267476829223054,1.672440564791872,1.2855693499986955,-0.01690173239351742,-0.007196812153420303,0.0008069625770764397,0.018387872407499898,37.83658098413434,deltaRIC0,EKF-G
6,313.0680350106657,201.5983019769087,239.51976783862025,1973.3401133359189,0.12601573719704268,0.04613669043390289,0.11726624329755063,1.087872141914685,1.303303576001781,-0.0007609177631209545,0.003956703885737626,0.0031978068691998762,0.005143974169292274,-120.91719931891566,deltaRIC0,EKF-G
7,338.9892268370263,205.18571257388183,269.83795001280527,1922.3105215709068,0.3044369400387874,0.0790557416313357,0.29399326552712,2.653786988547594,1.316552733998833,0.00029378724876939755,0.0009564105114381291,0.000167303876257742,0.0010144075122650175,40.37001423784386,deltaRIC0,EKF-G
8,248.49490714706215,181.6747469430024,169.54057095935207,1107.7500659187563,0.13268505376199236,0.04874569506271327,0.12340656669997659,2.011679158849525,1.3165094549985952,0.004648377349492407,0.002976556254135293,0.002233593561769424,0.005954514196513752,52.76958200842637,deltaRIC0,EKF-G
9,341.33564422865607,177.75595419010602,291.39808299121773,2254.995118236577,0.16106259100530132,0.04598074592438475,0.15435973965246944,2.43422232334803,1.316637255000387,0.001219982947690067,0.0024273112840266725,-0.0005542666861437526,0.002772617900394235,-8.7838912254374,deltaRIC0,EKF-G
10,161.16034641750915,104.10702546833755,123.02188628673542,1066.8910385354957,0.07114149175381576,0.02511661398253584,0.06656025504015531,0.8350898462297037,1.324625499000831,-0.00010332505552740787,0.0008875343909996062,0.00035541118136275026,0.0009616186718988196,253.85888112756948,deltaRIC0,EKF-G
11,345.0847737896458,204.21891695729187,278.1692561341777,2298.133142489536,0.23940539684470516,0.0636864229602371,0.23077907957373547,2.0924617385103113,1.2807929059999879,-0.005299413627026238,-0.0066349213861597025,0.0018916426878564385,0.008699671180530418,-16.636251431547862,deltaRIC0,EKF-G
12,222.3174969495667,150.14141501302407,163.95921733104083,1156.111606905449,0.09955829774170635,0.0312312912431178,0.09453285723236024,1.271522954879736,1.2930802810005844,-0.0035924479071590652,0.00019940362075518444,-0.0015147072186404609,0.0039038163030326294,19.380148915297468,deltaRIC0,EKF-G
13,310.8752317080224,184.4655883049692,250.2316055593662,2150.7107246782784,0.17262730840801632,0.05225949045018243,0.16452699859319037,1.522766479569911,1.2965734079989488,-0.0014207120038574822,0.0009467784621397572,0.0023279723917123065,0.0028869131457061855,-281.7422443592877,deltaRIC0,EKF-G
14,271.51570244031615,160.1438653879191,219.25947881511158,2332.8019019070766,0.15563777571826506,0.04342619307463247,0.14945662576672109,1.6533380720709736,1.3030863200001477,-0.0014363305333263327,0.0004917319867019373,-0.0032770591642563357,0.003611642633726069,-82.01016051238548,deltaRIC0,EKF-G
15,243.21144401606745,162.39822724368346,181.0486738103587,1336.1516415553717,0.08042847162340948,0.03135687963616305,0.07406406110362006,1.1952400353650336,1.3215376419975655,0.0017674679849439677,0.0041383631197308285,0.003421573432648116,0.005653066171871118,81.84036373141862,deltaRIC0,EKF-G
16,275.2870824871649,178.576052625004,209.5079263731255,1865.847641406638,0.12923983887218551,0.0428068476276112,0.12194469954817615,1.160168481909176,1.3126686659998086,0.00035447014890380304,0.006862720299797376,0.0018537686866066832,0.00711751623413381,1.0325081196642714,deltaRIC0,EKF-G
17,228.51897255301853,147.45887734425565,174.57605880835723,2220.320005800252,0.16784046698046448,0.0479906961243649,0.16083319135588664,2.5006296493410014,1.2843946770008188,-0.0008488675336205938,0.00043746375177607875,0.0008414600819203944,0.0012727944426413047,10.833509977906942,deltaRIC0,EKF-G
18,240.5578104945872,154.61135065116878,184.29159080047864,1335.504861654459,0.10793082872836385,0.03876521743692651,0.10072895168251889,1.242704638569796,1.3026925820013275,0.00243259188211802,0.004995776750131852,0.0015058592933056747,0.005756987129857034,-223.73114299828012,deltaRIC0,EKF-G
19,226.3570689754257,157.48554622015118,162.590975785516,1148.3273119275323,0.17543023654564377,0.04868221402316828,0.1685402323846237,1.8664952670110855,1.3148993790018721,0.004870844201862403,-0.01208218610261832,0.015061638266901295,0.019913746295966143,-0.7307269703378552,deltaRIC0,EKF-G
20,206.66387995083565,126.85795071043555,163.14723294583368,1467.5054202565539,0.16253411890987396,0.039563173093645064,0.1576454729593315,2.5795955999636955,1.31606125899998,-4.7410640550904035e-05,0.002173450907740547,-0.002293744842802878,0.0031602851170551773,-0.9498202801478328,deltaRIC0,EKF-G
21,310.6134455588817,197.56723280598993,239.68291779629214,2081.94063455795,0.22182136757377072,0.05673194440332652,0.21444394511507145,3.2453388782332855,1.304734498000471,-0.003670057776000463,0.0027740736134724497,0.0013541275725745703,0.0047956720045216035,-14.126859925236204,deltaRIC0,EKF-G
22,274.16189645600826,138.97504885127125,236.32748732456355,2192.451418394469,0.16665697616368483,0.041319169174720345,0.16145362790205073,1.872020947438729,1.3308094809981412,-0.0014348657367250343,0.00035845955208028057,0.0006699997921492441,0.0016236479465651108,-195.89589450982749,deltaRIC0,EKF-G
23,196.20239201277136,140.20647064953653,137.24986054467908,1256.3301207613804,0.1099023354594988,0.04115162516886686,0.10190714933415268,1.280076953895737,1.265657698000723,-0.009340191505497458,0.003712296873184217,0.009710011164114025,0.013975143728822225,-132.65968366963352,deltaRIC0,EKF-G
24,283.1931285054751,183.3395121575547,215.83551912173397,2496.3879782929603,0.10852111128972602,0.03904974977519993,0.101251906836619,1.3390724197646815,1.2899504529996193,-0.0032924830814942785,0.0011229385697362057,-0.0016761169534998514,0.0038614510116194503,12.48323935726512,deltaRIC0,EKF-G
25,287.7653423611989,189.91519727548587,216.19692437236773,1496.0589089248192,0.13975018513194065,0.043989316687058994,0.1326463503524214,2.4820257316847307,1.2897180679974554,0.00039170415120177385,0.003472456216234087,-0.0007029460331390659,0.0035644799678546946,156.65195397545176,deltaRIC0,EKF-G
26,260.94994787478595,164.5617877236912,202.51985906828074,2266.6611524562372,0.15932595746202408,0.05063252827731723,0.15106656745103259,1.400333713185612,1.3150664339991636,-0.005706803514919757,0.009601704665694448,-0.0019546026157254643,0.011339347875011148,-177.62535825977102,deltaRIC0,EKF-G
27,218.1110259298795,147.85094999951048,160.3512276735879,1294.3225817082377,0.1661012986997211,0.041482310960869566,0.1608379908699424,2.272940512039132,1.3120934200014744,0.0006389343304588151,0.0018038427355904086,-0.00038758967666074684,0.001952514135886121,127.84681304145488,deltaRIC0,EKF-G
28,291.0747461466016,172.0233802684391,234.8030333818722,1880.50588686789,0.1219919194021029,0.03779782899215684,0.1159885878993655,1.341374292719385,1.325588923999021,0.0058933592689831595,0.00547089640292695,0.008205446962035717,0.011488766285883351,-85.938137580888,deltaRIC0,EKF-G
29,220.12822853016903,184.72582903665827,119.71969379575616,1120.4387121254185,0.12461752591606064,0.0412491881817371,0.11759265385128309,1.3770314589221613,1.3002041010004177,-0.0012327021709468773,-8.121857300211374e-05,0.0022787109697605438,0.0025920406598980428,131.11206190672965,deltaRIC0,EKF-G
30,329.4136104844801,190.00194716685286,269.09586924593475,1790.4833687100504,0.10567866186552219,0.035991824673397704,0.0993607977542792,1.1423825489213562,1.2854018730031385,0.00253541663522657,0.000612668353728208,0.00417372216247192,0.00492175341878816,-96.31003975362546,deltaRIC0,EKF-G
31,177.0144602767586,125.09675459471163,125.23945519261349,1049.1945661751804,0.11937363304178976,0.03418074442876592,0.11437543869157954,1.2794254216885257,1.2955953769996995,0.002441192631598865,0.0009442833354665087,0.00630027480226027,0.006822357002254282,190.0215018073941,deltaRIC0,EKF-G
32,258.4022794117345,182.18203888242763,183.25240165908266,2170.6866993545423,0.10431469662744869,0.038446958754935395,0.09697106421491387,1.1599194688147778,1.3165428139982396,-0.0029000050169179213,0.0013794489141106393,0.0030429679050057233,0.004424088841296596,147.44273676789453,deltaRIC0,EKF-G
33,296.7463727247623,157.81603474633212,251.3016293266879,2124.3249697052916,0.27730106578984764,0.07030003458930625,0.2682420291917875,2.385511771309978,1.3131197580005392,-0.008810266850030191,-0.0013887034393604881,0.0012393149651732571,0.009004732133391584,-152.28420845779328,deltaRIC0,EKF-G
34,296.99961943099504,178.8951322596463,237.0765817113946,1279.7539120099505,0.11052885797777741,0.04264415577278122,0.10197109602381675,1.5674610110652643,1.314212369001325,-0.001493970763004852,0.0008926785512109085,-0.0009730958871588556,0.0019939255859010353,25.353299923728628,deltaRIC0,EKF-G
35,272.2323609479015,172.67316968336343,210.462430896274,1463.3477451020449,0.13345355256652539,0.043644074807643304,0.12611520696098144,1.5855300222334934,1.3170513089971791,-0.0002370025293898847,0.00395139679807141,-0.004808479788871173,0.006228256957988227,171.23397737144114,deltaRIC0,EKF-G
36,212.01398822595237,160.82974747739667,138.14385085783266,1246.197947176005,0.12463791161362657,0.0420349756820519,0.11733571421700852,1.4816876249869135,1.2921771360015555,-0.007875129537560303,0.00021038616166150394,-0.0014775951011731583,0.00801531127613796,182.41259522371547,deltaRIC0,EKF-G
37,221.33659303906447,151.9918506282876,160.89861640402242,980.1565371774377,0.08515745733362297,0.034064684561013185,0.07804735617102276,0.9940264128233327,1.31740588500179,-0.0020021547877410533,0.0002963808978495191,0.0013819822909459801,0.0024507836467490985,-158.93399489833246,deltaRIC0,EKF-G
38,171.19723174357256,114.4089334898995,127.3541836547439,1009.3753282202451,0.13755504606420518,0.04084020807214128,0.13135245754210242,1.804557631173617,1.302108825999312,0.004708609686748426,0.002498744983203178,0.000758094509736005,0.005384184149796144,3.535215371499362,deltaRIC0,EKF-G
39,306.468255828915,212.11838205625094,221.19806469464345,1157.904413554592,0.11457360469840289,0.04189368793439227,0.10663971963973666,1.5684409075910573,1.3115013550013828,-0.0029763021225968026,0.00104327604707382,0.003772492104867622,0.0049171634014603125,18.724668030532484,deltaRIC0,EKF-G
40,233.11662086502992,177.88600840711507,150.6649492633037,1024.7493149587228,0.13582013715736324,0.0411577190789201,0.1294339670166439,1.8081585774808406,1.2829430800011323,0.0025854580007175685,-0.003553193790171893,0.012527817245598193,0.013276143420553202,175.78405114023917,deltaRIC0,EKF-G
41,287.6780117528665,198.24455839333916,208.46518537519006,1353.2478361848162,0.1695117750725664,0.056501848083923285,0.159817968487131,2.1390038790283525,1.2884298600001785,0.0025945208587018374,0.0012892127912414674,0.006960469530465766,0.007539346403494262,-62.91390862049593,deltaRIC0,EKF-G
42,303.8210892885156,197.78323256626385,230.627507492275,1353.6362977863014,0.2596188299149667,0.06928500177686843,0.25020296835808276,2.6870115347222088,1.3090485440006887,0.0012824950972794458,0.0036825726404956897,0.0022323872783774523,0.004493293656966425,-219.38765227596014,deltaRIC0,EKF-G
43,251.5091675775078,178.482576803148,177.2027966857162,1498.3495485064313,0.13969089373051347,0.04177385545718016,0.1332985025852587,1.6939953551733455,1.268852731998777,0.0012653713621431225,0.0013697174416111141,0.0007676623905103876,0.002016580298373898,-131.72724245479912,deltaRIC0,EKF-G
44,178.13104210911004,117.75869928414694,133.65461797402807,1368.5939405710956,0.16251188702967584,0.033362122713096604,0.15905056489689812,2.994308228483416,1.2980966369977978,-0.0019464191145520283,0.0009916023643104324,-0.001982102607914713,0.0029496700437001166,180.89821779602062,deltaRIC0,EKF-G
45,328.5829576204569,190.19314778103467,267.9427673510679,2156.1166701492925,0.19369483978442323,0.06101047971686316,0.18383528585076261,1.8103355193509063,1.2987964940002712,-0.0018492217092081196,0.0005849039097684862,0.0016678936559439135,0.0025580466690439826,20.117310852001538,deltaRIC0,EKF-G
46,201.18601342602733,122.78200700685521,159.37500040353322,1616.0648136785203,0.19216299131395462,0.04405355232837124,0.18704518106056212,2.289218458148728,1.3109157330000016,0.0030687511869780183,0.005226594611480246,0.01480548698909074,0.01599803019326031,20.472995860720403,deltaRIC0,EKF-G
47,308.82624419858547,174.7413599566856,254.63524152460204,2017.4688134415755,0.25288912612205433,0.05966667314478947,0.2457494623119431,2.4314188862744555,1.3220648800015624,0.00017883898195261689,0.0029458092371374128,-0.007797768796296516,0.008337564011362406,-84.57944615626911,deltaRIC0,EKF-G
48,345.43773105672074,251.2302734590894,237.08769629672162,1396.160066101518,0.17562143445099476,0.05951418778245855,0.16522999028995705,2.2072266742054505,1.3235541340000054,-0.009461101818707528,-0.0067862507552650195,-0.009379629942247104,0.014951357958084756,-4.134778641084267,deltaRIC0,EKF-G
49,286.0739074360355,173.347665754851,227.57167506758358,1662.4420939333845,0.10526269122112264,0.04088715139892123,0.09699729384676206,0.8711783048536623,1.2814839160018892,3.962643249356093e-05,0.0005241947531772938,0.001495220043591197,0.0015849395484268892,-166.52625804332638,deltaRIC0,EKF-G
50,301.5214379229488,213.20190976169098,213.21379692949145,1396.4108308700613,0.11774612705806815,0.044251199322612865,0.1091145352172895,1.4752693198467068,1.3089771140002995,-0.014731793090845172,-0.01720382923729607,-0.005785913127684729,0.023376788890235353,-58.64435679632152,deltaRIC0,EKF-G
1,16979.72839940074,12520.066139217362,11469.922422886691,29070.864098300608,1.691357841200836,1.2800152725406324,1.1055551768474894,2.8436377652328098,0.8475363640027354,,,,,,deltaRIC1,EKF-B
2,16984.331093763096,12524.804341112907,11471.56392648392,29071.69743221602,1.6819832757525748,1.2790409355109098,1.0923012520356912,2.845888805658015,0.8665545759977249,,,,,,deltaRIC1,EKF-B
3,16984.01952617222,12519.76313249654,11476.60447918197,29088.109720817305,1.6783672753360546,1.2673626118515515,1.1003220987509903,2.8489807418308906,0.8767117900024459,,,,,,deltaRIC1,EKF-B
4,16991.47063488925,12496.892773979935,11512.503868922337,29114.38497659377,1.6752123546265336,1.255965680139514,1.1085515970874174,2.8467978202422377,0.8765104150006664,,,,,,deltaRIC1,EKF-B
5,16967.227479686317,12481.195372121923,11493.762240030228,29029.627184508427,1.6730086056207074,1.2554266611391551,1.1058307704987849,2.843191307933465,0.8824490459992376,,,,,,deltaRIC1,EKF-B
6,16974.351555553658,12484.814559212125,11500.34852313667,29057.17961329586,1.674540164185165,1.259277178209847,1.1037688842819968,2.842961143202609,0.857673431000876,,,,,,deltaRIC1,EKF-B
7,17011.19953657846,12549.161197139292,11484.749144909556,29109.054997214214,1.700131785951053,1.2963685727312855,1.0999439136773144,2.8525896837043505,0.8696293020002486,,,,,,deltaRIC1,EKF-B
8,17003.783441026357,12509.602061665333,11516.879246050145,29114.69418956199,1.678126922195146,1.2637194326534567,1.1041391047011149,2.851274542077684,0.8627095299998473,,,,,,deltaRIC1,EKF-B
9,16982.097307617914,12509.307890182306,11485.157599006916,29108.583620415484,1.6785537807957425,1.265637488710913,1.1025899247649666,2.8483104477739167,0.8813907080002537,,,,,,deltaRIC1,EKF-B
10,17000.17227217708,12467.634496490966,11556.986949270424,29115.38683861429,1.6738571174826546,1.2469258301417459,1.1166797320058508,2.8488137019263453,0.8615801209998608,,,,,,deltaRIC1,EKF-B
11,16987.048872326643,12522.79161483607,11477.783739128616,29099.42418279377,1.6880036596915358,1.278223144942572,1.102498048463188,2.8485201045045265,0.8708116829984647,,,,,,deltaRIC1,EKF-B
12,16991.429993253176,12499.40715700352,11509.713894753111,29129.101483682978,1.674716236307659,1.2542215070650646,1.1097760509976453,2.8471868886275136,0.852170695001405,,,,,,deltaRIC1,EKF-B
13,16992.565277162354,12532.677207425766,11475.159114935808,29127.16434139602,1.6806435477045525,1.2733293317864849,1.0969025240435584,2.8509904999589257,0.8673001179995481,,,,,,deltaRIC1,EKF-B
14,17006.816627651122,12513.838987721305,11516.754994178564,29131.640210100024,1.6801724355471992,1.263636311994844,1.1073403651003952,2.8477718025042473,0.8612046200032637,,,,,,deltaRIC1,EKF-B
15,17005.771596008235,12493.54917789051,11537.222218334524,29155.904168522608,1.6746145917561006,1.2511573309660768,1.1130765311030029,2.851029954788288,0.8716539400011243,,,,,,deltaRIC1,EKF-B
16,16998.0654987143,12526.85772724873,11489.650394152564,29099.75634080704,1.6777378597196375,1.2649352771414675,1.102153832538666,2.8481965390054382,0.870890184000018,,,,,,deltaRIC1,EKF-B
17,16975.11153064016,12481.31325427568,11505.269702458725,29035.389987443556,1.6796078170361495,1.266568613780002,1.1031257252173678,2.844711823037749,0.8862595630016585,,,,,,deltaRIC1,EKF-B
18,17014.905064316194,12515.416380320798,11526.983437781579,29126.683414818493,1.6775252807840426,1.2610053755658206,1.1063256801067598,2.850161297228151,0.8546664620007505,,,,,,deltaRIC1,EKF-B
19,16986.607484887565,12483.26920015348,11520.105204473513,29123.425700606822,1.6802953428028435,1.265364139887627,1.105552365350177,2.847260913994285,0.8532823179994011,,,,,,deltaRIC1,EKF-B
20,17004.173170632963,12494.88060024085,11533.423776251298,29152.991741756818,1.680860304392648,1.2631843284676132,1.108898875099425,2.8544525098999967,0.8687404759984929,,,,,,deltaRIC1,EKF-B
21,16989.67158727114,12503.682236671593,11502.472393693082,29126.297876891007,1.685734364599292,1.2730376634594798,1.1050228302639753,3.2453388782332855,0.8624752510004328,,,,,,deltaRIC1,EKF-B
22,16978.795258019527,12484.473238154944,11507.276670852205,29102.924448546684,1.6786246676633525,1.263754414981835,1.1048554446179015,2.849012882766963,0.8624272920023941,,,,,,deltaRIC1,EKF-B
23,16990.6380196178,12476.437023786986,11533.442656256595,29132.844953920667,1.6752517846069162,1.2598374078661019,1.1042093314086232,2.8498084791059872,0.8752783970012388,,,,,,deltaRIC1,EKF-B
24,16987.786584145197,12517.135342960633,11485.043135942906,29126.73405924754,1.6746803416756297,1.258051099119246,1.1053785228597768,2.8497835226049064,0.872834582998621,,,,,,deltaRIC1,EKF-B
25,16993.62597678848,12505.49438830775,11506.343204640803,29057.7898489592,1.6774747165554962,1.26160121888666,1.10556944114182,2.8506659078118335,0.8546034169994527,,,,,,deltaRIC1,EKF-B
26,17010.212769285386,12516.995431783746,11518.340323894949,29105.908973794554,1.6807830578454603,1.2691484285978185,1.1019500686183672,2.8529489178588756,0.8660320980015968,,,,,,deltaRIC1,EKF-B
27,16992.700625289643,12493.881359613702,11517.586687870697,29128.043274480176,1.6803071848170232,1.2635108943275717,1.1076878871158835,2.8524773521929725,0.8743873249986791,,,,,,deltaRIC1,EKF-B
28,16993.819766275978,12527.014739115972,11483.196940514572,29094.93938802278,1.6768872710421467,1.2595154704578795,1.1070554184233257,2.8483979652696267,0.8751154130004579,,,,,,deltaRIC1,EKF-B
29,16996.842748692896,12505.790763750676,11510.771511809387,29067.78873622695,1.677446793157686,1.2603850587215033,1.1069133875902835,2.8461749974673665,0.8711830760003068,,,,,,deltaRIC1,EKF-B
30,17000.152607354263,12532.867475681947,11486.1839402966,29119.800456005578,1.675931784776165,1.2576159162962641,1.1077678250885112,2.848333438247363,0.8779882110029575,,,,,,deltaRIC1,EKF-B
31,17002.015065692278,12485.813559833447,11540.059620431191,29140.65434740165,1.6772936718288647,1.255721329483984,1.1119703252497934,2.8515074034346752,0.8709349210002983,,,,,,deltaRIC1,EKF-B
32,16973.95562407515,12502.002111226342,11481.07628835226,29108.943253891255,1.6737508926304505,1.2575508193430214,1.1045397174166824,2.8462631686800504,0.859367913002643,,,,,,deltaRIC1,EKF-B
33,16978.569038368187,12496.357378610175,11494.035794997762,29043.234021071297,1.6928671218348805,1.2882865869927747,1.0982334733398091,2.842579803385273,0.8604283339991525,,,,,,deltaRIC1,EKF-B
34,16998.522030943375,12527.883066480494,11489.20785385392,29128.359660236278,1.6755470177592422,1.2651325841187497,1.098588800836284,2.8481856181936793,0.8658517949988891,,,,,,deltaRIC1,EKF-B
35,17015.066963504843,12529.071330833345,11512.379222360765,29133.380522514108,1.6787383139031629,1.2655413015117214,1.102981205975176,2.8505913032833874,0.8637475249997806,,,,,,deltaRIC1,EKF-B
36,16981.942016720946,12478.104660203635,11518.821934046751,29073.97002524918,1.6752598531534355,1.2565922765328934,1.1079130950329767,2.84765114766011,0.8697042960011458,,,,,,deltaRIC1,EKF-B
37,16992.11208903054,12498.960019863323,11511.206351553086,29089.88806364211,1.6742078532588882,1.2537879728944417,1.1094988305261897,2.8469074080737955,0.8585016409997479,,,,,,deltaRIC1,EKF-B
38,16988.946705195478,12476.1371272585,11531.275407942278,29105.080685501704,1.6783164995591637,1.2649458895335148,1.1030222886437016,2.853896102074879,0.8694028829995659,,,,,,deltaRIC1,EKF-B
39,16990.4710486461,12548.20230748304,11455.074216492823,29141.44416498843,1.6752914520315823,1.2618717425563704,1.1019442611075374,2.8489917106657723,0.857626639000955,,,,,,deltaRIC1,EKF-B
40,16996.99632707532,12500.400550092882,11516.851576270728,29107.319538977765,1.6777302243231487,1.2571781847677306,1.1109823208996243,2.853256851942301,0.8670584169994981,,,,,,deltaRIC1,EKF-B
41,17002.478557877646,12546.443051313983,11474.8003848095,29123.237565297117,1.6819053593329176,1.2785251998800191,1.0927849518658954,2.8521444942618106,0.8656999720005842,,,,,,deltaRIC1,EKF-B
42,17002.587449555944,12511.81130766801,11512.7128766902,29095.842138590684,1.6916326385855642,1.2801794127555144,1.1057855375636383,2.8506766759321853,0.8617670540006657,,,,,,deltaRIC1,EKF-B
43,16997.987153664893,12514.274324547,11503.2389093742,29139.84596869329,1.678076861939616,1.2614611766253625,1.106642514294505,2.8481887361318625,0.8599880069996289,,,,,,deltaRIC1,EKF-B
44,16982.225975017547,12468.284833488846,11529.868705998028,29060.092390122765,1.6788052667694464,1.2554045867588435,1.1146059605428675,2.994308228483416,0.8567742170016572,,,,,,deltaRIC1,EKF-B
45,16967.676942777493,12493.403792811845,11481.155103221,29015.11405803122,1.6803355575936685,1.2723176834816843,1.0976043451141333,2.843733420160693,0.8488900310003373,,,,,,deltaRIC1,EKF-B
46,16991.66347042083,12481.329526345377,11529.659177391704,29074.305946455122,1.68347392254024,1.2647386870319042,1.1110897809798437,2.8514294578924337,0.8573700859997189,,,,,,deltaRIC1,EKF-B
47,16985.906838021274,12519.034281840188,11480.192148219816,29036.72115947494,1.6906182904658091,1.2807770935842004,1.1035398681549948,2.8508968567514237,0.858307579997927,,,,,,deltaRIC1,EKF-B
48,16995.572308408344,12554.985392427845,11455.209290373527,29145.5688606058,1.6804604590302243,1.2704739640997904,1.0999287526511148,2.8492180551646036,0.8661066579988983,,,,,,deltaRIC1,EKF-B
49,16986.83781326088,12512.06045182383,11489.168905710098,29116.063071270095,1.6747969097113728,1.2616108728055115,1.101491123158821,2.848167517116775,0.8633816680012387,,,,,,deltaRIC1,EKF-B
50,17003.83576333165,12534.608746173262,11489.735168693534,29083.044746414096,1.6774955012181723,1.2600163049999928,1.1074069115466874,2.851790528119576,0.862601712000469,,,,,,deltaRIC1,EKF-B
1,290.89740575195657,198.32045928260797,212.81516887466896,1324.1673508146685,0.26945607541987493,0.06202925678837845,0.2622192744306999,2.560365208419583,1.319371012999909,-0.03829725195298039,-0.028521827030454805,-0.021809051010638347,0.052495798215570245,-41.38208476041473,deltaRIC1,EKF-G
2,326.0672793247988,192.1054989747386,263.46792577075314,1585.8430527324783,0.203376048461596,0.06408298285077099,0.1930160314502431,1.919877131374046,1.2911028419985087,0.06084869025972672,0.06571560007239174,0.06338564153355497,0.10972166035846807,-12.16819189007947,deltaRIC1,EKF-G
3,340.813893996156,173.7873694627806,293.1758185049205,2754.8171910853976,0.16899856548808592,0.04994305658012642,0.16145032126467,1.7079416546769004,1.310158723998029,0.008598266538097254,0.03249418195903342,0.010734184296056437,0.03528490840499151,18.63321304578858,deltaRIC1,EKF-G
4,247.07805033973364,153.6239257243812,193.51292567865787,1576.2930811079452,0.11242993813533268,0.036171677045896904,0.10645234036319762,1.3234614085300842,1.3212416530004703,-0.03382601731315704,-0.0363395251436861,-0.02055113268517439,0.05373183032041843,-16.17097970371833,deltaRIC1,EKF-G
5,342.2174164177276,209.68042358796964,270.45679888587375,1164.085305185888,0.12649314623388375,0.051493188449061464,0.11553773231068774,1.672440564791872,1.2960747639990586,0.08372390486236148,0.07331955236075216,0.04657695048878363,0.12064352995754656,-21.043304193080985,deltaRIC1,EKF-G
6,325.008757098928,212.4933179169596,245.92129235109334,1973.3401133359189,0.14187299501660164,0.052380362586275535,0.1318493243452957,1.5032305827621182,1.3520078209985513,-0.04525286604065015,-0.022705680848608578,-0.047896337924360655,0.06969525819061471,-32.228545252663025,deltaRIC1,EKF-G
7,340.37435152690847,204.31845256316618,272.22907471384593,1922.3105215709068,0.30651581225409696,0.08141748315599157,0.2955048842207733,2.653786988547594,1.3250889549999556,0.025757174865144394,0.029160968960525224,0.02771345584451157,0.0477685022017232,-10.551215631705418,deltaRIC1,EKF-G
8,269.3188259946658,195.147664302745,185.6071635264335,1180.5008314723789,0.13692598038452264,0.05267498919251597,0.12638856600907775,2.011679158849525,1.2947013810007775,-0.09702866233812202,-0.0395945276570846,-0.04757588493749865,0.11509019403536969,-31.52548012076295,deltaRIC1,EKF-G
9,339.35594578644225,185.89066064934002,283.91393101424705,2254.995118236577,0.16884582864860434,0.048566714702923286,0.16171019780767912,2.43422232334803,1.2886923629994271,-0.06649977108059923,-0.05018394388449443,-0.06300132213720433,0.10445005681477622,-42.5819973771213,deltaRIC1,EKF-G
10,226.782172241602,178.3391152334029,140.09037663018356,1066.8910385354957,0.1076805996461939,0.04424709224750877,0.09816978337454119,1.635312214589403,1.3192886539982283,-0.21721990554837167,-0.1661534014545355,-0.20585482381221865,0.34229760248665947,69.52144795322965,deltaRIC1,EKF-G
11,318.20556312412435,189.15186959720484,255.88347080462842,2298.133142489536,0.24231406524419905,0.06166396698500712,0.23433664116147498,2.0924617385103113,1.3078127749977284,-0.24067756188801015,-0.2272306389098524,-0.25972878697803303,0.4207356591029778,2.3410488317458658,deltaRIC1,EKF-G
12,231.78829885796625,161.90957186171698,165.8647220689963,1156.111606905449,0.10822728794550676,0.03781128564559845,0.10140735936738811,1.271522954879736,1.3022762469990994,0.08700289284094231,0.08938620140233766,0.06656879280770567,0.14138882749251092,35.637771674621035,deltaRIC1,EKF-G
13,323.7613042159492,204.44577251623681,251.04443472790146,2150.7107246782784,0.20196982958965257,0.06618924939266438,0.1908161296361211,1.8945676273202128,1.3172495940016233,-0.27862108892936444,-0.2752670955861303,-0.27488603154240054,0.4785018447673302,-67.73407502273767,deltaRIC1,EKF-G
14,314.1859579058074,196.3904347149766,245.24194848690203,2332.8019019070766,0.17509767569620766,0.05755100303076978,0.16536951981658118,1.76002898836172,1.3191831690019171,-0.1398052239657821,-0.1377910212929303,-0.14792871088061765,0.2457941612404018,31.561018557498755,deltaRIC1,EKF-G
15,255.568506127974,175.8338172074447,185.46625043587636,1336.1516415553717,0.08910070485145712,0.03490617667064247,0.08197862181852272,1.1952400353650336,1.2946221589991183,0.02433462274660103,0.017372157978636782,-0.025791318447967115,0.0394861728246554,19.112129446039035,deltaRIC1,EKF-G
16,276.49449922943717,181.10741472512422,208.9241786766651,1865.847641406638,0.13307944617200343,0.044939428797542716,0.12526207220383087,1.160168481909176,1.2910397150008066,0.0018233973496770695,-0.00840969556050819,-0.0004912506784435777,0.00861911158671889,0.12544910550059285,deltaRIC1,EKF-G
17,226.80049455253817,143.94779519691897,175.2640767163133,2220.320005800252,0.16941040811966723,0.04964023043260599,0.16197448534219822,2.5006296493410014,1.3110517700006312,-0.04278635268019493,-0.022812254348994032,-0.011370032105172956,0.049803097837683594,-43.44224750256399,deltaRIC1,EKF-G
18,243.10861712283943,159.74132461352627,183.26076756931735,1335.504861654459,0.13210016564700872,0.04537916497894522,0.12406121533251564,1.4627734723922312,1.3118389369992656,-0.032188874176412585,-0.035511969693018175,-0.03696687322071912,0.060529111408804626,-78.03472583680559,deltaRIC1,EKF-G
19,216.30209753699765,153.9502561150911,151.94050164785787,1148.3273119275323,0.17815401680626627,0.048274620263637734,0.17148881812703992,1.8664952670110855,1.3248227709991625,-0.023613598973682648,0.018842164882718393,-0.04461584756362125,0.05388137978724877,-12.52139043360512,deltaRIC1,EKF-G
20,200.70160550451445,120.01442225706069,160.86538752134868,1467.5054202565539,0.1650207558677786,0.03911075832656359,0.16031905205026045,2.5795955999636955,1.3233378490003815,-0.02898357537917373,-0.028876753953573808,-0.021416323432824846,0.04617979504106584,-5.920684634555073,deltaRIC1,EKF-G
21,341.27472920641003,216.4014022442902,263.891784452668,2081.94063455795,0.2316776689043974,0.06691568830453845,0.22180359088099866,3.2453388782332855,1.2836921239977528,-0.04657919048319514,-0.06278794180954217,-0.03414085457084948,0.08530852579652355,9.657537403370952,deltaRIC1,EKF-G
22,299.92595743789235,176.69843773711068,242.34942138635446,2192.451418394469,0.18976402746197144,0.05526244382314312,0.18153910989448474,1.872020947438729,1.3057482420008455,-0.37026983948364,-0.39030402217393534,-0.39012633481303505,0.6645566498584186,-42.63512599348178,deltaRIC1,EKF-G
23,198.50434974703904,144.95762154675649,135.61439755424982,1256.3301207613804,0.11547463726807067,0.043278945039479697,0.10705757688488093,1.280076953895737,1.3227161219983827,-0.004536288141192335,0.017227118604315805,0.04342858910473235,0.0469403225077839,-17.34038380106358,deltaRIC1,EKF-G
24,287.7591003703521,193.44267911471917,213.03809458140142,2496.3879782929603,0.11232685218151545,0.04227782636924225,0.1040668396680721,1.3390724197646815,1.3186224980017869,0.08184249547964395,0.07421419559114417,0.03953898612600515,0.11734254265801713,-9.943925372041122,deltaRIC1,EKF-G
25,298.58519954582766,192.3150783200018,228.4032224785659,1496.0589089248192,0.14338468478044425,0.046812681621485046,0.13552763802631862,2.4820257316847307,1.3095998239987239,0.028105962722840605,0.032993628327022906,0.031559225017782966,0.05361445079903824,-30.192793929767504,deltaRIC1,EKF-G
26,264.86695897323364,168.3796367280317,204.45734002736293,2266.6611524562372,0.16495328264035763,0.05416994457237091,0.15580501454977622,1.400333713185612,1.3172260060018743,-0.028251398964778685,0.0678867811626136,0.0006154100339774704,0.07353322602468633,-32.31451280222973,deltaRIC1,EKF-G
27,219.29065741287087,148.745777722663,161.13064897234554,1294.3225817082377,0.17315242152731564,0.04713036564185567,0.1666147944068539,2.272940512039132,1.3100982860014483,-0.21941825653775393,-0.16694924740945327,-0.18741227555108286,0.3333763392022377,12.165446214698022,deltaRIC1,EKF-G
28,292.0196137640756,173.05842565626176,235.21529740281778,1880.50588686789,0.12821824494757122,0.04046922183149404,0.12166412956080644,1.341374292719385,1.2998372050024045,-0.01816902008522847,-0.0146551275964244,0.004392758938733365,0.02375252379893003,-19.354499575478258,deltaRIC1,EKF-G
29,212.73481566826126,174.11028028355037,122.23629615213575,1120.4387121254185,0.13705728519422145,0.04304571914766012,0.1301221175967826,1.5897292962108591,1.3193093289992248,-0.027045120668585554,-0.025323050602958808,-0.02084629415228678,0.04251192095991466,-31.841469640654395,deltaRIC1,EKF-G
30,335.63512903743595,194.68810336119617,273.3998578156113,1790.4833687100504,0.11709714580008358,0.04039908459001554,0.1099074861818557,1.4206336937147535,1.3134725669988256,0.02500575682482098,0.018527711396582935,0.05989457804781684,0.06749758842731474,-22.08213651904225,deltaRIC1,EKF-G
31,255.33383315515277,212.65064532944103,141.3331857515272,1049.1945661751804,0.14824346870030958,0.0561358442669478,0.1372038374125762,1.6827247687471976,1.3279417830017337,-0.27193535514979583,-0.27250767662807096,-0.065795491852075,0.39056154182117236,50.51628823779902,deltaRIC1,EKF-G
32,249.40741009739617,173.09342485121036,179.56258653953816,2170.6866993545423,0.11243741390572334,0.039046330238199166,0.10543982236677206,1.474740245539334,1.3196642149996478,0.10373935344717644,0.12894063368617648,0.13920710692812466,0.21625484754874114,-39.881571756988706,deltaRIC1,EKF-G
33,320.08428348736925,177.5799698303813,266.3067833358051,2124.3249697052916,0.2883440849747157,0.08106613825288471,0.2767139182778312,2.385511771309978,1.297488592001173,0.11556878723419883,0.11468055706886426,0.11432216068191425,0.19894052170281945,12.067344853421673,deltaRIC1,EKF-G
34,306.4352834353867,188.4718312798252,241.62150514421282,1279.7539120099505,0.11428031787596635,0.045713528129935954,0.10473902997328868,1.5674610110652643,1.2983437069997308,-0.022856706474665978,-0.0009859374244050034,0.00090281360709632,0.02289576764127026,7.164977427768463,deltaRIC1,EKF-G
35,286.9671327526227,188.49954281547227,216.37480823473732,1463.3477451020449,0.14283852346931297,0.05085162230502381,0.1334801719201795,1.5855300222334934,1.282152383999346,-0.08474062992451603,-0.047031777597334457,-0.13383023943266137,0.16523769379464354,27.00698812313931,deltaRIC1,EKF-G
36,194.35258565944034,147.18177688629737,126.92695578600423,1246.197947176005,0.1335263194766175,0.04151752862610224,0.1269077334513248,1.5445213731647318,1.3140124230012589,-0.20634178145925253,-0.3151531727878899,-0.25420187620923684,0.4544414670365675,-56.15474158143479,deltaRIC1,EKF-G
37,235.26082277684014,169.72055439863874,162.91896190515848,980.1565371774377,0.11572450905559535,0.04026841051240471,0.10849247490477404,1.660389981551855,1.306146376999095,-0.2100947613468772,-0.23991993745037843,-0.1906834216860156,0.3715663499800293,-57.25107153668796,deltaRIC1,EKF-G
38,170.8558213939923,115.47208481094134,125.92819117906271,1009.3753282202451,0.14039943597419996,0.04311757425427713,0.13361465642773016,1.804557631173617,1.3018917359986517,0.04071546927604808,0.027286967315913735,0.03673950194024744,0.0612545429048818,-4.596145209718088,deltaRIC1,EKF-G
39,323.3779781808977,226.0172316130316,231.27803135262621,1157.904413554592,0.12224897087487457,0.048240765134904204,0.11232826651900642,1.5684409075910573,1.3130909920000704,0.03708628252978907,0.026734823198488522,0.012935948442089007,0.04751296544555142,23.49425256473478,deltaRIC1,EKF-G
40,214.2665026408115,174.8834431377369,123.7978815255529,1024.7493149587228,0.14400134112760773,0.04176585074263227,0.13781146526430163,1.8081585774808406,1.2785639129979245,-0.29929563819299354,-0.36753509681689145,-0.24467618695751436,0.5334101263545918,15.879901994114334,deltaRIC1,EKF-G
41,289.7637295073281,201.6736482326004,208.06431348635775,1353.2478361848162,0.171783763954731,0.058536911389320725,0.1615026054385921,2.1390038790283525,1.2984974999999395,0.00042472083741951216,0.0029449737297364553,-0.020816802659827882,0.021028374426873643,-5.801239186163002,deltaRIC1,EKF-G
42,306.66217291256413,193.83542845097318,237.6331520909552,1353.6362977863014,0.2679336449032886,0.07398524790632001,0.25751625417321117,2.6870115347222088,1.2914577199990163,-0.033510099877701816,-0.02626746258506696,-0.010115310820870027,0.0437632939513727,-21.46231970446388,deltaRIC1,EKF-G
43,256.85749676703466,183.29903619649437,179.93675826485108,1498.3495485064313,0.15524707499968823,0.04611743384068498,0.14823911964089934,1.6939953551733455,1.3157851260002644,-0.16017713460332383,-0.16111765715737703,-0.15280128212270516,0.27379526240597357,-56.70496843844012,deltaRIC1,EKF-G
44,177.96993902072543,116.28234971208045,134.72829821710863,1368.5939405710956,0.16642043492376166,0.03495038198876818,0.16270904080306411,2.994308228483416,1.3175557530012156,-0.03179532779370897,0.007369079191443806,0.015423368952337313,0.036098843575370874,-63.069485230298596,deltaRIC1,EKF-G
45,339.27726364405186,197.32870716356933,275.9899327057959,2156.1166701492925,0.19643365809876778,0.06288134309219293,0.1860970680182402,1.8103355193509063,1.3306234359988593,-0.001357415855409494,-0.007595412184785322,-0.011961060580545468,0.014233756857301627,2.1592312513603247,deltaRIC1,EKF-G
46,218.68354925403298,153.88073982629493,155.38086312301525,1616.0648136785203,0.19935694104618762,0.05084039987635594,0.1927652553851584,2.289218458148728,1.312850261998392,-0.11693961794147045,-0.11702549706918108,-0.13044583958961442,0.21067975288296073,39.35841121811973,deltaRIC1,EKF-G
47,307.97382910345726,168.76319912331132,257.6176663862769,2017.4688134415755,0.2588180227686743,0.0627631238434918,0.25109273027169177,2.4314188862744555,1.300764783998602,-0.05863000377037253,-0.05215937514679525,-0.06956759385051359,0.10487005231222131,-28.210935194823833,deltaRIC1,EKF-G
48,307.0873816034017,222.08308968758507,212.08904077026074,1396.160066101518,0.17168769353826488,0.05283756763946824,0.16335499857192548,2.2072266742054505,1.3137122680018365,-0.10687227016173495,-0.10133410246311059,-0.09557338691866868,0.17556923061468546,-31.579935944770114,deltaRIC1,EKF-G
49,285.19096830799907,173.19953877019307,226.57406774440562,1662.4420939333845,0.12552162853665266,0.04628289862165225,0.11667721510934034,1.6626584958596191,1.31169209500149,-0.14540872804313987,-0.1381286638218696,-0.15369285018757506,0.2526751237441456,-32.77483765879879,deltaRIC1,EKF-G
50,279.2600640300441,186.57710531420742,207.78634973124554,1396.4108308700613,0.1304121922183797,0.0418991482904703,0.1234981831920486,1.4752693198467068,1.3059981599981256,-0.19660030424510944,-0.17406687733870574,-0.21093832467320173,0.33681736034779247,-24.16752649569389,deltaRIC1,EKF-G
1,8507.049079054013,6334.64827164974,5678.214094935019,14543.927524719777,0.8773330425564285,0.6662918796159251,0.5707612449345152,2.560365208419583,0.8578603079986351,,,,,,deltaRIC0.5,EKF-B
2,8514.126501205015,6341.089122367661,5681.631704071647,14545.802851525472,0.8594539030133321,0.6654946436134149,0.5438546595614531,1.919877131374046,0.8554002740020223,,,,,,deltaRIC0.5,EKF-B
3,8515.48342890024,6337.010969411471,5688.211494084345,14560.786034658566,0.8522389480318473,0.6539075422710323,0.5465493122340268,1.7079416546769004,0.8422097349975957,,,,,,deltaRIC0.5,EKF-B
4,8519.531129894465,6312.721562801362,5721.184942281064,14589.432647716128,0.8445374188762059,0.6423792860101297,0.5482629887081565,1.4245771066455064,0.851005434000399,,,,,,deltaRIC0.5,EKF-B
5,8496.362211979222,6298.085642905361,5702.831583676468,14504.785956088606,0.8424571874413523,0.6419456049432354,0.5455638853201863,1.672440564791872,0.8768705720030994,,,,,,deltaRIC0.5,EKF-B
6,8502.351280594403,6300.313544229233,5709.292998526783,14529.910325131543,0.8448636369720592,0.645652402697961,0.5449105797908548,1.4207311859777978,0.8719923319986265,,,,,,deltaRIC0.5,EKF-B
7,8541.105521922804,6365.396064731353,5694.929014107447,14581.82635311304,0.8918270322759093,0.6828200424851991,0.5736830528075295,2.653786988547594,0.8627398919998086,,,,,,deltaRIC0.5,EKF-B
8,8531.635841133924,6325.519941030501,5725.085816068301,14589.703280736358,0.8488749926386192,0.650133240012752,0.5458163824563507,2.011679158849525,0.8584320700028911,,,,,,deltaRIC0.5,EKF-B
9,8511.606345375389,6325.01712940542,5695.752881872825,14581.08820469141,0.852021545114628,0.6520297257796772,0.5484504991694302,2.43422232334803,0.8736472230011714,,,,,,deltaRIC0.5,EKF-B
10,8525.735760755138,6281.782757349397,5764.319183709974,14595.137639270279,0.8410743408631041,0.633156305564562,0.5536417068665798,1.426856374954712,0.856181822000508,,,,,,deltaRIC0.5,EKF-B
11,8514.18547731597,6336.544951379771,5686.78753087204,14572.212984033977,0.8698077828058369,0.6644139470929283,0.5613552225979564,2.0924617385103113,0.8666277509983047,,,,,,deltaRIC0.5,EKF-B
12,8515.96941320411,6312.096559040749,5716.569957236059,14603.803158279448,0.8433466256731929,0.6403016953943169,0.5488599729525955,1.4249689960867287,0.8640721090014267,,,,,,deltaRIC0.5,EKF-B
13,8520.5446190475,6347.250097163122,5684.373035721886,14605.286800580263,0.8551176525909173,0.6596073205528259,0.5441914942791023,1.522766479569911,0.8607511289992544,,,,,,deltaRIC0.5,EKF-B
14,8535.01062430652,6329.487572752803,5725.730820025772,14605.529624816125,0.8529998339996567,0.6500327858788835,0.5523278863917516,1.6533380720709736,0.875035230001231,,,,,,deltaRIC0.5,EKF-B
15,8532.021190822767,6307.816882027574,5745.15724619063,14628.437216900682,0.8422341156801348,0.6374074755968501,0.5505179521766296,1.429771892552289,0.8771824700015713,,,,,,deltaRIC0.5,EKF-B
16,8527.822684817713,6343.682741393303,5699.249864696261,14572.900217025006,0.848664930976564,0.6514436855662201,0.5439239741042454,1.426054705890802,0.8551362639991567,,,,,,deltaRIC0.5,EKF-B
17,8501.234162094011,6295.4179496519555,5713.028541671594,14508.086729724348,0.8535101230593835,0.6527819790401378,0.5498683642521045,2.5006296493410014,0.8763375859998632,,,,,,deltaRIC0.5,EKF-B
18,8542.586070864241,6330.76377624711,5735.608667567999,14602.529840944035,0.8467994071292895,0.6473543126914708,0.5458952552956196,1.428969483762277,0.8721299029966758,,,,,,deltaRIC0.5,EKF-B
19,8514.497722429289,6299.269337044306,5728.514404680061,14596.204606525842,0.8549601148288672,0.6517853370198061,0.5532925739553782,1.8664952670110855,0.8582837370013294,,,,,,deltaRIC0.5,EKF-B
20,8531.133007867376,6309.843920320149,5741.611280740199,14626.212230224954,0.8544240049227858,0.6494975122335117,0.5551516565685203,2.5795955999636955,0.8697425080026733,,,,,,deltaRIC0.5,EKF-B
21,8518.321377079523,6319.814511656348,5711.544766651821,14598.493304793568,0.8657286833532155,0.6594645744513246,0.5608855749831917,3.2453388782332855,0.8751114709993999,,,,,,deltaRIC0.5,EKF-B
22,8507.712571609867,6300.446144766009,5717.127913387254,14580.943577043663,0.8527519662836844,0.6501680508682868,0.5517856663876138,1.872020947438729,0.863745889000711,,,,,,deltaRIC0.5,EKF-B
23,8517.332102423012,6291.513979116943,5741.2366258099555,14605.409061962438,0.8444988175568638,0.6461676529094316,0.5437330385294402,1.428015214545387,0.8667714430011983,,,,,,deltaRIC0.5,EKF-B
24,8513.594543945906,6330.268136958695,5692.890072090887,14602.10546341371,0.8437311331301331,0.6441830859676593,0.5448948309226671,1.4277964238061862,0.8730690390002565,,,,,,deltaRIC0.5,EKF-B
25,8522.81632488106,6322.2228278967405,5715.58366416593,14530.438830197718,0.8490722922719737,0.648099414844245,0.5485352367738386,2.4820257316847307,0.8649285480023536,,,,,,deltaRIC0.5,EKF-B
26,8539.376577114166,6333.619796085947,5727.6707835204925,14579.612301843807,0.8538512221999984,0.6556221683610606,0.5470114093928682,1.4308990399451,0.8683007670006191,,,,,,deltaRIC0.5,EKF-B
27,8519.96109036809,6309.1441187319215,5725.769596347432,14601.726877273148,0.8542629360307062,0.6498633984479729,0.554475181801182,2.272940512039132,0.8673923030000878,,,,,,deltaRIC0.5,EKF-B
28,8521.891965876714,6341.897838470631,5692.361064134606,14570.417739375156,0.8470663392899658,0.6458258602221475,0.548115262902272,1.4271056946570642,0.8579322359983053,,,,,,deltaRIC0.5,EKF-B
29,8524.848273626603,6322.077480902557,5718.7738558032925,14541.293598343067,0.8479522803856288,0.6468315380007023,0.5482992169051805,1.4245785132135504,0.845547153003281,,,,,,deltaRIC0.5,EKF-B
30,8526.729753533802,6345.95232927771,5695.08641939114,14593.32586417736,0.8448903341986951,0.6437360295265393,0.5472144014111737,1.4261567877735526,0.8730666209994524,,,,,,deltaRIC0.5,EKF-B
31,8528.897068634953,6301.233349312135,5747.742468559851,14613.098056900239,0.8472975774983744,0.6420788721629965,0.5528543268859425,1.4295448360849516,0.8683983459995943,,,,,,deltaRIC0.5,EKF-B
32,8502.419864231093,6318.089790589856,5689.717475034741,14581.35886115408,0.8428518353732537,0.6439726119400682,0.5437816578951048,1.4247705899557876,0.8750641359984002,,,,,,deltaRIC0.5,EKF-B
33,8506.295950579193,6311.026818803012,5703.333349120416,14516.158071189035,0.8804062993996924,0.6745629553425251,0.5657561942234653,2.385511771309978,0.8627647800021805,,,,,,deltaRIC0.5,EKF-B
34,8527.75036660479,6343.930616151133,5698.865733862172,14607.109129344974,0.8451081339333192,0.6515361831595533,0.5382456317278739,1.5674610110652643,0.8672260789971915,,,,,,deltaRIC0.5,EKF-B
35,8539.742058967775,6341.5296396897975,5719.457689557546,14605.862273982348,0.84955642381025,0.6515918228129632,0.5451368760967661,1.5855300222334934,0.8700537279983109,,,,,,deltaRIC0.5,EKF-B
36,8509.351357276268,6293.822320625247,5726.854382466773,14547.468251646984,0.8454388943553075,0.642985259322047,0.5489416001573255,1.4816876249869135,0.8643585120007629,,,,,,deltaRIC0.5,EKF-B
37,8520.006520014604,6314.9111612647275,5719.476210845318,14563.10913304808,0.8420867360278952,0.6402034909470992,0.5470370747703134,1.4249732616491662,0.8586245469996356,,,,,,deltaRIC0.5,EKF-B
38,8516.441417635973,6291.9620123146215,5739.424052604511,14578.487951739671,0.8498032926329206,0.6513471466376084,0.5458136410321744,1.804557631173617,0.8740437960004783,,,,,,deltaRIC0.5,EKF-B
39,8515.715142711158,6360.331072677719,5662.472343219917,14615.59944699711,0.844702952239147,0.6478937160564675,0.5419933673174165,1.5684409075910573,0.875798584002041,,,,,,deltaRIC0.5,EKF-B
40,8525.006045833983,6316.54241642156,5725.121831284748,14582.864219544685,0.8487715887314173,0.6436119312358491,0.553332532758119,1.8081585774808406,0.8615869839995867,,,,,,deltaRIC0.5,EKF-B
41,8528.302703981506,6359.439192083461,5682.383318021685,14599.693038606176,0.8559557949947498,0.6646384480082359,0.5393663471280884,2.1390038790283525,0.8671389539995289,,,,,,deltaRIC0.5,EKF-B
42,8531.04175705734,6327.879355719464,5721.592114098613,14568.573140846001,0.8760612862655868,0.6666130068621596,0.568428074936051,2.6870115347222088,0.8492646999984572,,,,,,deltaRIC0.5,EKF-B
43,8525.257890930186,6329.4441821712335,5711.23090512423,14612.081538593297,0.8496250746365082,0.6478101896316627,0.549731503245431,1.6939953551733455,0.8667254020001565,,,,,,deltaRIC0.5,EKF-B
44,8508.282450251265,6282.6399565005695,5737.53478684323,14535.551417608958,0.852333327910819,0.6416548853728942,0.5610268353159498,2.994308228483416,0.8631445069986512,,,,,,deltaRIC0.5,EKF-B
45,8495.205296723972,6308.074477215617,5690.053551891051,14488.282823561458,0.8563331114795232,0.6585930311422787,0.5473222242400057,1.8103355193509063,0.8778580789985426,,,,,,deltaRIC0.5,EKF-B
46,8520.060713261764,6297.835132663245,5738.354049678276,14547.841728428208,0.8599650760392422,0.6511982973559279,0.5616766948413653,2.289218458148728,0.8698307850027049,,,,,,deltaRIC0.5,EKF-B
47,8515.741495826527,6335.362494868819,5690.433663821356,14511.899929574407,0.8748873258157456,0.66723726927843,0.5658818422240552,2.4314188862744555,0.8855375390012341,,,,,,deltaRIC0.5,EKF-B
48,8523.850839371496,6370.099418667282,5663.732561495903,14619.872652310862,0.8546157723024443,0.6568090907110861,0.5467814340551257,2.2072266742054505,0.8744010930022341,,,,,,deltaRIC0.5,EKF-B
49,8514.886784191678,6327.301745925974,5698.118072101018,14590.322046765687,0.8438960143432757,0.6479639950337119,0.5406506674040252,1.4264704751191704,0.8421192019995942,,,,,,deltaRIC0.5,EKF-B
50,8532.190050513731,6350.326800391386,5698.387191681208,14562.069304972076,0.8471301618104453,0.6464085348707189,0.547526727288524,1.4752693198467068,0.8656245240017597,,,,,,deltaRIC0.5,EKF-B
1,283.16749836276625,191.9610329376722,208.1701082348981,1324.1673508146685,0.2664323284466792,0.05979946203968942,0.2596347626595539,2.560365208419583,1.3108392100002675,-0.011559571409956948,-0.003913651000632956,-0.00015489948360258854,0.012205095214158296,-70.44961815879651,deltaRIC0.5,EKF-G
2,321.5650052120124,188.49926750693464,260.52270290005566,1585.8430527324783,0.20126620582913496,0.062193779937166585,0.1914158283580097,1.919877131374046,1.3307268069984275,0.014425203164694644,0.021515006894684108,0.02335352957532555,0.034876487088676605,-25.727731699218566,deltaRIC0.5,EKF-G
3,341.5223820677635,174.6511714988822,293.48680676873266,2754.8171910853976,0.16611029871068828,0.04941761192499465,0.15858918932066177,1.7079416546769004,1.3210087059997022,0.019840225452752214,0.02859764741322457,0.018917528469685085,0.03961480615866361,34.80910331738414,deltaRIC0.5,EKF-G
4,250.5963645139587,155.83959147448928,196.24617101150568,1576.2930811079452,0.10936978421220094,0.03586234329770527,0.10332299856189298,1.3234614085300842,1.3089213370003563,0.00504022888874478,0.0005951358033138288,0.019743779128570615,0.020385654469579927,-36.426571713796875,deltaRIC0.5,EKF-G
5,334.15176184947995,201.7393767265021,266.38059956594816,1164.085305185888,0.1233866983799184,0.04924153033096444,0.11313509193774346,1.672440564791872,1.3002897850019508,0.04456841614285323,0.03838511027500047,0.019433054577376874,0.061946783762466595,-7.515910653935862,deltaRIC0.5,EKF-G
6,318.92849912110836,208.19318308288112,241.60088176465905,1973.3401133359189,0.13174164159248675,0.04892436181349426,0.12232034561194442,1.087872141914685,1.3144685470033437,-0.04358698358733315,-0.03310662244136925,-0.042807696924893,0.06948649151980058,-33.02012593028485,deltaRIC0.5,EKF-G
7,338.55011939450054,202.99626743077877,270.94039704555377,1922.3105215709068,0.3047792793385487,0.07945222439063628,0.29424097803247096,2.653786988547594,1.295684071003052,0.008094190877425134,0.006886030482643357,0.00784544249268082,0.013209250912676601,-21.689452862920007,deltaRIC0.5,EKF-G
8,258.9234490034755,186.87458432469342,179.21842030697746,1128.2522020911763,0.13432161383475047,0.0502926525855504,0.1245509736576995,2.011679158849525,1.3138786800009257,-0.06394486269960209,-0.026415388305750076,-0.03203526900758302,0.07624287944065813,-54.26237429763569,deltaRIC0.5,EKF-G
9,337.28151886752977,182.05798637215608,283.92554053431627,2254.995118236577,0.16280615552573663,0.04712507083510221,0.15583668366548661,2.43422232334803,1.3251320149975072,-0.014727863297111177,-0.007378551110787834,-0.012466198727366151,0.0206581481382792,-68.33857849273772,deltaRIC0.5,EKF-G
10,192.9744889534964,141.1243781963402,131.6171085594857,1066.8910385354957,0.08367423091671526,0.03459299241987847,0.07618859360128667,0.8350898462297037,1.3190162569990207,-0.14221691144234666,-0.1045578149631407,-0.13135692271291177,0.22002869747983447,61.678011478084954,deltaRIC0.5,EKF-G
11,331.0716388102214,194.88928055523775,267.63145993912514,2298.133142489536,0.23886704366358882,0.061358271663185845,0.23085195915800574,2.0924617385103113,1.3038794729982328,-0.064157672499148,-0.07046486087276943,-0.04845669257933821,0.10690909509510954,-9.275074682293052,deltaRIC0.5,EKF-G
12,229.3210435222573,158.7778224525542,165.4622135091943,1156.111606905449,0.10261317191152895,0.03523861879085965,0.09637272848403468,1.271522954879736,1.2941164929980005,0.054981783435356535,0.05642295690152033,0.03281851628182453,0.08534401904166249,39.91009931528242,deltaRIC0.5,EKF-G
13,314.57301143700136,194.14962800088327,247.51182087258468,2150.7107246782784,0.17862218932435314,0.05747338070951812,0.16912331899783614,1.522766479569911,1.3117612300011388,-0.13308997198443712,-0.09540771507018442,-0.12745159019767438,0.20750778438807466,-64.29877102700993,deltaRIC0.5,EKF-G
14,284.6740774767279,172.3215535045692,226.59349634311658,2332.8019019070766,0.15978964417209718,0.04793429803996174,0.15243042168826254,1.6533380720709736,1.3214146159989468,-0.00950961102866088,-0.008798384945195414,-0.03380703587846423,0.03620441899061547,35.419355451187585,deltaRIC0.5,EKF-G
15,257.0346761269732,174.3471705975467,188.8647368788783,1336.1516415553717,0.08311173514436278,0.03393943089785,0.0758661686724509,1.1952400353650336,1.3373807850002777,0.036493252240803575,0.027946973825809462,-0.020161051738075475,0.05019221864309995,37.12932400932914,deltaRIC0.5,EKF-G
16,275.68747243153723,180.6531697152413,208.2498853001505,1865.847641406638,0.13017269163774137,0.04382640147277646,0.12257314625219308,1.160168481909176,1.3044743760001438,0.004159293388605878,-0.001299159697771557,0.0027262150924897144,0.005140018107296233,2.556539437289757,deltaRIC0.5,EKF-G
17,226.90035922442112,143.48434218339446,175.77262746050627,2220.320005800252,0.16846908625483284,0.04913496147763727,0.16114462009055533,2.5006296493410014,1.3208420379996824,-0.01193700321920571,-0.0028376296411925517,0.0032684427583322684,0.012697515737355742,-61.924106891528936,deltaRIC0.5,EKF-G
18,252.7883574863222,172.3005433336682,184.97155577968024,1335.504861654459,0.11732753612322995,0.04633750043541203,0.10778954859422142,1.242704638569796,1.2901530279996223,0.04018148698378743,0.03760751523360695,0.034461391930535656,0.06493431013004022,-19.832866911732708,deltaRIC0.5,EKF-G
19,215.92988145124434,154.32287536721384,151.03034079927062,1148.3273119275323,0.1756127377401507,0.04765829718887533,0.1690222481380714,1.8664952670110855,1.2898385349981254,-0.009063061871912526,0.005707032570928083,-0.014510965593068137,0.01803544936237952,-23.36464831669582,deltaRIC0.5,EKF-G
20,203.2017345929277,123.61112627510477,161.27998760718805,1467.5054202565539,0.16304878511921203,0.03917549347914364,0.15827250879264076,2.5795955999636955,1.3176994470013597,-0.0101288492184749,-0.009756172061042845,-0.0054706754302715765,0.015089889643024223,6.351243258381146,deltaRIC0.5,EKF-G
21,326.26298715174835,208.20395186823305,251.19444900640693,2081.94063455795,0.2250155098642998,0.06154623645014637,0.21643484113772782,3.2453388782332855,1.3168027339997934,-0.02978616561985964,-0.03625770868604905,-0.020847439791151,0.05134640052955778,7.728906535092392,deltaRIC0.5,EKF-G
22,277.40096919681,145.71539796017643,236.04728447630345,2192.451418394469,0.1716872773032261,0.04429522025488365,0.16587481620296135,1.872020947438729,1.3329413200008275,-0.06993709389899783,-0.08235428695033453,-0.08392678177376828,0.13681056385029997,13.326884709153092,deltaRIC0.5,EKF-G
23,197.81739659735294,144.48485016988084,135.11421267927923,1256.3301207613804,0.11258420623793013,0.04289780628068801,0.10409121822002734,1.280076953895737,1.3012822290002077,-0.0025441710303798493,0.01738129765338836,0.03885991244954867,0.04264592723735874,-31.400099400867475,deltaRIC0.5,EKF-G
24,284.59852190431536,187.26532074068126,214.30823203510138,2496.3879782929603,0.10905579513464123,0.040316276624060114,0.10132997726053777,1.3390724197646815,1.3185574939998332,0.03562012775507983,0.030369823400544393,0.00298479159847187,0.046904463066479836,-14.136578071629629,deltaRIC0.5,EKF-G
25,293.87934952855716,189.97504413132245,224.21988022169208,1496.0589089248192,0.14107858134066711,0.04514796209747325,0.13365937165623792,2.4820257316847307,1.2787653499981388,0.013264783236710875,0.022137774261802856,0.013807578384667618,0.02926917737880939,-52.64006294321007,deltaRIC0.5,EKF-G
26,267.65337900092874,170.61926275708717,206.22172161739618,2266.6611524562372,0.1620042325466173,0.05413510996703178,0.152691719591718,1.400333713185612,1.286472669999057,-0.021821226588675136,0.05033023752736088,-0.00047238492176421287,0.05485910942504607,-51.14837353624171,deltaRIC0.5,EKF-G
27,212.74817067870953,144.18695812509338,156.43498724316726,1294.3225817082377,0.1671320670800662,0.04209341469263626,0.16174446601342962,2.272940512039132,1.303066458000103,-0.10294887001732056,-0.06838260998574863,-0.0793712512361977,0.14688242477950106,-43.19793120349641,deltaRIC0.5,EKF-G
28,292.2832803620039,172.6293512145976,235.8572090871952,1880.50588686789,0.12415797806020218,0.038839125129801935,0.11792678184004358,1.341374292719385,1.3125778650028224,0.00642314232189789,0.008612996037793197,0.02358555027689213,0.025917535374687994,-28.401451236539287,deltaRIC0.5,EKF-G
29,221.13414346512263,179.2343627595878,129.5196997071022,1120.4387121254185,0.12887412260372566,0.0427794924654732,0.12156666690041573,1.3770314589221613,1.3113221389976388,0.020258161270119257,0.014365700950274896,0.03341055276117888,0.041629694902153756,-15.9583936646668,deltaRIC0.5,EKF-G
30,331.8684959383346,190.39207294270994,271.8226575489067,1790.4833687100504,0.10986755219439512,0.03822882603732065,0.10300211592485083,1.1423825489213562,1.31583062700156,0.003765047392938037,-0.0008049206504080475,0.024988765263981194,0.025283628468692462,-11.174719691131031,deltaRIC0.5,EKF-G
31,195.4476347394983,148.689593340951,126.85102584278525,1049.1945661751804,0.127040370126039,0.0417582475924801,0.11998126687014982,1.2794254216885257,1.2795914079979411,-0.15730682917154643,-0.1540896044979802,-0.02391172009008341,0.22149676087025866,2.7206442179813166,deltaRIC0.5,EKF-G
32,257.3900597448289,180.60628670370036,183.38760061287508,2170.6866993545423,0.1075726477826129,0.04021659873234785,0.09977223931216243,1.1599194688147778,1.2980844619996788,0.07586180733367254,0.06934657556173662,0.06076739214887017,0.11940116122821195,12.005763600915088,deltaRIC0.5,EKF-G
33,308.96948366718607,171.22609567666777,257.1843035585418,2124.3249697052916,0.28057022880104937,0.07682630798317716,0.26984694122992614,2.385511771309978,1.3109469579976576,0.09184353136247281,0.09867433416003624,0.10269608573711109,0.1694648768942405,-0.9464879727456719,deltaRIC0.5,EKF-G
34,300.4234216335217,183.20804353230338,238.0946136540228,1279.7539120099505,0.11161937688003115,0.043880930567607494,0.1026321062222112,1.5674610110652643,1.3037165899986576,-0.006799365669654112,0.006686131798547046,0.006747084178275187,0.011681561404450357,20.053199667563604,deltaRIC0.5,EKF-G
35,279.49994439683337,179.42037876130618,214.3094645669723,1463.3477451020449,0.13555343036447315,0.0464082963310113,0.12736169956163867,1.5855300222334934,1.3220039580010052,-0.03947265205340872,-0.01070936012021928,-0.0751993760734379,0.08560214259087422,16.616951981508464,deltaRIC0.5,EKF-G
36,201.39990684785843,152.8821222475974,131.1067472535138,1246.197947176005,0.12619073238321918,0.04092035221177702,0.11937179614246138,1.4816876249869135,1.3216452249980648,-0.04861513433326936,-0.09997204522997644,-0.06434271890263271,0.12844386551910328,-73.77457551370026,deltaRIC0.5,EKF-G
37,222.6193252118218,157.52233028772943,157.30886630603615,980.1565371774377,0.09175900643310504,0.0353312942918245,0.08468420694117117,0.9940264128233327,1.2822441829994204,-0.06513807872864558,-0.09847938352624602,-0.04436290031310619,0.12613177713946347,-74.78301910170558,deltaRIC0.5,EKF-G
38,167.5323986364921,110.89983127569894,125.57201923962997,1009.3753282202451,0.13772030929029813,0.040664355518081396,0.1315799900490742,1.804557631173617,1.2790078930011077,0.018114049094832163,0.00976431102151043,0.014229406958205737,0.025018724322335338,-12.701186460937606,deltaRIC0.5,EKF-G
39,320.6913615941166,224.11457540239553,229.38092007246902,1157.904413554592,0.1189162349513406,0.04657254439793122,0.10941695043870106,1.5684409075910573,1.3060360009985743,0.02179024940557528,0.010606391711913354,-0.003971956000396015,0.024557828665678082,45.97891390920995,deltaRIC0.5,EKF-G
40,225.3791853083084,174.10248047909303,143.12268674554662,1024.7493149587228,0.136684996736374,0.03923950651649275,0.13093146856720383,1.8081585774808406,1.2958179880006355,-0.0939003917798375,-0.12148693136553801,-0.06480952254240024,0.16666323014149162,-16.788099331766716,deltaRIC0.5,EKF-G
41,288.9799956783357,200.76928958651797,207.84881587628968,1353.2478361848162,0.17032726688120026,0.05766953612922141,0.16026728439035848,2.1390038790283525,1.305960783000046,0.01282048912225453,0.014544885632323146,-0.004918219475305241,0.020002687874345258,-5.185971298473305,deltaRIC0.5,EKF-G
42,320.48289795504724,202.28370795336616,248.5771296364622,1353.6362977863014,0.2633222724841788,0.0739862166790902,0.2527145799667024,2.6870115347222088,1.3261817249986052,0.009094050675409138,0.014590109953858788,0.02274032459556541,0.028507813470420276,6.202208719027112,deltaRIC0.5,EKF-G
43,248.88271310130807,174.18776061813753,177.76734495262744,1498.3495485064313,0.14305563178760092,0.0420168578995904,0.13674610575221252,1.6939953551733455,1.3106835779981338,-0.05112569775359277,-0.047124355193397804,-0.054344864853021924,0.08824911421129653,-69.71409011311334,deltaRIC0.5,EKF-G
44,178.24760434482914,116.89679879103875,134.56354219133112,1368.5939405710956,0.16378342988740432,0.034511603430146906,0.1601060933704978,2.994308228483416,1.2738331809996453,0.0040830823212141265,0.009266797122191028,0.017092115607907243,0.01986669338616081,-60.545442571536114,deltaRIC0.5,EKF-G
45,332.5109311193338,194.09075374862655,269.9857378143081,2156.1166701492925,0.1941823508399425,0.061504953523355825,0.18418448922158556,1.8103355193509063,1.3032013949996326,0.006301161842063641,0.00424805472744838,0.001940120096550313,0.007843129191611838,8.355482086240954,deltaRIC0.5,EKF-G
46,207.66764308380232,135.45986343272773,157.4054490250203,1616.0648136785203,0.19302160736834792,0.04552566999784822,0.18757599601843433,2.289218458148728,1.3117527710019203,-0.022377893158911477,-0.020590439387711434,-0.0001109432638241592,0.03040967945931794,29.953366586210905,deltaRIC0.5,EKF-G
47,307.07371421146144,169.06389003238118,256.3428700914875,2017.4688134415755,0.25428271907309186,0.06037966576350069,0.24701011554487587,2.4314188862744555,1.29125645500244,-0.011493134592900245,-0.003615109668014871,-0.02533243462353818,0.02805162035673039,-41.293833581963554,deltaRIC0.5,EKF-G
48,334.9439366949232,244.07615353813725,229.37801115782733,1396.160066101518,0.17449356904940497,0.05878300429284202,0.16429413880570168,2.2072266742054505,1.3083361140015768,-0.024028569899389285,-0.02028158671127467,-0.019043716602013372,0.036761094555992066,-50.66695241598063,deltaRIC0.5,EKF-G
49,291.8464056981207,176.4178912007888,232.48882163058656,1662.4420939333845,0.1117345584644655,0.044597146570705806,0.10244855329871694,0.8711783048536623,1.2886296229989966,-0.013323136193697571,-0.00871312343799785,-0.017336148847760746,0.023536493684347248,-30.559325809343136,deltaRIC0.5,EKF-G
50,315.6068608707695,217.82126828124348,228.38911032063635,1396.4108308700613,0.12410963009542339,0.048721937626494224,0.1141462792925938,1.4752693198467068,1.284423651999532,0.010174387406192364,0.018472042808134415,0.01061561532965738,0.02360986686586972,4.211383042711532,deltaRIC0.5,EKF-G
1,2058.4760864888012,1659.9669321063136,1217.305870748927,3515.7549298989506,0.9653435816570812,0.7865510441219363,0.559665690959535,2.900335660184815,0.11302274400077295,,,,,,deltaRIC0.5_short,EKF-B
2,3223.760348655554,2694.3641730420904,1770.0374257599728,5150.625116912906,0.8768304683440895,0.7721932918071592,0.41539040709257974,1.7776242773707611,0.11206107200268889,,,,,,deltaRIC0.5_short,EKF-B
3,2379.7552788469093,1901.9128476033106,1430.3715277231988,3982.2465638198955,0.8882835116321017,0.7855542218441215,0.4146711487194824,1.6033800871266874,0.11150883299706038,,,,,,deltaRIC0.5_short,EKF-B
4,2310.5799578836018,1945.9713399923521,1245.7830010486407,3653.181187891502,1.016724668646749,0.9149832056007673,0.4433224394313755,2.4299704119464622,0.11377177000031224,,,,,,deltaRIC0.5_short,EKF-B
5,2524.1498388551963,2071.7580427128587,1441.9261497896825,4202.6756425210915,0.9139048814311802,0.8205490305747128,0.40239460822262324,2.369803800604074,0.11260981200030074,,,,,,deltaRIC0.5_short,EKF-B
6,2522.4459863330862,2044.4216366722217,1477.52290184429,4074.002713826201,0.8211726675431545,0.7493823379775996,0.3357836527396281,1.335221322935068,0.11468685300133075,,,,,,deltaRIC0.5_short,EKF-B
7,2617.0619933418566,2277.79212031273,1288.6723918962841,4340.174761010706,1.0294885673732395,0.9189370724401436,0.46411352840371173,2.399853419881329,0.11178334800206358,,,,,,deltaRIC0.5_short,EKF-B
8,2834.546037031854,2294.5152158631468,1664.2869825320063,4593.55205699612,0.9484625360064128,0.7991444255024328,0.5108320363838806,2.939180133907523,0.11336873799882596,,,,,,deltaRIC0.5_short,EKF-B
9,2395.877329974792,2006.0627184024577,1309.93913985455,3781.694315000642,1.0436781614718735,0.8753999587604707,0.5682772359821184,2.5470667529216535,0.11284612800227478,,,,,,deltaRIC0.5_short,EKF-B
10,2385.7718293833905,1911.6473614818312,1427.4143011820083,3832.4746577444807,1.0213909806903165,0.9179393817158787,0.44791386106102654,2.0290005319254614,0.1124632559985912,,,,,,deltaRIC0.5_short,EKF-B
11,2281.7157190812623,1913.670231440601,1242.6153338827744,3853.2765480420635,0.9123469539210697,0.8256695071802838,0.3881324892890591,1.9632510361647242,0.11454578600023524,,,,,,deltaRIC0.5_short,EKF-B
12,2708.3354648147956,2149.992463008462,1647.001335451913,4404.971132284745,0.9305677499981718,0.8325729264416923,0.41566652438340085,2.572409501340988,0.1145625459976145,,,,,,deltaRIC0.5_short,EKF-B
13,2834.596932111792,2415.9047557116246,1482.681347716879,4164.5479647752445,0.8123897465598124,0.7207340237609977,0.3748593967193536,1.3702170898738995,0.11317528300060076,,,,,,deltaRIC0.5_short,EKF-B
14,2524.0496751572596,2047.3457309914263,1476.2121190576404,3955.3750170014464,0.812941503927115,0.6964408111505874,0.4193376746384604,1.465260672896799,0.11612386599881575,,,,,,deltaRIC0.5_short,EKF-B
15,2516.502477095775,2033.2060130164932,1482.8546880469257,4336.213906181321,0.8286750360742791,0.7483450612989665,0.35592412764823017,1.8310986918094088,0.11184971699913149,,,,,,deltaRIC0.5_short,EKF-B
16,2745.534375270739,2297.2016380790806,1503.6035514057805,4398.015506372302,0.9064191757730062,0.8195436797648731,0.3872258761581762,1.3766422661515554,0.1126261239987798,,,,,,deltaRIC0.5_short,EKF-B
17,2748.2741146397134,2190.583958258389,1659.6242137965176,4468.850536356508,0.8184294348141615,0.6981556570551795,0.42708947340349973,1.9412092354251789,0.11296862700328347,,,,,,deltaRIC0.5_short,EKF-B
18,2604.728430210528,2192.0802913512425,1406.9094467720568,4296.3136867245,0.9228298655155517,0.8137420398380696,0.4352457389655052,2.493806994754382,0.11316811300275731,,,,,,deltaRIC0.5_short,EKF-B
19,2684.3069693407733,2273.2662050166073,1427.5029480813132,4226.896798102253,0.7583894555134497,0.651011548945966,0.3890225306752306,1.1237861425918942,0.11415774499982945,,,,,,deltaRIC0.5_short,EKF-B
20,2319.4257084124697,1849.0585611005038,1400.2564245400279,3667.469091044452,0.7808337242393623,0.6952068496094035,0.3555119423671737,1.6004392507588447,0.11378633099957369,,,,,,deltaRIC0.5_short,EKF-B
21,2691.8603501731304,2150.487872333425,1619.1090314679448,4562.071341392612,0.8349184114039115,0.7425858431862837,0.38164776849936777,1.572064397048507,0.11357442600274226,,,,,,deltaRIC0.5_short,EKF-B
22,2616.4993168429423,2234.6381888718724,1361.051372974224,4210.003640904855,0.8947916847452585,0.8541552003898256,0.2665915466331874,1.402551498600407,0.11206447500080685,,,,,,deltaRIC0.5_short,EKF-B
23,2445.868200297353,1989.2862601785166,1423.0289625621758,4000.2364054890413,0.8125407063665794,0.7320477329437475,0.35260249034092134,1.1827149965045167,0.11404382700129645,,,,,,deltaRIC0.5_short,EKF-B
24,2229.6943964001084,1807.9438160181978,1304.9430100428142,3787.09018327564,0.8039919676054776,0.7284633653794764,0.34021200636387733,1.2657633431951731,0.11320174400316318,,,,,,deltaRIC0.5_short,EKF-B
25,2345.496340603162,1950.152954949093,1303.1717216415284,3831.2385001612597,0.8211844383654259,0.7496739007306651,0.33516104245095213,2.1473194784594063,0.11619671600055881,,,,,,deltaRIC0.5_short,EKF-B
26,2752.2130812799282,2284.4716889638885,1534.8830401991015,4459.674696963764,0.9334656236642095,0.8179454487264043,0.4498036387920545,1.8432597980077872,0.11479470300037065,,,,,,deltaRIC0.5_short,EKF-B
27,2680.2291754314438,2130.976455123939,1625.597668717979,4399.7635795064725,0.8239150236477508,0.7112294852289438,0.4159189651043161,1.215390959748108,0.11378829200111795,,,,,,deltaRIC0.5_short,EKF-B
28,2823.7558077213666,2477.1071903616926,1355.5577557221773,4436.58665783963,0.9217138810548245,0.8138776661424603,0.43261948994890326,2.3779700803374966,0.11382243200205266,,,,,,deltaRIC0.5_short,EKF-B
29,2617.642479102356,2073.0313298104797,1598.309498822216,4460.217757560721,0.8776168960223322,0.7834070399067605,0.395581630018888,1.5500996284157362,0.11146105700026965,,,,,,deltaRIC0.5_short,EKF-B
30,2128.170300090117,1813.5620047032755,1113.5985278736216,3334.581541316132,0.7451450038432318,0.6715367006704432,0.3229234218900598,1.0950039719723779,0.11310944500291953,,,,,,deltaRIC0.5_short,EKF-B
31,2578.963075382021,2036.5839151040354,1582.2062131477717,4306.959609656719,0.7977255743342777,0.6951754672750582,0.3912763239014823,1.1428157359167037,0.11401210800249828,,,,,,deltaRIC0.5_short,EKF-B
32,2245.9836366631444,1806.643083867978,1334.3475048392022,3567.8526804030043,0.7533974541174865,0.6722846998720833,0.3400602978717348,1.1873279092794904,0.11295499900006689,,,,,,deltaRIC0.5_short,EKF-B
33,2690.454023747537,2195.1901797867604,1555.5330046215947,4419.024187309981,0.8361002732771293,0.7605217012405534,0.3473764656914233,1.3843890868533246,0.11334065200207988,,,,,,deltaRIC0.5_short,EKF-B
34,2970.2419862701736,2430.028316179765,1708.010491644217,4826.066944607105,1.0054577020971618,0.9227027014391067,0.39945577410206473,1.7787282057658267,0.11431918299786048,,,,,,deltaRIC0.5_short,EKF-B
35,2572.5927964398143,2169.462544800796,1382.6300889972265,3990.232393446403,0.9450112922341469,0.8898779047765056,0.31806234772545533,1.85488917719804,0.11323437399914837,,,,,,deltaRIC0.5_short,EKF-B
36,2341.333547758521,1893.2542988385164,1377.4726646249574,3719.3937573190083,0.8098398545269053,0.7161947051480158,0.37802874797838604,1.3976125238457324,0.11088834899783251,,,,,,deltaRIC0.5_short,EKF-B
37,2240.5954416355166,1815.391306476157,1313.2487721100854,3666.8322636945745,0.8049092642153446,0.7151294919168192,0.3694167476042193,1.1331266533796156,0.11137117000180297,,,,,,deltaRIC0.5_short,EKF-B
38,2457.953605009281,1931.8271955753492,1519.7301111755348,4000.773613104368,0.789157181963698,0.710891684629948,0.34263985548806164,1.4370684770376183,0.11216958400109434,,,,,,deltaRIC0.5_short,EKF-B
39,2927.780261846934,2402.730244125394,1672.9568540836983,4582.90829804468,0.9512951558031676,0.8708028584901418,0.3829684779456018,2.0719397245333457,0.11484145400027046,,,,,,deltaRIC0.5_short,EKF-B
40,2473.5532201324104,1898.3578488709556,1585.7815140987914,4125.456403904803,0.7977394665582223,0.6924302854174337,0.39614209110031273,1.2194939273779553,0.11419650700190687,,,,,,deltaRIC0.5_short,EKF-B
41,2523.475220759346,2032.8310519673844,1495.1672494887002,4234.384172553341,0.7865881636253093,0.7240169646873462,0.3074416595069029,1.2088918240758042,0.1143647239987331,,,,,,deltaRIC0.5_short,EKF-B
42,2568.2366992379907,2039.225901997225,1561.2166614331443,4037.8457329575485,0.7985942229283814,0.6848226670460866,0.41081704881184045,1.4630237043309777,0.11365108699828852,,,,,,deltaRIC0.5_short,EKF-B
43,2573.4043191494147,2089.748954978768,1501.7853025589282,4326.551162708445,0.7961498614288055,0.7087638557589675,0.36264086728165057,1.2037467383218292,0.11209867599973222,,,,,,deltaRIC0.5_short,EKF-B
44,2445.420258938341,1902.790377191706,1536.0563216538342,4097.8269605834585,0.7626110081674669,0.6539590963244946,0.3923175373503593,1.1358349328908965,0.11305824800001574,,,,,,deltaRIC0.5_short,EKF-B
45,2278.084350123,1791.3198419804492,1407.4237208468783,3957.273626913047,0.8941417172619727,0.7875873572561347,0.4233149716682451,2.546809598125433,0.11337604299842496,,,,,,deltaRIC0.5_short,EKF-B
46,2433.1168025962697,1889.4675582005455,1532.9610959133843,3965.1795017208724,0.8822771279816604,0.8038808985930865,0.3635772702421575,1.5918827313244714,0.11302597999747377,,,,,,deltaRIC0.5_short,EKF-B
47,2280.4429871299917,2007.6889955269585,1081.4828314819947,3444.3816288161534,0.9212849153681084,0.7602928489768261,0.5203082539029373,2.895949226194407,0.1139581920033379,,,,,,deltaRIC0.5_short,EKF-B
48,2680.8198222404008,2183.0355364026086,1556.004744890075,4636.472938408614,0.9174423950121987,0.8295953769601917,0.3917551004032959,1.836663957034439,0.11364519799826667,,,,,,deltaRIC0.5_short,EKF-B
49,2871.3921644657657,2363.9387548356467,1629.9345157218704,4777.83065064168,0.8618537871735243,0.7975620972740662,0.32662922627520574,1.2014882301774166,0.11480497600132367,,,,,,deltaRIC0.5_short,EKF-B
50,2718.6968646684045,2231.6437228716572,1552.7649326686062,4282.004366084168,0.9462107923383198,0.8349510171501878,0.44516475882236844,2.3711649935722514,0.11432280500230263,,,,,,deltaRIC0.5_short,EKF-B
1,467.32814651430175,383.4259328763799,267.1706393344345,1264.0408026664452,0.6769348580722495,0.3056061410892856,0.6040245761571397,2.900335660184815,0.16749380399778602,-0.1390904508929824,-0.01378067168306496,0.03291586256410162,0.14359496665965837,-63.766871506611096,deltaRIC0.5_short,EKF-G
2,1000.0805650131443,912.8358742822842,408.52393215123647,2056.5316662324562,0.3296000063974967,0.21301396335296896,0.25151782369027026,1.7776242773707611,0.16859314300018013,0.07781519706883466,0.0471607219005169,0.011431532277284773,0.09170615309370507,53.81257828165599,deltaRIC0.5_short,EKF-G
3,802.2815915151344,689.6644973304932,409.9007601919462,1394.2893451678242,0.5142844954057126,0.3558717350391014,0.3712732826570854,1.6033800871266874,0.17010482499972568,0.10272241510598301,0.09015790278552671,-0.017940022459456695,0.13784841821992802,11.259070098773918,deltaRIC0.5_short,EKF-G
4,877.4405919544138,759.7845381536317,438.89571425565856,2156.511846144352,0.7423782214786359,0.46178120589827115,0.5812775082565305,2.4299704119464622,0.16959178500110283,-0.03359255011784945,-0.026584057194309674,0.018200420522671124,0.046544890455694744,2.214648127404871,deltaRIC0.5_short,EKF-G
5,862.2432949069457,752.3394983141917,421.2466959969379,1948.7419098331707,0.5414418231667507,0.35636478705587565,0.40763143453462386,2.369803800604074,0.16898468599902117,0.0714928095453421,0.05090967905333732,0.012989854680337642,0.08872290325849724,137.74758921642024,deltaRIC0.5_short,EKF-G
6,562.276892790901,476.86533447158314,297.91736596898073,1160.6193173270067,0.35780813903066344,0.27425947601800454,0.2298007923635516,1.335221322935068,0.1729539810003189,-0.0766585940069493,0.013836463829156265,0.023145796633888716,0.08126324918581072,-79.79870148784357,deltaRIC0.5_short,EKF-G
7,816.177153233736,640.7432165254589,505.56233635164557,2050.000862182891,0.7046164898601639,0.4006530333494994,0.5796218980082648,2.399853419881329,0.17315720799888368,0.023799467520540518,-0.03512030661542559,-0.018450699002336646,0.046263148235907985,-103.36111050783347,deltaRIC0.5_short,EKF-G
8,654.9127556989873,496.6358646455866,426.92333682403915,2208.973162536397,0.5585806065602831,0.26522968186516777,0.49159486356445553,2.939180133907523,0.166453134999756,0.03375884720892819,-0.03566952488874636,-0.04403950502132803,0.06596554231709334,131.71755857698645,deltaRIC0.5_short,EKF-G
9,640.6257532575798,476.8881998553978,427.76044765209406,2009.9001888625858,0.7214360472520313,0.3518543495783713,0.6298162326880885,2.5470667529216535,0.16847603700080072,0.055913906185508955,-0.08473981889756654,-0.05880864046942891,0.1173271409588456,124.53955926796061,deltaRIC0.5_short,EKF-G
10,464.61488943225766,366.7619818279961,285.2238492267952,1306.376992052646,0.6918948069092671,0.39008134300901703,0.5714498837731037,2.0290005319254614,0.1708400919997075,0.04728467412860904,-0.06345869231991441,-0.03105140763960107,0.0850119753611395,-1.3005957968853181,deltaRIC0.5_short,EKF-G
11,721.6830300962291,612.6187909994135,381.4768837600669,1684.0116481240138,0.5726975675827809,0.344867739200022,0.45721848866193016,1.9632510361647242,0.16936154100039857,-0.10491409649134542,-0.008071571323863658,-0.048383714864267846,0.115814946230175,16.613578313056678,deltaRIC0.5_short,EKF-G
12,468.54308278625734,409.5323255394589,227.63104965072804,1605.9224689572065,0.5593703791447072,0.32939909388665506,0.45209673523610416,2.572409501340988,0.1723067450002418,0.025186558911877932,0.06702198146963778,-0.04903640643791024,0.08678063093963936,1.1632251362016177,deltaRIC0.5_short,EKF-G
13,726.0446109184408,621.41705467216,375.47519386277384,1982.3011307973686,0.29392417886553285,0.19945968241947212,0.2158871418378155,1.3702170898738995,0.17061631700198632,-0.10863182529715304,0.11088878586544038,0.016410934405724054,0.1560977740589905,-98.91270674206498,deltaRIC0.5_short,EKF-G
14,651.2860038329966,576.558911223793,302.9080399678894,1548.340724280202,0.39501999714795755,0.2929634466820513,0.26497776709555315,1.465260672896799,0.16982309199738665,0.08270116550079276,0.06168972849948695,-0.002980453885167489,0.10321815965658145,-111.0228973871881,deltaRIC0.5_short,EKF-G
15,531.903091427351,429.5623865684008,313.6830481802175,1320.905099558896,0.3782170038035673,0.23226121071037095,0.2985009748149917,1.8310986918094088,0.1665520460010157,0.07340649942945399,0.02285551338060321,-0.016219827853593383,0.07857462354970315,46.41559429242079,deltaRIC0.5_short,EKF-G
16,778.5651785907138,498.82188514548915,597.7796117415601,2577.5008677441883,0.4598900258631967,0.2923043132586181,0.3550451018375826,1.3766422661515554,0.17176184599884436,0.1690236087711252,-0.028063794310213164,-0.032737920033264034,0.17443717574303,4.858763730260762,deltaRIC0.5_short,EKF-G
17,812.3955181858068,739.0543520434455,337.3205340533371,1407.349607357484,0.34142523539061415,0.21461510770953962,0.2655401041356258,1.9412092354251789,0.16942096999991918,0.08896319383294693,-0.04221404960166808,-0.03469051894116437,0.1044026242253415,169.19175298036043,deltaRIC0.5_short,EKF-G
18,814.033117496165,701.2201859287524,413.44911080636155,1993.383174599371,0.5093917178114274,0.3125346277363949,0.40224622887051414,2.493806994754382,0.1706654269983119,0.05385482408435549,-0.024215516007264737,0.02610614442539494,0.06456209467957612,-8.419825393356405,deltaRIC0.5_short,EKF-G
19,615.2525655343886,510.35296787582047,343.6212560028687,1282.7001376292496,0.1688188287283367,0.12670975557898678,0.11155462686200383,0.6676523883727414,0.17124678600157495,-0.03252431327128652,0.009190249818776364,0.0009429896110166869,0.03381095791170059,-25.637584290911036,deltaRIC0.5_short,EKF-G
20,478.2221194335349,357.37279451054064,317.77520554509755,1665.174333356972,0.3432372038986285,0.20899854727416756,0.2722707942057617,1.6004392507588447,0.17225954699824797,-0.13104991909239994,-0.005056276789401404,0.05286633920357986,0.14140189903209777,68.95497006350706,deltaRIC0.5_short,EKF-G
21,626.395028540675,535.960280319056,324.21799718829897,1289.115815540323,0.36456348720029275,0.2592323401810819,0.25633011918984056,1.572064397048507,0.1696274470014032,0.11923586763666416,0.03175115947405749,-0.04337086426756931,0.13079128459622624,325.8355182127807,deltaRIC0.5_short,EKF-G
22,892.6942808613503,670.2175223929521,589.6707146874567,2810.315951129929,0.5105456516469843,0.3491572672205322,0.37248632882662114,1.402551498600407,0.1663581390021136,0.07556851233263229,0.007257225817031476,0.04107051994780375,0.08631370106483403,94.36226391281161,deltaRIC0.5_short,EKF-G
23,627.95986531485,499.9667549553614,379.95636115960764,1711.2599549658037,0.3241998495647942,0.27237888900397006,0.1758274247175284,1.1368298585070462,0.17111723000198253,-0.020391757600644156,-0.03527130387943733,0.009714273599836676,0.04188383658371716,-7.105535313765358,deltaRIC0.5_short,EKF-G
24,684.558624480103,505.9120910186614,461.1653353312849,1960.5519405985797,0.33900630242290825,0.2769114274885877,0.1955641439750266,1.2657633431951731,0.16949249000026612,-0.016045872855385168,0.0015412745724779908,-0.044567743473028554,0.04739334680391999,32.06894007931896,deltaRIC0.5_short,EKF-G
25,608.208817173304,524.3412383262138,308.1951185172833,1646.3550027557621,0.3947279414106413,0.2532239163720378,0.3027999271920155,2.1473194784594063,0.17131072599659092,0.028714571648440934,0.030033639309515414,-0.02903349183226739,0.05069013477099715,18.272654379125925,deltaRIC0.5_short,EKF-G
26,741.946068419677,521.2020539059572,528.0458194585273,2447.1524891663494,0.5361463070232878,0.31671093085149016,0.43260495699181745,1.8432597980077872,0.1713503259998106,0.12220716835090562,0.09712253720085362,0.041433545392828064,0.16150578290729198,-180.69436102534746,deltaRIC0.5_short,EKF-G
27,498.98906363612184,412.400237555433,280.9201482497759,1273.0022414431808,0.24579279697803122,0.1531053132214444,0.1922832860902036,1.052428240393549,0.16917274799925508,0.024519858623414104,-0.05583254467442328,-0.14544629939349019,0.15771215082863613,14.457058675952794,deltaRIC0.5_short,EKF-G
28,960.338648690888,848.2017598826259,450.33775624686086,2470.2488970136114,0.5218488260073076,0.33169591565564477,0.4028697267635887,2.3779700803374966,0.1719596940019983,0.08220682245939948,0.07096738313057638,0.03322938444088919,0.11357166511764125,43.36663666267032,deltaRIC0.5_short,EKF-G
29,488.4443203336051,390.76515715037965,293.0536572428274,1337.6987574552013,0.4724149375089636,0.25770101964612496,0.39593693646204,1.5500996284157362,0.17121685900201555,0.06396849825978701,0.019377385789480006,0.004996403158237239,0.06702548689988277,29.11190462205832,deltaRIC0.5_short,EKF-G
30,647.7261254914318,510.04164083273173,399.2576339417906,1778.873346386226,0.2783362614257503,0.2123231042193201,0.17997214739824416,0.978489968882359,0.16687957199974335,-0.037466466834190526,-0.10548242517718953,-0.038305250642435285,0.11831132821956938,27.09133013941937,deltaRIC0.5_short,EKF-G
31,591.5951559785923,503.64070907057805,310.37213912369833,1205.6071694170064,0.2920418478647505,0.1943429480342662,0.21798912691601977,1.1428157359167037,0.1697881360014435,0.009667522066375778,-0.023351744597365776,-0.01379749374170347,0.028794718130185106,98.78367141472609,deltaRIC0.5_short,EKF-G
32,462.60915045036603,327.96366837255295,326.26225388179296,2168.9093508312985,0.27481689384006064,0.17702379707115196,0.210206803910841,1.1873279092794904,0.17148140399876866,-0.06913614362330772,-0.013449505869347178,0.039847500932037594,0.08092291945895781,-25.601758227517166,deltaRIC0.5_short,EKF-G
33,560.5033866217766,425.4279604145801,364.9316332026743,1715.431532617161,0.3800179321204024,0.2384843454004152,0.295869643140357,1.3843890868533246,0.16967799899794045,0.00014052509845130512,0.052313370804525916,-0.007176471818371166,0.05280350613354188,-1.8792033780937345,deltaRIC0.5_short,EKF-G
34,919.7430105046628,813.6371245143202,428.86109054593527,1604.6747462339754,0.5677336485959982,0.37715333079004404,0.4243546403918542,1.7787282057658267,0.1697132280023652,0.17428866036220347,-0.033364075827766626,0.015791715232549852,0.17815464337669792,-40.53536504913245,deltaRIC0.5_short,EKF-G
35,632.6460547067447,487.4643662980537,403.26110911622305,1798.219086608733,0.5450975592634315,0.35249902574267966,0.4157833401729944,1.85488917719804,0.17142612599855056,0.07351951844301896,-0.06875730353617854,-0.02200636171017445,0.10303866428374656,-77.26937248987542,deltaRIC0.5_short,EKF-G
36,443.7290015173644,374.4947583233821,238.01071987603578,1354.3333458269522,0.3350689383284416,0.19799771858441412,0.2703111112550059,1.3976125238457324,0.1723893769994902,0.04605264039372847,-0.022527818827111912,-2.997499685097882e-05,0.05126742832288046,73.62080679839801,deltaRIC0.5_short,EKF-G
37,509.12301842398904,465.58299575617724,206.00660657332554,1265.4948786204352,0.32771860031817596,0.21731472884052477,0.24530346435277578,1.0715101359491468,0.16616782599885482,0.0015892495242060267,-0.013768171438155341,0.008008206744892776,0.016006862093164036,24.181912343076874,deltaRIC0.5_short,EKF-G
38,621.7593951026274,541.5132665546887,305.52925808121205,1125.437901121717,0.3626805446921993,0.26810473041610955,0.24424788847958454,1.4370684770376183,0.170300458001293,-0.11185248214216476,0.09861012543812997,0.03921032168550309,0.15418295601968346,-40.889845134492134,deltaRIC0.5_short,EKF-G
39,839.4071951929536,788.6723082747757,287.4029044777355,1524.873950143006,0.5365106703402605,0.3668034108261403,0.3915341073205059,2.0719397245333457,0.17073630000231788,0.019310014376543005,0.006072083913681192,-0.03929457740150338,0.0442019306302318,-13.814211784874715,deltaRIC0.5_short,EKF-G
40,525.1994643254343,449.0592600547879,272.36052997225846,1316.3038029587494,0.31368787265353215,0.23618342519217086,0.2064399939798314,1.2194939273779553,0.17295442799877492,-0.0298315738658963,-0.01020644430804929,0.0053093141512977615,0.03197316251932095,82.46258994560958,deltaRIC0.5_short,EKF-G
41,640.856125734207,545.8055147937927,335.8465630488733,1761.2617988512309,0.35443670824208273,0.2538690583846404,0.2473375857899064,1.2088918240758042,0.17187537900099414,-0.11411584829209404,-0.025748733698818804,-0.027643459695750217,0.12020642654395594,16.249442054117935,deltaRIC0.5_short,EKF-G
42,422.7102664979768,360.18437811210714,221.24914274813625,1174.9917872814249,0.26270566060030176,0.15935816279415393,0.20885219669017815,1.4630237043309777,0.17179968999698758,-0.02411614942235829,-0.004806985039296718,0.014389994894443703,0.028491537711953185,-13.858732702336965,deltaRIC0.5_short,EKF-G
43,576.2867031656002,415.9642198864092,398.8485076062936,1925.8738943083877,0.2969587765897449,0.17686386885794972,0.23854493682800312,1.2037467383218292,0.17137182900114567,-0.016850249786903693,0.0662954966365602,0.005756009357627989,0.06864514138592996,51.92028176764234,deltaRIC0.5_short,EKF-G
44,454.6250613542648,361.7404424911762,275.36847800294254,1579.057943431539,0.21290708678978543,0.13793965701670846,0.16217915595854498,0.8110159320709835,0.16732165600114968,0.05880886803141627,-0.08350996853802656,-0.0404222722789776,0.10984697492673397,106.75944980451004,deltaRIC0.5_short,EKF-G
45,510.1059895990039,383.7751460331511,336.04279178701734,1735.0973523580642,0.5039521230040752,0.2876003615261815,0.41382819421871725,2.546809598125433,0.17006101299921283,0.04904309387309114,-0.03752315121156674,0.001840821971681117,0.06177864160874983,-30.805874610783576,deltaRIC0.5_short,EKF-G
46,424.08030799493224,344.82432842557927,246.86087206142008,1486.8451300280046,0.4912208819552936,0.33616874282996784,0.35817388404663936,1.5918827313244714,0.17082996899989666,0.17967704535652573,-0.05265004390345984,-0.03637109102399194,0.19073207389781816,69.57816693136374,deltaRIC0.5_short,EKF-G
47,979.1646682500975,858.3447425433659,471.17698426120785,2624.334281073801,0.5908438880572378,0.30303576945941374,0.507213783805936,2.895949226194407,0.17210095500195166,0.06725590233264889,-0.01399758238144122,0.029393056332188805,0.07472108451870371,20.658427693862905,deltaRIC0.5_short,EKF-G
48,701.883422106143,637.944103663284,292.6903804853848,1319.067938660762,0.5449580943304757,0.3255937749239823,0.43699887678008376,1.836663957034439,0.17057097400174825,-0.022882272109707225,0.0024476690988393113,0.006038734890091435,0.023791926781849878,-60.37246141432115,deltaRIC0.5_short,EKF-G
49,901.7233618024286,812.6721817929647,390.72873731034423,1617.6556702718724,0.34937996550431044,0.2893950185437509,0.195746988579276,0.8825893061919835,0.1699110469999141,0.05752990090415855,-0.03598323361043421,-0.050489738868772116,0.08457952666066523,2.699917481603734,deltaRIC0.5_short,EKF-G
50,946.4705437496657,583.8372999851885,744.9432846410476,3185.5637525962156,0.5584715383241073,0.3146491413759586,0.46139611718074397,2.3711649935722514,0.17129211199790007,0.01529785880607748,-0.04465135139841764,-0.010096008891848696,0.048266935486934975,-38.68774289944031,deltaRIC0.5_short,EKF-G
1,3891.1604225246188,2925.0654644370725,2566.1491504936926,6318.339292985692,0.4465644050097819,0.31849162179943796,0.31302213127078454,2.560365208419583,0.83702953899774,,,,,,deltaI0.2,EKF-B
2,3892.547041084176,2928.8202009762276,2563.9685445431533,6333.2840600604095,0.4101176343516289,0.3173132508451011,0.25982450778225363,1.919877131374046,0.8642370650013618,,,,,,deltaI0.2,EKF-B
3,3895.7992905498595,2928.7299930746904,2569.006177476713,6300.323626639254,0.3942783001996561,0.3059477828318058,0.24869928063553445,1.7079416546769004,0.8550148819995229,,,,,,deltaI0.2,EKF-B
4,3895.7483341723128,2902.0057062146734,2599.080215057593,6294.66063394619,0.3759042276574953,0.2945095342069062,0.23359820768150003,1.3234614085300842,0.8744709439997678,,,,,,deltaI0.2,EKF-B
5,3874.628533856553,2885.1780514024904,2586.212266439225,6283.317617226163,0.3740332973925196,0.2938645270988358,0.2313969474113663,1.672440564791872,0.8753205199973308,,,,,,deltaI0.2,EKF-B
6,3882.72924949394,2891.117865756563,2591.722190200754,6312.181940191391,0.37910838887896625,0.297887404665077,0.23449150232004176,1.087872141914685,0.8768441530010023,,,,,,deltaI0.2,EKF-B
7,3922.2615330064978,2954.978386484747,2579.193336822674,6364.962819347728,0.47132449102814183,0.3347824433444066,0.3317642106546245,2.653786988547594,0.8763161249989935,,,,,,deltaI0.2,EKF-B
8,3897.5064739197014,2914.810372682642,2587.3610504812928,6285.52003319578,0.382511293527473,0.3018200264115756,0.23498842808312162,2.011679158849525,0.8502314209981705,,,,,,deltaI0.2,EKF-B
9,3889.926162992914,2916.647205896122,2573.848214226145,6289.633250778667,0.3934526867522846,0.3042074181981177,0.2495252761261411,2.43422232334803,0.8591019039995444,,,,,,deltaI0.2,EKF-B
10,3901.594048031508,2874.977621597834,2637.6011432638084,6318.052185125027,0.367314934781695,0.2854546568720829,0.23116206475916906,0.8350898462297037,0.8532601180013444,,,,,,deltaI0.2,EKF-B
11,3898.3135027531403,2927.8575901738604,2573.810035221865,6306.623196112328,0.430482779012306,0.31662984032080255,0.2916521339619873,2.0924617385103113,0.876786794000509,,,,,,deltaI0.2,EKF-B
12,3895.784298279392,2904.9808824015713,2595.8084235169667,6323.864506263437,0.3736811418501007,0.29243911704774944,0.23263051948256452,1.271522954879736,0.8640606580011081,,,,,,deltaI0.2,EKF-B
13,3902.920364235538,2938.3867935904136,2568.787733702011,6330.233817942417,0.3993664571815399,0.31178628403184944,0.2495653826381889,1.522766479569911,0.8777575189997151,,,,,,deltaI0.2,EKF-B
14,3910.842142904316,2919.7061222106768,2601.922832568621,6365.2170811881815,0.3927760029544094,0.302078286227131,0.2510412266678957,1.6533380720709736,0.8469860940022045,,,,,,deltaI0.2,EKF-B
15,3908.2765509351816,2902.5296802157945,2617.2403508383013,6325.85148281246,0.36993444644818513,0.2899211347284183,0.2297764790110412,1.1952400353650336,0.8536468890015385,,,,,,deltaI0.2,EKF-B
16,3902.1490297495984,2932.9321526670997,2573.8446025794306,6331.51933865858,0.3829912986008107,0.30314781122825957,0.2340592646135821,1.160168481909176,0.8642010619987559,,,,,,deltaI0.2,EKF-B
17,3872.766691113493,2882.8421874693336,2586.0283768638697,6282.398868025907,0.3954338342934306,0.3043956456360613,0.25241079260168275,2.5006296493410014,0.865027857998939,,,,,,deltaI0.2,EKF-B
18,3911.112451023584,2921.2162735673073,2600.633785752474,6375.325336490375,0.37739578761181036,0.2993499268465615,0.22981993343506346,1.242704638569796,0.8791566020008759,,,,,,deltaI0.2,EKF-B
19,3888.4218264456517,2889.5003147896914,2602.040013375892,6290.195010870554,0.3991339805887763,0.30386701860464155,0.25879097639788,1.8664952670110855,0.8714091110014124,,,,,,deltaI0.2,EKF-B
20,3902.993733299785,2901.100149027502,2610.9343169620333,6325.773190034245,0.39585225944456387,0.3015692150356537,0.2564274163387097,2.5795955999636955,0.8496775129970047,,,,,,deltaI0.2,EKF-B
21,3895.825889831091,2911.606046277922,2588.437674574386,6319.744416592401,0.42204051203960125,0.31157446305367803,0.2846744592959843,3.2453388782332855,0.8681476759993529,,,,,,deltaI0.2,EKF-B
22,3885.629653462853,2891.980954163385,2595.103844670978,6303.8854495530295,0.395883153073707,0.3023977350938506,0.2554977117269145,1.872020947438729,0.8714965449980809,,,,,,deltaI0.2,EKF-B
23,3892.646038650046,2881.343999664638,2617.355523770985,6340.05967479966,0.37581109996503953,0.2982146471633049,0.22869632063983567,1.280076953895737,0.8710444459975406,,,,,,deltaI0.2,EKF-B
24,3896.2754562954706,2924.8386921467304,2574.1563775831255,6318.535628127477,0.3753002396224467,0.2965388674553975,0.23003254106525042,1.3390724197646815,0.873492200000328,,,,,,deltaI0.2,EKF-B
25,3897.988207511942,2910.67288797439,2592.7389774354424,6303.283394140973,0.3854662490745289,0.2999451837936452,0.24210971871154438,2.4820257316847307,0.8869929469983617,,,,,,deltaI0.2,EKF-B
26,3915.31880225723,2925.2221873105996,2602.459697704228,6366.396501401353,0.3940396636979319,0.3078176148484021,0.24599913121029532,1.400333713185612,0.8812128179997671,,,,,,deltaI0.2,EKF-B
27,3892.6514502286377,2898.7667020751483,2598.054448988221,6279.200213981764,0.39666618263519243,0.3019618175420473,0.2572219298447921,2.272940512039132,0.8395765980021679,,,,,,deltaI0.2,EKF-B
28,3892.263871141637,2932.6762591839274,2559.1264137227477,6291.364549872532,0.37982268525593105,0.29776831780129204,0.23579504055177836,1.341374292719385,0.8621376720002445,,,,,,deltaI0.2,EKF-B
29,3897.7777782431563,2910.310722249651,2592.8291707177445,6333.673944023861,0.38129344110091323,0.29835471707771327,0.23742188404621264,1.3770314589221613,0.8642137649985671,,,,,,deltaI0.2,EKF-B
30,3903.8567775154456,2936.094357176402,2572.8287282891906,6322.383341543852,0.3753248204437781,0.2955573303632759,0.23133219687213377,1.1423825489213562,0.8660422620014288,,,,,,deltaI0.2,EKF-B
31,3896.267037550485,2892.22995184912,2610.7283913745728,6302.028944347536,0.3792699884268079,0.2936630272482668,0.24001614643322375,1.2794254216885257,0.8672925899991242,,,,,,deltaI0.2,EKF-B
32,3879.887211450193,2909.8494697053948,2566.378934847695,6286.795013405822,0.3735660231199266,0.29613197200244556,0.2277222623890346,1.1599194688147778,0.8759882980011753,,,,,,deltaI0.2,EKF-B
33,3893.10560896464,2904.4710544144627,2592.3578411593726,6336.94501058119,0.452969603581531,0.32696464402749126,0.3134893671638407,2.385511771309978,0.8416370690028998,,,,,,deltaI0.2,EKF-B
34,3910.724552270732,2937.4128684204097,2581.7382059711817,6314.167653995567,0.37758267710908566,0.3039042782414411,0.22407781621439635,1.5674610110652643,0.8698611460022221,,,,,,deltaI0.2,EKF-B
35,3916.0918241149698,2933.5765549390744,2594.205807412339,6349.765212224382,0.38539291870214226,0.3039301061739365,0.23696875816625235,1.5855300222334934,0.8631210460007424,,,,,,deltaI0.2,EKF-B
36,3884.854406423331,2885.118051952856,2601.5740591808126,6278.0974113417,0.3790015040288459,0.29510035669377366,0.23781908993042356,1.4816876249869135,0.884724538998853,,,,,,deltaI0.2,EKF-B
37,3894.2590630449176,2903.8938558847285,2594.7358485715663,6311.206182281124,0.36961945482348213,0.2923081512034856,0.22621778472084886,0.9940264128233327,0.8570290539973939,,,,,,deltaI0.2,EKF-B
38,3887.047310418602,2882.315971901153,2607.9477432563717,6282.578722425777,0.38567487967218544,0.3032599305669832,0.23828245282156896,1.804557631173617,0.8784352919974481,,,,,,deltaI0.2,EKF-B
39,3899.500388177535,2953.5046861229375,2546.156583253786,6302.996008310473,0.37747577374257724,0.30026170616378667,0.2287594098046444,1.5684409075910573,0.8748052219998499,,,,,,deltaI0.2,EKF-B
40,3898.1835743951956,2905.063837896983,2599.315155464561,6288.975476789163,0.38383324767737775,0.2954874259220923,0.24497988314247202,1.8081585774808406,0.850161518999812,,,,,,deltaI0.2,EKF-B
41,3904.067993190582,2952.964283550864,2553.771492426069,6305.948222080524,0.3987619846549929,0.3168376248744474,0.24212608258902577,2.1390038790283525,0.8554179210004804,,,,,,deltaI0.2,EKF-B
42,3903.95432617019,2915.860438166281,2595.884682716028,6296.724815311391,0.441106170945972,0.3184948263302089,0.3051814208753657,2.6870115347222088,0.8618591119993653,,,,,,deltaI0.2,EKF-B
43,3898.1783996003237,2919.0858984004476,2583.550338752894,6283.5631891663115,0.38600314182005735,0.2995447210888352,0.2434571534434082,1.6939953551733455,0.868866581000475,,,,,,deltaI0.2,EKF-B
44,3889.025201732301,2874.9925292804382,2618.9568488790787,6309.378095245643,0.39444986489881817,0.2939489465541904,0.26302987042991455,2.994308228483416,0.861456251997879,,,,,,deltaI0.2,EKF-B
45,3877.0844796366805,2898.5985055080887,2574.8613100720404,6312.699124035999,0.40416625633765363,0.31080712252215803,0.2583588499577481,1.8103355193509063,0.884790164000151,,,,,,deltaI0.2,EKF-B
46,3889.4751552948724,2885.4037896940094,2608.1529775064037,6295.440350722748,0.4073051908400744,0.3026990790160654,0.27252667034273026,2.289218458148728,0.842258207998384,,,,,,deltaI0.2,EKF-B
47,3887.5961565998177,2923.657523304525,2562.3486420146896,6287.74070771751,0.4389763813221199,0.3187721867640491,0.3018021807481341,2.4314188862744555,0.8585714319997351,,,,,,deltaI0.2,EKF-B
48,3902.6004345646406,2959.1691479430783,2544.328615907536,6302.644346532591,0.39771643721230066,0.3087337420453621,0.25072263749313456,2.2072266742054505,0.8728989030023513,,,,,,deltaI0.2,EKF-B
49,3889.65310111551,2915.5581056961273,2574.669333978077,6279.02271899946,0.374361938659817,0.29981299316216004,0.22418525876667972,0.8711783048536623,0.8710785889998078,,,,,,deltaI0.2,EKF-B
50,3906.2287832924053,2938.5135425860135,2573.6669301719417,6329.582256612021,0.3783517904154965,0.29792947541350934,0.23321257468336243,1.4752693198467068,0.8598211030002858,,,,,,deltaI0.2,EKF-B
1,278.8503511962221,190.02886086508366,204.07486469571666,1324.1673508146685,0.26535337255554603,0.05854514582998328,0.2588143702083569,2.560365208419583,1.3094936950001284,-0.010061469025415375,-0.0023164754164793355,0.0006592521232227635,0.010345715570540292,-229.13940190518042,deltaI0.2,EKF-G
2,318.23579206438274,185.54778253336426,258.5460108912849,1585.8430527324783,0.20042537262276908,0.06105977983220492,0.19089796561990516,1.919877131374046,1.3180020180006977,-0.006881129136567146,-0.0004226167892467103,0.0008499710207227413,0.006946293535457235,50.02330534350767,deltaI0.2,EKF-G
3,342.3484624009858,174.88212887470468,294.31056846224595,2754.8171910853976,0.1649809407158341,0.04863986855305654,0.15764794317282718,1.7079416546769004,1.2828344940026,0.0029629391816058197,-0.01021237535021749,0.0014142947174598703,0.010727154722267207,-102.13596223331115,deltaI0.2,EKF-G
4,248.75693833963606,155.63836807474377,194.05337604674665,1576.2930811079452,0.10801506061723665,0.03495385955332968,0.1022031360696501,1.3234614085300842,1.3239736120012822,-0.004905480519760429,-0.0005335492334590242,0.0015937691607642679,0.005185413585441088,-97.21295587917848,deltaI0.2,EKF-G
5,329.96909915588475,199.58439316157296,262.7654398966362,1164.085305185888,0.12277377563434336,0.04833899070749636,0.1128571750527748,1.672440564791872,1.3100294379983097,-0.0014722053600731387,0.002590336427774287,-0.0017376603197449697,0.0034491585666795205,36.501867224651505,deltaI0.2,EKF-G
6,308.019316695411,198.23303563022202,235.75318246491406,1973.3401133359189,0.12617245193556131,0.04589166535058358,0.11753060315841819,1.087872141914685,1.3144661269980134,-0.0008116986122976982,0.002531393190223885,0.0041072599695189185,0.004892483068742335,-102.92535885667166,deltaI0.2,EKF-G
7,339.51895415061335,206.21078619832568,269.7225090403,1922.3105215709068,0.30443757393201043,0.07918657610809043,0.29395870898118653,2.653786988547594,1.3135294489984517,0.0021012292752873906,0.0002669831035016501,0.00044882059513961527,0.002165152274437441,15.324545481948007,deltaI0.2,EKF-G
8,248.19309152184303,180.14600762117928,170.72558864247614,1107.7500659187563,0.13269184483082896,0.04867764104552026,0.12344072645141181,2.011679158849525,1.3238306069979444,-0.006452934238521604,-7.937490942064307e-05,0.0034635125984715746,0.007324109514657823,-80.32276612576243,deltaI0.2,EKF-G
9,341.37246833285303,178.04955621979468,291.26193995371057,2254.995118236577,0.1612475418374079,0.04624526442686818,0.1544737688628579,2.43422232334803,1.2827713939987007,0.000595291568638523,-0.007106095172599525,-0.00035365402971032455,0.007139750123531266,-21.06168439429166,deltaI0.2,EKF-G
10,169.37359994071093,113.9123163009202,125.34512576017906,1066.8910385354957,0.07229492736499454,0.02722705182474491,0.06697196556502201,0.8350898462297037,1.3144123019992549,-0.0066014221893110755,-0.0035297641791765533,-0.006782038200383994,0.01010119063445465,155.08703568881174,deltaI0.2,EKF-G
11,342.4839223430997,201.74884158892044,276.7537569411535,2298.133142489536,0.2391546801538037,0.06303349385214177,0.2306983738396527,2.0924617385103113,1.3035359590030566,-0.007793709675440086,-0.010525587593978092,0.004254883914889622,0.013770764025018378,-8.736935219050793,deltaI0.2,EKF-G
12,223.2509546788172,152.89332279229058,162.67950273631814,1156.111606905449,0.09967579949390862,0.03170272029654613,0.09449974883854896,1.271522954879736,1.3139294460015662,0.0011188857156822429,0.013039477552675566,-0.0070805446790382556,0.014879986325374921,23.429166136796994,deltaI0.2,EKF-G
13,320.37877403763133,197.48170077727067,252.27670663771596,2150.7107246782784,0.17347130596764565,0.05497102257888628,0.164531093325098,1.522766479569911,1.3290129159977369,-0.007396780780265153,0.0022227144511995645,0.0010879036989556784,0.007799766656834857,-166.24464571566205,deltaI0.2,EKF-G
14,271.34535791031766,160.41304708915828,218.85145095029617,2332.8019019070766,0.1556518369959844,0.04346809330999048,0.14945908879763203,1.6533380720709736,1.3207658440005616,0.0025431388326792714,0.0048968043592264865,-0.006583524816873813,0.008590055126087036,-73.5141103953647,deltaI0.2,EKF-G
15,244.78961285279033,161.9313153484144,183.5761522370249,1336.1516415553717,0.08054076659562094,0.03139075584258919,0.07417166259051526,1.1952400353650336,1.3024946810000984,0.004585088541955411,0.0002255220827213078,-0.0003621417103869891,0.004604893458677168,114.85539439932472,deltaI0.2,EKF-G
16,275.525431474209,177.89419606879994,210.39942584067188,1865.847641406638,0.1293690081199204,0.042956665749207444,0.12202895201403188,1.160168481909176,1.2815939469983277,-0.003907855389187442,0.026321208862120887,0.0028608474919188027,0.026763068173851268,-27.288748312821554,deltaI0.2,EKF-G
17,230.6045557296505,150.98922952727412,174.30064167991358,2220.320005800252,0.16801566287319328,0.04886924827497763,0.16075154600736236,2.5006296493410014,1.3118740409991005,-0.002782546669697159,0.00019758668257341405,0.0011047622696206618,0.0030003510025579535,-17.35114714190422,deltaI0.2,EKF-G
18,244.27036398358155,161.48302635131685,183.27913935058547,1335.504861654459,0.10847745473658048,0.04006667459948544,0.10080684387811087,1.242704638569796,1.284341922000749,-0.004914060609891966,-0.002590868067583546,-0.00228459380629686,0.0060066594610553616,-231.52243584718963,deltaI0.2,EKF-G
19,227.30813287609902,158.275517105216,163.14977154962483,1148.3273119275323,0.17587916473949283,0.049234509488496676,0.1688473975662307,1.8664952670110855,1.312391306997597,0.005065763232480022,-0.01364619745747514,0.01740075676973963,0.022686273346135696,-9.149767910923401,deltaI0.2,EKF-G
20,205.31320896227916,125.1752232289041,162.74113574625972,1467.5054202565539,0.16252201755973178,0.039318252373094296,0.15769426502574982,2.5795955999636955,1.3171691200004716,0.0020600082567620946,0.004005075490040921,0.0029686504169840304,0.005394177323477046,-4.4550009368758765,deltaI0.2,EKF-G
21,309.68958913858927,196.90575120850988,239.0308908108754,2081.94063455795,0.22184251085574422,0.05665955980890813,0.21448495029964632,3.2453388782332855,1.3160275039990665,-0.0035764503609881006,-0.002833560156852294,0.0030658530854414056,0.00549722798223098,-32.429056706394476,deltaI0.2,EKF-G
22,277.3970428748865,145.9025824575928,235.92701377319412,2192.451418394469,0.166978109965198,0.04240377676913491,0.1615042071379663,1.872020947438729,1.27473898399694,-0.0038201357173753125,-0.0011751218343458714,-0.0013364003555255241,0.004214298771441312,-131.64009460336092,deltaI0.2,EKF-G
23,197.27903230016264,142.16714281226183,136.77543671978003,1256.3301207613804,0.1099773209083477,0.04145176488422766,0.1018663943710604,1.280076953895737,1.2878455610007222,-0.009085890606958085,0.004278123865580269,0.003970209421121039,0.01079899600788957,-110.68040897005267,deltaI0.2,EKF-G
24,284.73465340950077,184.98249912941256,216.4608460393367,2496.3879782929603,0.10870139571018017,0.03935184225690965,0.10132830769497968,1.3390724197646815,1.3098473790014395,0.002948114341990027,0.004656080760465586,-0.004127861899290748,0.0068854709411224225,1.2854221722227521,deltaI0.2,EKF-G
25,287.1033656614847,192.29310191169546,213.1940560412754,1496.0589089248192,0.13969419579025377,0.0441768054647399,0.1325250097016268,2.4820257316847307,1.2950395209991257,0.0010546608009984189,0.0001812849483974477,-0.003923479219853742,0.004066800072083974,115.10977393396752,deltaI0.2,EKF-G
26,258.77367790055416,161.93484973469165,201.84380301506062,2266.6611524562372,0.15933466093300136,0.05031295461852675,0.15118247508288973,1.400333713185612,1.2991032379977696,-0.015387693383853231,0.024952893106267887,-0.0024236566839073237,0.029416017639540548,-152.35755554890784,deltaI0.2,EKF-G
27,216.47931052677023,147.17059663136658,158.7580151466798,1294.3225817082377,0.1660165028371531,0.04115968716798027,0.16083332790971056,2.272940512039132,1.2893894830012869,0.0029235551651259906,-0.0010217489175017302,-0.002077175308089602,0.0037290485267006046,120.3191791250938,deltaI0.2,EKF-G
28,290.5508752946929,169.7392978800922,235.81429534632866,1880.50588686789,0.12209164585672796,0.03749123755442098,0.11619284442099974,1.341374292719385,1.2690078890009318,0.0024317523381239,0.0036318773648003067,0.0031486035849525116,0.005386803984005329,-108.5515209203295,deltaI0.2,EKF-G
29,222.5224273556792,188.71639522882876,117.90823910185428,1120.4387121254185,0.12473981862028741,0.04177876588551054,0.11753534392048165,1.3770314589221613,1.2936514590001025,-0.002075281156577759,0.008365757627793097,0.002979520796406371,0.009119771748352212,39.79048555369809,deltaI0.2,EKF-G
30,334.1686979556794,193.5232488721526,272.4288362845626,1790.4833687100504,0.10645459398994839,0.03724434432023079,0.099726823862594,1.1423825489213562,1.3034681970020756,0.0004623390566723702,0.002657642505421054,0.006214316740138232,0.006774551914090529,-60.229754956315446,deltaI0.2,EKF-G
31,178.20220136864313,130.2991123598448,121.56547984879168,1049.1945661751804,0.12001675280106947,0.03583113778203251,0.11454322554458651,1.2794254216885257,1.2875448589984444,0.0015741647466961486,-0.007648413107625235,0.016291091884069856,0.01806587646614028,183.3245040419206,deltaI0.2,EKF-G
32,264.56901936971474,186.87468594512478,187.28218752236822,2170.6866993545423,0.10517786713794168,0.0398049927695008,0.09735474454954161,1.1599194688147778,1.3113380350005173,-0.002794746421289457,-0.0008499106288393232,0.003947209760123135,0.004910541775276493,88.15731445116398,deltaI0.2,EKF-G
33,299.0734535105728,158.1120583554671,253.86119750237157,2124.3249697052916,0.27755391497588117,0.0711304782639833,0.2682846077962276,2.385511771309978,1.2966534929983027,-0.005926803184514935,0.001783958065123381,0.0028714775259775995,0.006823114065314281,-187.0330529473431,deltaI0.2,EKF-G
34,297.16852908725895,179.0191682241173,237.1945869707617,1279.7539120099505,0.1105803030675614,0.042693789447018834,0.10200609672547693,1.5674610110652643,1.297315043000708,-0.0020538095150142957,0.0018495629575490946,0.0008157434137474955,0.002881744953144436,6.993729090587294,deltaI0.2,EKF-G
35,276.1333984476359,176.21766987514272,212.59582912657547,1463.3477451020449,0.13390321298417793,0.04468176018791325,0.12622840708016528,1.5855300222334934,1.2676661440018506,0.0029723281233602363,0.006738714173515681,-0.004126649483459677,0.008442407188983325,64.70132093821303,deltaI0.2,EKF-G
36,206.66981795226388,156.58316684780632,134.88560157531248,1246.197947176005,0.12441810506968191,0.04126382702892945,0.11737615366017495,1.4816876249869135,1.3089179009984946,-0.015693508430162185,0.004534658877063141,-0.004736423565878294,0.01700832285013153,113.25552725511807,deltaI0.2,EKF-G
37,209.53559133441172,140.69882751950774,155.27074409075723,980.1565371774377,0.08470221348038559,0.03204633162833723,0.0784059793487936,0.9940264128233327,1.3006886290022521,-0.007664418422177058,0.012409671859726329,-0.0022164738475242292,0.014753169887622437,-183.36497775255702,deltaI0.2,EKF-G
38,169.56518863140434,112.25487413318722,127.08735747093819,1009.3753282202451,0.13744091466175676,0.04041147971747345,0.13136558655182312,1.804557631173617,1.3165259140005219,0.006162127746639352,-0.009743672956180116,0.0034933009690970404,0.01204633274916448,-81.00586316345289,deltaI0.2,EKF-G
39,307.2894056044498,212.48198243149182,221.98690488116463,1157.904413554592,0.11480232811477732,0.042204492450670615,0.10676308049861749,1.5684409075910573,1.3346922459968482,0.0017053224970919648,0.0013983076967956087,-0.0005292565369179056,0.0022679289485952043,73.16609373521351,deltaI0.2,EKF-G
40,224.73908348638454,174.7008268688015,141.3763655554109,1024.7493149587228,0.13524945553513198,0.04012174113699824,0.12916137623409463,1.8081585774808406,1.3307075439988694,0.004286223621034686,0.007065260723928574,0.005863705513823244,0.010132752063454653,171.14374979044806,deltaI0.2,EKF-G
41,288.74933169919626,198.48961938949924,209.7094360093131,1353.2478361848162,0.1696477060229801,0.056764723856175356,0.15986904104419855,2.1390038790283525,1.2797320829995442,0.0014794937249372193,0.0019525912903064768,0.005999786375388389,0.006480659764206532,-57.6336956805535,deltaI0.2,EKF-G
42,315.0637880801501,198.19732101362172,244.9142962393929,1353.6362977863014,0.26028959323028844,0.07019774623057703,0.2506450653177447,2.6870115347222088,1.3054867319988261,-0.007128886835203066,0.0001395180376927152,0.0018372197728708996,0.007363142622943074,-215.71160384369432,deltaI0.2,EKF-G
43,241.86663889196927,167.98162763457324,174.01621702053473,1498.3495485064313,0.13927626319560502,0.04009872659546079,0.1333790448876956,1.6939953551733455,1.3088721919993986,-0.0028258845331016694,0.0023502751935079447,0.0013367509504763053,0.003911051007496751,-212.79228432445962,deltaI0.2,EKF-G
44,183.48300076036296,126.91214846129535,132.51157738464022,1368.5939405710956,0.16273789482329556,0.03481494474777162,0.15897025518545166,2.994308228483416,1.2993578929999785,0.004390496470054759,-0.005253371832992099,-0.0070220430973618065,0.009807316867035787,149.74865918094292,deltaI0.2,EKF-G
45,324.0569262614699,188.84813252934725,263.3425037820706,2156.1166701492925,0.19319235836028692,0.06052054108703233,0.18346812103289867,1.8103355193509063,1.3088806780033337,-0.0036066995910334944,0.0014477548878319146,0.0026962595634606244,0.004730125980220321,81.05359743166628,deltaI0.2,EKF-G
46,200.59496735797103,123.23504933835996,158.27654135694732,1616.0648136785203,0.19212487524925106,0.04416971101605897,0.18697861994971007,2.289218458148728,1.2983398379983555,0.009450452945833404,0.012613644442796862,0.04251512802821954,0.04534259805377952,34.74976277077076,deltaI0.2,EKF-G
47,308.04167094119174,172.1500258680789,255.44870254096267,2017.4688134415755,0.2529125402278154,0.0594227423395704,0.24583264774502878,2.4314188862744555,1.3113797959995281,-0.0012818291537868944,0.0035019207366215332,-0.003715596099235061,0.0052642368105670105,-110.08333133580163,deltaI0.2,EKF-G
48,343.2673701583395,249.36910589167368,235.8973006251019,1396.160066101518,0.17547316188083564,0.05921472678138853,0.16518004320335872,2.2072266742054505,1.290226065000752,-0.01465918123186349,-0.012034640289180859,-0.01937154017492425,0.027110528029296997,16.39428748438513,deltaI0.2,EKF-G
49,292.1891616697846,176.69876909013556,232.70593288380613,1662.4420939333845,0.10595787384545713,0.041990913439793436,0.09728223999446961,0.8711783048536623,1.295614595997904,-0.002668083738605494,0.003592748381991584,-0.002047719362049795,0.004921348022465779,-180.79931004755053,deltaI0.2,EKF-G
50,311.6229041704197,220.455529955186,220.24575754321515,1396.4108308700613,0.11847925892060637,0.045418876032222055,0.1094278780491778,1.4752693198467068,1.2984710260025167,-0.0061844976521513275,-0.0035661895549778666,-1.03104403406212e-06,0.007139027960062233,-125.84993328108249,deltaI0.2,EKF-G
1,982.1748751568261,762.9614815397028,618.5121365632762,1960.1261615913306,0.27729464258314335,0.10609602901095394,0.2561951432666514,2.560365208419583,0.8511589750014537,,,,,,deltaC0.2,EKF-B
2,998.674110808555,770.963845389879,634.7950288879936,1971.1895168464346,0.21452130707612885,0.1059648199323847,0.18652304985268728,1.919877131374046,0.8645751350013597,,,,,,deltaC0.2,EKF-B
3,993.9254923929815,756.1895573237157,645.0311913568163,2754.8171910853976,0.181474281979924,0.09322959451119434,0.15569572160919273,1.7079416546769004,0.8698271380017104,,,,,,deltaC0.2,EKF-B
4,967.1215971709605,730.0121872310546,634.3550978818106,1946.9137139214133,0.13349618572569633,0.08076133485795714,0.10629599425787657,1.3234614085300842,0.8575210300004983,,,,,,deltaC0.2,EKF-B
5,968.5376462800325,732.5849314939376,633.5491223336104,1957.9781704114885,0.13390389173309583,0.08209455708487365,0.10578627471608533,1.672440564791872,0.8729218619992025,,,,,,deltaC0.2,EKF-B
6,978.4078580310501,734.267137487478,646.6325907830911,1973.3401133359189,0.14636845543244778,0.0858404245403817,0.11855440211315431,1.087872141914685,0.8667704090003099,,,,,,deltaC0.2,EKF-B
7,990.5829289031765,767.4229778227918,626.3517479372068,1942.1204810486515,0.3127011635524568,0.12011286952181897,0.2887125149041773,2.653786988547594,0.8703178439973271,,,,,,deltaC0.2,EKF-B
8,965.0782203386269,732.7554621800341,628.0488866460129,1963.281582042965,0.15094098921808924,0.08794613190497336,0.12267298035463375,2.011679158849525,0.864910147000046,,,,,,deltaC0.2,EKF-B
9,994.9907021974561,752.5120565676854,650.9470809364303,2254.995118236577,0.1792586925136413,0.09144981649901948,0.154177202932197,2.43422232334803,0.861655159998918,,,,,,deltaC0.2,EKF-B
10,948.9567927793101,689.36175590813,652.1498018501998,1940.0910982532143,0.10536208465630528,0.0710246663795833,0.07782458254813406,0.8350898462297037,0.8564516080004978,,,,,,deltaC0.2,EKF-B
11,992.2059167920078,761.6236128447661,635.9261385368228,2298.133142489536,0.24930670631143428,0.10354456334241048,0.2267870305244223,2.0924617385103113,0.8716950140005792,,,,,,deltaC0.2,EKF-B
12,963.905688624284,729.5722728536522,629.9511689372528,1946.7086846643206,0.1283280702852107,0.07930197885479748,0.10089246638297249,1.271522954879736,0.8717718530024285,,,,,,deltaC0.2,EKF-B
13,986.4866389062613,765.3709821713993,622.3850483346786,2150.7107246782784,0.18968755141860386,0.09821085320251313,0.16228368826354636,1.522766479569911,0.8746935300005134,,,,,,deltaC0.2,EKF-B
14,978.9314091246681,740.2428257373954,640.5835329721834,2332.8019019070766,0.17341455542690284,0.08795793166691333,0.14945236796648276,1.6533380720709736,0.8719442330002494,,,,,,deltaC0.2,EKF-B
15,957.7488623854834,717.0055941127356,634.9691814661013,1925.2946065830902,0.1117591854981928,0.07531529978332682,0.08256949292424583,1.1952400353650336,0.8774826510016283,,,,,,deltaC0.2,EKF-B
16,981.2352866863337,753.7899877410671,628.190530189475,1952.7708703038365,0.15217719345374056,0.08957838452761352,0.12301874342099332,1.160168481909176,0.8814183180002146,,,,,,deltaC0.2,EKF-B
17,983.4137423303481,733.2462018057448,655.3263279783816,2220.320005800252,0.1852661632079369,0.09280082982037983,0.16034823732875522,2.5006296493410014,0.8561037939980451,,,,,,deltaC0.2,EKF-B
18,974.9462689442806,736.4280697819758,638.9005598413318,1964.4434674731583,0.13403423289015917,0.08492232125720293,0.10369848088926784,1.242704638569796,0.872845290999976,,,,,,deltaC0.2,EKF-B
19,965.668300844113,723.9549933133238,639.0652821988233,1954.2341862179724,0.19044672275105712,0.09090747373015914,0.1673492916824521,1.8664952670110855,0.8614156660005392,,,,,,deltaC0.2,EKF-B
20,959.7691521674806,717.6975801448416,637.2338730062324,1938.2975810194748,0.1808306254567907,0.08727735895638096,0.1583741699794924,2.5795955999636955,0.8696056849985325,,,,,,deltaC0.2,EKF-B
21,982.3526967970347,744.7727331909263,640.5703683434974,2081.94063455795,0.23482639966971058,0.09902694103423555,0.21292511108659937,3.2453388782332855,0.8726817380011198,,,,,,deltaC0.2,EKF-B
22,976.2124773479136,727.1258612669069,651.3668573136106,2192.451418394469,0.18503536727674666,0.0898034810739186,0.1617820197990088,1.872020947438729,0.870157637000375,,,,,,deltaC0.2,EKF-B
23,952.5883625981215,707.8935109805709,637.4255765726462,1936.3903273089893,0.13321012993556178,0.08456987695939842,0.10292169172978774,1.280076953895737,0.8534747909980069,,,,,,deltaC0.2,EKF-B
24,971.7986734674311,750.1177754205121,617.8316799511344,2496.3879782929603,0.13294132103342643,0.08317700617920942,0.10370622199837534,1.3390724197646815,0.868454871000722,,,,,,deltaC0.2,EKF-B
25,973.9328529407476,737.4270279773788,636.1969667058735,1951.0104627790101,0.1593200526536168,0.08663799181429725,0.13370391748911845,2.4820257316847307,0.8698701659996004,,,,,,deltaC0.2,EKF-B
26,971.9293569493125,737.6123412524462,632.9097162565834,2266.6611524562372,0.1747629720007558,0.09272531252918802,0.14813545422653338,1.400333713185612,0.854369698001392,,,,,,deltaC0.2,EKF-B
27,967.1036370957579,728.5200635166032,636.0408492680384,1955.272873689296,0.18427752163917727,0.08832228131943988,0.16173243213408733,2.272940512039132,0.8641730150011426,,,,,,deltaC0.2,EKF-B
28,986.8116983437347,759.9494547400143,629.5031010474856,1952.1642590085455,0.14519915044816284,0.08427116772790583,0.11824197047006361,1.341374292719385,0.8687703299983696,,,,,,deltaC0.2,EKF-B
29,959.7376654377791,729.1534845690664,624.0445355908073,1951.0276550889025,0.14784710029606069,0.08462394172429333,0.1212334671326232,1.3770314589221613,0.8710046499982127,,,,,,deltaC0.2,EKF-B
30,1006.4142516973172,769.050454551647,649.1772056791398,1980.7549780829142,0.1329578683959821,0.08290089423370246,0.10394823954091657,1.1423825489213562,0.8640829899995879,,,,,,deltaC0.2,EKF-B
31,953.6902155972725,707.8500945099235,639.1191368033542,1946.1717409030114,0.14277046963997936,0.0798928376129558,0.11832388389234924,1.2794254216885257,0.8537988050011336,,,,,,deltaC0.2,EKF-B
32,970.9804701698168,749.3970200066381,617.4197760489772,2170.6866993545423,0.13068018122830816,0.08358453213813662,0.10045364977496969,1.1599194688147778,0.8712360589997843,,,,,,deltaC0.2,EKF-B
33,985.8878993800924,740.7053319295363,650.6385797009325,2124.3249697052916,0.2873514884020844,0.11449451684197569,0.2635562245518322,2.385511771309978,0.8599871410006017,,,,,,deltaC0.2,EKF-B
34,986.099607211373,761.7721676577424,626.1753747349449,1949.796915841133,0.13676817353730136,0.09018042574455878,0.10282521142822658,1.5674610110652643,0.8661222480004653,,,,,,deltaC0.2,EKF-B
35,985.8386180801929,754.1111048833607,634.9757651988471,1972.85130986082,0.15545593628301888,0.08966591225700708,0.12699044178499708,1.5855300222334934,0.8704574779985705,,,,,,deltaC0.2,EKF-B
36,959.2667616956713,718.7599716860549,635.2769657369623,1946.389950980786,0.1445150665086296,0.08248412925785911,0.11866327514680534,1.4816876249869135,0.8505696909996914,,,,,,deltaC0.2,EKF-B
37,969.1736555809255,735.7849077995767,630.8075333463153,1960.2421852117752,0.1140108806689114,0.07865459063468633,0.08253445512627236,0.9940264128233327,0.8649806720022752,,,,,,deltaC0.2,EKF-B
38,957.8267776453457,710.7063108174982,642.1282393250184,1947.5083223761728,0.15910316002823632,0.08942027752393188,0.13159722450915742,1.804557631173617,0.8678818090011191,,,,,,deltaC0.2,EKF-B
39,991.9806214634189,788.8625830875402,601.4327712748986,1957.516674133492,0.139129932555163,0.0874226687119461,0.10823315170540641,1.5684409075910573,0.8587891309980478,,,,,,deltaC0.2,EKF-B
40,963.6905050952026,729.9880311027365,629.1397810164264,1955.3958696288337,0.15389025077564014,0.08162735158282526,0.1304575975455751,1.8081585774808406,0.8799690759988152,,,,,,deltaC0.2,EKF-B
41,982.395883113664,772.4868050893572,606.9314682248015,1953.3327852890213,0.18738144150533498,0.10272495754559605,0.15671435070813639,2.1390038790283525,0.8736203549997299,,,,,,deltaC0.2,EKF-B
42,978.2431939787402,743.2090516425637,636.0817967229439,1972.2342591236059,0.26655630621222454,0.10507739192237352,0.24497143933180685,2.6870115347222088,0.8658801620003942,,,,,,deltaC0.2,EKF-B
43,971.9317182806756,741.7267542363583,628.0865283143904,1954.2805616971364,0.16069710382451138,0.08640502689019669,0.13549070265405733,1.6939953551733455,0.8504554310020467,,,,,,deltaC0.2,EKF-B
44,956.6810677582112,704.5180301850361,647.2194454365442,1951.7528398317852,0.1807425045846627,0.08087540626097747,0.1616385524114178,2.994308228483416,0.8603507170009834,,,,,,deltaC0.2,EKF-B
45,984.6046912401191,747.1446011534938,641.265423190146,2156.1166701492925,0.20308525034043307,0.09899971843424676,0.17732082408949107,1.8103355193509063,0.865972392999538,,,,,,deltaC0.2,EKF-B
46,966.3057207784193,714.5934136934382,650.4636800891033,1956.2373033632514,0.20643094015018076,0.08941438426066768,0.1860612827499939,2.289218458148728,0.857291267002438,,,,,,deltaC0.2,EKF-B
47,990.2642873776947,753.0832510119516,643.0310847081371,2017.4688134415755,0.2650731094253257,0.1062093604410028,0.24286482885573174,2.4314188862744555,0.8706710080004996,,,,,,deltaC0.2,EKF-B
48,985.1070787049648,786.0652788970833,593.7485442736515,1947.7299357675572,0.18633029806135193,0.09530703768624892,0.1601110506589229,2.2072266742054505,0.8566181009991851,,,,,,deltaC0.2,EKF-B
49,983.6047881143683,750.7882800781897,635.4489261134565,1955.7749115195672,0.13166282176002897,0.08702011786752595,0.09880585873385772,0.8711783048536623,0.8660485569998855,,,,,,deltaC0.2,EKF-B
50,979.1554858242333,757.7690258993618,620.1060947992871,1952.1353092686566,0.13827577401081997,0.0838402574106627,0.10995908746258848,1.4752693198467068,0.8603201750011067,,,,,,deltaC0.2,EKF-B
1,285.630979477016,200.082540176573,203.8431592020924,1324.1673508146685,0.2655829748225606,0.06027556588326764,0.25865261002559536,2.560365208419583,1.2914717749990814,-0.006632709222487763,0.0008446378444438407,0.003760372278570817,0.007671156652799162,-94.80428389294684,deltaC0.2,EKF-G
2,319.50972139695176,186.51010720865688,259.42328726653096,1585.8430527324783,0.20055024915852485,0.0613130031568035,0.19094794599953202,1.919877131374046,1.328462387999025,-0.0012143290268084026,0.003590790250795342,0.0011981334325677773,0.00397541108978593,-8.864436290525191,deltaC0.2,EKF-G
3,338.94934366086085,170.536798645594,292.92295552899316,2754.8171910853976,0.16452717062633654,0.04742449400167705,0.1575439851057239,1.7079416546769004,1.3134363200006192,-0.002141387443486825,0.00570979824008185,0.00621559402465327,0.008707522334445675,45.673519892989134,deltaC0.2,EKF-G
4,248.52370588523254,154.81610077389502,194.41195263691162,1576.2930811079452,0.10801852101401217,0.03490331612253088,0.10222406470936901,1.3234614085300842,1.3223363170000084,-0.00294671218548035,-0.002559697660841921,0.007510749197303684,0.008464426638808793,-108.92382782119239,deltaC0.2,EKF-G
5,324.9980303619616,197.9030681719743,257.794676724081,1164.085305185888,0.12236728330739283,0.048133697279533975,0.11250288534181653,1.672440564791872,1.2625781950009696,-0.014480524763052142,-0.0062828687978368665,0.0037780498104421356,0.01623064071792547,44.566848698385,deltaC0.2,EKF-G
6,315.812297995912,205.7386105953378,239.60181901596374,1973.3401133359189,0.1264954593036898,0.046880033629501425,0.11748771710842054,1.087872141914685,1.2911563519992342,0.0004160293789727315,0.004120344695030963,-0.0022058001422371742,0.004692107747860419,-8.363381109702459,deltaC0.2,EKF-G
7,336.84067651797034,203.18604044105217,268.65791320370795,1922.3105215709068,0.30437651138666205,0.0788467485456484,0.2939868210102183,2.653786988547594,1.2967582710007264,0.002224112953372563,-0.0007942205122264983,-0.0007718340043302019,0.0024845909888030547,-14.066444864074583,deltaC0.2,EKF-G
8,248.55778669571447,182.0008086119161,169.28283726261492,1107.7500659187563,0.1326857297051877,0.04880184751688233,0.12338509855868776,2.011679158849525,1.3116293359998963,0.0017403737882695906,0.004626284463308805,0.0009352289152558535,0.005030513093341366,-8.143174289441959,deltaC0.2,EKF-G
9,338.50960368362337,174.75427546237034,289.91325425662376,2254.995118236577,0.16087216169472587,0.04541315233473935,0.15432918714020294,2.43422232334803,1.3224998750010855,-0.0002942796253465874,-0.0005915111772609697,0.003135875565139584,0.00320471551479352,-202.05335116275091,deltaC0.2,EKF-G
10,161.14838574405402,104.91923789420656,122.31416822107455,1066.8910385354957,0.07172213121835393,0.025580490803353104,0.0670052430542741,0.8350898462297037,1.32890212699931,-0.000312208333991252,0.004055470702761829,-0.0017492678269694362,0.004427669205715744,151.0563362065659,deltaC0.2,EKF-G
11,341.82265248504507,201.71311731636737,275.9611277959729,2298.133142489536,0.23919158043362226,0.06322946144802942,0.23068300187774166,2.0924617385103113,1.3261056509982154,-0.012780460772558438,-0.023111021276824194,0.008928965153385204,0.027878054105821178,-10.087004890912795,deltaC0.2,EKF-G
12,222.53176893811786,150.43343478273803,163.98222429945136,1156.111606905449,0.09967988857327387,0.03145407826758999,0.09458710877448691,1.271522954879736,1.2934107039982337,-0.002116359346823005,0.0023510332334933572,-0.001947230188217658,0.0037145712479075567,50.218198023198056,deltaC0.2,EKF-G
13,312.79009029176797,187.22062275600373,250.57150476378294,2150.7107246782784,0.1731389313530771,0.0533018869159486,0.16473007740326287,1.522766479569911,1.304660106998199,-0.004710170765603504,0.0028679560175366844,0.00019773231223393917,0.005518149909795145,-90.45591975875868,deltaC0.2,EKF-G
14,271.96522041692555,161.64243014244144,218.7162680142308,2332.8019019070766,0.15575730668141907,0.04377305090840988,0.14947996052588253,1.6533380720709736,1.3047259369996027,0.0041023039750881325,0.007932904929144967,-0.006479549890659186,0.011033786535202586,97.01641045323777,deltaC0.2,EKF-G
15,243.3731035553289,162.36183907428452,181.29837491430797,1336.1516415553717,0.08050062822404551,0.03132396874664301,0.0741563222282856,1.1952400353650336,1.3309646399975463,0.0021030312488082817,0.0016630655085442033,-0.0027923734534527622,0.003871159622480222,11.414883618424938,deltaC0.2,EKF-G
16,275.0332198007697,179.08424825313753,208.7393207366238,1865.847641406638,0.129254198425359,0.04287406865374435,0.12193630323925725,1.160168481909176,1.3348894490009116,0.0042156358378417635,-0.003058669060899327,0.000888657053119718,0.005283630692947607,39.223601770696405,deltaC0.2,EKF-G
17,227.3444226024256,144.76605426635376,175.29482599489754,2220.320005800252,0.1678632987635317,0.04788640221498309,0.16088809637347182,2.5006296493410014,1.3350002890001633,-0.0003909006939259945,0.00025544904141355096,0.003748536643908673,0.0037775103621296695,-90.99736517862766,deltaC0.2,EKF-G
18,240.76105206055038,156.51597212907328,182.94434852652378,1335.504861654459,0.10828187041733925,0.03928618256542582,0.10090371311559097,1.242704638569796,1.2824921709980117,0.0028327382296744895,0.007545117395352132,0.0035770589837633704,0.008817514012510949,-142.50322432535177,deltaC0.2,EKF-G
19,219.7425237578718,152.57806394485567,158.1351041050607,1148.3273119275323,0.1749851135878281,0.047533991771545395,0.168405194704937,1.8664952670110855,1.2917252810002537,0.0008234648426124643,-0.004050599584292785,0.006478392993074761,0.007684726872961186,-58.30875446098071,deltaC0.2,EKF-G
20,206.8385359457976,127.49869088663883,162.86885452533375,1467.5054202565539,0.1625410999258776,0.03953118816596897,0.15766069366617946,2.5795955999636955,1.293262262999633,0.0009835268248149353,0.001960556752211846,0.0004432733921791998,0.002237766541439939,91.72869820883352,deltaC0.2,EKF-G
21,311.97263500594124,198.10592972938855,240.99992862780022,2081.94063455795,0.22197624765749305,0.05706979973693147,0.21451455074676692,3.2453388782332855,1.3276620750002621,-0.0038619734514133744,0.0037237706153534222,-0.0017433729480991478,0.005640980036425874,27.530718574038474,deltaC0.2,EKF-G
22,273.4812117017014,138.07000981787573,236.06915415344406,2192.451418394469,0.16697897673530562,0.04182242109242151,0.1616566230178582,1.872020947438729,1.3097165210019739,3.2152253236301855e-05,-0.0026314760663315247,-0.003189520521895556,0.004135062419680834,-51.9479639082565,deltaC0.2,EKF-G
23,195.6863239637745,140.2563194195567,136.45989245684828,1256.3301207613804,0.11073603365632136,0.04150977807124254,0.10266161636371272,1.280076953895737,1.3210149629994703,-0.011779090531970295,0.003977200335423239,0.025544330485017475,0.02840911677958743,-77.50934124321793,deltaC0.2,EKF-G
24,284.5229254922191,184.9763332979465,216.1875372224261,2496.3879782929603,0.10867597516868471,0.039320294103227175,0.10131328664346202,1.3390724197646815,1.3062267709974549,0.005478041310589495,0.006359281755285242,-0.005180765981977781,0.009863556012090519,-0.3102812389479368,deltaC0.2,EKF-G
25,287.75981162380356,189.73305156372388,216.34943570549055,1496.0589089248192,0.13979997535325964,0.044013470004362225,0.13269079684344015,2.4820257316847307,1.2746775710002112,-0.001904879675905633,-0.0003737796457019989,0.0033437864831170616,0.003866417702201332,-68.71274682613148,deltaC0.2,EKF-G
26,258.77328236258313,162.0612107409063,201.74185395672538,2266.6611524562372,0.15910916776257003,0.050118135140590866,0.1510096016686592,1.400333713185612,1.301334225001483,-0.009406040726591444,0.018952319653691284,0.002278148173073896,0.021280366103628708,-139.92923647334828,deltaC0.2,EKF-G
27,217.67754859177816,148.0306205947848,159.59464441906817,1294.3225817082377,0.1661229920720534,0.04156305797371133,0.16083954957299967,2.272940512039132,1.2974505400015914,0.003039231719324895,0.007615940945943291,0.00412001227579098,0.009176817917367354,-24.8259329488792,deltaC0.2,EKF-G
28,292.0850553630141,173.5917683320657,234.903336574348,1880.50588686789,0.12228529575263357,0.038250953822858307,0.11614886176347415,1.341374292719385,1.294593664999411,0.009085356717620148,0.010153482606730373,0.021927865322158457,0.025816045268752943,-37.75334240531083,deltaC0.2,EKF-G
29,220.8945225325577,186.15142322126948,118.9202998549131,1120.4387121254185,0.12513585979994005,0.04216995829575068,0.11781628930332556,1.3770314589221613,1.2860191769977973,-0.0019589704094801434,-0.00865926694933601,0.0035521738789873747,0.00956234325004295,-46.787449257702974,deltaC0.2,EKF-G
30,329.6810216005159,189.79925459185802,269.5659825718648,1790.4833687100504,0.10611753201582225,0.03633014161472739,0.09970482140489953,1.1423825489213562,1.3006091580027714,0.001314067502199936,-0.001525448176764787,-0.0002801796340484164,0.0020327976209324177,-26.55988181131397,deltaC0.2,EKF-G
31,178.10913045100534,127.6599973646834,124.20059348836568,1049.1945661751804,0.11964406708911726,0.03453920403027517,0.11455019063528535,1.2794254216885257,1.2856577780003136,0.0032472809464146064,0.0016418034163653856,0.005736144547100863,0.006792915888495261,184.75525983329135,deltaC0.2,EKF-G
32,258.053344498187,182.19228173097432,182.7498319680794,2170.6866993545423,0.10445741503523594,0.038539406884029834,0.097087927534121,1.1599194688147778,1.2905531590004102,0.005963470318699772,-0.0013066205775172216,1.7361460920600758e-05,0.006104960032295862,93.50260048660857,deltaC0.2,EKF-G
33,296.9529707767876,157.09243357948245,251.99808365389524,2124.3249697052916,0.27741289227983884,0.07061889343544415,0.2682738986428215,2.385511771309978,1.3149373559972446,-0.0039981347879035475,-0.0016957533451284717,0.0038933499743463995,0.005832566777371868,-62.44077465996088,deltaC0.2,EKF-G
34,296.93050777911486,178.60254119657506,237.21057887052314,1279.7539120099505,0.1105418617582605,0.0426111046221548,0.10199900471995867,1.5674610110652643,1.2941080460004741,-0.0027663644342850987,0.002230811980885042,0.0009115117832591557,0.0036688074368053233,51.43300335983804,deltaC0.2,EKF-G
35,271.2874637999225,171.7681613278108,209.9823487083079,1463.3477451020449,0.1334294387257885,0.043672975808133,0.1260796823550138,1.5855300222334934,1.294940832998691,0.001812465803752035,0.010953854598196536,-0.005911192644468238,0.012578321085431764,83.45057837986678,deltaC0.2,EKF-G
36,212.07496723962856,158.4104533705557,141.0032623474525,1246.197947176005,0.1251045980179898,0.04207206478613041,0.11781808778737864,1.4816876249869135,1.3118492399989918,0.005725076791823046,0.0002880623395240549,0.004156009311677311,0.007080388236705064,62.71114019149536,deltaC0.2,EKF-G
37,221.219114052285,151.98279057212937,160.74553739368983,980.1565371774377,0.08531534658786578,0.03405453045317993,0.07822402008987457,0.9940264128233327,1.3215438420011196,-0.004182094193049623,0.005538280882781721,0.003928913923015975,0.007974887559746133,-211.12193864231813,deltaC0.2,EKF-G
38,171.2393387438318,114.55048106063492,127.28353555036838,1009.3753282202451,0.13762177771268352,0.04101303613506627,0.1313685067578338,1.804557631173617,1.27309185500053,0.004162981263340914,0.002607687712329796,0.0007224117692095633,0.004965110972400899,30.284921901933558,deltaC0.2,EKF-G
39,306.2476978332885,211.90978025840982,221.09250882610579,1157.904413554592,0.11458751137456821,0.04188703866581011,0.10665727239539612,1.5684409075910573,1.3109772219977458,0.0007886819320264676,0.0011800356233063994,-0.0020544045892958995,0.002497014513113045,64.07501011978457,deltaC0.2,EKF-G
40,234.24731344998116,180.2755918794931,149.57444578213267,1024.7493149587228,0.13584239849177757,0.0413032609697609,0.129410964996258,1.8081585774808406,1.314481828998396,-0.0006539100507720093,0.005503461422623834,0.0014205411265011958,0.0057213305337911295,229.70299412724853,deltaC0.2,EKF-G
41,288.0533633946817,198.8018860119909,208.45275311461805,1353.2478361848162,0.16958277204346858,0.0566832548658152,0.15982904989946,2.1390038790283525,1.305942260001757,0.003616928350143655,0.0032162415804374276,0.0006011365127967239,0.004877268262134547,-19.31153138721129,deltaC0.2,EKF-G
42,308.09756141306156,196.72183253442483,237.1173295079314,1353.6362977863014,0.26004559271573746,0.06978315969380708,0.2505075266614315,2.6870115347222088,1.3097493709974515,0.018512718902852124,0.01942585613784499,-0.007833740923850502,0.027954465559661097,-99.89264258583717,deltaC0.2,EKF-G
43,250.75382662187988,177.72480029644953,176.89368820029432,1498.3495485064313,0.14003130372766262,0.04190038989197186,0.13361558049333036,1.6939953551733455,1.2947043029998895,0.001272521533217225,0.002587905716692657,-0.005728027734369645,0.006413023372536537,-80.49483380914171,deltaC0.2,EKF-G
44,178.84686831180028,119.83788588306395,132.75949462097307,1368.5939405710956,0.162547037316388,0.03364437450975184,0.15902702727581494,2.994308228483416,1.271632394000335,-0.0049107305620565206,0.006467061383627995,0.006852765205479505,0.010625372866594329,16.6035554822447,deltaC0.2,EKF-G
45,328.12409889594,190.17267949820044,267.394420750971,2156.1166701492925,0.19370155889704244,0.06112293264005211,0.18380500815979975,1.8103355193509063,1.2926654840011906,0.0020414903407062,0.0013556742085045598,0.0013747154731494071,0.0028098715278314025,4.396012099990912,deltaC0.2,EKF-G
46,201.12060532257294,122.5805500828892,159.44750429747862,1616.0648136785203,0.19221602502804666,0.04413670800203062,0.1870800665071673,2.289218458148728,1.2930570589996933,0.003114766442413361,0.005181498500243472,0.015612617176489402,0.0167422672239581,16.121743968753435,deltaC0.2,EKF-G
47,308.6549616318629,174.61793524816088,254.5122040878116,2017.4688134415755,0.2529984692711401,0.05981582726481499,0.2458257355570524,2.4314188862744555,1.3145449109979381,-0.0017183132619981688,0.005045359893949767,-0.01574596889208621,0.016623591467441152,-46.54468935517798,deltaC0.2,EKF-G
48,349.03440641101963,254.09308040441587,239.29421921410443,1396.160066101518,0.17550508667943654,0.05975852473547272,0.16501804195843686,2.2072266742054505,1.3168640799995046,0.0006788053228244089,0.00556050755556445,0.00709556624127064,0.009040303160073983,-15.282380300028308,deltaC0.2,EKF-G
49,286.6738679520679,173.3255052333347,228.3422339432829,1662.4420939333845,0.10589245521456972,0.04120065686564505,0.09754854148171069,0.8711783048536623,1.303908923000563,0.001786604142282255,0.006179320335808391,-0.01764988296595693,0.01878548170491595,-93.09655456764449,deltaC0.2,EKF-G
50,302.43463700710925,212.88458681891314,214.81820769330187,1396.4108308700613,0.11808931856902985,0.044514647806487576,0.10937793786117102,1.4752693198467068,1.3129722260018752,-0.018067719384009955,-0.021595844955047343,0.0013239811504833776,0.028188223235042824,-5.903698854963295,deltaC0.2,EKF-G
