seed,pos_rms,pos_mean,pos_std,pos_max,vel_rms,vel_mean,vel_std,vel_max,runtime_s,dv_err_R,dv_err_I,dv_err_C,dv_err_norm,t_star_error,config,mode
1,37.297916463350525,31.774082736052623,19.533106224806055,83.22897607692424,0.011457588529844158,0.010341602957122439,0.004932299990516886,0.02772065947082959,5.686600224999893,,,,,,deltaRIC0,FGO-B
2,28.07982485185969,25.752513363981546,11.193061205455328,62.41935706747176,0.008062521279314562,0.007365815975033734,0.0032785674312629247,0.018646534650640676,5.5541857470000195,,,,,,deltaRIC0,FGO-B
3,22.41429944286571,19.40221387830809,11.222963785686867,66.55684696536213,0.0070011724907358295,0.0063472983007640815,0.0029543561948677673,0.01765236244285645,6.087885736999851,,,,,,deltaRIC0,FGO-B
4,20.92943435181323,17.7678197429796,11.061003745946564,48.2663862331191,0.007910059170583636,0.006968879008508783,0.00374215999750143,0.020162448899768863,5.636946549999948,,,,,,deltaRIC0,FGO-B
5,32.90085388948944,30.224769587538862,12.99728779544865,62.377360337987305,0.009614564243846368,0.008928440665621696,0.003566902420801818,0.017901576262152056,8.50568454900008,,,,,,deltaRIC0,FGO-B
6,28.24491915675586,24.934852708936496,13.267576212530923,55.69023990886037,0.007781243335638983,0.007202197987368718,0.0029455206669056107,0.016083108034169475,7.137581175999912,,,,,,deltaRIC0,FGO-B
7,25.878269731896804,22.740606029047353,12.351100426620354,69.28858270217283,0.008729643140046019,0.007929397070113491,0.0036512095882088296,0.016139818050751348,6.375520621000078,,,,,,deltaRIC0,FGO-B
8,20.723798971859782,17.96643495866437,10.328749135405474,74.23623343160853,0.007779096429362532,0.006926455371836672,0.0035409825245651507,0.020585347627289675,5.779373302999829,,,,,,deltaRIC0,FGO-B
9,31.909565042057736,25.9895187315561,18.51392063490085,119.17820689732592,0.00868596544559606,0.007815450273839784,0.0037900834739127342,0.018987675242647165,8.080054578000045,,,,,,deltaRIC0,FGO-B
10,26.14450320592171,22.981147240995327,12.466030618129537,56.528322634486656,0.008579157630670024,0.0077293011905449046,0.003722881781325431,0.018104890347864215,7.302862452999989,,,,,,deltaRIC0,FGO-B
11,31.107395408147323,25.909705335826715,17.21502885531877,68.0747305762195,0.009100021199511565,0.008298580251238268,0.003734160099047456,0.021582888311236073,5.780273630000011,,,,,,deltaRIC0,FGO-B
12,27.085100045652595,24.10163474333446,12.357744421289167,68.35316009903971,0.009795959012924767,0.008678485302895984,0.004543644553694794,0.02111691126052507,7.430815636000034,,,,,,deltaRIC0,FGO-B
13,23.492608686174282,19.99368354809617,12.335123876974238,49.951593013255575,0.007973419157005085,0.007021419223308614,0.0037782383651442527,0.01865465511815597,5.627820532999976,,,,,,deltaRIC0,FGO-B
14,21.431821833131696,18.151276548053023,11.395356368416074,49.358148211506176,0.008166527238799954,0.007517640565040566,0.003190179850246399,0.016158354485353688,5.476991650000173,,,,,,deltaRIC0,FGO-B
15,22.533169723775313,20.27019153333517,9.84190393177924,46.877385283122706,0.006912472863034825,0.00637378533342824,0.0026752834626573574,0.01593665338489565,7.758441694999874,,,,,,deltaRIC0,FGO-B
16,23.750380899832734,21.938115100753855,9.09943397762824,51.34794777205986,0.00864916481495461,0.007809223309145744,0.0037180752149658844,0.019511426366706035,5.457611372000201,,,,,,deltaRIC0,FGO-B
17,32.64044206550702,28.324031695869685,16.22182747791042,92.73115082684427,0.008523011167023293,0.007711096170327245,0.0036305254723205354,0.02393344819418927,6.98585041299998,,,,,,deltaRIC0,FGO-B
18,18.77004426548146,16.64123352695595,8.682390709329471,36.03103704329352,0.007096762121643478,0.006600601573802619,0.0026069314289232856,0.015451582142042479,8.33978252299994,,,,,,deltaRIC0,FGO-B
19,20.880767970745097,17.293701999681,11.701894812137212,55.3232833224974,0.007952761787247284,0.006840798088350619,0.0040558478224804176,0.028925149409980665,5.937514741999848,,,,,,deltaRIC0,FGO-B
20,21.722370660640674,19.738797277339184,9.068697214174145,42.713791393025105,0.00714250164211039,0.006458550690444365,0.0030499922436803403,0.015788910646281844,7.278577487999883,,,,,,deltaRIC0,FGO-B
21,28.55911792383317,22.823185456981914,17.16756890720461,75.4720174487518,0.009150486774177152,0.008088233263006665,0.004279239522109452,0.021787396915121996,5.930959697000162,,,,,,deltaRIC0,FGO-B
22,27.522299202264474,25.04779003926436,11.405488482651531,50.38842668188861,0.008231979878675988,0.007357265398505331,0.0036927142563272495,0.020891106706367527,6.223528355999861,,,,,,deltaRIC0,FGO-B
23,23.712036394091825,21.433758029829526,10.141729964530391,49.4529713464242,0.0082133094012724,0.00757824970197919,0.0031667937690165247,0.01694844960627342,6.078674794000108,,,,,,deltaRIC0,FGO-B
24,23.92720668306733,20.237275860569696,12.765730899459886,89.4143268255022,0.00891748404769209,0.007873568342239765,0.0041866983771132365,0.02833576534055184,6.0669625329999235,,,,,,deltaRIC0,FGO-B
25,26.36023959865821,23.722571829973166,11.49355547558857,47.42326983771992,0.00894651909024553,0.00820606390039227,0.003563806826247246,0.01792757793246615,6.654582591000008,,,,,,deltaRIC0,FGO-B
26,23.40183572304795,20.373016669912083,11.514604073784191,65.2594711022458,0.008120935880776987,0.007330310155716423,0.003495161312542208,0.01705667523525688,8.30270187200017,,,,,,deltaRIC0,FGO-B
27,20.010990015392014,18.39121650975104,7.886880035069614,37.63500526226874,0.00722837001710266,0.006712095447759073,0.0026827425900224976,0.013211819272983247,5.761435018999919,,,,,,deltaRIC0,FGO-B
28,21.43550785656403,18.61544847852086,10.627609091999654,43.21138103945895,0.007169984682257272,0.006649346344818304,0.002682326141701521,0.014398359608994452,5.769251958000041,,,,,,deltaRIC0,FGO-B
29,25.62125206067885,22.02042057656684,13.097695781623267,93.60876063424952,0.010127906794986687,0.008660691973343269,0.005250420039463985,0.03308301693615103,6.837013359999901,,,,,,deltaRIC0,FGO-B
30,25.401625846606024,22.523242780470067,11.745047054097585,54.98058413067223,0.0073464467371586436,0.0067703062376200445,0.002851882380245017,0.017512515790173676,5.7720674050001435,,,,,,deltaRIC0,FGO-B
31,24.563482550399257,21.329018129598392,12.18349952316788,51.05283214694774,0.008997163980236903,0.00792401176592141,0.004261337492010157,0.020248706513968817,7.435801235000326,,,,,,deltaRIC0,FGO-B
32,22.71231066181068,20.034817861307573,10.698370383513089,56.84788095533043,0.009663295998274268,0.008631890636654291,0.00434393296300754,0.021968762554617622,7.749196319000021,,,,,,deltaRIC0,FGO-B
33,25.14488985516681,22.201113393252825,11.805763419974195,52.88486781415038,0.008225463627388373,0.007547460418827137,0.003270182427897073,0.017370760267714086,6.830989727000087,,,,,,deltaRIC0,FGO-B
34,22.909124679727018,19.41140967262847,12.166559419682434,52.35985680003888,0.0072640928961546225,0.006556199878728484,0.0031278249238288055,0.01677633694473541,7.589597144999971,,,,,,deltaRIC0,FGO-B
35,24.64731013635476,22.648805470602976,9.72221722203536,59.95826637108414,0.007948251898841723,0.0072128725984172415,0.0033390383535447424,0.019446763945100354,5.744625328999973,,,,,,deltaRIC0,FGO-B
36,25.19962214555059,21.331034135257998,13.416703730759732,58.34727285811391,0.009621123251252698,0.008577590634857763,0.004357860887705767,0.020762664857980107,5.453991530999701,,,,,,deltaRIC0,FGO-B
37,28.085805055159728,24.120400013026092,14.38814612130579,86.8430078172269,0.009393579272930812,0.008547542626546327,0.0038960039276428977,0.02252190065464914,8.335112486000071,,,,,,deltaRIC0,FGO-B
38,23.450124623598704,20.91656780176176,10.602147719052658,52.792036326632,0.007980446315147084,0.007254926964663851,0.00332468917740261,0.016899517108531978,5.737206194999999,,,,,,deltaRIC0,FGO-B
39,23.627788400854108,18.213234812709036,15.0515933499633,106.46741817490924,0.008802046390270112,0.007488987727552744,0.0046250495643864725,0.030492059169966165,5.909334448000209,,,,,,deltaRIC0,FGO-B
40,33.6284867975716,29.71660877302137,15.74161006141483,64.57254439253676,0.010207037927484014,0.00937766640192772,0.004030260054544019,0.023055749480512214,6.056931766000162,,,,,,deltaRIC0,FGO-B
41,24.691821217141456,21.755534382163866,11.678302906063147,64.30335900110558,0.010071668626671897,0.008570563044126317,0.005289986581471001,0.03164773516618114,5.451034113000333,,,,,,deltaRIC0,FGO-B
42,22.798070068870903,19.458140239639366,11.879931703493693,65.99052621695307,0.008367858698966035,0.00759258803332692,0.003517622231286696,0.018678977455649313,5.903851338000095,,,,,,deltaRIC0,FGO-B
43,23.93661994899752,19.587718902030414,13.758017400693554,58.506169066645825,0.00811401428078552,0.00714737382890333,0.003840869055135717,0.019539452050829336,6.36242232099994,,,,,,deltaRIC0,FGO-B
44,30.666992422540247,26.720070730791438,15.049991507826293,71.388666903674,0.008857931923298723,0.008100529280369022,0.003583906156092646,0.01871014493842236,5.60545707700021,,,,,,deltaRIC0,FGO-B
45,31.769496690237055,27.45483356082053,15.985400654929675,114.27952296595971,0.011588781031969406,0.010329890265022507,0.005252924225564948,0.033410435765910906,6.958702645999892,,,,,,deltaRIC0,FGO-B
46,24.077175277903297,19.941922470720808,13.491853005967643,65.94280351575729,0.006976252349551227,0.006326662124253524,0.0029396331761216235,0.018062200596329327,5.459187999999813,,,,,,deltaRIC0,FGO-B
47,27.617902572770898,24.03532010845064,13.603379352329103,56.04863707960671,0.008278771167705486,0.007466635663421429,0.0035759479745872827,0.01958645376137581,5.759873536000214,,,,,,deltaRIC0,FGO-B
48,28.48242195894387,25.395672226240325,12.896053381740233,56.14291326481267,0.00893179006681092,0.008029858245946897,0.003911297783035808,0.022896286325684027,6.065634007999961,,,,,,deltaRIC0,FGO-B
49,27.214974669086775,24.476004296886746,11.898741946013303,56.758048249401526,0.007335945701000528,0.0068366392856861686,0.002660162138938274,0.015658122117340648,5.757442138999977,,,,,,deltaRIC0,FGO-B
50,30.79492789013642,26.946530469306683,14.90677964636992,74.34181712655297,0.009104487296068447,0.008180700945588176,0.003995975595912028,0.021255659818089856,7.290491492000001,,,,,,deltaRIC0,FGO-B
51,25.326459725785742,21.58481614863255,13.248595173510992,105.3800759230364,0.009885715277638082,0.008005812861976984,0.005799510925029013,0.037623315866827656,5.4597106260002874,,,,,,deltaRIC0,FGO-B
52,22.79059149185201,19.187332007782278,12.298672732112635,53.205409159121665,0.008195003001827924,0.007297322246320576,0.003729230783060165,0.019023038970389147,5.5995367959999385,,,,,,deltaRIC0,FGO-B
53,26.119886546605244,20.341467696489673,16.385150751830054,85.20905666129931,0.007835641201310818,0.006944147580734906,0.0036298880716425968,0.019515068089249896,8.211016338000263,,,,,,deltaRIC0,FGO-B
54,31.232263469808586,28.63537077292519,12.468753832867257,61.0120846150272,0.009250254251763873,0.00840799368782033,0.0038565328817279786,0.02186482399436591,5.473392562999834,,,,,,deltaRIC0,FGO-B
55,23.351695042291308,20.814077238748926,10.586588215641822,67.39558558339712,0.008917927714833388,0.00802225047219174,0.0038952448046833824,0.024081661117876088,5.92581933800011,,,,,,deltaRIC0,FGO-B
56,27.53853253671452,24.810912699981653,11.949451253910082,52.47038486769984,0.00854079595197944,0.007830154278305365,0.0034108473245345592,0.016889530456302402,8.509679455999958,,,,,,deltaRIC0,FGO-B
57,27.637006964172066,23.95763510158722,13.778094000147165,80.30358124140066,0.009547023104920142,0.008641091804566249,0.004059209601749708,0.02024597870301639,8.347203920000084,,,,,,deltaRIC0,FGO-B
58,28.295656244146826,23.112959787330475,16.32284448728743,96.93538076459456,0.007695814617067484,0.007019887590530323,0.0031538454046747327,0.017694967910939646,5.610620071000085,,,,,,deltaRIC0,FGO-B
59,27.24886942752516,23.282552358315822,14.157105663256095,66.95557710601791,0.008999944477316,0.007722358053460111,0.00462214092049675,0.024597104752505757,5.60707557700016,,,,,,deltaRIC0,FGO-B
60,30.046126065834066,25.92981400697809,15.17940832600256,71.54204639535277,0.008567465470744332,0.007857361631374172,0.0034151621903220656,0.020849440371612512,5.442181292999976,,,,,,deltaRIC0,FGO-B
61,26.855706939879983,23.75192641053886,12.532956037147208,53.09826301778675,0.008031282759495696,0.007321688383938594,0.0033006638682955072,0.016027987713664156,6.075958878000165,,,,,,deltaRIC0,FGO-B
62,25.03373911572118,21.505530922243782,12.814063909096335,50.913733565663996,0.008440737288952078,0.007723020531961556,0.0034060240521767192,0.01733618631755519,5.907252524999876,,,,,,deltaRIC0,FGO-B
63,27.397159958405307,24.376038299469027,12.50652352211701,50.08207446653305,0.0073628565403688765,0.00674205581445677,0.0029591113241651474,0.017289320345448247,5.451965667999957,,,,,,deltaRIC0,FGO-B
64,31.863165583944014,27.195931280642995,16.602489054607993,74.66174857519682,0.008724851420409697,0.007841976060579112,0.0038244533953925024,0.0219276032775718,5.456187955000132,,,,,,deltaRIC0,FGO-B
65,29.115543559400823,23.561026647576902,17.10534711929395,79.3891851631894,0.008449725091963354,0.007501227972209543,0.003889657187811827,0.0242167446844282,7.451549104000151,,,,,,deltaRIC0,FGO-B
66,31.663430689430413,27.254778306752506,16.1167584356823,66.18413206191268,0.00971547853952544,0.008864026757102406,0.003977380155498341,0.018144233390144454,7.431388454000171,,,,,,deltaRIC0,FGO-B
67,24.42781239712182,21.74143469960311,11.136787495138453,46.55839157051835,0.007974921281219221,0.007311397944361926,0.003184780925090991,0.017351228085751395,7.3958081860000675,,,,,,deltaRIC0,FGO-B
68,29.209579222284624,25.826811441472575,13.644608059945991,56.84124244034233,0.008309960821420737,0.007831868029388695,0.0027780014441657246,0.015367061124211441,6.966276488999938,,,,,,deltaRIC0,FGO-B
69,24.72541904908835,21.40013232927569,12.384695532895046,55.168661822184376,0.008166351187198996,0.00753264907342366,0.0031541226433536374,0.016253458006039757,5.756082888000037,,,,,,deltaRIC0,FGO-B
70,26.164626079199895,22.316068534747803,13.659456175733585,101.45923407894632,0.008822632949388629,0.007785874059629841,0.004149580374835636,0.023345855619893503,5.608577135999894,,,,,,deltaRIC0,FGO-B
71,31.422663916253693,28.15676764154976,13.94920225581407,83.59016658390344,0.00967250671299685,0.008408507711615628,0.004780625918922087,0.024087308556938757,6.367852846999995,,,,,,deltaRIC0,FGO-B
72,24.686429421645524,21.196819063792464,12.653642130498643,72.2609822678708,0.009014473190289026,0.00799474606460381,0.004164704342560407,0.020960696572079482,8.025863767999908,,,,,,deltaRIC0,FGO-B
73,24.27513541720123,22.13121769881842,9.97453771815836,53.84626229511531,0.00711570413944022,0.006246909186284509,0.0034072527083210177,0.023783509553711946,6.9715028319997145,,,,,,deltaRIC0,FGO-B
74,31.404723619924606,27.29021543692138,15.540296234315116,67.04205808935305,0.009921725139913807,0.009076134097659143,0.004008044360196967,0.01912287714175043,6.825368170999809,,,,,,deltaRIC0,FGO-B
75,29.3038489066507,26.201002205327963,13.123377773279733,76.52027142863088,0.008611320040198047,0.007770134008715669,0.00371212207791132,0.01765045790345686,6.2156250149996595,,,,,,deltaRIC0,FGO-B
76,22.11465651106225,19.45105542073783,10.522094640405658,51.40593270020329,0.006607402059563318,0.0060834823414944415,0.0025785663802677036,0.013235938288781402,8.345290470000236,,,,,,deltaRIC0,FGO-B
77,33.82657706894784,28.870306090366757,17.62789671089549,81.84232412098491,0.010430582207636716,0.008990987216284371,0.005287645418036149,0.02829367347594272,5.760934478999843,,,,,,deltaRIC0,FGO-B
78,27.21003969036238,22.978708815920193,14.572755439663682,72.54350736871272,0.008054370640669712,0.0074271698952290705,0.0031160927079734333,0.014417131585634155,5.447751931999846,,,,,,deltaRIC0,FGO-B
79,25.32553606410345,21.608244427074354,13.208578640944477,64.12692631648565,0.00859926154097273,0.007533166499820222,0.004147131723979728,0.022693931527672913,6.81444597799964,,,,,,deltaRIC0,FGO-B
80,24.000230941499588,20.96997015753077,11.673535747046953,72.82328070255149,0.008865558020614703,0.007736526868782949,0.004329465443387344,0.01917207169169875,7.418147253999905,,,,,,deltaRIC0,FGO-B
81,19.634699138089044,17.222608011871007,9.428848472253188,50.63966189268843,0.007668519740678245,0.00663949099442632,0.0038371023374551443,0.02557709055183302,5.437865175999832,,,,,,deltaRIC0,FGO-B
82,28.30876828369028,25.463426054209602,12.369328814510036,58.90387022672396,0.008389867929796166,0.007648304878791684,0.003448668780917288,0.020294882011309596,5.438866677000078,,,,,,deltaRIC0,FGO-B
83,20.484783388149925,18.272597126945723,9.259511039777317,46.831575051811974,0.00678833042534075,0.006245407835684821,0.002660133630021912,0.015989603406461286,5.4265154219997385,,,,,,deltaRIC0,FGO-B
84,28.228238611554662,24.91113404836122,13.276628168908088,58.55196903951865,0.008829678072804137,0.008285295903290371,0.003052390319778583,0.015122630528626085,6.049566241999855,,,,,,deltaRIC0,FGO-B
85,26.639417775365803,23.05352930633804,13.348908791818483,83.2811381375878,0.00858271712687753,0.00783648517194626,0.003500361899841683,0.018919675553742597,5.663530882000032,,,,,,deltaRIC0,FGO-B
86,27.772514010196737,23.942208558737985,14.07420277587571,60.0164046981634,0.008528743086642625,0.007851617199513534,0.0033304002747804404,0.017757392351591312,5.629114756000035,,,,,,deltaRIC0,FGO-B
87,27.124131632335295,23.748384804588255,13.104683742137919,52.5074250804056,0.007339476583039186,0.006774041164450955,0.002824939435687873,0.020443045821210197,7.472569360000307,,,,,,deltaRIC0,FGO-B
88,20.974079131805375,19.523477073185845,7.664583380720727,40.58750942051375,0.007857966158234654,0.0071287633689289965,0.0033058077641897423,0.01772076687366166,5.896904818000166,,,,,,deltaRIC0,FGO-B
89,27.809865090384015,24.182250500127097,13.733439376007107,73.30146074249438,0.008834995630883052,0.007994241611998229,0.003761548729807786,0.01868286730397932,5.908496824999929,,,,,,deltaRIC0,FGO-B
90,24.107276814987497,21.88750705483618,10.104347102061075,48.74874842007995,0.008219700157622462,0.007606655886028805,0.003114844604914033,0.022780754945864568,5.589305857999989,,,,,,deltaRIC0,FGO-B
91,21.089963316477764,18.817089103457,9.523849555874849,41.492181197691565,0.007985614852767865,0.007399648986074666,0.0030025388356574013,0.016200088301271932,7.255033943999933,,,,,,deltaRIC0,FGO-B
92,25.0219988928993,21.946944748243435,12.017988384659203,61.22639100510694,0.00817115282937892,0.007192909912386812,0.003876826737597992,0.021611208488190738,8.316265179999846,,,,,,deltaRIC0,FGO-B
93,29.15567378048231,23.612362893668934,17.10291297328003,80.15518296144721,0.008152652728302116,0.00737847540407839,0.0034675419564443853,0.017592248902107848,8.464313128999947,,,,,,deltaRIC0,FGO-B
94,24.057726222625018,21.31851854981704,11.148764857323263,46.3771636759165,0.007184099405276344,0.006665378906708405,0.002680300038223069,0.014567643339718444,5.890104557999621,,,,,,deltaRIC0,FGO-B
95,22.238158121266604,19.539198248505805,10.61863496086213,50.56933572580877,0.007243724387310562,0.006574188963555352,0.003041641410617761,0.01681962439574017,6.19552006899994,,,,,,deltaRIC0,FGO-B
96,27.965659628766428,26.175719779294607,9.844278160833408,45.08452589928502,0.010037155777421035,0.00928315893699513,0.003816733714932693,0.018126840049060785,5.426397263000126,,,,,,deltaRIC0,FGO-B
97,32.34566268671861,27.59951445847872,16.867385579846236,94.12419299284645,0.008616192603571797,0.007744220083915426,0.003777013406611933,0.01935692430259671,5.424717823000265,,,,,,deltaRIC0,FGO-B
98,22.924161868700512,20.588996084072225,10.08020027739732,40.470497077245746,0.006527885937273775,0.006013653425876463,0.0025395407623231784,0.014609152857650035,5.593207678999988,,,,,,deltaRIC0,FGO-B
99,21.03577036921821,18.455671568622467,10.09414790745703,50.207769948781994,0.007496175511317287,0.007050886474266499,0.0025451222413626273,0.014729442142566324,5.4386912280001525,,,,,,deltaRIC0,FGO-B
100,27.675469679114993,24.470249846669073,12.92820538207859,65.18672536265554,0.007767553140580572,0.006953244774279489,0.0034622635515942574,0.01964654007455268,5.892107120000219,,,,,,deltaRIC0,FGO-B
101,22.168919913670642,19.997300610630734,9.569168115714684,47.76995366736789,0.008034511576936937,0.007491338187504982,0.002904002141935028,0.015154532510249633,7.423930159000065,,,,,,deltaRIC0,FGO-B
102,23.055230970231072,20.99833550657129,9.519116610493292,46.20516963536962,0.008167113824286252,0.007468241026564684,0.0033056200912965896,0.015448970299258333,5.447610925999925,,,,,,deltaRIC0,FGO-B
103,26.390271931064675,23.363323845007386,12.271982378933304,59.44817392167232,0.008233967440104049,0.007600070678033713,0.003168145434412033,0.016906678614081683,5.914552481000101,,,,,,deltaRIC0,FGO-B
104,23.88488689190885,21.665679875752435,10.05416020166255,43.52764899317282,0.008061660949822415,0.007469623926261186,0.003032341615009441,0.0152439284953378,8.183038047000082,,,,,,deltaRIC0,FGO-B
105,21.449059245215704,19.00242311009344,9.948369637772826,62.586075216378575,0.007257123606383516,0.006484303265790571,0.003258781090467204,0.01738900961329849,5.766824362000079,,,,,,deltaRIC0,FGO-B
106,27.571597621952055,23.709170223091938,14.073671971425329,72.13021511244943,0.009022737073631236,0.008099636602771399,0.003975634691835424,0.020487179313029624,6.984691928999837,,,,,,deltaRIC0,FGO-B
107,22.457622486344928,19.621074219784077,10.925120328898448,41.50322062978576,0.00845359266048992,0.007766755081288341,0.00333777536343757,0.017819758521264932,5.456448580000142,,,,,,deltaRIC0,FGO-B
108,28.842157444109205,24.139667109648023,15.784375751551325,83.83565093782214,0.008586004687354291,0.007784991326020553,0.0036212410227785996,0.019720387188564524,5.894324014000176,,,,,,deltaRIC0,FGO-B
109,24.773680839695647,22.05619846910861,11.2809295467348,48.66622731246309,0.009021059805351195,0.00822017897237315,0.0037159356390924297,0.01790319427720133,6.035228326999913,,,,,,deltaRIC0,FGO-B
110,27.144340766283815,25.00529918513902,10.561735098828382,49.168101709255794,0.008870139249588443,0.008310702736273769,0.00310025649525666,0.015767965138247696,5.454144628999984,,,,,,deltaRIC0,FGO-B
111,29.32816510051832,26.057065321694424,13.45996340946774,59.53502148637956,0.008943670133601101,0.008342777121668839,0.0032229342774601133,0.016655364168249136,5.577501744000074,,,,,,deltaRIC0,FGO-B
112,26.5364957080242,24.06989318379208,11.172548795276155,49.01999367003884,0.00840160311389052,0.007563802714995128,0.0036572972769474527,0.01838331953403389,5.453249226000025,,,,,,deltaRIC0,FGO-B
113,27.987940042399483,23.17356278840802,15.694291175732008,74.09939424515844,0.009032465077963786,0.007778850426442082,0.004590741925623483,0.02542679364263066,5.741465189999872,,,,,,deltaRIC0,FGO-B
114,21.167163875316643,18.26517995917617,10.69729066555729,50.551403668484625,0.007832156301089988,0.0072156597590658025,0.003045804748519189,0.016695746136043386,6.0437298020001435,,,,,,deltaRIC0,FGO-B
115,26.765007451149987,23.187133017039457,13.36871296386579,94.42148991008966,0.009547796475259562,0.008139405849887864,0.004991040967953494,0.032076160822106486,5.738340269999753,,,,,,deltaRIC0,FGO-B
116,24.157231468340026,20.336395763681853,13.038513702023726,76.49391792210409,0.007831229775117356,0.007124080750583425,0.003252019872302648,0.0181256601061942,5.584927662999689,,,,,,deltaRIC0,FGO-B
117,33.30227469729859,25.977059174245937,20.838279599622876,126.4462838183529,0.008499411705182711,0.007641341604957843,0.003721545083770604,0.020413557646067667,5.750697505000062,,,,,,deltaRIC0,FGO-B
118,28.65035021011904,23.136763799604715,16.89771369279789,79.24461418928125,0.008593562332954698,0.007320416518207377,0.00450120156961831,0.02444013730207071,6.963522211000054,,,,,,deltaRIC0,FGO-B
119,30.731192047467726,24.630113469805867,18.378347997652867,131.40536400670467,0.009811045656182175,0.008414860808742684,0.005044475635502424,0.02524711966821394,7.260440841999753,,,,,,deltaRIC0,FGO-B
120,24.521405881021504,21.714973407829405,11.391192926074863,48.551788903680944,0.008033941860943517,0.007506416017168839,0.0028632045686977524,0.015951939321334756,5.75484390299971,,,,,,deltaRIC0,FGO-B
121,21.995335337577952,20.147030495441403,8.825640986821279,46.45311683866462,0.007785787145041787,0.007267479587816241,0.002793245765873856,0.014527718497090666,5.594756445999792,,,,,,deltaRIC0,FGO-B
122,22.12826444866764,20.018979447862705,9.42870878626649,47.171528905480876,0.008055168447034574,0.007346100958680645,0.0033046239445620284,0.01772173467312674,6.9474425710000105,,,,,,deltaRIC0,FGO-B
123,28.754851990160486,26.382983363695672,11.435895321617544,75.9597993914209,0.009768207951685266,0.008824882288504995,0.004187999424713202,0.020649304738876773,7.40385902800017,,,,,,deltaRIC0,FGO-B
124,31.163193762154876,27.989085713478367,13.702398563068057,69.71001808889437,0.009142274746556265,0.008101662773452124,0.004236065137221151,0.01820357223515842,5.748500659999991,,,,,,deltaRIC0,FGO-B
125,23.799339290013137,21.89487461245004,9.328612777163265,42.34336384155167,0.008245566927417257,0.00766956418139434,0.0030277316958393485,0.016609443489060582,7.427281150999988,,,,,,deltaRIC0,FGO-B
126,23.35426967628826,20.12327868099767,11.852238912530497,61.530937979596466,0.007023140789291206,0.006530982457828103,0.0025827842886597184,0.016024343735310365,5.603176501000235,,,,,,deltaRIC0,FGO-B
127,29.802163722983384,25.57183436839224,15.305236019317713,83.41368201125229,0.010704559169015386,0.009875477640491183,0.004130681345142718,0.021086900060970065,9.842208099000345,,,,,,deltaRIC0,FGO-B
128,24.075670563850796,21.750590491961443,10.322292688645689,53.270293312848125,0.008386891288479689,0.007374585649288691,0.003994425113340067,0.02512564577947019,5.725021724999806,,,,,,deltaRIC0,FGO-B
129,24.928018853712317,22.431777103557053,10.872971072681569,60.743725350997586,0.00864029432078571,0.007884813672672615,0.0035333269445434563,0.02275664070332373,7.698933720999776,,,,,,deltaRIC0,FGO-B
130,26.87058847658852,23.31143104652723,13.364344639419407,59.49684853045275,0.00861898944495042,0.007924948753028306,0.0033885345378263276,0.016549571278178046,5.443070314000124,,,,,,deltaRIC0,FGO-B
131,28.77673023278292,25.348949193919516,13.620975649873607,66.73723520369315,0.009369157024733902,0.008498363059006449,0.003944480786039546,0.020591990005073064,6.079625436999777,,,,,,deltaRIC0,FGO-B
132,23.139014089176612,19.56879523789102,12.348126414829402,58.32989717930566,0.007941791434125262,0.007194158008451945,0.0033639473439059874,0.018313945031198032,6.987024213000041,,,,,,deltaRIC0,FGO-B
133,30.146289247116524,24.055196625980336,18.169927645872395,86.9887406956413,0.010321390334977457,0.00887868509313983,0.005263083645907845,0.026796913072741065,5.91656973299996,,,,,,deltaRIC0,FGO-B
134,26.851045129771293,23.913339964820736,12.211912065189551,54.54174156572636,0.010045509369158944,0.009278895721859318,0.0038489417595906784,0.025099435495621755,6.6841712129999,,,,,,deltaRIC0,FGO-B
135,27.631248164817617,22.56469308030714,15.947429301842853,75.59978950422749,0.008706835043935275,0.007367063244873082,0.0046406201771249786,0.03134586153282323,5.625300573000004,,,,,,deltaRIC0,FGO-B
136,22.744944657585737,20.28951625669701,10.27949597722893,45.95590637029345,0.007715848830558954,0.007211322661595489,0.0027442938338299934,0.015304090032421126,5.44224072499992,,,,,,deltaRIC0,FGO-B
137,32.74627301305157,27.966707539898124,17.034719417211285,94.17685146813666,0.009817018791878398,0.008679113951069533,0.004587683400633026,0.02618074404051092,6.817048153000087,,,,,,deltaRIC0,FGO-B
138,30.14579559727999,27.49556635781671,12.359725840644021,56.82167790860876,0.011086238348020366,0.010169593965631378,0.004414072867920418,0.02314804681213765,5.592974583999876,,,,,,deltaRIC0,FGO-B
139,21.26502049250035,18.473185817182294,10.53292467979881,46.328994725328975,0.007430620178891165,0.006677060111925674,0.0032605190544874405,0.01443853125543794,5.897615919000145,,,,,,deltaRIC0,FGO-B
140,28.782044077395952,24.571496003025107,14.988250246325775,76.0716921751822,0.009274100328612169,0.008306632114753352,0.004124172621910072,0.022807985270552094,7.114704146000349,,,,,,deltaRIC0,FGO-B
141,22.913562475987835,19.459278815114622,12.098256623854079,52.414954092624114,0.007516856352546177,0.006899597894266366,0.002983065256116426,0.015982659110864165,5.890776242000356,,,,,,deltaRIC0,FGO-B
142,26.72532185158754,24.151209548793457,11.443858850982497,60.35132098859923,0.00873164858218534,0.007734607396924824,0.004051855794350911,0.028541199994776067,8.488747383999907,,,,,,deltaRIC0,FGO-B
143,18.51795598234421,16.707735518532793,7.985378363408671,34.76390036468158,0.00736180506674622,0.006756807147927031,0.0029226239933478424,0.0163153585595174,6.9659338540000135,,,,,,deltaRIC0,FGO-B
144,26.33109113850874,23.31778939702922,12.231396411703987,52.54838710137201,0.007451264546374825,0.00650087216704764,0.0036414288964316936,0.02415207718315362,6.496698509999987,,,,,,deltaRIC0,FGO-B
145,21.03341937504568,18.664123789868846,9.698206729236011,39.47919638194236,0.007211779514866685,0.0067045439935779095,0.0026568503174302306,0.013447974788462652,5.435290114000054,,,,,,deltaRIC0,FGO-B
146,24.311128388309864,21.080029494190573,12.110463246174412,61.412940923555006,0.007385316088237687,0.006646216399453539,0.0032203573240895565,0.01880939113998757,6.979435116999866,,,,,,deltaRIC0,FGO-B
147,29.47974686112786,25.50005266259525,14.791983950810904,63.577256089944804,0.00920887492607045,0.008218021541502403,0.004155418071315026,0.021520964424414882,7.880222502999914,,,,,,deltaRIC0,FGO-B
148,29.008613623852554,25.091239134346857,14.557794581631681,66.96695707718341,0.009396122315888971,0.008370154422220676,0.004269382803559125,0.025139062647899106,5.74978210900008,,,,,,deltaRIC0,FGO-B
149,25.660086827361415,22.66470476520306,12.031259863119425,53.80422830194338,0.009028913105051023,0.00817590230956614,0.00383091285244042,0.021813763522368874,5.918309249000231,,,,,,deltaRIC0,FGO-B
150,26.17136453909971,23.548720935112154,11.419197176625694,54.79962355701351,0.007271455384269213,0.0065881365467118595,0.0030774210383529375,0.01677216544367036,7.297695685000235,,,,,,deltaRIC0,FGO-B
151,24.09933056138268,20.880314985062526,12.032879108150578,44.92792982618931,0.008770491593708334,0.007955621729314214,0.0036918295864478987,0.017687563400892455,5.612281837999944,,,,,,deltaRIC0,FGO-B
152,19.465208384523525,16.634400196879604,10.108959765622604,54.18659856044544,0.007494406404903394,0.006782108229064088,0.0031889081722618145,0.017254173602318717,7.263369809999858,,,,,,deltaRIC0,FGO-B
153,25.768862740786464,23.223053028026598,11.167994225059282,50.411063761960364,0.007944658432799628,0.007329585179209813,0.0030650903273088176,0.02303892499708742,5.446475334999832,,,,,,deltaRIC0,FGO-B
154,37.24096057010172,31.458135505008872,19.931754933582027,87.05693413488886,0.00948062268829275,0.008581460619107103,0.004029980173708701,0.017435222031397957,6.215567977999854,,,,,,deltaRIC0,FGO-B
155,21.995776545425517,19.754535511793854,9.673288610889612,42.13541309442663,0.007351111145553303,0.0068255174718889755,0.002729678793414407,0.014202097862622314,5.447075178999967,,,,,,deltaRIC0,FGO-B
156,23.5360714676753,21.435066213995807,9.72031874647816,51.76735786059945,0.006885039059701281,0.006410356286880157,0.0025121893099184145,0.013985567582458629,6.081097559999762,,,,,,deltaRIC0,FGO-B
157,21.82231432803956,18.043659826271295,12.27353831238425,51.616927275404635,0.007305878237097346,0.006682922439618709,0.00295201701914697,0.014292440817179744,7.2691754459997355,,,,,,deltaRIC0,FGO-B
158,23.12158734994659,19.923093500074824,11.733633152970416,50.01208124790242,0.00762283881335773,0.006981998074906054,0.00305930947379327,0.02023472940626991,5.780705545999808,,,,,,deltaRIC0,FGO-B
159,21.492078100722615,19.58094842380854,8.859790060250324,37.16588553604249,0.006929840141492382,0.006540984255374775,0.002288713472145094,0.013902070053131783,7.131882759000291,,,,,,deltaRIC0,FGO-B
160,26.513286753547593,23.689848346954935,11.905690226699113,61.39672168870604,0.008386931740772633,0.007608236153638539,0.003529216153035531,0.01611432608694241,6.829596352999943,,,,,,deltaRIC0,FGO-B
161,27.295334990662145,23.66068155457036,13.60909477612964,59.37046722402637,0.006888302204368821,0.0061520230945348075,0.003098599538988981,0.016804466610895817,5.784579686000143,,,,,,deltaRIC0,FGO-B
162,29.61725281440752,26.062825625614707,14.06807679398047,64.94651588586132,0.00849664406205584,0.007391710054395883,0.004189938279857065,0.023691839306875576,6.817867324999952,,,,,,deltaRIC0,FGO-B
163,25.96273180581597,23.704561332411753,10.590430343411802,53.08534373903414,0.009081589414026942,0.008376303604212414,0.0035089605604828817,0.018892861614894074,5.756396202999895,,,,,,deltaRIC0,FGO-B
164,25.156523108719576,22.33985093880788,11.566404581864958,64.91492540477165,0.007386288702261658,0.006707728971731324,0.003092512382344561,0.01770929165985862,7.3034530189997895,,,,,,deltaRIC0,FGO-B
165,24.851629379064754,21.80400124471754,11.924303439394286,79.9319857758328,0.008178352193419034,0.007298756032429926,0.0036896619057401035,0.018543734346682505,5.761738415000309,,,,,,deltaRIC0,FGO-B
166,20.102249937252065,17.29056707478222,10.253620959066488,53.602256170016396,0.007009200151507189,0.006175056354799821,0.0033162577974178587,0.017111555832408712,6.068438039999819,,,,,,deltaRIC0,FGO-B
167,26.533220764988798,22.638720825535277,13.838356967035784,58.563992101668745,0.008533007952061687,0.007603056888505763,0.0038737256820912144,0.019065725087597445,5.747977171999992,,,,,,deltaRIC0,FGO-B
168,27.51457602066075,24.729655793407233,12.062173018835358,70.97061971196831,0.00972086296262463,0.008893185082776983,0.003925103288016792,0.02106026017943768,6.215942550999898,,,,,,deltaRIC0,FGO-B
169,21.88775980654852,18.821179249326665,11.173058713435472,78.48041230695159,0.007824577994033414,0.0066847964616643255,0.004066634609948633,0.02327850661350661,6.068713352000032,,,,,,deltaRIC0,FGO-B
170,25.98054534684434,22.207082072771165,13.484592775929148,69.24442230828234,0.008607672960383192,0.007421470267047271,0.004360483100327902,0.022115456670446204,7.576361983999959,,,,,,deltaRIC0,FGO-B
171,21.84465700147349,19.940009119111636,8.921046790694989,37.27623675041682,0.007226167060714063,0.00671627884494506,0.002666287468802333,0.01713886721683741,6.664431315999991,,,,,,deltaRIC0,FGO-B
172,18.125543183458603,16.03560123781178,8.449544877525181,66.36524132890378,0.007414926773978246,0.00666610903502339,0.0032471725233869193,0.020661948384019604,5.608697677999771,,,,,,deltaRIC0,FGO-B
173,32.67435881286642,26.511431346938952,19.098631672674465,76.53316455493986,0.010149359841618502,0.00915965749059993,0.004371519169528476,0.020735129984744836,7.275477189999947,,,,,,deltaRIC0,FGO-B
174,21.285994640434094,18.403591953718088,10.695857657693088,81.41922212270978,0.008544352611113127,0.0071858540539234276,0.004622711656457491,0.03270344312400511,6.830065235999882,,,,,,deltaRIC0,FGO-B
175,26.819296684361127,22.658154230058535,14.348613923674435,73.49705717654595,0.008997040219123934,0.007975695877825302,0.004163533111309926,0.019606926263378083,6.830692483999883,,,,,,deltaRIC0,FGO-B
176,23.41761160527766,20.520790731897495,11.281918322399997,44.67875051810458,0.00863951546189654,0.007798061445842946,0.003719067773408709,0.019681151911385548,6.359140905999993,,,,,,deltaRIC0,FGO-B
177,25.58870412480133,22.51787077091597,12.154310952536674,60.32885635327166,0.008289066311359932,0.007745707412257969,0.002951717635176863,0.015032467323967581,8.631651800999862,,,,,,deltaRIC0,FGO-B
178,26.22366905022872,20.988564471517968,15.721354263575945,99.07257911117092,0.009642950648658588,0.008074260625785824,0.005271888898615921,0.025188988901906937,5.611397280999881,,,,,,deltaRIC0,FGO-B
179,24.57841645308898,20.121879255900716,14.114125213856775,66.01805582037554,0.009243526755025388,0.008146119909467888,0.004368468529295027,0.024904083418554573,6.675120414000048,,,,,,deltaRIC0,FGO-B
180,21.64675080039045,19.574626249961863,9.242068350131833,64.11222787253423,0.007543261379417231,0.006826042659176795,0.003210285634224178,0.017081330081732977,6.052305847000298,,,,,,deltaRIC0,FGO-B
181,29.98770037462174,23.976082358493944,18.011375530392012,121.52235694217592,0.008400909467076488,0.007593825948937212,0.0035929218376222986,0.020361541788191793,6.205508633000136,,,,,,deltaRIC0,FGO-B
182,33.17058586495803,26.62976372409023,19.77734690558067,93.24343586220736,0.009629461611146835,0.008435951299701814,0.004643410017391298,0.022277625827820495,5.6047984619999625,,,,,,deltaRIC0,FGO-B
183,32.26700027912243,27.07461335935072,17.553478813459005,73.13067610786217,0.008795695438077039,0.008066815183580387,0.003505816742695797,0.016652753094148282,5.454451259000052,,,,,,deltaRIC0,FGO-B
184,28.146400736283486,24.00864215786429,14.690302112042529,69.9518799821455,0.007088211951299921,0.006528585126195813,0.0027604936001675196,0.016036291197535132,6.059561870999914,,,,,,deltaRIC0,FGO-B
185,20.51878586249743,18.37120836990012,9.138888132630592,43.9614578247338,0.00806485085096127,0.007433657200085395,0.0031277084071040387,0.015281295685238696,5.459651482000027,,,,,,deltaRIC0,FGO-B
186,25.09491089955399,21.92662959294129,12.205632623936586,85.36006189639137,0.008261548610709398,0.007364945094817778,0.0037430962046725354,0.019144275182185127,8.190843976999986,,,,,,deltaRIC0,FGO-B
187,23.820921516394012,21.650316749308036,9.934791721260954,46.594272872274765,0.0074915441176713424,0.006987535965514651,0.0027014023020748516,0.016073399662262584,5.754471025999919,,,,,,deltaRIC0,FGO-B
188,24.346842386480162,21.654521706270337,11.12881053234234,81.87006042387873,0.008896994224815408,0.00782447170490685,0.004234872934989998,0.02277951848661432,7.121233994000249,,,,,,deltaRIC0,FGO-B
189,20.09097139677299,17.34088009032697,10.145984888558237,60.01247252007016,0.008019818380208843,0.007153139461325169,0.0036263042754805146,0.019061763809021352,5.901117865999822,,,,,,deltaRIC0,FGO-B
190,25.779892822326424,22.093319657430055,13.28488240238702,81.90702882231389,0.010537543398247017,0.009286123455583113,0.004980736093953225,0.02337684354550859,5.749545891000253,,,,,,deltaRIC0,FGO-B
191,20.798021801262934,17.394325249481074,11.401541999268057,47.346290685172114,0.007855531699478488,0.007110527587361302,0.0033391279865984803,0.018106686461112118,8.490884842000014,,,,,,deltaRIC0,FGO-B
192,28.14968410684246,21.93537615011867,17.642108390660795,86.60775320176108,0.008596580961869852,0.007514908727641741,0.004174607891670449,0.022090161563457406,5.469077454999933,,,,,,deltaRIC0,FGO-B
193,28.181122762166535,23.41558033787189,15.680761383841283,68.72673844601094,0.008299309052882984,0.007406265385136347,0.0037450986369115297,0.019091023497079144,7.161630394999975,,,,,,deltaRIC0,FGO-B
194,30.305070448085445,26.731327585211975,14.277024213592513,72.46667597638978,0.010229421098633501,0.00907082810046161,0.004728756029342627,0.022810049079011387,6.997383579999678,,,,,,deltaRIC0,FGO-B
195,23.675013740991076,20.72862507004783,11.438110785505664,54.921713593972896,0.009102021667275667,0.008618485475690087,0.002927201143904316,0.016339431978836663,5.471344258000045,,,,,,deltaRIC0,FGO-B
196,21.78020767996799,19.32427403172915,10.04738173501809,53.72397893195892,0.008645888265245823,0.007689803369290411,0.003952000510724313,0.020852676406401153,8.663647822999792,,,,,,deltaRIC0,FGO-B
197,23.66881318724021,20.163824116643216,12.394874532868553,65.43554875049016,0.008272585512680359,0.007551929870971027,0.0033769847924656807,0.018317838310928484,7.119803499999762,,,,,,deltaRIC0,FGO-B
198,28.558629760361455,24.964536606845204,13.869651970935998,59.12471084032511,0.008476913679295464,0.0076628206301136365,0.0036248097214793794,0.01758431603409733,5.598799216000316,,,,,,deltaRIC0,FGO-B
199,27.437111337628657,23.267995026849185,14.539445862341266,92.16518385149415,0.00847399567398779,0.007332789154862922,0.0042472115432467565,0.020862981082939963,6.495218947000012,,,,,,deltaRIC0,FGO-B
200,31.80076032308339,27.24797208352722,16.39623049549854,92.05557724716452,0.01072789685013243,0.009249400615703599,0.005434736339262758,0.027212528091365647,6.201791445999788,,,,,,deltaRIC0,FGO-B
1,37.13711399442954,31.90344617580491,19.00882316038459,84.57527912140343,0.011613311495239531,0.010472841273112857,0.005018824519112665,0.02767068029142587,9.43542937600023,0.013920893484721794,0.013418131071487862,-0.014058924661929855,0.023905875418281947,321.63264904604875,deltaRIC0,FGO-G
2,28.10509053751879,25.766470212705247,11.224309640236294,62.42253086513541,0.008263007710656826,0.00758204166776692,0.003284804495646641,0.018646992400395367,22.696349722999912,0.007638501901892722,0.011089670972444097,0.012541188437878258,0.018401329327433363,-265.0220273596333,deltaRIC0,FGO-G
3,22.65318942535949,19.634801764343372,11.297856027413228,66.5623414963973,0.007246556211647828,0.006571475217206406,0.0030542250077906404,0.017654177928217586,13.53625011999975,0.014781538320658524,-0.004144027470185179,-0.018257248104321364,0.023853594008901295,66.62194310304221,deltaRIC0,FGO-G
4,20.983671371768384,17.82928560420158,11.064856035312086,48.259946625643195,0.008041826035416965,0.007120420971608961,0.0037377227252675467,0.02018383965425936,13.042677825999817,-0.019899259590322953,-0.006472784196697134,-0.002341836402365482,0.02105615504396556,-374.9761177334731,deltaRIC0,FGO-G
5,32.78547656701321,29.954939343175663,13.32625538824913,60.93344952843781,0.009838902065731665,0.009130577697954282,0.0036655892787761588,0.01777156612635843,9.990445417999581,0.011326173029493949,0.017195238661632365,-0.004583889933606663,0.02109432328964248,-50.25109424875336,deltaRIC0,FGO-G
6,28.86281394720095,25.323381216242964,13.84876863578748,57.50426362422494,0.008928218036472887,0.00788678519704761,0.0041846979057550224,0.023841023397480243,16.93479577700009,-0.004351244130799142,0.03873945419849458,-0.0261367151497253,0.04693406562296679,-1379.0735983731138,deltaRIC0,FGO-G
7,25.91379970070076,22.839401943654135,12.242823766772377,68.76200127523165,0.008918282967177671,0.008152640863019955,0.003615275652183194,0.016150404558296198,9.152397860999827,-0.012170238505820476,0.017301598664594003,0.0020956995651826103,0.021256810163021708,14.484228525887374,deltaRIC0,FGO-G
8,21.31229769492507,18.470440577949123,10.63281984675556,74.23761890822638,0.008404052657610251,0.007355062234841083,0.004065852997035241,0.02102473566868564,19.697149367999828,0.0005150520186276471,0.0310426842562184,-0.002775082474596549,0.031170733182810686,-155.96240750390643,deltaRIC0,FGO-G
9,31.93825140555419,26.0440553063574,18.48672729402857,119.15916344652719,0.008719182121242964,0.007849986501376673,0.0037949767840669293,0.019007018165658144,12.670690964000187,0.002644348217911801,-0.0039610944667555275,0.005751345803124457,0.007467317150038016,127.1675813142574,deltaRIC0,FGO-G
10,26.70683669408547,23.266058566268825,13.112804619740936,60.11188393463648,0.009193469897066084,0.00820740306680083,0.004142272763511424,0.018543340177077806,9.10632747999989,-0.010683856076047745,0.022935614203527997,0.015435451505517287,0.029638494272245908,85.56465070394006,deltaRIC0,FGO-G
11,31.12732925398172,25.85989743305931,17.325597572304357,68.06485691199669,0.009139195918003162,0.008341617969519592,0.0037339405027709666,0.02158180542242309,20.039946793000126,0.011663624940940602,-0.005083809396639261,0.006534403033038018,0.014303275420073047,-468.4236832175684,deltaRIC0,FGO-G
12,27.40400020242498,24.259129072467953,12.746524378819844,68.37030243363793,0.009946837137391522,0.008859269263141834,0.004522490150452681,0.021116101288595795,9.915489684000022,0.011691718647636394,0.015409636265565053,0.0011225872556930726,0.0193755871374044,130.51828215454043,deltaRIC0,FGO-G
13,23.75510613805056,20.308074630143874,12.324251394975446,49.998434912912764,0.0082692782049939,0.0072846736338883075,0.003913373490905215,0.01865635894571519,16.27574755400019,0.022634446399792636,0.014114182255406251,-0.009773533599870555,0.0284086300900221,145.45029057053398,deltaRIC0,FGO-G
14,21.353628928282237,18.190806738790783,11.183560193370257,49.27139845564355,0.008309825168129316,0.007682594345995221,0.0031671656792402973,0.016087980082186846,16.764859204999993,0.007129028228565149,-0.015301937778938395,-0.007549247686536809,0.018492254700464793,317.4594061760108,deltaRIC0,FGO-G
15,32.11627039768906,28.483106618564324,14.838041030168897,65.35395474256102,0.007210188510804197,0.006747714246573246,0.002540702817711133,0.016438008628939644,16.624771298999804,-0.006060017001208173,0.0017534037621066616,0.005160396560759321,0.008150332721564103,-224.61601995405363,deltaRIC0,FGO-G
16,23.901516479675607,22.06857847470064,9.179342794241007,50.887911605897315,0.008775528472403312,0.007947493848442335,0.003721188183756962,0.01921732288397392,8.27605737399972,0.012546332052082181,-0.015213098870386448,-0.009625609929276078,0.021943135412056235,-414.53231432076427,deltaRIC0,FGO-G
17,32.75440655881566,28.582896799224258,15.99591071446331,93.20443320850191,0.008823298529566133,0.007953756254013566,0.003819470957290285,0.024132586838897213,15.127022204000241,-0.005244032268243835,0.02171038310013754,-0.002940792725703942,0.022527513636455165,139.93041230151175,deltaRIC0,FGO-G
18,18.78295543987268,16.668322834967185,8.658315594014475,36.01167836168618,0.007098319301259055,0.00660294865352255,0.0026052266660641235,0.015451113749661896,12.194748075000007,0.004611389072837547,0.001844878287136566,-0.0024280052872303727,0.005528444152765959,-111.67547466831275,deltaRIC0,FGO-G
19,21.95425028167518,17.63933003372964,13.070697815786207,69.30735748487292,0.008670402016701181,0.007290487424570419,0.004693044240511323,0.028925510956798767,9.616216537000128,0.006435334576050087,-0.03431083017658704,-0.0048326497758703615,0.035242036013382105,204.3581522361983,deltaRIC0,FGO-G
20,21.479674158036463,19.323780482166967,9.379120950944303,39.42000928278456,0.007243558335728658,0.00653091209974049,0.0031331014200895856,0.0156724322647716,9.091426969999702,0.0057665809316937025,0.006851418984820886,0.00804991719888886,0.012041451933064558,382.40282383543854,deltaRIC0,FGO-G
21,28.58961868967216,22.97601631231008,17.01378768050527,75.57666245611958,0.009303547597893345,0.008324449047801384,0.0041544609706706415,0.021808029447441618,13.667116837999856,-0.010536290376079272,0.013929715975607316,0.009081586445148697,0.019685670280964754,1128.9395988051256,deltaRIC0,FGO-G
22,27.54980431488827,25.066029916212003,11.431791724318689,50.56224312837402,0.008448825010650847,0.007580250447651971,0.0037312795675842067,0.020894825246564573,13.983666875999916,0.013797139046377492,-0.014123981573698142,0.015195134530361972,0.024914654618417607,-3.3289412003923644,deltaRIC0,FGO-G
23,24.300990579819505,21.846248392974278,10.643287758627272,56.4919074756498,0.008864423367979934,0.008085107037591853,0.003634425104121894,0.0175627805255937,10.567954263000047,-0.007074085056549427,-0.017190795310199465,-0.027642944244600624,0.0333121372669868,31.927774804285946,deltaRIC0,FGO-G
24,24.983190544360138,21.14058068012647,13.312988330306213,87.15755107102362,0.009075728452411155,0.007966818344770433,0.004347258032752906,0.02829133143812528,10.584504531999755,-0.0006287522653919996,0.014463103756881118,-0.004989359481300619,0.015312426578670955,-391.6465413098849,deltaRIC0,FGO-G
25,26.576982768593247,23.892231615075584,11.640329958110524,47.43536707213194,0.009080271242988368,0.008333504490085025,0.0036061099206727283,0.018018555316981932,21.163091731999884,0.01933798013979632,0.004111111737765984,0.00937819760703169,0.02188171167811351,232.65788075283308,deltaRIC0,FGO-G
26,26.31633631435959,23.19322734008196,12.434780358404247,54.169092850930745,0.008926548596114057,0.007892041319045879,0.004171205300300911,0.020311267742776303,9.938324858000215,0.002767888509202813,0.03640707814169812,-0.00851998819433327,0.037493022610169326,522.4485151382014,deltaRIC0,FGO-G
27,20.090469856141535,18.46567285134558,7.914916625436466,37.700497034022135,0.007306956087392473,0.006738349020591862,0.002825997123100202,0.028582774560924257,10.115640097999858,-0.0011886020056465511,-0.004733574004433158,-0.00617152106592167,0.007868110945480325,-451.39763752606814,deltaRIC0,FGO-G
28,21.63512614832668,18.888133211870276,10.550692262816305,43.22097734372348,0.0075151671212781174,0.006957207003564927,0.002841655779697244,0.014396969749514443,9.483010084999933,0.0028867897811989374,0.011649978665822987,0.01717643631872872,0.02095436762983575,-267.46789111130056,deltaRIC0,FGO-G
29,26.314745649286845,22.563966075466997,13.540061799409765,94.36604258321586,0.010566192063961479,0.009066611389414685,0.005425953616264926,0.033415961544237795,20.882112640000287,0.009763289807623112,-0.022847512606895985,-0.011020257892528435,0.02718044782941855,144.72441886391243,deltaRIC0,FGO-G
30,25.575778234062824,22.75701651095776,11.672130559497592,55.00277465754783,0.007695744969049458,0.007048703842468712,0.0030887319031953635,0.017759245814604425,18.05332314599991,0.006613530170330806,-0.02308814471971095,0.009851183482697713,0.025958563595121525,324.8945901280749,deltaRIC0,FGO-G
31,24.687413109487355,21.49026993647733,12.150582870620934,50.61911769209483,0.009206128677720858,0.00801308151241084,0.004532475030953177,0.024561043191071736,17.733441424000375,-0.010063007144179329,-0.011245202470711169,0.010040488501164246,0.018125399326169456,203.57943640751728,deltaRIC0,FGO-G
32,23.03565091802519,20.488274314013715,10.529569262360202,57.02846559011607,0.01013825364586656,0.00909214617897527,0.004485205106577848,0.02202309315195464,16.591539684000054,0.012240029340343343,0.005216075006763572,-0.031845220682316974,0.034512951728794775,-108.02304562665086,deltaRIC0,FGO-G
33,25.34617183027348,22.42916251896711,11.805130035180044,52.864147655519325,0.008594748535913802,0.007831822095543759,0.003540093933689475,0.018946199071269553,26.070127791000232,-0.015328395894807155,0.018603357816021796,-0.02048127638952458,0.031631113247607597,799.4541901848243,deltaRIC0,FGO-G
34,23.76392268717955,20.080609880436256,12.707994661313514,51.67437489073283,0.008048000115856617,0.007020777860774016,0.003934334009015191,0.01979638453030712,8.80364038100015,-0.010724974065331455,-0.03162934986809593,0.011472440324901748,0.03531370454637808,109.91225518789906,deltaRIC0,FGO-G
35,24.646390585447577,22.54163277464091,9.965909930541903,59.98941602649369,0.008059889996738446,0.007291239704778755,0.0034350619102109787,0.019397351608003377,13.659929375000047,0.014902055046429894,0.009522822676022731,0.0010821820374120102,0.017717971506013227,-23.85838133620382,deltaRIC0,FGO-G
36,25.295600064459105,21.576852859597548,13.202530185397817,58.35573671638373,0.009857606070605377,0.008870678657155474,0.004299239189056867,0.020762726852518853,20.62530484099989,0.02593477764262228,0.0011908283940478006,0.02057301876748613,0.03312521494033914,358.59916771906137,deltaRIC0,FGO-G
37,28.175530731848998,24.060034273087293,14.662035424838939,86.19025561781665,0.009502567197558563,0.00856721147348937,0.004111164179721857,0.022267365063304328,19.522210170000108,0.015157225226012936,0.013568056743397889,0.006844541301388272,0.021463489603756367,5.545369786164883,deltaRIC0,FGO-G
38,23.52604984899695,20.985805304450373,10.6334847167423,52.735712986043005,0.008049954254299562,0.007350446503083583,0.0032821791087053647,0.01690121340822985,10.577343418000055,0.020500650279694953,-0.008647546317987214,-0.0016345527475629363,0.022309829266416555,-20.604220915085534,deltaRIC0,FGO-G
39,23.620202896580565,18.173147187937154,15.08809816249897,106.46784193203374,0.009043066920466468,0.00771885111164142,0.004711305216640811,0.03049246878552309,15.144352147000063,-0.013136729970728435,-0.013546021091114514,0.016562542000893465,0.02510749209411633,-1468.0083817216364,deltaRIC0,FGO-G
40,33.57505969368664,29.480676955297458,16.067803822925356,66.55933593464242,0.010227200904617763,0.009432910384016424,0.003951688250675851,0.023098683937579113,14.917915040000025,0.007764865703240359,0.006913156985955439,-0.003131358094058021,0.01085772915553918,95.16789261685335,deltaRIC0,FGO-G
41,24.72325445500091,21.810147345018283,11.642885537327686,64.29913306790367,0.010080732587593502,0.008582763984521473,0.005287469327435449,0.03164621297758831,11.6931841239998,-0.010345213895494289,0.005294160253518609,0.0027087423640604342,0.011932680693302744,-278.4716466313439,deltaRIC0,FGO-G
42,23.198686743133795,19.626318211614155,12.36877924706049,65.12995654341097,0.008608916667227741,0.007837909688574694,0.0035609855232812382,0.01830031118488924,11.510848492999685,-0.016110730431703166,-0.016988052115267327,-0.009387468354213975,0.025224474460638698,-32.768207223622085,deltaRIC0,FGO-G
43,36.93937880076942,30.47802216787827,20.871221117152054,84.95548960664392,0.008479021255004375,0.007478586689161682,0.003995565363688809,0.02042778481771066,15.95919409399994,0.002753483245052088,-0.009861212926944784,0.003775386537058133,0.0109123202791856,156.5322530819285,deltaRIC0,FGO-G
44,31.43987308432654,26.986693521056285,16.130219848444064,74.00525438177554,0.009899815565777946,0.008823955554955814,0.004488224214606907,0.028827465935293155,22.432060642000124,-0.01645895812535367,-0.04012435508804895,0.0006355312309734288,0.04337355269919133,-1197.2058678002795,deltaRIC0,FGO-G
45,32.08451651345691,27.792994253327063,16.03014879334619,114.22674210163173,0.011774612789282974,0.010436074886640494,0.005452508349189186,0.03341041605744089,25.374305969000034,-0.00946094140943277,0.011031043263315445,0.019610289022957597,0.02440812904328777,281.61545047279105,deltaRIC0,FGO-G
46,24.10782850342755,19.948551217297346,13.536716717193222,65.97422372201115,0.007030106783691386,0.006394148269118732,0.0029218605891844925,0.018088378847851434,15.76681543399991,0.009189214318000015,0.0006162638621375186,-0.0070938855645516176,0.011625173260337539,-691.5231395007377,deltaRIC0,FGO-G
47,27.608993669390966,24.00635397890645,13.636403487573732,55.98069907286048,0.008388769483082203,0.007577745143552096,0.0035985041308387957,0.019586306205475346,9.93871740700024,0.0039645306211852985,-0.00207915676081964,-0.013585486932085299,0.014304050162951693,-65.91004498129223,deltaRIC0,FGO-G
48,28.94362611052951,25.55887768504858,13.582240754266268,66.45270788932538,0.009611831533546559,0.008546184856757769,0.00439886687948205,0.026008369138086372,14.823109519999889,0.0016995097078544125,-0.030344689884867396,0.02535858833887804,0.039582149259439495,189.29769220608614,deltaRIC0,FGO-G
49,25.532928082641078,22.993208013292012,11.101477457113777,48.775338433036694,0.007684888409594932,0.007161115859269644,0.0027885353714886475,0.01573011652208144,24.111815853999815,-0.007790041572439242,-0.023042504480056805,0.00847552334697159,0.025758032852274067,-150.25936614454258,deltaRIC0,FGO-G
50,31.55340484439196,27.411920060582403,15.627027736147967,75.536949003554,0.009744775474840666,0.008656797186431042,0.004474428625875683,0.0224740999207959,21.13401236999971,0.009743886292277593,-0.0342143895158663,0.009469869532700305,0.036813668643407745,-212.86796159891128,deltaRIC0,FGO-G
51,26.03969243638792,22.327554889556534,13.3994729312581,104.60362452669568,0.01017729943468624,0.008243415272115324,0.0059685449177099,0.03762011404480121,11.048934870999801,0.014876052217098706,0.019216718442721447,0.01174393373034895,0.026990723901657507,-44.927819033531705,deltaRIC0,FGO-G
52,22.782841437255406,19.1395119448565,12.358678993639138,53.20565653446418,0.008338106258165008,0.0074827312761418345,0.0036786884376771123,0.0190283887913409,27.298303027999737,-0.008166596912085712,-0.001652925751616287,-0.016938948126829598,0.018877325878107525,929.1780710299809,deltaRIC0,FGO-G
53,26.959110664357247,21.27328156978325,16.5602276272333,85.1531439305017,0.008127921198352258,0.007227507084040383,0.0037183658180402444,0.019511947560215084,10.437554841999827,-0.007554799119025754,-0.004942413136897818,0.022110827609457866,0.02388286278735815,-117.29347073397912,deltaRIC0,FGO-G
54,31.33417450271983,28.732376090447804,12.501242176838309,61.01006392502941,0.009447008492697213,0.008520362683852846,0.004080366306681449,0.0218648183544356,14.802478836000319,0.013976087565730318,0.012749643524069454,-0.009964732342549484,0.0213817755178203,567.1941280652973,deltaRIC0,FGO-G
55,23.633541765782617,20.99919406835853,10.843345649494308,67.59525191529612,0.009199057364159076,0.008203559474378218,0.004162243186003032,0.024116325025477583,13.969744680000076,0.016210018777272284,-0.010550193508858977,0.01663087076546223,0.0255079821673804,-143.1694863334742,deltaRIC0,FGO-G
56,27.836254963952733,25.157403764396122,11.914786034727221,52.474560522853,0.008763322358727866,0.008012006901258367,0.003550149880944187,0.01752849303464056,15.125012814000002,0.004958188736014097,0.017053422327457917,0.00042649109438764,0.0177647049869726,-33.551526725959775,deltaRIC0,FGO-G
57,27.739375753208417,24.08004116527053,13.770424272932322,80.38599928007135,0.009640115455539116,0.008713003634141766,0.004124971959608516,0.020303933663853746,18.2040193429998,-0.004967962649969946,0.009705268838415586,-0.008168937986537877,0.01362367219017393,154.77392513112864,deltaRIC0,FGO-G
58,28.34006655891185,23.217923125438844,16.25076669898273,96.9327937700074,0.007894941572419935,0.007220363679195166,0.0031931881830051605,0.017694185504056242,15.737172555000143,0.009833345387623942,-0.010973477713868675,0.015872165230983823,0.021657274153704786,792.5135088693823,deltaRIC0,FGO-G
59,27.244073457108783,23.27439287076451,14.16129143240989,66.9630374363355,0.009065224549264011,0.007809486066390425,0.0046032839916121514,0.024597561042006232,10.88646622000033,-0.014675498401852735,0.003949305188381676,-0.010469464210284413,0.018454726919252606,1121.961841404729,deltaRIC0,FGO-G
60,30.64988185835038,26.24014053725443,15.838885141195155,75.14818943068839,0.009252900955684068,0.008379578924344098,0.0039241347003367965,0.029697545763176857,62.48645293699974,-0.00536636699357793,-0.024369279664834036,-0.01343847394273365,0.028341705453310103,498.14000520617265,deltaRIC0,FGO-G
61,28.17140106608069,24.905672948931972,13.165686195060646,63.643644887541974,0.009528264346513786,0.00818389294218384,0.0048797251734005835,0.02626707420296251,8.638021765999838,0.00759427800050307,0.04687876836196627,0.0035665421970842797,0.047623651736583554,100.00289600064207,deltaRIC0,FGO-G
62,25.183045230596203,21.733431087001165,12.72178211858801,50.908757679182244,0.008577776612462824,0.007838902733714414,0.003482794215092087,0.01742289225680486,21.32495449900034,0.015542489960224821,0.007280659482152336,0.003989697304545666,0.01762085926510518,629.8632283661227,deltaRIC0,FGO-G
63,27.376514559883024,24.33859437798989,12.534208118232524,50.06098087423577,0.007411216663191988,0.006789430579641018,0.0029714920213606546,0.01728684028484432,21.490852673000518,0.0037344586420731624,0.005909347184890219,-0.005468468256570296,0.008875286506589062,108.1006099481092,deltaRIC0,FGO-G
64,31.234771110126108,26.058107026010518,17.221671943308806,75.43191805500112,0.008769645733878069,0.007877554658516816,0.0038536760242404706,0.022082792534324703,9.746027944000161,-0.013611016159567857,-0.007121278833827906,0.0006825832907705051,0.015376550103127221,180.32064209552482,deltaRIC0,FGO-G
65,29.557107646667863,23.882129549712126,17.414548532978923,79.40808917316068,0.008961442123493207,0.007973742869292533,0.004089849580012075,0.02421621257723311,8.283511372999783,0.012818246881906718,0.025925381279065938,0.006681073002211908,0.029682816309294823,-104.26022132185608,deltaRIC0,FGO-G
66,32.19118485001411,27.73914776745562,16.33438285283652,66.34611621152936,0.010157343747861522,0.00914879637093173,0.0044126133951942715,0.026340199405896544,66.90907740900002,-0.00041861354099093166,0.019660213187412193,0.01715167011814138,0.026093658381161143,1415.7524500282125,deltaRIC0,FGO-G
67,25.089627874359344,22.3219753976051,11.455079276135187,49.325318065604826,0.008314634685172722,0.0076105874968907415,0.0033484485810667034,0.01734014243524386,12.224313556000197,-0.007283875789765562,-0.017758526421853323,0.013780181104336285,0.02362865841440648,197.7034627623907,deltaRIC0,FGO-G
68,29.33222538584747,25.956522620899854,13.66156577837507,56.816825896545815,0.008399629727494508,0.00788308301663625,0.002900134774770058,0.015535368146834013,20.824088601999392,-0.009139128158193439,0.011203256310582405,-0.004237977222370641,0.015066421817731676,-37.89317613728599,deltaRIC0,FGO-G
69,24.771957010170063,21.408379952610414,12.463190679692834,55.21502853142591,0.008291275947813355,0.007634708972291285,0.0032336474376782605,0.016257202780571533,10.882307509999919,-0.005255281931904197,0.010434804913829874,-0.012809787467621037,0.01733764103732419,-1453.673934657536,deltaRIC0,FGO-G
70,26.39324975146175,22.56074675909198,13.697311346215217,101.45334219397013,0.009208816562840396,0.008113510685403242,0.004355829065274606,0.023345258829798512,25.059613323999656,0.017186833041546,0.02522976606969807,2.6050398152394744e-05,0.030527512256207666,302.93421893885716,deltaRIC0,FGO-G
71,31.69075101462535,28.453624794648153,13.953312721943902,83.58369993455844,0.00997069057155021,0.00869808039048431,0.004874224860864811,0.02408670904243394,32.97703737200027,-0.009745462307801543,0.02493151730596903,-0.007269460549249031,0.027738054139533688,-643.0751041397016,deltaRIC0,FGO-G
72,24.65543541426532,21.16450505736653,12.64730094303584,72.29212132962472,0.009016222296674535,0.007996645064883824,0.0041648448001480425,0.020959126313331407,19.64959226100018,0.010824809293807993,-0.0003589085970696662,-0.0009105426073992009,0.010868964967661444,387.6749476879595,deltaRIC0,FGO-G
73,24.32924286089292,22.197766255882378,9.958475356876608,53.84022666363318,0.007175650513764661,0.006312238705811193,0.0034125654303690744,0.023782399407583192,23.239328640000167,0.004776544480986623,-0.0070754716941003855,0.0036258239689170844,0.009274927294940548,-444.0483520021098,deltaRIC0,FGO-G
74,32.63371170821723,27.93798992451424,16.864989144164152,70.69648699939599,0.010187183793785923,0.009428497845993377,0.003857737940357377,0.01912480841140006,17.545550828999694,-0.01307862544716092,-0.01570978256401009,-0.007499489307496486,0.021773609063930003,-455.4806466619084,deltaRIC0,FGO-G
75,29.41372921329924,26.293030533291688,13.184991907797453,76.50223372748178,0.008699145174701385,0.00783475220018805,0.003780447689385335,0.017648498135552672,8.627630484999827,-0.005485523955597601,0.006910906687229255,-0.011415875822517175,0.014428230144482634,154.1854631307633,deltaRIC0,FGO-G
76,22.08987320454979,19.605600877578244,10.177569082162496,48.66618552690087,0.006740058359596999,0.006231603836057204,0.002568170617620751,0.01632580371511414,22.27445298800012,0.005608189436157421,0.010709707083278014,0.00017515150523891957,0.012090504233125698,-163.69641027112812,deltaRIC0,FGO-G
77,35.81028803388465,29.75199936848999,19.929758218482068,112.6532524882033,0.01195627317373996,0.009775178852206292,0.006884645714375771,0.035782631755145775,19.647089151000728,-0.000673485124646745,0.05580555925985773,-0.003223414873569705,0.055902633479700786,888.6456441469982,deltaRIC0,FGO-G
78,28.150034471065695,23.56934069538146,15.39190111413215,71.42884206112721,0.008791797848808684,0.007929370600976019,0.003797471696628457,0.021964317630022295,13.280869922999955,-0.0156384560816009,-0.03144037060575121,-0.012647845991699897,0.03732326647914011,780.5764051600727,deltaRIC0,FGO-G
79,25.467988970975128,21.799840388859366,13.167589803983363,64.53965694071601,0.008789460635957896,0.007748403506213949,0.004149320592090319,0.022918132474356596,8.292727304999971,0.010723764651639106,-0.016860891172271377,-0.0024476029611160063,0.020131555818718706,177.7902785043625,deltaRIC0,FGO-G
80,24.202982462515944,21.099365093681037,11.85753569357514,72.8188370260076,0.00918527709694883,0.008065565194497344,0.0043949941343585175,0.02077462658783031,19.531165991000307,0.017539986892815752,0.021303149356321775,-0.012487530857017799,0.030288838531757418,401.7242196782827,deltaRIC0,FGO-G
81,19.759899373688224,17.41727490699987,9.332317936733455,50.39999973081996,0.007861670807255493,0.006789418390815594,0.003963542076994798,0.02550932918528661,31.69277175299976,-0.02031896705227823,-0.00355153903584204,0.012942945660670004,0.024351461844614883,-1055.1022697182834,deltaRIC0,FGO-G
82,28.306994113649715,25.467978355073825,12.355889051609795,58.90812073108912,0.008536894551079203,0.007866436912045137,0.003316283896933367,0.020295379802052833,32.55169765699975,-0.010735941924331723,0.016132984813138806,-0.003474967047471868,0.019687789209675274,1713.813763263488,deltaRIC0,FGO-G
83,20.636283216802063,18.435602191378162,9.272796603254008,46.83291084443538,0.006971721875020469,0.006328677769148105,0.002924507410988983,0.01620632293985713,16.415693334000025,-0.011116871754595449,-0.014133560676906392,0.005296003368099981,0.01874540014752534,-0.6164857165695139,deltaRIC0,FGO-G
84,28.239955822098384,24.901440137064434,13.319661554794289,58.565573832219044,0.008881485149001568,0.008324363699023108,0.0030960858286426273,0.01512202084854742,34.098807742000645,0.010740612491522564,-0.009839767350986146,-0.0017697826729642107,0.014673578599786345,-73.69138438788468,deltaRIC0,FGO-G
85,26.673992704489702,23.23859688120826,13.094636374938695,81.96559371070269,0.00860743885089574,0.007863977801060943,0.0034994080522754195,0.018883627897123244,8.905356839000888,-0.006367638025064089,0.0033211949185791493,-0.0009659031791844104,0.007246386593123265,717.567615481923,deltaRIC0,FGO-G
86,28.396035515987272,24.37956912672541,14.559239067356087,61.97701126024184,0.009103327206244152,0.008179373543564197,0.003996049881919269,0.02618903190079663,33.59651617200052,0.011602276938470992,0.031060396062049925,-0.007253242508674409,0.033940691810539506,-944.6900292876799,deltaRIC0,FGO-G
87,27.18665394304937,23.882742646349094,12.989563360920961,52.754052715410076,0.007435904652259272,0.006907346529334528,0.002753405513392707,0.020543954920284282,8.623223024000254,0.007953186570986582,0.008459117475433006,-0.00464268469798165,0.012504573815247376,-24.76848634538328,deltaRIC0,FGO-G
88,21.276886950488578,19.82671593029173,7.72057340638551,40.61524571859063,0.00816264178612734,0.0072943542180563155,0.0036634843346404753,0.02018560047013607,8.268151709000449,0.01836023051496128,0.014710611180576242,-0.013068887903960477,0.026912747479863414,-137.28000245545627,deltaRIC0,FGO-G
89,28.232831209217483,24.759719794571673,13.566467255054285,73.3036085746036,0.009385521985569797,0.008490413629151738,0.004000112416861359,0.01938325413188013,12.987101488000008,0.019806627936966473,0.026376336295942753,0.0029108116578492526,0.03311323679644681,-1369.5670888010354,deltaRIC0,FGO-G
90,24.2041919853701,21.99387058589932,10.105076264698202,48.708151413483996,0.008285683684880361,0.007666378687464407,0.0031431181884052826,0.022778617515966645,8.628745989999516,0.0043247356625975425,0.007354413873098044,0.0035874646078298644,0.00925530357582029,-417.4724522201377,deltaRIC0,FGO-G
91,21.116458748780875,18.941233895462904,9.334585615137481,41.06241421990791,0.00806154072364593,0.0074677417696134025,0.0030366546891889166,0.01620743381963405,11.554235520000475,0.005210769543544608,-0.005613861999072352,-0.008845635859315817,0.011700976007845438,121.42461739614009,deltaRIC0,FGO-G
92,128.00701494569444,103.25793477129292,75.65444324079488,219.54182825417885,0.012730358930703045,0.011814566785554497,0.004741102210900256,0.039995770067915846,12.387447857000552,-0.000706794228284979,0.0180181774292304,0.008516751214526958,0.019942149513091895,-40.10868975194171,deltaRIC0,FGO-G
93,29.137547894704717,23.642071006876012,17.030830156573217,80.35202283451108,0.0081847914835476,0.007396187152932068,0.003505314141122865,0.017593467965348913,10.742973286000051,-0.00015812127269005847,0.007647624982655749,-0.0018470266201933692,0.007869096361585642,-594.182585742954,deltaRIC0,FGO-G
94,24.167331212899303,21.354855968403985,11.315035330156839,47.76783799829616,0.007500145131872629,0.006915126638735555,0.0029039973432154866,0.014620024676476953,11.545298568000362,-0.010534683142794226,-0.012795873220622733,0.01883540323290709,0.025089566264555666,-108.6599753712162,deltaRIC0,FGO-G
95,22.353073294589006,19.697030125805668,10.568201830792802,50.58614466918487,0.007430160730525027,0.006790498077936765,0.0030160279068624815,0.016814563196128396,48.69735506100005,-0.026205285569631125,-0.0037942394729830356,-0.008815550600805034,0.02790747529533286,809.7453570462876,deltaRIC0,FGO-G
96,28.088198391552197,26.205402047717357,10.110578242646975,45.783769985166224,0.01020032321944654,0.009383777108812314,0.00399891497200306,0.018126557746665214,10.416829745000541,0.015576008034363795,0.008327581905617793,0.012293437588306309,0.021519508693716053,365.15934184336766,deltaRIC0,FGO-G
97,32.30381245760909,27.48504693250848,16.97375899481863,94.56633351391625,0.008725589834081294,0.007819139559732931,0.003872592735886686,0.01935874508639873,11.400678351999886,0.00816350911988312,0.008816856009178874,0.004253377388302827,0.012746413230565462,-135.25687568123976,deltaRIC0,FGO-G
98,22.929903427702918,20.589458113723214,10.092308248711964,40.528343577430775,0.006822483023590768,0.006230575016751106,0.0027796060094591067,0.01690564802005609,9.588480513999457,0.004751236906535118,-0.006994579633436443,0.01850567554775336,0.020345968246048698,7.23948751030548,deltaRIC0,FGO-G
99,21.104357299597883,18.523345394260353,10.113336365118295,50.276397947660755,0.007537192574528,0.007095731811508798,0.0025416258506440496,0.014751266898386881,14.937314468000295,-0.014811470954672369,-0.00038625058915338985,0.0027443036717529562,0.015068512335380733,803.4991185604904,deltaRIC0,FGO-G
100,27.83335508055368,24.715885333215095,12.799244791609633,65.96074814738796,0.008063089550121243,0.007092751211009136,0.003834878531583864,0.01980657181191311,22.230743606000033,-0.012424461648611121,-0.013511940546189115,-0.014341668489004302,0.023294274825159444,141.66879345630878,deltaRIC0,FGO-G
101,22.15428094455728,19.984528469753002,9.561944677313587,47.81347036064869,0.008065815004525174,0.007519352422371441,0.002918340424864821,0.015151754828246475,15.421270118999928,-0.004793033108422552,-0.00031297355818495846,0.007382082013126549,0.008807170582831028,175.99946491243827,deltaRIC0,FGO-G
102,23.281841319077234,21.198952433756467,9.625411727194985,46.34615109418687,0.00856813017871578,0.007790860701814229,0.0035658581413660875,0.01928224714485912,24.24616300999969,-0.023427515021488828,0.011343186898791444,-0.025449400024990344,0.036403136001380114,24.583140862865548,deltaRIC0,FGO-G
103,26.736367319592304,23.73920884248918,12.299727679133673,59.447181221583214,0.008597790367476049,0.007879889932657539,0.0034393798644910237,0.022402544119325428,18.57654358599939,0.003825836650529499,0.020128937117959923,-0.00010508578289423565,0.02048956267461768,147.36969135680738,deltaRIC0,FGO-G
104,24.057929396559384,21.884503367459565,9.99262123816803,43.2524128720523,0.008215620405075473,0.007573182566228015,0.003184858624628812,0.0170817357440023,9.60542550000082,-0.0030873180711501083,0.0014487855761795014,-0.017330945691430264,0.01766330068468238,-21.338910294056404,deltaRIC0,FGO-G
105,59.35899419647376,47.97572188738105,34.95454621936426,115.93975695933808,0.009365868970834686,0.008544736712892,0.003834967546955202,0.018033929405348963,13.049158232000082,0.0022654438596011748,0.028729119099796377,0.014630922322698702,0.03231962883673222,-201.69748886121124,deltaRIC0,FGO-G
106,27.83886891494482,23.978807698762644,14.142821635347108,72.13599165685352,0.009190475561626514,0.008256063111431521,0.004037606091350896,0.02049243428717037,26.322086657,-0.00118253544420256,0.016540678710412374,0.008698158922802705,0.018725661828736972,-1982.3681561356243,deltaRIC0,FGO-G
107,24.838342143845278,21.755124471878233,11.98573317189255,51.79637463886398,0.009114055796187874,0.00817707547338024,0.0040251024531891225,0.02574425009475999,9.280295855999611,0.006731558891577095,-0.03144110738261873,-0.0019993933228573788,0.03221575223730806,636.7356111102617,deltaRIC0,FGO-G
108,29.13575794581665,24.61621848764059,15.586345897802975,84.4498719763687,0.00906054855861321,0.0081821619982037,0.003891756058405914,0.022587273547843588,24.584783995999715,-0.00524219564824597,-0.021331461335273156,0.0020346068725551015,0.02206017867195529,572.9732589219548,deltaRIC0,FGO-G
109,24.81311500142119,22.092189586605443,11.297160499135853,48.57393935975173,0.009095768322906022,0.008283780573464758,0.0037565916459828953,0.01790328412298513,28.114662765000503,0.00796123467712597,0.005210470710636377,-0.011883370279087358,0.015223164973177205,-260.5547296978657,deltaRIC0,FGO-G
110,26.14843212169365,24.72525921466796,8.50893995690986,48.10458426581634,0.009002801970828658,0.008460283169342718,0.00307799480514388,0.015886001877484665,11.694130009999753,-0.0018876875846928055,0.0015856275263227957,-0.01752827616021001,0.017700792191826402,-257.71797597140903,deltaRIC0,FGO-G
111,29.906636629419832,26.579973698010985,13.708096611025185,59.536530826141316,0.009623589952128482,0.008720625118768546,0.004069911682654968,0.028019182217147155,16.53358895099973,-0.011730750148342664,0.03464082287545234,-0.00419738055251769,0.0368132464207377,569.185293615441,deltaRIC0,FGO-G
112,26.744095320926316,24.200535487152976,11.38335261115293,48.73609888851976,0.008852420254908603,0.007893305617836051,0.004007626578531727,0.0196644419485427,26.34929491499952,0.010300149938597836,0.023778576038952403,-0.009128268887696061,0.02747433457035708,-563.6844348835857,deltaRIC0,FGO-G
113,28.123814500921,23.286710754622057,15.769528981957057,72.5528781247151,0.009199489005473033,0.007801809830279707,0.0048746652535297365,0.03306444671327227,9.41802869500043,-0.015865712637496133,-0.016018398943124273,0.001266500451802888,0.022581274667102084,-462.68173226694853,deltaRIC0,FGO-G
114,21.184072029579468,18.258510096599537,10.74205365871833,50.54791334594169,0.007855097913118007,0.007232062998416122,0.0030659138950093305,0.01670287216591799,10.394592448000367,0.004588681717238133,0.00018294667713198058,-0.0037564212643605927,0.005932973125181806,673.8399884423143,deltaRIC0,FGO-G
115,26.796333152035167,23.21422170866881,13.384445481813158,94.00472224721953,0.009590215834268268,0.008184467629445105,0.004998672760885137,0.03186792645469041,11.366428744000586,0.0012730294599123163,0.013674810442427089,0.0013901282378846454,0.013804111748311873,12.039318462653682,deltaRIC0,FGO-G
116,28.07242303138102,24.60302157396884,13.51858958189187,93.96452186954383,0.008549464351575851,0.007682127329808402,0.0037521007965507975,0.03723046738032107,13.510778488000142,-0.0041071796086236565,-0.02204327085134812,-0.017079376689621367,0.02818651844888562,-330.4129981784499,deltaRIC0,FGO-G
117,33.43464134101083,26.023440028600703,20.99180341656841,126.44432874169678,0.008758250064367402,0.007925079895303333,0.003728277463259746,0.020413830105703187,15.001550740999846,0.016955257512538183,-0.016930302689084326,-0.009697236663708404,0.025848642234602363,-31.541699083336425,deltaRIC0,FGO-G
118,28.87210302918467,23.17917707281427,17.214066444480107,79.2953503622446,0.008733477130894243,0.007426588572637743,0.004595585378231942,0.024440777951278084,11.065422550999756,-0.0009053325792696574,-0.013111841150606514,0.00584630643248978,0.014384689928545446,359.5617575565775,deltaRIC0,FGO-G
119,30.839221334236548,24.694022527592715,18.47330029823512,131.43716081884733,0.009937445640555652,0.008533648524887315,0.005092118293273149,0.025248888425189058,9.768203161999736,-0.021724528198066154,0.010345763346030306,-0.009016142753893858,0.02569592914839291,-288.110768514116,deltaRIC0,FGO-G
120,24.498416171851986,21.70229058833748,11.365869001031871,48.590229677632976,0.00806450496266231,0.007522703901934361,0.0029060568295590093,0.016005927666970503,9.26927848699961,0.0036123120502592095,0.005062041224115845,-0.0022573138340953743,0.006615778521738351,-405.1573241226215,deltaRIC0,FGO-G
121,22.33376232760854,20.266823819793817,9.38364491887583,48.172073011275835,0.008014650835239766,0.0074789085237494555,0.0028810684310160407,0.014528116878359441,9.453670320999663,0.009191193584270934,-0.020768140227814775,-0.00017731695946143614,0.02271178393103092,-312.6420646124243,deltaRIC0,FGO-G
122,23.235671889061145,21.06832395073047,9.799090470200957,47.03305904102706,0.008396357426498361,0.00754149102586758,0.003691169345921826,0.022344605818504143,11.607356419000098,0.0011943309103478166,0.021957048761314348,0.0003402530600444262,0.021992139249627757,155.76302941704307,deltaRIC0,FGO-G
123,29.02798773989421,26.632246845955947,11.5476188092402,75.98310953898613,0.010098287202362591,0.009029502716153905,0.004521447237375364,0.024887677027996564,33.60247915199943,-0.013617332697409822,0.016349619668074904,-0.021307309178503823,0.030112177561760652,-431.4412344992397,deltaRIC0,FGO-G
124,31.164589231511496,27.992962014311406,13.697653070294965,69.70984286772314,0.009158662902136617,0.008135628845025538,0.004206263121936376,0.018197317142522085,14.802652034000857,0.005938803613044467,-0.0036605267177394116,0.00748345994931478,0.010230885446460265,834.028484799639,deltaRIC0,FGO-G
125,23.76648977755298,21.865110701244078,9.314664264957266,41.976417688660824,0.008275003674570262,0.007698567660319045,0.003034426106142818,0.016609362065371194,10.453412036999907,0.015137665392661395,-0.0011569677400335163,-0.008913612399564168,0.01760511215247778,-171.861882465113,deltaRIC0,FGO-G
126,23.351781703583622,20.14777762501913,11.805624316595946,61.57141289838535,0.007070005822747563,0.006554495742447101,0.0026502014821381532,0.016026467567019382,10.596411214,0.017771925524521226,-0.008298829439258885,-0.006490236822007169,0.020659987437478676,215.06856309866998,deltaRIC0,FGO-G
127,30.658516883547566,26.270670150577704,15.804953253278443,82.55765018143389,0.011077257701178988,0.010179893065855858,0.004367541109831602,0.022213092003400485,11.125983429000371,-0.01136216854381031,-0.02286573337889311,-0.01095946642411525,0.027785797474139347,271.4797653203859,deltaRIC0,FGO-G
128,24.28997754077926,22.03456019756011,10.22160289933339,52.87369607603887,0.008760901714249031,0.007586665398421058,0.004381313385177127,0.02479641362334465,9.898787666000317,0.013044946283006998,-0.028103618681423043,0.0026436964412856444,0.03109619168629874,-747.6346742525184,deltaRIC0,FGO-G
129,25.279355616664684,22.79109264383526,10.936723297858205,60.82837162338396,0.009259510257937422,0.008372201581041832,0.003955347128034272,0.02275778887528046,8.623192871000356,-0.014109289173913069,-0.016379534862379856,0.031517770048888304,0.03821951114490632,6.579939025505155,deltaRIC0,FGO-G
130,27.163031773969816,23.487534092470643,13.644267565857952,60.45326904171252,0.008659385410994858,0.00796236799553164,0.0034037702037423233,0.016501633337545254,13.675319244000093,-0.008316346556698587,-0.0019317490706319527,-0.005297755298349789,0.010047859758386018,-242.33554900760464,deltaRIC0,FGO-G
131,30.06768400678632,25.76205433141114,15.504263225234997,96.1708582582717,0.010676728262633217,0.00924596358151066,0.005338977790128882,0.031210559912785433,30.286919567999576,-0.0011572169710473632,-0.04639388947782966,0.005857261760624189,0.04677648605155825,523.592823258421,deltaRIC0,FGO-G
132,23.19944068237002,19.698793593157596,12.254451393227624,58.32905588325436,0.008127107306558162,0.007366701913477343,0.003432430056138113,0.018304847568634233,13.334546073999263,-0.011661805051290827,-0.010147477158320192,0.017302547999250392,0.02320230930315571,193.1605539252887,deltaRIC0,FGO-G
133,30.574522646622032,24.659046912222113,18.075752832168085,87.08655665813518,0.010710798351573738,0.009261299866045139,0.005380476384045095,0.026983523693818633,21.613688254999943,0.020754860729192637,0.010381074406595926,0.021076883508758373,0.03134909836287536,-227.9771802599662,deltaRIC0,FGO-G
134,27.242455561721652,24.22139458795979,12.468978676969948,54.53215014957633,0.010373197454169201,0.009469408234732905,0.004234800244067602,0.025262176242459376,16.74154659799933,0.016223297169379185,0.015177128881084231,0.01552530830642648,0.027103059054811928,989.0265517172138,deltaRIC0,FGO-G
135,27.547468039264274,22.602324526171756,15.747949751885207,73.72224488178064,0.00891629644657376,0.007504486036905857,0.004814876077851731,0.031367045777407586,9.769072934000178,-0.01550726641963855,-0.00866715198734678,-0.015710833505500257,0.023715503891314816,128.18038188739956,deltaRIC0,FGO-G
136,23.156662506879126,20.494233982919507,10.780417056443072,46.57288401093575,0.008238071282568793,0.007553668775936163,0.003287538057594424,0.024719184644340215,25.0411707989997,-0.023528523968671486,-0.023063102150024627,0.01240789083635995,0.03520587842866365,-109.9393354776148,deltaRIC0,FGO-G
137,32.76158250841408,27.943664991300096,17.101838360527584,94.1034485435279,0.009856201262799073,0.008733344985793342,0.004568740383510569,0.026186444946323273,9.755025026000112,0.011019801350794793,-0.0057507500755522335,0.0046651889144751855,0.013276714045658472,78.42013550440788,deltaRIC0,FGO-G
138,30.286775476968696,27.618732451027043,12.429577088175545,58.08300508884472,0.011185939860320057,0.010237600261239163,0.00450741516279263,0.023148816992145806,12.683580580000125,-0.019279865952020307,-0.0058505986416497995,-0.0005219671389189039,0.020154780705521395,1153.6322092709415,deltaRIC0,FGO-G
139,21.561963465459634,19.0078290377279,10.179425512194895,44.48846684285107,0.007458965496556805,0.006722284889154144,0.0032321899925398523,0.014448430154563707,9.909510247000071,-0.0017164548712764486,0.0006092741380755471,-0.004703331985497584,0.005043685563777841,-99.5892611567815,deltaRIC0,FGO-G
140,29.08912705261812,24.79640095828117,15.2090700636006,76.07997857041494,0.009633047378226544,0.008642471552933195,0.004254795793912772,0.022808976440946337,8.110589726999933,-0.011256273930577624,0.0016597809179613957,0.026850888006023876,0.029162111758373518,36.90120497678981,deltaRIC0,FGO-G
141,22.875681621217716,19.399460040596765,12.12261357004368,52.41351194994457,0.007568545585846235,0.006975545908612982,0.0029367740059230325,0.015982527670992643,19.234057626999856,-0.008048371546460476,-0.007829177214654913,0.005874000249014247,0.012671865661131581,596.1835092784895,deltaRIC0,FGO-G
142,26.95239208720535,24.319098063940444,11.619505522133796,60.563881780775446,0.00895966621612577,0.008019225499548735,0.00399595308928581,0.028540652179279,39.565723542999876,0.006958633855363588,-0.014363356792392501,-0.010047444934130928,0.018859473831021198,823.0585172685896,deltaRIC0,FGO-G
143,18.905060390020182,16.9506919273212,8.371102169688179,41.964798676423676,0.007697926638254028,0.006973192090403756,0.0032607769930296433,0.016371273743679166,35.43949402199996,0.014667207235723682,0.0011854235980662048,-0.02132890866074658,0.025912439905593374,466.5069880776755,deltaRIC0,FGO-G
144,26.289937660024044,23.32436481393596,12.129914599632455,51.052251603742434,0.007773614592710657,0.006803232777031113,0.00376099822088945,0.023962651879088363,23.406600588999936,0.01881333254007316,0.02102662562657248,-0.007520549500294327,0.02919964265688516,-631.5656000063263,deltaRIC0,FGO-G
145,21.72985650959884,19.36866892501907,9.850955689716397,40.02649085581463,0.00795740147445585,0.0072383710456431355,0.003305483751475303,0.020412517080214618,13.956930590999946,-0.02426529905932864,-0.020741776196950463,-0.01887434674242967,0.037084592261429836,-81.7559211388907,deltaRIC0,FGO-G
146,24.36721110882222,21.075389111333156,12.23065619776016,60.75841355051174,0.007437501210962745,0.006661355774104181,0.0033079848116158543,0.018688625514352835,18.704821687999356,-0.006320626557007038,0.0024978110316898013,0.011176772101166087,0.013080887379095445,-684.9812452835486,deltaRIC0,FGO-G
147,29.656811211616198,25.714275216463943,14.775063496763483,63.57351230874553,0.009428168029628712,0.008286018868956838,0.004498026644897094,0.02622016466775221,27.798292389999915,0.004809257584600502,-0.018451203140520227,-0.011121713238016775,0.022074155956603607,600.5669900966423,deltaRIC0,FGO-G
148,29.06113970229546,25.10453293546008,14.639408010187212,67.14500232910251,0.009543729568335277,0.008511446463920451,0.004317181159661143,0.025139152900325718,17.576739256999645,-0.008714653413664218,0.006993574294792965,-0.016426140540600678,0.019866387658470864,199.35522459734966,deltaRIC0,FGO-G
149,25.619092082879916,22.69502040352205,11.885870941365557,53.807745515088605,0.009087638367827293,0.008193113527011487,0.00393167417748573,0.021661516990473743,10.4391992259998,-0.010825139553101827,0.0001222703713319604,-0.013710063718764447,0.017468956567592023,45.17188568878555,deltaRIC0,FGO-G
150,35.39515676989034,31.631200165338058,15.883459914811764,70.64599975110683,0.007921404079727738,0.00703849128991838,0.003634320150464233,0.01928803856655536,10.10802712900022,0.0022843640834031053,-0.025504512095505222,0.0021041372767065716,0.025692914396279385,-34.4562952246506,deltaRIC0,FGO-G
151,24.652737435925854,21.39835039836426,12.24206123630837,44.89159339282429,0.009172984876185168,0.008230259523534829,0.004050491292915722,0.02591823167885578,12.052031655000064,0.008149986831013752,-0.0270500190356067,-0.011612829219918496,0.030544780530613987,-5.759302872398621,deltaRIC0,FGO-G
152,19.80820604750178,16.943022735545778,10.261530461050384,53.16953753052705,0.008240466081066782,0.007337752848046031,0.0037500219164965523,0.02066731443625161,13.157605171999421,0.012794985380859056,-0.03459903595046945,-0.008390641308777553,0.03783130715651838,-112.79453816262685,deltaRIC0,FGO-G
153,25.89360566892297,23.341883315114128,11.208715262744272,50.393495919170384,0.008134287147702021,0.007505985938076114,0.003134773117575486,0.02303847562363571,20.79736338300063,0.017928308405540237,-0.011542679704779612,-0.012632785826213286,0.02478396608257587,29.128931055663998,deltaRIC0,FGO-G
154,37.25864507095867,31.490054533782423,19.91439424092739,87.0568756490717,0.009647791445525876,0.008795858971784832,0.003963930464177511,0.0174766112888634,26.792843265000556,0.007942904541493994,0.0033383159385145557,0.016455473427813724,0.018574624938181385,1178.7811093702749,deltaRIC0,FGO-G
155,22.14836534623211,19.85086835375099,9.823090812581498,42.1368262206218,0.007510061646517015,0.006976829276753798,0.0027793666864084185,0.014202116985415026,21.95182508400012,0.01959064217050521,-8.374964516516526e-05,0.011542635182736205,0.02273835309818154,-838.3447723134122,deltaRIC0,FGO-G
156,23.833766029584627,21.45708857808292,10.375054356738843,53.778652921687126,0.007216728599876648,0.00668657560434829,0.0027149361634505992,0.01862530900148114,27.17010662099983,-0.005990814864198447,0.01761508520319907,0.00971282665135666,0.020988570485203802,314.22585492550024,deltaRIC0,FGO-G
157,22.32016527670995,18.161237086956127,12.975332190391809,56.17345782163459,0.007948955012677504,0.006982262497656758,0.0037991967845041703,0.026715211800558435,26.049334326999997,-0.018607791447174768,-0.013007706063647805,-0.02577538006753624,0.034348515793346225,372.0220438274737,deltaRIC0,FGO-G
158,24.00181922446064,20.633117468901293,12.26220981708471,53.448549663146636,0.008401388089379376,0.007567296422100284,0.00364956801394821,0.020167117090497472,10.918825361999552,-0.0009321067092823158,-0.03382640084621488,0.006772996560384995,0.034510399875012795,-151.99800865567522,deltaRIC0,FGO-G
159,21.701924715289373,19.905607797136554,8.6452480921408,37.16354156029211,0.007230343994805459,0.006816773549063595,0.002410284768239277,0.01620646286325766,30.118402289000187,-0.017556079887011404,-0.00919064750731827,0.017427468564696156,0.026389403236457897,-525.558660625833,deltaRIC0,FGO-G
160,26.516368424687162,23.68838933363163,11.915452371271254,61.404785807903444,0.008408386302505488,0.007638819370273514,0.0035141711455898205,0.016115119988619666,15.757364879000306,-0.011455593155003498,-1.9003904709084037e-05,0.005419944963599865,0.012673072993153978,19.951645832930808,deltaRIC0,FGO-G
161,27.339466354997224,23.86524637459261,13.337782276526319,58.95832011293628,0.006925990338274961,0.0062044276541935095,0.0030780545235191874,0.016797035138985558,10.564943231000143,0.005217886123055729,-0.003045903567211354,-0.005521318150278158,0.008184669709311393,-627.0254594876005,deltaRIC0,FGO-G
162,29.773860585129135,26.139847708695484,14.254512826081207,67.12977143846815,0.008776270450156722,0.0075221011090270936,0.004521163337003809,0.023865779763127183,11.070518129000448,0.01140531615161553,0.015540639493427032,-0.012884262582517583,0.023186136691528168,-94.77334426661764,deltaRIC0,FGO-G
163,26.021050507289623,23.780539302868203,10.56319175096515,53.08543797812884,0.009164508818278369,0.008491769721760835,0.0034464574381367166,0.018935987068246406,31.714367411999774,-0.022017191468612318,0.007184896683834548,-0.011945095559424777,0.02605887120438453,-290.61414457124374,deltaRIC0,FGO-G
164,25.351768724238163,22.468104776865875,11.742931711588776,64.932716690583,0.007508295906034013,0.006867200862468011,0.0030357963909138806,0.017709634816891782,11.99517018899951,-0.007743214577680843,0.014022614025848777,-0.0005174749876765881,0.016026816791765323,673.8887600311155,deltaRIC0,FGO-G
165,25.49437135310203,21.985658839293155,12.907121138816352,83.12578832592969,0.008260822498126609,0.0073505383860264575,0.003769717997557151,0.018572862031724334,10.860059888999785,0.006362373723617858,0.008831499910384531,-0.008249642469263569,0.013657664183043235,-117.19113893360372,deltaRIC0,FGO-G
166,20.578641414351925,17.731186226494,10.444401249562832,53.60868682027523,0.007634373843557983,0.006689328327478525,0.003679205146549408,0.0276726497057097,17.112521826000375,0.0065638075556029,0.015420203950234917,0.022743954600804757,0.028251614650800016,-1140.868023344452,deltaRIC0,FGO-G
167,26.567152060753322,22.711356580036004,13.784333531717998,58.551497063435995,0.008588446292617579,0.007650431311377718,0.0039028592686731704,0.019136035829181646,21.484942758000216,0.01052794289509734,-0.0072267061138596225,-0.0019290437171206448,0.012914490796043383,-23.468845540483017,deltaRIC0,FGO-G
168,28.06778697536223,25.04658001265131,12.667655480165594,73.13143553560994,0.010352996754175538,0.009286185041046186,0.004577260007408283,0.03326732045762317,9.435904283000127,-0.0015164779487286755,0.0325881187225776,-0.015993502740951633,0.036332868276130095,-463.56963061351235,deltaRIC0,FGO-G
169,22.31916126368547,19.29201943434339,11.22332150743776,79.05466534964302,0.008379920810101743,0.007096786613972198,0.0044563092957425315,0.023483992151358893,28.589609431999634,-0.018894671886043893,-0.023771396699004497,0.014020407670617793,0.033446371371989185,458.41984682513794,deltaRIC0,FGO-G
170,26.04936001633406,22.249609105676708,13.547104927074704,69.28726609593882,0.00871231786138163,0.0074881809821303325,0.004453271617205825,0.022115415504377244,10.534104153000044,-0.00040002862453229044,0.001294662194441661,-0.012523068326511325,0.012596166615626868,64.2897217331265,deltaRIC0,FGO-G
171,20.099427371575295,18.45028585336464,7.973326319320114,34.33677504823774,0.007248663873726983,0.006739833080620273,0.0026679164154169667,0.016809336043020307,12.739653061999888,0.0019209103435823707,-0.005186308920923134,-0.007468601065885092,0.009293422332632287,15.533948597965718,deltaRIC0,FGO-G
172,18.643947628977976,16.227583938424853,9.179450022384197,66.39712230650328,0.007849688401111492,0.007047262714699797,0.0034574117811661284,0.020664048688099585,11.214466012999765,-0.014397092967267783,-0.02491957396900771,-0.0011892160472348964,0.02880409150645094,-583.9946913395033,deltaRIC0,FGO-G
173,32.81567104067391,26.645169396005937,19.154717792436234,76.53261487294805,0.010230621299096188,0.00919020991944051,0.004495069944076268,0.020734619601987865,19.804249744000117,-0.004745836696266866,0.006840160720775681,0.007768869692704723,0.011387102394195886,151.27719260580488,deltaRIC0,FGO-G
174,22.514446313786063,19.623742163989974,11.036713111139433,73.53098666832699,0.008665314671394905,0.007275463265635369,0.004706943023309515,0.032921562862429414,11.231474560000606,-0.004440713376562807,0.010634328647246151,-0.003752428424193396,0.012119801984732198,194.72778450547776,deltaRIC0,FGO-G
175,28.032737385931284,23.844416235422514,14.740358874210239,77.11115768175864,0.009609474626812782,0.008406757415516173,0.004654936343283602,0.019896845562030925,12.727628868000465,0.004409041221791462,-0.021732100500693456,-0.020804675511215186,0.03040655126440113,862.0593559947029,deltaRIC0,FGO-G
176,23.517165745388848,20.715985561170026,11.131263491872136,44.63577572592824,0.008826994000037645,0.008002525633053913,0.0037249706802893975,0.019681040065123792,16.897319059000438,0.015001440079505162,0.008707398716768512,-0.01651767399866929,0.023951942534961156,-137.31292997957826,deltaRIC0,FGO-G
177,25.693532051596854,22.63197622779878,12.163520925734698,60.518449257814474,0.008296387219173177,0.007752476597414764,0.0029545130727408257,0.014969487104631243,9.788957435999691,-0.005828640351572389,-0.0019258640339487358,0.000696193307133107,0.006177919208449729,-43.90999942285998,deltaRIC0,FGO-G
178,26.500002832871747,21.336978024983004,15.715709303229142,99.0707568723624,0.010009142283330908,0.00843965356052481,0.005381001489154555,0.025189410869904647,18.92975416599984,-0.012170075631321093,-0.024022706510205404,0.008179980294677997,0.02814450650782246,251.2427969502296,deltaRIC0,FGO-G
179,24.605302890153702,20.173197452199606,14.087690899177673,66.04798837538402,0.009257112520017999,0.008164711423734605,0.004362524449835399,0.024904205499311542,10.589868028000637,-0.009635121357841706,0.0027548157908543923,0.0003370272082915365,0.010026871942984357,439.1761365491784,deltaRIC0,FGO-G
180,21.728050922439742,19.7033395025285,9.158963333054375,64.11419345304886,0.007642245256569013,0.006938229947892683,0.0032038847906434853,0.01708176163412425,10.416798776000178,0.003935360734391824,-0.0068952301048448355,-0.009913802604576496,0.012700974151263327,-458.8123332791183,deltaRIC0,FGO-G
181,29.22414378490598,23.216937075146934,17.74892708896869,117.37130429418913,0.00861580094215655,0.007826500812394277,0.0036024867672841505,0.02014726460891896,11.128793152999606,-0.007424044202967859,-0.007775381171881542,0.021510278970725653,0.024047142992341373,268.8946464968176,deltaRIC0,FGO-G
182,33.855472996301835,26.881196345024797,20.58140750443342,94.0781909300017,0.010245689908171369,0.008825303769751786,0.0052046301565057945,0.025334716936373285,10.760491979000108,-0.00956728834499495,0.027950772708061282,0.007666728313292552,0.030521425659425238,-34.01821437096805,deltaRIC0,FGO-G
183,32.00318538505466,26.918832468143023,17.308389103039747,73.46210544045242,0.008906594008454175,0.008106717067153563,0.0036889775310447377,0.01966235289705851,10.592935534999924,0.008532675712148153,-0.015034166907493294,0.006917804722722867,0.018619579790982832,150.0884069849526,deltaRIC0,FGO-G
184,28.175589002839335,24.047160707920245,14.683251599845908,69.91846086930566,0.007189963521508399,0.006623096277368133,0.0027982442962210864,0.016071957280557433,13.383857535000061,-0.015076049321012275,-0.0036662544169760477,0.006974763510376362,0.017011055540596787,-142.09729887685899,deltaRIC0,FGO-G
185,20.707992677134936,18.588970129531408,9.125302747835999,43.90487039529952,0.008248890969704332,0.007566675635380828,0.0032847560120964603,0.01690601853019476,19.405795589000263,0.008689874846659227,0.006920602133502544,0.014862862081565398,0.01855568182515736,549.2207306770179,deltaRIC0,FGO-G
186,25.159627389714114,22.033375698069865,12.14648944086138,85.44433080151285,0.008365922415553692,0.007480315551650202,0.003746136291007559,0.01918929764271316,12.094589360999635,0.004407870945920302,-0.005942905830220481,0.012015392002475943,0.014110885902590232,-383.4587175514953,deltaRIC0,FGO-G
187,24.144430401698667,21.919838098705878,10.122954961323947,46.95172359294034,0.007852629795049923,0.0073042998282667,0.0028828802814006775,0.01607313821790804,11.89317476999986,0.015063920837415227,-0.015717629046434863,-0.016644969673790862,0.027404754866239233,246.96352100282093,deltaRIC0,FGO-G
188,25.487861010863703,22.631484079729663,11.723778710725004,81.29399115786882,0.00974546452001113,0.008451163027140393,0.00485303226854005,0.024923371351799773,9.926662578000105,0.007198048554328313,-0.03932671399231823,0.019426918583781736,0.044450056266386775,71.56605636151289,deltaRIC0,FGO-G
189,20.414316655110774,17.544622699712043,10.43697939156162,60.07663680904918,0.008291614776104917,0.00741537376633652,0.0037098662375953024,0.01910265789326663,9.63402611499987,0.0012200739418326222,0.011048669253684997,-0.020245560049108123,0.023096414752140776,-33.65701784602243,deltaRIC0,FGO-G
190,25.74787927554275,22.07696006504708,13.249947980057893,81.91221471234122,0.010557129436222596,0.0093067489540598,0.004983714060744703,0.02337766527888559,16.316257128999496,0.004226461026108329,-0.0070102582747368514,-0.0028419467720563274,0.008665065224159052,203.63077928311395,deltaRIC0,FGO-G
191,21.27266594831246,17.84314096347145,11.582255268564051,47.56084231907578,0.008256398606375313,0.00749302536791451,0.003467374912400712,0.018231497473137948,12.52254686499964,0.018907870972558836,0.01977320798534404,0.004660906919379433,0.027752682610114026,-162.8339600136951,deltaRIC0,FGO-G
192,32.871539585272544,27.131409498599957,18.558683501946476,91.4871294407685,0.00889476745126503,0.007781360224400131,0.004308981442314107,0.021897800490500108,9.426188679999541,0.011596329653948486,0.01683547574842927,0.010735901051204038,0.023090423913394033,450.4569587571259,deltaRIC0,FGO-G
193,28.204690851163267,23.438115945684068,15.6894648387497,68.72529681382893,0.008409415426048011,0.007529005780790719,0.003745976476257453,0.01909098682675841,8.288019968999834,-0.011437576886894129,-0.003617984508913673,-0.008248189694718763,0.014558180181273308,175.88524300224708,deltaRIC0,FGO-G
194,30.45250888096046,26.777869364280917,14.501758840033203,74.91102388171666,0.010403260151673862,0.009126684538321841,0.004993140406734256,0.028038637020234965,37.71650761900037,-0.007496495952913219,0.016666272635804252,-0.0034807212306859807,0.01860315874868432,-327.4190388600564,deltaRIC0,FGO-G
195,23.737601306035835,20.792884766052197,11.451185915440746,54.92287125528018,0.00918420489057035,0.00867640899367318,0.0030115687683470683,0.016339770770476103,25.979688067000097,0.006024583694107042,-0.0072446542922018145,0.01351868053827863,0.016478329648263866,-468.15925315085406,deltaRIC0,FGO-G
196,21.872292671465996,19.371048737298896,10.1567542809431,53.71359697059271,0.008680501075220916,0.007719127281903128,0.003970664040521473,0.020971577226280465,10.57004367099944,0.00959188275758575,0.005216563960947037,0.006337684245273727,0.012624697857244469,452.7681269189434,deltaRIC0,FGO-G
197,24.131612854080966,20.646870805062004,12.491655810913297,65.43982668310174,0.008727397227670953,0.007894604493434165,0.003720575528303078,0.020579246181591206,22.969991402999767,-0.009691444001418652,0.01802350804058828,0.019624338815819913,0.028352876448076304,90.27159445734833,deltaRIC0,FGO-G
198,28.67128649359549,25.138046515087993,13.788447577704442,59.38786796742701,0.008576716051107675,0.007733876865749358,0.0037077225957122166,0.01817541719209896,16.41135810399919,-0.007516549169309412,-0.009093033810386742,0.008002927731044631,0.014255827845474483,-384.04799151824045,deltaRIC0,FGO-G
199,25.386506243295482,21.416444994525317,13.631235565323928,93.00063187701556,0.009101078119496304,0.007833912716767984,0.004632432890311015,0.021193832491018725,11.407817597000758,-0.003250240668412023,-0.029824909856056868,-0.0013746481261685034,0.030032964718710274,715.9477291886487,deltaRIC0,FGO-G
200,32.36219278762508,27.195277211057554,17.542189699041174,99.66618327002631,0.011544620292292118,0.009841567536968182,0.006035048144671008,0.027694959809198207,11.262301884000408,0.01314344034285552,0.03707508479247739,-0.009039108015461119,0.04036108782144956,-96.50084123643137,deltaRIC0,FGO-G
1,143.9665411230423,72.71397387086473,124.25394547795989,1121.987933955462,0.1152455175581248,0.040719137108896,0.10781224972305781,0.8984174571378457,6.965400285000214,,,,,,deltaRIC1,FGO-B
2,142.44280313609877,68.50242044054158,124.88943333627815,1093.231700435066,0.11520239652115223,0.03929674273286737,0.10829292763058733,0.9056070657029627,5.536369295999975,,,,,,deltaRIC1,FGO-B
3,143.65340610997097,63.80162118650692,128.70763077987925,1136.4956308458002,0.11592498083637427,0.038855941003628075,0.10921912392358911,0.8940789738552145,8.240772989999641,,,,,,deltaRIC1,FGO-B
4,141.121245753358,61.932882223618044,126.80506339438942,1110.8838917757284,0.11614046330150685,0.039785523697932014,0.10911333245744971,0.8958160958336611,5.52753642100015,,,,,,deltaRIC1,FGO-B
5,140.73432544818155,65.37430430284272,124.6288517810944,1137.3843199976568,0.11491062648719466,0.03964363871887929,0.10785561639899215,0.8927245208742365,5.372880862999409,,,,,,deltaRIC1,FGO-B
6,139.70097497205978,59.04581184904815,126.60945664219116,1142.0774503213158,0.11500918344889596,0.037485852958522185,0.10872866735849317,0.9035033141189088,5.746532989000116,,,,,,deltaRIC1,FGO-B
7,138.82752622430448,63.043571109938014,123.68746977469522,1098.114682125278,0.11486634652102733,0.03885447043303483,0.10809536387124634,0.8972984930886336,5.458838591000131,,,,,,deltaRIC1,FGO-B
8,139.26883641694172,58.9548194782303,126.17502945202013,1118.9895030606547,0.11486887597649141,0.037625681606501385,0.108531869751464,0.9032096884108543,6.072209216999909,,,,,,deltaRIC1,FGO-B
9,140.977007263794,63.14267217789535,126.04570412073024,1128.500889940376,0.11567278803528203,0.039252930219738684,0.10880901323428867,0.903535870608113,5.772788120999394,,,,,,deltaRIC1,FGO-B
10,137.3996573250183,58.78718389351106,124.18829591754195,1123.6858474477924,0.11408535329332319,0.036839048916714634,0.1079738501257331,0.9002104230138043,6.375481939000565,,,,,,deltaRIC1,FGO-B
11,143.5203497779526,70.16392981489828,125.20029454164987,1116.3615788205007,0.11604287723756238,0.04100640316550328,0.1085560880697171,0.8990614818477484,6.674619157000052,,,,,,deltaRIC1,FGO-B
12,137.0218747192632,61.66585649003293,122.36141669224052,1076.9652549685695,0.11526407746876347,0.04018077668556956,0.1080338499715228,0.8993883131147284,5.463249467999958,,,,,,deltaRIC1,FGO-B
13,138.92323073952588,62.66459138158491,123.98714863277783,1111.8020917944705,0.1147443040827756,0.03799403954277729,0.10827145643549065,0.8956268972618491,5.629073791999872,,,,,,deltaRIC1,FGO-B
14,139.38773490071398,58.51571192916271,126.51028455495214,1123.17884382797,0.1157796478274198,0.03906385499455793,0.10899055960956207,0.8963915482650554,5.936067210000147,,,,,,deltaRIC1,FGO-B
15,142.04808238031978,63.14552543330387,127.24111098885489,1116.0537221709326,0.11550764338089294,0.03840993924963888,0.1089343483307565,0.9058238656752797,5.6230935409994345,,,,,,deltaRIC1,FGO-B
16,141.58023910876872,63.35895830666684,126.61203145195235,1137.3709729633063,0.11567100388652524,0.03839251238723141,0.10911368444293695,0.897145143643514,5.621545310999863,,,,,,deltaRIC1,FGO-B
17,143.09354357015786,71.15819634083226,124.14617716621093,1105.0870409274808,0.11507432735352581,0.03830385780089811,0.10851228176310274,0.9045595155042716,7.143792955999743,,,,,,deltaRIC1,FGO-B
18,140.47461291335583,61.15377735097651,126.46474761317617,1108.7526020920145,0.11582739196622259,0.03916409566018563,0.10900531336048164,0.9038872598572834,7.770144092999544,,,,,,deltaRIC1,FGO-B
19,146.06630029528188,60.326270590391665,133.02670844084773,1158.7605282542563,0.11644964889145454,0.03844468924920784,0.1099205467393375,0.8895569189239122,5.7957327710000754,,,,,,deltaRIC1,FGO-B
20,140.9232743587829,63.16439249209333,125.97471483240429,1123.715051968843,0.11512399504727547,0.038235124828445,0.10858917747638729,0.8923652457970738,6.241771015999802,,,,,,deltaRIC1,FGO-B
21,142.36794698894468,67.25555116960935,125.48036964688546,1112.776740111128,0.11555574176819314,0.039972892593334614,0.10842184887428859,0.8939348737308551,5.4740295120000155,,,,,,deltaRIC1,FGO-B
22,141.1752353785663,67.15827013585803,124.17815362032371,1076.5294882052663,0.1158049475807803,0.039814088061731916,0.10874568624088005,0.895384630284282,5.777044028000091,,,,,,deltaRIC1,FGO-B
23,146.39478827400225,66.04853360011792,130.64847968141092,1148.751938275552,0.11669526666298682,0.03939928968165269,0.1098429844556621,0.8984285023265978,5.628087933000643,,,,,,deltaRIC1,FGO-B
24,138.04356301967357,61.11300507221701,123.77893965537821,1097.930074368429,0.11487617568534883,0.03929131752461044,0.10794780269774543,0.8935575145071994,7.938727580999512,,,,,,deltaRIC1,FGO-B
25,136.33739289857888,62.824847362666986,120.99968287660536,1090.266931241536,0.1148895301990012,0.03913463491142061,0.10801890806565781,0.8919360145333697,5.471240052999747,,,,,,deltaRIC1,FGO-B
26,137.0957093062472,59.34071372073452,123.5876741641207,1105.8842885310523,0.11475880603591021,0.038945080851181646,0.10794843324607627,0.8986924584247468,5.480863752000005,,,,,,deltaRIC1,FGO-B
27,140.4177886054991,61.18543326360802,126.38630508565083,1115.9828549897425,0.11508672191658695,0.0383767600314858,0.10849966751558075,0.8888380795605723,7.159024550999675,,,,,,deltaRIC1,FGO-B
28,139.94512228498,62.36861401214187,125.27886189442519,1108.429271624783,0.11488886490897901,0.037862993770801094,0.10847047977577082,0.9010688386934941,5.466781836000337,,,,,,deltaRIC1,FGO-B
29,145.96248434709838,63.45930621129234,131.4456666914447,1148.717563668253,0.11701266213551849,0.04113817816600979,0.10954274689463761,0.8918799260787315,5.627417263999632,,,,,,deltaRIC1,FGO-B
30,143.19429163413665,63.75600989947121,128.2176912843961,1135.441305653661,0.11594498691360687,0.03862727573442079,0.10932142315087877,0.8995943919210831,7.002786851000565,,,,,,deltaRIC1,FGO-B
31,141.3487242752985,60.66979805474953,127.6661171111986,1119.858719785196,0.11578440755133189,0.03859684508776389,0.10916186413433988,0.9072715809781816,7.319388050999805,,,,,,deltaRIC1,FGO-B
32,141.6733479482409,64.48633962919409,126.14614350066972,1113.958510476159,0.1159531577487743,0.040357021541647733,0.10870347558472596,0.8986344903502789,7.309055677999822,,,,,,deltaRIC1,FGO-B
33,142.83169773494066,66.09053057706505,126.6212290490322,1114.9611762477807,0.11599276088247401,0.0398258300473704,0.10894137798915876,0.8962090045177018,7.313033379000444,,,,,,deltaRIC1,FGO-B
34,145.90265954675027,63.31713355601147,131.44780964727076,1142.6252205971534,0.11640825715365243,0.03845544631494759,0.10987293107162042,0.8986246627843686,5.775489417999779,,,,,,deltaRIC1,FGO-B
35,142.75775035973024,65.66044650031826,126.76151250734547,1125.7093992574175,0.11526060887282621,0.0386158306941443,0.10859938111027985,0.8951686748101233,5.636965231000431,,,,,,deltaRIC1,FGO-B
36,140.95810315519117,64.64126125795542,125.26250112499856,1116.564895286159,0.11530594560528197,0.040083153717415256,0.10811476254422568,0.8933596157533217,5.490272795000237,,,,,,deltaRIC1,FGO-B
37,140.54810178117594,60.37535274236788,126.91960327516964,1128.0749796483608,0.11546118730791845,0.03999662486758956,0.10831230665882592,0.9065848462775462,5.650211643000148,,,,,,deltaRIC1,FGO-B
38,143.36770658798005,64.34577930898693,128.11682160206865,1137.983873795804,0.11569428790330603,0.03897919870738834,0.10893020848957832,0.9005352260152908,5.642226826000297,,,,,,deltaRIC1,FGO-B
39,138.51610986466062,58.54652555588805,125.53492357655891,1107.9713732476773,0.1155394132762612,0.03944317236731693,0.10859830649611812,0.9005759471529258,5.795274656999936,,,,,,deltaRIC1,FGO-B
40,139.64026022735146,70.14473653359391,120.74401936740027,1097.1566514750198,0.1155120855678633,0.04152847001743688,0.10778881245402147,0.9003540445900058,5.6261903470003745,,,,,,deltaRIC1,FGO-B
41,138.37703484349498,63.354909721987816,123.02178338081673,1097.409674913891,0.11547522528083395,0.0407240268423765,0.10805591742889767,0.8932312791414297,5.463928498000314,,,,,,deltaRIC1,FGO-B
42,144.33803001784665,60.49038375075305,131.05106021364125,1156.3605099827842,0.115978324198268,0.0383335354181392,0.10946009202528942,0.8933253623271405,7.154702648999773,,,,,,deltaRIC1,FGO-B
43,141.06367562705958,63.37309768810936,126.02702516059652,1118.312214675095,0.11531089925531118,0.0387482678772962,0.10860559480790033,0.8963911324126914,8.570559513999797,,,,,,deltaRIC1,FGO-B
44,144.14884768922772,66.22843907533601,128.03391795839366,1151.4822607773217,0.11601740246076897,0.040312651914186995,0.10878845420994655,0.8900604086722378,5.791229419000047,,,,,,deltaRIC1,FGO-B
45,139.9763455766566,66.0037177954831,123.43778415934813,1079.6450905123752,0.11583332401680428,0.04183456386446694,0.10801494442461103,0.9091233205055504,5.628530752999723,,,,,,deltaRIC1,FGO-B
46,137.97963817160144,60.14771732655766,124.17983995146139,1102.2672697478151,0.11485483333044451,0.03752193618919188,0.10855292277952906,0.8952212560644383,6.543617834000543,,,,,,deltaRIC1,FGO-B
47,141.73210155205695,65.64163909424974,125.61514171222692,1101.064786206195,0.11599970136796206,0.04003748149027052,0.1088711660329429,0.8949321302685759,5.631382968999787,,,,,,deltaRIC1,FGO-B
48,143.87339936750908,64.05917398025298,128.82537511891996,1151.951254369783,0.1157863149227335,0.03921049804114445,0.10894497494952132,0.8981441461461626,5.498140628999863,,,,,,deltaRIC1,FGO-B
49,144.17868548329628,68.28120443775475,126.98492220819296,1110.6859021369041,0.1159360701646058,0.03916853566455185,0.1091191925332438,0.8985428990600137,7.492532141000083,,,,,,deltaRIC1,FGO-B
50,149.30994204173942,70.8711759802246,131.4181692449245,1142.712000283548,0.1165064024333024,0.03963294526798879,0.10955807344662108,0.895003869508362,7.177459575999819,,,,,,deltaRIC1,FGO-B
51,137.46047693304442,61.93350023059747,122.7176607821654,1094.54231097233,0.11496101889670235,0.039654185982061455,0.10790542803709198,0.8927352851115142,5.625630519999504,,,,,,deltaRIC1,FGO-B
52,137.8283840155627,59.057712358789004,124.53453356915888,1108.6420579654982,0.1153069266855763,0.03877748217658018,0.10859094905984508,0.902499286755495,6.685854139000185,,,,,,deltaRIC1,FGO-B
53,139.2787367062877,63.18419822374653,124.12221232850196,1093.4326697503427,0.1148594503049712,0.037972298244000044,0.10840109727502237,0.8991021540128343,6.7234830509996755,,,,,,deltaRIC1,FGO-B
54,142.27233930356957,70.71581922667066,123.45319534953667,1116.5073173554,0.11531397702437414,0.039752634979543705,0.10824528308134745,0.8924906314031258,6.407136112000444,,,,,,deltaRIC1,FGO-B
55,139.5443419662367,61.62926768940456,125.19767066067052,1115.889367862143,0.11500166745724526,0.03878656555817335,0.10826350193000567,0.88839674114942,5.630325335000634,,,,,,deltaRIC1,FGO-B
56,137.83057699712177,62.70722581930705,122.73985410373415,1109.5458286147743,0.11490624654472108,0.038590883254573244,0.10823210810396389,0.8964528416948682,5.617117474000224,,,,,,deltaRIC1,FGO-B
57,140.02388629575194,63.1883841979999,124.95565947891927,1115.1858874370503,0.11518778343262834,0.03886307732371556,0.10843378935116578,0.9095020768902745,6.695879134000279,,,,,,deltaRIC1,FGO-B
58,143.069313762584,64.30532070024492,127.80318568069951,1115.935266898279,0.11576067053875498,0.03874694970396366,0.109083485148856,0.8989424240841747,6.8646778590000395,,,,,,deltaRIC1,FGO-B
59,139.22847069911796,65.26448941198899,122.98420010313326,1108.2937676309994,0.11531176178175873,0.039622495859452676,0.10829062852842222,0.8970157190301632,6.700753418999739,,,,,,deltaRIC1,FGO-B
60,147.24144422701036,69.27623159146565,129.9263123256464,1111.0952512582844,0.11708546351230802,0.04086384309762345,0.10972307001348816,0.9022109017397593,6.234739988999536,,,,,,deltaRIC1,FGO-B
61,136.00301364317113,62.590538935357216,120.7445408944277,1094.5563323134659,0.11396744835015493,0.03777590318882788,0.10752469679898446,0.8971813227516342,9.289030850999552,,,,,,deltaRIC1,FGO-B
62,139.23466144713322,62.214632248793244,124.56175369046962,1116.0534748503267,0.11507399586647651,0.03907121278805577,0.10823800097908459,0.8909632844991954,5.626693606999652,,,,,,deltaRIC1,FGO-B
63,144.23408969246472,69.75925539588752,126.2423024030586,1126.7736263757104,0.1156083835107007,0.03901000238377499,0.10882792863955061,0.8917137935663136,5.468814523999754,,,,,,deltaRIC1,FGO-B
64,145.18926244056314,68.6818660116666,127.91686053523279,1135.7910266339597,0.1161020258272402,0.039582038108023465,0.10914642761173693,0.8923387187337172,5.470005605000551,,,,,,deltaRIC1,FGO-B
65,139.00870146689613,65.69362540435297,122.50619031193973,1092.9671338240855,0.11464533103423988,0.039012128431965706,0.10780355171866213,0.9011521839209263,5.476802397999563,,,,,,deltaRIC1,FGO-B
66,137.58236066839672,62.34970013391996,122.64347051636733,1120.4887688600916,0.11466238448218927,0.03911708041011131,0.10778365569663281,0.8851186293668085,6.843786908000766,,,,,,deltaRIC1,FGO-B
67,141.75374409093132,62.51257329135447,127.22539897477344,1124.999545170819,0.11604737647944566,0.039427683932613054,0.10914417679139901,0.8957366187396945,7.161502662999737,,,,,,deltaRIC1,FGO-B
68,141.65241218792383,68.92624949626283,123.75208284726523,1097.213846293434,0.11593162711433141,0.040387704809905604,0.10866910998790921,0.903914654615883,5.644454003999272,,,,,,deltaRIC1,FGO-B
69,143.04890240893155,61.298346139361904,129.2497630209781,1139.6413771205823,0.11593613094228639,0.039007095041734885,0.10917707174252311,0.9063210874337657,5.636675759999889,,,,,,deltaRIC1,FGO-B
70,141.16160618490807,65.90770595260254,124.83097915488908,1100.8146627890794,0.11537560231512822,0.04007145856362715,0.10819338158206411,0.8905236314166152,5.79101952200017,,,,,,deltaRIC1,FGO-B
71,141.09023451521978,69.55644874315786,122.75322689770796,1101.0138124052828,0.11536682137549745,0.040282285581299676,0.10810569338676179,0.9020232865741765,5.628169546000208,,,,,,deltaRIC1,FGO-B
72,143.30213182323666,63.41594435700776,128.50649394638853,1129.6821358596446,0.11586708891493465,0.040098041788660506,0.1087075403931862,0.9001886916752712,5.493538427000203,,,,,,deltaRIC1,FGO-B
73,141.73874732490697,64.62125769721511,126.15056697004552,1127.1442205494732,0.11562038287188561,0.039025032402382524,0.10883528739078341,0.8906920260307031,6.567034078000688,,,,,,deltaRIC1,FGO-B
74,142.54922218478586,70.69251822195777,123.78549435586392,1110.7120563481735,0.11631697868248776,0.041925257992220084,0.10849844363910524,0.8945376568119143,7.346889278999697,,,,,,deltaRIC1,FGO-B
75,142.40516085359351,67.3231245400407,125.4863607724123,1110.8861073702967,0.11604523493738861,0.039635890716647804,0.10906646010012276,0.901862176459038,5.46926989900021,,,,,,deltaRIC1,FGO-B
76,138.96475389778655,61.56322441994615,124.58399666446621,1093.7952819750744,0.11512905926265399,0.03778135912240594,0.10875324909890044,0.9018704270427124,6.24452078899958,,,,,,deltaRIC1,FGO-B
77,132.05679421945078,61.33350830578037,116.94955176666194,1071.9517704908783,0.11372277534854226,0.03906339086391844,0.10680318875009184,0.8934463962109229,8.694254506999641,,,,,,deltaRIC1,FGO-B
78,148.17393956092687,66.44305144523463,132.44182602052535,1156.2673393327052,0.11662027307533357,0.03878579766959232,0.10998158932884548,0.9006959234389061,5.4716817070002435,,,,,,deltaRIC1,FGO-B
79,142.8921848150354,66.78056431592675,126.32708621218411,1115.3928303494342,0.11621597292118367,0.040232366412240136,0.10902985396160332,0.8939643553596403,6.837828462000289,,,,,,deltaRIC1,FGO-B
80,140.4667661852629,64.43137897326446,124.81790659255944,1099.8369305503481,0.1153637701270563,0.039371793289038524,0.10843736141724176,0.8944935235316476,7.334605252999609,,,,,,deltaRIC1,FGO-B
81,140.65585600069244,59.55066507321636,127.427579890011,1120.2749277714336,0.11574373240412024,0.03817340754656098,0.1092675731730176,0.9029183745584184,6.5805754699995305,,,,,,deltaRIC1,FGO-B
82,143.36867289967077,69.88707765238819,125.18135941993066,1107.7486776321705,0.11601290548193535,0.04013963528596972,0.10884761787687315,0.8978625084699852,5.939880946999438,,,,,,deltaRIC1,FGO-B
83,141.13236889183446,61.388917826069495,127.08165216570383,1119.74958336691,0.11577017337275225,0.03863143534732454,0.10913452820149361,0.8994534921146774,7.008409000999563,,,,,,deltaRIC1,FGO-B
84,144.3380863015743,68.96851083125375,126.79443075671716,1108.496231991873,0.11613235235814989,0.040422578210207005,0.1088702826076849,0.9054108720792793,5.466712166000434,,,,,,deltaRIC1,FGO-B
85,140.53818128698737,66.19144179109111,123.97448702483396,1091.9951347949684,0.11543614720857315,0.04010191907015407,0.10824666354789039,0.9046484379476399,8.087669427999572,,,,,,deltaRIC1,FGO-B
86,140.662893242688,66.11910560734994,124.15439343449731,1101.4675401398597,0.1158111621908195,0.03954156034891317,0.10885168943641417,0.9122111317667825,5.473427172999436,,,,,,deltaRIC1,FGO-B
87,138.47414802493856,64.5559895852558,122.50556673025491,1103.4574948952954,0.11477462272657679,0.037783517702008586,0.1083772107598735,0.8982719554277778,7.163184548000572,,,,,,deltaRIC1,FGO-B
88,136.3122823122789,58.15046754227131,123.2865014257347,1103.5800514100256,0.11509340767756823,0.03862568746948176,0.10841839677077336,0.8971874837547605,8.53418432000035,,,,,,deltaRIC1,FGO-B
89,139.40290385503354,66.11783843782794,122.72571467921875,1108.3046887730295,0.11533069630266635,0.04017167834318785,0.10810830573433897,0.9002135995844138,5.7773471159998735,,,,,,deltaRIC1,FGO-B
90,138.24466774854432,63.809455193661044,122.63743958838009,1093.1679858394102,0.11505822628552463,0.03956537749554625,0.10804154913553356,0.8949866990924903,6.2441413209999155,,,,,,deltaRIC1,FGO-B
91,141.36027084392018,63.39314928722034,126.34886147692296,1122.0252673965065,0.1158732097443923,0.039984513810043934,0.10875587060863583,0.9000910859486837,5.7835402870005055,,,,,,deltaRIC1,FGO-B
92,137.47409969571413,63.22699415630046,122.07159906016756,1099.4630518043878,0.11482159408495549,0.038771880581086146,0.10807747103081326,0.8996940518420837,5.938790435000556,,,,,,deltaRIC1,FGO-B
93,146.01718484666344,64.88596186711057,130.80837214461678,1131.2653021243657,0.11587647842263847,0.03867070957998239,0.10923339449185332,0.9076237423386727,5.489869687000464,,,,,,deltaRIC1,FGO-B
94,142.76741860366465,62.85442146569555,128.18680710965043,1132.8845937504864,0.11552902080032171,0.03858814323065199,0.1088940303648086,0.8996578122570208,5.801410324999779,,,,,,deltaRIC1,FGO-B
95,142.6827916918182,63.887236452313594,127.58056303158784,1123.4154645499264,0.11582266549140383,0.038758642575914035,0.10914512113331575,0.8983793524405228,5.638635109999996,,,,,,deltaRIC1,FGO-B
96,141.57152619119012,66.6195943209205,124.91727935165257,1128.842749811757,0.11512838100361665,0.040258247250621305,0.10786017634336484,0.8882599604209651,5.475408895999863,,,,,,deltaRIC1,FGO-B
97,144.63254827067516,67.1124245937981,128.11907150932268,1137.3163157822967,0.11497217864686876,0.037866375110341965,0.10855754003665695,0.9003577944664697,5.468873111999528,,,,,,deltaRIC1,FGO-B
98,139.30246426014835,62.818439454975874,124.33430827165702,1084.331183524488,0.11522202747296031,0.03796429323277816,0.10878799591092418,0.9035995088105885,6.3874358559996836,,,,,,deltaRIC1,FGO-B
99,140.08248090688076,61.87587440018243,125.67608214867086,1103.5916363216588,0.11565241562486647,0.039549045620593824,0.10868005442751234,0.9030611544558613,5.459909124999285,,,,,,deltaRIC1,FGO-B
100,143.14472356137136,63.95208714042506,128.06460257949857,1140.6837243497876,0.11628094352039424,0.0394408437880445,0.10938774002272918,0.8908481025150087,6.9845064529999945,,,,,,deltaRIC1,FGO-B
101,141.1927622146428,64.07009612875876,125.81899254028495,1105.1731896079873,0.1154513877569175,0.03947656564537051,0.10849250527038665,0.8942745176055548,5.762084207999578,,,,,,deltaRIC1,FGO-B
102,143.6187535892514,62.989291109386166,129.06856932680054,1142.7058347142456,0.11584138403398757,0.038638588164912946,0.10920753526900988,0.8992975406312375,7.597846124000171,,,,,,deltaRIC1,FGO-B
103,137.90980952798392,61.823130103466426,123.27617834867641,1119.6608290545091,0.11447455284595191,0.03732922313323223,0.10821715367514521,0.8935886573374189,7.770707689999654,,,,,,deltaRIC1,FGO-B
104,140.74859873025417,62.648175707590774,126.0371934194067,1126.4548023671073,0.11566086349766612,0.03953898196937092,0.10869270559633482,0.8879948677322939,5.776359246000538,,,,,,deltaRIC1,FGO-B
105,135.95179258291495,56.816435600077625,123.51025282222592,1106.1978302738135,0.1145803089558171,0.03771772083430952,0.1081943655440319,0.9005987462586527,8.973973305999607,,,,,,deltaRIC1,FGO-B
106,136.95156166885926,63.88983357745445,121.13554147724166,1089.0510662404763,0.11494271091774368,0.03945197047334641,0.10796003343316543,0.9002076048382611,7.912613714000145,,,,,,deltaRIC1,FGO-B
107,144.24921035494123,62.78609157660923,129.86816928161312,1145.3636016801013,0.11662202462910208,0.0401683297132365,0.10948608092647946,0.8886583688295497,6.073047259999839,,,,,,deltaRIC1,FGO-B
108,144.29012524664822,68.33997024453093,127.07985171013564,1118.3011012348545,0.11683970183397584,0.04075692977314369,0.10950063287542865,0.9002026493328718,7.30109736599934,,,,,,deltaRIC1,FGO-B
109,138.2262175882982,60.03378098897574,124.508764225396,1101.5157986246154,0.11529517605922712,0.03811717076853467,0.10881203478995576,0.9085663681335773,7.162094346000231,,,,,,deltaRIC1,FGO-B
110,141.13565281042293,65.40312513483151,125.06679701991975,1115.7784291264843,0.11590437499473061,0.03987700001633996,0.10882853032461642,0.899847611063186,5.79026080299991,,,,,,deltaRIC1,FGO-B
111,137.5828728914462,66.12095404826695,120.65266822085124,1095.1922572706335,0.11462134856373284,0.0396273454636915,0.10755336832507845,0.8939572534784851,5.955829504000576,,,,,,deltaRIC1,FGO-B
112,139.75941410558033,64.13502451668131,124.17484633121062,1122.8417965104372,0.1149292143254061,0.038961473508722554,0.10812366941370534,0.8949792764627159,6.881346541000312,,,,,,deltaRIC1,FGO-B
113,141.15393570932258,60.156129507572295,127.69367113878339,1138.2619461238205,0.11518706342137308,0.03884120056999467,0.10844086276824282,0.8754629375824214,5.49337647899938,,,,,,deltaRIC1,FGO-B
114,140.10474961242284,60.9688353223986,126.14333903694613,1109.1652163814704,0.11586338842925335,0.039911516775900796,0.10877221891160918,0.8904789855362945,6.417333273000622,,,,,,deltaRIC1,FGO-B
115,142.11043050773122,66.12366900285122,125.78964526817808,1090.6236743033046,0.1161105295969277,0.04072308365105182,0.10873493247907251,0.9037720665563773,5.946456081999713,,,,,,deltaRIC1,FGO-B
116,144.42027153646586,60.855146275562575,130.9727681712745,1148.424228440049,0.11650865168612427,0.03958536882626544,0.10957766420492435,0.8925332171830171,8.080944810999426,,,,,,deltaRIC1,FGO-B
117,144.49994508509576,69.34148328831107,126.77536363573391,1108.325707497675,0.11607938804772064,0.03993603101923494,0.10899329225215658,0.8970184935126359,5.48334539499956,,,,,,deltaRIC1,FGO-B
118,146.4278210663888,62.87931219479302,132.23955111902083,1172.987747276842,0.11599079000306486,0.03898369264240018,0.1092434669602625,0.8902614424153092,5.478447540999696,,,,,,deltaRIC1,FGO-B
119,142.37804847746483,67.87706795943109,125.15675105036125,1087.038335336794,0.11612543876352437,0.040982549765496264,0.10865333930781726,0.9026161382374263,6.709796367999843,,,,,,deltaRIC1,FGO-B
120,144.7461282315462,62.487596075990304,130.56317235218782,1154.4737392843845,0.11538043332731106,0.03817797160677333,0.10888106758656657,0.8992970325268271,6.261303472000691,,,,,,deltaRIC1,FGO-B
121,142.9033766709612,61.97143134737372,128.76690864007088,1144.6888057802387,0.11564157739846964,0.0386950112005102,0.10897555015414528,0.8947402527684838,5.481702643999597,,,,,,deltaRIC1,FGO-B
122,135.7098666106386,57.94016916210641,122.71961820729327,1100.3805478985944,0.11476775535546176,0.03812732016427184,0.10824945785740561,0.8932390879671578,6.089744333999988,,,,,,deltaRIC1,FGO-B
123,141.11366015230612,68.2304127637939,123.52196507367773,1093.0587836865316,0.11605217002248057,0.04055186436298829,0.1087366196992188,0.9005278703654216,5.631811911999648,,,,,,deltaRIC1,FGO-B
124,145.5436963234964,67.80293245875087,128.78559659177807,1153.770811188831,0.11564209225614479,0.03868298588028783,0.10898036568466889,0.8957581107915078,5.9380767490001745,,,,,,deltaRIC1,FGO-B
125,143.53359197630428,62.16868671368515,129.37135083903183,1143.3108963955192,0.11574706033050149,0.03869682153934005,0.1090868368681814,0.902950675044026,5.950777428000038,,,,,,deltaRIC1,FGO-B
126,141.22963520220227,63.43181509062514,126.18325837311333,1125.3098805265372,0.11571089384505534,0.03869843958706424,0.1090478873153809,0.9001136101496812,5.648252511000464,,,,,,deltaRIC1,FGO-B
127,147.6963988240421,69.12928915910878,130.51960621280938,1150.8569178431046,0.11676429230134948,0.040980585081495435,0.10933659772927497,0.895707055752257,5.6518444680004905,,,,,,deltaRIC1,FGO-B
128,139.09862221490917,62.576047624555514,124.22827764150715,1110.4081974768567,0.11543916454458124,0.03844787221507636,0.10884834327119573,0.8899034345170528,5.931942120000713,,,,,,deltaRIC1,FGO-B
129,141.07327073510015,62.160577195336025,126.64016092315082,1135.219063349974,0.11551514716508635,0.03943756824082235,0.10857452480127203,0.8959430940256833,5.780614577000051,,,,,,deltaRIC1,FGO-B
130,142.5892901159468,62.76521663254017,128.0321570420492,1117.92989740725,0.11588167257146506,0.03951145026407313,0.10893763048639306,0.9012348997782145,6.851832012999694,,,,,,deltaRIC1,FGO-B
131,148.1726331902802,64.85113180899238,133.2270990813582,1169.3744405262626,0.11730087467910136,0.04089185172475329,0.1099424925267889,0.9042937847728273,7.341799951000212,,,,,,deltaRIC1,FGO-B
132,139.84796417895302,62.83385612641636,124.93742277349304,1110.8542820520665,0.1156063565674926,0.03916197573723236,0.10877117878908302,0.8932229192727674,7.3282023560004745,,,,,,deltaRIC1,FGO-B
133,137.56657861663132,61.730585305698,122.93859601484696,1113.300747209553,0.11469254037054968,0.038570062032310566,0.10801263412894754,0.9031657919582413,7.009254614999918,,,,,,deltaRIC1,FGO-B
134,141.22647322082824,65.20525894793482,125.27246682302572,1103.7207182715895,0.11575458756710531,0.04077652739629753,0.10833466368771193,0.8861359214017617,7.1687274509995405,,,,,,deltaRIC1,FGO-B
135,142.32782750801783,65.28687826741327,126.47068438673065,1097.9588145232517,0.11631321771607174,0.040100173365460755,0.10918214465527915,0.8917709495869963,7.001573116000145,,,,,,deltaRIC1,FGO-B
136,142.96461171761214,62.513182174813316,128.5728675030086,1137.65481939585,0.11626052164923148,0.03986027549521999,0.10921386052876524,0.8972097371119692,5.640026256000056,,,,,,deltaRIC1,FGO-B
137,145.13004653508514,72.04467366949245,125.98529836108781,1116.8673142853006,0.11640021812240112,0.0415874302091406,0.1087175074564461,0.9008203323153988,7.3165739040005064,,,,,,deltaRIC1,FGO-B
138,141.02399478061955,65.87111943172268,124.69467802875928,1124.6664117480514,0.11553733404101454,0.040772515701897875,0.10810401250945069,0.9067457719358313,5.944437723000192,,,,,,deltaRIC1,FGO-B
139,141.14484265859414,62.60633491913581,126.50025073932579,1125.2340423353405,0.11561840920280649,0.03915679588694339,0.1087858533195188,0.897444975739725,7.015665210999941,,,,,,deltaRIC1,FGO-B
140,138.07296597696424,64.88789284213128,121.8757781357067,1079.9779965575058,0.11518289987482375,0.040206590782855545,0.10793762310331678,0.8968954289886361,5.468630528000176,,,,,,deltaRIC1,FGO-B
141,138.12077640227432,61.19495266774287,123.82458012026439,1105.9954872526844,0.1153593659138996,0.0393213566162081,0.10845097610403498,0.896035584327704,5.7785749740005485,,,,,,deltaRIC1,FGO-B
142,143.64435478752097,68.87836091431916,126.05344921928946,1109.289548572018,0.11629277822636615,0.04052701277519023,0.10900262154244891,0.9027923547545339,8.24496727099995,,,,,,deltaRIC1,FGO-B
143,142.86490086980547,59.53314177217687,129.86987692022055,1143.1718394452128,0.116121074318524,0.038767624460191594,0.10945855468898594,0.8894813028655303,7.026508285000091,,,,,,deltaRIC1,FGO-B
144,143.9925274764423,66.3241175474943,127.80829159565569,1103.168308771004,0.11575688487474153,0.03871199925222142,0.1090918764610829,0.9036843866824463,6.853950215000623,,,,,,deltaRIC1,FGO-B
145,144.24397240471959,62.78173266282587,129.86445864418397,1125.8244813584122,0.11673444369384406,0.03958884527486909,0.1098164544788882,0.8976822168915332,5.788224828000239,,,,,,deltaRIC1,FGO-B
146,136.0795185958501,62.794330543645884,120.7249246545785,1065.8995820848295,0.11472948924435328,0.038820334435912485,0.1079622032776012,0.8898430844021412,6.85444342899973,,,,,,deltaRIC1,FGO-B
147,144.46141619768653,66.83072923373004,128.07323842211952,1121.009634116292,0.11620428812602009,0.03901186680817822,0.10946008782664142,0.9091027489825204,8.390416885000377,,,,,,deltaRIC1,FGO-B
148,139.1395398740047,65.81942578429815,122.58717202780645,1072.067149998048,0.11613955114512824,0.04107503225507424,0.10863349881798187,0.9040485464935974,6.54582684900015,,,,,,deltaRIC1,FGO-B
149,141.18138456083233,62.05212365954228,126.81371099315128,1132.1165234133168,0.11565876054737702,0.03909383472328152,0.10885137104319927,0.8867306608217053,5.943323851000059,,,,,,deltaRIC1,FGO-B
150,146.4117659213495,66.07548516980383,130.65387655857393,1157.0727317279382,0.11611876690993822,0.037732708060276156,0.10981716974645873,0.8890892439009834,8.397081005000473,,,,,,deltaRIC1,FGO-B
151,144.12944651870288,64.90853367534821,128.68636139818324,1121.079547516082,0.11608368794265322,0.0395420922334972,0.10914140162268804,0.8896893488818869,6.248412357000234,,,,,,deltaRIC1,FGO-B
152,141.40114663583327,60.00503218196758,128.03780841130268,1124.0129937210636,0.11626106128442884,0.038546071321581686,0.10968516197122223,0.8957829816317744,5.9369814389992825,,,,,,deltaRIC1,FGO-B
153,143.34744735814235,64.05732842623092,128.23864214420462,1137.4194133955252,0.11582427910890265,0.0388668643179437,0.10910834289451718,0.9020548296081179,6.5435168719996,,,,,,deltaRIC1,FGO-B
154,146.06797625739947,69.4869229276322,128.481209637758,1156.3712437186061,0.1150872192778695,0.0386615058809045,0.10839905905557116,0.894409826089397,5.646897271999478,,,,,,deltaRIC1,FGO-B
155,138.80454791392592,62.71659686259111,123.82782804993624,1090.1012598148175,0.1152649949333999,0.03870622099947107,0.1085718541470892,0.8974460562813522,5.478642024000692,,,,,,deltaRIC1,FGO-B
156,138.27162987678895,62.69221276489442,123.24256605339293,1084.333110292231,0.11477446837856241,0.03806982147762969,0.10827680861681797,0.8972650418559256,5.787282557999788,,,,,,deltaRIC1,FGO-B
157,142.99951639962214,62.573211542082205,128.58248281875584,1104.3515830843874,0.11644698367271561,0.03939861808393841,0.10957941822965506,0.9087944522380965,5.4771044399994935,,,,,,deltaRIC1,FGO-B
158,143.49980228352393,62.55666175106107,129.14665046362524,1129.8025629768895,0.1165334799375222,0.03931242067262109,0.10970225853284771,0.898818181254121,5.950882819000071,,,,,,deltaRIC1,FGO-B
159,143.1882243368568,64.63294221096699,127.77108581324582,1124.8954869104641,0.11560695581909963,0.03884689180276451,0.10888474287531548,0.8983477152059555,7.948531543999707,,,,,,deltaRIC1,FGO-B
160,140.29784682225323,65.63941200650365,123.99577982496379,1091.9191094067564,0.11559876039530237,0.03979384581872695,0.10853351205911432,0.8975154926388039,5.654474412000127,,,,,,deltaRIC1,FGO-B
161,143.06984476833148,63.776912872696364,128.06828595114,1146.1685285332542,0.11610058225092976,0.038151599925132944,0.1096530921687004,0.9001519075655892,5.492378524999367,,,,,,deltaRIC1,FGO-B
162,141.5277955146543,62.78970493867828,126.83678432123513,1135.4041375122165,0.1148746750602685,0.037099119845926246,0.10871911642788434,0.8860395293549432,5.782026331000452,,,,,,deltaRIC1,FGO-B
163,140.47537689184048,64.04895415217482,125.02424958749897,1114.9142304884824,0.11575418171996202,0.04045670741621408,0.10845407051234564,0.8926407084752378,6.857317347999924,,,,,,deltaRIC1,FGO-B
164,138.60142720239557,64.10257927468403,122.8870007481418,1095.097323292412,0.11543898924390196,0.039134609127683274,0.10860314270810567,0.8966797314237751,5.777333537999766,,,,,,deltaRIC1,FGO-B
165,141.36714613638168,64.979689384761,125.54803851197786,1102.1195429944255,0.11570327774535896,0.03966303346329929,0.10869265043004923,0.8978230400872772,7.008523800000148,,,,,,deltaRIC1,FGO-B
166,138.47641787533635,60.10734390321379,124.75105416983682,1104.7760893737932,0.114982927764839,0.03799528374680678,0.10852387797334659,0.9019424837274836,7.003177080000569,,,,,,deltaRIC1,FGO-B
167,144.7987380272104,68.6043683908239,127.51515663625571,1121.6441327521245,0.11642630410091993,0.040660712286788164,0.10909532878602511,0.902189230339781,6.248769013000128,,,,,,deltaRIC1,FGO-B
168,137.5149797271848,63.416767416116976,122.01919217835433,1102.3366921681845,0.11519223087703098,0.03967887763877864,0.10814266837726005,0.9048217444671668,6.222219145000054,,,,,,deltaRIC1,FGO-B
169,142.0222186750027,61.864435050469126,127.84014343412076,1115.3706819699948,0.11633976702550643,0.03959944926632044,0.10939298427848664,0.9041589267124801,5.475048709000475,,,,,,deltaRIC1,FGO-B
170,144.60595497831983,63.44862720176224,129.94288715202407,1123.947072597049,0.11631946867348433,0.03973471674944697,0.10932232652721457,0.9063610234484831,5.4769926130002204,,,,,,deltaRIC1,FGO-B
171,142.2901551151967,64.03933436825596,127.06475473701374,1124.458474656169,0.1157411632144447,0.03880373416911765,0.10904259294773389,0.8996655508103784,7.166335895999509,,,,,,deltaRIC1,FGO-B
172,141.9441859155036,58.36754834157836,129.3884895027705,1136.049222926401,0.1158894500622095,0.03917207505615876,0.10906838759015379,0.8935713851952748,8.396577438999884,,,,,,deltaRIC1,FGO-B
173,135.87691651518693,62.098749119325646,120.85645121171699,1086.4314971215852,0.11483588419688315,0.04003740455490655,0.10763032349568918,0.8908976225678075,5.5008016520005185,,,,,,deltaRIC1,FGO-B
174,138.04380725536555,56.95206758398284,125.74798097570378,1124.4030166118312,0.11512318170953457,0.03830711490550484,0.10856293987610581,0.8949695712375374,5.479811553000218,,,,,,deltaRIC1,FGO-B
175,146.5246793334477,63.81077008116239,131.90021711664733,1155.4148401059638,0.117222317277864,0.040165984334286364,0.11012613391221031,0.9001839040137356,5.949294602000009,,,,,,deltaRIC1,FGO-B
176,141.84632699446857,63.99369579416017,126.59062911774389,1125.2074444239367,0.11585345321413712,0.040266446312993934,0.10863073194526049,0.8998931185377441,5.63077949000035,,,,,,deltaRIC1,FGO-B
177,141.77307729021607,64.04162415661574,126.48429080214014,1127.708426132419,0.1156803655019774,0.03930099314445213,0.10879971921163588,0.9019049276818125,5.937412545999905,,,,,,deltaRIC1,FGO-B
178,142.66112122163995,63.58756246915228,127.70598031199283,1127.815688313896,0.115997728280008,0.039244377773491844,0.10915746323222258,0.9006033995979211,5.618935511000018,,,,,,deltaRIC1,FGO-B
179,143.2077533937203,65.3693906903431,127.4178299644516,1112.4273301986307,0.11607591714076392,0.04048930711708908,0.10878526807085383,0.90262820407157,5.496104679999917,,,,,,deltaRIC1,FGO-B
180,142.00763738623667,63.88275245395916,126.82729601677651,1125.4094104792082,0.11623965667373497,0.03962032360881965,0.1092789446360102,0.900460751909466,5.936064845999681,,,,,,deltaRIC1,FGO-B
181,139.70278127564362,65.50050073096592,123.3959136282197,1100.8172860595441,0.1153998756225735,0.03987509054843417,0.10829177460665983,0.9011000449644758,5.461144201000025,,,,,,deltaRIC1,FGO-B
182,136.49373801867415,66.05754826009633,119.44430014100922,1065.4699375334105,0.11413595820006069,0.0377860383109518,0.10769973195421277,0.902286147435223,7.599751171000207,,,,,,deltaRIC1,FGO-B
183,145.09743220634908,64.70172524404956,129.8728285028073,1167.9217159244688,0.11555984171484342,0.03866139910565097,0.1089007494756268,0.8862722235026692,5.7842990930003,,,,,,deltaRIC1,FGO-B
184,140.85351867050275,64.86200591742175,125.03053191212942,1124.171584978414,0.11532572505773411,0.037614577180450054,0.1090191104514619,0.9027255180010028,5.780539239999598,,,,,,deltaRIC1,FGO-B
185,139.3782352949997,62.07593289472259,124.79130991057914,1106.7563442366911,0.1152920891262942,0.03969205587969385,0.1082441985288294,0.8892930423184715,5.622092162000627,,,,,,deltaRIC1,FGO-B
186,139.37858447094655,63.371878591872616,124.13861128940398,1115.2692245060564,0.11486734456888349,0.03809231391407699,0.10836734964452174,0.8944914697934866,7.612489455999821,,,,,,deltaRIC1,FGO-B
187,143.41648050748785,64.73122631986021,127.97716679268093,1140.3755469169685,0.11630418389748522,0.03940667114201621,0.10942475707793482,0.893253454358601,5.478564869000365,,,,,,deltaRIC1,FGO-B
188,142.9454740156833,60.89343560764556,129.32671047183527,1149.6386293204032,0.11578311252390942,0.03823867290400166,0.10928647235712681,0.8943288766090157,5.490248089000488,,,,,,deltaRIC1,FGO-B
189,138.96430815614227,57.325814593352796,126.58921724429695,1111.788279373746,0.11546455099051145,0.038043473227931106,0.1090172311159851,0.9009352813074153,5.77660785199987,,,,,,deltaRIC1,FGO-B
190,141.2692219279621,62.50313942885646,126.68997839477572,1125.1478358644183,0.11599749461046674,0.04056532331939745,0.10867324095607901,0.9043518119303177,5.600496977999683,,,,,,deltaRIC1,FGO-B
191,137.05179905260107,60.18269125498848,123.13098430882972,1096.5751117177483,0.1147086251565485,0.03879149443675556,0.10795039900189678,0.901101537723228,5.6057591029994,,,,,,deltaRIC1,FGO-B
192,135.91768745897866,59.939402494077136,121.9872361882571,1077.6196563579804,0.11495751040854985,0.03901032157559854,0.10813613646649411,0.901221676630178,5.768076012000165,,,,,,deltaRIC1,FGO-B
193,142.16773545614373,65.9709173832617,125.93451895464932,1098.6655300379268,0.11653405514502282,0.04043645777230031,0.10929354460064049,0.9015425724147041,7.150593753999601,,,,,,deltaRIC1,FGO-B
194,144.669665231112,66.95445421392706,128.24356942551606,1134.8100344837799,0.11603788571080667,0.03964926866142606,0.10905377762759201,0.9137530833467924,5.4874511859998165,,,,,,deltaRIC1,FGO-B
195,141.7202696319135,64.17024407181775,126.35986150793934,1100.289063213195,0.11594371628099333,0.04051577244669047,0.1086343294179859,0.9090991685217945,6.715297327999906,,,,,,deltaRIC1,FGO-B
196,137.78295007976425,61.43533857606011,123.32818212690749,1084.765473354627,0.11510696786569928,0.039441657950511085,0.10813865945789236,0.903592124393245,7.929220332000114,,,,,,deltaRIC1,FGO-B
197,136.83182906149437,59.775980036824905,123.08444928158524,1103.3391351699431,0.1144441063281981,0.038351803781140344,0.10782667860966887,0.8911358271940623,7.161128091000137,,,,,,deltaRIC1,FGO-B
198,145.68402056234333,69.1126910433961,128.2469094518435,1123.6646937037979,0.1162712065909815,0.03999529037429915,0.10917586835009924,0.9023197658149231,5.6178933619994496,,,,,,deltaRIC1,FGO-B
199,143.50089529929295,67.16016545037863,126.81490105021729,1108.9549091813979,0.11683940383551654,0.040658560346531106,0.10953687853497743,0.9005995793683669,6.705454139999347,,,,,,deltaRIC1,FGO-B
200,140.60345675517078,64.31355403639787,125.03239107811426,1136.4595289695865,0.11431379780542636,0.0381097281102223,0.10777426869185815,0.8941848813389697,7.038350456000444,,,,,,deltaRIC1,FGO-B
1,37.25903992148003,31.85870879735991,19.319905011036287,82.64326729507394,0.02219539933147958,0.010980707518145144,0.01928885206239073,0.7679478264319718,9.69356221399994,0.024213468450989373,0.021691427826533882,-0.001498170879610794,0.03254311926606452,4.207676926767817,deltaRIC1,FGO-G
2,28.081712435654342,25.742423881755983,11.220970814095494,62.14561765117447,0.025592799402599987,0.008142492644695914,0.024262959316472408,0.9853764038256608,9.500183662000381,0.009424302834549092,0.012620418656275278,0.017148916414407855,0.023284711403951268,-4.803195511285594,deltaRIC1,FGO-G
3,22.669765949670133,19.63263742848535,11.334806386280253,66.40210049300565,0.02120240600464725,0.007090691369956536,0.019981594437930263,0.8088588916671258,7.835739299999659,0.026106985529536386,-0.0013771956210818503,-0.012268835406219702,0.028878983421219303,2.252530911240683,deltaRIC1,FGO-G
4,20.999464095413625,17.872347980540233,11.025274144303415,47.974190396072885,0.021527802280804458,0.007631280716279911,0.02012982428315617,0.8108579342383414,8.120142058000056,0.009513997011294517,-0.006344491190833357,0.007463352083577179,0.013655414015141353,2.2647828615954495,deltaRIC1,FGO-G
5,32.95785657622962,30.176062629420855,13.252379193359658,62.025190183110546,0.02379446616761914,0.009688439989895268,0.021732711537315593,0.8806184856846597,9.743305098999372,0.023172529010980325,0.021434090756011104,0.0007981374454812951,0.03157567688401192,-0.8762280565206311,deltaRIC1,FGO-G
6,28.420238977545978,24.967516528096972,13.576932715456328,57.20125762789208,0.023790007415960397,0.007925264429156049,0.022431108679229483,0.9102005139911533,8.158507023999846,0.01709266679356003,0.021505013452290056,-0.0005179126334842188,0.027475317927091736,-1.6777701471364708,deltaRIC1,FGO-G
7,26.014743597344644,22.93525719053521,12.277657025653838,68.88840999428274,0.02357108592413361,0.008714092140603898,0.021901157270974404,0.8867374777043058,8.132738767000774,-0.0003244091848751962,0.021731976720215762,0.007134467636674469,0.022875416541474968,-0.8755347975202312,deltaRIC1,FGO-G
8,21.05926696209062,18.244624167004996,10.517909202181714,73.81865858096513,0.019620369741070433,0.007761501756258166,0.01801993338677792,0.7210143252877206,9.473600375999922,0.017600452496813856,0.03056240676913391,-0.00014684611353210641,0.035268373926163124,6.463708429635517,deltaRIC1,FGO-G
9,31.856530192306057,25.975409587728397,18.442250747754603,119.07710979945696,0.02263216650693993,0.008399363518014978,0.021015842911720026,0.848411013686178,9.657897074000175,0.013243766527929024,0.0009087969876024893,0.012001447929349096,0.017895754139232195,0.9641727588805225,deltaRIC1,FGO-G
10,26.653739687107432,23.2418897649589,13.047467166526411,59.66161579247756,0.024207235096853554,0.008765667880111322,0.022564425489028588,0.9108942045699372,8.158155672000248,0.0013664272295135227,0.02583047213764078,0.021982979224709265,0.03394601287074804,-1.7793645661604387,deltaRIC1,FGO-G
11,31.090508008508053,25.85770930504482,17.262634727147013,67.80415734568786,0.0197515924664439,0.00885925673696491,0.01765329926753142,0.7081505427427353,9.621830570000384,0.01524802489245336,-0.004458798612679837,0.013928960697073833,0.02112815880028216,6.889614140942285,deltaRIC1,FGO-G
12,27.334703356759,24.20770584973709,12.695392278091163,68.17999565392519,0.022249118722168903,0.009387308419649302,0.020171805188122057,0.808429412776739,7.974483173999943,0.022192574921609642,0.01858289760898657,0.00506901242675406,0.029385869940839304,2.4994318556855433,deltaRIC1,FGO-G
13,23.763321831003875,20.34542657310109,12.278398999968088,49.70708494880234,0.021585252316091253,0.007850030453489185,0.0201072161033947,0.8088345533958108,7.8291268919992945,0.03214270822177534,0.02144444400836476,-0.005627087913584683,0.03904717645419815,2.295030979797957,deltaRIC1,FGO-G
14,21.363264613188388,18.201255728792585,11.18496154790897,49.11432325891206,0.021686887241558185,0.008247513789286709,0.020057407472641745,0.8122546097517522,7.992723944000318,0.007942636268766012,-0.013215392270830462,0.0001363843092834216,0.01541916549135074,2.2493302953134844,deltaRIC1,FGO-G
15,22.41099319741605,20.14970601130199,9.810298861539797,46.85720738207401,0.019651509543623324,0.00691899392502259,0.018393187608694125,0.7450420205794575,10.644997979999971,0.014174452530177906,0.0007338803885736933,0.00854252942960576,0.016565883435865424,5.545380327735984,deltaRIC1,FGO-G
16,23.88372277783376,22.045364241866835,9.188804556188696,53.32569668817225,0.021652316917722337,0.008475993922067599,0.019924365860387074,0.8028716762888726,7.855454298000041,0.013844138971082165,-0.009562552127906021,-0.0071771650451613045,0.01829246525581069,2.6915007813295233,deltaRIC1,FGO-G
17,32.64624844032078,28.497993684599102,15.926138677648673,93.30128761155858,0.024346579025631483,0.008507758790507247,0.022811706438008218,0.9228062491142457,8.482760769999913,0.006445804793542731,0.02547756999931816,0.004472755675174911,0.026658216666469357,-2.13461790195106,deltaRIC1,FGO-G
18,18.77738438869413,16.683956639877596,8.61601736996034,35.84321519976528,0.024743386217725375,0.007210325079317745,0.02366952415597076,0.9630188494050285,9.944114038999942,0.014132549062440214,0.006810988078417957,0.0028434769390695003,0.01594377190973489,-3.948973278349513,deltaRIC1,FGO-G
19,22.789427224374457,17.84508279695201,14.174308208339024,101.25996420708783,0.014513561817400177,0.007859021448563732,0.012201608848775296,0.4210496177871703,7.993392215999847,-0.01203507625664979,-0.04756712528659102,-0.008838300110385666,0.04985569192554513,21.24663535066611,deltaRIC1,FGO-G
20,21.699059328798878,19.672228859010836,9.15710584592287,42.61038865334228,0.0227731558901427,0.007063087916042995,0.021650159775091465,0.8778002880255831,8.815567392000048,0.014877794886453133,0.00856392683623497,0.011502804802848265,0.02066407853915063,-0.7602282913903764,deltaRIC1,FGO-G
21,28.519764723771367,22.922669360236572,16.968447462880775,75.54374857559253,0.02076604659164387,0.008701829141267946,0.018854889568557645,0.7554152296941856,7.9945522839998375,0.013899472902620946,0.014271633496401925,0.00883984086460754,0.02179489977352272,4.582315670615571,deltaRIC1,FGO-G
22,27.51322452828296,25.022400586094133,11.439274140116899,51.2014980816738,0.022706700978597633,0.008137434042766841,0.021198500808572905,0.8560357972969099,9.296985641999527,0.025711177872727697,-0.009998568618031167,0.020203461053207805,0.03419379886091928,0.2634672919557488,deltaRIC1,FGO-G
23,24.5633125368419,22.064420086265635,10.79433597028423,75.34583692326687,0.0233823723496206,0.008652351308648528,0.02172261847770729,0.8777886919429777,7.985632918999727,0.004881568259908153,-0.013468521399327193,-0.022876663735360347,0.026992082561762967,-0.51062083351826,deltaRIC1,FGO-G
24,24.232069043243705,20.521061281951944,12.887172458646729,89.25570756205686,0.026739533407416558,0.0087702901989287,0.025260337619931395,1.0187365508782675,7.825531317999776,0.01285704800182752,0.026411556392264668,0.004334125018874868,0.029692737059124587,-6.765143672122576,deltaRIC1,FGO-G
25,26.56050359205312,23.86471902038575,11.659139639849306,47.25970367879946,0.020820824205213456,0.00879453336126715,0.018872278705603138,0.761582412560351,11.295128112999919,0.024267989338079943,0.009436992529249233,0.010576936408934534,0.028104514198059226,4.179952642864009,deltaRIC1,FGO-G
26,24.105316386372536,21.025798143433168,11.789066566896743,64.90867299479524,0.022795564611102406,0.008319864699918706,0.02122304448739603,0.8559087103522421,9.30368809400079,0.020511750317172117,0.03432707896624576,0.00028815844335583485,0.039989539716247795,0.46566235762838915,deltaRIC1,FGO-G
27,20.10325820016344,18.48196490085661,7.909359244966875,37.4810723635248,0.018178088062434213,0.007182965010415065,0.01669873945137076,0.6742283004443226,8.070734321999225,0.0021567488424489856,0.0038836214854782725,0.01267395660158388,0.013429938843892965,7.990946042613359,deltaRIC1,FGO-G
28,21.557825769771355,18.78777514114791,10.571629825409255,43.19361933130607,0.023681774641527983,0.0074820851476990625,0.022468752791703833,0.91395387138046,7.893540228999882,0.016848608062453474,0.01348466549279892,0.020673227359066182,0.029884680465658266,-1.9343994509490585,deltaRIC1,FGO-G
29,26.28677897572284,22.3604786047642,13.82041046729028,94.50139693334529,0.020948146688893707,0.009650704865108025,0.018592706777282024,0.7283387710912804,8.400809922000008,0.01594866212374635,-0.02421720098103386,-0.008434191598613805,0.030198811811316954,5.723569805597435,deltaRIC1,FGO-G
30,25.456632757236008,22.647430333394823,11.624717227993528,54.81666894405797,0.022670342993641984,0.007534541441024593,0.021381654209224676,0.8669570577912594,8.900109529000474,0.012894569122416266,-0.016801989239336956,0.012731212569722983,0.02471154646611657,-0.020006153934446047,deltaRIC1,FGO-G
31,24.585102018492368,21.398515122825334,12.104990367525817,50.7346328114517,0.025112219901418188,0.008541103265805906,0.023615104136548357,0.9513253808562477,7.925753396999426,0.008215435056023068,-0.0035566164324872807,0.013352915123690634,0.016076169814606255,-3.3179637095036014,deltaRIC1,FGO-G
32,22.98390025213963,20.45269135190659,10.485565662564403,56.949983540776714,0.027177121480465034,0.009732529327451821,0.025374668566392033,1.024026278154916,8.266136901999744,0.018589048584183754,0.01172908508001469,-0.026295408689662736,0.034272039364994865,-6.906161491562671,deltaRIC1,FGO-G
33,25.259642232472917,22.410429712468027,11.654276717800185,52.820884850845104,0.022070416267359897,0.008303583925366486,0.020448808478953966,0.8269318863782894,9.618246053999428,0.02326569736454487,0.0016351380463881515,-0.012689740176956676,0.02655175805945822,1.5873452199266467,deltaRIC1,FGO-G
34,23.667548211808068,19.99955425573537,12.655855084906605,63.82732190371774,0.02360586596962834,0.007568660544400034,0.022359612826247675,0.9018602809615613,8.77465067600042,0.0018106469194889563,-0.026012289815176004,0.01799265774879233,0.031680489209621444,-1.5566635590766964,deltaRIC1,FGO-G
35,24.612627693531163,22.504113563414922,9.967262146913859,59.99109262927184,0.023241765061542727,0.007871505627679746,0.021868219916796022,0.8856390774505588,10.44720576600048,0.02682137397659079,0.0140919355672664,0.0060422298180493605,0.030894615893360032,-0.9892184019208798,deltaRIC1,FGO-G
36,25.190209451442016,21.466387045127295,13.181080359223586,58.19692695250574,0.020101502897474286,0.009206104720002724,0.017869472701272156,0.7134472129846651,10.081702716000109,0.0037522651602577284,0.005171409660686965,0.018945955837011974,0.019994304546283637,6.408136237969302,deltaRIC1,FGO-G
37,28.10320161558404,23.993236679884838,14.632653029071472,86.14391503474592,0.0231905019597351,0.00910658857262343,0.021327668079596553,0.8600652221093642,8.273199164999824,0.027037731146873245,0.017709905005337534,0.01179696976826472,0.034407094276937,0.5669682943353109,deltaRIC1,FGO-G
38,23.48608201160908,20.940888657944082,10.633683767707996,52.82419983371221,0.02411347245990734,0.007953166506141696,0.022764153764203394,0.9231765746920914,9.931867027000408,0.032068586305644464,-0.0041156579705623475,0.0032293058916308404,0.03249248043340094,-2.420905440405477,deltaRIC1,FGO-G
39,23.679494483665092,18.242860773073843,15.09690331876604,105.7691954898585,0.022188135237781643,0.00812222229881845,0.020648071344768835,0.8255579006131,7.9088974619999135,0.018458199874114456,0.015020559049294446,-0.00307640502075901,0.023995553850616812,1.8422278981524869,deltaRIC1,FGO-G
40,33.60528872008745,29.718883089170962,15.687683636937129,64.33113227591792,0.02306290259723116,0.009981383192166746,0.020791091019484835,0.8399319329052118,9.931764097999803,0.019773476199205442,0.010836704528097263,0.0018737714215881773,0.02262599269358559,1.201152678931976,deltaRIC1,FGO-G
41,24.735994016069068,21.788562701051923,11.710163764240592,64.30302021836619,0.02178451318292928,0.009104223016449028,0.01979085995817209,0.7837850148753018,9.427618214000177,0.005501144086617282,0.011794117529294601,0.006335430763982464,0.0144741658661822,3.3606272239576356,deltaRIC1,FGO-G
42,23.164190857336337,19.597401278089684,12.349963612117776,73.84111559691289,0.023300854717729184,0.008378197803416792,0.021742484497948817,0.8790777113232405,8.101255332999244,-0.0045971334931086405,-0.01198975763708543,-0.004405537684442851,0.01357559158337329,-0.7617279092391982,deltaRIC1,FGO-G
43,23.888565785740862,19.60024278878233,13.656282727025507,58.48240947693734,0.022699297012845832,0.0077114512340914045,0.021349276445388535,0.8604695247054703,9.921328394999364,0.01472304246216427,-0.006037191799117769,0.008750934921434972,0.018160245762687717,0.13031323060204159,deltaRIC1,FGO-G
44,30.64103036970299,26.677031111608482,15.073445299178756,71.38195869482291,0.025770470342787666,0.008800993560703522,0.024221058070054535,0.9817923941146757,8.073536584999601,0.012658990498662703,0.005324037830642947,-0.004468056844493362,0.014441570248175018,-5.372209590064813,deltaRIC1,FGO-G
45,31.953729281465733,27.671009669562054,15.979863543228518,113.79296768392003,0.02579048428667955,0.010934445333915703,0.023357803513624174,0.9350654736285149,10.903041029000633,0.015834443873886217,0.014612631055622494,0.021236647822159282,0.030253161981608108,-2.4904719196310907,deltaRIC1,FGO-G
46,24.228203709044973,20.018732667323082,13.647571115815163,66.00821558302411,0.018148880471938286,0.006947212923001181,0.01676657672237205,0.6752449780672114,11.106668847999572,0.005463952095848379,0.013228305262636741,-0.0031393801441819136,0.014652595002828422,8.246628736995262,deltaRIC1,FGO-G
47,27.60805836550631,24.012819786460888,13.623119048740467,56.078127045991245,0.022362534271379988,0.008136456997332259,0.020829810526483607,0.8414324092658009,8.077627353000025,0.015865492291540217,0.0024947764768730174,-0.00838866970890595,0.018119258671579177,0.9063495163682092,deltaRIC1,FGO-G
48,28.86659292616351,25.511778403826664,13.50664095320804,77.46490631926461,0.022102765069805002,0.009028741986226791,0.020174589013834645,0.8088275830424538,9.59203698300098,0.011773321157944272,-0.02474329555495436,0.029539763653559703,0.04029192726485157,2.4289176057918667,deltaRIC1,FGO-G
49,27.398163671943312,24.514644912460092,12.234850118027147,56.5706880415839,0.022792825656570537,0.0077558248878564695,0.021432687225817634,0.8710869014434308,7.88203253300162,0.006231043774782785,-0.019129175502615725,0.012675600014043997,0.023778605881110127,-0.21336522935598623,deltaRIC1,FGO-G
50,31.311505644067477,27.266827283127835,15.39254740484969,74.96353819438153,0.02561038273610374,0.009167409769405832,0.023913391687703414,0.9651927060555368,9.414146020000771,0.014642297958743944,-0.023599765749981683,0.013468143699183477,0.03086643367265647,-4.488049180486996,deltaRIC1,FGO-G
51,25.787360856882433,22.058094981960714,13.357710347580971,105.15624695304669,0.0244413043362313,0.008828287295278906,0.022791197886208082,0.9029413160928212,8.756776215999707,0.0260642439701122,0.02558139704177087,0.016798367386930524,0.040198729273554716,-1.7929472735049785,deltaRIC1,FGO-G
52,23.003427542373284,19.329193889717295,12.471565349663742,53.0218105420359,0.024228512812896758,0.00805490611305765,0.02285036806343672,0.924134655801512,9.251491017001172,0.01808917423149503,0.018862905767668137,-0.0025051104440381167,0.02625458087104307,-2.305870151711133,deltaRIC1,FGO-G
53,26.187248803665554,20.462764020358613,16.341581580501927,85.23287025502185,0.01897134845488613,0.007704454593278281,0.017336477197424614,0.6939960119249314,8.061305487999562,0.00796408970569673,-0.007781647226918875,0.02491664008501493,0.0272913852988589,7.524238764246547,deltaRIC1,FGO-G
54,31.1555153719821,28.508091167413397,12.568010028809622,60.80673452052742,0.024943894965885262,0.009098120061828297,0.02322546247999539,0.9389458550374452,10.256287976000749,0.012366844837999214,0.013288985034839662,-0.006006177719301231,0.019120934739158827,-3.375021472153094,deltaRIC1,FGO-G
55,23.53671180060849,20.938418760479983,10.749856845357648,67.75739917710703,0.025931020354731896,0.008837097783840092,0.024378751391249884,0.9848507529338609,11.138456336999297,0.021249761725761207,-0.0007217840199857939,0.02214816038160694,0.03070202524040582,-5.547690202971353,deltaRIC1,FGO-G
56,27.8055531846348,25.134410806008066,11.891601294122658,52.460105809810514,0.024576177948328656,0.008621843455756121,0.023014176891045898,0.9326377308797826,7.922683827999208,0.015667049341422823,0.023563629943867737,0.00507478222240354,0.02874812177869957,-2.9058001779303595,deltaRIC1,FGO-G
57,27.700599588764284,24.040186441407688,13.762000342951824,80.59571580137803,0.024704294843226265,0.009279706155868888,0.022895179347665846,0.924548489743719,8.089483074001691,0.007922248055675318,0.016474849584589002,-0.0008014564046584516,0.01829822437995151,-2.0216178532355116,deltaRIC1,FGO-G
58,28.283071935584854,23.212786722441617,16.158548532956345,96.22056957321878,0.024659827077613966,0.007732852690599162,0.023416021454621967,0.9496465422391576,7.918781271999251,0.0012955973649553254,-0.009077434597653644,0.015440168016688238,0.017957649617650995,-3.5925600739647052,deltaRIC1,FGO-G
59,27.30316504547801,23.47065599607282,13.949592417508951,66.60198527779107,0.020664763353800592,0.008326791222534158,0.018912879008889893,0.7531719171843002,8.767898795000292,0.03465307781223825,0.009089400115776414,-0.0015234269694527347,0.0358576885208315,4.748908803732775,deltaRIC1,FGO-G
60,30.53665969584102,26.16189260514569,15.749379692433111,74.82827628200029,0.025231180900436665,0.00886783527834705,0.023621473008825333,0.9553143375854031,7.905762012000196,0.0034245000612000975,-0.019791025368446347,-0.006043738583273006,0.02097471482205632,-3.7574511680886644,deltaRIC1,FGO-G
61,28.02702086345639,24.787403243307846,13.080464018308797,63.42505690234792,0.02102665606227748,0.008607882347055324,0.019183967959224797,0.7640708351446817,8.262699447999694,0.015429364031004145,0.04911150148789045,0.006954421833221147,0.051945825971204784,4.3334252150052635,deltaRIC1,FGO-G
62,25.056278562495727,21.582483475348628,12.728452476153038,50.92211935375799,0.021610057269235535,0.008263028566289844,0.019967897588186827,0.8072989382867909,9.824320843999885,0.003791145375005245,0.003625502647538026,0.011356144859963058,0.012509159795213836,2.246589680244142,deltaRIC1,FGO-G
63,27.446178731609574,24.472936344840036,12.424496514099296,50.045825842149746,0.018798273379272503,0.007224862972361869,0.01735443565986689,0.6999235375458134,7.923756373000288,0.009749001443372096,0.002525870463871316,-0.0020367802585783412,0.010274800463506003,6.9817178399698605,deltaRIC1,FGO-G
64,31.887951985089366,27.210487604377917,16.62620961420132,74.65702046071443,0.027725155575326794,0.008646804839882002,0.026342304715743222,1.0667545866958599,7.901258896999934,0.010692719056144329,-0.0024382648233125526,-0.00046463603628388306,0.010977033424766868,-9.107074921366802,deltaRIC1,FGO-G
65,29.42422507522466,23.797148924501347,17.305511386335397,78.88829805806611,0.025040065150412145,0.008561132120450713,0.02353108326348517,0.951032636426322,8.248733153001012,0.023034291217834513,0.029682277646780886,0.011950095255878423,0.039426145574138545,-3.498956383249606,deltaRIC1,FGO-G
66,31.95847617224435,27.572621284131312,16.158426741913296,66.1735188876069,0.019481368671874784,0.00932016053342646,0.017107259656668105,0.6822967715136248,8.219101004999175,0.014209726399544209,0.01558995793653728,0.005325986542350503,0.02175613121541153,7.418989581876303,deltaRIC1,FGO-G
67,24.62031362661173,21.865443182286697,11.316458700269951,56.46963640619177,0.024022004477596268,0.008185869914040238,0.02258424744976166,0.915480061983756,9.578761161999864,0.0014663369264649173,-0.014364990957315693,0.015356057949688973,0.021078700741266814,-2.2438013623504958,deltaRIC1,FGO-G
68,29.253383659214713,25.89347834877228,13.612062096349392,56.85490654640877,0.022201802277772784,0.008410039453336597,0.020547293271247154,0.8348612497364444,7.892248300000574,0.0026720290643549305,0.015015115995648864,0.0007844943994679276,0.015271178053652062,1.6104354652798065,deltaRIC1,FGO-G
69,24.582351831353204,21.296486781368703,12.278097260220022,54.956942356856764,0.024044120291478663,0.008103552834608426,0.02263740603620048,0.919101327165814,8.58278713999971,0.026755922076294514,-0.00029126308120996924,0.010463180212666234,0.028730512360519263,-1.9824671281312476,deltaRIC1,FGO-G
70,26.24816059500037,22.426825725803994,13.638307170809226,100.67667724864006,0.018181480486888675,0.008394097596380934,0.01612778218595308,0.6385292554984446,10.286363323999467,0.008812526002324628,0.020360144117676837,-6.423719824877328e-05,0.02218558562336945,9.65710596642748,deltaRIC1,FGO-G
71,31.40881973210058,28.15992664250894,13.911595467526576,83.2488054154844,0.021298312453325873,0.00900285041838891,0.01930198947527458,0.767711928651618,8.091758387001391,0.014387776544971809,0.018577951479593624,-0.0008227050724096685,0.023512235936259753,4.389479755598586,deltaRIC1,FGO-G
72,24.63923378587874,21.15732725664201,12.62772128733215,72.19925883835715,0.021461298052062365,0.008559510663285018,0.019680500280342617,0.7899741123826506,8.392888754000523,0.004394206373775633,0.004131560392566014,0.0077022285833943105,0.009782799501349651,3.379235238509864,deltaRIC1,FGO-G
73,24.372267896289465,22.218565258967633,10.017125348197393,53.89233528927832,0.017696554425429934,0.006777071385144963,0.016347456743262944,0.6522888891120152,8.924898442000995,-0.00610945871558588,-0.005595445001546739,0.014274220417272776,0.01650417701927817,9.12433839179539,deltaRIC1,FGO-G
74,31.35878282428767,27.24039915520296,15.534925622160442,66.6658930812067,0.02419584912499093,0.009833493754906547,0.022107499077271008,0.8934818611239191,7.9393684699989535,0.0038462420837424016,-0.008263534249625892,-0.003611275348760268,0.009804125973591671,-1.3474531084266346,deltaRIC1,FGO-G
75,29.367803741623646,26.246196517307876,13.175927480878897,76.20086844792753,0.0251948816152112,0.008402243908242254,0.02375256527011163,0.9611077527033913,8.433535561000099,0.008644236027387509,0.0129844796799099,-0.006785790173886808,0.017010775330336826,-3.9580768121286383,deltaRIC1,FGO-G
76,22.221807957407215,19.460580516586152,10.728213031691439,51.18181787041087,0.023989641680311192,0.0068183627379301386,0.02300027907490972,0.9358399460237804,8.084791049999694,0.015145379834478279,0.015264737944726825,0.00340880344786898,0.02177187855464033,-2.84227650594039,deltaRIC1,FGO-G
77,35.396413713926385,29.642945650978564,19.34429830571703,96.99032575053754,0.02609051029289313,0.010102307388342982,0.024055313607911934,0.9496270712973015,8.408919837000212,0.018888129028864498,0.047700434500161704,0.016292950833964426,0.05382892453498614,-3.6863879242209805,deltaRIC1,FGO-G
78,28.163264728750985,23.545890108556122,15.451878176374166,85.01935144199624,0.02397653429814118,0.008498640513752306,0.02241979719729749,0.90489451493227,9.750745982999433,0.017074020046454752,-0.02578726071590076,-0.015366744670707866,0.03453464662554557,-1.6462266429862211,deltaRIC1,FGO-G
79,25.50667606759493,21.91022488905798,13.058811941678467,64.67125915525145,0.020663931428290094,0.008325004226846925,0.018912756718576382,0.7566537307621861,9.267061804999685,0.017950173008145276,-0.015683746224129713,0.0008663248805700352,0.023852444852550125,4.542238953530614,deltaRIC1,FGO-G
80,24.131680301040824,21.072314773934053,11.75991259405794,72.33069187879543,0.0188080672390003,0.008441206502768746,0.016807421754819234,0.6666936924336895,7.911826446001214,0.012301917774355964,0.018321919442518153,-0.009678870419385754,0.024097934467094902,8.56315490642919,deltaRIC1,FGO-G
81,19.691915166520758,17.348368210996767,9.316954617316066,50.53830723296844,0.025444594307241337,0.007364604023611159,0.024355491927602464,0.9837158830832993,7.914895267000247,0.012574596913187408,-0.008951369512445906,0.012687216284469338,0.019980314330019743,-4.927709398833031,deltaRIC1,FGO-G
82,28.292683407579197,25.48410501669711,12.289683718446964,58.5311949707003,0.02020560687672003,0.008310382313623656,0.018417494266538183,0.7424670626571257,8.274186622000343,0.014609476855018233,-0.005458229068949105,-0.004436523132440362,0.016214555684665333,5.3531585268992785,deltaRIC1,FGO-G
83,20.57266660075912,18.365583407225248,9.270380638260898,46.79906001914663,0.02233814105257217,0.0068639598133497315,0.0212574363780144,0.8618827526582657,8.1091844019993,0.0008063013019772303,-0.0099303776185099,0.010247880867934711,0.014292710859705895,0.22943429613405897,deltaRIC1,FGO-G
84,28.194007784526534,24.88408164311223,13.25460507645806,58.526772696900295,0.027250195867371093,0.008901390432719434,0.025755357174273075,1.047262333814809,8.304225010000664,0.018408891863812116,-0.0028715855956165104,0.001180428776319964,0.018668870227800193,-7.6257918883075035,deltaRIC1,FGO-G
85,26.79129243226428,23.06847001126234,13.624207923053417,82.98141710818764,0.025383558193787334,0.008597862735964372,0.02388308570831884,0.9681891717241208,8.442491456000425,0.011638945515779486,0.020992347277993373,-0.0008006923804284583,0.02401634454381506,-4.112902669607138,deltaRIC1,FGO-G
86,27.86540681276223,24.0357111557299,14.09842140379756,59.726670132385124,0.025812143161608063,0.008459620216712017,0.02438650365231448,0.9896056291883991,8.585180919999402,0.010435596991046125,0.01438348810881429,-0.0020147740401491587,0.017884231299353966,-4.740321405330178,deltaRIC1,FGO-G
87,27.12784217693388,23.853415036428117,12.920310068900728,52.8190260375175,0.022817685097863256,0.007499174452182815,0.021550153961421698,0.8761879125221445,11.437319058999492,0.019888724137496316,0.012877061021462133,0.00034502735581654065,0.023695972067930653,-0.44365801379899494,deltaRIC1,FGO-G
88,21.290437348219303,19.85218865093057,7.692420181341807,40.62529072060603,0.025648718494310902,0.007954503901809927,0.02438406504413275,0.9873182087073902,11.086723264999819,0.02546122927132677,0.020288450379726042,-0.008284210288497795,0.03359350465375301,-5.279289939229784,deltaRIC1,FGO-G
89,27.911965972213295,24.397506202992933,13.55874387651431,73.16570771709281,0.024870950507782354,0.00878227471856452,0.02326877370916271,0.9426316797959784,8.4337925539985,0.017455476105962875,0.018874322818848377,0.005703730918750205,0.026333747442197596,-3.2106388812444493,deltaRIC1,FGO-G
90,24.309981719342964,22.085603214774213,10.158806122490182,48.641448133726996,0.024034613134833592,0.008336274134228229,0.02254260770408146,0.9153315899208846,8.091096190000826,0.017771578471917016,0.016117101587986626,0.015089621887798721,0.028342312073959663,-2.243363809549919,deltaRIC1,FGO-G
91,21.163410038864885,18.97210348311316,9.378124220715597,41.37440621057333,0.019730493186246024,0.00796948863332334,0.01804936598043905,0.7293256596738261,8.438917710998794,0.011714496908413752,-0.002367605611281909,-0.004557313384718653,0.012790781814820575,6.046632740031782,deltaRIC1,FGO-G
92,25.402551931424256,22.460732395446637,11.866134370081944,61.340277678052416,0.026411541563011082,0.008137483366418253,0.025126696802324176,1.0160823550493294,11.157641175999743,0.009560827205097766,0.024001350894939488,0.012646162946634565,0.02876455629591013,-6.3696663912578515,deltaRIC1,FGO-G
93,29.094197426781477,23.52311617115006,17.12119532938972,80.07138707584909,0.022771300077272134,0.00795265964012143,0.02133746263869155,0.8629166551023673,9.978179498999452,0.027226123788036904,-0.0015140539549897136,-0.002631290952367249,0.02739485112162756,0.4852519560208748,deltaRIC1,FGO-G
94,24.217582697152146,21.49079184084094,11.164102191714626,50.180023077323234,0.019263484535414793,0.007444257610349125,0.01776695992782457,0.7178790022341316,11.301128150000295,0.004242167367369598,-0.011635117743992951,0.02344229665255626,0.026512510655081416,6.5069212963044265,deltaRIC1,FGO-G
95,22.312052005138334,19.653458915749862,10.562633067892206,50.58825527418579,0.02005845354702499,0.00720183689702895,0.0187209803163924,0.7574479362339389,8.766170940998563,0.02617648153543728,-0.0065990083933498145,-0.0004197130782449543,0.026998726940702964,4.657176307875488,deltaRIC1,FGO-G
96,28.062057039247534,26.18764641416409,10.083958575911572,46.288982030434575,0.021346466598533106,0.009817849338037704,0.01895472159167425,0.7622705829660748,8.424977606000539,0.01974819755986079,0.017242426260518195,0.01536136573060265,0.030385261679341066,4.01523612240635,deltaRIC1,FGO-G
97,32.2479720808425,27.39154936044916,17.01865820095329,94.64464500486523,0.02429734222189204,0.008418439067011466,0.0227923391235466,0.921415805739328,11.094148303000111,0.01279171270645918,0.014896376820369817,0.010780452088041237,0.022399734452925844,-2.293476112165081,deltaRIC1,FGO-G
98,23.00116749185257,20.66114557437073,10.107955754895057,40.54069816319685,0.02138766493475168,0.006775057418798715,0.020286222130628147,0.823161084159147,7.907927950000158,0.016169290416342408,-0.00403394054423345,0.02366751735286332,0.028945984290234792,2.0510464997623785,deltaRIC1,FGO-G
99,21.034582811238742,18.436837348828632,10.126040816414772,50.145539386403925,0.02430347845234479,0.007649414056313803,0.02306827972516929,0.9392153857911476,7.916626354999607,0.015251820114086989,0.00931556335892747,0.0028844827632521497,0.018102982580176098,-2.9491889208911743,deltaRIC1,FGO-G
100,27.84313166394761,24.69869332033857,12.853580400953849,65.88338364517145,0.02311200089215906,0.0076675670195084965,0.02180305027376919,0.8790570380552762,7.912567156001387,0.00037706646132584787,-0.008643009344235342,-0.009251432326857878,0.012666206604158453,-0.8717771262781753,deltaRIC1,FGO-G
101,22.107134574819316,19.98098344802649,9.459688132219966,47.741805107288755,0.025199915689961227,0.008179300989028285,0.0238355781577044,0.9696068371766888,8.426037558001553,0.003103271260917806,0.005730647663682253,0.009128333895063179,0.011215930405626837,-4.627066544968329,deltaRIC1,FGO-G
102,23.28467700597113,21.193414547113036,9.644447268071824,53.491655495314426,0.024258800648909,0.008370928622361763,0.02276877166038678,0.9216235171433999,7.898537776000012,-0.011718273000115409,0.016357301841722682,-0.02056842245175028,0.028773933478065228,-2.3187814231023367,deltaRIC1,FGO-G
103,26.659162127042297,23.656201680591582,12.292072541402538,59.31912405327582,0.020742065947818567,0.008299211817718533,0.019009376186195474,0.7683294938402493,10.427460022001469,0.013795540016281027,0.020459257924322793,0.003259630322691942,0.02489022597316844,4.008953736274634,deltaRIC1,FGO-G
104,23.96383190284485,21.813284081597075,9.92198957081432,43.358534691359075,0.022609977390675193,0.008113454728960728,0.021104097468689537,0.8554635930518046,9.095314573998621,0.007751062319563795,0.0062468181859973715,-0.010798457133630368,0.01468701402591833,0.03715004518198839,deltaRIC1,FGO-G
105,22.224191165849692,19.70911546275629,10.269636831552145,61.55547965563945,0.02156436251216983,0.007453721080598365,0.02023521120742057,0.8162702557516534,7.9241664330002095,0.017306076678833104,0.028965266958225655,0.019519571274088987,0.03898077273091402,2.2194826442591875,deltaRIC1,FGO-G
106,27.864809514728517,24.01034845236337,14.140395202687825,72.15275728492733,0.024417531123183123,0.008926308139916269,0.02272744704411125,0.919265193535278,7.9067525589998695,0.012534797596172265,0.019454567798202982,0.010409086218239771,0.02537617849264604,-2.1736033593660977,deltaRIC1,FGO-G
107,23.49021600484062,20.212420142202582,11.968639018249046,76.58546661343678,0.018375009127029836,0.008679902618597886,0.01619568618336646,0.6411008344952176,9.768390451999949,0.007082377154274955,-0.03037369020695535,-0.005734635970977009,0.03171130985410591,9.590257053770983,deltaRIC1,FGO-G
108,28.980712905916267,24.46450853737808,15.536072301572782,84.49538770066107,0.022959212726141893,0.008641526000230697,0.02127085981787226,0.8573486217061503,9.763353525999264,-0.0012097062543277026,-0.01678007175957319,0.007402029950091649,0.018379995779657814,0.4595878258078301,deltaRIC1,FGO-G
109,24.797766618821445,22.079255573919806,11.288742294120558,48.561674575785545,0.024085261611911515,0.00883889803271468,0.02240476977077629,0.906369970633042,8.586784901999636,0.01267196309169738,0.009627242765934074,-0.00653441458613746,0.01720351783371926,-1.2988208759288682,deltaRIC1,FGO-G
110,27.141580927675438,25.009827862036033,10.543904664064497,51.2808224032624,0.02354387064360816,0.00900276234390246,0.021754634335289715,0.8839073510151043,7.897262405998845,0.014546039041049896,0.001587573343619697,-0.009817372211490816,0.017620682110635548,-0.7141155033168616,deltaRIC1,FGO-G
111,29.673581164537985,26.4045634203047,13.539588240102823,59.21893350309388,0.024688660679818064,0.009142915301638289,0.022933317813832853,0.9278078297104818,10.07463870399988,0.010647595306989777,0.033052321874862844,0.005679988133131086,0.03518649644868721,-2.769224379389925,deltaRIC1,FGO-G
112,26.68230300281501,24.158057166760532,11.328440645629959,48.799978174215255,0.02705517958847343,0.00862165319266101,0.025644684415879,1.037592689877906,9.800156362000052,0.0022638180669618535,0.029279314987985527,-0.001707616692599112,0.029416306926173107,-7.545701842873314,deltaRIC1,FGO-G
113,28.25206091939739,23.302688032922834,15.973843514746738,75.23341672426399,0.022194182496569154,0.008340282509815196,0.02056748463831898,0.8207637383621611,8.082734552999682,0.022093062947289965,-0.004664567261572494,0.017167244857505315,0.02836504740218485,0.9578818995269103,deltaRIC1,FGO-G
114,21.124662890308855,18.248847992190367,10.64100226421937,50.3537484279078,0.0228802189400218,0.007775778713872271,0.021518403382598424,0.8732964385684985,8.082426445000237,0.00563127742055336,0.006722063722951033,0.005973487671467215,0.010610371390475416,-0.6251407246763847,deltaRIC1,FGO-G
115,26.717935570887242,23.162510425119233,13.317139031200528,94.03265848479191,0.022865606296413637,0.00871199905421307,0.021140885122955033,0.8437791954114816,8.600277014000312,0.012327963737966074,0.01577516398606904,0.005100988828645292,0.02066045923356836,1.1986533080616937,deltaRIC1,FGO-G
116,24.596804419209814,20.484265242706893,13.61608112135388,76.1028914656103,0.02223739954633733,0.0080829846007447,0.020716353408058278,0.8360707633900302,7.912340171000324,0.006092720170912225,-0.019412246945980427,-0.008758564571262673,0.022151050176498287,1.0365782193402993,deltaRIC1,FGO-G
117,33.30554988056596,25.978606269958195,20.841585091286994,125.47900016251779,0.023583962869256733,0.008502515721700974,0.021997966520128812,0.8890797426317385,8.257818522000889,0.028895440637334513,-0.01287312781280081,-0.004757044060723636,0.03198895711813835,-1.1059298467280314,deltaRIC1,FGO-G
118,28.91356553322943,23.130070973576387,17.349181208393443,89.77504837240488,0.0213764664372439,0.007922120677125374,0.01985430233777247,0.7921555425678501,9.756685320000543,0.008008330586152246,-0.00864298189005841,0.0069197606916271415,0.013664464232393723,2.851336377205371,deltaRIC1,FGO-G
119,30.677174653833273,24.649503088819927,18.26173710839271,130.58278054399773,0.020996430590079253,0.009048152333831593,0.018946794896968558,0.7500533799525761,9.784174837999672,0.0038988823841243914,0.013424267943206836,-0.007847707993238973,0.016031181316527896,5.254264412194971,deltaRIC1,FGO-G
120,24.4624288636669,21.668939160108476,11.351982275597534,57.38480728182182,0.022449327090550895,0.008054243612341647,0.020954747592170992,0.8515137380341942,8.250019106000764,0.016209771259553474,0.0026446851788248793,0.006418651330870162,0.01763377806624046,0.6443779856217589,deltaRIC1,FGO-G
121,22.366327944715234,20.26467959550214,9.465483961329651,64.41190721107698,0.021230951553544666,0.008005947104977639,0.01966362415276647,0.797325634835407,9.791340490999573,0.017805194003514435,-0.01739568611778408,0.005254504585750164,0.02544100327135158,2.794477345281848,deltaRIC1,FGO-G
122,22.511004459036357,20.382845819347125,9.554314107222872,47.03315455084795,0.023904646501412774,0.00804979247787195,0.022508508733825573,0.9109747445964315,8.773531914001069,0.007837572552979788,0.023734796590999307,0.004660186868224336,0.02542607823448408,-2.0946193544405105,deltaRIC1,FGO-G
123,28.783908062819663,26.47233942816432,11.301708214642217,75.71886986421634,0.02032866081968503,0.009375420840832652,0.018037625530514766,0.7187687237243799,7.922957554999812,0.018006445207091826,0.01820539673635979,-0.010973334912278254,0.027858259429140306,6.470667979065183,deltaRIC1,FGO-G
124,31.22269253274184,27.99336396937263,13.828524963724911,69.33694446326778,0.021325550839817613,0.008706144615587002,0.019467464255884255,0.7806711985161147,10.46847803899982,-0.003250912082524704,-0.002478270290175222,-0.0020938992948627,0.004592893124872034,3.6369229244319285,deltaRIC1,FGO-G
125,23.785190023334618,21.84324929087685,9.413167631713804,57.74318261262255,0.026062857492250353,0.008305105767988371,0.024704205286628356,1.0041693446496813,9.314291336000679,0.020258642293575546,0.004932073244662272,-0.0057508327530240155,0.02162891609450217,-5.827411102789483,deltaRIC1,FGO-G
126,23.252352511881718,20.09615386308032,11.696858434990734,61.167401289094165,0.02121554819305608,0.007120446935993292,0.019984962360824924,0.8113900111280113,8.745527807001054,0.02492337849676529,-0.0011261703571434634,-0.006361227645997114,0.02574700511769338,2.3887011558599625,deltaRIC1,FGO-G
127,30.37238454698399,26.01932651429137,15.667686198432937,82.57290922260309,0.024202339580126426,0.01073942740960017,0.02168912031562559,0.8735831999790988,8.257737073001408,0.004424058546988796,-0.01878776782379643,-0.003851587416837887,0.019682155355997193,-0.432554790388167,deltaRIC1,FGO-G
128,23.8901440342427,21.615649319917225,10.173627005902274,53.069795153942316,0.025763274203382012,0.008100564593568158,0.024456638177478094,0.9873457624299914,9.064152345001276,-0.00594882588942558,-0.008778269983905296,0.012416562445423773,0.0163284284710483,-5.6180173090742755,deltaRIC1,FGO-G
129,25.26529749074979,22.779557394319987,10.928267118576908,60.82723597879363,0.022104151720171498,0.00888495512767787,0.020239839318717708,0.8151283795525982,8.077575753999554,-0.002313113825221591,-0.013290897759216103,0.036325211490528364,0.03874944449467606,2.099783905856384,deltaRIC1,FGO-G
130,26.82578223990696,23.27105667167639,13.344681118952733,59.24949833952889,0.021506306283457174,0.008485933675628724,0.01976132939887142,0.7990937239084199,11.098388477999833,0.005256662335186624,0.0038222262024398823,0.002439718833502358,0.0069421999420453025,3.0328931565509265,deltaRIC1,FGO-G
131,29.685939819748466,25.662184050121034,14.92338208180174,100.80586531770311,0.025474153210661526,0.009627247765053354,0.023584922774317753,0.945390799093956,11.45155608999994,0.006663906355727445,-0.03484560137585235,0.012359194635582105,0.03756824823175695,-3.2558390079393575,deltaRIC1,FGO-G
132,23.13390153672562,19.644082078666806,12.218323927508132,58.03156548040717,0.024924717322519944,0.007992210116209965,0.023608602480152795,0.9571249104513142,7.919196327999089,0.006854756253754424,-0.007995354206569383,0.019806373342029948,0.022432249043525854,-4.15194854245965,deltaRIC1,FGO-G
133,30.51293127867924,24.577724070238563,18.082434978304704,87.08860673534043,0.028483589687919458,0.009913350993382964,0.02670281546188987,1.0729904034527438,9.419389171998773,0.02267983245459848,0.011436576701247203,0.023480638088061667,0.034590612192250965,-8.751152260127128,deltaRIC1,FGO-G
134,26.887054941049595,23.940640256525388,12.237625076404958,54.305190060703374,0.023707559067075116,0.009856387565544817,0.021561539394872275,0.8712790609164043,8.048051180001494,0.012456624986737275,-0.0034274643492268053,0.007105623596098676,0.014744656815771006,-0.7384564767598931,deltaRIC1,FGO-G
135,27.711173639082087,22.55283544355063,16.102135197280038,75.45573170403999,0.023811540133587255,0.008082128316741433,0.02239796074211139,0.8960788837227727,8.050693102000878,0.0003758127209301243,-0.0053031705535161455,-0.010541548191867922,0.011806315742108862,-1.5539415254479536,deltaRIC1,FGO-G
136,23.098098079906087,20.461503378111274,10.716763243465921,54.879575659336176,0.02109212055452005,0.00802119448058339,0.019507382925217465,0.7885950957153589,7.890339220999522,-0.009116793276259139,-0.01783983891302099,0.017156091391079542,0.026376262887370064,3.361981490692415,deltaRIC1,FGO-G
137,32.62380876803509,27.82731825284477,17.028013900282538,93.572419061126,0.023184218872136054,0.009268672955820182,0.021250875425477347,0.8527948767953969,9.584633796999697,0.022731663243547917,-0.0007587785110242384,0.010020519624911683,0.024853874390124767,0.6358167973885429,deltaRIC1,FGO-G
138,30.110713692724662,27.422323305534857,12.436690219345191,57.47218420729788,0.02374443974316657,0.010720893008245944,0.02118633691374257,0.8517208799858268,7.914250659998288,0.019753187089128765,0.01578924223799305,0.00048000797742520085,0.025292666492217442,0.9451567366650124,deltaRIC1,FGO-G
139,21.25943830583237,18.490395147937082,10.49137761939001,46.18342252007491,0.02162461820972238,0.00725008429147784,0.020373030959646703,0.8243861792482302,8.066056677000233,0.009551416866060647,0.004527965505083609,0.0004491688687657813,0.01057987657948632,1.7730642095957592,deltaRIC1,FGO-G
140,29.07979021048555,24.78949503567999,15.202471330735959,75.92802799006598,0.024980316245035928,0.009246427087270092,0.02320602908344734,0.9363062034699802,8.233452228001624,0.0010547401647440502,0.006151539947746976,0.03267656486244186,0.03326727839414011,-3.0394104129336483,deltaRIC1,FGO-G
141,23.020684282639884,19.621504442102943,12.0394546500046,52.364485781804035,0.019097465427846308,0.007413941794433973,0.017599620815134904,0.7109194767343902,7.908512628000608,0.025697153128213968,0.0013083083554017438,0.008708122021781506,0.02716407073311964,6.5791287549309345,deltaRIC1,FGO-G
142,26.739465572417146,24.14186851418519,11.496486582529263,60.42962685023924,0.023011832066729514,0.008390819750277955,0.02142751873142819,0.8635843538302098,7.9254630409996025,0.01963859270644308,-0.003608319212222044,-0.0012248775660695932,0.020004864810308283,0.27305879972482217,deltaRIC1,FGO-G
143,18.981609275719954,16.91490722698196,8.613211027177455,63.255721524781684,0.019723896261937466,0.0074485742545975,0.01826337387574974,0.7360069152581289,8.3963725420017,0.0035372993706626055,0.0022057160757591454,-0.01764006862421097,0.018125939735953684,5.328915638303442,deltaRIC1,FGO-G
144,26.263690879042606,23.293971499369977,12.131461180601667,51.83431991146874,0.024187514175144906,0.007217765393178904,0.023085486884661215,0.9338228469115772,8.411533002999931,0.007501769283086546,0.01807894741081517,0.0004073191377547136,0.01957781373748516,-2.657305488277416,deltaRIC1,FGO-G
145,21.745973806128752,19.36938576663257,9.885052948781285,53.04339539035258,0.020405951509932286,0.007756709649831446,0.01887422349221073,0.7599984690363879,9.60357371200007,-0.01096046389434513,-0.017765990107584617,-0.01665108778323221,0.02670245115428437,4.688826609977696,deltaRIC1,FGO-G
146,24.69242036129626,21.109396184927082,12.810504127736117,65.66305299872529,0.022981698445235902,0.007313069502350087,0.02178709429643052,0.8806561736607951,10.132621018999998,0.0088347058847702,0.020214631865076216,0.01681020238806563,0.027735649872297482,-0.9463725897585391,deltaRIC1,FGO-G
147,29.43838635129338,25.516004421024277,14.681693000273702,63.2555746944044,0.022569506107830126,0.008764789309727475,0.02079810266123976,0.8351079790822173,8.260870077998334,0.0018135405375292457,-0.006730027541030248,0.00637637765561716,0.009446713290417007,1.798268020442265,deltaRIC1,FGO-G
148,29.029704817421262,25.09169768993064,14.59898862331705,67.05758719044329,0.023672908143097585,0.009067863651099182,0.021867337029382657,0.8799644631616629,8.082027750000634,0.006251678086934831,0.011624116606587354,-0.011976000561195743,0.01782212544080985,-0.3352809532661922,deltaRIC1,FGO-G
149,25.608660980410303,22.67194084872286,11.907418501152998,53.82792778525061,0.02583557584548928,0.008910942731098407,0.02425019750251766,0.9805616471681161,8.616328677000638,0.0024489642751519547,0.005510318232860412,-0.009596230704752684,0.011333520052799247,-5.475593584651506,deltaRIC1,FGO-G
150,26.759822419773407,23.85675537831459,12.122017932550067,78.27894570874548,0.02068809005577629,0.007347784960683642,0.0193392638517463,0.7780340005163405,10.780176547999872,0.014768989990927128,-0.02255291311219687,0.007499373989492852,0.02798209365706378,3.396465670713951,deltaRIC1,FGO-G
151,24.68457598187504,21.428892057931158,12.252790562745163,46.826478628092175,0.022650770995111764,0.008791565597973647,0.020875004215796526,0.839611115863761,8.250650854000924,0.019710904265016982,-0.024130459822697792,-0.007037326092497187,0.03194249202444353,0.7364446245755971,deltaRIC1,FGO-G
152,19.964412151434484,17.110340171792615,10.286593787930226,53.34445211616047,0.026121839307333233,0.007976665999841924,0.024874148997003007,1.005870011156628,8.416617992999818,0.018356184635497153,-0.02930088743447201,-0.0039649262209239255,0.034802473457463214,-6.310057750692067,deltaRIC1,FGO-G
153,25.815997308557566,23.277105948308225,11.164320655852077,50.53412322525378,0.0222967169152852,0.008058875640417356,0.02078937489711158,0.8425910360613573,8.758251524001025,0.030001719839068297,-0.00764838036222748,-0.007446162136613532,0.03184409279649819,1.1271493021813512,deltaRIC1,FGO-G
154,37.17624385978163,31.408459543490842,19.889237708541025,86.9828708269727,0.024521092956015605,0.009253367799629958,0.02270813035285665,0.9175497901862933,9.600983026999529,0.005054230926435199,0.006612864058496815,0.014550438813380584,0.016762770981428612,-2.3665753205568762,deltaRIC1,FGO-G
155,21.94983974674853,19.713416501413416,9.652806573724698,42.16230345037172,0.021909557587507733,0.007375846241713321,0.020630695720186498,0.8380158323163612,9.5623698899999,0.0023985417845004964,0.003479400129063004,0.004983013679858983,0.0065337319568360185,1.204045657053939,deltaRIC1,FGO-G
156,23.725376357559373,21.418013866394443,10.205986739496208,52.396140102444626,0.023702648800784824,0.007210022351743108,0.022579440601146677,0.9187587433230024,10.601663421999547,0.005062421229510505,0.01917557732945596,0.014750642965353666,0.024716641003871897,-2.2578863440357964,deltaRIC1,FGO-G
157,22.039518301905233,17.937346984729185,12.80593417636693,54.66454003113558,0.022503837656306626,0.007347521897073435,0.021270557849605885,0.8589008831390432,9.764681956999993,0.004676109531898787,-0.005782872055583033,-0.014267711875764477,0.016089599489589185,0.7738502025877096,deltaRIC1,FGO-G
158,23.642017658721194,20.37018598242383,12.00002175067814,51.39428304748513,0.02617138172307302,0.00819829455427852,0.02485415835823228,1.0061738302529852,8.093530669000756,0.0038086834318327156,-0.0289082931507757,0.010905448462459555,0.031130761130150092,-6.147291983475952,deltaRIC1,FGO-G
159,21.652055336799155,19.833500332027796,8.685837028592351,37.172646378821156,0.022411327264196246,0.0073147250471448395,0.021184012538411557,0.8628649459590997,9.795397705000141,0.010712361688073324,-0.008094764131854393,0.01907465281852816,0.023326428775829397,0.12632903598751,deltaRIC1,FGO-G
160,26.479582265787542,23.66026882062045,11.88948932068093,61.16331458625678,0.024708869709701393,0.008247942414042945,0.023291622705720407,0.9440118397701261,8.251906706000227,0.0011609027625096857,0.005662443181830179,0.009309702097572314,0.010958170976809956,-3.380022874331189,deltaRIC1,FGO-G
161,27.41700930699842,23.682481794425716,13.814212080199603,59.45503444303577,0.023030200712666666,0.006964007983991365,0.021952055431430938,0.8895852452419828,10.295257285000844,0.018379775516002894,-0.01194508968540775,0.0003086684237361137,0.021922513355154008,-0.9734131036020699,deltaRIC1,FGO-G
162,29.80665669040902,26.152370199727297,14.300011048818122,67.39778635083209,0.022669802375432476,0.008043534765110353,0.021194845793815652,0.8494278870507372,8.421569367999837,0.023634215584450446,0.019706857883644346,-0.006732803511042329,0.03150027042831124,0.19030941308847105,deltaRIC1,FGO-G
163,26.048134060043836,23.78464275603438,10.62054880775175,52.558040198931124,0.01984894071073911,0.008962893582837948,0.017710081478106154,0.7137456459002662,9.938382409000042,0.007440980747262627,0.013669213252944346,-0.0030891910446563253,0.01586690539286055,6.396572376323093,deltaRIC1,FGO-G
164,25.137844437353976,22.310554880604077,11.582329812095756,64.88795568602038,0.022468570059942357,0.00730332073529076,0.021248485752542703,0.8616257495309003,9.23020764300054,0.018657888363140973,0.004884295195258126,0.005475885764933297,0.02004890178130593,0.11554812344184029,deltaRIC1,FGO-G
165,24.80606834247363,21.77761103990472,11.877570627282866,79.72040581185378,0.02459305576295828,0.007974051785966505,0.023264412519440492,0.9413288308116491,8.062921660999564,0.017672854668336457,0.011631508170016014,-0.0021332623471441714,0.02126435004130232,-3.2752195274661062,deltaRIC1,FGO-G
166,20.286711267460053,17.499682315055882,10.262152450700157,53.332115132585265,0.024201016476867166,0.007023322898933803,0.023159493387613393,0.9385975490646143,8.583513700999902,0.011838101762008835,0.018503379898308303,0.014408259629934639,0.026270014589877957,-2.9402732072903746,deltaRIC1,FGO-G
167,26.505287893301073,22.65958353546004,13.750402187073684,58.418504945590094,0.02427706046342902,0.008230105943821718,0.022839461922262067,0.9227872511080828,7.908561468000698,0.022222534215255774,-0.0021887142323449016,0.0025290242742621594,0.022472816038914437,-2.3130563157465076,deltaRIC1,FGO-G
168,27.841996538571934,24.95387755404282,12.348310259776008,70.37297197855753,0.020421377297558038,0.009654179117276944,0.01799526260716283,0.7189523170619575,11.091432842998984,0.006817508720622811,0.0256390769908994,-0.010256857075460313,0.028443695455539098,6.721480420595981,deltaRIC1,FGO-G
169,22.10951518586161,19.11053084204801,11.11837545188041,78.60137972966425,0.024761048988042392,0.007532202528893938,0.023587612682337288,0.9498443099346585,7.92971441500049,0.009718903973081838,-0.013173487975115195,0.022330861264579616,0.027688720531768757,-3.3843087996956456,deltaRIC1,FGO-G
170,25.9941158542261,22.210111124864184,13.505740367122149,69.12001769370374,0.023661048630237113,0.008034902943079758,0.022255011951866795,0.8940075966465848,8.584187090000341,0.009919203931937126,0.005911906933518063,-0.006927105333395356,0.013465735721968193,-0.8621706175836152,deltaRIC1,FGO-G
171,21.885184900503294,20.026444321340406,8.826258888876412,37.16554615753046,0.023602184558264336,0.007364263271608618,0.022423887762580502,0.9118356251699155,8.075934422999126,0.014451490018934532,0.00043503051327875575,-0.002499507121697331,0.014672503234494911,-1.9248145368910627,deltaRIC1,FGO-G
172,18.29841460514256,16.092294875974474,8.71033998684209,66.1881630927966,0.0228361219436897,0.00736456314117072,0.021616005069549183,0.8756444273712181,9.607463872000153,0.0059960931592215605,-0.0074973386054925095,0.006363579626761373,0.011517741315275507,-0.6204363299875695,deltaRIC1,FGO-G
173,32.901771108678076,26.72233706081073,19.194875464463554,76.45854824626625,0.025000667083690916,0.009825695880134926,0.022988889818793906,0.9257448915912695,8.066792018000342,0.01199334716759326,0.013168890368872477,0.01199553596189995,0.021474471654572426,-2.8603502293408383,deltaRIC1,FGO-G
174,21.36653273522381,18.455446858034602,10.766856662724337,81.1679989238585,0.022654875053043203,0.007765338810191933,0.02128245467120572,0.8513112364872079,7.892226731999472,0.0033663820515359433,0.012183045622337518,-7.774074361255323e-05,0.012639824855435227,0.5320457086672832,deltaRIC1,FGO-G
175,27.497649372162392,23.040455632587186,15.00860170825931,84.96453666765179,0.024824762398176117,0.009081255891309746,0.02310410395497845,0.924455346050249,8.090383985998415,0.00023280200427766573,-0.032323838554847995,-0.0039533941435514475,0.03256553486352313,-2.5095478902749164,deltaRIC1,FGO-G
176,23.49324763008672,20.69402787125471,11.121595868952822,44.38731865625445,0.0251662156723086,0.008601458841688388,0.023650651514490917,0.9576258363677366,11.261557141000594,0.021576501505877088,0.012883673963990372,-0.011519585354836992,0.0276448063619714,-3.9073645995304105,deltaRIC1,FGO-G
177,25.531682004031403,22.474098143706296,12.11534970944042,60.20099027197929,0.023432991398298807,0.00830567723549971,0.021911659260139296,0.890460267649916,8.076594368001679,0.005532344001107248,0.0026882436557897904,0.0056138739014541805,0.008327608557137505,-0.8779086903996358,deltaRIC1,FGO-G
178,26.402103814075932,21.245772187181256,15.67444576307687,98.46397316595507,0.02395284141758476,0.008979918323898982,0.022205847853033377,0.8842343443798798,8.217413668000518,0.002505082147395532,-0.02050029997119751,0.010913434197544536,0.023358955059214766,-0.6905928875858081,deltaRIC1,FGO-G
179,24.61026603271263,20.23861895379833,14.00226756792785,66.08381274444731,0.02748789877750968,0.008791572744251602,0.026044055519161183,1.0513398159486904,10.082773697999073,0.0044826286241399504,0.01013615354576669,-0.0012091453925590079,0.011148883382010245,-7.901309672550269,deltaRIC1,FGO-G
180,21.746144406575098,19.764273277315894,9.07018733936595,63.63600792956748,0.025844508077770775,0.007661576797009136,0.024682764001737932,1.0009615886003316,8.060045378000723,0.0025132241108363207,-0.005792105988148499,-0.008074206283391727,0.010249760695547831,-5.816269858281885,deltaRIC1,FGO-G
181,30.079475546433926,24.06888476606352,18.04061072321201,120.70614849134397,0.027527070819445727,0.008547119070857248,0.026166512635186386,1.0614867098954481,8.726165010999466,0.014503696150940604,-0.0008978728518332924,0.025269527709868678,0.02914982690131606,-8.37994671053275,deltaRIC1,FGO-G
182,33.88012101819491,26.8684059656077,20.638589125103234,94.20277521165285,0.024915710816881553,0.0094159537130578,0.023067996470955626,0.9228758778228031,10.57443235000028,0.0025187280943865797,0.03307415922810164,0.012628953372675555,0.03549273817485045,-2.21576073387223,deltaRIC1,FGO-G
183,32.429334313472324,27.00926639874477,17.94885101104219,82.46496058320874,0.02208997167153102,0.008645025499366268,0.02032806883509474,0.8202936034201849,11.276066349000757,0.017347656260226607,-0.012090578555837839,0.011247628084761763,0.02395062431484797,1.4365421285037883,deltaRIC1,FGO-G
184,27.99894095108556,23.898947101106277,14.58701552206276,69.48260780821592,0.02046752926182945,0.007158249887715303,0.01917496317151271,0.7773268027733141,8.0880054320005,-0.0009684186844116649,-0.0009709136083411174,0.011750958001982559,0.01183070251284925,4.066330353090962,deltaRIC1,FGO-G
185,20.626276378434163,18.507591445035818,9.105621128906476,43.94911395619322,0.019571233370100357,0.00792686939993266,0.01789407491722724,0.7221410916996612,11.07804149200092,0.0023901943295885353,-0.0005058897851942801,0.011867781040649339,0.012116648886418927,5.899794649873002,deltaRIC1,FGO-G
186,25.11243407944599,21.958903391213497,12.183632760793177,85.68819071657092,0.025063114907494532,0.008114846355528062,0.023713055422961583,0.9596288735500142,8.415553758999522,0.009163976385259343,0.006248688871877572,0.015411792502316946,0.01898809953475045,-4.1782972953897115,deltaRIC1,FGO-G
187,24.200022346470654,21.8947033209607,10.30839696833563,64.39177946755085,0.019391151412347117,0.00785145772495166,0.01773052071118805,0.7154748212739266,8.245141976000014,0.014979807653769939,-0.015297226844749101,-0.015658536808158763,0.026525262702867237,6.3698300378491695,deltaRIC1,FGO-G
188,25.03017130300915,21.973622192341733,11.986217218380858,81.17994995379672,0.021036355535790873,0.008970833476084175,0.019027674607596346,0.7542515905323882,7.904151714999898,0.016193310631309688,-0.037975908691167515,0.023852813809381646,0.047679656843847014,4.642485292222773,deltaRIC1,FGO-G
189,20.3300935743654,17.535945733117625,10.286073691531039,60.0554664836029,0.021093860431181104,0.007930196072898356,0.019546430316953918,0.7870097719887189,9.077489403000072,0.013953857348532717,0.013342728388347158,-0.016048966741022297,0.02510593294826634,3.5387082698307495,deltaRIC1,FGO-G
190,25.68376600389709,22.02468402284793,13.212461157431921,81.3224402445167,0.02351698666910233,0.009854957451400921,0.021352481720535766,0.8537314967800939,8.05768570500004,0.013508589664989357,-0.0011208329633336511,0.002395705169785378,0.013765088613201477,0.7795289376335859,deltaRIC1,FGO-G
191,21.4305326000515,17.967023161731984,11.681344367308785,47.3156711533249,0.027384325650761585,0.008248835675192528,0.02611241086821801,1.0594508712364616,8.038184101000297,0.022599159082580478,0.026517936349173654,0.0089363597088572,0.03596917380625654,-8.227720412460258,deltaRIC1,FGO-G
192,28.575679983649454,22.064478485231874,18.158421619256554,85.8480599471438,0.01995122347179742,0.008253079300278863,0.018164195552925234,0.7245980548025498,7.8804782799998065,0.014170774721388613,0.020739755266624194,0.017036967449616247,0.03035138488772952,6.226027183636688,deltaRIC1,FGO-G
193,28.123400401388302,23.38806089722675,15.618074708632331,68.16679645884246,0.020898830911409295,0.008082539745002022,0.019272614890931107,0.7746274465656701,7.882577681000839,-0.002936722206786979,-0.0022686393838765584,-0.005173035509761226,0.006366424299334924,4.175128089653299,deltaRIC1,FGO-G
194,30.10724972786914,26.509489859115504,14.272120851006289,72.93447121585908,0.02274408337168269,0.009582230089733577,0.020627025838095458,0.8244480874042224,8.91727439799979,0.016423052663168347,0.015868031452627607,0.00128092740852348,0.02287251311038397,2.4209508488893334,deltaRIC1,FGO-G
195,23.69753795476662,20.7386804224284,11.466492029125103,54.868456030955095,0.020027262477023407,0.009261027664580347,0.01775738181488102,0.7178676342500647,8.233133843999894,0.00708536244251845,-0.011555751456408636,0.015419439148402825,0.020530388606050276,6.928723549866845,deltaRIC1,FGO-G
196,22.08736160111537,19.444544505985313,10.476699454178402,53.645956661912585,0.02259982319193407,0.00845256200053478,0.020959632724210524,0.8450037812477498,8.229685839000012,0.012052651377011836,0.020244889311378023,0.015134145804971855,0.028002934090767713,1.138693049628273,deltaRIC1,FGO-G
197,24.07148202574288,20.60771532993212,12.440189540201692,64.99996841546461,0.023940356391658816,0.008433131911165764,0.022405868658200174,0.9069250162172362,9.741067392998957,0.002928700337160306,0.02036495255329296,0.02383346588561519,0.03148559471065362,-2.0054491686678375,deltaRIC1,FGO-G
198,28.63528519266153,25.082535523725507,13.814701218850475,59.52264161698153,0.023899700080826765,0.008292808948099648,0.022414838471507867,0.9066872879550598,7.89934643199922,0.011127274320779756,-0.0048190329221086126,0.0029675715652726087,0.012483821254298134,-1.6007475899732526,deltaRIC1,FGO-G
199,27.599158293904868,23.477124752964066,14.509932869099694,92.63607505519566,0.024705626447166614,0.008271674234863167,0.023279763390104274,0.9372989895808328,10.07948857700103,0.004751776215483616,-0.014813534988590171,0.008402393299940192,0.017681074888905957,-3.0034186760512966,deltaRIC1,FGO-G
200,32.26747279416841,27.484646129334237,16.905147963495363,91.66968851156786,0.0243203667159179,0.01040426362779731,0.021982527961088127,0.8703000988011579,7.902325777000442,0.027670757231362142,0.04081959063816698,-0.00361520057436715,0.04944673357075687,-0.3495901354472153,deltaRIC1,FGO-G
1,78.89919685127416,49.637840269234204,61.3283627466289,563.73616161115,0.05815993421450807,0.024109011282612017,0.052927625327524305,0.44944009747729713,6.248994043999119,,,,,,deltaRIC0.5,FGO-B
2,75.53983344332404,45.75606488162486,60.10531559848658,534.948115684547,0.05783254810453699,0.022548799017958168,0.053255565747734886,0.45656545163695944,5.512285920000068,,,,,,deltaRIC0.5,FGO-B
3,75.73871364699606,40.68491098094468,63.883415401606975,578.125292690038,0.058480706607566664,0.022068959471104505,0.05415675464042354,0.44504068797475205,5.6457641840006545,,,,,,deltaRIC0.5,FGO-B
4,73.10512803663744,38.90255071925896,61.894679034539294,552.5345847698189,0.058753238662852265,0.02304725131724365,0.054044123270656254,0.44678342658746234,7.2243656369992095,,,,,,deltaRIC0.5,FGO-B
5,74.91221033605031,42.94876780105846,61.377867361153946,579.0367256305252,0.05766023053532255,0.023010876449599614,0.05286966758367036,0.44374240724536107,6.406031154998345,,,,,,deltaRIC0.5,FGO-B
6,72.96540750946122,36.8927128659259,62.951397366651705,583.695306159797,0.057619677547685544,0.020897878549740186,0.0536964236501796,0.45450892099543316,5.945040153999798,,,,,,deltaRIC0.5,FGO-B
7,71.68840639521585,40.813328989944836,58.93640460907123,539.7496540029966,0.05754641485260397,0.02237488603983566,0.053018433936625906,0.44826169595346166,5.632226997999169,,,,,,deltaRIC0.5,FGO-B
8,71.27543259944315,35.75165454171578,61.6604126629686,560.8304936937678,0.057480914526297146,0.021041805173693435,0.053491101781621656,0.4541750238722833,6.991571317999842,,,,,,deltaRIC0.5,FGO-B
9,74.92141249934338,40.78040376784012,62.85043133844586,570.2324033266902,0.058345220825860536,0.022714888246405284,0.05374196354034479,0.4545108077909995,6.090218934999939,,,,,,deltaRIC0.5,FGO-B
10,70.34361768043225,36.17319721818401,60.330128057092544,565.3555472655694,0.056753407233728556,0.02035020090212298,0.052979416341449696,0.4511708145961609,6.577397364999342,,,,,,deltaRIC0.5,FGO-B
11,77.12964378158377,46.99560141871627,61.15877203776378,558.0178793437526,0.05874106767406873,0.02423572911352329,0.053508340152030896,0.45003478423712734,6.106616156999735,,,,,,deltaRIC0.5,FGO-B
12,70.15180226019942,39.426243854191114,58.024534947761346,518.7742409597518,0.058027025614880504,0.023611374795011342,0.05300602495942798,0.45035122776008957,5.487402040000234,,,,,,deltaRIC0.5,FGO-B
13,71.36783701394133,39.7220890912344,59.291852714150615,553.4931117440826,0.057369634708510794,0.02129474690484971,0.05327108728800606,0.4465873680695441,7.063464586999544,,,,,,deltaRIC0.5,FGO-B
14,71.4984179735225,36.16438882222332,61.67787896670552,564.8088359649238,0.0584136240044309,0.022628532378463455,0.0538525857478344,0.44734855245019345,5.643079982000927,,,,,,deltaRIC0.5,FGO-B
15,74.23163472071096,39.93412209675526,62.574767164333124,557.7430762351127,0.05806243555609497,0.021587928240098114,0.05389997937853089,0.4568025937780111,5.785105420000036,,,,,,deltaRIC0.5,FGO-B
16,73.9720693634948,40.72277198725357,61.75372772223422,579.0124362105586,0.05834066231805714,0.02186292378624943,0.0540892359275505,0.4481147192905919,5.490084570001272,,,,,,deltaRIC0.5,FGO-B
17,77.05209211299797,48.63824519455587,59.76073964890484,546.7159929837218,0.057737625838725964,0.021832854278277716,0.0534505370558258,0.45552397292822994,5.638491186000465,,,,,,deltaRIC0.5,FGO-B
18,72.18365603526061,37.80350873417797,61.4928851656982,550.4006914247121,0.05839105711830319,0.02236468631755652,0.05393826431495777,0.4548466389046683,6.234642571000222,,,,,,deltaRIC0.5,FGO-B
19,77.79723155143314,37.472393499057794,68.17792137135801,600.4810517533255,0.05905996954220772,0.02168061058707122,0.05493661007832827,0.44054665142507204,5.6308986820004066,,,,,,deltaRIC0.5,FGO-B
20,73.02009316544871,40.086999170926724,61.03250366289205,565.3408925723896,0.05769274254747747,0.02143825283639393,0.05356168274029826,0.44332656291378686,6.8887240730000485,,,,,,deltaRIC0.5,FGO-B
21,75.55477635407551,44.276192148677865,61.22207966679772,554.4126944195096,0.05826340326746735,0.02350127793200208,0.053313357574535834,0.44489261595902607,5.785774667998339,,,,,,deltaRIC0.5,FGO-B
22,74.22928218392009,44.10439234039576,59.70585322918076,518.1887036735598,0.0584414514923282,0.023097957656562466,0.053683215297016224,0.4463457750168972,5.9389181030001055,,,,,,deltaRIC0.5,FGO-B
23,78.50061035132356,43.021645224815714,65.66189052776669,590.402892188388,0.059319186599484666,0.02281093305656126,0.05475789652564789,0.4493877796029007,6.1080465739996725,,,,,,deltaRIC0.5,FGO-B
24,70.58415152215385,38.145511821547245,59.388907836182455,539.7795052802127,0.057570997569212565,0.02252710730646556,0.05298064927421393,0.44453218422675744,5.784890977000032,,,,,,deltaRIC0.5,FGO-B
25,69.35532730830039,40.42527595534127,56.35564292931086,531.9990433138018,0.05758696484073102,0.022622847336138566,0.052957202512721145,0.4428925581923141,5.801075286000923,,,,,,deltaRIC0.5,FGO-B
26,69.55851468187613,36.96130319817934,58.92579257541671,547.6831084687744,0.05739320521877969,0.022194007504575165,0.052928310346843886,0.4496549768799789,5.938286417000199,,,,,,deltaRIC0.5,FGO-B
27,72.29036997663167,38.36448356008747,61.27041694428123,557.7726769145916,0.0576615646563854,0.02166865531532747,0.05343524506772701,0.43979454288973285,7.649183216000893,,,,,,deltaRIC0.5,FGO-B
28,72.03500027712592,39.57145995184888,60.192531282583154,550.1386183430013,0.05746022498055602,0.021173923507499637,0.05341668670101757,0.4520284421083089,5.942785752000418,,,,,,deltaRIC0.5,FGO-B
29,78.40632393673215,40.83462971105591,66.93343446763154,590.5212097151518,0.05977876244533533,0.024417830288921298,0.05456436569298017,0.4428435408856744,7.301645035999172,,,,,,deltaRIC0.5,FGO-B
30,75.77597919343938,40.889768463037846,63.796754288629096,577.0810195519534,0.05852173332762613,0.02198964085712655,0.05423328283115799,0.45057744586367965,6.864555852000194,,,,,,deltaRIC0.5,FGO-B
31,73.87558077591166,38.36038581256811,63.1354277350615,561.4967827829399,0.05847735920430909,0.022102553289728533,0.05413943735932711,0.45831653367812575,8.279098179000357,,,,,,deltaRIC0.5,FGO-B
32,73.89636152433668,41.332500356242114,61.25599285650926,555.617570873464,0.058698889424151766,0.023720983301111685,0.05369240701307008,0.4495986902481674,9.182884867999746,,,,,,deltaRIC0.5,FGO-B
33,75.38513407875337,42.9907024106753,61.925099485655885,556.6740297023697,0.05862795366124569,0.02308784676276681,0.053890521266398685,0.44719595241456733,6.891013083999496,,,,,,deltaRIC0.5,FGO-B
34,77.92986017011506,40.51208040672672,66.572024509193,584.2952755303021,0.0589751485812011,0.021694113830089668,0.054840072714228395,0.4495951763103125,5.958716374001597,,,,,,deltaRIC0.5,FGO-B
35,75.22206186164003,42.86482432161069,61.813958185783996,567.3384392790889,0.05787964233780619,0.02196565957412079,0.053549629285609454,0.44616701021137234,5.656394952000483,,,,,,deltaRIC0.5,FGO-B
36,73.6243389151859,41.82894392438629,60.58781008477452,558.2185140697885,0.05805562904864022,0.023501508017400762,0.053086111038023555,0.4443322155682793,5.4786125700011326,,,,,,deltaRIC0.5,FGO-B
37,73.74497456254389,38.61510494516941,62.826705653756804,569.6949874688538,0.058189566626066336,0.0233955893843336,0.05327918976006551,0.4575802592410213,5.654214455000329,,,,,,deltaRIC0.5,FGO-B
38,75.62110934966356,41.431584761775646,63.2611726369467,579.609982259673,0.05831491956706737,0.022257672804364862,0.05390014698910731,0.4514914570244518,5.502024118999543,,,,,,deltaRIC0.5,FGO-B
39,70.99331084926492,35.90374491154532,61.24517357855262,549.8757485292758,0.05822161441525541,0.022711588747619957,0.053609142146444196,0.4515641915640345,5.781593737001458,,,,,,deltaRIC0.5,FGO-B
40,74.04347448207395,47.521832566407674,56.78126049065705,538.8272494328253,0.058308489538764885,0.024788878100662735,0.05277680811495459,0.451312555533374,7.962524429000041,,,,,,deltaRIC0.5,FGO-B
41,71.03474117501213,40.49087549731011,58.364573632146886,539.1240035458113,0.05826031821674592,0.024042125559794847,0.05306826619820508,0.4442014164750264,5.659647397000299,,,,,,deltaRIC0.5,FGO-B
42,76.43975673054128,38.01047599780669,66.31922891171529,597.999108406843,0.058623993200514306,0.021720965119067077,0.054451558775394295,0.44428165549497944,6.10959578999973,,,,,,deltaRIC0.5,FGO-B
43,73.50641194903572,40.23821331394769,61.51486638953695,559.9710735244201,0.05794434582626399,0.022034416252288597,0.05359133991284932,0.4473662859233303,5.80006665899964,,,,,,deltaRIC0.5,FGO-B
44,77.63478577953224,43.55713048204704,64.2645808140362,593.1081627854684,0.05869897147128122,0.02356108858881135,0.05376285294045016,0.44106157123119283,5.940093277000415,,,,,,deltaRIC0.5,FGO-B
45,73.94979091930439,43.508626477470806,59.79607845881501,521.2730797521587,0.058754157813831906,0.025163889939866315,0.05309265206699472,0.4600904571628072,5.649372518000746,,,,,,deltaRIC0.5,FGO-B
46,70.53441210095491,37.923749372366636,59.47177922316816,544.1098968749778,0.057413609043699985,0.020806101646929264,0.05351101417166821,0.44618064825555215,5.936858295999627,,,,,,deltaRIC0.5,FGO-B
47,74.78594031903835,42.92496680872295,61.24037960261837,542.744615609022,0.05863967795305506,0.023263822843804127,0.053827561500871555,0.4458869901667891,7.51946624500124,,,,,,deltaRIC0.5,FGO-B
48,76.95274935107136,41.488774485795396,64.81054871203938,593.9119042341554,0.05847479945965252,0.022569214081770605,0.053943792484194016,0.44911228079548243,5.801766274000329,,,,,,deltaRIC0.5,FGO-B
49,77.01748575638695,45.48072864998909,62.154617155134396,552.3364817344616,0.058513103803010134,0.02246479885740814,0.054028845341706426,0.4494987151969943,7.517256933999306,,,,,,deltaRIC0.5,FGO-B
50,82.39572397730892,48.22229689326312,66.81066840021033,584.6365500400102,0.05920041301508854,0.023082806742506373,0.05451488726985653,0.4459603112482119,6.271817351998834,,,,,,deltaRIC0.5,FGO-B
51,70.25359302265721,39.38447242452493,58.17585980830009,536.2151179314504,0.057733899630778095,0.023037074453026635,0.052938609419047516,0.4437459889074982,8.132639135001227,,,,,,deltaRIC0.5,FGO-B
52,70.17077981319436,36.1390489597199,60.14904388166757,550.6172451722961,0.05794456393396541,0.022049635497756057,0.0535853157489391,0.4534719798937689,7.642588048000107,,,,,,deltaRIC0.5,FGO-B
53,72.16403690446288,40.605312337885614,59.65615502436807,535.0547153000765,0.057474068461939275,0.02125413701443632,0.053399721023047034,0.4500679659465549,5.941873558000225,,,,,,deltaRIC0.5,FGO-B
54,76.00194775285405,47.99663804611834,58.928930064081946,558.1590013150475,0.05803161142950898,0.023019420546015853,0.053270763114781655,0.4435032684847133,5.946193874000528,,,,,,deltaRIC0.5,FGO-B
55,71.94353359222482,38.77981128617863,60.59701529237189,557.9611279901084,0.057695000780718673,0.022343158034849903,0.05319301085778892,0.4394119111775119,7.149256549999336,,,,,,deltaRIC0.5,FGO-B
56,71.02011049455032,40.3420456971218,58.44976855069209,551.1764192989366,0.057570118383173205,0.022202891190702657,0.05311638309812138,0.44745993783973115,5.651091993000591,,,,,,deltaRIC0.5,FGO-B
57,73.15700669171537,40.65620160269052,60.819576612576576,556.9429464025609,0.057930466122479936,0.022353626466030195,0.05344393594211591,0.46047166204870243,5.623223694999979,,,,,,deltaRIC0.5,FGO-B
58,76.16423513973812,41.82397269901736,63.653326873724126,557.5851206149079,0.05836200993942591,0.022108634562190144,0.05401233638684018,0.4499222732831648,6.23104791500009,,,,,,deltaRIC0.5,FGO-B
59,72.3131540687996,42.169621771449016,58.7444912398676,549.9149225151706,0.05800829536487366,0.022872139210646153,0.05330879457525978,0.44797690090097436,8.121229648000735,,,,,,deltaRIC0.5,FGO-B
60,80.36114902169767,46.2312995266385,65.73112821309044,552.970255809217,0.059727371953619914,0.02405182546366554,0.05467054647935607,0.4531860763599455,5.5025826080000115,,,,,,deltaRIC0.5,FGO-B
61,69.10987900836086,40.205014503892166,56.211495134821824,536.3405818937229,0.05659377985306024,0.02109565049299255,0.052515040210725825,0.4481369851482469,7.926761032000286,,,,,,deltaRIC0.5,FGO-B
62,71.9228572246037,39.48138335163141,60.117532883446344,557.6787698573398,0.05773087006912613,0.022404869844406004,0.05320596927219304,0.44195950116188515,7.484810741998444,,,,,,deltaRIC0.5,FGO-B
63,77.1034022011137,46.41468250522487,61.56794522254154,568.4221805599751,0.05819036886788727,0.022236913689944328,0.053773959297477344,0.4426728568841845,7.040978306999023,,,,,,deltaRIC0.5,FGO-B
64,78.84057726911291,46.018953866279986,64.01634564062648,577.4689685180657,0.058773409895450726,0.02302463519878502,0.05407568663180833,0.44332491544836977,7.169269149000684,,,,,,deltaRIC0.5,FGO-B
65,72.48067546096435,42.57235922205563,58.66040014819109,534.8058575674336,0.057305035021964046,0.022260049428349186,0.05280489786294428,0.4521141062935438,7.170801787999153,,,,,,deltaRIC0.5,FGO-B
66,71.64136111965576,40.080401896566066,59.38051874888487,562.1104635310425,0.05742088421614608,0.02244492271444723,0.0528524681401592,0.43609916869212134,7.322596464000526,,,,,,deltaRIC0.5,FGO-B
67,74.2516736673854,39.8376781177452,62.65995886205815,567.1628345619171,0.058665989307282417,0.022761273346912296,0.05407053483209976,0.4466958035774728,7.5155701610001415,,,,,,deltaRIC0.5,FGO-B
68,75.0045007049886,45.73922295353824,59.44407968512218,539.1685037546573,0.05857278246545638,0.02356974062530009,0.053621247398785425,0.4548946284563368,5.640472160001082,,,,,,deltaRIC0.5,FGO-B
69,75.52451551670923,38.302384140146444,65.09131903114508,581.3378301362596,0.05856801386280755,0.022263354228804322,0.054171535942012926,0.45728869189065036,5.786326862000351,,,,,,deltaRIC0.5,FGO-B
70,73.97987593708653,42.91339762306084,60.26161587703893,542.4321984769722,0.05806002400113964,0.02334396350174599,0.053160377679640894,0.44148288645021333,6.5533894740001415,,,,,,deltaRIC0.5,FGO-B
71,74.92984366210901,46.63744717136721,58.64665372010606,542.7245259641828,0.058119673664850546,0.023569359614088122,0.05312609297031463,0.45301045593946454,6.104682650999166,,,,,,deltaRIC0.5,FGO-B
72,75.7616732177115,40.55584447667312,63.99261369510708,571.3195535051074,0.05856176456939819,0.02337276401091504,0.05369538315322552,0.4511592001467017,5.795224384999528,,,,,,deltaRIC0.5,FGO-B
73,74.20433429567765,41.44771661888634,61.549736111092905,568.8556752036623,0.05818564874668437,0.02221168012935099,0.0537792802657671,0.4416567983542729,6.723554725998838,,,,,,deltaRIC0.5,FGO-B
74,76.29742769016973,47.66241399746116,59.57845050075823,552.37129306898,0.05908049484276156,0.025140095815315462,0.05346475898442201,0.4454902170359095,7.128473012000541,,,,,,deltaRIC0.5,FGO-B
75,75.74293931853748,44.56640406427672,61.244007750891605,553.0723438350913,0.05870825569141211,0.022974979362561508,0.054026008640451074,0.4528441335779384,5.621620820998942,,,,,,deltaRIC0.5,FGO-B
76,71.17760622531833,38.97184121635521,59.560450134075325,535.5804958483369,0.057665832716512426,0.02109336661128741,0.05366952718154521,0.4528291116118446,7.635710726999605,,,,,,deltaRIC0.5,FGO-B
77,66.76528039516388,39.55515023109411,53.786548099319695,514.5869861678004,0.05654173593274869,0.022440803850989434,0.05189776705032791,0.4445270877191878,7.513959633000923,,,,,,deltaRIC0.5,FGO-B
78,80.71634539197781,43.715426646280235,67.85344417618569,597.940142854615,0.05923569488557214,0.022085445033939166,0.05496454008021398,0.4516535568947518,5.632274997999048,,,,,,deltaRIC0.5,FGO-B
79,75.47811801491704,43.51754589995196,61.669842694134694,557.0529396559712,0.05887575512683813,0.023497364014014577,0.0539835940462313,0.44491839080653317,5.7874845520000235,,,,,,deltaRIC0.5,FGO-B
80,72.94387801034466,41.60348829298223,59.91626741581733,541.5507302701478,0.05805163704524795,0.02273206517512342,0.05341578209206662,0.44545487057078426,7.35299399699943,,,,,,deltaRIC0.5,FGO-B
81,72.47452841510413,36.658303279315774,62.51980541935047,561.9135674861874,0.05834428835045423,0.021677307729881103,0.05416779774649312,0.45387827041053885,7.359658661998765,,,,,,deltaRIC0.5,FGO-B
82,76.46139914708495,46.83347568249714,60.439813989015484,549.5107302355594,0.05866076409190781,0.023419679371908975,0.05378293281296068,0.44881922213841047,7.332149460999062,,,,,,deltaRIC0.5,FGO-B
83,73.04833100047696,38.31144610971807,62.19559276136382,561.4828135882127,0.058315021022774895,0.02187395166599075,0.054057117157693284,0.45044315018155207,5.496776248999595,,,,,,deltaRIC0.5,FGO-B
84,77.3487870171281,45.8164016662162,62.3192762424355,550.2452479517679,0.058810661381772496,0.023710365644016473,0.05381925727087425,0.45636944942130786,5.789903643000798,,,,,,deltaRIC0.5,FGO-B
85,73.47121500180782,43.14216244465414,59.47077646576462,533.8702611304607,0.0581029177572496,0.023327267676804715,0.05321454345045546,0.45561463955352083,7.457020867999745,,,,,,deltaRIC0.5,FGO-B
86,73.7945231784241,43.17067224427994,59.84918302790715,543.3720198726932,0.05847023566113174,0.02288631373774244,0.053805065763047846,0.4631878047181499,7.119217719000517,,,,,,deltaRIC0.5,FGO-B
87,71.57051926547777,42.26296487820036,57.7596834100926,545.092641042692,0.0573565903716551,0.02112251587503437,0.05332558281135574,0.4492299578693603,5.463385148999805,,,,,,deltaRIC0.5,FGO-B
88,68.39089065459369,35.75107047788782,58.30244320964336,545.2661653809213,0.05770939562644525,0.022150271915083945,0.05328920901699915,0.4481734025229361,5.613031643000795,,,,,,deltaRIC0.5,FGO-B
89,72.59653313144607,43.2127675355292,58.33449532331157,549.944112272553,0.05801580911678993,0.023443793316164887,0.053068094580687085,0.4511964759017791,5.789589119000084,,,,,,deltaRIC0.5,FGO-B
90,70.79680590143667,40.847213708655104,57.8246734369089,534.8064052004477,0.057699008884106714,0.022863315325240507,0.052975885443726646,0.4459822734364456,7.32262787199943,,,,,,deltaRIC0.5,FGO-B
91,73.35569950484941,40.129656738995784,61.40577578580156,563.65978316466,0.05849345102959029,0.023210540716787794,0.05369128991731725,0.4510782377343078,5.478573000000324,,,,,,deltaRIC0.5,FGO-B
92,70.21238879800606,40.307550525862005,57.48983311271175,541.1060014147902,0.05745972874737287,0.022157386766606706,0.05301575840631416,0.4506702953734502,5.468651992998275,,,,,,deltaRIC0.5,FGO-B
93,79.07564735841662,42.597436346203025,66.62144115736197,573.0366667644425,0.058508436173531006,0.022012642871935734,0.05420959930920693,0.45859511003917836,8.423788908999995,,,,,,deltaRIC0.5,FGO-B
94,75.1540677337203,39.703258871625934,63.81054091525377,574.7035674409082,0.058100254944709634,0.021796533803345727,0.053856761309977255,0.4506172401893694,5.622693372000867,,,,,,deltaRIC0.5,FGO-B
95,74.79281930942751,40.69048701150234,62.7554785418726,565.0648048601932,0.05839489140752144,0.0220818716259355,0.05405880398225552,0.44933863154425674,7.789259578999918,,,,,,deltaRIC0.5,FGO-B
96,74.6941826132495,43.94940748360087,60.395947696032316,570.4902833537483,0.057912530788238034,0.023577912041245788,0.05289558853131227,0.43923150063084365,6.5307219110000005,,,,,,deltaRIC0.5,FGO-B
97,78.41824728801868,44.54378467068989,64.53892433978166,578.9647328497605,0.05764226016641127,0.02124901904190322,0.05358273366345802,0.4513486888220517,5.473253980000663,,,,,,deltaRIC0.5,FGO-B
98,71.63786368766752,39.76287090644661,59.589408547241796,525.9619196137634,0.05775457937771378,0.02122325023535367,0.05371373277425618,0.45455461944816794,5.797357315001136,,,,,,deltaRIC0.5,FGO-B
99,72.11674333772999,38.85340150687376,60.755558272356296,545.4197886539005,0.05824253355034323,0.022830592127451116,0.053581309964136035,0.4540180423103235,5.798464714000147,,,,,,deltaRIC0.5,FGO-B
100,76.13057692326234,41.54445703020332,63.79594683625564,582.3527753184852,0.0588826601602318,0.022694450675415496,0.05433350325615387,0.44180752905377707,5.785316338000484,,,,,,deltaRIC0.5,FGO-B
101,73.34907837634859,40.95277887083187,60.85192849381583,546.8118491743278,0.05807739896907697,0.02269357627002689,0.053460133436887484,0.44525163916033517,5.483618485999614,,,,,,deltaRIC0.5,FGO-B
102,75.79076040394082,40.08623948164439,64.32210169784426,584.3232091882702,0.05847236499636103,0.021999514077863193,0.05417599882425396,0.4502682315745157,5.785750638000536,,,,,,deltaRIC0.5,FGO-B
103,70.88635866128041,38.91465221805147,59.24968934098968,561.4944281967021,0.057117509660063355,0.02083176234017569,0.053183151350496984,0.44457420752900895,5.644858798999849,,,,,,deltaRIC0.5,FGO-B
104,73.18981601337174,39.9252261292745,61.34105873391412,568.0778847487289,0.05828710097864884,0.0227685538942812,0.05365611888739641,0.4389724563518015,7.187332322000657,,,,,,deltaRIC0.5,FGO-B
105,68.108955508669,34.15892778994717,58.923658005278554,547.9099416312285,0.05715734115728917,0.021181475087506323,0.053087727030718616,0.45155871510732654,5.490657340000325,,,,,,deltaRIC0.5,FGO-B
106,70.17926127171833,41.08901714728299,56.8930697230725,530.6859717330848,0.05764452414693813,0.02288925327740914,0.05290532344225435,0.4511736344475523,5.473031973000616,,,,,,deltaRIC0.5,FGO-B
107,76.30345278900077,39.5081641979946,65.2788010706965,587.132040967362,0.05926445839377552,0.02345049515462489,0.05442747748803414,0.4396182594047051,5.4931951929993375,,,,,,deltaRIC0.5,FGO-B
108,77.40886433818973,45.422332749319594,62.68128880087224,559.9115494791357,0.059487867206246034,0.02399209955127223,0.05443514952555753,0.4511876281660242,5.482527259999188,,,,,,deltaRIC0.5,FGO-B
109,70.89870843881108,37.774322955176764,59.99772815340217,543.3691779521711,0.05799476140753299,0.021628189985437207,0.05381090733922363,0.45952441916149067,6.423566023000603,,,,,,deltaRIC0.5,FGO-B
110,74.12233907485071,42.820867108411726,60.50202054486184,558.0166910212669,0.05858674635444032,0.02326429794393905,0.05376968746027039,0.45082357051294275,5.949416666999241,,,,,,deltaRIC0.5,FGO-B
111,71.1433860606861,43.12294064130733,56.584391581301894,536.8613871175985,0.05731708555606491,0.022910301553562572,0.052539188986565954,0.4450263325613655,5.488659258999178,,,,,,deltaRIC0.5,FGO-B
112,72.7025559082315,41.20880165944713,59.89571187807916,564.4754776205666,0.05758374057522212,0.022267042723005042,0.05310429348938135,0.44595029683394655,7.016668528000082,,,,,,deltaRIC0.5,FGO-B
113,74.2950713506676,37.41311160236287,64.1873562879009,579.8859814851118,0.057887196236127446,0.022076517422189045,0.053512193625263695,0.426494850458006,5.493014661999041,,,,,,deltaRIC0.5,FGO-B
114,72.14923112265784,37.964582821744415,61.353092854082014,550.7928094887227,0.05847265671118835,0.02311595128031341,0.053709444041720046,0.44144321437592166,5.791106832000878,,,,,,deltaRIC0.5,FGO-B
115,74.9901081791175,43.03954056879837,61.4093988925352,532.3481175608958,0.05884493381113022,0.023953522211549096,0.05374900007346294,0.4547308841119826,5.485025560999929,,,,,,deltaRIC0.5,FGO-B
116,76.72308824075033,38.53544276216909,66.34343916561419,590.1770733887407,0.059109547010956234,0.022964489370198814,0.05446623519031284,0.4435114677548961,5.771129048000148,,,,,,deltaRIC0.5,FGO-B
117,78.49731593568357,46.68596284469513,63.10506701026685,549.9568391395799,0.058733674180137356,0.023250028982908424,0.053935893753533484,0.447978591641649,5.790109253999617,,,,,,deltaRIC0.5,FGO-B
118,79.35416966779331,39.91920915403661,68.58236642301875,615.0089744415927,0.05865144015289617,0.022221740720319797,0.054278777356971133,0.44121995820563903,5.623159983000733,,,,,,deltaRIC0.5,FGO-B
119,75.9944776312231,44.81275034487054,61.375712109683704,528.6873472249694,0.058880898348267534,0.02421447495509692,0.05367140200281707,0.45359395389699564,6.572646311000426,,,,,,deltaRIC0.5,FGO-B
120,77.09223627005456,39.69134299749992,66.08941052977192,596.1202239706805,0.05800730861254844,0.021517125929781934,0.053868925589743696,0.4502784889193366,8.564406301000417,,,,,,deltaRIC0.5,FGO-B
121,74.96209305305607,39.08466412195646,63.966432019996915,586.4706948252707,0.05824964262312842,0.021927435030196736,0.05396488171689697,0.44570229788128335,6.7119579070003965,,,,,,deltaRIC0.5,FGO-B
122,67.97026564166424,35.63087160314976,57.88262260988404,542.0534705161464,0.057397175493730905,0.021675271906252958,0.053147138610165505,0.4442685392451403,6.427633055000115,,,,,,deltaRIC0.5,FGO-B
123,74.41050940069866,45.65150312586554,58.76107701208812,534.8179943370161,0.0588045051581016,0.02395303161690082,0.053704954177887045,0.4515874025292599,7.231117789000564,,,,,,deltaRIC0.5,FGO-B
124,79.01750975648788,45.345420454690085,64.71135674596873,595.4566573551905,0.05834898664805479,0.02218568539554235,0.053966652725409,0.446721435435109,5.4755605589998595,,,,,,deltaRIC0.5,FGO-B
125,75.82954713470261,39.39360920905008,64.7940103106663,585.2083748983854,0.05838486515402099,0.022065684055041425,0.05405458413711372,0.4539272257069178,5.468220981998456,,,,,,deltaRIC0.5,FGO-B
126,73.57650796408889,40.091545394912096,61.69416918994322,566.9580885467608,0.05827111947689918,0.021949484640549327,0.053979102336972486,0.45109598517921845,7.041516197999954,,,,,,deltaRIC0.5,FGO-B
127,80.73453035907404,46.35667479744722,66.09934261415894,592.5313934051824,0.05958619743451961,0.024468184059950455,0.05433068095941683,0.44669354893257085,5.498087833999307,,,,,,deltaRIC0.5,FGO-B
128,71.63603668946777,39.77224878987781,59.58095315426598,552.1090936120405,0.058091262797224215,0.021985888278855958,0.053770024455693066,0.440921813679913,5.788562052999623,,,,,,deltaRIC0.5,FGO-B
129,73.67756907408467,39.23839852640371,62.359700654746874,576.9008384561567,0.058184101847997716,0.022813169151069644,0.05352521855296675,0.44692117900495104,8.575731117000032,,,,,,deltaRIC0.5,FGO-B
130,75.46052655040909,40.2758516450617,63.81337509903373,559.8258407674856,0.058545995460495256,0.02305570583426314,0.05381512810487638,0.45220233595345743,7.962822281000626,,,,,,deltaRIC0.5,FGO-B
131,80.98992581190933,42.235535502680975,69.10519245194497,611.2966903139394,0.06000039603269812,0.02413523499428846,0.05493212134854334,0.4552958706397023,5.826717449999705,,,,,,deltaRIC0.5,FGO-B
132,72.20687859474131,39.80188291919353,60.246522160889256,552.476827193092,0.058226160188613776,0.022609013207261438,0.05365741563012506,0.4441841080721849,5.486865910999768,,,,,,deltaRIC0.5,FGO-B
133,71.29829262334516,38.93340956779382,59.72969236845755,554.926879319361,0.05750381200704262,0.022387017993177088,0.05296706354626868,0.4541445529584074,7.446191734999957,,,,,,deltaRIC0.5,FGO-B
134,74.16426168868394,42.88324889547327,60.50921149706449,545.3926516703261,0.058534777231447996,0.02413365310566685,0.05332810641032155,0.43714154053094223,5.771401129999504,,,,,,deltaRIC0.5,FGO-B
135,75.34767034535585,42.39179131668765,62.29131123547506,539.6876865151712,0.05897939923011004,0.02333601511887143,0.05416640962733739,0.44278961109627635,6.881343844001094,,,,,,deltaRIC0.5,FGO-B
136,75.13178585853488,39.49620545746027,63.91271392105666,579.3131323013541,0.05885770510039006,0.02306784683791095,0.05414890480838152,0.4482312499673954,6.868677681999543,,,,,,deltaRIC0.5,FGO-B
137,78.95368397088636,48.94339452849516,61.95343690710521,558.5428599240576,0.05915198892950997,0.02478652879264494,0.053708339992297786,0.4518005960028678,9.76391599300041,,,,,,deltaRIC0.5,FGO-B
138,74.6010611633073,43.23802398810006,60.793022694187535,566.360041383317,0.058413730920149225,0.02415078558709972,0.05318743757258413,0.4577981157914876,5.479429730999982,,,,,,deltaRIC0.5,FGO-B
139,73.16895382252953,39.14789394714238,61.81535572159034,566.8738087020524,0.05820308235225141,0.02237877177103454,0.0537288504373852,0.4484056527819632,7.001071165999747,,,,,,deltaRIC0.5,FGO-B
140,71.50399200631084,41.85215772308672,57.97601026942469,521.6162462575534,0.05790301905369781,0.023524786312386654,0.05290882766126497,0.4478560014135504,7.032569021001109,,,,,,deltaRIC0.5,FGO-B
141,70.48508427925083,38.19468839322419,59.23945378206654,547.630523562994,0.0579517386256041,0.022542757395095963,0.05338752755799973,0.4469925144744695,5.641792251000879,,,,,,deltaRIC0.5,FGO-B
142,76.4254044548818,45.782242001597254,61.195006033167886,550.932604265875,0.05896057926946833,0.02379873874746606,0.053944137233077664,0.45374845529352464,5.488172138000664,,,,,,deltaRIC0.5,FGO-B
143,74.45734732750915,36.49296272762211,64.90115748127856,584.9319865693096,0.058698162203854126,0.02208975416576064,0.0543830580880317,0.44044084675076006,6.243955527999788,,,,,,deltaRIC0.5,FGO-B
144,76.68288950603856,43.55065522202625,63.1158139670837,544.982625246609,0.058342065229286665,0.022036407258391778,0.05402030479699867,0.4546562584173,7.3051676970007975,,,,,,deltaRIC0.5,FGO-B
145,76.10521851181646,40.03390775961607,64.72472876904068,567.4690218420088,0.0592945561002215,0.022849844400821794,0.054714979612356135,0.4486424869559826,5.490376617000948,,,,,,deltaRIC0.5,FGO-B
146,68.71478916668363,39.59347719677772,56.16118600679676,507.5457005831162,0.057314848800355166,0.02199556879827504,0.05292623967606166,0.4408231700496062,8.383615507000286,,,,,,deltaRIC0.5,FGO-B
147,77.69253335002415,43.9976936401731,64.03384021507757,562.6541353688771,0.05891020153682625,0.022710309166215102,0.05435672637939496,0.4601441598736976,5.480789668001307,,,,,,deltaRIC0.5,FGO-B
148,72.57609525094259,42.84577257483274,58.57925720201308,514.0909890692648,0.05886077141612287,0.024251334270621993,0.05363266912801956,0.45502121328140144,6.079522833000738,,,,,,deltaRIC0.5,FGO-B
149,73.9063765043468,39.22346301530382,62.63922442918141,573.7428354321895,0.05835640786494813,0.022451961162977114,0.05386445747277465,0.43770636087103276,6.872503272999893,,,,,,deltaRIC0.5,FGO-B
150,78.91532576797609,43.52810914483772,65.82501314349194,598.810056358064,0.058690046130856974,0.02110119548068231,0.05476550980432988,0.44004705699931596,8.211378748001152,,,,,,deltaRIC0.5,FGO-B
151,76.4398489775259,42.11940133415607,63.78876502143037,562.7543397624668,0.0587564122167127,0.0228562384486056,0.05412862773579936,0.44067117711648357,7.798363067999162,,,,,,deltaRIC0.5,FGO-B
152,73.1621037618653,37.271777021534724,62.956398122184055,565.6381443486079,0.05884337558664957,0.02189924039734477,0.054616537060223895,0.4467463922440408,5.930224140000064,,,,,,deltaRIC0.5,FGO-B
153,75.98254580669129,41.68907623175759,63.52454793391798,579.0577727377447,0.05844208542310547,0.022319063258603854,0.05401237602494447,0.4530221547899174,5.636199769000086,,,,,,deltaRIC0.5,FGO-B
154,80.79100611040886,46.88305669150761,65.79639552128224,598.3798907947296,0.05782476917308713,0.02208583112023647,0.05344080831770046,0.44536729990722806,7.630332538999937,,,,,,deltaRIC0.5,FGO-B
155,71.00846706655638,39.719766637571404,58.860364706643566,531.7419472287199,0.05784708413939425,0.021954673648195776,0.05351894476193806,0.44840663476472403,5.48865679499977,,,,,,deltaRIC0.5,FGO-B
156,70.73427402207398,40.180045871902486,58.214271748100224,526.1559693994479,0.05732861015061875,0.021316849073436787,0.05321805602783649,0.44824573968311504,6.383918818999518,,,,,,deltaRIC0.5,FGO-B
157,75.03207958914552,39.227359996330605,63.96113816365488,545.9784124132782,0.0590161876556949,0.022589215381637013,0.0545219015979286,0.45976355660114343,5.639026709999598,,,,,,deltaRIC0.5,FGO-B
158,75.70202587115075,39.8303389734132,64.3765548803241,571.4310980720143,0.05912197296953217,0.02261938198850949,0.054623907277564686,0.449775107590533,7.961981716000082,,,,,,deltaRIC0.5,FGO-B
159,75.1595633048438,41.418907203180936,62.717095614107535,566.5628378442211,0.058161021566091355,0.022051851523970607,0.05381840088646352,0.44931096960814243,5.512028518000079,,,,,,deltaRIC0.5,FGO-B
160,73.20747290887402,43.05101163650211,59.21101659976197,533.5422381907549,0.058248366432076905,0.0230990737214341,0.05347246941386994,0.44848167149295204,8.411761639999895,,,,,,deltaRIC0.5,FGO-B
161,75.98628286321087,41.12337132424503,63.89666277902278,587.8052407292977,0.05864842592087616,0.021537564021258903,0.054550629684969466,0.45111134436705874,7.484949867000978,,,,,,deltaRIC0.5,FGO-B
162,74.97120492658482,40.27084782234566,63.23717564703101,577.0493947001478,0.05753641765171668,0.020731421919512445,0.053671663858948275,0.4370196758408284,6.85692766899956,,,,,,deltaRIC0.5,FGO-B
163,73.28305614196908,41.49287938380744,60.40486137677828,556.7097656538946,0.05845432215079981,0.023841292897761896,0.05337134559923156,0.4436015013707301,5.631532952000271,,,,,,deltaRIC0.5,FGO-B
164,71.33638421936483,41.10956335459561,58.299944376365694,536.8255215928001,0.05802260886468551,0.022416773484299705,0.053517393490508096,0.4476461961068843,5.591414927001097,,,,,,deltaRIC0.5,FGO-B
165,73.94272704689118,42.095561956269,60.79054652424973,543.7440153531787,0.05833749221898394,0.022963939847003328,0.05362760916825609,0.4488226233199746,6.234509095000249,,,,,,deltaRIC0.5,FGO-B
166,70.4135547819196,37.17762802147109,59.798768145535576,546.5042020624494,0.057545748846877104,0.02124729065959291,0.05347958348729572,0.45289776745528365,5.461004987999331,,,,,,deltaRIC0.5,FGO-B
167,77.47290796690305,45.24598309847675,62.88761787745333,563.2816130072556,0.05907833101900931,0.02386478180075719,0.05404369885189102,0.45314306214310535,6.721645161998822,,,,,,deltaRIC0.5,FGO-B
168,70.71138156859966,40.580907350410136,57.90759399213133,544.4588287262937,0.05794912340909684,0.023143765554006865,0.05312689544725817,0.45578855792609546,8.540795220000291,,,,,,deltaRIC0.5,FGO-B
169,74.10704680514424,38.845318831492186,63.11018611174869,557.0054585149669,0.0589436248275586,0.022809550783723067,0.05435140569347531,0.45513043484139504,5.481800692999968,,,,,,deltaRIC0.5,FGO-B
170,77.20109167950999,40.74750824050131,65.57170981984825,565.5851897694097,0.05897833496949675,0.02303795325646599,0.054292694771277024,0.45732813233984804,5.633724225999686,,,,,,deltaRIC0.5,FGO-B
171,74.36116154611612,41.06613376730799,61.99318514073257,566.1677736045245,0.058313872796031674,0.022046391670596865,0.0539857793754837,0.4506333356205968,5.486696715001017,,,,,,deltaRIC0.5,FGO-B
172,73.52256274343829,35.257295968107,64.51736443299684,577.8940232237098,0.05847202088472765,0.02239354582245041,0.05401394571628553,0.4445302086742797,5.772893738998391,,,,,,deltaRIC0.5,FGO-B
173,70.2241454238756,39.93146968749965,57.765978993780806,528.066126421461,0.05763114571549728,0.02338252598799748,0.052674533077204426,0.44186867482198244,5.490331173999948,,,,,,deltaRIC0.5,FGO-B
174,70.16404351140389,34.47445893134985,61.11059387095539,566.0410539691546,0.0577899041136952,0.021722803710361754,0.05355177696800714,0.4459395243725288,5.493647884999518,,,,,,deltaRIC0.5,FGO-B
175,79.12570342610655,40.83748606534782,67.77297894101079,597.0395351027984,0.05989346391073415,0.02346893945628148,0.05510386465597316,0.4511653443955444,7.206947594000667,,,,,,deltaRIC0.5,FGO-B
176,74.17591507688677,41.099249201424065,61.74883069802019,566.8518793613285,0.05852067532548909,0.023495447269423597,0.05359695325446253,0.4508592634165018,7.435230896999201,,,,,,deltaRIC0.5,FGO-B
177,74.45702308356648,41.42487852686462,61.869440966451776,569.3302775555765,0.05832306578741723,0.022640311274609713,0.05374938425909806,0.4528804369303679,5.475537459000407,,,,,,deltaRIC0.5,FGO-B
178,75.41302380023481,40.9475471557881,63.3278970171858,569.5381790897231,0.058740990855642376,0.0226749814511225,0.054188091153812686,0.4515766573375669,5.625119879001431,,,,,,deltaRIC0.5,FGO-B
179,75.65274371837044,42.258329113159306,62.75006974244213,554.0611620430126,0.05878579278721246,0.023883986301899807,0.05371521788052006,0.45361706226488596,5.630944964999799,,,,,,deltaRIC0.5,FGO-B
180,74.05737756964682,40.77982358487806,61.8182914749304,567.0514124885395,0.05882647056280658,0.02281432540753024,0.05422232192627008,0.4514377679208614,8.441560999999638,,,,,,deltaRIC0.5,FGO-B
181,73.30069862299484,42.710371961344016,59.57194428204234,542.7035543954999,0.05805107739447977,0.023168276087564565,0.053227423099284674,0.45206931547155416,7.210315739999714,,,,,,deltaRIC0.5,FGO-B
182,70.93907067602437,43.54093758242945,56.00480785451339,507.6009007994553,0.05688658672004962,0.021418569483975098,0.0527003665064851,0.45327934888701654,5.8041171620006935,,,,,,deltaRIC0.5,FGO-B
183,78.8334868667501,41.96324607460405,66.73683113882684,609.7738347891706,0.05824122586887892,0.02198501333575839,0.05393236115113353,0.4372369872379903,5.643595976000142,,,,,,deltaRIC0.5,FGO-B
184,74.04717149481668,41.97301917463923,61.002043144046915,565.8013795931623,0.057892003156297465,0.02093935826230613,0.05397246802779679,0.4536755232045316,10.093264055998588,,,,,,deltaRIC0.5,FGO-B
185,71.33941272914484,38.94104971562014,59.77379405378977,548.3823268617645,0.05792035185663032,0.02288924015280961,0.05320573131179448,0.4402645854030815,5.644592636999732,,,,,,deltaRIC0.5,FGO-B
186,72.07654355126978,40.81160426536585,59.409099366892114,556.9625114042068,0.057512518886362426,0.02145887867003679,0.053359219961304105,0.44546126976721284,5.940050486999098,,,,,,deltaRIC0.5,FGO-B
187,75.73101071083119,41.74987370480882,63.183336639627875,582.0921828560604,0.05888744636437776,0.02269001608180644,0.0543405420429796,0.444213258941894,5.647529855999892,,,,,,deltaRIC0.5,FGO-B
188,75.37268082442733,38.607153350228714,64.73429326757898,591.3279476144362,0.05847128452986774,0.021856887146977897,0.05423253266091324,0.4452835042770881,6.094262024998898,,,,,,deltaRIC0.5,FGO-B
189,70.88349282667436,34.97671427650706,61.65305356370259,553.5655624225567,0.0580899816423146,0.021636278294165916,0.05391027201546892,0.45189485419927816,7.445478326000739,,,,,,deltaRIC0.5,FGO-B
190,74.00920226899365,39.781909964083745,62.40802560650633,566.8326284865155,0.058817185933730795,0.024190374904357412,0.053612378450780325,0.45531161914398544,6.089139918998626,,,,,,deltaRIC0.5,FGO-B
191,69.09475844519474,36.80480835040882,58.47642026397896,538.1954009299964,0.05732387461797596,0.022059930953216626,0.05290922459795403,0.452064889305098,7.030811058999461,,,,,,deltaRIC0.5,FGO-B
192,69.28220468693037,37.516131336809586,58.245718948270955,520.0973119162053,0.05762659457100868,0.022357829470868264,0.05311263374379943,0.4521801705054351,5.947018757000478,,,,,,deltaRIC0.5,FGO-B
193,75.29848195463626,42.91604418238623,61.87143554507328,540.539132680679,0.0591673670057923,0.023640533647018774,0.05423930758483456,0.4525092788209082,5.645532424001431,,,,,,deltaRIC0.5,FGO-B
194,78.04372398499719,44.106068008404606,64.38538357643306,576.4436685829368,0.05882998268752883,0.02312905665073966,0.0540926390691175,0.46480354056653855,5.473526411000421,,,,,,deltaRIC0.5,FGO-B
195,74.09282273262315,40.99037736933141,61.7214334215248,541.9476812009831,0.05864429519214625,0.02377122787283894,0.053610466179666375,0.460064819889685,5.770011192000311,,,,,,deltaRIC0.5,FGO-B
196,69.9702950276414,38.197289801199716,58.624305864533206,526.439336902519,0.057778665951603594,0.02275742207264623,0.05310813477947076,0.4545484190762144,7.939864726999076,,,,,,deltaRIC0.5,FGO-B
197,69.34283891829332,37.409139084304115,58.38651918225273,544.9837832055659,0.05708912682745929,0.021717793348606605,0.052796835643710224,0.44210231470125394,8.553511072001129,,,,,,deltaRIC0.5,FGO-B
198,78.65779170937039,46.28893826742834,63.595458884018626,565.3423694972057,0.0589215190125892,0.02328307812427813,0.05412618290448414,0.4532849396539764,5.647880201000589,,,,,,deltaRIC0.5,FGO-B
199,76.42166820104411,44.24143257295504,62.31345773204333,550.7116815854239,0.05948061920116452,0.023832646281092475,0.054497238753851276,0.4515582548568941,7.355272360999152,,,,,,deltaRIC0.5,FGO-B
200,74.55093570142122,41.96267546520784,61.61960630967294,578.0990984745359,0.057164314929808245,0.021861707076572437,0.05281879083330515,0.44514138195786795,6.4088029119993735,,,,,,deltaRIC0.5,FGO-B
1,37.33440433330066,31.903719550157298,19.39098826226478,82.93599771164179,0.014245682975896063,0.010703099116935727,0.009401231448208503,0.3340265047677074,7.85099875800006,0.01792695341750883,0.018953543694456676,-0.004580787161016675,0.026487659172258787,8.556138139445466,deltaRIC0.5,FGO-G
2,28.102493555508335,25.754716188743473,11.244764918603785,62.29078404297378,0.016131645432365272,0.007875640108602628,0.014078504083720009,0.5643154304629656,9.835990661000324,0.002756188622230482,0.010051330092030852,0.013905851697537552,0.01737810472330587,-10.783506378025777,deltaRIC0.5,FGO-G
3,22.666776807025112,19.633282546018187,11.327708827812845,66.48576669663191,0.011819529616693183,0.006805896238411393,0.00966338743670484,0.3790916651217654,7.826054580998971,0.02007535036047081,-0.0035202969963639696,-0.014907511795872075,0.025251655212724763,4.259438668057555,deltaRIC0.5,FGO-G
4,21.01279263011125,17.877013736325917,11.04308987499749,48.119530736929974,0.012314829868407652,0.007347550924828766,0.009882738997609579,0.3787676798578246,7.843693193000945,0.0034390549400330483,-0.008596308853170753,0.00487827142252284,0.01046523563286898,4.490025996323311,deltaRIC0.5,FGO-G
5,32.99402178499,30.203752066538943,13.279263332408142,62.18885039164054,0.014749954984380002,0.009402442469125024,0.011364649033561512,0.4470308535103923,9.022665299000437,0.01720252950965817,0.01928843700274918,-0.0017306275396317128,0.02590300938540956,-1.6782663365811459,deltaRIC0.5,FGO-G
6,28.429763880640284,24.972246207458554,13.588171093382325,57.23545750054433,0.01424411059646375,0.007638982513334405,0.012022505264929687,0.47844208308628394,8.698849387001246,0.011078950438493829,0.019341693099256485,-0.0031509296031817513,0.022511610162950044,-3.438622764941101,deltaRIC0.5,FGO-G
7,26.053127460936707,22.958183199533753,12.316138789103515,69.08095865434338,0.014310536897246562,0.008434072272079275,0.011561050609559618,0.45505764734117876,9.141459532000226,-0.006305720094002709,0.019600737325765172,0.004615536873251669,0.021101047136241825,-1.853227041890932,deltaRIC0.5,FGO-G
8,21.08524312903805,18.265145142489015,10.534322509514146,74.02843430276218,0.010998892863404393,0.00748467008588987,0.008059488688870619,0.29016840887823553,8.514822805000222,0.011001667034652218,0.027461417402232513,-0.0035295359864503384,0.029793015080059288,13.000068301193096,deltaRIC0.5,FGO-G
9,31.905803178953434,26.02233886370112,18.461260968764446,119.11158634588797,0.01344067944259184,0.008120122451242663,0.010710531044506422,0.4153721616179221,10.321625050000875,0.007272191339918632,-0.001237003459390873,0.009465682297906897,0.012000586894308149,1.9382782479751768,deltaRIC0.5,FGO-G
10,26.667078378361893,23.242503759314193,13.073602725949796,59.813458249284224,0.014923072528780463,0.00848434209894923,0.012276564374744258,0.4790362103149058,9.321296087999144,-0.004677391359857286,0.0235877881631259,0.019430216319758054,0.03091593515639406,-3.622310782666318,deltaRIC0.5,FGO-G
11,31.120130796320083,25.874638021674105,17.290623124323957,67.94663700858581,0.011593821355639496,0.008585914148101313,0.0077909416547626755,0.2829202410883345,7.845474808998915,0.008660148866718176,-0.007325498511005224,0.010587084903389998,0.015516039236224181,13.492283595123808,deltaRIC0.5,FGO-G
12,27.352392735292533,24.22466780022282,12.701136103299238,68.29193395117228,0.013594227009408252,0.009097171267082163,0.01010170693104386,0.3764161894063238,7.824710214999868,0.016100761166282784,0.016325400484627606,0.002441797072065044,0.023058958867613784,4.9017690089094685,deltaRIC0.5,FGO-G
13,23.777444673505965,20.352230520767712,12.294453547481007,49.82851418375383,0.012509563818687817,0.007563085184462762,0.009964383042937642,0.37911784305321294,7.836127488000784,0.026096714022712297,0.019213789764845557,-0.008225179336903365,0.033434439953962655,4.29146345656045,deltaRIC0.5,FGO-G
14,21.380645468306163,18.211492885425397,11.201496664531087,49.19758454350889,0.012540520849067819,0.00796363831447809,0.009687369506841433,0.37949137187779547,9.314809976000106,0.0018837848577760719,-0.015446653930953236,-0.0025081112894437263,0.01576192834945187,4.542167046854956,deltaRIC0.5,FGO-G
15,22.4698379783133,20.204390966695403,9.832405831563698,46.86606826923594,0.01041909783579997,0.006644399999478703,0.008025555953259501,0.31164047652262383,7.8403530010000395,0.007643504598670137,-0.0022144147067854614,0.005248781528691793,0.009532916792852826,11.376448988172342,deltaRIC0.5,FGO-G
16,23.89067212969237,22.053775074040416,9.186687095579845,50.76429557314747,0.01268484619233462,0.008189641705967915,0.009686851482863619,0.37074594579464654,9.468846258998383,0.007729757341261578,-0.011849896567103446,-0.009865905213845838,0.01724834145343916,5.38648529963757,deltaRIC0.5,FGO-G
17,32.71999219933282,28.55977415632607,15.966752633646262,93.27778654214819,0.014947287550362792,0.00823226605653339,0.012476025035550332,0.4913479284660297,8.683964748999642,0.0003559730189198751,0.02321094602021978,0.0018776799702295843,0.023289491493254138,-4.385344195803555,deltaRIC0.5,FGO-G
18,18.786837356082653,16.683602652937,8.637283158656787,35.9351141279829,0.014780778677176218,0.0069209089593233524,0.013060338337134488,0.5265966389415216,7.863158383999689,0.007911349237482268,0.004313219558108927,-1.5299336776020134e-05,0.009010746017038235,-7.664022974580803,deltaRIC0.5,FGO-G
19,22.732957067053185,17.84496111508797,14.083490327808715,94.35032573028556,0.01102166293273848,0.00767673314199618,0.007908528438937223,0.23159944083406012,8.328389598000285,-0.011232959915994711,-0.044763600589314945,-0.006814153641840237,0.046651816856888496,41.6310250340357,deltaRIC0.5,FGO-G
20,21.70945708153386,19.681048444594083,9.1627975475016,42.66136929861208,0.013106063268363945,0.006771661279988381,0.011221118389156437,0.44506982834186837,8.526230177998514,0.00891264557759286,0.006425133078737155,0.008965075478519657,0.014180626382738613,-1.5305690030090773,deltaRIC0.5,FGO-G
21,28.549398686223924,22.933090394858503,17.004162145963345,75.54229956733927,0.012217605984711893,0.008418626892335678,0.008854186424811169,0.324828136095345,7.833118004000426,0.007551218045647623,0.01174536936146564,0.0059018731718691875,0.01515937671367129,9.040225816675957,deltaRIC0.5,FGO-G
22,27.533123545243015,25.047479374816973,11.432264391875021,50.90980884026599,0.013423038389180773,0.007848901806924028,0.010889109239174959,0.4236122837747344,7.969653343001482,0.019749250855355838,-0.012103686494345178,0.017706408985510125,0.029155600752914027,0.4820976568880724,deltaRIC0.5,FGO-G
23,24.552111249131805,22.055491828559763,10.787096318754099,65.7556863469276,0.014108989363574603,0.00837106751065447,0.011357324050740407,0.4447614183833099,11.321243001999392,-0.001081408605672629,-0.015589188111103713,-0.02537315012917346,0.02979914391410222,-1.0305936503009434,deltaRIC0.5,FGO-G
24,24.220261688931316,20.51159744515237,12.880040626035804,89.34136085352101,0.016902733080527817,0.008471214460268682,0.014626719083912982,0.5735954225618948,7.834046538000621,0.006440464698838078,0.023223630652898675,0.00108249073136657,0.02412443558765114,-12.705653028795496,deltaRIC0.5,FGO-G
25,26.562397795421983,23.868781135529158,11.6551389415333,47.34346644989236,0.012057976512306834,0.008497544761383617,0.00855491265879583,0.32384155920292873,8.652524674000233,0.017810756685263107,0.006640699249346849,0.007672645780006704,0.02049857149870144,8.829372514335773,deltaRIC0.5,FGO-G
26,24.12821673209455,21.038626562244204,11.813002795452139,65.08466692430223,0.013578063174658647,0.008036036114146881,0.01094467556152983,0.42290152529612124,7.832190291999723,0.014549974640309826,0.03221579548752662,-0.0022110499994438815,0.03541818717873404,0.9295328007010539,deltaRIC0.5,FGO-G
27,20.095618231644032,18.47065403162045,7.916363543709135,37.54581048156397,0.009682398402624163,0.006912059527571214,0.006780285533401297,0.2538658403047071,7.979790429999412,-0.004489074059248088,0.0011369574388373493,0.009357261198091216,0.010440440376557166,15.477241443048115,deltaRIC0.5,FGO-G
28,21.573574323678166,18.806554298806656,10.570365391286284,43.211782375592705,0.013894574331791951,0.007192314686327895,0.011888221284722276,0.47729604590450886,10.019903714000975,0.010829200090365254,0.011235029835696575,0.018106993311540642,0.023903152026256633,-3.5220090114235063,deltaRIC0.5,FGO-G
29,26.285739225372605,22.36621083318903,13.8091527469874,94.51998501415954,0.0131076217971323,0.009368331071874689,0.009167558132043941,0.3023523792732661,8.144717782000953,0.00943228030376786,-0.026725314484128182,-0.011472295476546324,0.030574890179779615,11.211600545964757,deltaRIC0.5,FGO-G
30,25.51059705530841,22.70129462430874,11.63794588828463,54.94186105638263,0.01312116323072941,0.0072500769587324,0.010936238321283187,0.43349783433587236,8.17384046799998,0.006935819927272768,-0.01893132339006187,0.01022730674527872,0.02260748563252184,0.009055881440872326,deltaRIC0.5,FGO-G
31,24.615031234369493,21.422979149333333,12.122529729236177,50.75893765800215,0.015612627887854372,0.008262914334835768,0.013246825893766911,0.5159804937318464,8.331526941001357,0.0020540321660537098,-0.0058764625329940645,0.010593323049479242,0.012286999359953369,-6.471675741768195,deltaRIC0.5,FGO-G
32,23.00441104966541,20.467763977084225,10.50112210767694,56.95915383786614,0.017530205825810177,0.009443752015039133,0.014769010263850227,0.5802687236172295,7.820448999000291,0.012075461368443507,0.008607458179951344,-0.02959583231348306,0.033103147794555594,-13.317926643812825,deltaRIC0.5,FGO-G
33,25.29064011256272,22.432551684739884,11.678916996649995,52.84148604320429,0.012908610100085751,0.008014362415320817,0.010119397699069294,0.394580584395505,9.311868787001004,0.017246936435704963,-0.0005185378182688827,-0.015259254478739714,0.023034116981841535,3.1455577309880027,deltaRIC0.5,FGO-G
34,23.686869225268634,20.019304092387447,12.660775543050182,55.57296238072978,0.014035086788400718,0.0072915388570357256,0.011992377673100468,0.4681034357577019,8.00020835200121,-0.004202101346479914,-0.02820068128234715,0.01542759571607799,0.032418309488518385,-3.072027900705507,deltaRIC0.5,FGO-G
35,24.622601728030062,22.520550252467253,9.95476429571721,59.989631574994725,0.013744464492311616,0.007577993420466536,0.011466661235938765,0.452338098309607,9.660676727000464,0.020839230666310327,0.011954316044605173,0.0035495936197149636,0.024285362293429234,-1.9279390138035524,deltaRIC0.5,FGO-G
36,25.23302642957277,21.499798645931325,13.208492759581903,58.269124112472944,0.01190497454853281,0.008932939924967128,0.007869625359452778,0.27541074196225895,9.18517571600023,-0.0030777696509732277,0.0019284884267539715,0.015481344786814843,0.015901690792013753,13.665280266226546,deltaRIC0.5,FGO-G
37,28.12989760959806,24.01794254830909,14.643414057950922,86.17111682819595,0.014166478376634213,0.00882108618561483,0.011085014573810895,0.42769776928208514,7.843546264000906,0.021072773837486958,0.015576431433173887,0.009286654735576105,0.027801600126180517,1.077404813197063,deltaRIC0.5,FGO-G
38,23.498968860104227,20.958234300874608,10.62797969878525,52.79688980295447,0.014438321810689676,0.007657828167044122,0.012240212599177468,0.4866978162398496,8.006907336999575,0.02601296882006332,-0.00635371829022352,0.0006206083677476881,0.026784873299891224,-4.538077436856838,deltaRIC0.5,FGO-G
39,23.703630207897366,18.259024283448632,15.115227991968158,106.11372908042723,0.01314371972754295,0.007837050174504138,0.010551682938683587,0.392657767464808,7.821906825000042,0.012435112529048387,0.012885088824047264,-0.00568978931142855,0.018789125578965362,3.684977528222589,deltaRIC0.5,FGO-G
40,33.644160869316295,29.756490513675576,15.69970805174316,64.42884146719588,0.014318415248578362,0.00969383246354881,0.010537866358963211,0.4074151655922977,8.472610732998874,0.013785603686724435,0.008686233688055656,-0.000678860594678643,0.016308107689059166,2.3610809661495296,deltaRIC0.5,FGO-G
41,24.754343565417845,21.804157897963314,11.719907154727291,64.30253944099012,0.013276173001557484,0.008818215174077913,0.009924507580275504,0.3496837465107951,7.986953281000751,-0.0007121368287482666,0.00939594558316903,0.00352473869156944,0.010060552425616591,6.875091359403086,deltaRIC0.5,FGO-G
42,23.1630268896286,19.605406107954945,12.335066519148587,65.20265866153977,0.013943823296155464,0.00810046137984839,0.011349569751668674,0.44542504707537756,9.531601525999577,-0.010564487595870975,-0.014143639400006847,-0.006920886974721763,0.018961793431994008,-1.4810842487404443,deltaRIC0.5,FGO-G
43,23.925127752396932,19.6306902371306,13.676539722544566,58.49524473865613,0.013300581820806344,0.007423255401297687,0.011036337980465665,0.4270278572234676,10.536334799999167,0.00876369980334013,-0.008170383865984732,0.006245530666531662,0.013511634248572409,0.30778162267961306,deltaRIC0.5,FGO-G
44,30.64095463270964,26.690517559217053,15.049397769508806,71.37191859350088,0.01619379183570749,0.008514451113868119,0.013774723817477297,0.5482764393544913,8.527198982999835,0.006176830995256233,0.002263124153628948,-0.007606742654817422,0.010056714468220507,-10.942575404944364,deltaRIC0.5,FGO-G
45,31.99155620996916,27.699204679299985,16.00667763372094,114.00472521709966,0.016964684844559458,0.010657592938087603,0.013199100145133027,0.5006722200635415,8.15557717899901,0.009777717761858207,0.012298855131872677,0.01854219047769845,0.024303876849107828,-4.824809999396166,deltaRIC0.5,FGO-G
46,24.243685142067715,20.040058128318435,13.643765590236923,66.00113572094696,0.009496935497051691,0.006675317946046389,0.006755139832331488,0.2478083982854464,10.884983484998884,-0.0013704704013501323,0.010075036641551849,-0.006719978251540526,0.012187807848451124,16.81484743690453,deltaRIC0.5,FGO-G
47,27.608153427749034,24.007405449464592,13.632850739120869,56.03566967588094,0.013097823422477494,0.007843026864483732,0.010489990848870485,0.40804844274861607,8.03240236900092,0.009880589363280512,0.00033834201013260845,-0.010919483302913868,0.014730092908200116,1.8608943545787042,deltaRIC0.5,FGO-G
48,28.895311794579804,25.536835832957966,13.520690046981219,70.968112574376,0.0132776843332609,0.008749610014206976,0.00998705291129525,0.37313878969837055,11.308065967001312,0.005646415212009481,-0.027152291815801977,0.02685068157666992,0.038601658730274796,5.1318785378152825,deltaRIC0.5,FGO-G
49,27.405302508664786,24.52123592406267,12.237630258668837,56.64746727809434,0.013253749740968851,0.007475266763393298,0.010944508623613004,0.43794665054127146,10.665117796999766,0.0002711730863528272,-0.021250659644544923,0.010179760159481854,0.023564625757173108,-0.41085435657805647,deltaRIC0.5,FGO-G
50,31.338791888677385,27.294122498539217,15.39969980475486,74.99210521212977,0.01618173623697649,0.008887603598119803,0.013522540069297853,0.5304272560228899,10.560516822999489,0.008296460877384892,-0.0263283226179567,0.010543649093254781,0.029549625567287328,-8.988989827685145,deltaRIC0.5,FGO-G
51,25.78168452925494,22.04445649735007,13.369263065048271,105.26058955894808,0.015403876433765678,0.008536056944374011,0.01282244676452688,0.46950818375849007,9.527004784999008,0.020046093191083303,0.02331816988554969,0.014218313184543474,0.03387836077573287,-3.4925337378372205,deltaRIC0.5,FGO-G
52,23.023347504634913,19.34757411181767,12.4798199629202,53.13854098403718,0.01460569769641298,0.0077616812119177475,0.012372659777249455,0.48703069778244434,7.860768138998537,0.01203006287137609,0.016578530210475395,-0.0050580297394293705,0.021098666817452205,-4.246132516202124,deltaRIC0.5,FGO-G
53,26.22189630220671,20.489513424370802,16.363608566456556,85.20002541036531,0.010523413381641832,0.0074283112956540455,0.007454020424963759,0.26596742609831525,8.497275733001516,0.0012629090306847113,-0.011027262607790356,0.021283775707751418,0.024004053162306273,15.18577578962504,deltaRIC0.5,FGO-G
54,31.18493770170262,28.515353001590626,12.624380485938687,60.908238720801684,0.015588368006112657,0.00881232663792971,0.012858464773075798,0.5058730003342065,8.320294599998306,0.006156653229028031,0.01081243818170785,-0.008751776667041411,0.015212060782337333,-6.791953344907597,deltaRIC0.5,FGO-G
55,23.528520511791662,20.931331938846064,10.745725696277741,67.73635410957607,0.016333603989523462,0.008545051362262631,0.013920083207469354,0.5480197191976037,10.988067373000376,0.014822436483989843,-0.003660053272441788,0.01896168312895341,0.02434432254883798,-10.893622684416187,deltaRIC0.5,FGO-G
56,27.83013564560035,25.156052172418665,11.903339411739266,52.47052435743523,0.015108985370330622,0.008337987432673631,0.012599976368765196,0.4993331006145276,8.024666799999977,0.009535810743946493,0.02114426317517548,0.0023897660408722654,0.0233178586816104,-5.765226894762236,deltaRIC0.5,FGO-G
57,27.745855007607247,24.07877094473574,13.785690403244738,80.56748885531228,0.015480556302903759,0.00900694488959088,0.012590574538250668,0.49255951140756865,8.011748158000046,0.0018391383012986706,0.014285398966790486,-0.0033477906048116624,0.014787249753262021,-4.129433646285179,deltaRIC0.5,FGO-G
58,28.33475594160589,23.249601382402822,16.196123913756125,96.57204763747637,0.014882271520774622,0.0074547893749164615,0.012880532636257403,0.5133953656903983,7.8471868990000075,-0.004869044398140732,-0.011541651705917366,0.01263829254500115,0.017794486671573375,-6.982849324576819,deltaRIC0.5,FGO-G
59,27.324803010199908,23.469240014961017,13.994271423206804,66.7526487005963,0.012104818340110053,0.00804035028945832,0.009048723350278325,0.3236484454404006,8.362672707999081,0.028296151686938664,0.0064749216551888145,-0.004490106854729448,0.029372740258579267,9.277208266339585,deltaRIC0.5,FGO-G
60,30.5555927838762,26.174122367091424,15.76577206122782,74.95418591849234,0.015664486295453323,0.008589119153685949,0.013099739045653928,0.5169827030743498,7.844298390000404,-0.0027470431304546516,-0.02225222060274057,-0.008826942844508412,0.024096109389148863,-7.206808550177811,deltaRIC0.5,FGO-G
61,28.057474336222636,24.812335901846648,13.098467590589518,63.46247898566023,0.01240457317810243,0.008329369248437336,0.009192118561794376,0.32818747952120153,7.828459177999321,0.009056901921524418,0.046411552642923626,0.003993429956944072,0.04745531765739223,8.901953933724144,deltaRIC0.5,FGO-G
62,25.038844555774542,21.560668670833515,12.731115550287743,50.91663396761787,0.012427899355130879,0.00796588354809269,0.009539254775897786,0.36947501775737523,9.31857262900121,-0.0023202446031475588,0.0012562470472650134,0.00864079804065332,0.009034660062313118,4.945111490431373,deltaRIC0.5,FGO-G
63,27.451386375725036,24.472359920259905,12.437130452101844,50.06094528844205,0.010104956784507135,0.006948920023778077,0.007336392991102157,0.2756977247113644,7.860456099000658,0.0031505651263806778,-0.00011000902045010807,-0.005346496869469863,0.006206705355935429,13.663812093849629,deltaRIC0.5,FGO-G
64,31.888930471486045,27.222673359727015,16.608128785774756,74.63698598758211,0.017622771562572605,0.008359440428437951,0.015513923851495947,0.6172292882825801,7.828090988999975,0.004142330618839618,-0.00583213875028854,-0.004147119854234216,0.008268696901191688,-17.68362523495125,deltaRIC0.5,FGO-G
65,29.492011845515677,23.83650871066751,17.36662359764583,79.15218919929119,0.01553227307604619,0.008280202981138195,0.013141147038977213,0.5165629424498785,12.49787198299964,0.01684242274922454,0.027287141846654817,0.00914441632970353,0.03334479965802772,-6.821387726547982,deltaRIC0.5,FGO-G
66,31.953159124623117,27.574753838990038,16.144266126479387,66.14130294967214,0.011630380626823698,0.00904156408611293,0.007315454353730113,0.25057832591341933,8.537441062999278,0.007366759780635168,0.012310605507325767,0.0017926129361506282,0.014457994977224123,15.27122787693952,deltaRIC0.5,FGO-G
67,24.61562569945591,21.85820243740918,11.320247999975694,51.67903404254598,0.014598238115965036,0.007905310416488821,0.01227251495453836,0.4876433192738134,8.186688279998634,-0.0046245360456118045,-0.01659236614113241,0.012612000438207871,0.021348430922480358,-4.9821708064337145,deltaRIC0.5,FGO-G
68,29.281414041866157,25.917999228318386,13.62565683892281,56.842061008229734,0.012926303561245378,0.008137660205614104,0.010043296776229883,0.39898669328019515,9.659185286000138,-0.0033720501201783826,0.012741653536147757,-0.0017918825530141569,0.01330155253840762,3.487284325141445,deltaRIC0.5,FGO-G
69,24.617230149950945,21.323724126618053,12.300683299213139,54.983373046303406,0.01442776048197686,0.007815960287769645,0.012127284828241687,0.4836824079239867,8.18112184599886,0.020724388022763107,-0.002494710350473661,0.007878062389739648,0.022311156529132185,-3.740061866446922,deltaRIC0.5,FGO-G
70,26.306681574398844,22.465743837574415,13.686922564305782,101.07491033093912,0.01062229387130597,0.008138039459980687,0.0068268177679048705,0.2187412307419042,8.719683075998546,0.0020935815359018894,0.017275712104474206,-0.003683511397664152,0.017787680247319144,19.228928532680584,deltaRIC0.5,FGO-G
71,31.447727947067573,28.192500440198845,13.933503219297101,83.43433546481013,0.012707353563108818,0.00872181455323608,0.009241579165749416,0.3273577228764958,8.475308061999385,0.007912568725417124,0.015482279406653476,-0.003902914620746767,0.01781972115373791,9.540998626036526,deltaRIC0.5,FGO-G
72,24.672528638978054,21.191722646716766,12.635052857262767,72.24789948019017,0.012532594797919357,0.008281524292403605,0.009406502419239805,0.3511859406122576,8.017525913999634,-0.0018620768793679021,0.001549262368616633,0.00474492732501397,0.005327464641942953,7.348313753249386,deltaRIC0.5,FGO-G
73,24.41499387073806,22.257782374520602,10.034094352588934,53.846922313031484,0.008967743282561039,0.006516021719827411,0.006161321329768157,0.1949941621141512,7.806103914999767,-0.013693434122477088,-0.010573898231158063,0.009866189692042782,0.019916303896779612,22.505768853530753,deltaRIC0.5,FGO-G
74,31.40208075396699,27.27361609099117,15.564078546444426,66.85490829056698,0.0151285242221131,0.00955957525999517,0.011725475085792943,0.45847243341632393,7.820935777001068,-0.002137434020793305,-0.010450098079977488,-0.006144033999672283,0.012309440599130523,-2.5404293614010385,deltaRIC0.5,FGO-G
75,29.409185708027717,26.28256026206535,13.19572772074982,76.3663081647276,0.015606342933666785,0.00812647058601772,0.013323603700868622,0.5269551142913128,7.822042689000227,0.002374668123760637,0.010493266804944335,-0.009646248110686984,0.014449837353779582,-7.904889970452132,deltaRIC0.5,FGO-G
76,22.247102177224306,19.477010413417595,10.750796279321866,51.302739227438046,0.014056788606795014,0.0065326749680303525,0.012446584418955737,0.5016893322140815,7.828938859000118,0.009010314865506408,0.012920903944058204,0.000755013515676195,0.015770401964312713,-5.584708774003957,deltaRIC0.5,FGO-G
77,35.38571595423475,29.64587047383006,19.320229228522997,96.84268116368547,0.017194285571438567,0.009815278698807068,0.014117498375311566,0.5152625708536843,8.309805979000885,0.012662610203581393,0.04512337720090942,0.01352311390801142,0.048778432497902674,-7.164114644589063,deltaRIC0.5,FGO-G
78,28.172007013415055,23.56073110733348,15.445191123836429,75.77809172958378,0.014538531460644375,0.008214140087957992,0.011995699214616368,0.46895394151307185,7.848259622000114,0.011081756781725072,-0.027961851716564567,-0.01793878611064903,0.03502100129796504,-3.0808554072700645,deltaRIC0.5,FGO-G
79,25.519859547752237,21.910607841867865,13.08390214488321,64.70181605416025,0.011986852021431557,0.00803790803415182,0.008892505598435987,0.325566012395944,10.146830917999978,0.011568755603005632,-0.018227719258532227,-0.002084795008208684,0.021689449642538022,9.108321196416,deltaRIC0.5,FGO-G
80,24.1530875351732,21.09474297540364,11.763649785818929,72.57764891219757,0.011060428203074209,0.00817820411784606,0.007446478996291139,0.250811427264008,7.837566575999517,0.005756177406309959,0.015527895810123149,-0.013117391626862374,0.021126170730054995,16.2992729900252,deltaRIC0.5,FGO-G
81,19.70946564162111,17.369422734715496,9.314837075386324,50.5107292262442,0.01561271195889146,0.00708358828898021,0.013913286874909711,0.5488514637891116,8.113903247000053,0.00616951984488967,-0.011656708535231874,0.009662739057121783,0.016349628591434788,-9.86295112904918,deltaRIC0.5,FGO-G
82,28.343071112300112,25.513039370113905,12.345626844187343,58.728745909917386,0.011594043492281393,0.00803066722792795,0.008362429573706226,0.31663331673518713,7.82561033499951,0.008198761265116539,-0.007897147752678024,-0.00738356367971893,0.013568406005219164,10.32391597374044,deltaRIC0.5,FGO-G
83,20.60919489181463,18.40676821317608,9.269832686473306,46.81621878424464,0.012643483675890632,0.006590225670881897,0.010790116082293187,0.4283287991664566,7.78219465499933,-0.0051537086195773685,-0.012057383982388925,0.007747413220050459,0.015230352347745856,0.5204346393311425,deltaRIC0.5,FGO-G
84,28.22880807525489,24.91045152814278,13.27911932372116,58.54686967431983,0.01719993517213436,0.008616157150647017,0.014886222015037224,0.5989947752095209,7.819598252001015,0.011861747369140585,-0.006064956268301669,-0.0020470697522169123,0.01347869577355935,-14.398552763690532,deltaRIC0.5,FGO-G
85,26.81921331231896,23.08213606707065,13.655958306647785,83.13924481003035,0.01575210791933524,0.008318956246104745,0.013376242778814192,0.5319126582214717,8.146179334999033,0.005402931769624253,0.018477846300486545,-0.0036972587731177176,0.01960337210907897,-7.990609362605028,deltaRIC0.5,FGO-G
86,27.935605620033947,24.09225796894818,14.140762614361543,59.74031639248279,0.016253151821422333,0.008196012788250748,0.014035323954402842,0.5611394282690891,9.821081248001065,0.003937544728396913,0.011897124654316582,-0.005170178523003999,0.013556422075466874,-10.03001113306891,deltaRIC0.5,FGO-G
87,27.169828690119733,23.876864334783477,12.965143292258604,52.79065840722706,0.013196273244443684,0.007200964379521602,0.011058378703357978,0.4427623626648426,7.981929260999095,0.013927343513098989,0.010754163076295953,-0.0021570969823601627,0.017727830893674922,-0.8407507186457224,deltaRIC0.5,FGO-G
88,21.280013607973775,19.844301979034046,7.683922053252124,40.61883916548869,0.015852800720285838,0.007660699649354439,0.013878939857189236,0.5511215057759934,9.67510863499956,0.019032560664005604,0.01748322024089799,-0.011383786518091576,0.028239899980529008,-10.410563531408116,deltaRIC0.5,FGO-G
89,27.93677580845036,24.41241345193395,13.582986123215012,73.23073087513882,0.015362089495668817,0.008493744309922642,0.012800394574801003,0.5066205463619468,7.985800362999726,0.011317037823901033,0.016572952826054865,0.0029671942808021656,0.020286506657930824,-6.149508048531061,deltaRIC0.5,FGO-G
90,24.314788094899125,22.09012690240987,10.160473096036215,48.69671346309896,0.014497415824803309,0.008043696308752004,0.012061260932830647,0.480636870775241,7.841298393001125,0.01174927159029393,0.01380506299186346,0.01241343804780315,0.021970857772933058,-4.30769562601381,deltaRIC0.5,FGO-G
91,21.16460359116568,18.966564836854594,9.392010618636133,41.43487923738927,0.010984937947182544,0.0076888223321751785,0.007845436434494597,0.2989007792369783,7.795674750999751,0.005163005977451007,-0.005400537413187745,-0.007892971820021855,0.010868368747245123,12.253507282079227,deltaRIC0.5,FGO-G
92,25.432141589307776,22.48476492161338,11.883988061184787,61.32931491152632,0.016917980320284933,0.00786776206531295,0.014977195271517654,0.5934427942434557,7.988035898000817,0.0026082595269304454,0.020846103676813277,0.009161823184819617,0.022919469023827098,-13.980587244046546,deltaRIC0.5,FGO-G
93,29.132096478031585,23.558785969965726,17.13658801589997,80.04228994195158,0.013389666375491377,0.0076692911512822835,0.010975661204858125,0.430062339272218,10.474126048999096,0.0212649142767648,-0.003646885839803715,-0.005138837704630861,0.02217890909132485,0.9655455872798484,deltaRIC0.5,FGO-G
94,24.257823226174224,21.528578389253664,11.178653774497075,46.27543693055754,0.010383224389710748,0.007171525512272607,0.007508699657990541,0.28475352829358586,9.172439553000004,-0.0024779966174380275,-0.014647811829919088,0.019971686344164352,0.02489110511950871,13.46413807564204,deltaRIC0.5,FGO-G
95,22.322485403409882,19.665029428387317,10.56314215402349,50.58731142095031,0.010956377070539668,0.006921901622083523,0.008492907420079705,0.3294802717874355,8.184934802000498,0.019867434226249703,-0.009142266702490742,-0.00339298369903146,0.022131613623405825,9.014359520801008,deltaRIC0.5,FGO-G
96,28.05962515234965,26.184541355328587,10.085254468850064,46.11320158441564,0.012999674679764409,0.009533314093475322,0.008837842733091187,0.32887683152449776,8.87118044899944,0.013449523399828411,0.014637057461993952,0.012451966764466804,0.023456014306178077,8.08201982240098,deltaRIC0.5,FGO-G
97,32.299625500321845,27.441921765607347,17.0354552997954,94.61945419498178,0.01493182930151645,0.008138361325985513,0.012519049533304379,0.4921463846093413,7.8590872700006,0.006690287248525162,0.012685523766776008,0.008109539833809132,0.01647565152039076,-4.8882769218726025,deltaRIC0.5,FGO-G
98,23.03382649846607,20.688284975905773,10.126797515362366,40.52401079127921,0.011809299660152506,0.0064915524904354295,0.009865054724997713,0.390998725673146,8.004475809000724,0.010124217020131887,-0.006228988254857071,0.02107022287916993,0.024192030859929298,4.028792083472581,deltaRIC0.5,FGO-G
99,21.04759303523697,18.44912112611275,10.13070097530156,50.215615285097535,0.014501194105467508,0.0073577506597599235,0.012495924764228058,0.5042096641437439,7.886585019999984,0.009127349169666399,0.006955441938908069,0.00019983901889242262,0.011477221399973212,-5.738769510702696,deltaRIC0.5,FGO-G
100,27.822637497794258,24.69478224978517,12.816664424465623,65.91158519960935,0.013639676735672521,0.007383664734393958,0.01146831620351101,0.446222252115432,10.000205528000151,-0.005598814316312539,-0.010755020719090902,-0.01175891997069789,0.016890511871873466,-1.7744404103559646,deltaRIC0.5,FGO-G
101,22.096299140490586,19.970608089095435,9.45628088932435,47.77011403488672,0.015565543774978567,0.007894157045206822,0.013415231550606407,0.5402068921362692,10.351593230001527,-0.0033199065065999123,0.003078313357119944,0.005973260233179012,0.007495173790544504,-9.72619621834383,deltaRIC0.5,FGO-G
102,23.28749457427104,21.197715258958265,9.641798138668483,46.37731271072006,0.014848262000479132,0.00809972736899361,0.012444488779489834,0.4921530438513434,9.193151609000779,-0.017842600232070016,0.014103006562694698,-0.023217683126767863,0.032500984399305134,-5.019878616567439,deltaRIC0.5,FGO-G
103,26.666290316791365,23.66135366733566,12.297616919088933,59.395373855929655,0.011850687951371694,0.008014622396889574,0.008729526490942236,0.33504726944676155,7.997513521000656,0.007482938698371133,0.017946527708491256,0.00039608466397000885,0.019448113312510725,8.10035313121989,deltaRIC0.5,FGO-G
104,23.95822374505856,21.809624094624322,9.916490400815709,43.32833415610537,0.013246033567369794,0.007824488295504875,0.010688067560667576,0.42242209099032696,7.824550781000653,0.0017921613844891215,0.004128104797601506,-0.013301597270119703,0.014042278361593979,0.08703105371569109,deltaRIC0.5,FGO-G
105,22.22520425261323,19.71383477547346,10.262768754859012,61.58429839668254,0.012296336331927333,0.007165145374666478,0.00999302651591457,0.3846858136977666,7.853389722000429,0.011264116648667555,0.026716641114446382,0.01690630121607628,0.03356310857357552,4.274741392040596,deltaRIC0.5,FGO-G
106,27.87041798203128,24.01489465036996,14.143727706116406,72.14311961173186,0.015075304468254173,0.00863564242474627,0.012356799129324981,0.48561452852893,7.814400315000967,0.006482504521042265,0.017168703010550512,0.007790669320418275,0.019936944509877288,-4.267859083754956,deltaRIC0.5,FGO-G
107,23.484658172603137,20.215763468897077,11.952074165333046,68.61379301763884,0.010884108842668438,0.00841697728837312,0.006900602772661558,0.2230505594050396,7.832671194000795,0.00032428479674972976,-0.0335358535992219,-0.00936687533178615,0.034820927482464785,19.282934730646957,deltaRIC0.5,FGO-G
108,29.023441245049085,24.49074669920358,15.57444919797375,84.52591498258522,0.013776446508905237,0.008367858690617368,0.010943921570743581,0.42276641405449256,7.8248997000009695,-0.007172952646173014,-0.018931162444202454,0.004890304876544627,0.020826791470089145,1.0789736784790875,deltaRIC0.5,FGO-G
109,24.831314816907476,22.10547810509447,11.311146417651832,48.63256192859547,0.014759556807947433,0.008553934657754201,0.012028080438619412,0.47304872269266107,7.8190009180016204,0.0066806922893501985,0.007471135530294881,-0.009075094805298778,0.013520608762262838,-2.5704245054566854,deltaRIC0.5,FGO-G
110,27.17386477915171,25.035066337121126,10.567136818058465,48.983806400227614,0.014276724347200224,0.008721731153290667,0.01130293164518209,0.4508469675147936,7.814011776999905,0.008579200358094341,-0.0005457053513979737,-0.012349983548839205,0.015047344176680133,-1.4229873014810437,deltaRIC0.5,FGO-G
111,29.69153732291513,26.41465762578552,13.55924965145908,59.350913954140175,0.015377388826164413,0.008859088990986265,0.012569034543704309,0.4946426582131018,8.162077631999637,0.004517886426678941,0.030673720480670408,0.003029969293506296,0.03115235368010353,-5.488557357999525,deltaRIC0.5,FGO-G
112,26.707222037280626,24.178839450317202,11.34281410340452,48.80154317850125,0.017603472478607003,0.008373178267658784,0.015484577133492569,0.6145791549729976,8.018821184001354,-0.004795858870120684,0.026017624534858452,-0.005629463653029354,0.027048251510213416,-16.687585131436208,deltaRIC0.5,FGO-G
113,28.231999497758046,23.2987700900281,15.94406183923728,75.06086768003246,0.013235765510277735,0.008059858304334274,0.010498770059255107,0.3878591921569436,7.983705830998588,0.016098119425588808,-0.006811669916296448,0.014651309301667914,0.022808094184789716,1.9152364179481083,deltaRIC0.5,FGO-G
114,21.124765309736112,18.247827639743665,10.642955220315333,50.45114838334132,0.01334663522121261,0.00748751292524656,0.011048521255008683,0.4392186685835787,7.857218697999997,-0.0003314569548962809,0.004568478380099883,0.0034504945396021114,0.005734698857848872,-1.1515397396051412,deltaRIC0.5,FGO-G
115,26.74443493920184,23.178975827857,13.34165955902118,94.06398739719032,0.01390139772157985,0.008431151609156626,0.011052806935659423,0.4096460423896033,7.980476379998436,0.006320738424479999,0.01362289358833857,0.00258061053113956,0.0152379301305434,2.493909508026263,deltaRIC0.5,FGO-G
116,24.620443344730717,20.50022835549966,13.63476687968895,76.2933404599018,0.013008206202210866,0.0078051933631114,0.01040636272497163,0.40395036481518815,7.84170344300037,0.00010786270336426984,-0.021543995202435773,-0.011262931256090736,0.02431067634034023,2.0365268786590605,deltaRIC0.5,FGO-G
117,33.362924404255125,25.99357415925007,20.914560173037568,125.952746099431,0.014213081029449862,0.008208515842732278,0.011603100448126819,0.45453590062062965,7.794718460001604,0.022919245293042345,-0.015016057849843278,-0.007291055086904696,0.028353717259519295,-2.0807340842002304,deltaRIC0.5,FGO-G
118,28.91913993024057,23.14928284270111,17.3328404531242,81.66748164057013,0.01243174947783909,0.007636326160646966,0.009809939747417985,0.3593728738267408,8.332651432001512,0.0018705436550533472,-0.010953069642842095,0.004220435705742709,0.011886157735480265,5.751703207713945,deltaRIC0.5,FGO-G
119,30.72681156630534,24.669103366351894,18.318632266942895,131.00227079741416,0.012698812387352296,0.008778167527487682,0.009176252552569208,0.3181464886410103,10.470451973000308,-0.002543819598784691,0.010664593184899318,-0.01100312797083336,0.01553297753468721,10.665670341102668,deltaRIC0.5,FGO-G
120,24.492171315755606,21.69405700259269,11.368128541170735,48.56049732951286,0.013056920222410718,0.007769038845575189,0.010494055513019823,0.4181390148358264,11.319648415001211,0.010238559415253756,0.0004706202276724136,0.00390389418296877,0.010967678518729165,1.3285453198277537,deltaRIC0.5,FGO-G
121,22.36677065714655,20.27650182271038,9.441181253583393,56.238360947862546,0.012109270534777478,0.0077212801504930005,0.009328250946561888,0.367114730450337,7.811371768999379,0.011684680360738997,-0.019640159979028682,0.0026115226240440714,0.023001906215580775,5.409993808503714,deltaRIC0.5,FGO-G
122,22.510229724521874,20.38518317879047,9.547499621257193,47.038652342157384,0.014401826345057782,0.007761740696910191,0.012131281194792594,0.4785853159985054,8.15282555900012,0.0017871336325573361,0.021442697577528258,0.0020379251649899066,0.021613335351121837,-4.222392292307632,deltaRIC0.5,FGO-G
123,28.820063607344792,26.504992424452862,11.317307228802111,75.73596072632812,0.012377046333363182,0.009106658310799145,0.008382126839208045,0.296424936113796,8.353600329999608,0.011488262425442541,0.015510230490275112,-0.013991302301405106,0.02383912673540284,12.30661979778597,deltaRIC0.5,FGO-G
124,31.263072768336713,28.031680589222955,13.842131420489316,69.45508035365505,0.012456400679571718,0.008433168944137395,0.00916752853552534,0.3397784290485778,9.73838074500054,-0.009629999716145698,-0.005219869606232441,-0.005050567762151903,0.012062013428906617,8.144208290499591,deltaRIC0.5,FGO-G
125,23.822736297396425,21.877768647087322,9.427937405382593,49.80358453551048,0.01634990637210087,0.008027662361058771,0.014243457283725214,0.5726941038848685,10.273082671999873,0.013579167223489397,0.0020725484656165527,-0.008945700208764895,0.016392522437102673,-12.08557148365253,deltaRIC0.5,FGO-G
126,23.28978860291422,20.12595109162961,11.720083012750639,61.32376650859445,0.011760812422320847,0.006835589091245799,0.009570341196041957,0.38003466236773875,7.874054904001241,0.018833799988831612,-0.0033784570373829315,-0.008935334276287288,0.021117911653422323,4.669047077602954,deltaRIC0.5,FGO-G
127,30.37834469740896,26.02014422892176,15.677879986168557,82.54375792745728,0.015493597105684485,0.010454902075943776,0.01143444681021785,0.44001720838227437,7.847398137999335,-0.0015375797574835315,-0.02092030582074228,-0.006349260537626467,0.021916579489479355,-0.8174466603959445,deltaRIC0.5,FGO-G
128,23.90483135500395,21.620799170940764,10.197156727295463,53.05002013594319,0.016108355085458943,0.00782366634911775,0.014080814905995801,0.55445174327924,8.020385694999277,-0.012409371924919643,-0.011880843664942242,0.009033800172128847,0.01941021646741059,-11.59010425364977,deltaRIC0.5,FGO-G
129,25.268928221984233,22.78205576432344,10.931453180572479,60.812731365347936,0.013204349460102132,0.00860907437089567,0.010011927044325023,0.3819796408519402,7.995160690001285,-0.00838085246078829,-0.015524099174902883,0.03371855291593495,0.038054922860339985,4.233165063304114,deltaRIC0.5,FGO-G
130,26.86491656580388,23.30454947045244,13.364943548958172,59.364627277633,0.012487128128615625,0.00821146269418858,0.009407457112440785,0.36438512025231257,8.345490352001434,-0.0009511498458500967,0.0014200030928791518,-0.00025290284676160457,0.0017277310736764399,6.283452026465966,deltaRIC0.5,FGO-G
131,29.71630178875643,25.684692426155003,14.945071661730642,92.85472518007182,0.01629710737353304,0.00934741621256942,0.013349963254386102,0.5114558364773721,7.843326211999738,0.00048033207793851673,-0.03712725241998155,0.009604358159341686,0.038352409139649046,-6.548994214952472,deltaRIC0.5,FGO-G
132,23.156858136485003,19.65214563222927,12.248806097042424,58.180101375478486,0.015119958450193687,0.007703472351094766,0.013010367299638469,0.517700155564356,7.989830298000015,0.0006853265828508093,-0.010579959271011796,0.016905582426678945,0.01995504767938845,-7.824401460356967,deltaRIC0.5,FGO-G
133,30.534874491234525,24.595913130370686,18.094740050045036,87.08864701388006,0.018843560062605555,0.00963105052087331,0.016196376807712555,0.6299884163377094,8.165912464999565,0.0159059439337198,0.008286857778749046,0.019859783787346874,0.02675970994513986,-17.232067075434315,deltaRIC0.5,FGO-G
134,26.878345561152184,23.9322734546202,12.234857882214678,54.42612744386356,0.014765035354317736,0.009564426386392376,0.011248467313973666,0.43812410262248075,7.994531940001252,0.006495337353591424,-0.005595266634425666,0.004568284546359491,0.009714197843557856,-1.4559258516765112,deltaRIC0.5,FGO-G
135,27.711017590629403,22.564343544039573,16.0857358033362,75.5197578827203,0.014494972091845795,0.007803785693032297,0.012214955783817347,0.46325783469103465,8.32604063999861,-0.00563997623353979,-0.007508200945122057,-0.013112660425172007,0.0161283686953485,-3.1573355294131034,deltaRIC0.5,FGO-G
136,23.103345556415917,20.464330090343672,10.722675498802413,46.49632338102995,0.012017025959910901,0.007746155688623419,0.009187272988693629,0.35599291162687396,8.4813753920007,-0.015306807310396575,-0.020152884363724033,0.01435411524044694,0.029094290205318184,6.820660775727447,deltaRIC0.5,FGO-G
137,32.67141945836686,27.86470315191679,17.058134941432236,93.82089425274849,0.014270260615451289,0.008983131177132944,0.011087997668078865,0.4199102543537857,8.004364821999843,0.016767426119870033,-0.002891731363128147,0.007506205145665357,0.01859709129543144,1.2667665641965868,deltaRIC0.5,FGO-G
138,30.15552044637315,27.45368304757316,12.47600499018107,57.69469457561452,0.015179872005893843,0.01044835606839471,0.011011828621230854,0.4180564584823443,7.853849713999807,0.013772195276018917,0.013601162160450153,-0.002040102516877418,0.01946347844335715,1.9542199854058708,deltaRIC0.5,FGO-G
139,21.266273763973224,18.497642339838492,10.492455750284119,46.25295125909825,0.012130143727629088,0.006963159580642007,0.009932512044163488,0.38867169116215394,9.980843034001737,0.003498215807986038,0.0022473849845375815,-0.0021681103797307477,0.004689238288535208,3.805988787275055,deltaRIC0.5,FGO-G
140,29.09422095648511,24.801707026958894,15.210161787886252,75.9922910360453,0.015723808064274102,0.008967114330302593,0.012916230124514396,0.5042068978371299,8.464643299001182,-0.005121114766225732,0.0037133420450996546,0.02996003700918015,0.03062055752569186,-6.149155064347724,deltaRIC0.5,FGO-G
141,22.998148984942812,19.58246613279888,12.059928560792178,52.38941141349181,0.010418956329687413,0.007127697977825067,0.007599379746850518,0.2888905592551282,7.831457967999086,0.01922539732840023,-0.001485845953241527,0.005515209163087342,0.020055951055590097,12.464269119291203,deltaRIC0.5,FGO-G
142,26.769771944734615,24.158874210434934,11.53123960628181,60.44096867909012,0.013774636108838681,0.008106648744106963,0.01113655449726671,0.43038360697163686,8.828763424000499,0.013677931387938824,-0.005744771965313811,-0.0037338855612657484,0.015298042795444338,0.571323289135762,deltaRIC0.5,FGO-G
143,18.97017720266182,16.907471081274025,8.602618481385354,54.58983041165861,0.01071673720712199,0.007166954441374345,0.00796763581006169,0.30017774391875107,7.844284209000762,-0.0030240777427211207,-0.0007414934798553596,-0.020905043422761338,0.021135649961196518,11.286732621063493,deltaRIC0.5,FGO-G
144,26.269809184046014,23.3098280702185,12.114239138428864,51.848983083297796,0.014505776327238663,0.006941603473523445,0.012737020376534099,0.5033882665410873,8.149039019001066,0.001360654887631929,0.01587770433960045,-0.0023074175521480833,0.01610208224357846,-5.547607493463147,deltaRIC0.5,FGO-G
145,21.769239556099098,19.39382457704396,9.88834460997771,43.58376711401574,0.01131829238217805,0.007483646220782866,0.008491100146072477,0.3202913999929136,8.163426965000326,-0.017452037109618845,-0.020662690778619708,-0.019977311042278734,0.03362459436139447,10.410320633767697,deltaRIC0.5,FGO-G
146,24.671706255138087,21.106747208357937,12.774909464348237,65.40429439616395,0.013409703160244965,0.007024765803625734,0.011422469271138106,0.44770330086589377,10.954121291000774,0.0028598694711335915,0.018050817273138287,0.014287306346308037,0.02319780119436761,-1.8735245508541993,deltaRIC0.5,FGO-G
147,29.498796997613088,25.561880110169422,14.72308763608068,63.414336969389865,0.013607028997472419,0.008493007008202194,0.010631089788760309,0.4030290407492499,9.312929380999776,-0.004189641062514016,-0.0089482411189169,0.0037733776309870626,0.010576506516851974,3.5641478895904584,deltaRIC0.5,FGO-G
148,29.055949464162,25.111777906616368,14.616662055090094,67.0856420340649,0.014562500719375154,0.008794268524014116,0.011607207602577654,0.44666404943540977,7.827862830999948,0.0002896905091746005,0.009498091408442488,-0.014478753638644537,0.0173185440474307,-0.6395279956614104,deltaRIC0.5,FGO-G
149,25.595759369192884,22.66999139561634,11.883366013394781,53.81033064720685,0.016292744289582828,0.008627116194220593,0.013821229419163505,0.545959438398475,7.846624251000321,-0.004031851090075367,0.0026400044996297556,-0.01278736479697562,0.013665362981697142,-11.118019733585243,deltaRIC0.5,FGO-G
150,26.78520759051048,23.88372148661439,12.124982210979708,69.82635601206687,0.011543495385252808,0.007065122996227272,0.009128873027791187,0.3463917966490798,8.001716426000712,0.008535308185608326,-0.024880340927317834,0.004783015856435258,0.026734997497022336,6.7858687173302314,deltaRIC0.5,FGO-G
151,24.694754325214998,21.436063283343824,12.260753732752475,44.91386499717729,0.013626803095831823,0.008506561579389357,0.010645570567547268,0.40723351878554137,8.487928470000043,0.013732898303640662,-0.02625845812745825,-0.009553218412161724,0.031134596529906737,1.4437142243332346,deltaRIC0.5,FGO-G
152,19.94582400335422,17.10023758091701,10.267315610663516,53.31730901426668,0.01626699159475911,0.0076881113115891825,0.014335548821184983,0.5682289876244813,10.78132063799967,0.011755083570969105,-0.03211159201782826,-0.007274996338669515,0.03496086245228476,-12.698102519940221,deltaRIC0.5,FGO-G
153,25.85640598624474,23.31242483963711,11.184121718837979,50.24559449084787,0.012978155082985488,0.007768739050475152,0.010396114799464487,0.4101645316576255,8.022309653000775,0.02402155005638995,-0.009805652511638008,-0.009992228974600392,0.02780342295782094,2.2205488751369558,deltaRIC0.5,FGO-G
154,37.196580572514996,31.42669958091417,19.89844616392368,87.01967292628296,0.015290883761486703,0.008971943365363373,0.012382057924917403,0.48507113808971214,9.337155089999214,-0.0010205103585567699,0.0043195510526325975,0.011889809431618548,0.012691238355985061,-4.781364027161544,deltaRIC0.5,FGO-G
155,21.961961491501636,19.733225292760864,9.63989481785687,42.15223485052321,0.012353765679732905,0.007089447826383844,0.010117077442953967,0.40291823243760233,7.857313714999691,-0.0035977907358952232,0.001242738512540087,0.0023864796058996607,0.004492636430785251,2.6079797463407886,deltaRIC0.5,FGO-G
156,23.741984721365714,21.43595320281245,10.206946105295044,52.372267665585696,0.013976046093171737,0.006926278950663896,0.012139049563126893,0.4887143200356658,9.504535083000519,-0.001022441949426578,0.01690401964720656,0.012079143549524995,0.020801369586234554,-4.751583844617926,deltaRIC0.5,FGO-G
157,22.061207366599113,17.95540848362424,12.81796304637682,54.793484241584665,0.013014265663919658,0.007067972199155122,0.01092771155196954,0.4267437453207039,10.320835775999512,-0.0012840960366880538,-0.00790826037279374,-0.016786134829659793,0.018600102345816685,1.501459919516492,deltaRIC0.5,FGO-G
158,23.645058968025257,20.379886492237368,11.989538780324812,51.39799051606938,0.016279431304134596,0.007920290853808328,0.014222829408282922,0.5651125959062135,9.978423212000052,-0.002673757028321011,-0.0317455367393496,0.007707726839341178,0.032777082428822,-11.998659000213593,deltaRIC0.5,FGO-G
159,21.659326390550248,19.84552763217252,8.676488500140103,37.17096885226728,0.012763822419987025,0.007030048915308986,0.010653336332685944,0.4297106916948185,8.017230102001122,0.004753657433959946,-0.010219859402867681,0.016570489434941105,0.020040556512415528,0.2730116154471034,deltaRIC0.5,FGO-G
160,26.496349098455358,23.672099505259418,11.903286124441133,61.264876344968364,0.015204826232167717,0.007970005563128815,0.012948581083428072,0.514729799532076,8.007934924000438,-0.005068230030618404,0.0032509724096321246,0.006411636860329417,0.008795729900365654,-7.1491737502256,deltaRIC0.5,FGO-G
161,27.415360503093016,23.681577793523036,13.81248944701385,59.304700894512656,0.01327077272628012,0.006676805454866822,0.011468813263386972,0.45514231122075954,9.327834134999648,0.012410097078629168,-0.014084538489293974,-0.002220923855634882,0.01890283673764157,-1.8252232504873973,deltaRIC0.5,FGO-G
162,29.795952893480376,26.15197317840916,14.278414047304747,67.25465411704778,0.013485647533520415,0.007761249043913113,0.011028404357689422,0.41681186632194683,10.480586473000585,0.017673958600313178,0.01759936835732301,-0.009227728774870658,0.026594314383433588,0.35584970415038697,deltaRIC0.5,FGO-G
163,26.06216508119931,23.794231669800705,10.633484281435603,52.81776948849967,0.011583564856318621,0.008687456148160473,0.007662054584400233,0.2848178703397662,8.169009929999447,0.0007860609071946856,0.010811938253788123,-0.006234169151185187,0.012505229528446718,12.802651529726063,deltaRIC0.5,FGO-G
164,25.15364682450386,22.326286869026184,11.586322247107654,64.89446978825559,0.012882908316054008,0.007005260957784444,0.010811828966146039,0.4283237727100476,8.492250121000325,0.012696368454902407,0.002746189238249541,0.002966027510613478,0.013324287840955497,0.2638013927553402,deltaRIC0.5,FGO-G
165,24.814490197447977,21.784885692138356,11.881821372992748,79.82535330883498,0.014905786383729835,0.007681624434308771,0.012774001478300222,0.5044965565063905,9.502389290999417,0.011545590715791088,0.009265120101611402,-0.004908791003508939,0.015596132359978717,-6.238842348586331,deltaRIC0.5,FGO-G
166,20.32452128849683,17.532155887688944,10.281521071141892,53.461178304066465,0.014453660672321995,0.0067444738721077245,0.012783598046680113,0.5083582616295576,8.508470253000269,0.005633835585836522,0.016196422555821988,0.011712198027146625,0.02076631381931022,-6.100094971310682,deltaRIC0.5,FGO-G
167,26.533718342954813,22.688472355978323,13.75759540236826,58.48556493365365,0.014734992151873724,0.00794177593238258,0.012411615074421583,0.48697500805633115,8.181733375999102,0.016160014080891072,-0.004467951290364647,-4.8287706825411725e-05,0.01676636441004129,-4.389913893000994,deltaRIC0.5,FGO-G
168,27.859290879191416,24.96618555664849,12.36242965773292,70.6674834118438,0.012320506490964389,0.009379079439002118,0.007989227063413791,0.2813668753678608,7.9925642409998545,5.3151451891997326e-06,0.0220906123736474,-0.013829428824925327,0.02606239215646153,14.363326946513553,deltaRIC0.5,FGO-G
169,22.134383794255044,19.13428001051257,11.127006535033566,78.62899307464251,0.015036515591269324,0.00724971044316371,0.01317340121672336,0.5130611394256182,10.17506083599983,0.003561673838920365,-0.015521397534577874,0.019600230203132396,0.025254075433027306,-6.484498546597024,deltaRIC0.5,FGO-G
170,26.035070787345116,22.24619398727381,13.525226947547072,69.17187521654022,0.01432974155506649,0.007757234098192522,0.01204851908662798,0.46288318510863113,8.36457775999952,0.003933422182729518,0.0038143534663409584,-0.009435418075848578,0.010910921899630022,-1.88709446402936,deltaRIC0.5,FGO-G
171,21.902291598380565,20.04370315726235,8.829515332340918,37.219907885458454,0.013799980444721882,0.007073591831402478,0.011849209208948185,0.4761038894326953,7.833135101000153,0.008429165611159029,-0.0017901493974235017,-0.005077499336829605,0.010001823197844819,-3.6245064778795495,deltaRIC0.5,FGO-G
172,18.289073008883236,16.08649670272815,8.701426053089099,66.27663836551115,0.013229849832458878,0.007075261221861674,0.011178980509502315,0.4421150783934812,8.012025918998916,2.942567667496565e-05,-0.009673147659644,0.0038477306984632254,0.010410364212822732,-1.1950049074603157,deltaRIC0.5,FGO-G
173,32.88757412801054,26.71391673461616,19.18226224201366,76.49283427747221,0.015859011621711674,0.009531939942884593,0.012674792721888086,0.49040533597695707,7.851445063000938,0.005892646613180008,0.010842609289008376,0.00928860808141918,0.015445507450133136,-5.511274824484644,deltaRIC0.5,FGO-G
174,21.360934186604005,18.458505591945695,10.750492111365757,81.29205326363682,0.013382310072124032,0.007478967807366535,0.01109735389193511,0.4165782979128866,8.003262059000917,-0.0026052108514990624,0.010010181104564642,-0.0025982063918802423,0.010664967218972537,1.2245051689442334,deltaRIC0.5,FGO-G
175,27.54993391435961,23.082037044902663,15.04055931617315,75.75827575191266,0.015596144870279155,0.00880806520317205,0.012870808917523579,0.48940374880912535,9.506792784000936,-0.005847712995500631,-0.03463911148473847,-0.006578661212225889,0.03573992970159753,-4.946861897620693,deltaRIC0.5,FGO-G
176,23.51763859160086,20.71724926228702,11.129910508598979,44.51522377516508,0.01571735179159108,0.008325016498077667,0.013331513329227326,0.5284226834719411,8.511362244000338,0.015227444456059391,0.010467775938100776,-0.014464503993154576,0.023466386034509876,-8.227774732093167,deltaRIC0.5,FGO-G
177,25.55977449573296,22.499415307106958,12.127587687213074,60.26288336016226,0.013984820737101857,0.008025441397540769,0.011452838138361732,0.45777121369456975,8.313880407000397,-0.0004454226212315948,0.0005588577819207741,0.0030935719592956046,0.003175045007438206,-1.779540525516495,deltaRIC0.5,FGO-G
178,26.45048369106204,21.288343868754357,15.69823247428856,98.71110346896005,0.014932076616574088,0.008699203506332291,0.012136340899902847,0.45086512473307644,11.34522388699952,-0.003459974558332246,-0.02263840544782386,0.008388924071623172,0.024389400817646716,-1.3549794360915257,deltaRIC0.5,FGO-G
179,24.635044564055686,20.27370923772003,13.99507536304807,66.04972476907884,0.0180569592871144,0.008528854348725419,0.01591579159811835,0.6281073434759835,10.686205197000163,-0.00263099460259808,0.006721445494128564,-0.005193524264312521,0.008892280720571315,-17.612377392608323,deltaRIC0.5,FGO-G
180,21.767570916455433,19.782637388245803,9.081541805668008,63.88173363810156,0.016023327134435102,0.007387244785924752,0.014218847595004025,0.5684095959753058,10.512212409999847,-0.004121341783281052,-0.008603595904336625,-0.011312742382853513,0.014798157344769192,-12.090693884098073,deltaRIC0.5,FGO-G
181,30.144245039043714,24.10250005472602,18.10372890003172,121.10140539719478,0.01787109435679672,0.008280571826375592,0.015836923430318357,0.6334501331412686,8.329230242999984,0.0074267312064774105,-0.004118348515191106,0.02127628646970592,0.022908459067489312,-18.05325444846312,deltaRIC0.5,FGO-G
182,33.89308557300357,26.875713559755784,20.65035763159809,94.18435324020467,0.015944108552081154,0.009142888217109464,0.01306224301450514,0.4958176887460399,8.489807463000034,-0.003622059619111273,0.030890992661662064,0.009960431975173378,0.0326585815466519,-4.903713839430566,deltaRIC0.5,FGO-G
183,32.46534640892947,27.055358067477282,17.944534468533348,74.21330721135669,0.013049601499775266,0.008356899840044008,0.010022690475436686,0.3863351817015775,8.003855066001051,0.011328245710525375,-0.014282441873271268,0.008702526643332154,0.020200278877265904,2.973434578769229,deltaRIC0.5,FGO-G
184,28.06634627526673,23.950264225494724,14.632314812502024,69.69691538096154,0.01112834362399088,0.006885799625423063,0.008742184814572505,0.3426788980461476,7.840534728999046,-0.007278660896602285,-0.003567319907301192,0.008798106177305698,0.011962915534095325,8.416046900210858,deltaRIC0.5,FGO-G
185,20.59849529412036,18.483269237881608,9.092126630325726,43.79976414097914,0.010850612845770331,0.007638832226339031,0.0077061041614190804,0.2906446399564366,9.466639158999897,-0.00418597041833213,-0.0033643677848905207,0.008608954438686367,0.010146694804838595,11.999287299600837,deltaRIC0.5,FGO-G
186,25.112121262366795,21.948331093490868,12.20202427904143,85.67082037067324,0.015643921556599244,0.007832660150459114,0.013541850561737874,0.5364142090533243,9.492733679000594,0.0026639930210611285,0.0036390528549122836,0.012360651013138768,0.01315770716978137,-9.30601205300627,deltaRIC0.5,FGO-G
187,24.235347182346295,21.922887209032588,10.331460180869689,55.49770829863361,0.010671441050605789,0.007578752675002486,0.007512799876723526,0.28316895440757517,9.33711396200124,0.008211280512880337,-0.01839857537430667,-0.018976293860285876,0.02767729091036866,13.242120777042146,deltaRIC0.5,FGO-G
188,25.023865402341062,21.96503286248959,11.988793559997363,81.15558573298696,0.012669193818531072,0.008689964913387513,0.00921916383494728,0.3232796727011509,9.809645942001225,0.009807004014710352,-0.0405514657450074,0.020801059804815836,0.046618481215249585,9.314170399587965,deltaRIC0.5,FGO-G
189,20.3413278146411,17.549261038547243,10.285575057507446,60.0410804730681,0.012078837581897327,0.00764727705086878,0.009349731067635633,0.3556606021080934,10.971734366999954,0.007750647590722193,0.010944103752462242,-0.018810415003250258,0.02310146440411794,7.023476891585233,deltaRIC0.5,FGO-G
190,25.709595363698345,22.04392637134137,13.230593482530546,81.6016250611058,0.014775095978845994,0.009572522098175273,0.011254789285635563,0.4200935625975949,7.861875681001038,0.007532329678578975,-0.003295258455215,-0.00013067197487376392,0.008222639104234418,1.6250520268913533,deltaRIC0.5,FGO-G
191,21.419843099662618,17.95755738855339,11.676292692930229,47.32362893283954,0.01714447310536133,0.007948159413095556,0.015190777465438642,0.6076921183851259,8.349160142000983,0.016145500712752225,0.023172542842513577,0.005570562505952781,0.02878671745243519,-15.183422902618986,deltaRIC0.5,FGO-G
192,28.58650822826356,22.072247659620473,18.166021466929923,85.87651658946491,0.011505980252891212,0.0079732227734661,0.008295498790585413,0.2944126424200391,7.843256217998714,0.007629481106050218,0.017763903699978045,0.013693162394274982,0.023691094380919965,12.413277269590253,deltaRIC0.5,FGO-G
193,28.170378253614388,23.414108495620376,15.663643711059951,68.44949801307118,0.011969267674997253,0.007812715215009198,0.00906779188363396,0.3407110943712572,8.16296733299896,-0.009272311577872283,-0.004885718526600247,-0.008121023446458708,0.013258847209928974,8.640959949370881,deltaRIC0.5,FGO-G
194,30.163049943723006,26.555784927232022,14.303841050785095,73.17314501915752,0.014078614420250983,0.009313781786309518,0.010557502206066926,0.3906276795226854,10.15211368099881,0.010330867824096424,0.013525308123143787,-0.0013643862187278089,0.01707402528927448,4.927576570002202,deltaRIC0.5,FGO-G
195,23.722868768077237,20.758884040830253,11.48230098746664,54.89489937646477,0.011727333000368729,0.008990413006742613,0.007530127042071118,0.28356021094581174,7.840704289999849,0.0002909511693547362,-0.014913053560784428,0.011778495974454573,0.019005704051942317,14.550914760795422,deltaRIC0.5,FGO-G
196,22.090861325541045,19.45003520642911,10.47388583921713,53.63530538401338,0.0134548093903024,0.008169101498444917,0.010691009140276451,0.4117296624006028,9.999223165999865,0.006071048228309173,0.018062315786917638,0.012592512100868758,0.022840232905715217,2.2893266361752467,deltaRIC0.5,FGO-G
197,24.05641830099421,20.587109430196666,12.44516720584809,65.21146041194467,0.014526324033104566,0.00814325078982548,0.01202919600342259,0.473892031374094,9.815637900999718,-0.0030984148909022347,0.018054260629167262,0.021191348913233488,0.0280112436436597,-3.977187741404123,deltaRIC0.5,FGO-G
198,28.672691639506734,25.11578690719848,13.831865162964716,59.61407688466925,0.014403799120371827,0.008014891829958268,0.011967912852878414,0.47097804865984916,7.8564420440015965,0.005112767459721779,-0.007040645179228644,0.00044636820169463576,0.008712652880062968,-2.9759442751583265,deltaRIC0.5,FGO-G
199,27.62201796277169,23.494661605861495,14.525038807581195,92.65648064704851,0.01529083311761573,0.007990234786461332,0.013037090376613842,0.5073294195696666,8.350410375000138,-0.0014688648869758958,-0.017062248843039973,0.005677525044304632,0.018041956386897623,-6.3562566733107815,deltaRIC0.5,FGO-G
200,32.29164096893319,27.512602973286324,16.90582012505755,91.86208355555975,0.01575942371797447,0.010124582164993788,0.01207693139447873,0.4366336483058898,8.331935482001427,0.02171132894080341,0.03868759406098299,-0.006114488161048759,0.044782794732740605,-0.626325820110651,deltaRIC0.5,FGO-G
1,41.152293020804564,34.262437311166586,22.79466188318089,141.61565199259604,0.017957361133255304,0.01279229196004965,0.012602542810044226,0.10217494964998916,5.587159079999765,,,,,,deltaI0.2,FGO-B
2,33.22767313658757,29.261232976190758,15.743522692999473,117.57062965811562,0.016417973997200606,0.010517741611057702,0.0126066245115725,0.10443060755749418,7.01884383200013,,,,,,deltaI0.2,FGO-B
3,30.12249960957791,23.743461625596325,18.536801578558695,159.23895447762072,0.016451376713638374,0.00979653676499243,0.013216492090800593,0.10137316253600129,6.70003587499923,,,,,,deltaI0.2,FGO-B
4,28.390142613964297,22.41106530585146,17.428262951255146,143.88810735875842,0.017411224811966768,0.010772133386198963,0.013678884887401637,0.10370570681167562,5.638655347998792,,,,,,deltaI0.2,FGO-B
5,36.17308280716894,30.400523741760377,19.603573041692275,166.4567888286413,0.01680392186667333,0.011256573871272121,0.012476431171687518,0.10281066339236147,5.952152197000032,,,,,,deltaI0.2,FGO-B
6,31.43229044414195,25.024749379433292,19.019747660299036,166.3273815688546,0.015810125130989092,0.009499649238366291,0.012637908094520214,0.11033446862392819,5.625052647999837,,,,,,deltaI0.2,FGO-B
7,29.33900131063083,24.93851273182997,15.454694452804693,127.33979968186898,0.016383116127092832,0.010776816151591114,0.012339640499974628,0.10133886349557089,5.7716645969994715,,,,,,deltaI0.2,FGO-B
8,25.13547925056679,19.564054524187384,15.781004015280415,136.26186872892666,0.015660902716664198,0.009477479792635765,0.012467608057723052,0.10582851467426384,8.037661201999072,,,,,,deltaI0.2,FGO-B
9,35.735142382538776,27.227452494437884,23.14446438705047,162.81549483453256,0.017253479283648916,0.010905420041128001,0.013369905052687025,0.10834164436082688,7.210187055999995,,,,,,deltaI0.2,FGO-B
10,29.278265947339897,23.434244275645664,17.551440172035207,155.281527129246,0.015702569378245518,0.009721625183888406,0.01233128901869551,0.09942544464883059,5.625366569000107,,,,,,deltaI0.2,FGO-B
11,36.44476380555952,30.596515861076178,19.80085922393104,138.9219601935426,0.017753824928900788,0.01203326645473051,0.013053689058481383,0.10100840726587292,5.55262186499931,,,,,,deltaI0.2,FGO-B
12,29.173580108382815,25.062955881132382,14.931376990774863,100.78338240899942,0.017252682233210265,0.011707391302542006,0.01267249119665478,0.10212161097886596,5.623083755999687,,,,,,deltaI0.2,FGO-B
13,27.75433844520521,23.055153085977125,15.451964881954508,134.9768782204152,0.015740933635363136,0.00960275360254371,0.012472534424155352,0.10229535791594332,5.8784867220001615,,,,,,deltaI0.2,FGO-B
14,26.79128283556815,20.79521460893192,16.89176975168301,149.82672874637052,0.01710264989174695,0.0109758797381121,0.013116047319759572,0.10062815703499282,5.469975382000484,,,,,,deltaI0.2,FGO-B
15,29.109524877712193,22.873753889443485,18.004327857804473,150.03878241187425,0.01634387725380791,0.009327250413851967,0.01342105522694985,0.1108278175041756,5.4695348130007915,,,,,,deltaI0.2,FGO-B
16,29.757772995061117,24.365572563002885,17.083440148360918,160.18366609260178,0.016979112222655673,0.010689752267948261,0.013191643124320423,0.10271073039877295,5.925312675999521,,,,,,deltaI0.2,FGO-B
17,36.52419675150686,31.48033104708625,18.52041321106638,133.05677358755182,0.016222362947094265,0.01021688983018359,0.012600802426240482,0.10460918645040196,5.736291208999319,,,,,,deltaI0.2,FGO-B
18,25.769144216812528,20.537101639928537,15.565225661651272,133.71108602930084,0.01649747544718647,0.01009479330535058,0.013048442215558512,0.10441935297491037,7.15706638499978,,,,,,deltaI0.2,FGO-B
19,30.744073196628058,20.673098853098587,22.75568106055359,188.9322016941469,0.01760116988759604,0.009909270796163055,0.01454673618721147,0.10134362912761614,7.29686319800021,,,,,,deltaI0.2,FGO-B
20,28.647947865764674,23.864611558781753,15.848824311854523,151.79731638804998,0.01613033316074866,0.009429387661682649,0.013087180605556525,0.10102742606990069,7.161855712000033,,,,,,deltaI0.2,FGO-B
21,33.67790438138963,27.355327661743996,19.64401415293337,139.41914421367534,0.017177106268427673,0.011522883134926065,0.012738765403903701,0.10043373076719181,5.883276079001007,,,,,,deltaI0.2,FGO-B
22,32.42118466766258,27.738433325700928,16.78429420292445,106.68416447140584,0.017360996637873376,0.011065605713945515,0.013377465172585834,0.10103542120236433,5.947621377999894,,,,,,deltaI0.2,FGO-B
23,32.21852830111388,26.313078699601245,18.591811510400692,168.7520285013185,0.0175648412724396,0.011024172943095462,0.013674474755789326,0.10033521085597003,6.819787274000191,,,,,,deltaI0.2,FGO-B
24,28.220153088865157,22.292954635305218,17.303213978541947,117.13965934663541,0.016495248549933006,0.010646690521034997,0.012599254171313894,0.10458935527585639,7.390249248001055,,,,,,deltaI0.2,FGO-B
25,28.658998323816263,25.264911419877023,13.528578486680377,114.58736048768455,0.016733258219652394,0.011094774669838785,0.012526288583258336,0.10042036290245238,5.613453788000697,,,,,,deltaI0.2,FGO-B
26,25.841389656565497,21.77460987855322,13.915594993361323,125.31983838525635,0.015734069496816914,0.010137629074618112,0.012032847529829416,0.0995682539364658,5.574637706000431,,,,,,deltaI0.2,FGO-B
27,26.617371963882103,22.52298910504271,14.18447926565457,134.7858329513771,0.016149465345925446,0.009850756984595655,0.01279718007178483,0.10333831724265209,5.462171065999428,,,,,,deltaI0.2,FGO-B
28,27.76764658181135,22.83442947228454,15.799716053386616,145.91741543479407,0.01608389798071678,0.00957920076076143,0.012920165906021984,0.10480124474003213,7.222774238000056,,,,,,deltaI0.2,FGO-B
29,33.61411754550942,24.90524846070823,22.575152213744097,182.76060592794326,0.01898218663830198,0.012368297095882004,0.01439960542929309,0.10056737713264896,6.675761769998644,,,,,,deltaI0.2,FGO-B
30,31.714231554439113,25.39955481378583,18.99092147185256,163.17584724699609,0.016972961346500483,0.010214537705587634,0.013555243868367992,0.10724492841571856,6.5430411039997125,,,,,,deltaI0.2,FGO-B
31,29.838607099075315,23.486654507786678,18.404334642818558,151.1039828086927,0.017646538868296497,0.010894805512856544,0.013881770307397021,0.11529282625654881,5.572235188001287,,,,,,deltaI0.2,FGO-B
32,28.275186554248588,23.58730477860759,15.592473439407735,137.9651455790999,0.0172140850299027,0.011543123974087383,0.012770317628609295,0.0990055783184891,6.396619262999593,,,,,,deltaI0.2,FGO-B
33,31.100993912071004,26.29698366461494,16.605435027774867,135.87592644686984,0.016854872492681267,0.010865202107101377,0.012885422380208705,0.10498719757586265,5.472392338000645,,,,,,deltaI0.2,FGO-B
34,32.517417848534336,24.3974326866639,21.497621771625884,172.42169946275206,0.017474807856135414,0.009869654387097134,0.014420777783743371,0.10304423354572627,6.448075955000604,,,,,,deltaI0.2,FGO-B
35,30.83684739635795,26.063875990991566,16.479852113186013,155.6121398858784,0.016384388111933577,0.010218318973537614,0.012807581003355458,0.1039445521351215,7.113886537999861,,,,,,deltaI0.2,FGO-B
36,30.718116701738616,25.44155113981169,17.21424321025991,148.47089493617307,0.01751235700495146,0.011808723916870927,0.012932002448344686,0.10302765109530052,5.906958513998688,,,,,,deltaI0.2,FGO-B
37,31.831863276439996,26.031923177091183,18.319565916036105,154.17710237392996,0.017308316905516777,0.011513915034927711,0.012923141826594008,0.11273024273575814,5.613438210000822,,,,,,deltaI0.2,FGO-B
38,30.824036505522063,25.07966754531895,17.92014236299567,163.82417809267147,0.016931633447827193,0.01049584873153852,0.013285983991268461,0.10359514710921584,5.478772475000369,,,,,,deltaI0.2,FGO-B
39,27.454075910987594,20.4964070845215,18.26536560684855,125.19641744908631,0.016766705489226454,0.010563895414033207,0.013020235276054911,0.10100376867544926,5.737619157000154,,,,,,deltaI0.2,FGO-B
40,36.568914910616215,32.21926378211811,17.297531011048388,123.18533507467792,0.017728907714591617,0.012704246203933284,0.01236593292648609,0.10067399027705397,7.12395722600013,,,,,,deltaI0.2,FGO-B
41,29.090257299555763,24.73821945670599,15.305671101464666,121.164972414773,0.017703489460019775,0.011948688886323212,0.01306301546194015,0.10431355301354084,5.445214301000306,,,,,,deltaI0.2,FGO-B
42,31.255240237086472,22.513852043140993,21.6798641245176,182.16492110882075,0.017324001273174218,0.010758264991627247,0.01357868750958168,0.10209756160274124,6.679284445999656,,,,,,deltaI0.2,FGO-B
43,29.85974733905486,23.38095115164939,18.572442876379476,150.70174081065383,0.016681273352991344,0.00993345137880953,0.013401172500271986,0.10490147615937791,7.424859422999361,,,,,,deltaI0.2,FGO-B
44,36.636095967112574,29.103010809840352,22.253500612573255,174.9084331831354,0.01762958803613975,0.011627156861501392,0.013251852611693312,0.10989296294793958,5.4590648359990155,,,,,,deltaI0.2,FGO-B
45,34.51185717178329,28.71587356104188,19.143324974304367,114.13352396806803,0.01867922726612894,0.013208368109346055,0.013208048423128414,0.11051258481329808,5.915728645999479,,,,,,deltaI0.2,FGO-B
46,27.730747838209954,22.67037847501841,15.970232166935078,121.1384223313294,0.015647799566305687,0.009165304716241916,0.012682697691173994,0.10000327038765465,6.363658332000341,,,,,,deltaI0.2,FGO-B
47,32.59001509206146,27.022139894283317,18.218480705991258,126.3172814568196,0.017163353412413707,0.011008225251960175,0.013168131118785223,0.1002196279409673,6.036716159000207,,,,,,deltaI0.2,FGO-B
48,35.11108810008722,26.47166011637489,23.065986175648625,189.6246752378529,0.01787601094239592,0.011285815220815709,0.013862977386343206,0.10426982095889549,5.606981517999884,,,,,,deltaI0.2,FGO-B
49,33.72951766776056,28.990629340438755,17.24017901719884,135.34644104748492,0.016997975283967858,0.010523135360628762,0.013348961979729615,0.0995523327356377,6.050430428000254,,,,,,deltaI0.2,FGO-B
50,39.1035986113135,31.431262486685707,23.26299986776819,180.8912889062918,0.01822165799631974,0.011406359402662453,0.014209988927234848,0.1020602741573255,6.078374175000135,,,,,,deltaI0.2,FGO-B
51,28.894147517427,23.97590039015307,16.125382514541812,121.17822463643883,0.017325845545097796,0.011172480325397999,0.013242379213388345,0.10665750002791462,6.052393209000002,,,,,,deltaI0.2,FGO-B
52,26.68350708255752,21.1660062042335,16.248376275408138,124.08826804819977,0.016415751039718086,0.010351968170199113,0.012740236936618955,0.09958994426691879,6.051549812998928,,,,,,deltaI0.2,FGO-B
53,30.53496814915709,24.065620574345463,18.794419018466044,127.34676277088441,0.016414073996824985,0.009871774430164437,0.013113729247365058,0.10325473793185423,5.600860278000255,,,,,,deltaI0.2,FGO-B
54,36.24405768889497,31.945545055343004,17.120568590820714,149.84173678458296,0.016940540908616363,0.011050061936699544,0.012840485094871163,0.10896151147548347,6.397039894000045,,,,,,deltaI0.2,FGO-B
55,30.000267413644004,23.356746645079756,18.82759759097549,162.77222094219184,0.017287255005677245,0.010926394763587545,0.013396383209715954,0.11174228164221917,5.618518974000835,,,,,,deltaI0.2,FGO-B
56,30.34878111574923,26.078334362369922,15.523175966795359,140.5325693177244,0.016271111932584223,0.01051189582393618,0.012419707311744415,0.10537132741488395,8.499834665999515,,,,,,deltaI0.2,FGO-B
57,31.20635023084191,26.17660641553853,16.988866098005303,134.48844291641535,0.016903625564687705,0.011153623363088349,0.012701544910188423,0.10842957299882558,5.723739918999854,,,,,,deltaI0.2,FGO-B
58,33.763535955675074,26.183908585839262,21.316174408147823,148.6069796230272,0.016995190011924084,0.01031673367345387,0.013505609569820502,0.1044926994995525,5.488897777000602,,,,,,deltaI0.2,FGO-B
59,31.15561862577582,25.959254126063346,17.227585355274023,134.15113178129258,0.016936070132116007,0.01087317367868414,0.01298478208030933,0.100722788929305,5.448365315998672,,,,,,deltaI0.2,FGO-B
60,37.054738896278096,29.95455556622659,21.812342274528625,128.3596063888595,0.01817081177161649,0.011615354425868588,0.013973615924340108,0.10723211771569387,7.009931556000083,,,,,,deltaI0.2,FGO-B
61,28.566995623008008,24.893029346221837,14.014646941435855,115.81990467485915,0.014942081898315505,0.009249763059526623,0.011734892193735084,0.0996308605651557,5.481897793000826,,,,,,deltaI0.2,FGO-B
62,29.78607810435586,23.979884262457784,17.66849171825136,145.88762129985142,0.016819628742777638,0.0107987269932111,0.012895247433491363,0.10758467913051495,6.35547705800127,,,,,,deltaI0.2,FGO-B
63,33.94742189955655,28.863369116293676,17.869901423429173,156.13938931914151,0.016406078283190392,0.009947699698378254,0.013046174739940311,0.10436404047124404,5.6219254300012835,,,,,,deltaI0.2,FGO-B
64,37.72210108737404,30.05151492836453,22.800512295918914,166.52808801042238,0.017429928117476942,0.011054161715860617,0.013476197643994943,0.10065922844628883,7.236091922999549,,,,,,deltaI0.2,FGO-B
65,31.95150243473492,26.105067198790287,18.42346260569698,113.4180668075733,0.016093382270337585,0.010346380866349762,0.012326773944047473,0.10396860107785434,8.303814015998796,,,,,,deltaI0.2,FGO-B
66,34.42894573278779,29.056650380532975,18.467901151314386,146.8466719857174,0.016937655605750026,0.011278341164644738,0.012636581736881033,0.10754639799770661,6.637638603000596,,,,,,deltaI0.2,FGO-B
67,31.47316422531155,24.577404690386544,19.659889242780498,171.58339248720836,0.01746553176628974,0.010904797770677018,0.01364295369265444,0.10071223134392518,8.414129589998993,,,,,,deltaI0.2,FGO-B
68,32.862111376581375,28.665481188326073,16.06886904447737,114.5424348167173,0.01678002394150812,0.011086507792099614,0.012595973501611544,0.10866202357392382,7.2273734680002235,,,,,,deltaI0.2,FGO-B
69,31.054242166733218,23.647952544822125,20.128097202367442,170.93505067218268,0.017163536396863993,0.010679044708926354,0.01343670293454563,0.1094204111137098,7.383453761000055,,,,,,deltaI0.2,FGO-B
70,31.241102490360237,26.01174579540328,17.30305075668775,130.2121707016832,0.016701853623978923,0.01098398055569165,0.012581895152519975,0.1041970816562303,7.082202960000359,,,,,,deltaI0.2,FGO-B
71,34.8402175875713,30.067624421367903,17.600531901191882,139.57261953195527,0.017143258903103722,0.011345759877516551,0.012851655870765475,0.10947922759370209,7.080800081999769,,,,,,deltaI0.2,FGO-B
72,30.91411294020576,23.976648868373648,19.514166339419013,157.8307450901425,0.017484579170207095,0.011464050721420253,0.013201744195974396,0.10547265913380202,7.0929667109994625,,,,,,deltaI0.2,FGO-B
73,30.91716030428975,25.23681050141805,17.859848739467697,161.18429947053178,0.016727827805211096,0.009975874348034455,0.013427663760797019,0.10070566745292474,7.847909273999903,,,,,,deltaI0.2,FGO-B
74,36.090842323986486,31.395873445991437,17.800225566496167,135.37299697899894,0.018227528347603224,0.012838186372464906,0.01293923337483854,0.10111928241063747,7.833127375999538,,,,,,deltaI0.2,FGO-B
75,33.17363643030707,28.42663885800166,17.100185883403327,123.51492724360665,0.017092572107223952,0.010914915224900817,0.013153731290925726,0.10809109962340278,7.075135962000786,,,,,,deltaI0.2,FGO-B
76,26.619548603236435,22.614003617662977,14.043048394860447,115.38885939309345,0.01565356948036107,0.009112813924025957,0.012727562997784382,0.10270841853685288,5.432558313001209,,,,,,deltaI0.2,FGO-B
77,33.06417162730155,28.08255932509566,17.453060108535,87.52520033616827,0.016260160518474086,0.01092444464379992,0.012043642692769271,0.11154530071956435,7.077569286999278,,,,,,deltaI0.2,FGO-B
78,35.537733148996075,26.916887162760943,23.203699335158806,184.08791491517738,0.01753428441184935,0.010499437259348078,0.01404325272408912,0.1041640934701352,5.57787628799997,,,,,,deltaI0.2,FGO-B
79,31.769812277443272,26.569248244072035,17.41826684515024,139.62334432775535,0.017654632082512122,0.01131269043001141,0.013553931872471345,0.1013071704912303,6.948735009000302,,,,,,deltaI0.2,FGO-B
80,28.897970368991192,24.61874571426054,15.133078037982594,123.06469326023587,0.016669815926812385,0.010951719459869075,0.012567521788568058,0.10087603220918244,7.389013085999977,,,,,,deltaI0.2,FGO-B
81,26.382477258301773,20.162617255477713,17.01481624038069,150.48406137749453,0.016958490800258692,0.009995007728452212,0.013700008420823659,0.10658505861338073,5.895815761999984,,,,,,deltaI0.2,FGO-B
82,34.02610820681112,29.56584892399973,16.84151469152472,147.38773822223752,0.017110355885990393,0.011009454159540728,0.013097946314373768,0.09964961881899649,5.612216372999683,,,,,,deltaI0.2,FGO-B
83,27.501479265000377,21.353418970596497,17.33097977696054,154.97653005928225,0.016536723523882073,0.009599413899652045,0.013465306446140832,0.1075908074207068,5.456562510998992,,,,,,deltaI0.2,FGO-B
84,34.10746473514037,28.377856622511388,18.921321417148178,147.55144439995587,0.01745093294029119,0.011548382670704032,0.013083192201352198,0.1026690866415782,5.893136152999432,,,,,,deltaI0.2,FGO-B
85,30.626057745571675,26.151795279753888,15.938601465653523,111.67351310912228,0.016488396588866097,0.010899341603400246,0.012372209773687142,0.10669339056579438,5.744080718999612,,,,,,deltaI0.2,FGO-B
86,31.236309377468647,26.518881468933447,16.50623970386938,119.33347739890993,0.016789258400761262,0.010736582693418826,0.012907555528252127,0.11358548333494774,6.033965567999985,,,,,,deltaI0.2,FGO-B
87,30.66934332845324,26.236169598020286,15.883073538281415,136.36917925005866,0.015800935858254105,0.009653282501840173,0.012509344944333681,0.0997459244566202,5.455460569999559,,,,,,deltaI0.2,FGO-B
88,24.75186096209125,20.93966452153386,13.197919184944002,127.36980710771479,0.016065184518305128,0.010043092768913823,0.012538996819609679,0.10380289667983279,5.431422026000291,,,,,,deltaI0.2,FGO-B
89,31.735784470337098,27.182599422336622,16.378837095241963,136.90628217213683,0.01676241829862594,0.011009705548331555,0.012639820052403722,0.1068426122719378,6.9452880270000605,,,,,,deltaI0.2,FGO-B
90,28.267968541380146,24.47993757617059,14.135441334576315,121.49701893590256,0.016389963829347987,0.010598628448961775,0.01250199941322161,0.09942701258106951,7.1050352359998215,,,,,,deltaI0.2,FGO-B
91,28.117065848473246,23.231897510728743,15.838192130997019,149.29838348747296,0.016849790706189707,0.010781229806733782,0.01294915173657302,0.10057378857017951,7.591019202000098,,,,,,deltaI0.2,FGO-B
92,28.640417415885732,23.93588268860479,15.727270254990868,133.71145970976332,0.016105442862378166,0.01003882214296145,0.012593940597577657,0.10110556192723573,5.756101895000029,,,,,,deltaI0.2,FGO-B
93,35.37702726231034,26.79790776727116,23.09558826302282,150.38324685817233,0.01694921932691361,0.010350802907900235,0.013421509414131704,0.11015131044694688,6.359499042000607,,,,,,deltaI0.2,FGO-B
94,31.04291103499877,23.77309392755717,19.9625231531085,169.35250811213902,0.01673733425992956,0.009824024702092123,0.013550900220328373,0.10365097018973983,5.8685399500009225,,,,,,deltaI0.2,FGO-B
95,29.317507381149014,23.344099523444086,17.736100374187792,154.65036913565282,0.016545372991944265,0.009986600748950174,0.013191556880202824,0.10290620686734912,5.5768369029992755,,,,,,deltaI0.2,FGO-B
96,33.50041777691621,29.085296753206624,16.622981200910743,152.27602693234624,0.01755925254429139,0.012130037779079231,0.012696044005607187,0.10756908924939831,5.42230262799967,,,,,,deltaI0.2,FGO-B
97,37.379666483549045,29.94734092988887,22.36953816354648,165.8991546136395,0.01648056234104311,0.01005972889064942,0.013054148372208804,0.10843111299883224,5.5731828219995805,,,,,,deltaI0.2,FGO-B
98,28.37368602033513,23.71286038482901,15.580959878973056,119.97972541325868,0.016273938580120308,0.009326820251154718,0.013336097664316138,0.10399367942954364,5.435823042000266,,,,,,deltaI0.2,FGO-B
99,27.470750173814054,22.154913730440526,16.241979950389137,146.20205725798365,0.016485754115507796,0.010396406486435673,0.012794327685571464,0.10352346579494133,5.896624081999107,,,,,,deltaI0.2,FGO-B
100,34.40491095974303,27.72871553534765,20.367037902150024,169.85443624216825,0.017139551431274925,0.010229216543685244,0.013752358058446358,0.10537376464249751,5.572109062999516,,,,,,deltaI0.2,FGO-B
101,29.205711078805606,24.463464846902962,15.953446251610075,132.70292199819966,0.016910176020058832,0.010824034193809845,0.012992087468940778,0.10460214886690093,8.562799539999105,,,,,,deltaI0.2,FGO-B
102,30.11384712143557,23.710724079824015,18.5646263647736,166.65796918190725,0.01652128706426236,0.010319536149446236,0.01290194171123227,0.10222545555234316,5.578198705001341,,,,,,deltaI0.2,FGO-B
103,29.080971797835574,23.62241234899778,16.961266330095324,137.03755765320207,0.015722645983054003,0.00970168563395705,0.01237250550892242,0.10139569386261277,5.572295174000828,,,,,,deltaI0.2,FGO-B
104,29.57453268111849,24.538554233505348,16.507947765723713,151.6485590048839,0.01666799191339222,0.010592032261789808,0.01286976328415221,0.10800311286923249,5.417402051998579,,,,,,deltaI0.2,FGO-B
105,24.38818248394648,20.006625142334812,13.94698516828531,129.18057117358705,0.01557221326167702,0.00932666420188205,0.012470251029248827,0.10442356808409818,6.778560191998622,,,,,,deltaI0.2,FGO-B
106,30.122059894973596,25.01280213862666,16.783867894209916,123.6286007576214,0.016653533341651358,0.010999639267007035,0.012503923734460735,0.098926591584826,6.36057159900156,,,,,,deltaI0.2,FGO-B
107,31.565203324915647,23.553482365166385,21.014174488117824,178.6685618934392,0.01808912132375824,0.011327084365811452,0.014103668672917515,0.10352771614596101,5.442178683999373,,,,,,deltaI0.2,FGO-B
108,35.01020566696461,28.89966250669775,19.761680288936184,146.55179622547917,0.018206693977224814,0.011719581894156986,0.013933237448865292,0.10758864088276147,5.433857206000539,,,,,,deltaI0.2,FGO-B
109,27.371903665167043,23.31445403349613,14.340758117170132,120.73920238063451,0.016662759834550317,0.010601392105655853,0.012855273265319607,0.10834948451704711,5.872669596001288,,,,,,deltaI0.2,FGO-B
110,31.09893550887514,27.672219913056967,14.191266147479178,127.36688822859425,0.017223126304237932,0.011641599694565104,0.012692881321561086,0.10262118183061832,6.947827874000723,,,,,,deltaI0.2,FGO-B
111,32.3821572467752,27.550211312002702,17.01734305403972,132.38599978493613,0.01631184796013524,0.01077564737731921,0.012245889411318468,0.11081283685704066,5.4235491220006224,,,,,,deltaI0.2,FGO-B
112,31.073141230578283,26.510286191844315,16.20940566344036,149.9852828546158,0.01595452610118947,0.010014962897300823,0.012419638532550938,0.10143693058586252,5.870369932999893,,,,,,deltaI0.2,FGO-B
113,34.35460166477377,25.682371154799757,22.817854136889956,163.8799195244904,0.017437663094917344,0.010321694532481933,0.014054704414891648,0.12097512216427081,5.7182075760010775,,,,,,deltaI0.2,FGO-B
114,27.746007625602616,21.795225712646314,17.17000510468182,137.94986148004463,0.016990641558700986,0.01075309985568091,0.013154951313859442,0.1042577639611232,7.385312479000277,,,,,,deltaI0.2,FGO-B
115,31.873035679406847,26.38807847971125,17.87623331603562,115.2153048162314,0.01766420617372709,0.011419702688332742,0.013476445015582716,0.10470159955171307,5.732639896001274,,,,,,deltaI0.2,FGO-B
116,31.585105253770756,22.645865599397137,22.017802913683695,181.2282489661124,0.017434734152379665,0.010829868313439805,0.01366323194847055,0.10284942495437907,5.5765288949987735,,,,,,deltaI0.2,FGO-B
117,38.39949345419881,30.31321109496502,23.571812205495505,136.91462340009235,0.01747501122710167,0.011201369326876901,0.013412879727718085,0.09942028560349246,5.884156497999356,,,,,,deltaI0.2,FGO-B
118,36.69696401507654,25.07461533549053,26.794231351188362,209.40237914537926,0.017629910302919945,0.010502368695493553,0.014160296221227858,0.10289729524433766,5.4449151099997835,,,,,,deltaI0.2,FGO-B
119,34.83297730576869,27.69972892324876,21.120163956814647,131.2682673174654,0.01758388305675252,0.011690023268921062,0.013135307355582984,0.10449100392927227,5.4361938500005635,,,,,,deltaI0.2,FGO-B
120,31.621657724952556,24.060504511156356,20.518805032035278,174.76202289497363,0.016565870599144578,0.010374704562670145,0.012914858649823235,0.10693499217257041,5.434569304999968,,,,,,deltaI0.2,FGO-B
121,30.156500261392882,23.0612188731192,19.4317959052034,178.55812121507583,0.01704223096293604,0.01042545692633469,0.0134813754517555,0.1000226498428736,5.447156394999183,,,,,,deltaI0.2,FGO-B
122,25.12739762074397,20.956741050868658,13.863661699486398,125.72586330043725,0.01605547811138662,0.010044563549874007,0.012525379055252474,0.10920211142481395,6.783052961000067,,,,,,deltaI0.2,FGO-B
123,32.32379481869912,28.922824612711103,14.43253019756802,115.58359765391165,0.017488337426725172,0.011652170864330187,0.01304104520732334,0.11155123820821627,6.799638770000456,,,,,,deltaI0.2,FGO-B
124,37.284141945209804,29.847973415254074,22.342912155599578,182.4151380239364,0.017258160102366735,0.010950583378131998,0.013338995981613542,0.10079854201854108,5.424134933999085,,,,,,deltaI0.2,FGO-B
125,29.947864171542736,24.143442748949212,17.71916309156234,157.74185032030766,0.01684725534586899,0.01065137071350169,0.013052904451211989,0.10789001093010196,6.780506913000863,,,,,,deltaI0.2,FGO-B
126,28.945348039085427,22.45855307641975,18.26051934687027,154.7647704055899,0.016251182734662483,0.00955331172906278,0.013146679249253154,0.10776182974596223,6.027365828000256,,,,,,deltaI0.2,FGO-B
127,37.711025441293856,29.8420480680204,23.055880094671565,179.21437216472398,0.018958368100021602,0.01310421140152303,0.013700341768003842,0.1053429733681296,5.445612200999676,,,,,,deltaI0.2,FGO-B
128,29.236049678621782,24.13517959335297,16.499688082125648,146.4557296873631,0.017025341115373807,0.010422249839604625,0.013462501564556986,0.10921325792951377,5.5879368870009785,,,,,,deltaI0.2,FGO-B
129,31.171569383959618,24.707213893343315,19.005796996905758,166.4142380182255,0.017546301246949215,0.011295850140450186,0.013426706858093797,0.10369070429405126,5.888893725999878,,,,,,deltaI0.2,FGO-B
130,32.615778433650874,25.522545457438333,20.307355224302324,160.09403817053874,0.017234763256676937,0.011114258070852255,0.013172332065666922,0.10595138311339558,6.791588411000703,,,,,,deltaI0.2,FGO-B
131,37.00192349075894,27.572467368237298,24.67592724181743,203.5438037028021,0.019063797333429857,0.012139899302084416,0.01469868067907245,0.11205008501808643,7.239188407000256,,,,,,deltaI0.2,FGO-B
132,28.95895920420321,23.60370232726071,16.777561045538565,140.97631380320527,0.017066908780079493,0.010719316271130984,0.013280648854141916,0.10440807624398035,6.9451624720004475,,,,,,deltaI0.2,FGO-B
133,32.85756784051363,25.010928526814276,21.3089938434583,143.34764369540179,0.017362453159762866,0.011478908594583512,0.013026489826586295,0.09961582402023858,5.570566112999586,,,,,,deltaI0.2,FGO-B
134,32.66585574692431,27.321429902930248,17.905239449338193,139.37470935851096,0.018001213761517997,0.012252262522193146,0.013188091597161665,0.1115124538812669,5.728750051001043,,,,,,deltaI0.2,FGO-B
135,33.60950094294261,26.124577713315503,21.14485736377994,120.46841561136601,0.017670870195220945,0.01101258924716155,0.013819642959557593,0.10949488591690022,6.7704175309991115,,,,,,deltaI0.2,FGO-B
136,30.75647971991761,23.88361575266491,19.378698184882285,167.28584784621518,0.017442018150213956,0.010829530518287252,0.0136727929080301,0.1033913202405077,5.421775016000538,,,,,,deltaI0.2,FGO-B
137,38.51242464178008,32.64989520432779,20.42525874830482,139.85671798383487,0.01837330222230702,0.012469046498318936,0.013494484576114513,0.10554049176289651,5.578147369000362,,,,,,deltaI0.2,FGO-B
138,33.487931059905584,28.543675969605786,17.512854959004777,157.98449027205882,0.01776556065979334,0.012389680138615012,0.012732280691989378,0.11613721841792511,5.431437535000441,,,,,,deltaI0.2,FGO-B
139,28.015134211694072,21.85793309386481,17.523655605020355,154.6847352013075,0.016400901547968146,0.010064212367012321,0.012949949846150765,0.099650786226236,5.586294980001185,,,,,,deltaI0.2,FGO-B
140,32.67846973506495,26.72596429272408,18.804393551763198,112.80004194781503,0.01742446166992609,0.011605848367881066,0.012996774528646554,0.10031473860552231,6.4703508259990485,,,,,,deltaI0.2,FGO-B
141,27.525801221213722,22.324479928758965,16.10240133583215,133.51427882538135,0.01645431474464958,0.0102694232918921,0.012856259913673831,0.10074797290037986,5.430671505000646,,,,,,deltaI0.2,FGO-B
142,33.127168246054914,28.8062244152393,16.358811415909788,135.36593719146333,0.017541789444337617,0.011419923735647614,0.013315394052804706,0.10386452390357279,5.578387781000856,,,,,,deltaI0.2,FGO-B
143,26.683507853293708,19.97482432528466,17.692257756736502,160.0388037887516,0.016595915285965376,0.009966423866059494,0.013270071571057144,0.1045682575594343,5.579205137999452,,,,,,deltaI0.2,FGO-B
144,32.91263091213538,27.178655071036587,18.562380830272463,122.5833039216485,0.016337895130365033,0.00979711653369779,0.01307452962503626,0.10295103953409723,5.740408694999132,,,,,,deltaI0.2,FGO-B
145,29.242029169341738,23.559916410694125,17.321276184558073,149.1433131533412,0.017213752675857046,0.010470033900076723,0.013663516067133665,0.10339168195586583,6.806642871000804,,,,,,deltaI0.2,FGO-B
146,27.820266287225582,23.504239620938357,14.883478630133878,105.54954164224662,0.015924533022466093,0.00959326285673012,0.012710627826558973,0.10734686564228128,6.187322822001079,,,,,,deltaI0.2,FGO-B
147,34.364008991398634,27.785557969389608,20.2199871980824,151.32524493651792,0.01752621111442164,0.010999543024044059,0.013644710670786693,0.11742283781232776,6.1984424219990615,,,,,,deltaI0.2,FGO-B
148,31.81826750045247,26.789727960732073,17.167196117022723,91.73915105524215,0.01740890563839771,0.011675908084626147,0.012912906951031491,0.10623006390641702,6.3396686220003176,,,,,,deltaI0.2,FGO-B
149,31.609289482818856,25.23784823982123,19.031505401107797,158.84454890639145,0.017258936672144586,0.011029647489643435,0.013274704189069507,0.10762511041369423,7.268872878001275,,,,,,deltaI0.2,FGO-B
150,34.69925724807514,27.41387343050194,21.27247040436336,187.9062886523656,0.01720674063497968,0.009617837798037886,0.01426776504467657,0.10362493096932719,7.733332839001378,,,,,,deltaI0.2,FGO-B
151,31.46283619433062,25.03926345961658,19.051124554503097,154.22550519047527,0.017413267595952305,0.010911633018379196,0.013570488319896951,0.10437148058288222,5.443511811999997,,,,,,deltaI0.2,FGO-B
152,27.32601845751369,21.125834035477485,17.332351861355686,150.33469725903362,0.017348668134295392,0.010390914505164585,0.013892630484551033,0.10051348049410791,8.493702927999038,,,,,,deltaI0.2,FGO-B
153,32.13449749514218,26.127843929281116,18.707263318626456,165.3516660104551,0.016917606503616386,0.010558471399463835,0.013218324081286084,0.10003158008709213,7.113432989001012,,,,,,deltaI0.2,FGO-B
154,42.39474750271129,32.24260846459913,27.526874417870374,194.48556108925501,0.01721670532800241,0.011240882156042194,0.013040610058783243,0.09959551292116045,5.454322049999973,,,,,,deltaI0.2,FGO-B
155,27.84913341720649,23.40573581888341,15.091247889621497,124.99203770775694,0.016355377188433752,0.009968441338740008,0.012966438996580305,0.10046223522001618,6.767880691000755,,,,,,deltaI0.2,FGO-B
156,27.847490683560174,24.260378387221643,13.671751090471178,106.43984524493477,0.015650541644881343,0.009531215431211326,0.012413516269856994,0.10264143708413583,5.610287217001314,,,,,,deltaI0.2,FGO-B
157,28.663751149764074,21.99035744576015,18.385722976899828,133.87505730832265,0.016847270199863002,0.010061852826823045,0.013512573066538624,0.10685224841317352,5.790667706000022,,,,,,deltaI0.2,FGO-B
158,30.933980265402393,24.05523592183151,19.448824123975502,155.56578130880592,0.017675842375958626,0.01076692375121446,0.014018158104232832,0.09982098114307744,5.7292898669984424,,,,,,deltaI0.2,FGO-B
159,29.84213732679364,24.714141673304898,16.726158004246653,156.29064313491418,0.01664627799195776,0.00991921322820752,0.013368162922364847,0.10196723983173347,5.771366320001107,,,,,,deltaI0.2,FGO-B
160,30.927940615938354,26.700241352712037,15.608799519820067,122.71031997076436,0.016882774755353783,0.011066872616447601,0.012749604461760104,0.10173346692290866,5.428598537000653,,,,,,deltaI0.2,FGO-B
161,33.202113522494926,26.125269153361767,20.49025753925617,167.89555102206933,0.016797522470766192,0.00976816962977639,0.013665270697641133,0.10325781059865852,5.62980437799888,,,,,,deltaI0.2,FGO-B
162,34.592784911609264,28.64121396605707,19.39952655327956,157.6952038531748,0.016217034009346796,0.009632182795652422,0.013046579883304592,0.11025064677151591,7.68039417,,,,,,deltaI0.2,FGO-B
163,30.395478916021272,26.669175105145044,14.582189058759512,133.33646667788466,0.017358260875564902,0.011922570471691136,0.012615923825535955,0.10084026277921161,5.782196586000282,,,,,,deltaI0.2,FGO-B
164,28.995899794779167,25.021883780439527,14.651537017905387,118.74636873198985,0.016334958842317296,0.010172040212489915,0.012781254957776567,0.10136712092165548,9.783689652000248,,,,,,deltaI0.2,FGO-B
165,30.670173085138718,25.703938730499225,16.73221595638513,131.31950777796322,0.01677568088934983,0.010596267190256683,0.01300548311036491,0.1040769678324148,8.360164402998635,,,,,,deltaI0.2,FGO-B
166,25.69893368840821,20.212543681915243,15.870988331791771,143.3383092332063,0.015873465367350216,0.009211124393779182,0.0129275709307972,0.10426894507213799,7.5822779959999025,,,,,,deltaI0.2,FGO-B
167,33.21613372862943,27.56123700087583,18.538871455936768,150.52099008384891,0.017500304272912128,0.01131601924185734,0.013349470332654436,0.10399056455883582,5.428299565999623,,,,,,deltaI0.2,FGO-B
168,29.581711794031037,25.843414103521436,14.394291234340939,116.46181425336859,0.01662588938471854,0.011476995996847445,0.012029079795281282,0.1016333595768023,5.76976332599952,,,,,,deltaI0.2,FGO-B
169,29.182235762519987,23.040783935702216,17.908801180637056,143.6686536059125,0.017591833105156253,0.010476147375616862,0.014132336259940446,0.10665327779849987,8.308405362000485,,,,,,deltaI0.2,FGO-B
170,32.256257754487166,24.62042689854997,20.83988348472876,154.47324955922437,0.01727479238556527,0.010712241821551657,0.013552355039659472,0.1073350991640253,6.214315500999874,,,,,,deltaI0.2,FGO-B
171,28.84550129685008,24.493569379829598,15.235747572799102,145.18176462264174,0.016451497296003287,0.009894429313743099,0.013143516722542133,0.10043971251963123,6.620069597000111,,,,,,deltaI0.2,FGO-B
172,26.864544216641438,18.725549985389673,19.262853207989608,173.29828305016298,0.01680696082025,0.009958138624019354,0.013539180446328075,0.10109431594067435,7.119209221998972,,,,,,deltaI0.2,FGO-B
173,34.35594354364041,27.112892236880814,21.100282730927923,119.19500900861573,0.01734131342604564,0.011778654711734556,0.012727310969803639,0.10564108826692632,5.478377185001591,,,,,,deltaI0.2,FGO-B
174,25.666955802332463,19.55815158481788,16.62141169528551,149.19958966008122,0.0164603428951003,0.009966780377845113,0.013099854087892758,0.1040794401848073,5.880843107999681,,,,,,deltaI0.2,FGO-B
175,34.01075392727547,25.20889950126421,22.830741745218116,180.8052759892711,0.01839566972543975,0.011406661434116668,0.01443221187396083,0.10758647780615008,6.3790562890008005,,,,,,deltaI0.2,FGO-B
176,29.29772984120354,24.227300634554013,16.47406682671546,149.44776960513218,0.01686442250295172,0.01107913084647041,0.01271462174210669,0.10423889398049199,7.430966781999814,,,,,,deltaI0.2,FGO-B
177,31.07230069506528,25.617123322471535,17.585529937020357,153.5745753928526,0.016849846527511397,0.0108743391424607,0.012871133447192406,0.0994457364478821,5.893974471000547,,,,,,deltaI0.2,FGO-B
178,32.62701586474182,24.938279616691645,21.038164701271274,161.5900666886318,0.01822812950288199,0.01143922245675686,0.014191860158508693,0.10262840676188274,5.930717695999192,,,,,,deltaI0.2,FGO-B
179,30.872366654440174,24.6994541776971,18.521338671112055,139.48620831575786,0.01748464552345242,0.011510235005520108,0.013161584980483325,0.1064481061591057,7.382503286999054,,,,,,deltaI0.2,FGO-B
180,28.402463067292825,23.859519378097854,15.408544491129119,149.90650861711947,0.017000214075586103,0.01049650231884877,0.013372760286723092,0.10473189678722808,5.456540532000872,,,,,,deltaI0.2,FGO-B
181,34.10981281621009,26.763261736038373,21.147272911777407,145.9742560649746,0.017110173107846516,0.011039421463091618,0.013072459506179631,0.10017819465793576,7.417393446999995,,,,,,deltaI0.2,FGO-B
182,33.74547177589983,27.50779245072842,19.546821221510697,87.39437500550277,0.01610615370480055,0.01049900330923966,0.01221389031698071,0.10837175219523598,8.3153041759997,,,,,,deltaI0.2,FGO-B
183,38.58893359033276,28.39937770602227,26.12625387516926,200.83361045454234,0.017364599867650904,0.01075902882978147,0.013629843256749248,0.10927528495990352,6.925936970001203,,,,,,deltaI0.2,FGO-B
184,32.48873428590636,26.63413036992787,18.604863744137273,148.69780263533906,0.016252574285744698,0.009567692195385427,0.013137938840168598,0.1037747589781775,6.968800774000556,,,,,,deltaI0.2,FGO-B
185,26.83405171813883,22.36677582147386,14.82543999224582,137.18757299508573,0.016721122375416536,0.010655515513993808,0.012886268762706014,0.10676213011058201,7.131441402998462,,,,,,deltaI0.2,FGO-B
186,30.200137439055062,24.624056561831303,17.484397037860592,150.10984927184282,0.016536806575409718,0.010301768751722059,0.012935978211892482,0.10410890102689234,5.9158771479997085,,,,,,deltaI0.2,FGO-B
187,30.545197787879058,25.300895013211335,17.11355659794624,159.52760957774015,0.016976434280680984,0.01057864180013937,0.013277486906437697,0.10015783816475878,6.237799241000175,,,,,,deltaI0.2,FGO-B
188,31.638909009527122,23.948053817611303,20.676345945595155,178.96126246866427,0.01794933396401255,0.011108628707098592,0.014098828249165944,0.10086395674572358,7.239052130998971,,,,,,deltaI0.2,FGO-B
189,24.2947420923706,19.231216464177464,14.845699937785131,131.399563806479,0.016254963170677785,0.010078506864001404,0.012753333959101354,0.10371156527335484,5.942480063999028,,,,,,deltaI0.2,FGO-B
190,30.475184131234247,24.507489711319653,18.11407728486861,146.0585474940702,0.018126342161380114,0.01252344891529548,0.013104484248432318,0.10574980963644177,8.274583481999798,,,,,,deltaI0.2,FGO-B
191,24.69051411228533,19.744476254751785,14.82488261520151,125.90125990344828,0.015749446369507102,0.009842115692882935,0.012295438976868125,0.10050712523180631,5.916913826999007,,,,,,deltaI0.2,FGO-B
192,29.747977762476904,22.95816487943721,18.91731604444448,92.38657638764964,0.01646666756566117,0.010504661086239948,0.012680821589362174,0.10017429453426178,6.538305803000185,,,,,,deltaI0.2,FGO-B
193,33.16357074137449,26.600378012392273,19.805108278320226,117.31316939778478,0.017509507516053523,0.011304931333570294,0.013370915488402258,0.09987755297221607,5.424294723999992,,,,,,deltaI0.2,FGO-B
194,35.22935927388958,29.43602842163695,19.355308977367716,162.37110986378616,0.017715471783966014,0.011506114219333601,0.013470236675728643,0.12023434800250898,5.601493300999209,,,,,,deltaI0.2,FGO-B
195,29.955510518277116,24.284035553994215,17.53904865216343,136.75734707609445,0.017593209188933465,0.01163630670775357,0.013195354325241222,0.11096817031987681,5.48971983499905,,,,,,deltaI0.2,FGO-B
196,26.070010246232005,21.73679558596093,14.392954939580378,112.35299793925313,0.016618938332340346,0.01083808192999429,0.012598614660861034,0.10499263905980598,7.320381940000516,,,,,,deltaI0.2,FGO-B
197,27.745330855825596,22.240162827246895,16.588506313612854,136.9691186181255,0.01617577072270284,0.01022836669509442,0.012531403481818533,0.10503730641098423,6.964927060000264,,,,,,deltaI0.2,FGO-B
198,35.57298036878246,29.52898642616144,19.836226782363518,155.168140662715,0.017433258382980373,0.011046063265496776,0.013487141438510914,0.10638925891136014,7.148186271999293,,,,,,deltaI0.2,FGO-B
199,34.014910329226325,27.662922552357344,19.79335344421423,147.74575512788456,0.01814816069999239,0.011371494829138308,0.014143720944066632,0.10314009472040093,8.469261877999088,,,,,,deltaI0.2,FGO-B
200,35.03045982111679,28.458361152810053,20.426815605353404,158.87955188439724,0.016647295068075794,0.011204519872196466,0.012312236495338089,0.10151994232110131,7.420747543001198,,,,,,deltaI0.2,FGO-B
1,37.387349925665774,31.88706931578415,19.519957605347336,83.12950778573463,0.013293285556441008,0.010787399180550683,0.0077681052905156705,0.2021241069759994,23.796761039000558,0.008983200273859486,0.01954390971917702,-0.0038098935927639702,0.021844394783554776,-80.22463700625485,deltaI0.2,FGO-G
2,28.093319167948287,25.76708022137527,11.193397997812024,62.48901797625766,0.008389161129891859,0.007545819271745991,0.003665874517960922,0.07426367207139183,8.967207567000514,-0.002275357811295957,0.007099724798955653,0.012391033119102,0.014461018191988214,10.894429310361375,deltaI0.2,FGO-G
3,23.79800416363895,20.465199232095802,12.145806789308082,66.52836015317945,0.014737084995996944,0.007728842739229419,0.012547775264623565,0.18794797375025454,31.906146111999988,0.0163856810677421,0.001965639343006642,-0.023871821254440387,0.029020994677724076,488.1322965872787,deltaI0.2,FGO-G
4,21.57840852025603,18.548749651054383,11.02595123558816,48.215020722265656,0.01339694602802328,0.007948781947588688,0.01078401726757969,0.1857622892951712,7.8012374520003505,-0.013054786953254219,-0.011658799676388304,-0.001720027688728201,0.017587312686678437,-302.44834178936617,deltaI0.2,FGO-G
5,33.03693464019351,30.296540740890837,13.174166749967878,62.325302192760866,0.012688436887074994,0.009424646091910757,0.008495438580763012,0.20402884160864637,8.157117942000696,0.008853504658608274,0.015803842826474124,-0.005109821159354858,0.018821696658497252,-142.6966309708514,deltaI0.2,FGO-G
6,28.304903758792506,24.85426963231094,13.543738695016678,57.17621760101416,0.00946167205056598,0.007456050554344737,0.005824993401156514,0.19880896529903858,8.760970625999107,0.005914389001249386,0.016244221159671363,-0.006521792239207819,0.018476701338545412,-42.0719742936908,deltaI0.2,FGO-G
7,26.109352661885783,22.99633038061066,12.363942957185033,69.22389752542465,0.00898487804679305,0.00818695662173775,0.0037015908457753805,0.04206735897945351,8.103527838000446,-0.012005916983823682,0.01707595468837103,0.002110164054674751,0.02098054011410116,20.292912555565636,deltaI0.2,FGO-G
8,21.39794767252486,18.55718787453083,10.653775987201815,74.15440542798,0.01085268850983698,0.007556744094407375,0.007789510034860145,0.21556125902122325,19.48579101299947,0.001344823539733572,0.028370200241463167,-0.0031661679802397202,0.028577988588646918,-90.87058577832431,deltaI0.2,FGO-G
9,32.073839861637346,26.142385896429474,18.58243426228443,119.0689809747073,0.010936823141000111,0.00803952711985803,0.007414856984904213,0.20221286168588745,28.048413532000268,-0.000954104413506305,-0.004219260956262821,0.008847377169582926,0.009848277058946567,-93.53464953917683,deltaI0.2,FGO-G
10,26.757220084980048,23.33613581085309,13.090973687754454,60.54555146290051,0.010320209041270319,0.008351204184764297,0.0060633409371313556,0.18216181549015642,7.9700217849986075,-0.008721827131655556,0.023033877153911836,0.0154434857770062,0.029071137201708803,94.55701628607676,deltaI0.2,FGO-G
11,31.562170139894114,26.298241421316412,17.45202229215231,69.49499428371726,0.010996650776418496,0.008623439717054215,0.006823680513098293,0.19126693975122297,12.902020224000808,-0.0006684943314217236,-0.005633660232388482,0.00990890402070404,0.011418029215966437,-82.4115362584671,deltaI0.2,FGO-G
12,46.50859335870446,42.34635625641843,19.231104180722966,81.15944153668192,0.013467518145255295,0.00966728401446591,0.009376442010508705,0.2139849886588411,25.058751458000188,0.006070367326244371,0.01507640140911215,-0.00016992832683231478,0.016253495456684818,-162.66667242797303,deltaI0.2,FGO-G
13,24.512790401956128,21.07252512822142,12.523001956827654,62.17693297415867,0.01621184382697391,0.00868612087096371,0.01368850556069583,0.19013261261391504,11.879400252999403,-0.012584459871601632,0.017613677422636198,-0.011744251063933377,0.02462798602527897,-482.2398512100208,deltaI0.2,FGO-G
14,21.400236153490994,18.21764505191371,11.228869764480617,49.44547521898948,0.00955137754404329,0.007847297558287218,0.00544506510709963,0.17900649358903956,7.829993545999969,-0.005482206238635568,-0.016609777508105966,-0.004111735146483273,0.017967906389631024,-46.30096543663967,deltaI0.2,FGO-G
15,22.775490883929198,20.5568641711606,9.805015066403284,46.6639770325807,0.010847522662554024,0.006589319978692663,0.008616821347400959,0.20397608937505146,8.97024575100113,-0.004866962424815817,-0.0015014459388695278,0.004983033066216258,0.007125467120892598,-159.3772094246633,deltaI0.2,FGO-G
16,23.86482739132107,22.036953218454503,9.159840569856895,50.79563956269568,0.00934535256447006,0.008027875613506551,0.004784226968729009,0.1302598405698692,8.156953123001585,0.0014014704205266586,-0.012400019239038523,-0.011781362912429622,0.017161733844297578,-14.417720842920971,deltaI0.2,FGO-G
17,32.717582254777355,28.541611439324893,15.994267880860322,93.18963438334825,0.009016390263070011,0.00799842694700971,0.004161785644327759,0.06928942776642165,7.814672596001401,-0.004873204413066738,0.021957442566550467,-0.001372544961123564,0.0225335590838465,51.67318004514891,deltaI0.2,FGO-G
18,18.73759252197733,16.614263983670288,8.663925542187965,35.99814336348226,0.007830652022454533,0.006671998590358023,0.004099212839928153,0.13689439434077444,7.950725339000201,0.0002602334735208986,0.0011844026139677943,-0.0014944655115011858,0.0019245670104678083,76.64973366607956,deltaI0.2,FGO-G
19,23.714069742000387,17.724223727277753,15.75465001178581,114.83314965695627,0.016215014613167662,0.008405774614126468,0.013866133276503146,0.16953122994732653,55.263816107999446,0.02471964710596934,-0.02939389700748432,-0.0026391299129101646,0.038497105618831545,658.6392155292433,deltaI0.2,FGO-G
20,21.832359993932126,19.911947350115703,8.95356329239192,42.690869551924116,0.008647598298994903,0.00665311845389484,0.005524216793286039,0.18699141466088048,13.676135190000423,0.0038190878312557887,0.005348510678721413,0.008290388152401322,0.010579344689569352,103.17884737478926,deltaI0.2,FGO-G
21,28.56449936991705,22.838274216051555,17.15645228730073,75.5548935478647,0.01106683180260367,0.008389071823678545,0.007217911060984521,0.1988759719145929,9.589121414001056,-0.0018413938550304644,0.010203308309010617,0.0037656747752290508,0.011030799530898267,-80.87977355924704,deltaI0.2,FGO-G
22,28.152301709786084,25.100765357545562,12.747692733364143,72.42969406048002,0.013413513080736272,0.00839737052747509,0.010459756277819088,0.1889991678971594,11.24270996999985,0.012448682662955127,-0.009072708351657827,0.01727037591852642,0.023141945061822666,335.61779921543894,deltaI0.2,FGO-G
23,24.544422694950583,22.030180794355367,10.821267005134901,62.05535735712504,0.010558188738417998,0.008260254386909418,0.00657598258054265,0.1873043524604174,7.834899182000299,-0.006067986685556312,-0.015482993374013349,-0.027041393377849127,0.031745558776802345,139.15551012584547,deltaI0.2,FGO-G
24,24.566406754142843,20.556237563677126,13.451744795217634,89.39283485709355,0.011928991601908662,0.00835436788707269,0.008515008975089573,0.21181995326135034,9.432346435,-0.0051978039231301365,0.02583922231374089,0.0017571954117025545,0.026415342343364408,182.45616228396466,deltaI0.2,FGO-G
25,26.75850695627916,23.819205955853,12.192748753332735,62.255310219675735,0.014676526790089258,0.009225961835152077,0.011414116997671132,0.1886045237037037,53.682132957999784,-0.004434727271355459,0.0051706180022712545,-0.0031426635831853776,0.007501895153479218,-343.34240894668983,deltaI0.2,FGO-G
26,24.76741683783564,21.286094226191302,12.662034963338623,71.06495495442151,0.013292316154526179,0.008335969061758498,0.010353612343200938,0.2092952950723661,52.743108482000025,0.011582130187878402,0.033728681583270304,-0.006658212174507835,0.03627811310412059,260.0408812610349,deltaI0.2,FGO-G
27,19.919570832875802,18.277526793581877,7.919679063942741,37.66473606643449,0.00951642695850818,0.006973670478718075,0.006475361156790969,0.19367769588086942,8.957231587999559,-0.014727022010747673,0.001170159432731105,0.0071903950864258695,0.016430344850366145,-84.86705844623611,deltaI0.2,FGO-G
28,21.69525676898245,18.971477218536133,10.524600629888216,43.20218038462697,0.010091939118359945,0.007162687753511874,0.007109369825404692,0.2045162373842117,18.883478615998683,0.003099634043068247,0.007770660483929326,0.016623970876873978,0.018610408466033262,-97.16089868515883,deltaI0.2,FGO-G
29,26.17422046858375,22.318393724584297,13.674030813643252,94.38597083876371,0.010853895506998803,0.009156497979190941,0.005828000723569019,0.08823124321967826,10.32426309100083,0.007812166090382672,-0.02275689562951394,-0.0117535955252068,0.02677784990409941,54.8863155902236,deltaI0.2,FGO-G
30,26.020746018009866,22.98983279118412,12.18797815747844,58.05465563439859,0.01254013472096664,0.00752486991306904,0.010031515917914971,0.1864998779984353,13.398255792000782,-0.006251321446153854,-0.02304229538056471,0.002893329500898275,0.024049901285225793,-270.5122162770822,deltaI0.2,FGO-G
31,24.49169475921402,21.280109536370453,12.124357727260726,51.10347927130403,0.009908369220576618,0.008179581019913786,0.005591979519806579,0.1374403829895532,7.843172839000545,-0.005448319114938635,-0.010315011148369496,0.0088594224046371,0.014648310534426097,83.6561564883068,deltaI0.2,FGO-G
32,23.019502197621538,20.443923775843903,10.580333741134403,56.9809903743391,0.011696505507851129,0.009290120587181113,0.007106468924214433,0.19882400908224873,9.246738767998977,0.0010862092087739663,0.007616538816021146,-0.028194428241052564,0.029225285247898688,132.87250749854502,deltaI0.2,FGO-G
33,26.64126520793721,23.655409564239232,12.25473827659101,63.06661358747796,0.015179206104773581,0.0088562405538114,0.012327826297617188,0.19625552616168188,16.137064975000612,0.012659669112230144,0.007557697856711676,-0.02101470778637782,0.02567107247995975,439.9913412927017,deltaI0.2,FGO-G
34,23.74901128318989,20.073903319766195,12.690702992260134,51.58456295342322,0.008601367667349757,0.007091567750014338,0.004867565366370172,0.12429026879480384,7.816411194999091,-0.010183818600615367,-0.030371791318488217,0.012977460764637532,0.03456255715484233,-9.608950326235572,deltaI0.2,FGO-G
35,25.25552775440385,23.285688469312387,9.77846586452063,59.92810819911678,0.012595118092214558,0.007850714662809942,0.0098490242684223,0.2028230212494905,9.778064723999705,0.014396573690622798,0.009960590781563028,-0.002455435387165211,0.017677778867488815,267.97196219606667,deltaI0.2,FGO-G
36,25.260048032194877,21.537987975812257,13.197920311267188,58.3315877634471,0.011088686572418655,0.008903709198710268,0.006609306499636699,0.19598910866460245,7.804301209000187,-0.010081799529106495,0.004753066928298605,0.01394140104744157,0.017849285423668444,-57.77271258316068,deltaI0.2,FGO-G
37,29.053065986814424,25.12456602898748,14.588928167937542,86.09097035713499,0.014876453397210507,0.009092930504132709,0.011774017178787746,0.207185396414343,9.284556074000648,0.004319500301939053,0.015371819871490361,0.008256639381944597,0.01797562301850692,-304.473314692681,deltaI0.2,FGO-G
38,23.906448750991007,21.137655229551815,11.16771343115324,52.86187100661998,0.013351171746797222,0.008112264833551302,0.010604006143095318,0.18863600947683337,13.876462136000555,0.011375678426454103,-0.006223830530428881,-6.434060026481585e-05,0.012967122496777547,-296.8216462937762,deltaI0.2,FGO-G
39,25.345003295324066,18.89375743729602,16.893641464782217,106.32763400431809,0.017606124453861127,0.00940134126171728,0.014885912829436387,0.1936486144156344,38.58133607400123,0.02789955671984352,0.025039463415488405,-0.015556577197742689,0.04058777017044267,598.0717793256517,deltaI0.2,FGO-G
40,33.72445413219404,29.740286006729338,15.901389711355383,64.5843411764075,0.012029859524490072,0.0096361128376828,0.007201586600077046,0.19896862222719258,19.980619285999637,0.007487392934520529,0.007793745183375472,-0.0031976282703240384,0.011270685138644935,148.12690521905097,deltaI0.2,FGO-G
41,24.747899990477645,21.830877691157557,11.65638593957847,64.30345572373105,0.01054224725169833,0.00867300782419505,0.005993155462474876,0.12322266255480584,7.9756288649987255,-0.006820622362966493,0.009530607957748377,0.0017557657588639771,0.011850573440238852,-10.494218543102761,deltaI0.2,FGO-G
42,23.16793569494943,19.5928060907384,12.364270858244584,65.17250892701146,0.008678640109434674,0.007838088147279213,0.0037260123918969206,0.05759980893618065,7.816600662999917,-0.01622755845536502,-0.015752987918036393,-0.009185637360141859,0.024410371063958106,41.12952876903182,deltaI0.2,FGO-G
43,24.14618043482702,19.89231227796067,13.686999007354334,58.50721724025585,0.011727769732386142,0.007607842781482842,0.008925318543789454,0.1924477006977863,31.669663282998954,0.0005648856706199222,-0.008649311249673053,0.0043468232883030955,0.009696625888128647,-177.86714579100408,deltaI0.2,FGO-G
44,31.221711129049925,27.020054865050493,15.643269508497928,71.40664154187391,0.013065340268946166,0.008485505584493068,0.009934752705471998,0.20765848099085799,23.988614150999638,-0.001681594907034971,0.00979300780604983,-0.009090402878281131,0.0134672264334636,259.30273399261205,deltaI0.2,FGO-G
45,31.9403837897288,27.78443032819306,15.754794444008327,114.13961189007634,0.014125647113312685,0.010987807596276848,0.008877048529609367,0.18802367021452537,7.991119456999513,-0.002775655406542565,0.010937150048602934,0.019459176497342908,0.022494111764554445,198.88684437685697,deltaI0.2,FGO-G
46,24.19992781151485,20.005334390199078,13.617015165551084,65.87413937121008,0.008595953627967225,0.006617865383167578,0.005485825055945107,0.1899505222581818,18.676740881001024,-0.008957320930751488,0.012991156564510747,-0.006617971320694918,0.017111437448141222,-44.366477278195816,deltaI0.2,FGO-G
47,27.721013329283647,24.08694116533467,13.721291677536325,56.13263546754041,0.009520003765046081,0.007783585069877455,0.00548144827089268,0.17331104276911716,7.826302068000587,0.0062562152198144035,-0.0003192019754890696,-0.012506454528468585,0.013987620371258504,94.47167968492249,deltaI0.2,FGO-G
48,28.98498884539352,25.529660105207046,13.724650570422071,75.1485969863055,0.011847479253256486,0.00880709420094279,0.007924509851849684,0.18582625429292443,7.795710337000855,-0.0017514045913788903,-0.027009527278886586,0.024321390751208347,0.03638835019542085,-127.02945453784196,deltaI0.2,FGO-G
49,27.377509922372386,24.504531225590828,12.208849207179302,56.6247528215925,0.007793884884842249,0.007224808312675146,0.002923488745193416,0.041405478307825413,8.519681054000102,-0.005362147699486638,-0.023615199730836534,0.00723231548831212,0.025273240267146023,31.886934056603423,deltaI0.2,FGO-G
50,31.69895171807411,27.249945894548926,16.194566643444016,77.3972843294367,0.013828121842042969,0.008994538695064013,0.010503105604600098,0.18408215471184883,14.297384781999426,0.0030326993138841234,-0.01992642654898663,0.004693770637041646,0.020695198064617473,329.919731347316,deltaI0.2,FGO-G
51,27.042506831058954,22.589481805473,14.866488740387718,105.33732767407147,0.016090163641198908,0.009257798910265845,0.013160035157158197,0.20920384333653955,14.815809472998808,0.013500752469104307,0.027202407775154064,0.012340541297513857,0.03278002845504307,384.60955626508803,deltaI0.2,FGO-G
52,23.037571434072756,19.29556990884419,12.586130440803153,53.18737627597708,0.009017926531984688,0.007518640416847678,0.004979261513358978,0.14453875096636662,9.283698522000122,0.005015286879889399,0.013229554228931267,-0.009391547664415818,0.01698161874253506,76.50509087933096,deltaI0.2,FGO-G
53,28.2660558397118,22.791034412048084,16.71940977315125,84.826607539532,0.01044298301830893,0.007506128438807797,0.0072604359497766766,0.19606089833475565,10.46466748199964,-0.007796010741583801,-0.007234447561631274,0.02183907195475682,0.02429115227505539,-95.05115380137431,deltaI0.2,FGO-G
54,31.475627813164955,28.99926128543219,12.237564754971357,60.97610760359142,0.011300124039922097,0.008512171477951556,0.00743207508355327,0.21077094446975145,9.776957907000906,0.0009298096065103181,0.01047264400296638,-0.010650079706971207,0.014965460770790402,142.1207216142775,deltaI0.2,FGO-G
55,26.755642472409882,22.642588804143273,14.254037195051417,78.89080241143307,0.018069800631969724,0.009637567670068238,0.015285122972485006,0.19469834428171806,25.96019952200004,0.014249797107962422,0.005867826188526715,0.023958784965492586,0.02848704054161414,674.8401142370058,deltaI0.2,FGO-G
56,28.3418492112934,25.7431498516579,11.855406042425457,52.48560545025321,0.012468517360016149,0.008521952325187564,0.009101662140744095,0.21134890317198407,14.679477681000208,-0.0003885441336699138,0.024251446686171796,-0.0004249208684959663,0.024258280867788747,218.77516974595528,deltaI0.2,FGO-G
57,27.749403994963757,24.083082212252993,13.785302798037264,80.47757625438823,0.010136566437046385,0.008785309029496579,0.005056513066224701,0.12854467854209944,7.83200571999987,-0.0040938670167094526,0.012074948006229436,-0.005710045788033055,0.013970280577178106,-7.253104161600277,deltaI0.2,FGO-G
58,89.78256113161463,80.78046442372401,39.18449758309498,146.0298302066102,0.018007623796645354,0.0108139664896282,0.01439905009237437,0.16243366464382855,28.90846009699999,0.018996144979781287,-0.038099922184442,-0.002937668812207355,0.04267420172192587,-809.1861228456546,deltaI0.2,FGO-G
59,27.599543728476206,23.680049520592487,14.177096625274082,66.89344443226717,0.014635227394725303,0.00884988238068154,0.01165630570735945,0.19026955414091296,7.993271870998797,0.0028557223358478853,0.005333289225629367,-0.0024622964118427943,0.0065316175365255965,-331.65017720153446,deltaI0.2,FGO-G
60,30.532515616880758,26.160646324785876,15.74341429819257,75.64390775518227,0.010038655044270579,0.008410755811839461,0.005480308547104613,0.15341808953388772,10.61410073099978,-0.010190520217748942,-0.024770032658407576,-0.010621147486678603,0.02881336485280237,91.5121599037193,deltaI0.2,FGO-G
61,28.077653833304343,24.83910324941424,13.090973781495741,65.33425352444713,0.010679328844176427,0.00827122221627209,0.006755364358130921,0.19849341364387205,10.430564684000274,0.0019456412409059442,0.04612251943397533,0.0021530048671826512,0.04621371818771844,-41.05159299839033,deltaI0.2,FGO-G
62,24.715597855439487,21.25566646810834,12.611796872307279,50.80157340431827,0.008613794816411068,0.007769782180763522,0.0037185946273719916,0.06829044409135179,12.998664789000031,-0.008217805813864889,0.0024570070037319147,0.006675547704040548,0.010868861622069731,8.477434416632605,deltaI0.2,FGO-G
63,27.6994736701436,24.86738050017048,12.20140273340403,50.07490655665365,0.011240907913773161,0.007204645138330038,0.008628505036022489,0.20279132166302521,17.20542844999909,0.0090683336279797,0.007097137277707277,-0.004577937066644965,0.012391995001335808,219.06710157208,deltaI0.2,FGO-G
64,31.809364277845468,27.05275910519301,16.732718863265102,74.73441620405185,0.010507466270387233,0.008069105267877874,0.006730259103424691,0.19287390318285552,9.132706039999903,-0.01013427174962818,-0.006339048488908983,-0.0009102168338980517,0.011988139735787303,135.42174941512894,deltaI0.2,FGO-G
65,29.557857894880627,23.800860968334433,17.526721898289242,79.34899797173387,0.011498270128291504,0.008201426625287495,0.008058958819424884,0.21073502015865425,29.50706347599953,0.012731771179185199,0.024751486232048953,0.006578324587567879,0.028600846533517847,-108.80522312183894,deltaI0.2,FGO-G
66,31.73052952905814,27.219569574976482,16.307100795280714,66.08426696643548,0.011229224065146369,0.009131975896900435,0.006534714173067698,0.19240626986970527,12.550575945000674,-0.00016636113168683756,0.0168443703668556,0.001493911462974991,0.016911305701841805,-60.08938737844801,deltaI0.2,FGO-G
67,24.6557424835253,21.891398235495444,11.343382242914211,51.762310619566705,0.00837094787746601,0.007621975036254334,0.003460963003842778,0.038785073963433676,10.260916395000095,-0.010389949138956163,-0.01946696660744035,0.010972467257339465,0.024643637509886403,30.0133273301617,deltaI0.2,FGO-G
68,29.33638441152828,25.941799167953164,13.698412545639878,56.830524993024284,0.009070036961907696,0.007954045305638018,0.0043587536941457955,0.1407170528825662,12.531296768000175,-0.009565667921780017,0.011775798608264443,-0.004277167854496163,0.01576279164703097,-11.450208210681012,deltaI0.2,FGO-G
69,26.153396898487593,22.155489445481265,13.897282351632231,73.5277317867346,0.015705928380515953,0.008546692912208297,0.013176882277621852,0.18910925931448916,27.839096831999996,0.0032685889428724674,-0.0035162659244120376,0.0012697470011378783,0.004965889364006012,-483.43406257733477,deltaI0.2,FGO-G
70,26.108310857577777,22.276590321550774,13.616072101810568,101.3005114116869,0.011838335505685351,0.008230680231284815,0.00850894179528264,0.1979279130338255,13.856202322000172,-0.01386840782235186,0.01805544968432149,-0.0037493175070761834,0.02307356454037831,-135.953845561231,deltaI0.2,FGO-G
71,31.685740937198183,28.434344179458076,13.981210599349227,83.52639532818321,0.012350598607626348,0.008816131468246093,0.008649457318312107,0.21303029471308785,15.622564690000218,0.0012790348015436974,0.019541001619364312,-0.005590585510897597,0.020365198763238643,-114.45444814009352,deltaI0.2,FGO-G
72,24.72378732490372,21.218706245285848,12.689844954267063,72.28879683808228,0.009678883005874292,0.008079990012840686,0.005328652515767653,0.14320549734298396,11.915672962999452,-0.008140273756776334,0.001481109191694835,0.0034082707605563945,0.008948410520882917,-14.407736974360887,deltaI0.2,FGO-G
73,24.280917989303788,22.118406152972707,10.01694003453328,53.84262610788472,0.00881472210353569,0.006534140771467393,0.005916445735507776,0.1874525556027496,12.035500289999618,-0.01879740452191074,-0.0035971467528286283,0.01036927868798172,0.021767035214534103,-53.42334171465336,deltaI0.2,FGO-G
74,33.825335390631544,28.56295254460319,18.119355844605987,72.4482614233783,0.011996439605968155,0.009616260463784073,0.007172314683022815,0.18709816304951551,9.295520947000114,-0.009389795207331866,-0.01505639837793707,-0.008188201381150135,0.019542518466386247,-100.66917966285473,deltaI0.2,FGO-G
75,29.37415047172852,26.277104432165643,13.128385224269177,76.46254110769901,0.00891334392350567,0.00793481292954283,0.004060350190790863,0.0623043465823824,7.8134029940010805,-0.0038081943406538575,0.008095740409169688,-0.01149051798603691,0.01456280743868739,49.87588107132069,deltaI0.2,FGO-G
76,22.24849656969697,19.480014984612367,10.748237800267333,51.36911386414879,0.007666164304568879,0.006308080279560896,0.0043563974028158845,0.14704768334738127,15.618514884999968,0.003118953555193293,0.01030039233204988,-0.002815915067410058,0.011124537345007738,78.8590215895274,deltaI0.2,FGO-G
77,35.85098783048039,29.754576952214776,19.99896194346054,116.85450919807134,0.01397545895797883,0.00983351732283956,0.009930528190764327,0.23075528961996353,21.192894589999923,0.0064146275009020655,0.04773747852677601,0.008465333531388137,0.048904766371667435,171.87862440882782,deltaI0.2,FGO-G
78,28.453583392910556,23.656400710577593,15.810791040232607,85.24916122175927,0.012755498631846066,0.00843357609698517,0.009569615434456455,0.18155416831527982,11.953833798999767,-0.004984275705352294,-0.027923137621285177,-0.02042867059451553,0.034955331512995555,-238.30289117708526,deltaI0.2,FGO-G
79,25.470013520744768,21.817107716805832,13.142883991735316,64.64063988728596,0.009892151792292733,0.007904002419140514,0.005948227705794497,0.17329930123137166,9.765639339999325,0.004372571751057658,-0.017865116438276457,-0.003715104311686321,0.01876389536098604,-43.504959491945556,deltaI0.2,FGO-G
80,24.22399711804969,20.797184393132024,12.42091613744113,67.98764596155675,0.012277407131827725,0.008340546940220054,0.00900943963954697,0.20408915711686848,49.74310969599901,-0.009798196437226505,0.01563912366974718,-0.011120190299358183,0.021546356417595634,-150.31799851782125,deltaI0.2,FGO-G
81,19.635945162648223,17.201885580324735,9.469185546389095,50.34207394493595,0.009331064209056222,0.007017270612161605,0.006150339212533168,0.17877310974217658,25.696017793001374,-0.0009619588815821434,-0.011121195678571033,0.0073399028221950114,0.013359660611339948,117.87290624295565,deltaI0.2,FGO-G
82,28.422007061441853,25.610719773517953,12.324833389664416,58.83429037240586,0.010729596175287489,0.008041391214743166,0.007103538654515464,0.1900780667539863,16.556822750999345,-0.0034850797712492093,-0.009081412075917145,-0.009762449610767082,0.013781264408875935,-105.81466497274778,deltaI0.2,FGO-G
83,20.64945048240875,18.445270219165575,9.28287734312021,46.830396488039455,0.007803429741276622,0.0064096623676721375,0.004450813864844062,0.14258384040838215,9.25899852799921,-0.011373658993626462,-0.0140628729690212,0.005128306230785459,0.018799575522943073,-14.616329535858313,deltaI0.2,FGO-G
84,29.863314359387278,26.711825716848608,13.352749207571145,59.39719442552502,0.012533764905115317,0.009107301843487726,0.00861117389374442,0.18669619173005256,10.762971677999303,-0.002460053557039901,-0.004170779502258193,-0.005710999018837682,0.007487507926748841,249.14270284764098,deltaI0.2,FGO-G
85,26.7201611784436,23.05586577255619,13.505334756305624,83.22507301247816,0.010407982993129472,0.008192149275867193,0.006419875405892313,0.19434247408521652,13.506621856000493,-0.005144531804038859,0.016634986919713324,-0.004442118081628059,0.017970014200131498,127.13409349073845,deltaI0.2,FGO-G
86,28.408586909548514,24.359659932905263,14.616934635913962,59.709680968085806,0.01227756406654963,0.008176561382247195,0.009158734812766144,0.21260790336039714,23.1969516930003,0.00577820213167031,0.010074548479296508,-0.007378188740533624,0.013759426442518308,-161.5599081946475,deltaI0.2,FGO-G
87,27.18681626895351,23.882131871721885,12.991025983482627,52.747853592661485,0.00783861228133074,0.006963754284641612,0.003598606502545772,0.1012909844582314,7.821386321000318,0.007784138563472806,0.009445515376095975,-0.004675446087856912,0.013102303996468197,-0.9662293900291843,deltaI0.2,FGO-G
88,21.634707524268105,19.982642973149552,8.291836314608473,46.02749654705768,0.010690265864367072,0.007565457590439103,0.007552856128519809,0.20906932729768157,12.379580242000884,0.009530060749719016,0.016118518937028176,-0.010934607152568297,0.021683965140113757,160.83629954815842,deltaI0.2,FGO-G
89,28.26515153119176,24.831070367731606,13.503212042843481,73.27330679749177,0.013546025105071016,0.008750629784221876,0.010340274393201721,0.2047066161569172,14.014029805000973,0.004209785233326299,0.016014155744232872,-7.577220677506115e-05,0.016558418322369997,-227.8628459372958,deltaI0.2,FGO-G
90,24.874142998847308,22.092514788202703,11.429951017399391,68.20364184520032,0.013447628307460427,0.008492133711829102,0.010427002067518096,0.19712140410598522,13.836637213000358,0.0029354543223940447,0.013167120757343193,0.015025524791194018,0.020192977897479755,320.6400872710692,deltaI0.2,FGO-G
91,21.126326644265568,18.86761224163957,9.504466622558985,41.46772821078952,0.010735927608528083,0.007842480392833634,0.007331823982037182,0.19200633793277638,51.920665085999644,-0.005354750383396318,-0.00165204406604319,-0.006662462708405991,0.008705803271699402,-120.39987734481838,deltaI0.2,FGO-G
92,25.34223363333261,22.412052139354422,11.829147240155287,61.31730129844423,0.00865027498408687,0.0074966247843887565,0.004316002101761228,0.07657189118548231,8.65749358100038,-0.0017744738901306757,0.01975954707166852,0.0073137572913631165,0.021144254628177525,51.83722173699243,deltaI0.2,FGO-G
93,29.694237075877204,24.17553708446623,17.24213218241869,80.19237427312164,0.0136842743023969,0.007837368853821395,0.011217620631506066,0.19731640012590337,16.245720421000442,0.005553860441624467,-0.0015786594311541502,-0.004925872480853822,0.007589581747517188,-303.5933676979821,deltaI0.2,FGO-G
94,24.30653194860748,21.51051806988779,11.318352695233832,46.34917492036036,0.009224435080998978,0.007057970407360334,0.005939297626183625,0.19136024577983085,8.105738659000053,-0.010324172087743791,-0.012406619547962627,0.019186786808092455,0.02507280450855921,-63.909918594466944,deltaI0.2,FGO-G
95,22.75617704397414,20.049656347233196,10.763590200976031,50.610166859576324,0.012217886680875324,0.0073771549061457265,0.009739319300517909,0.18900369945235193,7.772210678000192,0.001296787978738013,-0.007352545092235346,-0.002525953310398768,0.007881752249434638,-247.22655314151962,deltaI0.2,FGO-G
96,27.878321985973432,25.965324010434212,10.149028810028002,45.59346122867829,0.01174637412103885,0.00962761284621828,0.006729515277844606,0.19304797538673943,16.546598475000792,0.0053566601073374515,0.015194271751874266,0.010363009706613397,0.019155982662205254,-72.7355927312019,deltaI0.2,FGO-G
97,33.125264118157105,28.135728716857578,17.48324605069271,94.31779267098597,0.01573625810366865,0.008484095208228478,0.013253299498728301,0.18972880053310445,18.9986155280003,0.004289392253606697,0.0008673872780945724,-2.381799817498709e-05,0.004376278543755929,-477.5559788651317,deltaI0.2,FGO-G
98,36.89467868964855,33.087300028246744,16.323231679210767,69.79662771928322,0.010773020231018286,0.006822561808729022,0.00833730263718437,0.1991843213319392,36.10109424700022,0.0002819506116290826,-0.010004639742791477,0.018157009531725644,0.02073280752010245,-160.52958631462934,deltaI0.2,FGO-G
99,21.01874215916092,18.436803859350434,10.09315537407057,50.257309987620545,0.008384414012014072,0.007218477578401778,0.004265205713089197,0.1476155644087963,13.862165123999148,0.001936959780457281,0.003854277565643466,-0.00198323636735091,0.004747683143693867,80.39029072306766,deltaI0.2,FGO-G
100,27.840576867627473,24.72050221741552,12.806033360921269,65.96352672060048,0.0083809124308379,0.007155943747556238,0.004362586647298142,0.09280122197659144,8.124786455000503,-0.011703662944611294,-0.012183479290993254,-0.014285073676599754,0.022124109561765692,0.2857647735854698,deltaI0.2,FGO-G
101,22.204698648143218,20.026238525511353,9.591580295977199,47.79944709831674,0.008176407319318605,0.007485157949261893,0.003290295902500007,0.06929426833729495,12.874114634998477,-0.009257367304080125,0.0008519556584694332,0.005099328432154593,0.010603198965672106,46.84451984393854,deltaI0.2,FGO-G
102,23.26717151672698,21.191483585730065,9.60636735839956,46.32454590153862,0.00868834815233006,0.007818108344327137,0.0037900627346337643,0.060131820086131126,12.544244689001061,-0.023477704265514196,0.011447136038463701,-0.025499633446172103,0.03650302490138559,15.731219776620492,deltaI0.2,FGO-G
103,26.694262469580952,23.692385198514952,12.29855814313482,59.42763498706888,0.009235335211865288,0.007917190904390503,0.004754945284538526,0.1447429059024646,10.898249297000802,0.0013589696332216598,0.018099252988478948,-0.0013568415842736574,0.018200845482828455,-15.306590414336824,deltaI0.2,FGO-G
104,23.991309311761725,21.853078726832422,9.900801616611107,43.22706146595492,0.008207936796351028,0.0075474820555814365,0.0032257930921820426,0.03835526877989583,11.03753272099857,-0.003953907978468306,0.0017270581741956892,-0.015169764244137294,0.01577142560017825,28.508384221853703,deltaI0.2,FGO-G
105,22.47178999813168,19.858357399284344,10.517936447916956,61.45481904462807,0.011562873736041547,0.007294197384017018,0.00897188573036007,0.21089232347640433,10.561439791999874,0.0027169042768050915,0.025830409909854746,0.014988113142945481,0.029987250299855422,-147.72813103853514,deltaI0.2,FGO-G
106,27.997440191258843,24.14885346914281,14.166493334237142,71.92220032165795,0.010666913052291106,0.008523313752202223,0.00641374748073689,0.19958465324580066,8.429672879999998,0.0003210743558731763,0.01768468072910384,0.005525313703977693,0.018530518415837693,116.23411558631778,deltaI0.2,FGO-G
107,23.359833823484497,20.14545322564255,11.825504242706032,75.47648950422773,0.012368636438340762,0.00862564367295314,0.008864617226428579,0.17499429547029424,19.250648069000817,-0.01913626239065088,-0.030856543495027533,-0.007697193701171236,0.03711562481782727,-195.3283019433311,deltaI0.2,FGO-G
108,29.079663206620886,24.54284648670694,15.597291384738487,84.54383584560789,0.009578854704548093,0.008189729663964269,0.004968177279649633,0.1310865742865131,23.619509479000044,-0.013427182757055237,-0.020260224581484937,0.002445311477940771,0.024428374589966415,-9.675505969777078,deltaI0.2,FGO-G
109,24.803226782514503,22.098289078003553,11.263466546753435,48.73230911949317,0.009178232185394946,0.008320786068602896,0.0038735597645529643,0.041993861179376625,7.793358977000025,0.0006200197511153006,0.004116079149283275,-0.011293001872342456,0.012035714492445716,28.285469933756758,deltaI0.2,FGO-G
110,27.365457379519057,25.07281992476485,10.964577447881368,56.695177221466416,0.013104541942889817,0.009029777896778286,0.009496953757274629,0.1920817233003815,7.787738274000731,0.002293519882498169,-0.0034912105750171396,-0.017065530517830278,0.017569323168111016,-228.20417972568794,deltaI0.2,FGO-G
111,29.924390373573733,26.59363529799849,13.720338948695145,59.49312043227428,0.01034341538491775,0.00867028160701776,0.0056402534233811474,0.18205288825468277,9.902847392000695,-0.0006655361770979483,0.028657753608773512,-0.0002832673229042034,0.028666880204870963,86.0281250130156,deltaI0.2,FGO-G
112,26.671452077661126,24.182490594128463,11.250489082518248,48.868411298542696,0.00879614178356514,0.007863087707757385,0.003942583160403244,0.04666074267424891,11.055317542000921,-0.009854907029646282,0.022520395302245838,-0.005258600975420515,0.025138422411740195,40.42739753411115,deltaI0.2,FGO-G
113,27.671462070698166,23.095531493714283,15.24159565639172,68.66183899044104,0.013154086858630926,0.008556708241961631,0.009990632870161565,0.1599121954041321,11.046874116000254,-0.0053261631312657865,-0.01815017201816846,0.006114138130770608,0.019879120782170006,-279.1152877444565,deltaI0.2,FGO-G
114,21.041221913489622,18.184952234790458,10.584920020061814,50.5100511512286,0.010493828527616609,0.007603536025858695,0.007232335519767394,0.19025768901212442,12.591728545001388,-0.008852461442758553,0.0019246864833128707,-0.0003220363535510162,0.009064998569640402,-117.31434787399485,deltaI0.2,FGO-G
115,26.770228508746992,23.23837926283836,13.28995348550981,94.03151116691139,0.009701640393395218,0.00823837145349674,0.0051235790339339725,0.049487820628900774,8.31245447999936,0.0014522151705149782,0.013218625382952015,0.0008820442731984029,0.013327377387024773,43.75406262625074,deltaI0.2,FGO-G
116,24.67944527623206,20.518915950938712,13.713099844340285,76.40616394513401,0.009922974343521792,0.007715859982356921,0.006239465085634728,0.18558157906383443,16.618903487998978,-0.006960001965345875,-0.022932787894864887,-0.014806175632319606,0.02817050274389108,-66.02802776984754,deltaI0.2,FGO-G
117,33.53645838773423,26.504448099859232,20.547707222804636,126.25211906282568,0.013947102195573395,0.008676916336382288,0.010919376472362805,0.18007523189547028,13.689392816999316,0.005383947892065494,-0.015493606559970396,-0.011944752046372941,0.02029078215813685,-335.41064625480067,deltaI0.2,FGO-G
118,28.865291597058196,23.16940557052352,17.215798107894738,79.20502190660116,0.009840339682221423,0.007558937694353661,0.006300376654961271,0.17504784222738742,7.851885797999785,-0.005334355373464634,-0.012155091882617736,0.0020978284155393156,0.013438842583583408,-43.81471383083772,deltaI0.2,FGO-G
119,30.95144608627972,24.718235051581416,18.62795938278404,131.27427064594207,0.012433578933603261,0.008761590126921383,0.008822041914771013,0.20355869392232093,7.799986269001238,-0.01383292255312116,0.010386333848464602,-0.010835020145933119,0.020411353182363635,-124.46081835367477,deltaI0.2,FGO-G
120,26.78152202350389,22.476887696506846,14.561574137916647,102.17686837307163,0.01779213719482972,0.009542519905216788,0.015016672727944253,0.17526350579944297,11.891723479000575,0.011300484007684332,-0.00872640748117684,-0.009144359728356956,0.016954953293272883,-764.7680439333417,deltaI0.2,FGO-G
121,22.420301568512908,20.230508553505352,9.664183674248395,58.7219111829659,0.010002304426564928,0.007642738559703632,0.006452491080946925,0.18839042808501583,18.660941554999226,0.00840266640822176,-0.019000025104173562,0.002285782498973202,0.0209004918210002,145.84741980106992,deltaI0.2,FGO-G
122,22.67385493001618,20.475127920360247,9.740268683783999,47.054201936938924,0.008591885121220775,0.007514796300425065,0.0041651322307188175,0.09670160720408164,39.67620065099982,-0.0035003076093504193,0.0215226409936789,-9.008205681239865e-05,0.021805603488090474,55.87716428529893,deltaI0.2,FGO-G
123,29.363216872885996,26.713370473184867,12.1899279360672,75.75528937242558,0.013709360878503243,0.00927605905201388,0.010094617583672328,0.21084332952983453,7.812795960000585,-0.0024194220083069836,0.015120797408716552,-0.018512710869894308,0.024025248820397933,-193.1648911023076,deltaI0.2,FGO-G
124,31.265256998057982,28.028661523338055,13.85317394551742,69.64257504374234,0.009892834948031299,0.008296149688999013,0.005389070759111539,0.1503027102694769,17.884917100000166,-0.015491616940541034,-0.005607002212711543,-0.006768617235097267,0.017811312375034746,-19.849114229413317,deltaI0.2,FGO-G
125,75.42556925384754,68.23532393609929,32.13964941629804,120.87712410025415,0.013390101852012788,0.009405517422088271,0.009530533543830079,0.19924080681922476,12.284476411001378,0.013852028306827743,-0.004675373689318196,-0.008021114744023644,0.01667561360444405,-204.50822652647003,deltaI0.2,FGO-G
126,24.119158948069074,20.99832095545862,11.86610068277561,61.450493364303995,0.013433243050540928,0.007434468406745764,0.011188418045640107,0.19267392649058238,22.743030733001433,0.005582537634412767,-0.005287145292304507,-0.014180624860296902,0.01613098736004846,-328.4554948434343,deltaI0.2,FGO-G
127,30.44223952173108,26.033864549446733,15.778714894423642,82.49888326091038,0.01165312978899444,0.010231827209662167,0.005577198744061979,0.15737480718140878,7.859228854000321,-0.006861616055962752,-0.022567380627053296,-0.009298829897096803,0.02535422411987572,84.4994884150401,deltaI0.2,FGO-G
128,24.58539366330935,22.26758956374648,10.420942212699407,53.10041021105146,0.012249482111731403,0.007703337488974971,0.009524095943268336,0.20083309466651753,10.91476995999983,-0.01889403918036511,-0.0008306174413381384,0.01178400590574645,0.0222831200030358,247.27355979572894,deltaI0.2,FGO-G
129,25.288247771055733,22.79052652703738,10.958438572657654,60.81915683672617,0.0099803233548928,0.008466795392362492,0.005283959694404186,0.15006808858229204,7.812666855999851,-0.014718035247315762,-0.017189237986883654,0.030879998094878597,0.03828400118131148,-20.407626930973493,deltaI0.2,FGO-G
130,26.914083500369347,23.348805916536275,13.386603487695233,59.432588603979596,0.00956408808528433,0.008012161298127622,0.005222743745950355,0.1686016762913133,10.573734682000577,-0.007226917405906864,-0.00019265298739579162,-0.0027981839766512253,0.00775211480388028,-26.711050329387945,deltaI0.2,FGO-G
131,29.733826949721493,25.46681876687049,15.347364821732658,97.1428322887027,0.012575683969779428,0.009307326229872254,0.008457038829194246,0.18752635513118532,8.821845071999633,-0.0019389052768984403,-0.03922955244231166,0.007796410720192851,0.040043740567219786,-134.57475883947882,deltaI0.2,FGO-G
132,23.41161091089346,20.083562918384573,12.031376726973264,58.269625180855044,0.010118355026225592,0.007590552612283096,0.00669063670190715,0.1951806376409674,7.978437906998806,-0.007861492687738943,-0.010843294681074117,0.01688970615444477,0.02155556264177469,139.78250234695406,deltaI0.2,FGO-G
133,30.600063352328593,24.635236284356214,18.151281232476745,86.9577905552893,0.013316284512888542,0.009589884676088947,0.009238914715891128,0.19623081633631162,10.482752826999786,0.019314497983558814,0.004760666811505526,0.020368836916868208,0.028471095837586596,-146.2814532184384,deltaI0.2,FGO-G
134,28.36400190761507,25.113882586334405,13.183683311389157,56.36813630872908,0.015505360672531252,0.009841556598018495,0.01198165152695059,0.20123091549181843,9.940159567999217,0.002800035823757099,0.00112863863071333,0.010660551691106095,0.011079773830354417,393.79610417826916,deltaI0.2,FGO-G
135,27.87325035558198,22.56884713021978,16.357421086397487,75.56713916024715,0.010373986560704413,0.0075541808102530805,0.00711013005842227,0.19952619097821392,15.46435891299916,-0.012347857786104083,-0.006778238082039423,-0.01543979375193868,0.020899792690480576,122.36953035742954,deltaI0.2,FGO-G
136,23.13612245444223,20.480568102343387,10.762271713361478,46.50312383345956,0.009441204081934326,0.007661508037324825,0.005517030823798296,0.1759992294748506,53.385362467999585,-0.022724672531609664,-0.021578124438691865,0.012457728355973146,0.0337227103263036,-49.032886298025915,deltaI0.2,FGO-G
137,33.11851814496261,28.55872933545836,16.770069256334253,93.97577614902687,0.014286011878733556,0.00951735571736834,0.010654110734753626,0.19187632246973582,11.426011617999393,-0.004601509889404753,-0.007215384421686566,0.007363399145420784,0.011289610825435501,-261.1216432056335,deltaI0.2,FGO-G
138,31.160841685456187,28.60941293196686,12.349070662777466,61.321570763776286,0.016394981232048376,0.010838696703248716,0.012301140734671883,0.21006876751235656,26.664414339998984,0.01242118781735275,0.014588648379106867,-0.006603090603806038,0.020266113930530474,-318.13807288820135,deltaI0.2,FGO-G
139,21.266169244917226,18.496240192059176,10.494715485000908,46.30206211169532,0.007958617093130914,0.006786547766515024,0.0041572052448592784,0.11420210606966502,13.015813088000868,-0.002610740411872734,0.0021425027335345015,-0.0044034460849052635,0.0055494703246396155,-5.732783344636118,deltaI0.2,FGO-G
140,29.12055335261812,24.78502549918269,15.28754848128183,76.07761018736979,0.01015554051207442,0.008710517436514702,0.0052212918976588685,0.13379708259501252,7.831028324000727,-0.010350321385405734,0.0034063698761569727,0.026433659346335327,0.028591447234312534,72.68413251792663,deltaI0.2,FGO-G
141,23.119291071537088,19.642443241254476,12.193278606041556,52.40116503721857,0.01163256308560369,0.00758067646790263,0.008823257234691557,0.1945275155082146,8.137764471000992,0.0018096161493151865,0.004253771651357541,0.005596179601922648,0.007258547375799824,-186.00124893682005,deltaI0.2,FGO-G
142,26.926269282554394,24.32442081121725,11.547576788030176,60.386722575910056,0.011397067752812726,0.008141975832777804,0.007975047517141565,0.19519320283912722,8.369630262999635,0.0059847607392614416,-0.005902702914480279,-0.005265814082298885,0.009919075599679458,-123.24655138186245,deltaI0.2,FGO-G
143,18.825126250993264,16.84292809875086,8.40839767293059,45.88316617850243,0.008814652890160111,0.007095181681056636,0.005230344394665261,0.17157129143313996,14.044509459001347,-0.009766434904161698,-0.0005366576648110633,-0.021241106252597602,0.023384949155826045,-35.802990809064795,deltaI0.2,FGO-G
144,34.687054443248755,31.343705670220853,14.858124404091807,63.41401687435818,0.011780250488401759,0.007326839439628655,0.00922451762399487,0.20153516333066565,10.107264050000595,0.004035640504568007,0.014323374407564038,-0.006301735710170479,0.016160362671122457,-177.85282473540246,deltaI0.2,FGO-G
145,21.730246497356127,19.38112879271173,9.82728139193025,39.886791247177065,0.008951933725294048,0.007334821895282719,0.0051320079098281035,0.165004129750899,11.706625803000861,-0.023951251202166703,-0.02119428188477404,-0.019902970410151023,0.037669460440891644,-29.740450355573557,deltaI0.2,FGO-G
146,25.17196857087153,21.15842685385714,13.636310894186938,83.37762781045612,0.010341498707106699,0.007056287732381319,0.007560118977035641,0.21411484838417005,10.910102933001326,0.0038762368566392248,0.020207950994376972,0.013947465383109621,0.02485796222889058,147.62456159837166,deltaI0.2,FGO-G
147,29.879154509202813,25.949271361093647,14.812129827041755,63.5202117891679,0.012044225739879526,0.008368202488783436,0.008662364618272266,0.2080307485314557,17.78404239700103,-0.013170954118781943,-0.008592107000466809,0.0027190478615025954,0.015959058756069282,-130.41184858319502,deltaI0.2,FGO-G
148,29.098274481024685,25.112936118220063,14.698639981142843,67.11768255033746,0.010673820914162533,0.008638215787930911,0.006269902783038554,0.18903209045140584,7.818272571999842,-0.0060321555402291305,0.006475711567326015,-0.016956449908810806,0.01912702105072107,-39.661831798090134,deltaI0.2,FGO-G
149,25.771856355756363,22.7781099478844,12.055964798548041,53.840363529846236,0.009847202626308876,0.008186724141764367,0.005472197674630997,0.16410821118183727,9.60474116200021,-0.010415426228434305,0.0007346670194403049,-0.013224295512977238,0.016849416338970333,83.58296649024669,deltaI0.2,FGO-G
150,27.008114277602452,23.712075740002657,12.92964426936839,79.01043282782388,0.011859432700776947,0.007183467326314217,0.009436309721285839,0.18757648886257267,13.72638543100038,0.009510670327207472,-0.019613262273197873,0.007500035209470357,0.023051755577685764,281.1275801598622,deltaI0.2,FGO-G
151,47.61196960247009,44.42333423060344,17.130879290411027,79.15504924592219,0.016328594929373604,0.00997474996412745,0.012927775350798174,0.19249801647617562,75.92201744399972,0.01574726050863617,-0.014463764535579987,-0.012010791276569325,0.024524188165092588,569.6447989955977,deltaI0.2,FGO-G
152,20.12604727302413,17.273465336777758,10.328851538052977,53.07485474088057,0.009053782402328644,0.007449257194202114,0.0051458277316039115,0.15031770739070424,11.416582036999898,0.004848522820071025,-0.0358282193173414,-0.008268642524044172,0.03708827203009998,84.26483789522717,deltaI0.2,FGO-G
153,26.30453444227487,23.602044703529174,11.613441265939876,54.97553391224086,0.012299748796911309,0.008003193767397993,0.009339845287187743,0.1869698728726103,8.922393331999046,0.006597410277909772,-0.009778344639343822,-0.01419931497557383,0.018459750595184343,280.3275501418757,deltaI0.2,FGO-G
154,37.25420646566579,31.461877859026057,19.95059249672,87.06118664896391,0.010137866030546719,0.008788148265458817,0.005054184179234693,0.1346275845114562,14.290346684001634,-0.006793100017195785,0.003306131715628463,0.010092721557828442,0.012607130649301797,73.28738025178063,deltaI0.2,FGO-G
155,21.949583085820112,19.735847346727702,9.606275404545794,42.14467778713596,0.008026558191228005,0.006922942785103087,0.004061834510582444,0.12973091132896655,14.13231958399956,-0.009917283882490479,4.338154353308865e-05,0.00014289608077174394,0.009918408181463629,-11.992594163479225,deltaI0.2,FGO-G
156,23.788160573190538,21.444240909529388,10.29665553808434,53.531277518867256,0.007190783828931571,0.006651525971539281,0.0027321373179915814,0.03594991033106258,18.55296107600043,-0.006653043519892719,0.01395967403313797,0.009990885583389814,0.01841068390716215,33.637991181351026,deltaI0.2,FGO-G
157,22.25163027030024,18.20227466327134,12.798915843499094,54.89924058730236,0.010407158367426709,0.00701003038951152,0.0076921010928630365,0.1973114379320781,8.142104504999224,-0.011581154736575332,-0.008327118212818119,-0.01649756874454063,0.021809030635119766,-118.92448484380293,deltaI0.2,FGO-G
158,24.03558952979137,20.600485247581453,12.382631853075317,52.93825367745615,0.012016841419961398,0.008067908137621566,0.008905803500830207,0.17448033851684,11.089546250001149,0.0019633602868290457,-0.03803727109790253,0.006509473928542932,0.038640160804758676,-205.7239014019142,deltaI0.2,FGO-G
159,21.809947873448817,19.941118010483606,8.833212254583318,37.15271989676926,0.010195421073084148,0.007068607794199493,0.00734720318960014,0.19034712711255414,9.092759351000495,-0.0028944722390455897,-0.012353819337269922,0.01469155135588997,0.019412277120504494,-129.5905838635881,deltaI0.2,FGO-G
160,26.497766670691693,23.682013363055702,11.886710293704937,61.179227676403265,0.008465372674598614,0.007676268945518412,0.003568953571554348,0.032827396337581936,14.80015751800056,-0.010888888594711096,-0.0003891076070243471,0.0048491708819701895,0.01192617951401123,30.650036649400136,deltaI0.2,FGO-G
161,27.791077743634368,24.196201708740094,13.670692192522385,59.972649330984396,0.012201873144746824,0.007030656484340027,0.009972741731324505,0.18702989463329867,8.479161913999633,0.003020451748962956,-0.01360758654263225,-0.0065659448683831785,0.015407828279731283,-256.7178198771162,deltaI0.2,FGO-G
162,30.00060096388765,26.412913894386044,14.226525851456683,67.20354288412425,0.010765922038834927,0.007542503052505725,0.0076821692931888326,0.2151796207478536,16.281233865000104,0.00948245787198342,0.016260221531156027,-0.008980862335141305,0.02085587926266764,141.0568217588625,deltaI0.2,FGO-G
163,26.066714368819657,23.8416036628667,10.538099106025255,52.97916841169781,0.012996050288263412,0.008989076200203056,0.009385831458214797,0.19228649361905514,28.91494579799837,-0.017843440279702454,0.0043241961741620205,-0.0111286601533327,0.021469376105893726,-214.2102051680322,deltaI0.2,FGO-G
164,24.435009633724924,21.647738158226595,11.333363509262828,62.841769072929395,0.008593158125419163,0.006826375268278024,0.005219479597153292,0.1747232987815885,11.072086623997166,0.010006568356693293,0.001587467241602969,0.001076296317546814,0.010188713180942081,92.56442969439013,deltaI0.2,FGO-G
165,24.971418771737632,21.91594161101109,11.969263084093493,79.87989506267552,0.011879038458485739,0.007807982863370376,0.008952483359576704,0.2004086480929173,23.819766441996762,0.006420349737902376,0.00729957696040151,-0.00871345811094714,0.013054848402376727,-168.49399033996087,deltaI0.2,FGO-G
166,20.291202430718215,17.492138250556827,10.28387064814565,53.543767408829986,0.007493885123224406,0.006430531674255944,0.003847931473723916,0.08316725724593531,9.766691722998075,-5.81503230290993e-05,0.01385809877342803,0.009301037716893114,0.016690104424035943,7.051404722013103,deltaI0.2,FGO-G
167,26.89542358021868,23.072088490818334,13.821813999299483,58.53827831586069,0.013633823435321846,0.00872537950109173,0.010476110634556099,0.1828392714585455,24.718766355999833,0.0051324141594247304,-0.0034844468921177707,-0.009344848569896423,0.011216471817917963,351.2071356546603,deltaI0.2,FGO-G
168,28.03130518071253,25.093409137650553,12.492993555778236,70.84850615817228,0.012174549076398365,0.009431055434581732,0.007699015430785849,0.20975525526396496,9.263346470001125,-0.0073951654287944925,0.024590092043694056,-0.014155902683252494,0.029321505404980457,-85.70550787070715,deltaI0.2,FGO-G
169,22.180731223286053,19.174674640688018,11.14973945988931,78.71895231010957,0.00914900366366184,0.0070683005302947756,0.005808906579652696,0.16244515684192165,8.11206421800307,-0.0016080806128151296,-0.019352512952894113,0.01743162229374728,0.0260953470304787,-26.248079449162105,deltaI0.2,FGO-G
170,26.04726554031196,22.244999166427228,13.550647741461473,69.26317366517083,0.008876049662006998,0.007537142035581821,0.004687829725777171,0.06707578647156255,16.108159391998925,-0.001966285286005945,0.0019105085431238844,-0.01196237234879694,0.012272516976177887,14.427289261824626,deltaI0.2,FGO-G
171,21.91374673514226,20.047325030137273,8.84969237363591,37.25893644891438,0.01056521303761443,0.007231438702384356,0.007702598316401782,0.19041552984432794,17.39821376100008,0.0002745601440267547,-0.004413534873258712,-0.0065239209099888056,0.007881384230574471,-140.12823937441135,deltaI0.2,FGO-G
172,18.32560229018767,16.11111408565461,8.732680127953456,66.32972870591394,0.008252005217076261,0.0068711122968621455,0.00456983652952309,0.13746271311608158,11.828176114999224,-0.004758566437424,-0.008913634820537697,0.0010704504832729314,0.010160841721551394,74.25242522513872,deltaI0.2,FGO-G
173,32.90405885558093,26.703250448322592,19.225334968881366,76.5273465552727,0.010327204816823116,0.009173903352979438,0.004742431507023288,0.07236912114433368,7.817401915999653,-0.0006865664688839534,0.008125777597339595,0.007317365502353484,0.010956435231071038,47.87432909983909,deltaI0.2,FGO-G
174,21.38656357128303,18.48791660540563,10.7509088443767,81.25675116425694,0.008756038248171298,0.007256738391781127,0.00489979119113137,0.06830599494993103,8.60917438099932,-0.00851557716960907,0.009041473006682649,-0.004984508147220697,0.013383146495942114,9.204275486004917,deltaI0.2,FGO-G
175,52.71651163999858,45.29192760252849,26.975394223948324,119.38155352626673,0.01458576585324961,0.010058580378632543,0.010562647693282719,0.16826576485427988,9.968041760999768,0.0014593208867210395,-0.02947457838187928,-0.013447075029963142,0.03242998944035326,371.94783403191104,deltaI0.2,FGO-G
176,23.521706492412168,20.725018792712707,11.124040289251477,44.58471018174055,0.009584520317379087,0.008069726139685082,0.005171319922876155,0.15442157180035124,17.066206531002535,0.010334174592291984,0.006688859066123487,-0.01629697628839009,0.020423697908429423,-19.708101958483894,deltaI0.2,FGO-G
177,25.577312947337013,22.51796184589103,12.130141463025467,60.29987608210033,0.008639436594048722,0.007805417566438292,0.0037034202132791667,0.09897177734152379,10.851959537001676,-0.006543348548806556,-0.0009250075884243703,0.0005880775699627274,0.006634522175568094,0.042714610161056044,deltaI0.2,FGO-G
178,26.48930492970393,21.326124263545452,15.712405912356484,98.95041816920913,0.010419553514210112,0.008497113784629542,0.006030435537052603,0.11920661208352433,7.77330142700157,-0.009604483823228515,-0.024299258365447274,0.005820439412916593,0.026768966763415628,-6.981696458689839,deltaI0.2,FGO-G
179,24.56148031895887,20.097672655239563,14.119131322480136,66.0634962946201,0.00983605762259748,0.008348485961317289,0.005201039483482712,0.12369716655341713,8.292195993999485,-0.007903602277215099,0.005803089038967091,-0.004391802294251,0.010743867960021103,71.81728516174007,deltaI0.2,FGO-G
180,21.771699734952882,19.76469701228167,9.130370275166907,64.03482593946357,0.008521208483553453,0.007173159043802916,0.004599650351112762,0.1362619249609834,9.604381653000019,-0.010716219383000639,-0.01166974636195256,-0.012852530555535799,0.020401173488255153,77.49606433684494,deltaI0.2,FGO-G
181,30.182230770547456,24.14247512717126,18.11375027487402,121.36646546519087,0.010036266169440844,0.008041466491691327,0.006005119090148702,0.18698314315960457,13.510248853999656,-0.00021097544722929046,-0.006323900125585674,0.021434400947687008,0.02234882026917577,116.79092872805995,deltaI0.2,FGO-G
182,33.86056175648758,26.869283644835466,20.60532064487924,94.09318176676172,0.010883101687773995,0.008902732497909923,0.006259653058843413,0.15125859643867326,16.26789247399938,-0.009442202086115709,0.027936458252704882,0.0076301410592864854,0.03046013677784097,-14.085776225670998,deltaI0.2,FGO-G
183,32.42145689562695,27.056997490884783,17.86252373023619,73.42162593358105,0.00922136160473577,0.008175242048787489,0.00426602007602308,0.09504418952113373,12.358582736000244,0.0052394008775854956,-0.014620629695286907,0.006330644005473622,0.01677173776824537,-2.2664179918974696,deltaI0.2,FGO-G
184,28.240013527858007,24.183305714703852,14.583075421966909,69.83292520906907,0.008995346107123728,0.006763072040745777,0.0059310292663776985,0.1953750507535643,7.833431471000949,-0.014851575866779326,-0.0028941829654108298,0.007214997204448043,0.016763107868893803,-61.031651377972594,deltaI0.2,FGO-G
185,20.39387862683521,18.22306713018595,9.155878429447522,44.049015854291355,0.009699333701010438,0.0076604549858296424,0.005949328000172341,0.185410353892226,28.550947144998645,-0.01221935403538177,-0.0017393714025821516,0.007400718074852481,0.01439127006005966,-66.84053321378087,deltaI0.2,FGO-G
186,25.814283573293096,22.88020059242344,11.952976920117262,85.50285667403044,0.012513599334490607,0.0079035835941158,0.009701728437499545,0.19929557344617208,8.269835019000311,0.011582646868901052,0.002202283520396281,0.007813281392226432,0.014144084534107685,264.39779582884876,deltaI0.2,FGO-G
187,24.685915638572446,22.24319252658042,10.70676501751078,58.999895108341114,0.012576656810972838,0.0078961525731138,0.00978892594124084,0.18577084508376973,29.59112085399829,0.02381214266067282,-0.014789516225699906,-0.014864155942758188,0.031728395171724474,317.5842182034776,deltaI0.2,FGO-G
188,24.988591679094878,21.91896321974004,11.999531885711752,81.17383233571387,0.012074332297896359,0.008744719648430255,0.00832582600769323,0.173696542013739,11.384745647999807,-0.0015089980320743123,-0.04151428874245866,0.01889743298321416,0.045637990952802736,-144.821861319444,deltaI0.2,FGO-G
189,20.413261050433743,17.565327595666783,10.400023710072121,60.083178827522566,0.009556630100161808,0.007526858353725887,0.005888597642415851,0.18902653041762887,9.089080666002701,0.0005686447550906439,0.010196901779267992,-0.02049019343952572,0.02289428290955438,-40.85745972086079,deltaI0.2,FGO-G
190,25.783745144264554,22.154395496256562,13.190309846998778,81.77476851965908,0.01184697027622844,0.009433175956938114,0.007167000494717777,0.19566091051974516,7.818786438001553,0.0009560701196323266,-0.004230528444160941,-0.002885638078760697,0.0052094479661574785,-60.504906284122626,deltaI0.2,FGO-G
191,21.372638410732588,17.850475353151012,11.753731420381795,50.999067086258265,0.010501185079108397,0.0076880180207153,0.007153269670496537,0.20525191367723133,13.332122140000138,0.0033636682627458396,0.02172992352974104,0.006563409905090921,0.022947378725519885,143.61121576435107,deltaI0.2,FGO-G
192,28.752649562606553,22.184296083771,18.291305697998745,85.74940751329858,0.01136335010392456,0.008079000487010164,0.007990962189577164,0.2056700734507733,9.55948711399833,-0.002190556625494072,0.019611813172339204,0.013466640305135509,0.023890838313967423,-100.93842596348986,deltaI0.2,FGO-G
193,28.216408035196604,23.44743223900387,15.696611220452306,68.61316054322218,0.00980817724031281,0.0077555782983448176,0.0060042773116864906,0.18635654979500094,9.279084467001667,-0.01643449045413037,-0.0045611555959884365,-0.009813788613062353,0.019677577691362098,-50.05788976239455,deltaI0.2,FGO-G
194,31.279343180949628,27.571813872519147,14.771336757747447,75.89846266024477,0.014981410119110592,0.009411866204582736,0.011655875072426896,0.21468092878963427,13.68654199699813,-0.0027530740411916884,0.010687919168032495,-0.0038543823835214684,0.011690478877149585,-260.8047693843455,deltaI0.2,FGO-G
195,23.93293831784779,20.966133467615087,11.541524333642304,54.91691063980615,0.010721236904221654,0.00883997725181407,0.0060662775195216775,0.1987705655480129,14.967607172999124,-0.0066422727893612555,-0.010281728230413262,0.011889171811414814,0.017064176791562687,-59.76064508102718,deltaI0.2,FGO-G
196,22.389091227610557,19.52715620874706,10.952697220203758,61.589917872958935,0.012209469421724106,0.008352558830883466,0.00890538626543771,0.20737730544676877,12.365832703002525,-0.002233552346903912,0.01640584260923561,0.010068332310554212,0.019378125382015686,-146.0630680705235,deltaI0.2,FGO-G
197,24.31009288014767,20.819746442740474,12.550648345858539,65.3495567788119,0.009732488407181966,0.008009479546716717,0.005528975310729639,0.17595415659335986,11.587728752001567,-0.008017261082959378,0.017705968389152837,0.019749953838840244,0.02770989838498754,87.85450092724386,deltaI0.2,FGO-G
198,28.889432944977774,25.366374327278912,13.825570128234585,59.9057254480704,0.011296747633097768,0.008023954821029121,0.00795189638488729,0.19593659410313186,7.818434828001045,-0.004126255019455292,-0.009882618258654718,0.0009815676973075344,0.010754329327125575,-126.93295361715536,deltaI0.2,FGO-G
199,27.67625608100369,23.548294998026172,14.541421985047723,92.76933842778003,0.009345190815176293,0.0077799804383098855,0.005177305839099217,0.12065891535481633,13.267811656998674,-0.007011679425058238,-0.019516159749243644,0.003536242612958534,0.02103685222497621,-7.3641745064105635,deltaI0.2,FGO-G
200,32.217968700803496,27.15403737563916,17.3394279435149,98.31651563812564,0.012341241676100864,0.009934061651779024,0.007322613277142409,0.17791008673800165,9.798767804997624,0.01502258419002084,0.034907971307765295,-0.008620476005724078,0.03896866822378324,-29.203511081417673,deltaI0.2,FGO-G
1,40.373807535134034,34.05488303282285,21.686615146324705,135.4236000900522,0.01773658716310669,0.012622501756620136,0.012460295887281427,0.11058002564525721,5.57461444600267,,,,,,deltaC0.2,FGO-B
2,31.465125354664373,28.029106318810996,14.297668080968034,115.14577201807724,0.015443120910994278,0.00998036885738183,0.01178483011936072,0.1047748557298434,6.419038948999514,,,,,,deltaC0.2,FGO-B
3,27.565087233208672,22.345461356493797,16.140458201050116,138.75829077672168,0.015745619115763013,0.009362290853183113,0.012659859056051355,0.10145453369318103,7.646326490998035,,,,,,deltaC0.2,FGO-B
4,24.435944028961327,20.274007914079313,13.641112992948198,110.56948011629972,0.015622057907944692,0.010010093222856835,0.011993611922556645,0.09966043223895275,5.5134739150016685,,,,,,deltaC0.2,FGO-B
5,35.1807223211458,31.239702908275024,16.179128074166393,130.77368181317783,0.016430859205998773,0.01116851782720715,0.012051445713718778,0.10777761334995424,6.727027929002361,,,,,,deltaC0.2,FGO-B
6,31.031723049253515,26.14831551486277,16.710279205948627,139.82828940371184,0.015539670014458953,0.009485105844398729,0.012309106843261532,0.10073187238769406,5.767917331999342,,,,,,deltaC0.2,FGO-B
7,29.100165059051875,25.238352003605833,14.48603446793321,110.01453826050434,0.015861574122131544,0.010359360372972514,0.012011377368759997,0.10225080093719896,5.454715290001332,,,,,,deltaC0.2,FGO-B
8,25.115616001838653,19.773918542282882,15.485035118945484,137.5024778437212,0.01558036618919121,0.009306695290632353,0.012495328461333624,0.10634157399623737,6.060783429998992,,,,,,deltaC0.2,FGO-B
9,33.535741668971774,26.83130419956624,20.117830008187976,122.930062488589,0.015715776848098325,0.01026110832827426,0.011903583402263537,0.10522520095541733,6.063877343000058,,,,,,deltaC0.2,FGO-B
10,27.826456267933654,23.824446871546606,14.377322410521277,119.21763885191878,0.015215870358957525,0.009815206693775462,0.011626883861941151,0.1055331862442965,7.737425530998735,,,,,,deltaC0.2,FGO-B
11,34.283777609547386,28.858076617863297,18.50915506171026,127.87883013924747,0.01631681981177493,0.011154099838070223,0.011909016146277264,0.1053878186341498,6.06193020900173,,,,,,deltaC0.2,FGO-B
12,29.15928736019602,25.069317417131618,14.892728547636551,112.85578556173574,0.016636766322563723,0.011361292508081215,0.012153313384316565,0.10415826300004366,5.618669247000071,,,,,,deltaC0.2,FGO-B
13,27.27414520557275,23.00260018373392,14.65467097829054,124.64393871540378,0.015713840549061813,0.009608238232972244,0.012434087938396997,0.09964155737571438,5.939915963001113,,,,,,deltaC0.2,FGO-B
14,25.129421837037107,20.567837555767944,14.437863420302158,125.1607124378801,0.015769654417993495,0.01017739606166112,0.012045854468115843,0.09923371760414382,5.471948867998435,,,,,,deltaC0.2,FGO-B
15,25.906961703123763,22.21100761373394,13.335734155635162,112.2929599628954,0.014873250855001477,0.008801011687285304,0.011989820026842343,0.1036848605993089,6.574604450001061,,,,,,deltaC0.2,FGO-B
16,28.132963809509505,24.322775864803084,14.137405240627576,139.00829670214333,0.016306821586912424,0.0105282323389364,0.012452660522344887,0.10337256900443065,6.094193739998445,,,,,,deltaC0.2,FGO-B
17,35.754065450354375,31.30666040089283,17.269806332770305,114.1922946922278,0.015946967383756568,0.010235986119520042,0.01222826058356579,0.10822280421353497,5.631675635999272,,,,,,deltaC0.2,FGO-B
18,23.6458916125741,19.474060232258577,13.412276772568008,120.03157855660626,0.015384938771286837,0.009474980579734331,0.012121100775503114,0.10223331169527808,5.906047603999468,,,,,,deltaC0.2,FGO-B
19,26.64195862401129,19.89581285611369,17.718650911342852,144.26399928928902,0.015972311469547168,0.009521748776446712,0.012823846299705231,0.10055079764261185,7.736945802000264,,,,,,deltaC0.2,FGO-B
20,25.42591418867351,21.94346724788969,12.843728332169809,123.66346809898322,0.015033116612008263,0.00916624204746892,0.011915309555250823,0.10139553040102404,6.998593321000953,,,,,,deltaC0.2,FGO-B
21,31.925831233647745,26.181037938638223,18.270521405119887,119.71762737139309,0.016344946068982975,0.01112213946182374,0.01197728165276684,0.0992616123360109,5.466137215000344,,,,,,deltaC0.2,FGO-B
22,30.5200371051383,26.828125895409297,14.55075000950425,103.57928088275122,0.015634514720537295,0.010189492473134045,0.01185800546831726,0.09982956895872208,5.618144902997301,,,,,,deltaC0.2,FGO-B
23,29.48463044522143,24.667405363298194,16.151239739846783,149.99966172621262,0.016505909084522666,0.01046656831608186,0.012763071040753441,0.10246222298855565,6.7188438280027185,,,,,,deltaC0.2,FGO-B
24,27.182905820135137,21.846885298354074,16.17479432904472,125.20751885366089,0.01600011326667406,0.01024268752220959,0.012291906966324274,0.09925208837408697,5.606024149001314,,,,,,deltaC0.2,FGO-B
25,28.59881690780225,25.31688784047052,13.302162177594717,114.72149398304876,0.015809965895042816,0.010513674223549766,0.01180752624064339,0.10128895061379846,5.924377557999833,,,,,,deltaC0.2,FGO-B
26,26.761299913320023,22.530178477082345,14.441545306561816,127.73441537844873,0.015830953644796912,0.01001134060729753,0.012263447824669215,0.10322845400176495,5.486174244000722,,,,,,deltaC0.2,FGO-B
27,24.55816041250282,20.53148799440811,13.474466356100946,133.44930713105654,0.015067900004925302,0.009207343315989911,0.011927549606684679,0.10237996578306685,5.450995368999429,,,,,,deltaC0.2,FGO-B
28,24.302631821349156,21.219360654445914,11.847221060679388,103.97800194088548,0.014555427143729895,0.008965155630254492,0.01146675385022916,0.10206971971611474,5.60321347900026,,,,,,deltaC0.2,FGO-B
29,29.992291717221875,24.39339824121783,17.449919332085376,133.31830726483875,0.017400145295490523,0.01161295150847245,0.012957793545432358,0.09981387536491518,8.191216899998835,,,,,,deltaC0.2,FGO-B
30,29.074769955726456,24.64413050070227,15.427542897129475,131.27430997362896,0.015289695747196389,0.009482256991693014,0.011994231879754715,0.09892194051163906,5.468378418001521,,,,,,deltaC0.2,FGO-B
31,27.405979911989522,23.09302943851265,14.758039378195235,117.54082650633015,0.015620051360290392,0.009846864670596114,0.012125397340173054,0.10055374721183101,5.784923376002553,,,,,,deltaC0.2,FGO-B
32,27.697965612934674,23.69147681154323,14.348910257696264,124.12104679611032,0.017414832538042897,0.011777047720898964,0.012828777779186376,0.10027579575038648,6.984045932000299,,,,,,deltaC0.2,FGO-B
33,29.80676314844919,25.48837985806214,15.452689785240656,129.42224173237156,0.01660475803221175,0.010614273755190154,0.012769306244200671,0.10477210748403831,5.594360543000221,,,,,,deltaC0.2,FGO-B
34,27.57933671430692,21.85627996551863,16.820310332154587,133.25977805758586,0.015290545378375884,0.00916578077596876,0.01223884147846738,0.10412251409815404,7.011061993001931,,,,,,deltaC0.2,FGO-B
35,29.342896200113525,26.105257743610327,13.398547516440338,122.520186533582,0.01579357212529222,0.009928851385933591,0.012282297449290666,0.10614690240698776,5.455698418998509,,,,,,deltaC0.2,FGO-B
36,28.32866040263743,24.363272855148608,14.454893150540293,114.94719613222837,0.016125682401074495,0.011150776864835751,0.011648940218361818,0.09909574102290121,5.599048554999172,,,,,,deltaC0.2,FGO-B
37,30.366626929043942,25.574574854871532,16.372939627333558,129.07611570547652,0.016113568597918983,0.010728359478238478,0.012022869701761361,0.10401313973474761,5.443953026999225,,,,,,deltaC0.2,FGO-B
38,27.69917436569993,23.176766609407462,15.168445868792995,135.45809467129135,0.01571586359579449,0.010061175571200506,0.01207315678217991,0.10169862538234822,5.580101039002329,,,,,,deltaC0.2,FGO-B
39,26.79021458857758,19.12869365371251,18.756563565974815,132.78351615215578,0.016376800067675484,0.01017224748130875,0.012834522259734622,0.10892054003834242,5.437410321999778,,,,,,deltaC0.2,FGO-B
40,35.451529867489604,31.363326605038235,16.527332338015366,114.62210247862113,0.01673398771719361,0.011989697177434254,0.011673624394874616,0.1041036278240404,7.2695189229998505,,,,,,deltaC0.2,FGO-B
41,27.24204759725892,23.21064265800909,14.261669772278752,117.79439817837039,0.016745917234099874,0.011327802035485026,0.012333152275723529,0.10295241704417928,6.801382620000368,,,,,,deltaC0.2,FGO-B
42,27.622450912894173,21.13255538881082,17.788054901368245,147.52595160354548,0.015978545365465596,0.01011534721457666,0.012369060705033276,0.09962403248460017,5.5729538800005685,,,,,,deltaC0.2,FGO-B
43,27.186095845547985,21.963968138639874,16.02085862019055,115.6573759613184,0.015466929373924269,0.009812561869534381,0.011955732257562532,0.10109558243383987,5.907507494997844,,,,,,deltaC0.2,FGO-B
44,34.107290207573456,27.75529193755353,19.822992073973403,147.2881021296051,0.016390296004538746,0.01080860921339696,0.012321354227051065,0.10166950813552596,8.308365840999613,,,,,,deltaC0.2,FGO-B
45,33.406085144622786,27.864442130652307,18.426594624002444,114.21920646631949,0.017503648434519892,0.01260787061296735,0.012141635273963095,0.10488061179419914,5.43704154399893,,,,,,deltaC0.2,FGO-B
46,26.997476272742663,21.489234106296813,16.342476636730215,127.47133015912375,0.015027142637386543,0.008797991807030623,0.012182378914144093,0.09986817503628437,5.7480615740023495,,,,,,deltaC0.2,FGO-B
47,30.685584748299554,26.003304390191428,16.2921230088692,116.90713671322824,0.016222310876044203,0.010465404022244822,0.012395107454564638,0.10032527613875655,5.467811520000396,,,,,,deltaC0.2,FGO-B
48,31.214787087652578,25.827682367756648,17.52979624632741,132.65989193895888,0.015565354818787267,0.0104433326353024,0.011541970113597241,0.10068493412089952,7.139826157999778,,,,,,deltaC0.2,FGO-B
49,31.258127202174975,27.28394463943443,15.253094148389312,121.46201670985579,0.015267535771479131,0.009612927175041367,0.011861251184455463,0.10174151619289905,6.070195856998907,,,,,,deltaC0.2,FGO-B
50,34.90983237420033,30.03289610836533,17.796672378253753,125.27778122224046,0.016506355218773913,0.01105084533137963,0.012261263396170473,0.10112164505165783,7.270817892000196,,,,,,deltaC0.2,FGO-B
51,27.70760144087389,23.058662017412694,15.362593647332021,112.9847342020816,0.016285863744663977,0.010328397717004119,0.012591805212484219,0.10048490040198334,5.452052033000655,,,,,,deltaC0.2,FGO-B
52,26.173749586577976,20.384346528102487,16.417782555604973,136.1447797936287,0.01589375677907102,0.009916042955556906,0.012421094825168046,0.10714812427719264,5.7640251080010785,,,,,,deltaC0.2,FGO-B
53,28.38920174514387,22.52612130603904,17.27774969815495,102.1968304760863,0.014841146333005054,0.009299808082420542,0.011566036231475972,0.09881741232804757,5.618797684001038,,,,,,deltaC0.2,FGO-B
54,34.27980666801022,31.292542385445696,13.995782802374515,113.37344729386098,0.01658276432258722,0.011165979523878804,0.012260056029675838,0.1048342222369517,6.40113445300085,,,,,,deltaC0.2,FGO-B
55,25.70703460679286,22.106438959611424,13.120860672982541,99.36192661113306,0.015479372320077803,0.010205818741102183,0.01163839470233581,0.10015878402956048,7.301610968999739,,,,,,deltaC0.2,FGO-B
56,30.135129906662428,26.809112246646038,13.762178426330383,112.31566034590024,0.015933252392745702,0.010379778298755972,0.01208837186223237,0.10684744516025538,5.765438563001226,,,,,,deltaC0.2,FGO-B
57,30.337222210711193,25.3632575634047,16.644885617944713,132.07867551218717,0.016400603244436804,0.010756277022709457,0.01238072257148845,0.11175238057280712,5.755930903000262,,,,,,deltaC0.2,FGO-B
58,31.336032311656922,25.52372038496621,18.179290930816496,113.72261322156473,0.015316793960459962,0.00967258031000419,0.011876252244445721,0.10082680230741077,5.765791354999237,,,,,,deltaC0.2,FGO-B
59,29.981648727563,25.238123161827314,16.184449316903425,119.57668833734706,0.016255008641146346,0.010451633744546877,0.012449444083716807,0.10054839264807364,5.928217586999381,,,,,,deltaC0.2,FGO-B
60,34.042001860749686,28.09575945183752,19.222023606055842,133.78828688573822,0.016520027902569324,0.010885228930206119,0.01242670966260469,0.10030251500162701,5.477864083000895,,,,,,deltaC0.2,FGO-B
61,28.997341600012803,25.103166752180208,14.514711119414933,120.53262205843835,0.015485409906323683,0.009731812311159932,0.012045320631150658,0.10160748067800676,5.459685674999491,,,,,,deltaC0.2,FGO-B
62,28.052775298387953,23.76167491117676,14.911103492277109,116.97535883671571,0.015548111164008362,0.010093783049215613,0.011826212602677539,0.10465442652623863,6.814164952000283,,,,,,deltaC0.2,FGO-B
63,31.629477395707173,28.097862165668243,14.523566436817777,123.63600474032711,0.015617244683153354,0.009769367418208654,0.012184325658054485,0.09926237081363162,5.615998789002333,,,,,,deltaC0.2,FGO-B
64,35.61209259961378,30.006308264633347,19.17922322856855,127.60860719089408,0.016315833273158095,0.01067111659155154,0.012342353344763966,0.10549620590877799,6.700988316999428,,,,,,deltaC0.2,FGO-B
65,31.600339680347854,25.32608707374198,18.898962443652994,121.8371088206023,0.015494793970592691,0.009789568932364637,0.012010536220735385,0.09956532199669212,7.006696073000057,,,,,,deltaC0.2,FGO-B
66,33.46460706132961,28.735789033407872,17.150345605749973,124.25255741779083,0.016247811682355222,0.010915904584301618,0.012034716929438005,0.10787743251098156,5.618070911998075,,,,,,deltaC0.2,FGO-B
67,27.54099445090294,23.84032468211019,13.789318126587494,105.41255505429434,0.015458087828227067,0.010068477217495004,0.011729375338267845,0.0990862691308654,5.6325099210007465,,,,,,deltaC0.2,FGO-B
68,32.60463040950987,28.224014071591945,16.323815541328425,128.6119609376489,0.01621400937105237,0.010728703422778907,0.012156850856641546,0.10063734920178428,5.612765466998098,,,,,,deltaC0.2,FGO-B
69,28.265697816697262,23.253718134387846,16.06904682895928,129.94497697862712,0.015757025821484492,0.010049996534950981,0.012135956179321115,0.10543652143454388,5.755993265000143,,,,,,deltaC0.2,FGO-B
70,29.9172990774609,25.41225221205966,15.788040461086736,110.92651172246639,0.01646001744584793,0.010890322633325216,0.012342327465259652,0.09958316083149858,7.597252887997456,,,,,,deltaC0.2,FGO-B
71,33.796293990527694,30.21709807676911,15.136593781729594,99.79147677380026,0.016579092792401738,0.011160608131173786,0.012259981401349878,0.10117470945067075,9.72842290799963,,,,,,deltaC0.2,FGO-B
72,28.88179263916113,23.991118122350677,16.080553388827106,126.68433789512338,0.016184586045879006,0.010525738959490966,0.012294293181517816,0.10303602848335552,7.112262787999498,,,,,,deltaC0.2,FGO-B
73,27.720771957346813,24.198148106355568,13.523713474268291,118.43375700866163,0.014957773166158995,0.00900243133697466,0.011945342528086949,0.10321718882422509,5.613547076998657,,,,,,deltaC0.2,FGO-B
74,34.17217724141183,29.609587161693504,17.059016546464218,121.41590062371286,0.017031686174467636,0.012175762839068969,0.011909203719489355,0.09925275712305781,5.453437012001814,,,,,,deltaC0.2,FGO-B
75,32.973965265914835,27.892804120164442,17.58618388599117,142.81961474151245,0.01635796514384957,0.010459415892082047,0.012577107888694403,0.09983511620556247,7.9048159859994485,,,,,,deltaC0.2,FGO-B
76,25.77439086906548,21.77875196606167,13.784236920197323,119.7190130448562,0.014988660568230555,0.008637119356916724,0.012249902646307192,0.10403022946156483,5.453910370000813,,,,,,deltaC0.2,FGO-B
77,34.81635823324687,29.16812744839224,19.010500829281813,134.72290524224036,0.01648321493101607,0.01095645602988926,0.012314724752391926,0.10567084916680736,5.9086072409991175,,,,,,deltaC0.2,FGO-B
78,32.43295011512448,25.926159522570583,19.48667507761074,145.02014451147113,0.016333218017961785,0.010185279592371595,0.012768480349966877,0.10309187290505485,5.757021736997558,,,,,,deltaC0.2,FGO-B
79,29.34193258593068,24.720786545300452,15.806065938714564,124.9230428761312,0.016219343951380215,0.010600232540252831,0.012276081960696537,0.09928932186785329,7.183151474000624,,,,,,deltaC0.2,FGO-B
80,27.9511264505613,23.865134824137996,14.5506291850553,119.36787834197213,0.01636872592562616,0.010682610076574308,0.012402299398907404,0.10014254092199902,6.836473328003194,,,,,,deltaC0.2,FGO-B
81,23.470197601015393,19.402704729542616,13.205499786410707,119.4670882543769,0.015242823045221326,0.00925887051614366,0.012108549506576584,0.10318310555787567,5.6198371020000195,,,,,,deltaC0.2,FGO-B
82,31.68152909911332,28.51157297466679,13.81338092460402,101.66735576134064,0.016296873585722165,0.010882174141597646,0.012131214886438717,0.10409525959087043,5.470093978998193,,,,,,deltaC0.2,FGO-B
83,23.975833556796196,20.3824280524494,12.62526124204637,112.55056927638714,0.01494534193439825,0.009020848680462936,0.01191585224061934,0.1000020328850627,5.612282382997364,,,,,,deltaC0.2,FGO-B
84,31.930640590493446,27.72124430624033,15.846085404067653,102.55850012952467,0.016398047063890635,0.011183529018312058,0.011992690532409499,0.10749787268078288,5.925556920999952,,,,,,deltaC0.2,FGO-B
85,30.20817938729667,25.619764493942135,16.005054488193327,122.3937010055372,0.01614553203856504,0.010620401502215562,0.012160809049568523,0.10117417254859236,7.284810813998774,,,,,,deltaC0.2,FGO-B
86,30.902116233386817,25.92815086194388,16.812845701487532,129.24443262185787,0.016116990511601797,0.010320833313097643,0.012378924948246363,0.10578949072427987,5.470990260997496,,,,,,deltaC0.2,FGO-B
87,29.356448248892477,25.86175969906349,13.89138002711745,107.1576287171829,0.015101539191014621,0.009295496838970851,0.01190168998312565,0.10200399044530996,5.46625344000131,,,,,,deltaC0.2,FGO-B
88,23.871243467727137,20.70954638955034,11.87227665759891,120.08625173492709,0.015834739808947874,0.009914948054267531,0.012346367477855787,0.10439277010890617,5.474313197999436,,,,,,deltaC0.2,FGO-B
89,30.192817470286847,26.185087646315623,15.031547217396737,115.02012520464613,0.016059052276676578,0.01086377592029042,0.011826729589313746,0.0996520322017725,7.762412919000781,,,,,,deltaC0.2,FGO-B
90,27.05338081393026,23.423873327303863,13.53541915900474,109.5683742502252,0.015561570742869065,0.010319948610654365,0.011647366425882358,0.10371236268756644,5.907378555999458,,,,,,deltaC0.2,FGO-B
91,25.47231530751283,21.85831254966245,13.078723928832716,123.98886111693801,0.016042580189679186,0.010453603997044193,0.012169081420356623,0.10841891026720922,6.379117284999666,,,,,,deltaC0.2,FGO-B
92,27.065445731030092,23.284769592278312,13.797023507041157,103.71214334800501,0.015496976829977633,0.009814881122701312,0.011992681077061338,0.10628509083281429,8.343201452997164,,,,,,deltaC0.2,FGO-B
93,33.24071062292748,25.386489677884747,21.458587664425984,141.43775227098115,0.01595331934525276,0.009862127308563026,0.012539810328761412,0.10393737251491336,5.61291760200038,,,,,,deltaC0.2,FGO-B
94,27.242742862275502,23.154598628963967,14.35380092489939,119.59793690284495,0.014828669196273691,0.00924802653281308,0.011591524290657447,0.1030215372618678,7.594681080001465,,,,,,deltaC0.2,FGO-B
95,26.958957261060213,23.03394695232794,14.007950042779761,119.816118005056,0.015583373453824994,0.009643750563283109,0.012240898793575341,0.10233197701472044,7.12429428300311,,,,,,deltaC0.2,FGO-B
96,31.44034787440919,28.236771615313817,13.826792947335056,133.13466897330542,0.016577656470838704,0.011681725442937135,0.011762482082493286,0.09938855728048306,5.7518029940001725,,,,,,deltaC0.2,FGO-B
97,35.181588857689654,29.24737405111986,19.553396269328598,131.22268656481998,0.01571145865825692,0.010098227709430233,0.012036433454250962,0.10021459308754305,5.7632982219984115,,,,,,deltaC0.2,FGO-B
98,25.207024668210252,21.811872197455703,12.634726901109465,97.38728907246556,0.01425970319215861,0.008317107128250976,0.011582955760325395,0.10404745390124868,7.311812749001547,,,,,,deltaC0.2,FGO-B
99,24.140179610116206,20.796647353227456,12.257558095892001,96.27255598740166,0.015538146134512097,0.010141881053836403,0.01177184072213379,0.10391690985341664,5.919928863000678,,,,,,deltaC0.2,FGO-B
100,31.14428783843118,26.590803314884393,16.214063156167402,132.82584889506447,0.01608855239706765,0.009963422808723556,0.012632170208154984,0.09936149856531132,6.057219395999709,,,,,,deltaC0.2,FGO-B
101,26.15300782063328,22.935456160293203,12.567603939708395,115.00504053202788,0.015482060874768512,0.010069457813926312,0.01176011174537029,0.10242889623928444,5.785517804000847,,,,,,deltaC0.2,FGO-B
102,28.286826031422816,23.81291100209241,15.267278622544545,140.32218490743293,0.016300774694590108,0.01022008870151557,0.012699017386276112,0.10492714241057047,5.4709531080006855,,,,,,deltaC0.2,FGO-B
103,29.2041256524978,24.235227390289833,16.295235759811078,137.1362497993283,0.015494065712700325,0.00976062085975793,0.012033135615521592,0.1048606547591023,6.663930340997467,,,,,,deltaC0.2,FGO-B
104,28.26919290898925,24.521919064830897,14.064947675108181,128.8234532705913,0.016141179807899447,0.010157384134799207,0.01254453000829725,0.10288110247149444,5.634599315002561,,,,,,deltaC0.2,FGO-B
105,23.647235455170804,19.390154701775625,13.535643513091486,122.32859309072315,0.014807980480979373,0.008938147150907513,0.011806176833920032,0.10245804090896812,5.942074251001031,,,,,,deltaC0.2,FGO-B
106,29.379809691675646,25.08001612851364,15.302483736719793,99.92177585578742,0.01588541260666297,0.010628292206431975,0.01180617374336936,0.10242388309661637,5.4729014549993735,,,,,,deltaC0.2,FGO-B
107,26.77345087869859,21.483154060637453,15.977852282487872,131.6031489433839,0.016190706200682425,0.01056068596462799,0.012272362414520099,0.10163867261597298,5.92747988499832,,,,,,deltaC0.2,FGO-B
108,32.18125546214919,27.15625824618004,17.267624074749996,120.44225326651626,0.016104112003226752,0.010645408956989247,0.012083778033004627,0.09997129230456704,7.275062663000426,,,,,,deltaC0.2,FGO-B
109,27.742287680665427,23.4190049710014,14.872280656476748,126.82256957114264,0.016248554808939126,0.01039089289204155,0.01249179243684505,0.10738332579570238,5.931897413000115,,,,,,deltaC0.2,FGO-B
110,31.145647862788078,27.020702042440185,15.489772171548047,147.55406371311062,0.016484748701292868,0.010955560133319739,0.01231757451408321,0.09981152293965868,6.415080245002173,,,,,,deltaC0.2,FGO-B
111,31.297832273930872,27.337813927794066,15.23805219496303,98.33729683647817,0.01603036090508966,0.010686138723645202,0.011949012926867116,0.10850313082767463,5.765235629001836,,,,,,deltaC0.2,FGO-B
112,29.72488789174275,26.62735793102323,13.211842028644194,124.02177957921307,0.01603709751971729,0.010297528925627221,0.012294283016215025,0.09972509497859837,6.362605029000406,,,,,,deltaC0.2,FGO-B
113,30.8751876368687,24.451453351720854,18.852152147711642,135.68860767982588,0.01591261878122676,0.009865296767657074,0.012485485820051436,0.10932663438169153,5.775496136000584,,,,,,deltaC0.2,FGO-B
114,25.19544774209386,20.22088991728814,15.030841555864306,114.86050668861495,0.015775148818656083,0.010050098842155833,0.012159392810237047,0.10203853713191254,8.35668714699932,,,,,,deltaC0.2,FGO-B
115,30.0854692336584,25.08770113346856,16.605502426821257,114.52496161171432,0.016751627513255665,0.0110452123486361,0.012594455467244338,0.10574500796597831,5.754106288997718,,,,,,deltaC0.2,FGO-B
116,28.824481837532876,22.81105659337141,17.621193214316374,134.26392573172356,0.016094860332145647,0.010169086426571446,0.012475344097867436,0.10308958997059799,5.4507144240014895,,,,,,deltaC0.2,FGO-B
117,36.36236709253279,28.89458008969922,22.075438433065585,126.43362846224844,0.016241594114744087,0.010632429474086725,0.012277655430360543,0.09883755577161955,5.458103059001587,,,,,,deltaC0.2,FGO-B
118,32.45072994066606,24.277942520668333,21.532101166517982,150.45060798734633,0.015955099492566262,0.009846555481248069,0.012554303842602817,0.10073765359286754,5.916318482999486,,,,,,deltaC0.2,FGO-B
119,33.87669193739707,27.012876214083743,20.44345311496794,131.43451856849117,0.017197484499200492,0.01149923534247294,0.01278753532306607,0.10816516011506605,7.742752903999644,,,,,,deltaC0.2,FGO-B
120,29.41706552749392,23.372802596972804,17.862694170024085,153.8086599047397,0.015591707330824425,0.01005812060310001,0.011913670610839432,0.09993889684263373,8.33300314400185,,,,,,deltaC0.2,FGO-B
121,26.034063616922964,21.885606009151125,14.099387150589205,130.66035958061263,0.015315116266504863,0.009767960452319532,0.011795750711950615,0.10045092885632555,7.614400866001233,,,,,,deltaC0.2,FGO-B
122,24.786856324950065,21.551594656306662,12.24406036590685,116.18300874796498,0.015579606569230207,0.009767319655557423,0.01213769366882204,0.10583872358986166,6.568617622000602,,,,,,deltaC0.2,FGO-B
123,31.91566198441479,28.695346401570852,13.970918895952202,118.19690420300189,0.01705859644115987,0.011490192788978426,0.012608377461611005,0.10573602915669401,7.160702423996554,,,,,,deltaC0.2,FGO-B
124,34.61688047514226,29.52582398013813,18.0708088397887,142.4854478592623,0.016391574368711765,0.0109596620659639,0.0121889096183736,0.10220669559385162,5.489299209999444,,,,,,deltaC0.2,FGO-B
125,28.496230329569453,23.28809135323365,16.422543777360378,156.89562060030832,0.015943143646325212,0.010028216851752281,0.012394300952518119,0.10119886273784288,8.384536065997963,,,,,,deltaC0.2,FGO-B
126,27.270466716695292,22.77739393498934,14.995622043673158,123.32206076582492,0.015491451352202758,0.009415921054813902,0.012301442829488614,0.0992107555409011,7.337848936000228,,,,,,deltaC0.2,FGO-B
127,34.4463201888059,28.54735349004743,19.276866531260048,141.151181729337,0.01773054264894312,0.012663375578456114,0.012410119321946595,0.10398029810576322,8.366956105997815,,,,,,deltaC0.2,FGO-B
128,27.252241088179346,23.979816015293167,12.948091295667474,106.54774810759825,0.015624583006974158,0.009841755373367962,0.01213537989980571,0.10256276100873721,6.082093390999944,,,,,,deltaC0.2,FGO-B
129,27.3810870900565,22.606072073211212,15.44957719984721,126.47185218485386,0.0152060610442935,0.010171008337953964,0.01130375521108146,0.10082514576287874,7.941449565001676,,,,,,deltaC0.2,FGO-B
130,29.43660521271961,24.954328866810272,15.61394239955402,104.46368301389697,0.016044478261748193,0.010674815299886013,0.011978046627268979,0.10186279349108732,5.640413750999869,,,,,,deltaC0.2,FGO-B
131,32.52068198740681,26.418219520323724,18.96503188244175,149.58052470316653,0.01651159917465592,0.011037313081776027,0.012280497841673762,0.10311169800145648,5.464038856000116,,,,,,deltaC0.2,FGO-B
132,26.179960097607328,22.060050397029993,14.09767665939352,114.18976207262475,0.015398148623960734,0.009963883741401293,0.011739846755108127,0.10059643938085563,5.442229835000035,,,,,,deltaC0.2,FGO-B
133,31.568781350368095,24.81228017371584,19.5176512041889,115.55195142748363,0.016292105330542803,0.010882565888489402,0.012124456927392174,0.10855928538868469,6.396040452997113,,,,,,deltaC0.2,FGO-B
134,30.07923314567398,26.30193064162474,14.59344754178991,104.07429555948069,0.016971526170970943,0.011943751410180916,0.012057342278618162,0.10419526622047828,7.313239228999009,,,,,,deltaC0.2,FGO-B
135,31.43744854269575,24.97485829623735,19.093706396546153,119.49390485100659,0.016475997126395206,0.010285103396192,0.012871485129487695,0.10052663181164663,7.190063726997323,,,,,,deltaC0.2,FGO-B
136,26.506058335244198,21.93212029192003,14.884664187415108,129.92096970953023,0.015538564966562926,0.00995578066825541,0.011930189961006013,0.10980784297059547,5.604239131000213,,,,,,deltaC0.2,FGO-B
137,35.79025258680314,30.29259173604605,19.06045818285603,127.28889934498883,0.01674854164528529,0.01159202848079919,0.012088776734814656,0.10570087763592532,5.617901557998266,,,,,,deltaC0.2,FGO-B
138,32.70843350579284,29.365096683456176,14.405995945235539,118.22128431391022,0.017534655209191324,0.012578873572692831,0.012216221713256122,0.1006721837329412,7.431655487998796,,,,,,deltaC0.2,FGO-B
139,25.636999167932107,21.626639542730086,13.767504800267002,122.78772422559936,0.015613522646307618,0.009882395862102574,0.012088024712559896,0.10220178271607555,5.633804680001049,,,,,,deltaC0.2,FGO-B
140,29.98559772662024,25.0948549566322,16.41293166159797,100.15549409409206,0.015582529647528395,0.010696780398649144,0.011331112889702268,0.10150867088635672,7.305927666999196,,,,,,deltaC0.2,FGO-B
141,25.703014517074354,21.23588656393093,14.48040320946875,115.77858429948415,0.015323899621382883,0.009768035232022519,0.011807090552383565,0.09882804657555422,8.5601255449983,,,,,,deltaC0.2,FGO-B
142,30.553686682596297,27.121596921587628,14.069355007291218,119.43075284333293,0.016383012833576585,0.010817757443773668,0.012303626838977786,0.10380344428088785,7.617390841998713,,,,,,deltaC0.2,FGO-B
143,25.267676948909543,19.391273706355154,16.199814889055805,151.69249782545182,0.01621268390955591,0.009715603961734142,0.012979143238669832,0.0998302651074868,5.94665150000219,,,,,,deltaC0.2,FGO-B
144,30.665443466603946,25.73068281013457,16.682367491687984,126.75042551719355,0.015777978151875933,0.009550926534393126,0.012558837402231928,0.10161012725724505,7.006860231998871,,,,,,deltaC0.2,FGO-B
145,26.467772903689777,22.06475048479996,14.618132183176296,131.1127155106634,0.016040369439634036,0.009938043402833047,0.012590819873358208,0.10183287998524038,7.152857181001309,,,,,,deltaC0.2,FGO-B
146,26.174291879944445,22.6416607659312,13.131974458436074,90.23402174873462,0.014963326517686285,0.00916334535267845,0.011829380475005438,0.1009162636127229,5.7639138079975965,,,,,,deltaC0.2,FGO-B
147,33.07226358518877,27.91246468032243,17.738910172779956,119.36849285195662,0.016516298846790463,0.010735153622913577,0.01255167734961895,0.1030560469693631,5.476775650000491,,,,,,deltaC0.2,FGO-B
148,31.54665187143895,26.651852158027747,16.878092926761433,118.65618856418169,0.01692463303556275,0.011337321225145611,0.012566158952771715,0.10055138492450866,5.63832491499852,,,,,,deltaC0.2,FGO-B
149,29.52625591002213,24.870767256986127,15.913664697766619,130.25422339498888,0.01644189892368514,0.01063237206332036,0.012541479359461677,0.10557429120672883,5.625188211000932,,,,,,deltaC0.2,FGO-B
150,30.793549824939305,26.20976027791461,16.16450361116198,142.8125631787823,0.01544387661323715,0.009122057553911588,0.012461997866635108,0.10384277596992257,6.369535099998757,,,,,,deltaC0.2,FGO-B
151,29.24906562404781,24.39618475454335,16.134869361170615,116.23651512903406,0.01658054114629915,0.010839371180214422,0.012546807447381035,0.10527088027108872,5.621506919997046,,,,,,deltaC0.2,FGO-B
152,24.23878370377541,19.63462927256902,14.212669304785228,126.12593834521168,0.015657028868261195,0.009548616421277387,0.012408322909276508,0.09906028072128913,6.8331710640013625,,,,,,deltaC0.2,FGO-B
153,29.790936834667495,25.52119488882751,15.367775666427237,132.42128317501047,0.015951682581791176,0.01010196818316908,0.012345299349001613,0.1070564585826715,6.811991901999136,,,,,,deltaC0.2,FGO-B
154,39.75483435513215,32.648249232015935,22.683444991626963,135.75411654414953,0.016018486041090896,0.011054778266546687,0.011592401499521614,0.09977876390427548,8.312660747000336,,,,,,deltaC0.2,FGO-B
155,24.66099795370559,21.57719680563069,11.941080272896249,99.78612416273941,0.015084138393919323,0.009410368348653267,0.011788816676391901,0.10237371340454883,6.690388080001867,,,,,,deltaC0.2,FGO-B
156,26.427420830938072,23.23346224796263,12.59423692599098,116.47678169646362,0.0147567008080161,0.008896518493898962,0.011773367293387935,0.10193673392666726,8.219148203999794,,,,,,deltaC0.2,FGO-B
157,26.482017448613053,20.733200728035968,16.475182418401776,111.94350761496582,0.01599088583351285,0.009697223672875835,0.012715041595632259,0.11144517742651258,7.003249807999964,,,,,,deltaC0.2,FGO-B
158,27.75691744886239,22.56615122053259,16.162155962464194,130.02375038753019,0.015488001774161457,0.009635776999152518,0.012125592792891887,0.1022563108872392,5.469409581000946,,,,,,deltaC0.2,FGO-B
159,25.570335900843393,22.38129237078472,12.366075767817941,120.24227497860059,0.01481810426820843,0.009261875937884259,0.011566929939043352,0.10314434253408669,5.4854624409999815,,,,,,deltaC0.2,FGO-B
160,29.687595263045747,26.014395192425752,14.30400486838256,105.9183730840279,0.015938996952492682,0.010632131704266473,0.011874737861304677,0.0993775369004912,5.4646036670019384,,,,,,deltaC0.2,FGO-B
161,30.950218283653616,24.610808973574148,18.76763420018753,146.34968868058382,0.015322544492591945,0.009010377588656549,0.0123932830774293,0.1005264614073431,7.436786353999196,,,,,,deltaC0.2,FGO-B
162,33.297702644271205,28.286319226437783,17.567616400820054,138.50123215826375,0.01603195089412786,0.009688158078907093,0.012773528976357099,0.10290715557811708,6.664458331997594,,,,,,deltaC0.2,FGO-B
163,29.35459099489874,25.338253354796592,14.821097442697333,133.25982355474548,0.01640278895097722,0.011194037103935068,0.011989371071329193,0.09907366097718946,5.617647475999547,,,,,,deltaC0.2,FGO-B
164,28.10005231992525,24.303307427840352,14.105395721156379,116.9723532131628,0.015496697677489334,0.009664067080977324,0.012114183685328277,0.10035029514947857,5.623566991998814,,,,,,deltaC0.2,FGO-B
165,28.25199624633798,24.08480137741657,14.768129011946236,111.83666579879666,0.015992509956044697,0.010362105741746648,0.012181425995795808,0.10369152811650936,7.28794774799826,,,,,,deltaC0.2,FGO-B
166,23.10322535164915,19.524407271922428,12.351378155055679,101.45020185798558,0.014806765419541458,0.008816807599606987,0.01189555404093652,0.10442442419889977,6.711007085999881,,,,,,deltaC0.2,FGO-B
167,30.743022137802345,26.442646977390666,15.681831238554302,121.80775513429373,0.016490885851259556,0.010915453225198943,0.012361318580465701,0.10386343052104402,5.758526183999493,,,,,,deltaC0.2,FGO-B
168,30.516294774178384,26.08868190918132,15.83113776663264,136.16900075847838,0.016957220660990344,0.011404947094394852,0.012548884983119906,0.10773292506595887,6.388110373998643,,,,,,deltaC0.2,FGO-B
169,25.162334384921042,20.7306102814392,14.261306709333024,118.55499598305707,0.015439432203791466,0.009579189016350312,0.012108476558366315,0.10072906863830677,5.637612030997843,,,,,,deltaC0.2,FGO-B
170,30.353531217031584,24.815849008531856,17.47885852477385,120.9633000255811,0.016634710975238453,0.01045574821944362,0.012937965002322435,0.10868270860146374,7.303192473002127,,,,,,deltaC0.2,FGO-B
171,26.803288993122607,23.14187862125269,13.522934397831532,134.3754545674108,0.01563299435797018,0.009573390634943892,0.012358831026723197,0.10639740777618559,6.114490325999213,,,,,,deltaC0.2,FGO-B
172,22.61967104289011,18.12950423815431,13.52666234395264,121.20049428652572,0.015596897532459127,0.009760989089402764,0.012164962171523172,0.10079564490529198,5.477200288998574,,,,,,deltaC0.2,FGO-B
173,34.04708689349861,27.409932944251146,20.19652697681213,101.62062662579174,0.01639861922222503,0.011274478786936498,0.011908015807784566,0.10042892943189133,6.082146846998512,,,,,,deltaC0.2,FGO-B
174,25.083866819906728,20.38284337273548,14.61985193773695,128.1040128290494,0.016022565618851452,0.009798161815149106,0.01267748532062075,0.10303326570563653,5.623390164000739,,,,,,deltaC0.2,FGO-B
175,31.502984813061516,24.710348692999435,19.540642763286108,147.13457469386333,0.016896808333234196,0.010853320491788731,0.012950195602869145,0.09907757995966929,5.647671407001326,,,,,,deltaC0.2,FGO-B
176,27.822395317493285,23.94204841004401,14.172649686420023,129.83948097841696,0.01647977200544435,0.010786479255815919,0.012459323842620036,0.09929124993550778,5.947425289999956,,,,,,deltaC0.2,FGO-B
177,29.392491431737476,24.62656619594173,16.045273134529708,128.42052591996526,0.015990634819963514,0.01044967108359568,0.012103915737896306,0.10829110917953304,8.074624400000175,,,,,,deltaC0.2,FGO-B
178,29.227258742664688,23.364722416807883,17.559111594730087,119.05681021016203,0.016190126890601883,0.01037604905847672,0.012428105835962076,0.0988473646654245,5.469280638000782,,,,,,deltaC0.2,FGO-B
179,28.689241276758604,23.5517626743008,16.38252239337646,119.02348138741922,0.016605866093139902,0.011229205389226825,0.012233549567883103,0.10005508425800465,5.486884106001526,,,,,,deltaC0.2,FGO-B
180,26.269984248380958,22.651376443857863,13.305157556708023,129.05037009364224,0.015810420890602653,0.009749936945639779,0.012446209796321663,0.10017235477430494,5.6287730670010205,,,,,,deltaC0.2,FGO-B
181,31.525286865902753,25.51123266932095,18.520818547494926,121.52240356480259,0.015408090715892256,0.01032223611589808,0.011439436221982903,0.10380221546892822,5.47076028200172,,,,,,deltaC0.2,FGO-B
182,34.88916650014107,28.20730325642342,20.53294869410458,120.22103350818274,0.015884649479262058,0.010399669863132463,0.012007037761949228,0.10045766592165982,5.466717257997516,,,,,,deltaC0.2,FGO-B
183,35.48084228513346,28.1718739435518,21.569322839884002,149.3262799728534,0.016064359155038243,0.01056354122951604,0.01210269522686479,0.10116551311311184,6.7157954209978925,,,,,,deltaC0.2,FGO-B
184,30.723502565552096,25.506608425219884,17.12736221774936,128.4586546024301,0.014791844907228478,0.00884441886020886,0.011856429934203756,0.10415039942988588,5.63495477500328,,,,,,deltaC0.2,FGO-B
185,24.254872843318278,21.1675567509018,11.842018317959575,111.8237336099207,0.01556215445052344,0.010199388969478262,0.011753855358614536,0.10099340832072472,5.648604983998666,,,,,,deltaC0.2,FGO-B
186,27.764923593958144,24.101837492003447,13.783773492313003,110.71804777669477,0.015342368288812684,0.009864700102283165,0.011750572607391504,0.10207794738532854,5.6410264119986095,,,,,,deltaC0.2,FGO-B
187,28.906228417473276,24.455545122946248,15.410916717141763,146.7699779242958,0.01607795628721162,0.010025287636376412,0.012569577804421509,0.09967435130645382,5.484668171000521,,,,,,deltaC0.2,FGO-B
188,27.965589230196144,22.507070057706837,16.598372763904873,138.85152758343813,0.015617107226655885,0.010175191373444503,0.011847342260720253,0.10164156021854641,5.624341818001994,,,,,,deltaC0.2,FGO-B
189,24.896315038190494,19.876502821684415,14.991702306956393,130.07889240719896,0.016095957391008085,0.009887346037967237,0.01270119020637993,0.10417472567040713,5.7817355369988945,,,,,,deltaC0.2,FGO-B
190,29.30659630674108,24.065369328057148,16.725267895926102,134.52803834066063,0.017316802712528154,0.012145605391034516,0.012343254265788082,0.10563425852293723,7.593477710001025,,,,,,deltaC0.2,FGO-B
191,23.907027845576604,19.68422878111447,13.567502264673475,109.56019437228899,0.015374428385265709,0.009750600609436178,0.01188691868942186,0.1026778836833572,6.100215684000432,,,,,,deltaC0.2,FGO-B
192,30.174604306220086,22.89121518232198,19.65957813671463,133.80719388023283,0.015619356731084773,0.009863776136900062,0.012110748325929495,0.10483731399643811,6.585436083001696,,,,,,deltaC0.2,FGO-B
193,31.785038333815862,25.622420099994326,18.80904702800093,125.92259817049671,0.016310622856487093,0.010449163200268542,0.01252403315153361,0.10344448929114758,5.904581679998955,,,,,,deltaC0.2,FGO-B
194,33.44091597994831,28.82415656273903,16.954729724317943,130.94448177918082,0.017088511360187915,0.011344817120896168,0.01277937185469977,0.11035694123932012,5.450570155000605,,,,,,deltaC0.2,FGO-B
195,26.485844615284805,22.429063328217453,14.086769793100986,101.71638098079265,0.016062727559183115,0.011194581881165224,0.01151922537093654,0.10617394479753933,8.013361067001824,,,,,,deltaC0.2,FGO-B
196,24.812970774394334,21.147214935110973,12.97993910383121,108.5278584043937,0.015631421725045943,0.010196994768856693,0.011847474111815883,0.10404000073250347,5.444342309001513,,,,,,deltaC0.2,FGO-B
197,25.5341982094945,21.382038464936066,13.957209939158567,106.18763973148926,0.015107475177730733,0.009739396713128729,0.011549024110722414,0.09973311848682735,7.465265386999818,,,,,,deltaC0.2,FGO-B
198,32.39951406178213,27.973680346871582,16.346305983024678,119.08334609138434,0.01614222904369517,0.010574048170212616,0.012196764480514459,0.102651915613008,7.410040770002524,,,,,,deltaC0.2,FGO-B
199,30.652639940693707,25.960429224883708,16.298479984146223,103.11876444437857,0.016180224097635792,0.010475696393612233,0.01233123825568923,0.10193091450214707,6.079121219001536,,,,,,deltaC0.2,FGO-B
200,35.09577933442471,29.42596578404118,19.12658528768453,138.94757786936262,0.017164672434305788,0.011467810414443256,0.012771660192606275,0.0991334904019025,7.1294242209987715,,,,,,deltaC0.2,FGO-B
1,37.876826024607695,32.48568676556035,19.476501355949317,83.22353127916695,0.016827297713207668,0.011477354612233256,0.012305619831360472,0.19358791569095737,33.140147781999985,0.003968690502413433,0.023201912275741157,-0.0004253128996882516,0.02354272984634059,-369.99045316458796,deltaC0.2,FGO-G
2,28.10583319093168,25.78106827157343,11.192603724466725,62.41886100789238,0.009305968409696079,0.007626213670473529,0.005333096014000127,0.1780543683911835,11.790633381999214,-0.00026648168052675994,0.006814814504229177,0.011639057542364273,0.013490009995829335,-31.63122309964274,deltaC0.2,FGO-G
3,22.808347010194087,19.747432125302396,11.413133565940793,66.56089164870352,0.011812014771436504,0.0071108656357833375,0.00943182288163162,0.1841633479405448,33.444874999000604,0.00029388669444814876,-0.004787895973700124,-0.012963183908608594,0.013822244907848953,-234.64917517303002,deltaC0.2,FGO-G
4,21.184694398067826,18.00323126931165,11.165793326190737,48.27384916495814,0.01075252933219362,0.007467784676144245,0.00773621865451264,0.1965557469918482,11.612944181000785,0.003919805187185021,-0.011674254057242891,0.004857238606630038,0.013238045451662116,176.06091989465313,deltaC0.2,FGO-G
5,33.16005587566459,30.401950694256143,13.240494690955327,62.403180705683255,0.011059692186778547,0.009166029688516996,0.006188755207270318,0.19821829066028265,19.168931909000094,0.005174116242608794,0.016425598808359056,-0.002585966830135039,0.0174143331641425,114.51639689158037,deltaC0.2,FGO-G
6,28.651803759696136,25.29405088917454,13.45870901312553,57.25608470258882,0.013160044506782903,0.008109046636011865,0.010364850894995625,0.18969498025649184,8.144005402999028,0.00020803089083184056,0.010912414393913475,-0.0009735966890573877,0.010957734951575248,340.308253644851,deltaC0.2,FGO-G
7,26.104973479748043,22.99035717379144,12.365804357171632,69.31752286374468,0.009225534034275439,0.008205972807677932,0.004215742935382187,0.09649771797553595,7.983852723002201,-0.012248347919902848,0.01712334325046299,0.003123759889276656,0.02128353322843786,1.6686737115287542,deltaC0.2,FGO-G
8,21.42040313104577,18.54037659383248,10.727912474260043,74.23720840523988,0.010728726421068124,0.007553706837619327,0.007618863670484482,0.20017882878978785,9.761602935002884,0.0014642311306701612,0.031010185188531585,-0.003940836950286741,0.0312938612846001,-98.94628376780202,deltaC0.2,FGO-G
9,115.83040218858187,103.97484379917901,51.04815303323865,205.86827834466476,0.017083786130326965,0.013400155085294964,0.010596772727429588,0.20232420134408097,105.09748149599909,-0.001259880416219097,-0.0012405334728608761,0.009204150218866447,0.00937243848803074,-270.59770333357665,deltaC0.2,FGO-G
10,26.729158677170513,23.380736236875013,12.953343066986196,58.94168491821554,0.012151243228745659,0.008472491948254036,0.008710315275057943,0.20699199420737774,7.826974314000836,-0.008814905955151327,0.016624814217605224,0.017703775354455886,0.025836227986474548,-138.58984926939593,deltaC0.2,FGO-G
11,31.11916194593158,25.843969600889352,17.334689944888638,68.09240433215673,0.009254996229291178,0.008378720582306728,0.003930902772624058,0.0526108548994118,22.4530522999994,0.005463770824810874,-0.004273116165546506,0.01002920609108629,0.012194149753377301,19.424609211819188,deltaC0.2,FGO-G
12,27.455847599704505,24.30062096462601,12.779021408221302,68.38633577923761,0.01137978237853524,0.009172187829440287,0.006735756631907705,0.18856388470647828,9.447475355998904,0.011961703047289945,0.015649236613405143,0.001715037562800864,0.0197717551121721,121.86639625603857,deltaC0.2,FGO-G
13,23.901162725853997,20.546402809778407,12.211097871448024,49.953439491794335,0.010223400292542326,0.007528510875008279,0.006916605926784944,0.19219233161829824,9.65860813999825,0.023110366420350064,0.01461514023437817,-0.010850463106472502,0.029418088139413552,139.3332301104365,deltaC0.2,FGO-G
14,21.358377580574547,18.156168930613838,11.248725378344083,49.29892415869618,0.010391888441701911,0.007991927691670817,0.006642321669106591,0.1912855863064573,11.878431736000493,-0.0052615069236853175,-0.01622167350809356,-0.005175895639500161,0.01782178560588612,-87.45929946656906,deltaC0.2,FGO-G
15,22.6151374368428,20.381118991259143,9.800736194359319,46.88170201506515,0.008901721135702438,0.006581676469324429,0.005993510993645764,0.1981623485560536,17.42311786800201,-0.0005820470814663274,0.0007392226019782399,0.005820328488706783,0.005895884376136521,-63.563246341325794,deltaC0.2,FGO-G
16,24.054573166319983,22.21129683519267,9.23475950487079,50.84409244715634,0.012324064545035627,0.008392372387526945,0.009025001530153854,0.1887658577566467,9.449390288998984,0.007566320984555764,-0.014454085998454594,-0.011515132496793479,0.019969178543714793,-190.77077273179566,deltaC0.2,FGO-G
17,32.878675113418275,28.7904555557704,15.87819089521598,93.24029502496165,0.012024106470251188,0.00818575368467276,0.008807529336982242,0.20154764593478708,9.115744307997375,0.0004264582814821963,0.018169446636946866,0.0006354037033057536,0.018185554586673435,-154.93130069337894,deltaC0.2,FGO-G
18,18.79893507128756,16.688341204635528,8.654433987971103,36.020910644966094,0.008632260989209842,0.006848426047344233,0.005254996713594703,0.18458972541594593,11.231936916999985,-0.0019484041289858547,0.0007588322428450523,-0.0014973811076268995,0.0025718194345848502,108.98881906851966,deltaC0.2,FGO-G
19,22.21636375452215,17.76223525335903,13.344280320705758,76.16013846727044,0.011195061573584521,0.00765503910751524,0.008168829775357114,0.1909904229807038,88.20779813899935,-0.03448572448636641,-0.035615977847190436,-0.0053159002594372895,0.04986002273294124,-114.64625818614877,deltaC0.2,FGO-G
20,21.878688306478892,20.011880359602966,8.843169481865289,42.71676951689795,0.009016698929741551,0.0066607395519574855,0.006077450798697727,0.19959569370607388,18.753521179998643,0.0018868851381293739,0.005205000908243122,0.009136643007846335,0.010683193129029005,119.58872116726343,deltaC0.2,FGO-G
21,28.614350096407662,23.043511826803247,16.96400878706929,75.55276786873115,0.009668558755127916,0.008333256931700098,0.004902841758779586,0.11361267227145118,10.772196458998224,0.0050878574441609375,0.013261662831156856,0.0059376593267846944,0.015395252277905173,64.58210107313607,deltaC0.2,FGO-G
22,27.718946994943526,25.11946023147487,11.71975853794955,50.67914887122494,0.00852673116531169,0.007611266833137849,0.00384366512072441,0.04392591687342474,8.819826923001528,0.013296197916055933,-0.013687672970159171,0.014691598027256808,0.024082863678463413,19.904223936644485,deltaC0.2,FGO-G
23,32.91296937180315,29.83170230790748,13.90442700299585,63.59141319413732,0.010051677945602282,0.008369960980493004,0.0055659664665834935,0.17356374310942593,27.2329514439989,-0.00693416250369225,-0.017728087857622598,-0.028316220096663236,0.03412002387569318,-40.55099215028349,deltaC0.2,FGO-G
24,24.356907308857835,20.599009598660857,12.997681993592945,89.4194643128223,0.011225911452127627,0.008362046809591133,0.007489810483931949,0.19701590263632268,16.831882657999813,-0.008411003665977274,0.023643610556237416,-0.0005009443476655107,0.02510012446271059,148.9204150576461,deltaC0.2,FGO-G
25,27.3201733737913,24.214641830314783,12.650810021638325,49.65784743454322,0.011743875448856507,0.008710824842366759,0.007876556425485742,0.20165775126992344,8.99166566099666,0.019433695438455106,0.005352142507467142,0.00914053030529871,0.022132854359005565,182.18883458012533,deltaC0.2,FGO-G
26,24.167769334206433,21.073838063197268,11.831078728397808,65.25549745797063,0.011468141967390988,0.008073877704534774,0.008144371000663633,0.19489050388819654,10.995277263999014,0.003510387639335276,0.029637664214500765,-0.003920626770465341,0.03010125040165585,-132.10284376992786,deltaC0.2,FGO-G
27,20.08816876649011,18.43990946609628,7.968956222314283,37.61304830791763,0.008056734901942446,0.006865343875911933,0.004216400211751262,0.13872754612617982,7.981157373000315,-0.004040271121327375,0.006252720318958785,0.01066637466575962,0.013007376777479412,72.76487011860445,deltaC0.2,FGO-G
28,21.70702907468359,18.931914541669613,10.619685637347152,43.21033646066333,0.010532120585062395,0.007249780426580452,0.007639780611029744,0.20364336950035747,10.934334517001844,0.0032477506564759714,0.010154252149690901,0.017641137196351298,0.0206122886314604,-119.49051217302258,deltaC0.2,FGO-G
29,26.32682054999323,22.533055650167654,13.614803830316228,94.38131663798957,0.011663436590990426,0.009219574921077521,0.007143891893547436,0.18491727991681284,10.307995873001346,0.009744154889826339,-0.023072626040279123,-0.011097954244243674,0.027394510678579734,111.04038362915162,deltaC0.2,FGO-G
30,25.69235519539357,22.895958352374244,11.656423405685425,55.02959062890743,0.010312527647764238,0.007349839935847748,0.00723381499648141,0.20042746868731987,54.61837747900063,0.005457014447004872,-0.02236130415546004,0.008673045942538982,0.024597330264262546,165.02751490774426,deltaC0.2,FGO-G
31,24.765404734536013,21.623609561227013,12.072480325475386,50.686859075881344,0.011856465746647258,0.00834364294979516,0.00842374040006892,0.20045800867571104,7.9621236589991895,-0.009767319874210307,-0.010566667349737687,0.009209833018810981,0.01708437943384357,190.15973393754757,deltaC0.2,FGO-G
32,23.365949450145816,20.862516940329332,10.522498782192427,57.23779281775465,0.013685226047438888,0.009585968093331254,0.00976701733811991,0.1758296665421909,12.367014866002137,-0.009949843891201739,0.009124443866235687,-0.027721217953127514,0.030833760622606024,306.7809749823755,deltaC0.2,FGO-G
33,25.305414050407133,22.42816508520921,11.719274344990206,52.8639755259747,0.009043434808716305,0.007823423013431956,0.004536272202194764,0.12958554506191336,11.357358738001494,0.011209404441301748,-0.001965853265794438,-0.016767496104815344,0.02026485264235365,-10.26813823705379,deltaC0.2,FGO-G
34,23.734049625661118,20.06603828934943,12.675141774501276,51.596263441139854,0.00894331688651727,0.007105396163463097,0.005431046150872672,0.16108629580187103,10.702404130002833,-0.009707257408944634,-0.03059131629644893,0.012340669373163693,0.034385339895522817,-22.4190913761322,deltaC0.2,FGO-G
35,28.70710082974293,25.93936373225285,12.298253827877863,62.53069468524066,0.011453026238531947,0.00763618090308417,0.008535839222705281,0.19947487780292167,9.77293917699717,0.011399216757152263,0.008492528486521092,0.0016798342926261922,0.014313875297123283,-150.95144390246423,deltaC0.2,FGO-G
36,48.439593348055084,38.78997572011764,29.01261772673447,105.91147511704348,0.012134067372847569,0.009617828140457196,0.007398173617145894,0.20449263533884254,11.45913345200097,0.0051266329641901035,0.005303852855389777,0.01559899259009917,0.017255196043137723,144.3595196031256,deltaC0.2,FGO-G
37,28.158997267482075,24.051496930336477,14.644269272315292,86.22016665737276,0.009593772786103351,0.008598316749292609,0.004255517048516129,0.048828050022737254,7.835107581999182,0.01487883661047139,0.01290997531846359,0.006503759808366483,0.020744785688200446,41.21002384626445,deltaC0.2,FGO-G
38,23.526333154353992,20.984921082620623,10.635856281740582,52.73890128750204,0.008968876635787788,0.007457557806994623,0.004982527437286588,0.1591608869306159,8.320844628997293,0.020464622636916858,-0.008742073879132794,-0.002533246402678463,0.022397365307471082,-24.47311522450218,deltaC0.2,FGO-G
39,24.2376407965549,18.659410948975964,15.46898879759302,106.46809171529893,0.01387557104465351,0.008174690615073362,0.011211864482014503,0.19359127674203236,14.841815716998099,-0.0009652644256762945,0.004761854451667933,-0.003970007636131673,0.006274388724114063,-290.0117055463488,deltaC0.2,FGO-G
40,33.7606662337268,29.87968968913268,15.715811421184682,64.61216491529612,0.01269445111677275,0.009697251035708565,0.008192216519757158,0.19617379180070166,17.25490468299904,0.0027919455397118075,0.007076345515583001,-0.002148866442958308,0.007904887901944,-133.26659824825038,deltaC0.2,FGO-G
41,24.760473089683313,21.85153730910447,11.644369663221223,64.30744509465625,0.011326574980665235,0.008736126897421072,0.00720911836667895,0.19274249133933133,16.019136785998853,-0.0076953587396138305,0.008303492789187211,0.0025337600024734896,0.011601141253409917,-54.37325350993342,deltaC0.2,FGO-G
42,23.165863849393073,19.602452958097373,12.345083471333696,65.16208775624995,0.008723792626243024,0.00785854679862274,0.003787848993762613,0.06251400830618732,15.176393696001469,-0.01671551004978725,-0.015694152850891513,-0.009254307544982437,0.024725632814324564,44.78986062897275,deltaC0.2,FGO-G
43,23.954961849863682,19.648459573135447,13.703219827153262,58.49121724027364,0.008619752800461343,0.007224828475665373,0.004701275554386908,0.11442302198330848,7.968975316998694,0.002755162753444878,-0.01012587942115715,0.00453046726976114,0.011430200765172972,-7.026797221004017,deltaC0.2,FGO-G
44,30.956542723579382,26.875743162093507,15.362355512159567,71.39966955295077,0.013421836943880515,0.008897542450107244,0.010048852934372928,0.185075397597893,7.788892274998943,0.010013339837917036,-0.012537030758539368,-0.010186875745767265,0.019005697893260325,-262.88744699410745,deltaC0.2,FGO-G
45,32.135826374508355,27.88385997212272,15.975033327902597,114.22517561042491,0.014584015691560702,0.010995179953577686,0.00958120720369475,0.19589647783014666,7.9511516869970364,-0.008318949929279196,0.0114964744958968,0.01769363787040376,0.022681240593266632,224.00235434859314,deltaC0.2,FGO-G
46,24.66747540607462,20.322277741945072,13.981751331236731,66.57953472124277,0.01055464127593665,0.007027904289557487,0.007874580227575633,0.1910993270405996,21.57308294000177,0.01057619373825449,0.016502825903814047,-0.005795253392441219,0.020439767578993916,199.4704057189465,deltaC0.2,FGO-G
47,27.61143592216155,24.000385219909514,13.651846138144904,55.986492654555214,0.01115339869424778,0.00800402990324217,0.007767484003256989,0.183963285979263,8.31443575099911,0.00342246552191272,-0.003398025912978149,-0.013752111677487577,0.0145732778037078,-137.92540498106428,deltaC0.2,FGO-G
48,29.66392637400855,26.331922457686016,13.65936995637101,66.47610795255979,0.010079413727436409,0.008598033682308428,0.005260075844198761,0.13105728777070202,8.969440299999405,0.002191653202458556,-0.028672123623755368,0.02546559469150772,0.038410812668412835,70.9574929538976,deltaC0.2,FGO-G
49,27.51111666912662,24.713445007914693,12.087480143647523,56.75242448897984,0.010557505249043262,0.007546230214177552,0.0073834495080693716,0.19987114689153285,15.476763940998353,-0.007741646288792734,-0.02376061959246317,0.009388216586712628,0.026695294367314045,-115.41208847188682,deltaC0.2,FGO-G
50,31.54421076880482,27.428247822894644,15.579745004096095,75.20653221937067,0.011960714730912314,0.008910768378919912,0.00797852766940767,0.20016629805574285,13.363545262996922,0.008567121579244103,-0.03308317413840275,0.009781751719215498,0.0355467952130963,-110.15948405048948,deltaC0.2,FGO-G
51,25.750960351405443,22.0107923452072,13.36551455634324,105.38083853995664,0.01101568371560729,0.008349559737118548,0.007185411603978196,0.16853540719055846,7.802850631000183,0.014589463977833762,0.019609020409090478,0.010743924737114469,0.026698278208929806,-30.323180486993806,deltaC0.2,FGO-G
52,23.46260055132896,19.62956424699916,12.851997202931322,55.999499273624984,0.01352390779690186,0.00821261265880187,0.010744723142807834,0.19219843540258655,7.948265529001219,0.0021384197057420042,0.016451910236436613,-0.0044034665215196556,0.017164751867470088,-286.6292136043776,deltaC0.2,FGO-G
53,26.238359191596565,20.463628873160026,16.422283227639554,85.39287672874222,0.010063432455991731,0.007396499703484947,0.006823816009583993,0.20268903717398282,10.393901250001363,-0.007292924891566315,-0.005439775124568755,0.02226590301735376,0.024053031909888365,-71.41814366609105,deltaC0.2,FGO-G
54,64.28252138092348,53.47113645075366,35.680248342097755,115.81392292982409,0.01044399215092422,0.009647310263952743,0.00400079701054662,0.034031835407489,10.16046010699938,-0.0008375213646134145,0.009834966036108929,-0.010983938528263432,0.014767359430862038,31.775120536118266,deltaC0.2,FGO-G
55,23.610323565582124,20.981896188420986,10.826237167631575,67.64053894471512,0.010438233663628336,0.0083274167049521,0.006293715360467816,0.19337622133213264,8.677561612999853,0.012861578303511681,-0.008207377778491736,0.017768368089865927,0.02341999468473911,-47.87044370532021,deltaC0.2,FGO-G
56,27.848048655555107,25.22291018587498,11.80333070270628,52.47629467449958,0.012098832669984039,0.00826325311465146,0.00883744306569927,0.1986180373043336,9.938297200002125,0.007123172717779542,0.01330885915796968,0.0014024572389690348,0.015160217939103939,-169.88463722740198,deltaC0.2,FGO-G
57,28.473034857380096,24.656487498744145,14.239780132216072,80.98461353592864,0.015279769303340563,0.00944160818514242,0.012013633290622792,0.19614266773025651,31.22215081899776,0.0009105432254111121,0.017220682329223483,-0.00029350579552661626,0.017247235561137896,-350.9786714784277,deltaC0.2,FGO-G
58,28.529568286931475,23.44823669390194,16.251660302425616,96.93855912945635,0.009780116030204004,0.007407202689506749,0.006386236597622835,0.2019163645114152,9.269263220001449,-0.015833337039728394,-0.012852818047457727,0.01105047685119756,0.023194881595161105,128.13160670899742,deltaC0.2,FGO-G
59,27.406540427079985,23.591807582786714,13.947941538375359,66.95610225893552,0.010373101397882646,0.007988756929303191,0.0066167208899321995,0.1872305630400039,36.68337492399951,0.028173290820103343,0.00528619958184285,-0.005420553273233236,0.029172943276967348,113.18216038046558,deltaC0.2,FGO-G
60,30.610069816064144,26.173266845104525,15.872506947526377,75.38883026242648,0.009474375215255739,0.008334300667705142,0.004505909242288604,0.09638033969685358,8.12432823600102,-0.010892038123692696,-0.024841926392862295,-0.009891563840956602,0.028872146380483795,59.03116606716867,deltaC0.2,FGO-G
61,28.297414846812593,24.978424257784376,13.297443687067787,65.81096509126786,0.011401629015070108,0.008430512319434355,0.007676171326198637,0.19644208088465728,7.9502822020003805,0.008140474915843732,0.0470451736357092,0.0025982120141637977,0.04781491817351625,142.8572397289554,deltaC0.2,FGO-G
62,24.86187889087151,21.36514399031563,12.713915378727442,50.86711826478679,0.009608018838378956,0.007846924472251533,0.005544348683607922,0.18263649386076494,8.775779355997656,-0.00823296252796474,-0.00019226988514949706,0.0058454842666661455,0.010098926973072356,-36.41273390983042,deltaC0.2,FGO-G
63,27.389942390680286,24.39072365974234,12.462003992892567,50.04941516538485,0.009026638144512865,0.006969374803857596,0.005736550447379467,0.18858781907357883,9.769007342001714,-0.004803921734935021,0.0012534894156937552,-0.004330844508512316,0.00658825575608208,-58.74564629206361,deltaC0.2,FGO-G
64,32.29659570709505,27.705156296453982,16.598024245572315,74.62061440984246,0.013289328933861902,0.008412778642194021,0.010287439867616393,0.19599305971782485,7.796571591999964,-0.0123545393633719,-0.005573913961667223,0.00010660703056211696,0.01355413312580852,305.871393733687,deltaC0.2,FGO-G
65,29.50777151337976,23.86651296642726,17.352179647213934,79.40418097736867,0.008944469422347974,0.007945629315134867,0.004107372400183277,0.03157533272521258,10.38174529400203,0.01016629510813891,0.023285178074444923,0.006194744584283679,0.02615201588116854,27.910675542871104,deltaC0.2,FGO-G
66,32.278238485993676,27.97333506987897,16.10519185936518,66.14776667386286,0.012273665721480332,0.00913722055682671,0.008194758735835039,0.20618043527719496,29.325955718999467,0.012951043951040794,0.016348659825480272,0.0036527037812669194,0.02117428776664624,176.07963966149327,deltaC0.2,FGO-G
67,61.175990642099826,53.063999571020915,30.44197399264669,113.73327215126717,0.012447956021737192,0.009305260156153721,0.008268236967177538,0.20292821431956,29.575097637996805,-0.0074527119828911,-0.016277926867924786,0.012970756343059386,0.02210778910539115,203.96577176986466,deltaC0.2,FGO-G
68,29.32485935341667,25.95333074825149,13.651813035986583,56.81443716545555,0.008631900270885687,0.00793840526840914,0.003389900305467762,0.08128436166655564,14.320332069997676,-0.007576364303701019,0.011795900763508466,-0.002719827381055445,0.014280827422375552,53.35398972285657,deltaC0.2,FGO-G
69,24.664470203061864,21.365462580265078,12.322868948788635,55.04006141318978,0.008924566282794012,0.007611639052031962,0.004659488628333126,0.14670262410729729,11.735743424000248,0.015061342660993675,-0.00490647256594548,0.005422129737311959,0.016742670237464702,-15.539838043783675,deltaC0.2,FGO-G
70,26.332363243166466,22.49763046964934,13.683931351083647,101.45729560572671,0.009184986483359543,0.00805530787094542,0.004413161203013356,0.04283090749068222,13.075502969000809,0.0032064510831884474,0.02360352402578999,-0.0025435559317210366,0.02395573734541934,37.15279263155389,deltaC0.2,FGO-G
71,31.52241238193451,28.235274333713324,14.015411719842117,83.58373602532215,0.012157501971951338,0.008897454398607011,0.008284935692128783,0.19097588878633945,9.625704079997377,0.011936616602244059,0.010815487960385856,-0.0033566997398956078,0.016453723860392063,185.71441691246764,deltaC0.2,FGO-G
72,24.74524137941975,21.258047921502776,12.665795257023495,72.29624527109807,0.01096386681753015,0.00823506307807074,0.007238101387293134,0.19954342781411313,14.60124044099939,-0.007598730505334765,0.000522921468207386,0.0030291482957348626,0.008196944037394103,-82.06575862955287,deltaC0.2,FGO-G
73,24.691761224557727,22.51539991953345,10.136066240610585,53.84375789432542,0.011491258450918683,0.006710686312193155,0.009328221159747099,0.2038558703014321,18.917867087999184,0.007785321671222832,-0.003992844455397387,0.016039110524598416,0.01827038879689464,241.40421087722825,deltaC0.2,FGO-G
74,31.463425685532755,27.333286554737626,15.58327956450893,67.04019474289841,0.012735407708673967,0.009752512198051967,0.008190184084194928,0.18691760328474902,8.166813777999778,-0.010321359607279606,-0.013970784087676387,-0.009680989080657593,0.01988554303374857,-151.7814472667451,deltaC0.2,FGO-G
75,29.434058381418655,26.29177876582322,13.232768498306354,76.5348306305731,0.008815428724480944,0.007876774457233117,0.003958308697699522,0.058175354837555524,8.163844933998917,-0.004260807106989285,0.00715472401226573,-0.011825608645629454,0.01446338731882156,41.802649818004284,deltaC0.2,FGO-G
76,22.34675039724264,19.5263801010272,10.867278107551735,51.40714872245593,0.010562226196926382,0.006613957579083485,0.008235058431919113,0.19628576445446547,12.03507126399927,0.0058617040789419525,0.009989117805911624,-0.000947875513105545,0.011620693492120446,-156.3887166006316,deltaC0.2,FGO-G
77,35.3269858108959,29.612143587622327,19.264394063382266,93.10844084899963,0.014160928930932187,0.009790751833461587,0.010230986595753161,0.20332096220526494,14.49345158900178,0.008801322752413854,0.04089456047455935,0.011491616337340277,0.04338070544198394,-148.21026322569196,deltaC0.2,FGO-G
78,28.70490746037251,24.788469055153442,14.474236221999757,73.82693101801125,0.011015591173426558,0.00824906818802616,0.007300419366678048,0.18332125797002286,10.275206570000591,-0.0004923305848255322,-0.03292919664285265,-0.019049995478031156,0.038045718664015536,162.75576490075946,deltaC0.2,FGO-G
79,25.53589240478924,21.907561792276976,13.120233886121815,64.6229240168639,0.009890554878522034,0.00790849396717177,0.005939595859674608,0.1769242172291881,7.792811917002837,0.01006708999415905,-0.016710376655604677,-0.003883120889481423,0.01989124472638658,98.25860574979743,deltaC0.2,FGO-G
80,41.11332459876029,33.81317238196871,23.387493089903778,95.49485021680586,0.011565176566090393,0.008703715315393996,0.007615684389037034,0.1925573198752545,36.85836078200009,0.001271602856741014,0.01977841189722348,-0.01158689371021876,0.022957758097284023,-103.7795398148537,deltaC0.2,FGO-G
81,19.92203553491527,17.64940635391418,9.24045211062968,50.41535652029902,0.01204602531369618,0.007308365905394534,0.009575725228465773,0.19749293549381744,15.269001135999133,0.0052194020694576095,-0.015175969470785054,0.008938592045194232,0.01836982947910154,-193.40081639578966,deltaC0.2,FGO-G
82,34.22980756059132,28.75464548930537,18.570139698437508,82.22063813577913,0.00869601470743355,0.007910743272024595,0.003611206540204841,0.06213768624248596,58.80792417900011,-0.0007951003387465483,-0.007746835256309307,-0.007043898149809047,0.010500578183221868,19.41037097568733,deltaC0.2,FGO-G
83,20.638234173867197,18.421255125411744,9.30559344802208,46.833266978059754,0.00702473114613677,0.006350698957440688,0.0030025772975005643,0.033081209994615654,7.994483201997355,-0.010786732595554809,-0.013948405178183305,0.004399615184442457,0.018173283161662123,30.721067078387932,deltaC0.2,FGO-G
84,28.513094913647542,25.095591287698056,13.535430524201532,58.56762284725678,0.012761421011731812,0.00878880830487271,0.009252605839376855,0.19722709650565434,8.163442870001745,0.0075070904799792795,-0.010085194476034055,-0.0017058752809483713,0.01268769346919187,-200.50470960746497,deltaC0.2,FGO-G
85,26.819294060849323,23.130514779419947,13.574012669853499,83.280306992057,0.010821179337974754,0.008260556693831243,0.006990073345295571,0.19139563741185683,15.877395655003056,-0.009022700911161231,0.014610922522580824,-0.006023617781795887,0.018198136164846578,154.0873612652049,deltaC0.2,FGO-G
86,27.747305529720574,23.874243064704626,14.139783670447894,60.13441437499978,0.010458203587874264,0.00814015208581314,0.006565968801727444,0.18745063140409685,9.95006155900046,-0.0017032283129756298,0.003462628323381691,-0.006559536723798942,0.007610407585857269,143.22775574840853,deltaC0.2,FGO-G
87,27.36275521987664,23.248946956691814,14.429374159256415,58.67975017728255,0.008339568636191307,0.0070900574042944715,0.004390841723582721,0.14715244671924066,21.148452860998077,0.007811740958347034,0.008067917983436576,-0.0035540008364476627,0.011779028794142861,82.27949781107964,deltaC0.2,FGO-G
88,21.265205112908802,19.81918901486667,7.7077036325400385,40.600020816521656,0.00947567902750413,0.007429816007646396,0.005881014123839781,0.18564085695372667,10.789978482000151,0.01669851866250771,0.014043417654644388,-0.012520396000141099,0.02515588243225121,-49.98314512093566,deltaC0.2,FGO-G
89,28.03656184475456,24.608004001362183,13.434840495654944,73.30719643514061,0.01227015431663344,0.008486312500921954,0.008862233752880474,0.19394859843652595,32.770914090997394,-0.0016709157915563173,0.007045669846545979,0.0024248564937892902,0.007636317972980932,238.26108138175005,deltaC0.2,FGO-G
90,24.571149977930325,22.206223922436315,10.517843426509174,49.50492513031806,0.011252103398904976,0.00800601902439053,0.00790654730465491,0.20609443078171086,8.13902730799964,0.0020518242303293735,0.013564324426064697,0.013723787323323744,0.019404721546662906,183.6292244671913,deltaC0.2,FGO-G
91,72.65343513466127,62.65683867546219,36.77828440892175,138.5734116400475,0.010703884639479022,0.00906396969312433,0.005693645561272551,0.1817354359825231,36.2132842639985,0.003096055182600581,-0.0016875845803784033,-0.008781238262925761,0.009462750384529347,-36.070252277640975,deltaC0.2,FGO-G
92,25.576874294646977,22.542109092852176,12.08427971912784,61.282666614907185,0.01271493165596559,0.007880889064330886,0.00997802959364151,0.20108257334387425,11.390865543999098,0.0032813167436717724,0.015243843062946669,0.009577966175211866,0.018299705652101365,-208.97348693008462,deltaC0.2,FGO-G
93,29.166891544474414,23.58460970174931,17.16023739880324,80.0485124077486,0.009040575512782796,0.00749002592955323,0.005062757862760984,0.1552097362378017,9.102116821999516,0.014804735841565955,-0.004954760688666082,-0.008043483599390666,0.01756210366767504,-22.35606339970218,deltaC0.2,FGO-G
94,24.254046130726163,21.50976030257,11.206648269548593,46.39216129605401,0.007923986325510097,0.006973687191258554,0.0037626116256328367,0.10595821310018444,8.322088589000487,-0.0069821314476935445,-0.01183027965103244,0.02113418988266874,0.025206341626090867,-1.342127573565449,deltaC0.2,FGO-G
95,22.32043648923627,19.654008670031942,10.57931133242326,50.58217165665227,0.007874050610519386,0.006741225080819213,0.0040689749847786835,0.11992993417325849,8.302389560998563,0.014093874802050462,-0.0078067724537378,-0.0037122628415423575,0.016533720043747216,-7.2114430094952695,deltaC0.2,FGO-G
96,28.122897448514113,26.239418770251905,10.118807414858406,46.50505973510716,0.01109046880685238,0.009504401629841666,0.005715316965350974,0.1727492570765515,11.686094139000488,0.011080206504333006,0.01426025580785816,0.01004243415111819,0.020663406194617595,90.03103033521438,deltaC0.2,FGO-G
97,32.32844134576991,27.512752995420172,16.975763383715147,94.50767694868304,0.008792183111514643,0.007835695368758281,0.003988027326188143,0.04176766218027339,24.611090215999866,0.0006166226545430482,0.009705529680481972,0.004968427405072667,0.010920750924560513,22.005242812978395,deltaC0.2,FGO-G
98,23.07079883961266,20.71504612224457,10.156211067674455,40.544563530766155,0.0069344522371099036,0.006260601762613064,0.0029818607275868417,0.04811015017380082,7.822152198001277,0.004668444453180809,-0.007185578707574155,0.018309788635272134,0.02021571850920759,20.072365605861705,deltaC0.2,FGO-G
99,21.122170311045647,18.457635263566676,10.269458560506393,50.2964660681619,0.010059673126477134,0.007305565972968094,0.006915614884171687,0.19754036254126311,9.117706762001035,0.004438453212873992,0.0038381727355968373,-0.0021252115314853437,0.006240830147080488,-101.22590370193029,deltaC0.2,FGO-G
100,27.832396375884425,24.71303153722065,12.80267004435723,65.9626238845473,0.008529496494994286,0.007167998923240477,0.0046229970684116975,0.11284398640160262,11.595081737999863,-0.011444411244813622,-0.013259333784994687,-0.013315610032970548,0.02200204426212401,-5.807452258812191,deltaC0.2,FGO-G
101,22.18985301425002,19.99952504109816,9.612937892471182,47.765935852587425,0.009503449675185047,0.007726979961852054,0.005532570505462324,0.1874994765777287,9.325892212997132,-0.009130772393956323,0.0006661793802889767,0.005965836854986806,0.010927305654061113,110.50440942927344,deltaC0.2,FGO-G
102,23.29012274638263,21.20905011051801,9.623201699595906,46.33848617759562,0.00892853217738901,0.007845669448787418,0.004261942953986439,0.10225121070679304,9.289725534999889,-0.023431420552663416,0.011192072143624582,-0.024351026162423822,0.03559868569409444,0.7585836608086538,deltaC0.2,FGO-G
103,26.947984020195843,23.898320565276993,12.452474328903042,59.37314353556664,0.010776842583957688,0.008054424254102202,0.007160068855418499,0.20217108491631572,9.806873686000472,0.002501606165387126,0.019801756712696503,-0.0011675441004982967,0.019993267905525906,152.14682518627524,deltaC0.2,FGO-G
104,24.058555541733238,21.869611255559228,10.02667433825295,43.43518082722536,0.009107454028546728,0.007640467103382234,0.004956710736388189,0.162871640628879,9.611700639001356,-0.003333554640794546,0.0032799855874145753,-0.01567452533301908,0.016357311405370598,87.47423724331384,deltaC0.2,FGO-G
105,22.36120592744761,19.842935456915676,10.309289159898311,61.52419604333525,0.00973786399899501,0.007170211765668534,0.006588934549560466,0.20222050816486226,10.46702245400229,0.003315990371240406,0.02738951024674705,0.015711175756606105,0.031749363888963,-63.32830966597248,deltaC0.2,FGO-G
106,27.870610025023485,24.016370096480838,14.141600706985068,72.12623183320731,0.009414691991890692,0.008374483457742807,0.004301680150611245,0.08355494368459697,27.263294259002578,0.0005524425438585179,0.014369740696149944,0.006228173091275296,0.015671144836729014,6.395832991520365,deltaC0.2,FGO-G
107,23.648109514148018,20.366676538423196,12.017968645839446,61.614688974071434,0.012991385844870189,0.008645185516257581,0.009697261137031612,0.18917700127802067,13.64709028300058,0.01587649281971187,-0.028008091207625627,-0.009182540993471405,0.03347887776562741,287.1258241878295,deltaC0.2,FGO-G
108,29.09868796109618,24.539683937025647,15.637696548025515,84.53590750808313,0.009822050106214671,0.008221145705524105,0.005374516869220358,0.1554045524618302,8.80160304400124,-0.012945518383053299,-0.020748279620304108,0.0016953594997337895,0.024514318208786377,-23.97771054790792,deltaC0.2,FGO-G
109,24.807992625629314,22.08753439846956,11.295013161112397,48.68020065121554,0.009317530977666954,0.008364101661535492,0.004105872247803443,0.07013007259299846,9.399851349000528,7.661889860126228e-05,0.004847597791856115,-0.010761901865596113,0.011803542119717802,51.23942908094432,deltaC0.2,FGO-G
110,27.333257289874233,25.109513302751083,10.799041428452313,55.92399301302928,0.011275547137741298,0.008705906779852017,0.007165553041876995,0.1899271120028615,11.716596374000801,0.0022877550008794565,-0.005386443992516388,-0.012541026566015995,0.013839253923462918,173.4402414282158,deltaC0.2,FGO-G
111,29.824139699087066,26.418565166592312,13.839751563130626,59.53362998365455,0.014201011550726625,0.009014855414686192,0.010972744001213827,0.1956434019792724,12.317463403996953,0.0049570301692130276,0.02119661820287097,0.003927138941351521,0.02211992747730988,-293.443024681701,deltaC0.2,FGO-G
112,26.73191258519231,24.32340061162967,11.089063673211392,48.79128286462994,0.009975314613290183,0.007970247737027527,0.0059985042005926996,0.18554740781380297,24.802462579002167,-0.011183521082674685,0.02275410434246304,-0.004971772288040216,0.025836774719737162,107.2407015630015,deltaC0.2,FGO-G
113,28.829673026140593,23.761118808736413,16.326643248117207,77.59500442429444,0.013551592737512427,0.008352827511168009,0.010671266948777656,0.20847217361477183,39.088961640998605,0.008340978294286663,-0.0012843477193970924,0.015384449256666266,0.017547157801222995,274.43715134175727,deltaC0.2,FGO-G
114,21.248011571842333,18.41741186915147,10.59608115291612,50.546580697430564,0.00888942026769856,0.007223212520159989,0.005181408455658935,0.17614953668761124,15.324547716998495,-0.007542943906453276,0.0021165006561611266,0.00038166469077785536,0.007843548032594537,92.07409850807744,deltaC0.2,FGO-G
115,26.762254100928978,23.217201332566653,13.310890535413302,94.04761080678281,0.011378989571986775,0.008555485901218973,0.007502337280703069,0.1895865046107937,7.8081781119981315,0.00298225892784547,0.014022410643204185,0.0007379867422522002,0.01435501630062119,141.63119734346765,deltaC0.2,FGO-G
116,24.85740176366928,20.66703912153725,13.811731114864543,76.48860434660982,0.011477957241213714,0.007853881115291046,0.008370188400388907,0.19242236269979426,9.266681204000633,-0.0023461732300205933,-0.023125290529711795,-0.012764533107183007,0.02651823705213479,214.41522399126734,deltaC0.2,FGO-G
117,33.472656494392126,26.10995792343961,20.944899857191597,126.44299223759904,0.008992261724780513,0.008009985792259517,0.004086673284562065,0.07644332072867288,9.129539013996691,0.015592371073714513,-0.018835940604789585,-0.008485383482080694,0.025882743807516585,50.80359375574153,deltaC0.2,FGO-G
118,28.879544806257602,23.16869604586762,17.24063896005129,79.23624456303595,0.008750489591184532,0.007416190208942883,0.004644479612422534,0.032967034192045705,7.800099382002372,-0.0028814368995694803,-0.01107115429453103,0.001416043839342157,0.011527285724508276,28.81888036032433,deltaC0.2,FGO-G
119,31.18482848605712,24.83975216427154,18.85418362386361,131.4207548473681,0.01405966290069957,0.009010759886825195,0.010792605206496242,0.19144223272611027,10.40333275300145,-0.0202906480864453,0.01058677247913191,-0.011249642485003764,0.02550185497828095,-255.89346232194657,deltaC0.2,FGO-G
120,24.542966070757327,21.717791567740193,11.432178837410577,48.53932520832788,0.008661730894474716,0.007560884910041057,0.004225943854976215,0.13323719288441543,7.99058287400112,0.0037544794504566735,-0.002725376675987183,0.0020607812493242117,0.0050764764677365196,72.05727115690206,deltaC0.2,FGO-G
121,180.08570259201022,141.2097711214986,111.76162497866585,333.79508336886585,0.018276413405433282,0.015535685943288687,0.00962651282852746,0.1880034603123189,11.650977785000578,0.006180195919873315,-0.02147327723321257,-0.003229598942005557,0.02257712926987458,-145.45920704102173,deltaC0.2,FGO-G
122,22.534206496813916,20.386493773286592,9.601111085327451,47.01898112148387,0.008393031078588981,0.0075211719941686555,0.003724908390859246,0.034413122676735866,12.924315314001433,-0.004413692073974376,0.019407583894300976,-0.0011607270776791134,0.01993695758351942,35.07295070908731,deltaC0.2,FGO-G
123,35.449019614305385,31.009655934797127,17.17656049449101,76.10985338527414,0.014138507750252155,0.009607179153467817,0.010373018370614873,0.1915047482616271,58.497274800000014,0.004269285207337294,0.016449515889543544,-0.011684712766611371,0.020623915283479646,318.9080004370444,deltaC0.2,FGO-G
124,31.256584516694332,28.028657891837874,13.833597233965225,69.70897194482272,0.009341182117453219,0.00823859397667945,0.004402641552392027,0.07071382796752086,15.804995131999021,-0.01438263557331488,-0.004504988757574621,-0.006038990546324313,0.016236518609580402,11.654255055727845,deltaC0.2,FGO-G
125,23.85308754186896,21.88132126460878,9.496186866055435,53.270226723840516,0.010812512675077246,0.007997775357207998,0.00727640156150982,0.19048070278429957,8.966195390999928,0.015235814558093794,-0.0015396792113631396,-0.00825666318150417,0.017397503965090315,-118.3485710310033,deltaC0.2,FGO-G
126,23.53740514815112,20.414839220141403,11.715109078620966,61.53504484394854,0.011197928406232046,0.007138930178771009,0.008627240375330405,0.18928211143778131,24.71069861199794,0.01836101459752955,-0.008258492673601509,-0.006451460688706917,0.021141213383071313,246.69470107208326,deltaC0.2,FGO-G
127,30.423931027257066,26.056566534775683,15.70576071287549,82.53056265697019,0.012065760701357066,0.010310429135838071,0.0062671869556663136,0.185360423049124,13.888966228001664,-0.007271906948579383,-0.023406307018900566,-0.00845426002711222,0.025927019719548534,-46.4091436825056,deltaC0.2,FGO-G
128,24.237173217299258,21.85547847709625,10.477529580132481,53.193760082776194,0.011132472683315747,0.007682510881795611,0.008056734735354228,0.20322519027723251,19.857837620998907,-0.024846948612161652,-0.0048754610998506375,0.010594113574837666,0.02744769969793677,176.35427509196415,deltaC0.2,FGO-G
129,25.309130821557794,22.8251142229952,10.93463596330252,60.75049658047339,0.010292398946611218,0.00847639370655656,0.0058381697309732306,0.1792747078742711,11.742326021998451,-0.013363568642339351,-0.015544238924224789,0.03088770062530219,0.03707099109155559,91.02547807810697,deltaC0.2,FGO-G
130,27.131005231240962,23.359508463858603,13.799449597159416,59.49720008599863,0.013074898592571868,0.00878442879695812,0.009684357692547848,0.18747264187142373,7.9824708360029035,-0.0008633267369279689,0.00553703842929345,0.0021262910952893066,0.005993766882693535,300.5510232002234,deltaC0.2,FGO-G
131,29.783379969044674,25.74231896390005,14.979410427026934,86.76957415715414,0.010887419066598392,0.00912729652013681,0.0059353476869707196,0.1321749998976379,7.786005508998642,-0.00455060166787316,-0.040053068519101225,0.007972846892504049,0.041091636142976576,-11.153059570300684,deltaC0.2,FGO-G
132,23.34364671455607,19.892838077951833,12.214779373299947,58.32903049638382,0.01045054975107739,0.007614322560949022,0.007157938392970873,0.2018342302673872,7.959016510001675,-0.01092588283307854,-0.010691002090619052,0.015046681329111966,0.021449360372832287,148.35924459640955,deltaC0.2,FGO-G
133,30.586844259243197,24.698907660674827,18.042145163717553,87.07711855637865,0.012889931097728947,0.009425125802280603,0.00879302719860369,0.21231573355101202,10.425013749001664,0.018892138811479935,0.007220171019358736,0.02042087545330723,0.02874118878370378,-108.3988254616579,deltaC0.2,FGO-G
134,27.421571376974626,24.32748213531422,12.653702609848304,54.541640774979896,0.01393550015676982,0.009907512090155415,0.009799967796006065,0.19833161276639577,20.845221938998293,-0.006485329203189065,0.0012702516055656777,0.00408823168129846,0.007770886197542178,274.7248982039655,deltaC0.2,FGO-G
135,27.729705189649554,22.600896661793815,16.066611963565766,75.58593488456896,0.009950897616620321,0.007672705496322982,0.0063363991148881315,0.17230098139646513,8.29363730499972,-0.014105132117628441,-0.008759440280734929,-0.016365953649647047,0.023313665197688467,98.99237444961909,deltaC0.2,FGO-G
136,23.213196829291014,20.54780809668636,10.80000414153425,46.56449688572795,0.01038398071296115,0.007709575129008023,0.006956256664135536,0.21073364009077764,9.073574562997237,-0.023064238643177744,-0.022225862376584533,0.011707050890569726,0.03410283130660442,-80.0481517896369,deltaC0.2,FGO-G
137,32.7679733748707,28.03321713225265,16.966991964170067,94.07775893683608,0.011790271284779311,0.008934928739707719,0.007692694286466649,0.2027899752614506,9.26708483100083,0.0073693173695566746,-0.0035690382122588655,0.0048137538110766265,0.009498268158325938,-88.59505849638299,deltaC0.2,FGO-G
138,30.19866040636561,27.539085252962973,12.391847068497553,56.93928791325479,0.012263125502298279,0.010365490635432946,0.0065529269011541935,0.1903586134870808,12.025484088000667,0.009326203343337187,0.009259133436023798,-0.003153013309991015,0.013514847898528052,115.63022044459285,deltaC0.2,FGO-G
139,21.26942775352584,18.497692158893507,10.498759057967995,46.29737822470366,0.00783198754542695,0.0067734004098342045,0.00393205745123093,0.09857409958616613,8.135130694001418,-0.0023228651405066956,0.0012022564178979403,-0.003358074661323651,0.004256499546150796,0.8926645054962137,deltaC0.2,FGO-G
140,29.190413301701742,24.868566125459783,15.285111958628242,76.09702595932512,0.013047941423943851,0.009062370515659173,0.009387343396274644,0.20688040725944692,17.589758531998086,-0.0087783505910477,-0.0020874096243066356,0.028205371957818998,0.0296135057924238,-158.62311070671785,deltaC0.2,FGO-G
141,23.056280371728896,19.708540279834693,11.965178837689995,52.412430660297055,0.008563968238755859,0.007074800525721244,0.004825841845281874,0.16173493696445748,12.066681481002888,0.018482851762616763,-0.0008875201657068409,0.0038990389737510733,0.018910473453677242,85.25833225276801,deltaC0.2,FGO-G
142,26.85904625214218,24.32569736792843,11.387221484570874,60.48644782510355,0.011165150841153304,0.008124031121432533,0.007659028113520802,0.19516117656289023,7.95468894700025,0.006082841732592569,-0.005323246201953397,-0.005158080250738384,0.009588728046171629,-110.36112474322545,deltaC0.2,FGO-G
143,18.881088394465664,16.893698819649583,8.43198903880906,53.07025040792967,0.009822631940503066,0.007165960839282085,0.006718117555421804,0.1841794956058716,8.452861226000095,-0.010528224928128861,-0.00025745675569064936,-0.02211604349519103,0.024495493136483415,-93.70550696772989,deltaC0.2,FGO-G
144,26.292900201071248,23.329265007037403,12.126912023054873,52.2868372859412,0.008515502240157843,0.00672031313878481,0.005229834578532049,0.15847978900651608,14.631078443999286,-0.005246984747026904,0.010960420138499464,-0.005056922674887082,0.013161843544418263,86.49852750615537,deltaC0.2,FGO-G
145,21.809993611004675,19.401422846030503,9.962962052602146,41.835776766557416,0.010933577369923387,0.007578304359960945,0.007881143136112791,0.1863147006250578,18.72962454699882,-0.02379799686139061,-0.021966518648259926,-0.019257625528079747,0.03767928790620727,-142.88615278155703,deltaC0.2,FGO-G
146,42.193376071206636,38.15073060907758,18.022284491147747,72.22227586903891,0.008869091526893087,0.007260943259779993,0.005093082317287073,0.15586063466873648,39.93505662800089,-0.003035235211699622,0.016436728054315154,0.012141509861164607,0.020659016037328823,81.00720651314077,deltaC0.2,FGO-G
147,29.65968736550484,25.74063361525869,14.734884991220717,63.573181858460856,0.011518857601408658,0.00849800824774407,0.007776113184798927,0.19762481842124474,16.47636374799913,-0.012955167715822183,-0.0076121025083997875,0.002355052521779033,0.015209429559447832,-105.49176700421594,deltaC0.2,FGO-G
148,29.073687977739787,25.1288237739993,14.622638214845454,67.15679951449665,0.0098288871334846,0.00858622445596713,0.0047836985559848,0.09304398628797042,9.109831720998045,-0.006078331667634272,0.007093317395945439,-0.01595708361807971,0.018490261900140182,57.694769009229276,deltaC0.2,FGO-G
149,25.754478912117282,22.817715285446067,11.943410450412172,53.81117975035564,0.009951751532196094,0.00824338467634838,0.005575299779950135,0.17026145410695293,11.913933213003475,-0.011869491299835538,0.0010315820801744928,-0.01454578077166288,0.018802359521142186,90.23717752798802,deltaC0.2,FGO-G
150,26.817060636653995,23.929800928176796,12.104518525237012,60.713721905836046,0.009644125116247829,0.006951614630031638,0.0066846243943375246,0.20233890615761102,9.937539295999159,0.0032912376211107148,-0.022432679441968924,0.0049998848983789645,0.02321758387562728,131.63248714039946,deltaC0.2,FGO-G
151,24.70634225333274,21.469306022157845,12.225884281545913,44.93909391339061,0.009494990056863582,0.008251629622912192,0.004697387012607781,0.11075656098930625,14.340354168998601,0.00821369182183714,-0.027061120530929714,-0.01030506442526069,0.030099224749856823,61.577213098271386,deltaC0.2,FGO-G
152,19.77952395175596,16.9125239876919,10.256515008707087,53.10240160703522,0.00914795502261507,0.0074539435843011025,0.005303188299301161,0.15657364678232988,9.30934385799992,0.007826926208199641,-0.035282060813054954,-0.0087285323456959,0.03717891695564261,-24.953440626813972,deltaC0.2,FGO-G
153,26.051004850894273,23.458700594572093,11.328910810644583,50.412418697730345,0.01223716855523958,0.007822567610424977,0.00941040542323626,0.19198313804587103,9.81404491399735,0.012115993254714089,-0.0072421766069074795,-0.010926106036655836,0.017850103856229024,-219.09874015834248,deltaC0.2,FGO-G
154,37.27392491763561,31.497543967150396,19.93113651558697,87.05831770766603,0.010216597932185798,0.008755873920649786,0.005264365602200141,0.14943268045548744,7.860912950000056,-0.00802949377672779,0.0026909668369819576,0.009484583214625614,0.012715006550663075,78.26703143501072,deltaC0.2,FGO-G
155,22.03313773866226,19.81819410747866,9.627997763250733,42.064516439468825,0.010856033097365147,0.007275888156258292,0.008056978723361993,0.1953190603499442,9.352356212002633,-0.010719586426498307,-0.001435575552275396,-0.00025214463532893805,0.010818224772973738,-148.46617424892065,deltaC0.2,FGO-G
156,23.77473937275158,21.457002355302777,10.238910204059579,52.284565204437165,0.007259039271273216,0.0066671991374891255,0.002870906965220408,0.050976913333736905,15.43765204599913,-0.006960574479544772,0.014708853682521863,0.00978289844351038,0.018986971209099274,43.29564468065837,deltaC0.2,FGO-G
157,21.49471898447032,17.189017149499,12.905837193130013,53.80841037160598,0.014750030472966934,0.007675167528046679,0.012595840677377235,0.18812386407236908,27.313856463002594,-0.000306496476647862,-0.005242207883717921,-0.013350722672176157,0.014346305428773999,-449.3025846172459,deltaC0.2,FGO-G
158,23.690736046106064,20.439205928478415,11.978724281805722,51.26287009208352,0.009159843478347553,0.007685360704979313,0.004983769996918603,0.14197454073885524,16.71557085799941,-0.006197287054844112,-0.03504963049314437,0.006613358377082573,0.03620247883183999,-15.277507324137332,deltaC0.2,FGO-G
159,21.687754937646197,19.878607068291824,8.671775784685348,37.168982510208004,0.008745324374290517,0.006902004501922481,0.005370570944229453,0.19501698956898106,8.041205866000382,-0.0015025534799174764,-0.011893281669935566,0.014546077515168399,0.018849302027335788,-48.2811463302005,deltaC0.2,FGO-G
160,26.57171009264582,23.73379333630261,11.948340098829362,61.37193194343248,0.009372509530823006,0.007753869199706277,0.005265116080317169,0.16746729310586,17.918085731998872,-0.010787742717976544,0.00034013530515634007,0.0042213294256304434,0.01158924963467278,87.74812048579406,deltaC0.2,FGO-G
161,27.59279750172953,23.79217447597428,13.974795443091436,59.31452938424908,0.010857218482954057,0.006964417227904229,0.008329230808560295,0.1903102832959416,9.819623086998035,-0.005874460825522607,-0.019894919996973456,-0.0036076663773671747,0.02105545982321354,220.9987749460306,deltaC0.2,FGO-G
162,30.138961792924746,26.434816276750205,14.476101214409917,67.36834050363048,0.012989164331134279,0.007928786177037897,0.010288476066941294,0.19074249062102205,7.8612056439997104,0.0030642348393859838,0.017059442888196785,-0.0076573261707844065,0.018948582292412655,298.4533697504867,deltaC0.2,FGO-G
163,27.083926928659967,24.617256523655414,11.292908355491834,61.14159243133517,0.015787119723187686,0.010051381343425553,0.012173860613761696,0.1833940872523911,20.835662258999946,0.014001710289238162,0.016947667352434328,0.001318528590123491,0.022022938890064132,487.21592027116094,deltaC0.2,FGO-G
164,25.246631991936614,22.416797069036168,11.613769246111655,64.93429409934625,0.008124684128101887,0.00685774132530352,0.004356819493237591,0.13278363440795793,8.031061446999956,0.007930286934557065,0.0017036375539105407,0.0009395736107994657,0.008165453468706532,72.99716250464735,deltaC0.2,FGO-G
165,25.34365211436022,22.292878565144093,12.055217450276643,79.91597092727677,0.01307220311572943,0.007829526208690325,0.010468095034260893,0.19145684661310308,9.346481153999775,-0.001311295763565836,0.002410966762488106,-0.005694614289067063,0.006321462584767457,330.080064918835,deltaC0.2,FGO-G
166,20.895147647027468,17.79079594906201,10.958776149274895,56.21671778930728,0.01335469715740127,0.007390249870774095,0.011123495089827884,0.19652536585127658,27.407546170001297,0.002054984182226496,0.015000910759583434,0.013465195220351833,0.02026232380375886,-296.12894273916027,deltaC0.2,FGO-G
167,26.65586280608775,22.961539561741297,13.538933595064325,58.55570118695647,0.011422359637158742,0.008003094618442992,0.00814989424525509,0.19655925478412706,18.25296765299936,0.007946545392778425,-0.006632456261030663,-0.0005276135899207057,0.010364141828161262,-133.12590002311663,deltaC0.2,FGO-G
168,28.033126675261126,25.096820707054402,12.490227443453636,70.96559803403782,0.011083143177436914,0.009319411400440087,0.005998719350070795,0.17557269093298036,16.524462680001307,-0.006004692115563632,0.025984593736350547,-0.014636568982800024,0.030421778229323872,-34.190783167941845,deltaC0.2,FGO-G
169,22.150910699828913,19.126556074288246,11.173079144483957,78.71124741604069,0.009395075226764207,0.007069851488173522,0.006187458157574011,0.18246283956386772,11.38552855099988,-0.001037040444544053,-0.018141008629974684,0.01665305357996158,0.024647430708564885,-36.16074511537772,deltaC0.2,FGO-G
170,26.326271412183342,22.68050941094831,13.366639791953215,69.05826475466752,0.012690234652581445,0.007864807901931207,0.0099592596212419,0.1970335380179428,32.944527554998785,0.0016735886446846548,0.0008087658715048357,-0.01133333918256832,0.011484754164267806,-212.90978205935608,deltaC0.2,FGO-G
171,21.927646876851647,20.09368558573465,8.778695639873916,37.279307961347385,0.007561039797812803,0.006874842643716552,0.0031473578519522483,0.07073978551225689,7.855002645999775,0.001151849996181683,-0.005350352015630965,-0.0068644914587695505,0.008779195184775778,51.53984252182454,deltaC0.2,FGO-G
172,18.356884976966125,16.113077135545755,8.794542130294063,66.36589958528864,0.00945329597910632,0.007036783996324881,0.006312564919084301,0.19516588833552717,12.700354093998612,-0.006119415930242601,-0.014425234537859868,0.0020579245889904563,0.015804103783939906,-69.44528394721783,deltaC0.2,FGO-G
173,32.87403448821742,26.673360260917647,19.21546241764188,76.53134645256574,0.010600189379001153,0.009222515411819766,0.005225822839461338,0.11993187069271,9.575148249001359,-0.0018722145728282053,0.007373820836868844,0.007971437176168522,0.011019175640425784,66.5362291641759,deltaC0.2,FGO-G
174,21.38618638820123,18.468015212206137,10.784311862729416,81.42365245643118,0.008699642269322466,0.007268802246530316,0.004779988442979541,0.04103510749876217,9.283834556001239,-0.008066507297199354,0.008520263532063704,-0.005735920400447597,0.013060023486650245,27.113963380283167,deltaC0.2,FGO-G
175,27.658507840779816,23.164189968785823,15.1133503588212,73.47246169994983,0.011319823362777814,0.008742270855260564,0.00719104312723489,0.18808002023771167,15.020139796997682,-0.010001254182720989,-0.03852156108347621,-0.0074055186200093215,0.040481816406464366,-63.53983010362754,deltaC0.2,FGO-G
176,23.562890870350117,20.758993214087784,11.147826106711845,44.63472644104545,0.010021770233245615,0.008134006354211812,0.005854384616474195,0.18151030929880718,7.831255138000415,0.0073823943360715035,0.005406704346259387,-0.01544423900215447,0.01795151014195714,109.79555930939205,deltaC0.2,FGO-G
177,25.589115356989097,22.528209795700892,12.136003796727401,60.32264145766476,0.008753945498932124,0.007809747349117683,0.003954669156986879,0.1148414378627736,28.667740365999634,-0.006348652188573559,-0.0019529293567797563,0.001601051612497656,0.006832472755154855,-2.8460704483422887,deltaC0.2,FGO-G
178,26.58126145188508,21.427996137619616,15.729095393557463,99.06984281239887,0.011296793683550783,0.008610871067860511,0.0073123489373385095,0.19515769837355573,8.01348196500112,-0.009795812117151395,-0.025279540549894498,0.0074497035216190555,0.028116030801098393,116.41643342639145,deltaC0.2,FGO-G
179,24.707696257662832,20.39501209575292,13.946818130850419,66.08802431606622,0.01101346701269142,0.008438043886753099,0.007077843669146043,0.19466875395746255,7.828096009998262,-0.008972493508308433,0.005644408127612008,-0.004500126136410598,0.011515907177087493,136.07408423244124,deltaC0.2,FGO-G
180,21.790914112824378,19.791184573809815,9.118823994237472,64.13790141782933,0.00924530532379153,0.007239349782390568,0.005750433484384429,0.18290564986136573,8.831670358998963,-0.005735740560074614,-0.012003696709697824,-0.011090782962985407,0.01732030372721399,-55.492042480649616,deltaC0.2,FGO-G
181,30.020040890303278,23.95373434325508,18.094791130826653,120.9828206674944,0.009451178744536269,0.007945085245169115,0.0051186326404783315,0.1560678833008265,15.53933398299705,0.004584292771079543,-0.007435613683638894,0.021620105811955448,0.023318084535043606,-18.520804683454116,deltaC0.2,FGO-G
182,33.86107299058125,26.878321475973717,20.594370558666775,94.10991742279238,0.01084220014285916,0.008914395336305935,0.006171455235668666,0.1428188109329819,12.279875235999498,-0.008834235041759456,0.0278959402895508,0.007488923063352554,0.03020448910443691,-17.161574017656676,deltaC0.2,FGO-G
183,32.49133887150669,27.080897838303258,17.953051939279398,74.43544025386157,0.009470494144421934,0.008167738305882246,0.004793569683039348,0.13184608404421203,8.503474529999949,0.007066902082669256,-0.015418219499307632,0.007079905271407727,0.018379000414249197,70.83315633776328,deltaC0.2,FGO-G
184,28.203516235399103,24.07242571150373,14.695463531462854,69.92732450804678,0.00864229873564725,0.006736164838106683,0.005414186061637075,0.18899178265589256,11.11945363400082,-0.01392308856886337,-0.003012247479102552,0.007050717196797673,0.015894610506740705,-42.875828980557344,deltaC0.2,FGO-G
185,20.470620456479736,18.344805064316564,9.08374531927618,43.84765251452688,0.008765903680347043,0.007518390703706171,0.004507201854759387,0.13869393520391093,13.552181125000061,-0.00976952591735439,-0.0012018216579551587,0.007780840025862212,0.012547090637093871,-16.03084793443668,deltaC0.2,FGO-G
186,25.188328322962832,21.954518493650614,12.347104981222309,85.53462319805065,0.011719451642526892,0.007856504840853235,0.008696026591908282,0.19955324938848898,8.29158108699994,0.003599271198639947,-0.0030383378859889856,0.010540327603857452,0.011544901743515811,-153.1644651086226,deltaC0.2,FGO-G
187,24.358602464146976,21.930311013679848,10.6020268274335,60.2637832356494,0.011221662135014897,0.007734873012724881,0.008130033244055491,0.1844322374565648,10.733905370001594,0.015861710109384638,-0.014747601560807204,-0.017902262965925897,0.028099406020263843,228.05414913376808,deltaC0.2,FGO-G
188,24.944771450506302,21.95206058347961,11.846883930267703,81.23237860264825,0.00984398748740648,0.008472416442600255,0.005012210019080618,0.056866311802712066,8.299789787000918,0.005409667245664383,-0.03930316502518692,0.01952523822463595,0.04421807558493105,15.491884579916587,deltaC0.2,FGO-G
189,36.437380488126884,33.07492333105015,15.288300869674298,61.210542542977194,0.00973526918742911,0.008074476477515188,0.005438593178916822,0.17382099249026628,9.133063943998422,0.0008142621967182365,0.011811929185737587,-0.020831865246355386,0.023961454539660008,-36.8656391271561,deltaC0.2,FGO-G
190,25.738606906618752,22.06370164698984,13.254016565783378,81.9102964228732,0.010620527651745036,0.009351324854303464,0.005034712610543645,0.03319411746840621,8.133396585999435,0.0019681594218642563,-0.005207444719211581,-0.003450664460661945,0.006549673063107274,32.9885776177689,deltaC0.2,FGO-G
191,21.288129637216574,17.85535751409796,11.591836415973278,47.339761713955454,0.009382861428108378,0.007597150875854284,0.005506485916497973,0.17940066808224125,8.622411199998169,0.014635829332827418,0.019630430628915507,0.004304354508324504,0.024861391245657373,-35.955594007873515,deltaC0.2,FGO-G
192,28.772143043325286,22.18611621725814,18.319728778011072,85.71392776189174,0.010702163806204501,0.00798998647627253,0.007120142290980967,0.20514962735467732,11.733335369000997,-0.0009050912998265826,0.021229597592431725,0.014418114238719693,0.025678727040069103,-67.71882397161062,deltaC0.2,FGO-G
193,30.10769062042869,24.803270396308466,17.066657907834742,75.55834980812973,0.010090697922327634,0.007837435389835539,0.006355846998616364,0.18627050180234575,8.949321055999462,-0.010773276358484398,-0.003307163713073603,-0.008185816395196721,0.013928690009373497,126.99557424034174,deltaC0.2,FGO-G
194,30.221034258161524,26.609356322753786,14.326655845719731,73.48479573418012,0.010382419941133798,0.009122524876682898,0.004957235490508235,0.041328989936138316,15.258302795999043,0.005493493445027306,0.012247349335629541,-0.004058022479264345,0.014022966249040111,36.85967886000799,deltaC0.2,FGO-G
195,23.839359692967896,20.867055111426954,11.52740567288983,54.92164431824401,0.010052376569878374,0.008793962322721912,0.004869959072639842,0.16222165249479134,9.803646690001187,-0.005369837374240393,-0.010830622716850554,0.011053266761928249,0.01638023955779939,-21.755068638243756,deltaC0.2,FGO-G
196,22.154485702374977,19.46789400008992,10.574608264044588,53.61763300937566,0.010022078879537683,0.008078543092298465,0.005931206165153261,0.18393518247990212,8.312063651999779,-0.0005100054259722993,0.01718522636590135,0.009574891586875134,0.019679193572964424,-36.932113096152534,deltaC0.2,FGO-G
197,24.244067984942006,20.719165477302926,12.589321442501523,65.43625279904447,0.009578899289386619,0.008014899102886526,0.005245636659811677,0.16000337351033145,11.588666433999606,-0.009601405696508148,0.018114179372078536,0.01882678836783344,0.027834483036693232,81.87412105426665,deltaC0.2,FGO-G
198,29.24661649555069,25.88277807710475,13.617869710390226,60.19108954058183,0.014656601522644929,0.008930051878419443,0.011621968062352219,0.18707993894640443,12.19872582500102,-0.005522737342309001,-0.009018118062421749,0.0031090202937950617,0.011022390318217787,-359.5675204412728,deltaC0.2,FGO-G
199,27.68718539615298,23.544608228322424,14.568172793310737,92.67288834828264,0.010630403816561631,0.007882298143370674,0.007132661584723008,0.1980794716758431,7.968820804002462,-0.0045287368654584525,-0.018985560380680073,0.004202910083146716,0.019965605769222922,-74.8941237495892,deltaC0.2,FGO-G
200,32.32586707772931,27.52849195458577,16.94531832198294,92.05518574923134,0.011616788159418216,0.0098822730479813,0.006106590419042498,0.05905095798143432,12.390853389999393,0.014534945357515637,0.03610895909204393,-0.008547515813871587,0.03985199605848184,43.00518455787642,deltaC0.2,FGO-G
