seed,pos_rms,pos_mean,pos_std,pos_max,vel_rms,vel_mean,vel_std,vel_max,runtime_s,n_iters,converged,rigid_dev,dv_err_R,dv_err_I,dv_err_C,dv_err_norm,t_star_error,config,mode
1,953.8794154700734,845.7651226110726,441.09783113523264,1545.44250671054,0.07116938917843282,0.0647312648472045,0.029579474425897034,0.11236584229932386,5.796172088001185,4,True,,,,,,,deltaC0.2,BLS-B
2,953.9176911830921,846.6729668324016,439.4358301132259,1540.6753407631356,0.07114519155085972,0.06472518279411049,0.02953453898535585,0.1120180313895921,5.973566628001208,3,True,,,,,,,deltaC0.2,BLS-B
3,953.8429794885805,845.9600314937995,440.645043810392,1538.0811082111063,0.07135663635494964,0.0649355583304444,0.02958281285148479,0.11183262801359678,5.936858827999458,3,True,,,,,,,deltaC0.2,BLS-B
4,953.9527404714942,846.1542777838042,440.50966986122194,1538.1641817621348,0.07135039388751419,0.06493903912660508,0.02956010665096924,0.11183988271912741,4.00702741799978,4,True,,,,,,,deltaC0.2,BLS-B
5,953.8498897641441,846.2850489124392,440.0354851490278,1534.6916660013433,0.07136471428268093,0.06495291828415031,0.029564181893317717,0.11158257090576744,5.958702197000093,3,True,,,,,,,deltaC0.2,BLS-B
6,953.8737842215454,845.0239200108585,442.5039783263124,1545.3276772415466,0.07132627692333797,0.0648842188111031,0.029622220190552728,0.11235616663012275,7.946468021000328,4,True,,,,,,,deltaC0.2,BLS-B
7,953.886356718493,846.4564294611961,439.7848275662579,1539.515292435951,0.07118678289238627,0.06476539345522084,0.029546605036081135,0.11193267386234852,6.927902013001585,4,True,,,,,,,deltaC0.2,BLS-B
8,953.8928488412198,846.1535728620129,440.38131000675844,1540.0479126471369,0.07123071110650829,0.06481052665781759,0.029553508067150985,0.11196828631998278,4.431526522999775,3,True,,,,,,,deltaC0.2,BLS-B
9,953.863981128578,846.8142226314906,439.0468845618705,1533.2415275891944,0.0712853230011073,0.06487578844652411,0.029541992972953714,0.11147614589407864,5.816391733000273,4,True,,,,,,,deltaC0.2,BLS-B
10,953.8570862497668,846.6388057699921,439.3700872308631,1536.002757758047,0.07127171007674561,0.06486100366465393,0.029541612360828133,0.11168075772532207,4.409503708000557,3,True,,,,,,,deltaC0.2,BLS-B
11,953.9344078737028,844.7952588423409,443.0709030875917,1555.6510380499594,0.07111922638249825,0.06464801452147066,0.02964082623134439,0.11311416213125136,5.815780054999777,4,True,,,,,,,deltaC0.2,BLS-B
12,953.9337185865227,846.2980449889752,440.1921836018327,1538.3891732673605,0.07132951841557708,0.06491782129370427,0.02955633055500677,0.11185831681131209,6.017245069999262,3,True,,,,,,,deltaC0.2,BLS-B
13,953.956338712599,847.2821318364341,438.3442542576034,1529.5536469939843,0.0713503947853442,0.06496608321142969,0.029500624877959212,0.11120957109738214,4.2686209340008645,3,True,,,,,,,deltaC0.2,BLS-B
14,953.8742451417404,846.499107382117,439.67640003302904,1533.2249444599963,0.071392413878908,0.06498787102480047,0.029554244688727815,0.1114796591725954,8.439908972999547,4,True,,,,,,,deltaC0.2,BLS-B
15,953.8704387158783,845.1740905906516,442.20987149801084,1549.3259136499928,0.07116816958343464,0.064710772985097,0.029621347395548232,0.11264732315149993,8.835467316001086,4,True,,,,,,,deltaC0.2,BLS-B
16,953.838684733102,846.6219958736815,439.36252980453156,1532.496892532407,0.07133329987602667,0.06492511581693526,0.029549433283240608,0.11141975762585321,5.937492470999132,3,True,,,,,,,deltaC0.2,BLS-B
17,953.8722634884103,845.8353651927306,440.9476500014297,1542.4717716502773,0.07122986263551079,0.0648002891749822,0.029573904948660752,0.11214445074532241,5.812333735999346,4,True,,,,,,,deltaC0.2,BLS-B
18,954.0759624887514,846.7703697204183,439.59172326419394,1530.0998780506768,0.07154277818096541,0.06516226165178422,0.029533857964634945,0.11125815623322363,7.966498572001001,4,True,,,,,,,deltaC0.2,BLS-B
19,953.8031184810466,846.2902206195572,439.9241426744736,1539.3991270432318,0.07119958189154599,0.06477069493636518,0.02956581706957005,0.11192339974173238,5.968865161999929,3,True,,,,,,,deltaC0.2,BLS-B
20,953.8915451496242,845.782892513289,441.0899892763288,1546.0455148863716,0.07116090343083277,0.06472327223186894,0.029576548289002403,0.11241146215505876,7.166628768998635,4,True,,,,,,,deltaC0.2,BLS-B
21,953.8134918104274,846.6439078075376,439.265603629492,1537.5591705711174,0.07118605152089238,0.06476343141158956,0.02954914352280754,0.11178861565185566,6.462096923998615,4,True,,,,,,,deltaC0.2,BLS-B
22,953.9294026910438,846.9960237384365,438.83828580670786,1529.054123918892,0.07139067290866892,0.06499588551358641,0.0295324066858311,0.11117150984462408,4.118435551999937,3,True,,,,,,,deltaC0.2,BLS-B
23,953.8669824384374,848.1353638525227,436.49584736737086,1521.5490218860725,0.07132638238559356,0.06493850987256722,0.029503266933449988,0.11062352993936343,5.762803403000362,4,True,,,,,,,deltaC0.2,BLS-B
24,953.8706544992828,846.7943622329566,439.09968527131815,1540.1839605383195,0.07115324708144344,0.06472676294711242,0.029550477637785354,0.11198810195992728,6.018126728000425,3,True,,,,,,,deltaC0.2,BLS-B
25,953.8740572556891,846.5257267538838,439.62473889584334,1535.2624677710774,0.07131560202616818,0.06490717954449601,0.029546118796440313,0.11162608354866854,4.401693743000578,3,True,,,,,,,deltaC0.2,BLS-B
26,953.9058033332958,845.9148602702569,440.86770215892705,1545.8430847789152,0.0711462957743282,0.06470978513782497,0.02957091662131421,0.11239571224568444,12.15359367200108,4,True,,,,,,,deltaC0.2,BLS-B
27,953.9283843273249,846.9311767265757,438.9612104888975,1532.4248204938908,0.0712830669520791,0.06488072368613819,0.029525706224535597,0.11141214793650514,5.690664465999362,4,True,,,,,,,deltaC0.2,BLS-B
28,953.925422591874,846.5440007505063,439.70099688357834,1539.4073024988502,0.07122529095809947,0.06481130153664805,0.029538741767238644,0.11193169145026462,9.990071738000552,4,True,,,,,,,deltaC0.2,BLS-B
29,954.052469122742,846.3975347505517,440.2582503569796,1540.2176922827693,0.07128939206644468,0.06488297129683492,0.029536036580715467,0.11198773208001966,5.967527619999601,3,True,,,,,,,deltaC0.2,BLS-B
30,953.8642990217398,846.1542077289511,440.31824592086326,1533.364164751402,0.07146121174710013,0.06505255633716182,0.029578196333858327,0.11148834004658754,5.98917485399943,3,True,,,,,,,deltaC0.2,BLS-B
31,953.8873256478031,845.9012157611118,440.8539023365797,1534.718439989892,0.071452896704937,0.06503885988411796,0.029588226585932218,0.11158332253329634,4.092963638000583,4,True,,,,,,,deltaC0.2,BLS-B
32,953.9130292199569,846.5684647948264,439.6270029587868,1534.938207750856,0.07136604717638047,0.06496184913381661,0.029547772279761002,0.11160771767290113,4.39347505799924,3,True,,,,,,,deltaC0.2,BLS-B
33,953.9108710007097,846.0850120412964,440.55204256978755,1541.5155095429577,0.07126087231939955,0.06483903054688224,0.02956369465175549,0.11208438038870992,6.9341041009993205,4,True,,,,,,,deltaC0.2,BLS-B
34,953.9460913100671,845.444895867139,441.85526270257026,1546.2606486971376,0.07126719991851173,0.06483378577100647,0.029590437759931115,0.11243141370276337,5.874599019998641,4,True,,,,,,,deltaC0.2,BLS-B
35,953.880052089852,845.3922134694769,441.81348913327355,1550.187663882421,0.07107493980341344,0.06461639056920435,0.02960353252344864,0.11270488079123385,5.753167453998685,4,True,,,,,,,deltaC0.2,BLS-B
36,953.9211589960443,846.3631321459613,440.03980061402876,1535.362256620748,0.07137510699146543,0.06496925124728924,0.029553380355041316,0.11163578724829487,6.199309138000899,4,True,,,,,,,deltaC0.2,BLS-B
37,953.9327997885553,847.2203301818035,438.4124754601172,1535.6702448263252,0.07118889801043955,0.06478463911766813,0.02950948549762044,0.11165653640121803,5.958369441999821,3,True,,,,,,,deltaC0.2,BLS-B
38,953.9117720265418,846.6718753120971,439.4250839065905,1540.5485844143832,0.07115657800448161,0.06473842267151363,0.02953295148325554,0.11201398891291024,3.047366538999995,3,True,,,,,,,deltaC0.2,BLS-B
39,953.936954925728,846.1841399203984,440.4181142052924,1536.64029982541,0.07136613179192158,0.06496085507713927,0.029550162006135094,0.11172258075071234,5.679394455000875,4,True,,,,,,,deltaC0.2,BLS-B
40,953.9341749532144,845.4690147339034,441.7833804802447,1548.3864695004565,0.07119474949690599,0.064753890683515,0.029590978308845814,0.11258276055118108,4.378082830999119,3,True,,,,,,,deltaC0.2,BLS-B
41,953.9237032318214,847.219480196025,438.39432473959926,1531.9606048049525,0.0713027596431375,0.0649088532427335,0.02951142665884392,0.11138670957551879,6.069107145000089,4,True,,,,,,,deltaC0.2,BLS-B
42,953.9433001234519,846.8618640311929,439.1273199199015,1531.4139248708746,0.07135355681876,0.06496066921368406,0.029520188447879736,0.11133935358238711,6.313233366001441,3,True,,,,,,,deltaC0.2,BLS-B
43,953.8307151491784,846.474160004461,439.6299917052239,1537.3978165449057,0.07123418061057794,0.06481618024121477,0.02954947150455989,0.11177847384642683,6.095378396999877,3,True,,,,,,,deltaC0.2,BLS-B
44,953.8901298995091,845.7339000879597,441.18085878889997,1541.9609918275619,0.07132180395657321,0.06489623489906114,0.02958510462286286,0.1121171155258044,5.938955735999116,4,True,,,,,,,deltaC0.2,BLS-B
45,953.8866338461834,846.9668012633729,438.80171807787264,1536.6148034391047,0.0712207144611085,0.06480995453536573,0.029530661378888497,0.1117290347407999,4.404608033000841,3,True,,,,,,,deltaC0.2,BLS-B
46,953.8433733452924,846.70042911815,439.22154342184456,1535.3765359920183,0.07128097538022836,0.0648726564087191,0.029538380145718857,0.11163426914201482,3.9764872929990815,4,True,,,,,,,deltaC0.2,BLS-B
47,953.8668375415615,845.6001963110149,441.38673718215966,1541.8838501151938,0.07132495509035267,0.06489526657686856,0.029594823779809716,0.11210825675900736,7.353209028999117,4,True,,,,,,,deltaC0.2,BLS-B
48,953.950080619261,846.5500827665682,439.7427812726561,1541.764409064034,0.07116801301337966,0.06475165880816873,0.02953148756603843,0.11210184897431183,4.437131292999766,3,True,,,,,,,deltaC0.2,BLS-B
49,953.9169606673131,846.3116533436997,440.1297005013611,1537.113235749549,0.0712677555276445,0.06485140598701337,0.029553140602238334,0.11174998103980065,5.999452449999808,3,True,,,,,,,deltaC0.2,BLS-B
50,953.8878315496347,846.7172194589501,439.2857218828861,1532.7847207330158,0.0713611852439763,0.06495838444787383,0.029543646514053137,0.11144537566958192,6.048056363000796,3,True,,,,,,,deltaC0.2,BLS-B
51,953.9736620488526,846.622263443158,439.65496804344457,1540.483594511187,0.07118750000782344,0.0647749886200159,0.029527292572138583,0.11200744575799985,6.091073666000739,3,True,,,,,,,deltaC0.2,BLS-B
52,953.857554662686,846.0450447593698,440.5133560122723,1541.866204544297,0.07121528401203306,0.06478874243390857,0.02956409191480753,0.11210421353829887,5.958510684999055,4,True,,,,,,,deltaC0.2,BLS-B
53,953.8355824221612,846.1609697970634,440.24303684069366,1539.4550747616402,0.07127643945021632,0.0648545227744176,0.02956724025679268,0.1119337005434196,4.387893570001324,3,True,,,,,,,deltaC0.2,BLS-B
54,953.861717708926,846.8317507317294,439.0081576272325,1531.8452553802078,0.07135106055734443,0.06495022731296425,0.02953712603914106,0.11137619616834202,4.376704567999695,3,True,,,,,,,deltaC0.2,BLS-B
55,953.8348097929398,846.4655279633341,439.65549506686233,1539.72484757982,0.07116136085131454,0.06473627704176305,0.029549174489029377,0.11194646247403837,3.986479901999701,4,True,,,,,,,deltaC0.2,BLS-B
56,953.9075372339956,847.2188177358269,438.36042757773504,1528.0754034684276,0.07140638287298762,0.06501653471601593,0.02952493401389399,0.11110780620108325,6.40016966300027,4,True,,,,,,,deltaC0.2,BLS-B
57,953.8845961508949,846.0925911768423,440.4805897308222,1540.1176218631165,0.07127524915619966,0.06485520379258475,0.029562876776468162,0.11198083175330992,8.405052443999011,4,True,,,,,,,deltaC0.2,BLS-B
58,953.8551081755107,847.6167409244013,437.4762026638843,1525.1270231491678,0.07134993097724791,0.06495946342649088,0.02951407734963832,0.11088659190033033,6.7023611620006704,4,True,,,,,,,deltaC0.2,BLS-B
59,953.8621805834633,846.9289268297641,438.82166360199653,1535.5523596845035,0.07121677982464647,0.06480382202034968,0.029534630184700348,0.11164701812000873,8.332717486000547,4,True,,,,,,,deltaC0.2,BLS-B
60,953.8102381578074,846.3252857748528,439.87211899911017,1538.7791293290309,0.07122364334979213,0.06479525231302734,0.029569961949747484,0.11187981897425885,4.373591027000657,3,True,,,,,,,deltaC0.2,BLS-B
61,953.8551357841932,846.1215444864094,440.36116088707763,1539.2842257144252,0.07128671531452004,0.06486266683740959,0.029574148019387358,0.11192011937212472,6.005134824999914,3,True,,,,,,,deltaC0.2,BLS-B
62,953.936542155656,847.4486874086886,437.97905049120806,1529.9995812509703,0.07128215133817546,0.064890928248139,0.029501059819834037,0.11124160165159887,4.399968832000013,3,True,,,,,,,deltaC0.2,BLS-B
63,953.9660784453612,844.8032683029177,443.1238164318517,1545.173204252232,0.07141567948746963,0.06497869390530124,0.029630535179408408,0.11234508464082722,7.408989139999903,4,True,,,,,,,deltaC0.2,BLS-B
64,953.8772744062147,847.0702179931898,438.581691840413,1531.7966583874138,0.07125995252931118,0.06485815502820048,0.029519494589467402,0.11136602605132936,4.198287627999889,3,True,,,,,,,deltaC0.2,BLS-B
65,953.8733178558717,846.4121471003358,439.8417712750443,1535.68737457092,0.07133346168481751,0.06492604747462394,0.02954777682436032,0.11165634937353154,6.103425742001491,3,True,,,,,,,deltaC0.2,BLS-B
66,953.8958613197352,846.4665470802954,439.7859694406833,1535.4290448340514,0.07136579591388927,0.06496012350942632,0.029550959037956334,0.11164398590925266,4.353773165999883,3,True,,,,,,,deltaC0.2,BLS-B
67,953.8751451758242,846.5613876017642,439.55842570240304,1538.5255795769438,0.07118111608002356,0.0647589239779419,0.029547132713969575,0.11185588868156299,2.9111681819995283,3,True,,,,,,,deltaC0.2,BLS-B
68,953.8978639544393,846.3436937519333,440.02668885327387,1534.8628550647006,0.07135831365577576,0.06495049262475083,0.029554059545149818,0.11159289160176372,6.166485060000923,4,True,,,,,,,deltaC0.2,BLS-B
69,953.8371748882527,846.867582661866,438.88569540969377,1532.6831361819711,0.07127857651526352,0.06486617758272084,0.029546818371005725,0.11143266382858559,4.4040447949992085,3,True,,,,,,,deltaC0.2,BLS-B
70,953.9604489493054,846.1706686379652,440.4948781726513,1535.339703795861,0.07139624784148582,0.06498717648384894,0.029565031684406155,0.11162494224325953,8.643373449998762,4,True,,,,,,,deltaC0.2,BLS-B
71,953.8329095030942,845.9779524788248,440.5888368659303,1539.8903948564714,0.07123440277334601,0.06480387084287065,0.0295769921096758,0.11195320316791345,4.172654956999395,4,True,,,,,,,deltaC0.2,BLS-B
72,953.8039011433193,845.9333557681673,440.6116651145562,1543.7645528912046,0.07115594818947205,0.06471287729046933,0.02958737020303578,0.11224356805074043,4.416885384000125,3,True,,,,,,,deltaC0.2,BLS-B
73,953.8839730206079,845.6695467535525,441.2908923592476,1548.3135034098775,0.07109609193304768,0.06464748308207087,0.02958643640768062,0.11257342364522811,4.4030793530000665,3,True,,,,,,,deltaC0.2,BLS-B
74,953.9127005174656,845.9312731276912,440.8511328703687,1538.3657465874517,0.07142637670944552,0.06501246701220126,0.029582197734905735,0.11185930611668385,5.852724048001619,3,True,,,,,,,deltaC0.2,BLS-B
75,953.8839398913822,846.8894386306607,438.94515547907594,1533.654314956017,0.07127549274494357,0.064869618003948,0.029531822261018192,0.111505317751278,6.141489753999849,4,True,,,,,,,deltaC0.2,BLS-B
76,953.9250683362377,847.1756378353801,438.48201178442025,1527.557376055343,0.07140551574443552,0.06501986241801067,0.02951550727790039,0.11106257448716758,8.244629111000904,4,True,,,,,,,deltaC0.2,BLS-B
77,953.864533655915,846.790155868481,439.0945006383587,1535.7452402038634,0.07131522164944383,0.06490773239284257,0.029543986097485857,0.11167033678850917,9.08507457199994,4,True,,,,,,,deltaC0.2,BLS-B
78,953.8956759163635,846.6665718772155,439.40036026114046,1532.1427665092278,0.07138715577708388,0.06498902900129787,0.029538993202377534,0.11139929551920172,6.03463049399943,3,True,,,,,,,deltaC0.2,BLS-B
79,953.8738886966604,845.986222281185,440.6616698190327,1540.982287777939,0.07125728221924907,0.06483099276309565,0.029572667222033763,0.1120417338907078,5.190494290998686,3,True,,,,,,,deltaC0.2,BLS-B
80,953.8169954256302,845.8205111633162,440.8565794657073,1538.4431333431048,0.071336443923358,0.0649075063289101,0.029595672889679268,0.1118507907900528,5.164487213000029,4,True,,,,,,,deltaC0.2,BLS-B
81,953.8581209638999,846.8447557036518,438.9752551864446,1533.462603827847,0.07126545452048753,0.06485801306743008,0.02953308566602458,0.11149039361603683,12.30393312600063,4,True,,,,,,,deltaC0.2,BLS-B
82,954.0256147648577,844.319436668517,444.1728970696236,1557.9369910632665,0.07115705483149991,0.064678338190978,0.029665451642382965,0.11327843500497409,7.39503534799951,4,True,,,,,,,deltaC0.2,BLS-B
83,953.9754086469849,845.8018414532357,441.2350000821526,1546.0923397884096,0.07121011492709793,0.06477484173000538,0.029582095037087062,0.11241911651527516,3.0349327880012424,3,True,,,,,,,deltaC0.2,BLS-B
84,953.868495133911,846.4732382568857,439.71372837783156,1536.8487039051222,0.07128899982870016,0.06487455803801755,0.029553565198606784,0.11174199325302667,8.724958265000168,4,True,,,,,,,deltaC0.2,BLS-B
85,953.9208701488366,846.9195194506502,438.96737245380007,1533.44365505415,0.07131256679617437,0.06491266607726166,0.029526733070232365,0.1114969737818041,6.6438291869999375,4,True,,,,,,,deltaC0.2,BLS-B
86,953.810332509901,846.3777892416715,439.7712908785982,1538.313340938059,0.07119063363991082,0.06476311860669026,0.029560865792256034,0.11183994827265256,7.853748977000578,4,True,,,,,,,deltaC0.2,BLS-B
87,953.8814080353263,845.6059153433487,441.4072683268756,1544.8113706787626,0.07124810723839538,0.06481483794458923,0.02958596909466586,0.11232266748379897,8.053510609999648,4,True,,,,,,,deltaC0.2,BLS-B
88,953.9686022315555,845.3147865999266,442.15269489074495,1548.1859646606813,0.07125687886498737,0.06482302609453397,0.029589154660565286,0.11256748186858405,3.0230054860003293,3,True,,,,,,,deltaC0.2,BLS-B
89,953.8333135533956,846.900269893327,438.81422367427905,1529.5851918034348,0.0713781242630752,0.06497545808131124,0.029547021346301074,0.11121064684691506,4.39489450200017,3,True,,,,,,,deltaC0.2,BLS-B
90,953.9182646995403,846.1252988887876,440.4906744844233,1540.9539035424016,0.07123101966210083,0.06480738602907299,0.029561137971690313,0.11203624581171587,3.0327904160003527,3,True,,,,,,,deltaC0.2,BLS-B
91,953.9327765514123,846.2608085465328,440.2617245426354,1537.7088543087873,0.07133274362342337,0.06492003920783268,0.029559242583302336,0.11180767313401542,6.136741895999876,3,True,,,,,,,deltaC0.2,BLS-B
92,953.8544284535141,846.7018538927673,439.2428044885094,1533.035410581309,0.07135057285309032,0.0649468832182113,0.029543300538432973,0.11146606854521207,6.3133134720010275,4,True,,,,,,,deltaC0.2,BLS-B
93,953.9663523950186,846.1383852995659,440.56967034113893,1533.7625632633183,0.0714513719381041,0.0650441826356078,0.029572839855228437,0.11151195253740429,4.33284490799997,3,True,,,,,,,deltaC0.2,BLS-B
94,953.9323328685949,847.0303833262827,438.7783328905955,1526.5755595130247,0.07148850874374668,0.06510073010014739,0.029538141831071722,0.11099531206613181,11.17762767000022,4,True,,,,,,,deltaC0.2,BLS-B
95,953.924812674869,846.7144975003878,439.371264376097,1538.388351293138,0.07121924710386678,0.06480796436615698,0.029531490188552324,0.11185690226609706,3.0040023879992077,3,True,,,,,,,deltaC0.2,BLS-B
96,953.8605888560104,845.8002563937006,440.9897382673267,1537.0680233605156,0.07140908220642327,0.0649897999226279,0.029590250549471696,0.11175512964042937,12.303659473000153,4,True,,,,,,,deltaC0.2,BLS-B
97,953.9081624709207,845.6537871238827,441.3733734058768,1540.889968424086,0.07135095071948082,0.0649289970879455,0.02958350056581109,0.11203542199403992,4.0064679739989515,4,True,,,,,,,deltaC0.2,BLS-B
98,953.9138733836377,846.3615711238775,440.02700912386763,1538.0099517463004,0.071311300361199,0.06490005693038857,0.029551381856648667,0.11182978591985533,6.0320017430003645,3,True,,,,,,,deltaC0.2,BLS-B
99,953.8529529853695,845.7920210969991,440.98901683325755,1543.5137012257373,0.07122065846438094,0.06478777189954626,0.029579161658038266,0.11222640462851968,5.9159301850013435,4,True,,,,,,,deltaC0.2,BLS-B
100,953.8592745398189,845.9099305468434,440.7764796672624,1544.6413754328426,0.07117161199566706,0.06473630398291859,0.029573794154503383,0.11230920930183588,5.883286940999824,4,True,,,,,,,deltaC0.2,BLS-B
101,953.932900606077,845.5637623298602,441.5992557662383,1546.3426323136396,0.07126408767734861,0.06483136906832862,0.029588237142671954,0.11244081150399327,8.457537512998897,4,True,,,,,,,deltaC0.2,BLS-B
102,953.8761285750027,846.7806778579786,439.13796496274045,1534.1397445024902,0.07130041127340943,0.06489423428696824,0.029537890988786022,0.1115461967965784,4.378756821999559,3,True,,,,,,,deltaC0.2,BLS-B
103,953.913842973095,846.9596543885725,438.87465597102823,1535.6911456601688,0.0712020338368865,0.06479383845028183,0.029520977649595364,0.11165364829027413,6.017481447999671,3,True,,,,,,,deltaC0.2,BLS-B
104,953.8078056971397,846.1299970877382,440.24238577980736,1536.0171950090032,0.07137918137723129,0.06496052471699532,0.02958238939937617,0.11168286372616519,3.8582083370001783,4,True,,,,,,,deltaC0.2,BLS-B
105,953.9097978810667,847.6931411422811,437.4474150727493,1527.1406491272357,0.07134055874941952,0.06495480239791232,0.02950167737820245,0.11104030191441713,4.380138868000358,3,True,,,,,,,deltaC0.2,BLS-B
106,953.8941525103833,846.0418073249099,440.5988134935258,1542.924678114009,0.07119479199637319,0.06476684441851116,0.029562717592860298,0.11218354756285642,8.732869900999503,4,True,,,,,,,deltaC0.2,BLS-B
107,953.9087425385112,846.6316301340678,439.49604315389985,1540.02050955225,0.07121747002391805,0.06480009935475625,0.02954446073668266,0.1119805651715431,5.966614141998434,3,True,,,,,,,deltaC0.2,BLS-B
108,953.8456460037179,846.7792614516105,439.0744797590895,1529.0529189535255,0.07142743911063935,0.0650272067217941,0.029552350902511106,0.11117210927820136,5.8841552610010694,3,True,,,,,,,deltaC0.2,BLS-B
109,953.9589444942785,846.8695400007969,439.1465017502439,1538.8733608926982,0.07115594207436621,0.06474030454214469,0.029527293480455,0.11188612728312594,3.747267982000267,4,True,,,,,,,deltaC0.2,BLS-B
110,953.9766465576274,846.5233797422715,439.8518042785076,1535.4196080394688,0.07135139501404986,0.06495345455513535,0.029530836625550352,0.11163745417936839,8.86055884399866,4,True,,,,,,,deltaC0.2,BLS-B
111,953.8260514651967,846.306723366227,439.9421171458908,1535.0090071636466,0.07136790443223862,0.06494774460153088,0.029583242794248548,0.1116082442985187,5.931195831999503,4,True,,,,,,,deltaC0.2,BLS-B
112,953.888822425174,845.7284826897013,441.1884167961132,1542.2413255002045,0.07127529511042961,0.06484860337003681,0.02957746327923481,0.1121318661086562,2.9863724280003225,3,True,,,,,,,deltaC0.2,BLS-B
113,953.9853618473259,846.6781344296385,439.57275540884075,1539.9349860902648,0.0712215507308,0.06481235639208097,0.029527406716571003,0.11196951575877721,5.790487988999303,4,True,,,,,,,deltaC0.2,BLS-B
114,953.9078215626829,845.4372051696657,441.78735173538837,1544.442510933023,0.07131141236676858,0.06487840152486998,0.029599164672690744,0.1122964715271584,5.781912337999529,4,True,,,,,,,deltaC0.2,BLS-B
115,953.8696811612026,846.2098233323535,440.22301568000887,1537.1093165214713,0.07132719160776159,0.06491172901323063,0.029564094763128632,0.11175989210766855,3.941775151000911,4,True,,,,,,,deltaC0.2,BLS-B
116,953.8742627155233,846.5767882138571,439.526848700501,1542.608261944661,0.07113119042404518,0.06470119726680526,0.029553363994370044,0.11216606100189028,4.349544523000077,3,True,,,,,,,deltaC0.2,BLS-B
117,953.9038714096938,846.9167162429843,438.9358400023882,1530.2641031191329,0.07134925234493249,0.06495374950108801,0.02952501034598911,0.1112541569697127,6.041639897001005,3,True,,,,,,,deltaC0.2,BLS-B
118,953.9271551641966,847.4967208905058,437.8656477042898,1531.0877498362354,0.07127946960281126,0.06488825663503855,0.029500456568051083,0.11132736562009671,6.041161715000271,3,True,,,,,,,deltaC0.2,BLS-B
119,953.9235616590281,845.5523748098401,441.6008864819968,1541.122198887222,0.07140749543385021,0.06498707785443529,0.029592399633637398,0.11205623152269972,8.817994348999491,4,True,,,,,,,deltaC0.2,BLS-B
120,953.9657465634727,845.6452473202495,441.51416885653634,1550.030730699902,0.07107442360995878,0.06462482825415297,0.0295838683171944,0.11269944410619431,6.117976988000009,3,True,,,,,,,deltaC0.2,BLS-B
121,953.872683785224,846.9270178224867,438.84817802280475,1534.531234748967,0.07123516073894484,0.06482569001970649,0.02953096745743752,0.11157192069878971,4.61752896300095,4,True,,,,,,,deltaC0.2,BLS-B
122,953.8262302762093,846.038661435432,440.45778562703026,1538.1203842141713,0.07132100430978626,0.0648974587741462,0.029580491889327088,0.11183396968473802,8.45315486599975,4,True,,,,,,,deltaC0.2,BLS-B
123,953.9671303644039,847.8851727527993,437.20020544557286,1519.4141772464457,0.07147247845274439,0.06509918804449788,0.029502726859141626,0.11046894697144918,7.99231796300046,4,True,,,,,,,deltaC0.2,BLS-B
124,953.856850319698,846.3376613520679,439.9493764956679,1539.5194784657306,0.07122381979036982,0.06480394954067233,0.029551321957927205,0.11193494043124784,2.8071446630001446,3,True,,,,,,,deltaC0.2,BLS-B
125,953.8988463708299,847.3360774002671,438.114803497358,1532.6709191501902,0.07121542644118228,0.06481190601521983,0.0295136206161453,0.11143370746906389,6.0681181979998655,3,True,,,,,,,deltaC0.2,BLS-B
126,953.8277111500355,846.817734992385,438.96130382994187,1529.7650413661788,0.07137729236456272,0.0649751360885946,0.02954571975032717,0.11122295256695601,8.439497363000555,4,True,,,,,,,deltaC0.2,BLS-B
127,953.8962892981876,847.0279325467574,438.7046981996173,1530.6265800575095,0.07129221321357439,0.0648932924836601,0.029520166929065544,0.11127540084383229,5.449151547998554,3,True,,,,,,,deltaC0.2,BLS-B
128,953.8759761381726,845.8973110206889,440.83683723291495,1541.4488725501385,0.07129662892245925,0.06487243350989709,0.029576623644541198,0.11208102295256672,4.657712738000555,3,True,,,,,,,deltaC0.2,BLS-B
129,953.8842769738504,845.8431407004637,440.9587227710787,1537.2799968064933,0.07143810440814548,0.06502134443679902,0.02959100419148088,0.1117766066117344,4.325527470999077,3,True,,,,,,,deltaC0.2,BLS-B
130,953.8231794622179,847.0977078248849,438.41091578248876,1531.647974429011,0.07126412512171866,0.06485625404986256,0.02953374070421252,0.11136160383706219,3.944637438000427,4,True,,,,,,,deltaC0.2,BLS-B
131,953.9064915101364,845.3793639138988,441.8951522858219,1543.5841404821626,0.07132692130507236,0.06489195923439306,0.02960681221580356,0.11223169953978357,2.9349260379985935,3,True,,,,,,,deltaC0.2,BLS-B
132,953.8692174151838,845.7567264653454,441.09187656414394,1543.8926410690494,0.07124623113137098,0.06481378770903018,0.02958375184511768,0.11225479257274565,10.760242103000564,4,True,,,,,,,deltaC0.2,BLS-B
133,953.8649184941941,845.8226033715126,440.95624086724524,1535.2617083139753,0.07143910500272231,0.06501919952775516,0.0295981319741626,0.11162102094520591,6.047782739000468,3,True,,,,,,,deltaC0.2,BLS-B
134,953.9616252505888,846.1762841616854,440.4866383592893,1536.20987168209,0.07141488368036195,0.06501180004857533,0.029555904072176287,0.11169763776925501,7.955563847999656,4,True,,,,,,,deltaC0.2,BLS-B
135,953.8893324091009,846.1282019866262,440.4224384460442,1541.9347863891655,0.07119205654070054,0.06476688518409102,0.02955603995878126,0.11210775273491118,6.199130767998213,3,True,,,,,,,deltaC0.2,BLS-B
136,953.9202005246106,847.686768031595,437.4824479599862,1529.7537643848339,0.07126072335759695,0.06486895335657925,0.02949761996958248,0.11122730762596879,6.9733296430003975,4,True,,,,,,,deltaC0.2,BLS-B
137,953.9190828598843,846.2136977074346,440.32260270914236,1542.2490019119882,0.07115510546804264,0.06472760923275069,0.029553098605401788,0.11212881412613081,4.319288750000851,3,True,,,,,,,deltaC0.2,BLS-B
138,953.8885129188833,846.1770331352501,440.3268373299817,1539.7787526386926,0.07126289109268345,0.06484323049326413,0.029559348877894548,0.11195393472714395,2.859190953000507,3,True,,,,,,,deltaC0.2,BLS-B
139,953.9017050668799,846.4496471299178,439.8311696584706,1537.9968806490838,0.07125318546078219,0.06483948338046783,0.029544167499908666,0.11182247305353588,5.783155797998916,4,True,,,,,,,deltaC0.2,BLS-B
140,953.9813632749493,845.5171595301002,441.79313532023326,1544.9660657758152,0.07133312738152556,0.06490737465340961,0.029587966770815342,0.11233835784923983,5.990136098000221,3,True,,,,,,,deltaC0.2,BLS-B
141,953.9034483726292,846.4675102102714,439.8005718227493,1539.8658057185958,0.07120975899900464,0.0647934260154387,0.029540509844587934,0.11196191303444589,2.9933702039998025,3,True,,,,,,,deltaC0.2,BLS-B
142,953.8523117386329,845.5686911173611,441.41570113806205,1544.2792344719378,0.07127132431937751,0.06482990254213043,0.02960887378161762,0.11228413200324225,8.092491239000083,4,True,,,,,,,deltaC0.2,BLS-B
143,953.9462354533648,846.1323477802626,440.53770573641805,1539.400391021841,0.07127149747475177,0.06485423319830133,0.02955596028813644,0.11192164995531245,6.056535489999078,3,True,,,,,,,deltaC0.2,BLS-B
144,953.8863959517832,845.9320184611782,440.79278184207936,1538.483096827538,0.0713360765538998,0.06491567298303842,0.029576869666397537,0.11185700239306472,6.906533842999124,3,True,,,,,,,deltaC0.2,BLS-B
145,953.9376082696967,847.7823653181996,437.3351363963199,1531.1484962168395,0.07117552761778283,0.06477823169319119,0.029491294145442427,0.11132447311581718,4.392222124999535,3,True,,,,,,,deltaC0.2,BLS-B
146,953.9001326660286,846.6450065119973,439.45158555700635,1533.970453451426,0.07131834495800507,0.06491005097201966,0.02954643143188052,0.11152645865187388,4.063107108999247,4,True,,,,,,,deltaC0.2,BLS-B
147,953.8635530502577,847.0671961573887,438.5576849534413,1534.237945258829,0.07123327323660786,0.06482665788390826,0.02952428904485169,0.11155254213316056,7.8788881020009285,4,True,,,,,,,deltaC0.2,BLS-B
148,953.8275961097255,846.0480524569049,440.4427045988342,1542.0436425713601,0.07121602827170084,0.06478584645487306,0.029572229911207306,0.11212016135332444,2.9397612510001636,3,True,,,,,,,deltaC0.2,BLS-B
149,953.8593902667473,846.5036509380645,439.6354232185781,1537.5556473119261,0.07124536627706324,0.06483062930344279,0.02954474098841426,0.11179027719225774,7.9746923740003695,4,True,,,,,,,deltaC0.2,BLS-B
150,954.0232283342857,846.1339817901104,440.70126510073226,1551.4298716763817,0.0709998711731023,0.0645527139492446,0.0295622872657737,0.11280824647387873,8.227483029999348,4,True,,,,,,,deltaC0.2,BLS-B
151,953.868333456924,847.5212594197594,437.68997292996613,1527.728500544721,0.07131305124891985,0.06491687380128817,0.02951865129538771,0.11107816587083268,4.817936579000161,3,True,,,,,,,deltaC0.2,BLS-B
152,953.8025060902544,846.353575993605,439.80091521833725,1534.4466724685485,0.07131729869446457,0.06489781259675219,0.029570779719721798,0.11156091232448416,4.3742556479992345,3,True,,,,,,,deltaC0.2,BLS-B
153,953.9499281954281,845.8732989478402,441.04288638539464,1545.6371087696455,0.07115815608364548,0.0647253906644377,0.029565300278542317,0.11237853971484763,7.969528812000135,4,True,,,,,,,deltaC0.2,BLS-B
154,953.9115282560742,846.35723402558,440.0302673139752,1534.717277442221,0.07140901659722604,0.06500657302439852,0.029553225120220756,0.11158875493774426,4.360394786999677,3,True,,,,,,,deltaC0.2,BLS-B
155,953.8879897842049,846.7106453927018,439.298736662451,1534.1826405227803,0.07128524296085978,0.06487964307257078,0.029533333350040693,0.1115415379905538,2.9260526380003284,3,True,,,,,,,deltaC0.2,BLS-B
156,953.8063322771626,847.0148763231261,438.53428461105835,1533.624324531317,0.07124235600447398,0.06482963279163563,0.029539668264384634,0.1115072426678802,8.627948790001028,4,True,,,,,,,deltaC0.2,BLS-B
157,953.8339547696262,846.3773848578937,439.8233005112145,1537.1788583334699,0.07125470965181466,0.06483298745595978,0.029562093719825933,0.11175954912398908,5.93252019800093,3,True,,,,,,,deltaC0.2,BLS-B
158,953.8400113048749,846.5462034047054,439.5114249563521,1534.2363342441458,0.07135454725696984,0.06494518452453872,0.029556630750489078,0.11155590538057591,7.923567709998679,4,True,,,,,,,deltaC0.2,BLS-B
159,953.9505155063148,845.959487902595,440.8788165271077,1545.5490199952771,0.07120155757845142,0.06477430890836712,0.02956265730682827,0.11238113692537512,3.0710163109997666,3,True,,,,,,,deltaC0.2,BLS-B
160,953.9599145609435,846.8956893150036,439.0981780977774,1526.9556722807906,0.07146607072514112,0.06508066137550786,0.029528067661419223,0.11101212509406987,7.999641463999069,4,True,,,,,,,deltaC0.2,BLS-B
161,953.880852868167,846.1922189828055,440.2810579634983,1545.0101689471123,0.07107727282010882,0.06463687248198842,0.029564394586924125,0.11233245625098488,6.02590250799949,3,True,,,,,,,deltaC0.2,BLS-B
162,953.9847290169839,847.9913009585403,437.032740988877,1528.2101609248637,0.07120771038102466,0.06482201404072893,0.029472775800922297,0.1111071115541737,4.003597189001084,4,True,,,,,,,deltaC0.2,BLS-B
163,953.8815443414315,845.8485216242102,440.9424895622242,1541.7293281079262,0.07127407388743269,0.06484670141261945,0.029578690376921606,0.11209691743259179,2.8850821940013702,3,True,,,,,,,deltaC0.2,BLS-B
164,953.869040654433,846.4900910787587,439.6824677247014,1540.3661255512106,0.07115270303617263,0.06472762718154107,0.02954727447331135,0.11199464155769281,5.781493239999691,4,True,,,,,,,deltaC0.2,BLS-B
165,953.9244149935562,846.9939177734935,438.8315084124056,1529.2839204347683,0.07138750341114378,0.06499428334102014,0.029528270797038816,0.11118964304253443,4.333742333999908,3,True,,,,,,,deltaC0.2,BLS-B
166,953.9509462223594,846.620455024177,439.60915929174007,1540.8049594334882,0.07115929801861776,0.06474376609385529,0.029527791087154,0.11202505974784834,7.944642262000343,4,True,,,,,,,deltaC0.2,BLS-B
167,953.835893310816,846.5351267596474,439.5238224830028,1536.6648606723954,0.07121587655038734,0.06479562209995265,0.0295504387365084,0.11172117994099796,50.168463207999594,13,True,,,,,,,deltaC0.2,BLS-B
168,953.8718945284681,846.7126408104995,439.2599401983285,1537.3056967465288,0.071217614677008,0.06480267965370988,0.029539149445802246,0.11177650535932433,5.769153049999659,4,True,,,,,,,deltaC0.2,BLS-B
169,953.8904132573218,846.4442420001754,439.8170820795535,1543.3945843711426,0.07106965848508004,0.06463241230262357,0.02955583930680341,0.11221296755887289,8.728293616000883,4,True,,,,,,,deltaC0.2,BLS-B
170,953.9531243561225,848.2307274937481,436.49879313033006,1527.752489533343,0.07118550661735377,0.0647971794511546,0.029473749126030555,0.1110767644335693,8.099947265000083,4,True,,,,,,,deltaC0.2,BLS-B
171,953.8424858928706,846.4940613334416,439.61721078855254,1539.8210197101746,0.07117002972357407,0.0647394756212371,0.02956304157460234,0.11195471014475843,2.8860525750005763,3,True,,,,,,,deltaC0.2,BLS-B
172,953.8557642784386,846.1427193962085,440.3218339578373,1533.2118007605695,0.07144058590921923,0.06502830500654515,0.029581698109274746,0.11147509457388752,6.019782916000622,3,True,,,,,,,deltaC0.2,BLS-B
173,953.8499801109684,846.3649572527243,439.88196563656595,1534.9214948997997,0.07138288166183099,0.06497393693187167,0.029561855725243776,0.11160403838596926,4.123974438000005,4,True,,,,,,,deltaC0.2,BLS-B
174,953.8882904766748,847.5786491235136,437.622330621362,1534.5573736505698,0.07112947456225358,0.06471941747463221,0.029509306214252993,0.11157710488212681,9.335838578999756,4,True,,,,,,,deltaC0.2,BLS-B
175,953.8433757607872,846.5867825927725,439.4405591453207,1530.7977378199178,0.07139361528382332,0.06498657752612255,0.029559990607844134,0.11129571854379079,6.028475087001425,3,True,,,,,,,deltaC0.2,BLS-B
176,953.8911801914555,846.0954464268254,440.4893633027236,1538.0660999805173,0.07135686622508244,0.06494175247802642,0.029569767373908436,0.11183221064212798,7.045765533999656,4,True,,,,,,,deltaC0.2,BLS-B
177,953.7982138706989,846.1187467016358,440.24322739025575,1539.899475221662,0.07123054644165837,0.06480009267219075,0.029575982419063285,0.11196240508436729,6.004975624000508,3,True,,,,,,,deltaC0.2,BLS-B
178,953.85569883338,845.9570969770916,440.67820943519246,1541.6827037396106,0.0712457176406243,0.06482030801191137,0.029568225367250338,0.11209088175584615,6.0027555099986785,3,True,,,,,,,deltaC0.2,BLS-B
179,953.8532286244784,846.2380892049376,440.13302322833886,1539.508851357792,0.07125758779712743,0.06483781566987373,0.029558441735396,0.11193492237274173,5.801217850999819,4,True,,,,,,,deltaC0.2,BLS-B
180,953.9502276598939,846.1479311119713,440.5164191347403,1534.0017643381104,0.07144211581486999,0.06504079569395976,0.029557922924351134,0.11152891150233238,4.1369039389992395,4,True,,,,,,,deltaC0.2,BLS-B
181,953.9330967655193,846.0764260270729,440.61665246096726,1538.3641268003403,0.0713234573940844,0.06490251711784685,0.029575308052721457,0.11184928030256676,5.821925993999685,4,True,,,,,,,deltaC0.2,BLS-B
182,953.9883676338983,846.9715722171347,439.01362329297336,1539.9213528065327,0.07114484089957734,0.06473283574409737,0.02951691655904938,0.11196783199574797,2.9367814190009085,3,True,,,,,,,deltaC0.2,BLS-B
183,953.8824803506683,846.6290042258138,439.4440982918648,1536.656697459061,0.0712386702565678,0.06482740124192589,0.029535676530974254,0.11172385270260976,8.650942670001314,4,True,,,,,,,deltaC0.2,BLS-B
184,953.925252451543,846.8172742478145,439.1741013541691,1530.1788079833325,0.0714169813346654,0.06502516621858263,0.029531559071638007,0.11125371879586905,7.952219904998856,4,True,,,,,,,deltaC0.2,BLS-B
185,953.841643678663,845.5411686099496,441.44536853537613,1537.75503836097,0.07142412400844492,0.06499890220061391,0.02960655675840648,0.11180382335125977,3.0701228819998505,3,True,,,,,,,deltaC0.2,BLS-B
186,953.8979357248646,845.6422187554535,441.3734355831935,1540.7875636181616,0.07134911518238743,0.06492033325038842,0.029598083856359713,0.11202614956604608,9.271468589000506,4,True,,,,,,,deltaC0.2,BLS-B
187,953.869576273144,846.2638927490749,440.1188389159111,1539.4924152423084,0.07125718051060995,0.06483800822640721,0.029557037462404807,0.11193642640318109,8.77690618700035,4,True,,,,,,,deltaC0.2,BLS-B
188,953.8666152170783,845.4276142167234,441.71672907589186,1545.8350531719889,0.07125095779070684,0.06481158502646248,0.029599956629203214,0.11239646296368717,2.916003174001162,3,True,,,,,,,deltaC0.2,BLS-B
189,953.8948520322934,844.8802281583742,442.8236542922752,1552.2900329643464,0.07116319334960232,0.06470263817207571,0.02962716154622874,0.11286583334682808,11.029522861999794,4,True,,,,,,,deltaC0.2,BLS-B
190,953.8888633582534,846.2713587847961,440.14628356881,1536.3310176255552,0.07134102727054652,0.06492833210044231,0.02956101931042865,0.11170322917877776,5.716689712999141,4,True,,,,,,,deltaC0.2,BLS-B
191,954.0004700951511,846.7462596923812,439.47430941834534,1528.6806631832249,0.07149913366518115,0.065112802445188,0.029537248900419973,0.11114626130382066,8.532690730000468,4,True,,,,,,,deltaC0.2,BLS-B
192,953.7399476404676,846.509131682938,439.36565375850694,1535.9326688824556,0.07123949598194475,0.06481149922192604,0.029572543961719003,0.11167098556167705,6.1658957630006626,4,True,,,,,,,deltaC0.2,BLS-B
193,953.858735942341,846.4214138897315,439.79231262316114,1534.372356377918,0.07136504080508338,0.06495700653989132,0.02955598671145546,0.11156188837972184,5.992448199000137,3,True,,,,,,,deltaC0.2,BLS-B
194,953.8618115496151,845.8016419027587,440.98972560288865,1543.1173217292953,0.07124287600673945,0.0648119662003229,0.029579662252295164,0.11219850461355863,4.371369849000985,3,True,,,,,,,deltaC0.2,BLS-B
195,953.9902385601046,847.3807710955563,438.2273428774904,1532.616938137456,0.07125003941742318,0.06485593452017348,0.02950043854757632,0.11143626381187727,6.0003104629995505,3,True,,,,,,,deltaC0.2,BLS-B
196,953.8906975113692,846.2449405408315,440.20104884901315,1541.3627941503707,0.07118132638938986,0.06475540385165308,0.029555353128700078,0.11206693042209853,3.7753999450014817,4,True,,,,,,,deltaC0.2,BLS-B
197,953.9539920214668,846.6664999865462,439.5270830042492,1536.0612537009931,0.07128616463964395,0.0648837645707817,0.029526502741669187,0.111681810589283,3.6981258499999967,4,True,,,,,,,deltaC0.2,BLS-B
198,953.8626361330504,845.6176760154974,441.344167992329,1544.0562081937326,0.07122241851166396,0.0647826971298788,0.029594510491457778,0.11225908820298915,6.019226717999118,3,True,,,,,,,deltaC0.2,BLS-B
199,953.8852010041555,846.1730702894082,440.3272780690909,1539.8581436205945,0.07124911894720566,0.06483141997213335,0.029552054668837004,0.11195580121743703,4.348544723001396,3,True,,,,,,,deltaC0.2,BLS-B
200,953.943986588321,846.727051867637,439.3886994263268,1537.4259823040816,0.07122377409698231,0.06481166358563345,0.0295342895611295,0.11178378508274342,5.029249916000481,3,True,,,,,,,deltaC0.2,BLS-B
1,14.395927776199395,12.609385183436029,6.945944272256525,38.773591485116945,0.004950977446368163,0.0014191774920130022,0.004743217570448345,0.1493675860229941,11.716966150997905,5,True,,-0.0012744951939764463,0.0012142106599026493,0.0023127393487129277,0.0029064426402692664,-64.73960996788082,deltaC0.2,BLS-G
2,15.542921105996552,13.358662828734758,7.945346055107566,47.19422850509191,0.0035443917487689523,0.0013625245499240622,0.003272039076721985,0.09807466938345666,12.763382058001298,4,True,,-0.0031062924307571353,0.0006957212826156237,-0.0004439889918766149,0.003214063937349569,2.9757830472372007,deltaC0.2,BLS-G
3,15.593565257464746,12.846929959036267,8.838306855186008,52.04566496263306,0.004541788653604666,0.0015668127951495644,0.004262973356586655,0.1356479216759867,11.76037532600094,5,True,,-0.003188034187776343,0.0004984094886006593,0.0004173680544325986,0.0032536395150075843,-46.09209230620036,deltaC0.2,BLS-G
4,13.975314852191865,11.377523662518906,8.115502481468226,47.272671386146754,0.003579570308606993,0.0015043813162298563,0.003248101052867551,0.09967379488707147,11.634540115002892,5,True,,-0.002536221377949966,0.0007500503624868535,9.076907771382592e-06,0.002644820752809493,0.564466503172298,deltaC0.2,BLS-G
5,13.931971689728243,11.600157618633448,7.715969050368824,49.89826242094794,0.0034578054869174534,0.0014234748136480908,0.0031512121858526094,0.09149623727759952,12.271585329999652,5,True,,-0.0037016277381066256,0.0005771835662990616,0.0005935262361842497,0.003793080828794071,10.464230055964435,deltaC0.2,BLS-G
6,15.825625309514054,14.836537403945258,5.507047693498323,40.103074038456924,0.004877388582220008,0.0015777203479589745,0.004615161739918367,0.14556373567915382,11.854899896999996,5,True,,-0.0034326553496392825,0.0007740881403347173,-5.7586758779509806e-05,0.0035193254230322,-59.76565437988029,deltaC0.2,BLS-G
7,13.08852881793842,10.926307144281251,7.205928032310129,44.31225145932347,0.003619080840447887,0.0011744862967020576,0.0034232043568206776,0.10860733076809553,15.80404151300172,5,True,,-0.00030523622016272043,0.0015163421925633404,0.0003852176758826764,0.0015940061018890341,-10.440125778099173,deltaC0.2,BLS-G
8,16.464179937743395,13.656623983819408,9.195968811765331,55.862855457635334,0.004111666180069627,0.0013724568063780388,0.0038758432748183906,0.12415176327167048,16.23035094000079,5,True,,0.0009387647950951543,0.001711583327868332,0.0001318640132763338,0.0019565747996803553,-30.354357591830194,deltaC0.2,BLS-G
9,14.687586318818308,11.997238357989993,8.472984341677515,49.94360031087259,0.004231015209757305,0.0012763353029750762,0.004033913471999265,0.12919305535252473,10.815186364998226,5,True,,-6.94898207769959e-05,0.0014525642141199188,-0.00030061601848607733,0.001484971926301591,-37.76181513908523,deltaC0.2,BLS-G
10,14.396461222411887,12.692937878354186,6.793189511904599,36.4745101794287,0.004863860902228967,0.001389657506041975,0.004661115198333203,0.14703697386205378,6.27512615500018,4,True,,-0.001955110341873774,0.0010981046261449312,-0.0001520852769494041,0.0022475364625134477,123.0843183779507,deltaC0.2,BLS-G
11,16.21050271428677,15.163801145728263,5.730578772053396,31.944064007768226,0.0035342409365207946,0.0013660605175786465,0.0032595609611866666,0.1031499990795813,12.694709287003207,4,True,,-0.001937730595267459,0.0011374391841640883,0.0005581269892042384,0.0023151832527006657,-2.170015790790785,deltaC0.2,BLS-G
12,15.281024757662262,12.173343645382149,9.236851310685967,56.907883137810444,0.00412757878369779,0.001544303952725632,0.0038277972669967923,0.12200950869688469,9.411764936001418,4,True,,-0.003241091373766343,0.0005249589648621774,0.00149352074708764,0.0036070568930740466,-27.660386841293075,deltaC0.2,BLS-G
13,13.137445524194375,11.67609659781035,6.021730908947726,37.62419861431857,0.003681137455329923,0.0013983438044535839,0.0034052030144440934,0.10796879477787068,15.928201961000013,5,True,,-0.0022029507580201826,0.0010369648521832491,0.00044951584609156936,0.00247595489514905,-10.59244459673937,deltaC0.2,BLS-G
14,11.739638604489038,10.547155603708541,5.155252005010896,32.369080531003306,0.0049923357198919495,0.0013874913948630427,0.00479565256970207,0.14998720875938673,15.805701229000988,5,True,,-0.0022740438882472335,0.0010481045776357782,0.0005963721503364494,0.0025739966109209604,-67.69206930181826,deltaC0.2,BLS-G
15,14.541275991927163,13.70311080489607,4.865538176002515,30.26099762727784,0.005234473264860636,0.0013590718240878406,0.005054961338874048,0.1557956751296179,9.46208287600166,4,True,,-0.0020567229314561175,0.0010160353357643902,0.0005068918259070743,0.002349335298221757,-75.13625250171754,deltaC0.2,BLS-G
16,15.524251879522996,12.690747624803283,8.941326587393124,50.07925725231655,0.0042033882655707865,0.0013028322809254809,0.003996385987228548,0.12816260028892285,12.74491092199969,4,True,,-0.0009740336137817418,0.0009657564815255133,0.0018797093184973468,0.0023269581398106453,-36.225931229921116,deltaC0.2,BLS-G
17,13.495690399185053,11.731277555269749,6.671640448336515,35.59465573531318,0.003789314014468675,0.001250948181363462,0.0035768742426582675,0.11521751257911347,10.151987339999323,6,True,,-0.002042847247216222,0.0009084130874597254,0.0018698197439897257,0.0029145608739466755,-18.547318629374786,deltaC0.2,BLS-G
18,19.75222480841864,17.841903437023017,8.474483266031912,41.276089279174016,0.007289231327042655,0.002243526391864657,0.006935379057279191,0.18471574851330894,11.685306572999252,5,True,,-0.003172251927129902,0.0008694725981565075,-0.00037831499778484545,0.0033109344792178162,-145.70424499501678,deltaC0.2,BLS-G
19,14.546175581258899,11.578796129771307,8.804697849784834,46.49015009861374,0.0032361281603457623,0.0011648521473070516,0.0030192126366152157,0.07806082521904101,11.776745016999485,5,True,,-0.0013997732631339634,0.0008794939817909847,0.0010706558448536352,0.001969563096300932,28.02362076942518,deltaC0.2,BLS-G
20,12.677674829456347,11.447873740345306,5.446983193157782,33.52619635029796,0.00368654515233253,0.0012316828973694418,0.0034747046493931104,0.11069196154824898,16.8968304839982,7,True,,-0.0020686150355684026,0.001024379625147483,8.73533218418987e-05,0.0023100113386374916,-12.477229993972287,deltaC0.2,BLS-G
21,13.567726368802397,11.805483316152014,6.686835012975296,36.18493882476731,0.005630049039354915,0.001268802279930506,0.005485215853545269,0.1641899602063146,11.70377715399809,5,True,,-0.0017096133423119921,0.0010990781525826755,0.0006568637242968522,0.0021359355135380045,-91.36828588761273,deltaC0.2,BLS-G
22,12.327469148005386,11.317743368342938,4.8862235564241345,34.02488691171797,0.003948083756732379,0.0012547197233878547,0.0037434000275038144,0.12158669170120961,9.442387543000223,4,True,,-0.0013559353653470258,0.0012163828243748303,0.001400383508445513,0.002297655731644544,-28.00068543463567,deltaC0.2,BLS-G
23,17.50728010843375,15.78836588615155,7.56520716439187,43.6031319667561,0.003645303859352715,0.0013229359284708353,0.003396775052336084,0.10896608057584646,11.195932631999312,5,True,,-0.0018450412083011764,0.0010944413972011008,0.00095781337635506,0.0023493372461529747,69.95429077876906,deltaC0.2,BLS-G
24,13.43796378538951,11.664150832499274,6.672814702518453,30.95098592222465,0.0036214234504290516,0.0011843130824093697,0.003422296061148345,0.10997262819292862,12.881598576001124,4,True,,-0.003175027432076093,0.0009671472003282301,0.00021257354553394503,0.003325862356412141,-12.068690416810568,deltaC0.2,BLS-G
25,10.88618930829793,8.496504490786569,6.805771748607488,36.91450210123429,0.0032139001754347076,0.0011419351556600176,0.0030041868180802228,0.07811346905708137,9.433087807999982,4,True,,-0.0017933782747640542,0.0010424848391208414,0.0008051724086401701,0.002225147834151231,32.22941369866021,deltaC0.2,BLS-G
26,11.618899241632452,11.083534608741537,3.486270236805484,22.327596099294585,0.003204666452322341,0.0012004964356559424,0.002971312063486035,0.07999593415885034,15.901809489001607,5,True,,-0.0024981333226901086,0.0011436696430648387,0.0012783660937055186,0.003030325101361021,35.74536350250128,deltaC0.2,BLS-G
27,14.665352151237578,12.523232723785243,7.631591961427387,48.491730067555885,0.005369489315715988,0.001581159747397478,0.005131408126898317,0.15660729653001731,16.48150686000008,5,True,,-0.003172233444071578,0.0007817064588665625,0.0001611241219887094,0.003271099355599973,-78.66639350266632,deltaC0.2,BLS-G
28,14.358010130343091,11.355341165564171,8.78684709760438,51.535498912024096,0.0034186665895325537,0.0014716907410909216,0.003085677820669779,0.0841532203445246,7.834440099002677,5,True,,-0.00290086513461931,0.0005861345536123986,0.0008992664856851684,0.0030930975504281895,20.222143801205675,deltaC0.2,BLS-G
29,12.52146711014024,10.60617940039486,6.655531317405356,32.459947196179236,0.003776101652396278,0.0012535721279506092,0.003561951797716426,0.11526065873196992,12.800546323000162,4,True,,-0.0010784059556478319,0.001244622911295355,0.0008114507913610791,0.0018358916044523327,-18.85762673120189,deltaC0.2,BLS-G
30,15.391221106080422,14.213603906979465,5.904502613408989,40.35565227407918,0.004147850710990091,0.00142145899894751,0.003896680617522066,0.12642564647402618,12.649808402999042,4,True,,-0.0006259367471945909,0.0016294315188642506,7.21620521625943e-05,0.0017470120915234447,-34.14276540701394,deltaC0.2,BLS-G
31,15.187645026958371,13.472248991985506,7.0116380798525855,44.318830072416816,0.003437378708649355,0.0014485689135270733,0.0031172456575379016,0.09368347628692511,12.113215829998808,5,True,,-0.0008442263396387983,0.0011704364820849646,0.00011740409027546916,0.0014479031015743981,7.688688641304907,deltaC0.2,BLS-G
32,17.47184623345984,14.927676352526039,9.079090787072225,47.1392197460127,0.0036103479712629684,0.0015178305771238404,0.00327579041038198,0.10002560987763982,9.556465312998625,3,True,,-0.0017644027223646165,0.0006566515817924551,0.0021125722371925504,0.002829711950696562,59.8076292508631,deltaC0.2,BLS-G
33,13.718515599363574,10.919548305045703,8.304284139151022,48.5834258207762,0.004073370370662983,0.0014265071615183402,0.003815419176805083,0.12194847324734058,9.40198133299782,4,True,,-0.0027815198936398844,0.0006510870695642847,0.00036789027450476186,0.0028802969542988848,-27.3333839623956,deltaC0.2,BLS-G
34,16.388195407804233,13.951309396794004,8.598483287144488,52.05732875766271,0.003605114006083467,0.0014699628138751062,0.0032918165688087123,0.10311619355447088,11.579637315000582,5,True,,3.828841263778178e-05,0.001394927550239166,0.0012551085800997785,0.0018768554608170136,64.74669532293046,deltaC0.2,BLS-G
35,14.914088814767359,14.365503945741741,4.00778511894629,28.602126851630132,0.003420895233629169,0.0012354876202379543,0.0031899991441543553,0.09969793766148315,11.304185877001146,5,True,,-0.001431574143280684,0.0013946267474787078,0.0007201186481707311,0.002124372650910406,1.6964328747271793,deltaC0.2,BLS-G
36,19.315556401139236,17.716869636912975,7.6943647791238785,47.28242041731329,0.0035684148121221167,0.0017506691598058349,0.0031094600438463997,0.09234186019858673,11.740106329998525,5,True,,-0.0035294352695667717,0.000666981304369171,0.0038497923918713595,0.005265233028361658,9.081611776782665,deltaC0.2,BLS-G
37,13.99832498951942,12.518340119502577,6.264524177035,33.51875194314617,0.005246550241850744,0.0014624151203371553,0.005038614041189637,0.15574316783589015,9.395282413999666,4,True,,-0.0026591409596132464,0.0010759882228041913,0.0021785997748902663,0.003602093596487756,-75.97781439804385,deltaC0.2,BLS-G
38,16.400193290106188,13.384571580620038,9.47731942883126,45.42236156647157,0.004173089451089974,0.0015132471515970096,0.003889056264054554,0.12354430867194727,8.285326671000803,5,True,,-0.002236324018347926,0.0006527438804322241,-0.0001086068608872337,0.0023321696204850347,-29.45443934021023,deltaC0.2,BLS-G
39,12.563024855515602,10.70934353469865,6.568070841282928,42.196043226722246,0.0037284386889974066,0.0012297124801680405,0.0035198099769350706,0.11348068250300553,14.55941461799739,6,True,,-0.00042758406847660666,0.0014079906172186566,0.001010381763221907,0.001784975355920129,-16.96989801061136,deltaC0.2,BLS-G
40,13.801485906305968,12.026715054879048,6.7704607088962465,36.976891399335464,0.003351443682171609,0.0012831752890305797,0.0030960678177955466,0.09285436986569383,12.925243797999428,4,True,,-0.001436280009167784,0.0010751790836950553,0.0014839333734214533,0.002328297357191371,9.94246853250661,deltaC0.2,BLS-G
41,12.058270498881457,10.588574485483125,5.76922679304347,29.29081909930647,0.003403064880988874,0.0011899028568913858,0.00318825685530221,0.09883839767564703,14.298973414999637,6,True,,-0.0024943179557768615,0.0011233456043538946,0.0002577368534688318,0.0027477182710329115,58.23841163810721,deltaC0.2,BLS-G
42,14.779578115480918,12.641808546109775,7.6564094688769275,49.049907155537284,0.00592076343544221,0.0016669777206135025,0.00568125205720074,0.16730257872554935,13.150641330998042,4,True,,-0.0029368990635796222,0.0007696341590682428,0.0011721743643829663,0.003254490065889917,-98.17406450849376,deltaC0.2,BLS-G
43,12.65281448030059,10.810468033949512,6.574761985034898,38.1031861176068,0.003809927981508955,0.001221843076693286,0.0036086909981628496,0.11538903758828947,12.877333829001145,4,True,,-0.0028352111774268456,0.0007565909099584518,0.0013198905514471837,0.0032176021030322303,-19.211108761228388,deltaC0.2,BLS-G
44,12.709722639655867,11.007144487209738,6.35451176839489,35.509587698444754,0.003259552671564492,0.0012581711183979362,0.003006940148312318,0.08542637973500097,22.537931727001705,7,True,,-0.0017787853156731263,0.0010293537002262247,0.001525976706885701,0.002559736539056606,42.19949208907201,deltaC0.2,BLS-G
45,12.531240483166,11.581117340596233,4.786408798909651,31.023046402456306,0.0032684898433646328,0.0011281153058155997,0.0030676345468393625,0.0933018510993583,11.684137830001418,5,True,,-0.001630242191881991,0.0013636587103460845,0.0019602700337029433,0.0028913514638536568,51.70250841231609,deltaC0.2,BLS-G
46,15.783309327483456,13.359221678881188,8.405001455177572,49.62652535549578,0.004861985379364779,0.0014026676685227316,0.0046552578060552,0.14563398260155533,16.12360968700159,5,True,,-0.001644136718604712,0.0009462090730722757,-0.0006049148194542942,0.0019910849048255038,-60.98970966185152,deltaC0.2,BLS-G
47,12.258283407993801,10.579198872913569,6.192419827340552,37.487519574257625,0.003171565206771807,0.0011325904024401653,0.0029624423776853314,0.0786645856285086,9.419823619002273,4,True,,-0.0007709768480104183,0.0014499779770511517,0.0011371253635240608,0.0019974722842811,27.34796315425774,deltaC0.2,BLS-G
48,17.283180641643707,14.486863738276185,9.425450234355194,53.470390402374214,0.004423582643595019,0.0015651160789321023,0.004137450309572709,0.13313500929671465,11.726755965999473,5,True,,-0.0003720692196338027,0.001129206706473026,0.0009773281523309252,0.0015390625742578322,103.25511244768859,deltaC0.2,BLS-G
49,13.655105413620948,12.093704105503678,6.3406801579659895,36.876141432598914,0.005216215303120444,0.0013405623868623499,0.005041011265156805,0.15532505163424382,13.903169771998364,4,True,,-0.0007984611184420063,0.0012185554958259476,0.0006948206631620935,0.0016140611537448922,-75.76834935897932,deltaC0.2,BLS-G
50,14.397608727501307,12.245664126754715,7.5719777578209095,45.71420964432029,0.0033104963922082112,0.0012028016907551845,0.003084259142085835,0.09159540176547344,5.913441180000518,4,True,,0.0001561911847874691,0.0016506559263193168,0.00020553712427959225,0.001670720258677532,49.16142407524603,deltaC0.2,BLS-G
51,13.071090138436777,11.897021793748015,5.414265402270557,36.936939687064466,0.0033110386423710093,0.001196443581636198,0.0030873126902268263,0.09320807001792118,8.355877989000874,4,True,,-0.00016946469986648457,0.0017299247817677142,0.0010420752249719056,0.0020266422500222277,8.88441457254521,deltaC0.2,BLS-G
52,14.684068442135093,12.609273190750551,7.525164158629837,45.71810816461842,0.0037649530560198564,0.0012854408818507037,0.0035387163284586885,0.1147092352698584,9.34618691000287,4,True,,-0.0005479589410023031,0.0013249326752878903,0.001728339370613341,0.0022456318877059995,78.89490732100239,deltaC0.2,BLS-G
53,13.926235435770906,11.570666651136506,7.749819782472284,45.814102405668194,0.0034024144915381356,0.0013469858457278961,0.0031244285083255495,0.08928456806957005,6.5278786859998945,4,True,,-0.0035143334921728655,0.0005759497676610832,0.0008059627528693714,0.003651278404626188,46.887478360273235,deltaC0.2,BLS-G
54,16.95382729042386,12.666128983044482,11.269491398390675,50.16719904907636,0.004067552142237406,0.00147344561164667,0.0037912977276045316,0.12019691745338085,12.945496003001608,4,True,,-0.0019434019904467324,0.0005645981464695076,0.0006126104780949104,0.0021144441258498176,-25.974046874398482,deltaC0.2,BLS-G
55,13.130689860794503,11.11071289714879,6.997647828913875,41.40709417223653,0.0036129483451466473,0.0011063931971129913,0.00343937346592079,0.10950105406942537,8.581829556998855,5,True,,-0.0014894862613204936,0.0011753783476446229,0.00038566212215965234,0.001936186678820767,-11.52615982612042,deltaC0.2,BLS-G
56,15.328103330879724,12.839776096710695,8.37203090704178,45.953657500350175,0.0033346033942225207,0.0014232298705454918,0.003015625396554986,0.07646215695770066,15.869377040999098,5,True,,-0.0017967391125041894,0.0008635366196854018,0.001543254673835065,0.0025210319157546986,28.852609999994456,deltaC0.2,BLS-G
57,14.030826695365475,13.134410356816772,4.934709954407121,36.42694467489504,0.00632282990386528,0.0016475737797881295,0.00610439830232003,0.1751893816696277,12.74974058600128,4,True,,-0.0032209779947999615,0.0009032361920876744,0.00186868138612728,0.00383177569601108,-113.52879303909867,deltaC0.2,BLS-G
58,15.08316618916592,12.821845656041097,7.943687825101005,46.4460628897673,0.0032705632936642945,0.0012061289128501513,0.0030400390299223385,0.08430216004053817,9.399540128000808,4,True,,-0.0015173410732549498,0.0010856649107695683,0.0013300648314844843,0.002291301963298296,18.626058914400346,deltaC0.2,BLS-G
59,10.819583427002424,8.936086421785118,6.0999790980177275,35.05866888799165,0.0032876104885573784,0.0010315510729666066,0.00312158375001119,0.09541600157446935,16.05477212799815,5,True,,-0.0014237559357779734,0.0012862250280162143,0.0010635523764024601,0.0021937637622838164,5.674083423378761,deltaC0.2,BLS-G
60,17.279125649901072,16.408983175177795,5.414190094723426,36.921972394401074,0.004846569546053866,0.0015361116803126634,0.004596694167588679,0.14606463131624536,12.81704531700234,4,True,,-0.0018155071104934961,0.000903821572715215,0.0026707443318225443,0.0033534809958489548,120.71315941817738,deltaC0.2,BLS-G
61,11.017398617311883,9.453289268326154,5.658479857885453,31.06990233765305,0.003491974960277444,0.0011783315888585343,0.0032871604448068514,0.10417805666676079,9.525456497998675,4,True,,-0.0025379964997869296,0.0009290388195282081,0.0014487617959348664,0.0030665045414089136,-5.013797752697428,deltaC0.2,BLS-G
62,16.846564475000726,13.310286934306056,10.326809591388717,50.81051076859915,0.003970269363939743,0.001412081992566389,0.0037106688438215867,0.11928950643233685,9.34723456500069,4,True,,-0.0007767302840470986,0.001112826218501746,-0.0004075893249131102,0.001416976070554442,84.06461278096685,deltaC0.2,BLS-G
63,20.421576874464904,17.28388282655368,10.876957133207917,54.14767610217383,0.0037740418484595506,0.0017762267778087028,0.0033299264718187546,0.10336864268272153,11.688390172999789,5,True,,-0.0015000687008716027,0.0007271365511332537,0.00036518589444894944,0.0017065445815545109,64.93174550470576,deltaC0.2,BLS-G
64,13.303646850551772,12.842794535547407,3.471260295902589,23.30909575618239,0.003584022270078428,0.001220524993844554,0.003369797378451541,0.10795438937160279,7.460493811999186,5,True,,-0.002561895739979105,0.0011382903124127874,0.002177932715240749,0.003549986694337294,-10.35636262522894,deltaC0.2,BLS-G
65,11.255125597326476,9.541043403391336,5.970455844087312,36.0879188627433,0.0032267715282575456,0.0011299672059528003,0.0030224540706261785,0.08433369382158294,13.1526312399983,4,True,,-0.0017928699333543542,0.0011606493379844754,0.0005573613899669261,0.002207292731541449,40.23896112065995,deltaC0.2,BLS-G
66,17.63748738206079,14.435949291274948,10.133327647524872,55.504362222975104,0.004805192885690585,0.0015968458129065229,0.004532103498210772,0.14313241779681884,15.933361564999359,5,True,,-0.0011243663617498331,0.0011207249011502488,0.001712611631707578,0.0023352221779849736,116.33781277854723,deltaC0.2,BLS-G
67,11.990576517921717,10.255842753738985,6.21221495464502,33.023998525978996,0.003984912618809813,0.0011257265975405776,0.0038225996660831998,0.1246375727334803,7.741388320999249,5,True,,-0.0012036550350846922,0.0012415637252858947,0.001173074698637061,0.00208958612553131,-30.99930118926568,deltaC0.2,BLS-G
68,12.742733818323387,11.270420516701979,5.9459975228169775,39.33302521314866,0.003855297173167425,0.0012987543594719102,0.0036299522596289677,0.1168575836426849,11.72235274200284,5,True,,-0.0026220166430439363,0.0008639554779714782,0.001978052593496149,0.0033961864505579137,-21.369972762389807,deltaC0.2,BLS-G
69,16.383673825726344,14.236404252751143,8.108610360600617,45.17648354067584,0.0036110138759468183,0.0012770684864705135,0.0033776496699842004,0.10717301422583517,12.773562772999867,4,True,,-0.0011319742962834036,0.001013948137818433,-0.0005977406297098531,0.0016330188284394355,68.85671027586795,deltaC0.2,BLS-G
70,15.59376440936159,14.02368488095307,6.819219223224934,46.45007203697286,0.003872289680523349,0.0014166934461126623,0.003603832272682658,0.11570325772571971,16.453987139000674,5,True,,-0.0024905281392807992,0.0008490231920096871,0.0024018547237329435,0.003562650264485423,-19.88518155712518,deltaC0.2,BLS-G
71,15.065576300998357,13.254625108629737,7.1614595237902074,42.546474212583384,0.004449587893297516,0.0013185390247010841,0.0042497396697350935,0.13596395671050804,14.634400645001733,6,True,,-0.0022263780069077723,0.000778586584333933,0.0016269953558783745,0.002865321969168073,-46.06790625679423,deltaC0.2,BLS-G
72,12.096663361496143,11.431932642381897,3.9547668125196007,29.922746857642988,0.003346872287242707,0.0010838166654390214,0.003166527363347721,0.09795601904269281,9.38455774799877,4,True,,-0.002027291824435813,0.0012852309212831648,0.0007512072019092153,0.0025151626036196808,3.26889395123726,deltaC0.2,BLS-G
73,17.02626822515397,15.892172498625676,6.110046067650671,37.071923295802144,0.005086985629762099,0.0016584593335119472,0.0048090472483115826,0.15043395776140076,6.522462770000857,4,True,,-0.0027949573925489593,0.0008324575961949775,0.0008123784890139985,0.003027330719468797,129.398581497102,deltaC0.2,BLS-G
74,17.49033390935025,14.430124701053096,9.883485284687003,52.495769405737164,0.004830158040416792,0.0014151569625039063,0.004618198508821346,0.14557949550942254,13.61125668800014,4,True,,-0.0004035043676307617,0.0013023072576300115,0.001917595704106212,0.002352869153263628,-60.08641633940715,deltaC0.2,BLS-G
75,11.401044045477127,9.929627523946618,5.60234795086767,31.639736557831373,0.0031298469684625167,0.0009834113977611608,0.0029713370843355096,0.08119878240879776,12.964372147998802,4,True,,-0.0009342383029275919,0.001654016470032562,0.0006510337266084076,0.0020080877976267958,36.0908355383217,deltaC0.2,BLS-G
76,14.542102824032186,12.515278932810928,7.405440417602714,44.35447902895307,0.003434452789968977,0.001374695153116799,0.0031473288996421833,0.09341214758291005,11.688051059001737,5,True,,-0.001615037914243379,0.0010419923056354278,0.00030578195608221836,0.0019461752321187592,50.97680211236002,deltaC0.2,BLS-G
77,13.33634325595873,11.1977942064064,7.243442299882508,38.000403655774996,0.00364356281315681,0.001221325651689613,0.0034327705466494713,0.11009201897117478,10.263957086001028,5,True,,-0.0024708477165364708,0.0009401824722727153,0.0011139786209169722,0.0028687941521382126,-12.717010003652831,deltaC0.2,BLS-G
78,13.395590962561949,11.235513728215496,7.294181825218818,38.27394992184568,0.003830331043987961,0.0013140055681949178,0.003597891781764795,0.11569078811951526,12.838096624000173,4,True,,-0.0019278786810011405,0.0010562147124696258,0.0011816980784832287,0.0024957395850102124,79.26926295352314,deltaC0.2,BLS-G
79,10.687442525257007,9.82552181218244,4.20482447303082,27.152123599807403,0.0031958875478213847,0.0012003145506736639,0.002961915292131236,0.07917721829774071,12.872190858000977,4,True,,-0.0029135162119093947,0.0010435686624326694,0.0015278035162845927,0.0034513469623672936,34.1955293793435,deltaC0.2,BLS-G
80,14.050311271259147,12.921205553361078,5.518486555846869,25.785244824962316,0.0036580319327018046,0.0011963890890345638,0.0034568556186663547,0.11244407413506402,11.291556440999557,7,True,,-0.0020810925340732584,0.0012475390077140204,0.0009710344837193241,0.0026134666019897008,75.74604289061972,deltaC0.2,BLS-G
81,11.309243428572922,9.962693225662543,5.351983802110908,31.3897114742961,0.0037982531473996634,0.001152677606772601,0.0036191243839603583,0.11660103434761696,16.446674312999676,5,True,,-0.0022661204043364293,0.0010930867274761343,-8.507250808770239e-05,0.0025174148669551305,-21.170517898623075,deltaC0.2,BLS-G
82,19.253193279074278,17.174906056176305,8.70103749003011,36.532662653511935,0.0033923693797995717,0.001673590234842726,0.0029508076411112936,0.07900689969396897,11.644342753999808,5,True,,-0.00263092521672321,0.000945337871732764,0.0012845292297318789,0.0030765965822248903,28.423820017567778,deltaC0.2,BLS-G
83,16.98695054027679,16.057099488612998,5.543107853054467,35.418450443419964,0.005289349626176154,0.0015212763988191752,0.005065860004611811,0.15568332314985409,11.784317811998335,5,True,,-0.001130511097293432,0.0012548996972834767,-0.0011997653968445487,0.002071778366237885,-75.97435375604982,deltaC0.2,BLS-G
84,8.89435104170933,7.85773718212781,4.167186920425088,26.086883638724697,0.003466533798117819,0.000970585241111463,0.0033278853440630663,0.10649185673806656,12.775336254999274,4,True,,-0.0019223484924834958,0.0013811877941235738,0.0009347068310533446,0.002544951926698675,-8.095121041696984,deltaC0.2,BLS-G
85,16.149861157865384,14.763429996701682,6.546690014871495,35.515941867404095,0.0033258385909776147,0.001473162360460984,0.002981777153470223,0.07717775176777367,15.922240187999705,5,True,,-0.00186220667480702,0.0014137198599806157,-0.0016936992773688986,0.0028870460308695048,29.182637952028017,deltaC0.2,BLS-G
86,15.010772143441987,13.785269436543796,5.940507293508309,38.31854983436266,0.003882182817301776,0.0013401271936887694,0.0036435425799198535,0.11786516654079197,7.904568889000075,5,True,,-0.003163546214795575,0.0007563454764328326,0.0013179991700355553,0.003509587574784569,82.68932674982352,deltaC0.2,BLS-G
87,13.381311996232066,11.249135493216011,7.246824228292829,36.627161521610915,0.0035696135589594518,0.001299474425512349,0.0033246815152351834,0.10391416322972072,11.700451026001247,5,True,,-0.0020767471682928604,0.0008973720263957638,-5.0951943525417986e-05,0.0022629077434396373,-4.111847512933309,deltaC0.2,BLS-G
88,15.01667383761665,13.967485450290411,5.514512067380578,26.834332607875858,0.004509406269111053,0.0014454198087405382,0.004271475913124003,0.13680835536063346,9.354359439999826,4,True,,-0.0027087783041612754,0.0010604424230803225,-0.00025458207748049744,0.0029200736408415435,-46.7795150150414,deltaC0.2,BLS-G
89,14.85843143145766,12.824808668921161,7.503150485555622,40.21605200653099,0.0034700329682481276,0.0012786888582520118,0.003225846184260973,0.09900611780581747,12.923516806000407,4,True,,-0.0020703643490924267,0.0007968930924296068,0.000592591656795538,0.0022962168909880032,58.16460335805459,deltaC0.2,BLS-G
90,12.07304456794977,10.160793725638825,6.5204812709431295,33.93727256421652,0.0033232986891400355,0.0011915821609860644,0.0031023291461190353,0.09205789332107298,12.812686051998753,4,True,,-0.001988552624443105,0.0010215968206146126,0.0001611249671288617,0.0022414198310672906,50.54701949812443,deltaC0.2,BLS-G
91,12.946685125164162,12.567647510625683,3.1098057461537736,19.20973709508889,0.005414767626799756,0.0013902933511630762,0.005233239231102512,0.16014032884599805,10.189929811000184,4,True,,-0.0023954238547442912,0.0014450107905074094,0.0018426074409469695,0.0033498229520370158,-83.53532542832545,deltaC0.2,BLS-G
92,12.09468774631121,10.512779708985715,5.980211908545447,31.166567972038408,0.003273540310836687,0.0012365035705152923,0.0030310270679714635,0.0836656250122708,16.033241130000533,5,True,,-0.003021818752095826,0.0008597215452096296,0.0009321185259342779,0.003277095459733436,39.15810785807844,deltaC0.2,BLS-G
93,17.294603336476733,16.28642138816049,5.818572241825359,34.05975981475008,0.003792901010416297,0.0014583897529341534,0.0035013136682327715,0.11309188883168697,10.819047451001097,5,True,,-0.0012160366257079358,0.0010494555864334742,0.002732894680403497,0.0031699866619809775,-16.76938785520906,deltaC0.2,BLS-G
94,15.151437536229725,13.094320753910445,7.622651993104587,42.607276560895116,0.0033735105925760864,0.001380104384595658,0.0030782926446072173,0.09087489516482104,11.389207008996891,6,True,,-0.0011139454133464823,0.0011656335163566633,0.001303193456385604,0.002073135080774025,47.62225886275701,deltaC0.2,BLS-G
95,12.36260046900316,9.765459752026059,7.580876346950679,43.901217736512194,0.004069626538072764,0.0011993343911064006,0.0038888889387195865,0.1258532580576831,9.359932621999178,4,True,,-0.0005160644907729703,0.001378135089418567,0.0008699087573030284,0.0017094794907678728,-32.652704096493835,deltaC0.2,BLS-G
96,18.045049981213378,15.214794156001734,9.702260953766624,44.01734677458835,0.004134960943007129,0.0016030872723146572,0.003811563091113298,0.12289920972016319,9.895392973998241,5,True,,-0.001480345688795035,0.0008686279242337962,-0.0005832543854686345,0.0018127668099513392,89.31613465405098,deltaC0.2,BLS-G
97,12.532572148460755,10.886736768234462,6.208407782640096,37.05813682110914,0.0040161602321899595,0.0013422803094178537,0.0037852115636478265,0.12255462698888171,11.688465623999946,5,True,,-0.001557539464013554,0.001085207072129632,0.00029337914721588865,0.0019208526480136159,-28.261305218897178,deltaC0.2,BLS-G
98,18.44938178937474,16.222849127969152,8.786287872660608,56.77425465688678,0.0036757434872633403,0.0016858251012021397,0.003266356366399058,0.09935048217535734,13.300313450999965,4,True,,-0.002783074495514739,0.0004968674719606686,0.003040297929383845,0.004151601188902048,0.7672584542015102,deltaC0.2,BLS-G
99,12.083126009790455,10.467606962844586,6.03582128959118,37.201975088964296,0.004229617743543707,0.0012028277763825848,0.004054981084649137,0.13029281774620038,19.199086447999434,6,True,,-0.0020238217315133146,0.0009756527994627413,0.0006626635698661065,0.0023424081183416197,-38.12034555958235,deltaC0.2,BLS-G
100,12.29029551673732,11.078191718628112,5.322126655205885,30.27429363217871,0.004406862619872624,0.0012051878101675723,0.004238863113224358,0.13548665710723784,11.686832679999497,5,True,,-0.0025085979275810996,0.0009515022161713706,0.00031595679753360084,0.0027015271102750213,-45.11237920565327,deltaC0.2,BLS-G
101,13.573365988186055,12.06094512191287,6.226545351593623,38.05552664669186,0.0032492213876115983,0.0013357790204823207,0.0029619476757957648,0.07885855724721717,12.09434876999876,5,True,,-0.001601961028483399,0.0011470698150350882,0.0015834703955120433,0.0025277315503841164,27.456343348640075,deltaC0.2,BLS-G
102,11.661800979968813,10.036226635885471,5.9390030316160445,34.50950320698962,0.0035205181715024505,0.0012172070256385341,0.0033034005589112486,0.10456987957298722,9.400633912999183,4,True,,-0.0020604814585803845,0.001023384639441172,0.0010044716320267155,0.002510351214659833,65.5374565635575,deltaC0.2,BLS-G
103,12.304189440238384,10.278032401306723,6.764253671985026,38.07548807779714,0.0032715520568116917,0.0012685931855340544,0.0030155802410225083,0.0812360026692048,12.768630366001162,4,True,,-0.0026142666746082808,0.0008700306473296346,0.0007926427153159832,0.002866989021151591,23.663688771703164,deltaC0.2,BLS-G
104,15.499418880741423,12.866595773076256,8.641915230603685,48.4152731845437,0.004679914255927169,0.001310878603884146,0.004492571059950982,0.1421873635477301,16.22185452300255,5,True,,-0.0004608280907498715,0.0015066346862270753,0.00011352712537582299,0.0015796198957859536,-55.716771922277985,deltaC0.2,BLS-G
105,15.977352224032563,13.747302418822812,8.14171114055435,40.78941670211552,0.0061339748911351435,0.0015846135421344698,0.005925761376157535,0.1719820482168029,10.317015017997619,4,True,,-0.0015532324036056976,0.0012636034960393904,0.0017697215392964982,0.0026722909687127393,-108.33762338711676,deltaC0.2,BLS-G
106,13.119676071681262,11.370023611175972,6.5458737619317695,43.40839947672919,0.004228597695870414,0.001435664645530021,0.0039774244806276005,0.12808271362150353,11.525384581000253,5,True,,-0.0032272795934975263,0.0007382070938049956,0.0015256366197541338,0.00364525038693975,-35.09664238773985,deltaC0.2,BLS-G
107,14.097560496351912,13.168173507350822,5.033926740488571,36.280892079888176,0.0033405236737067447,0.0014243576763315596,0.0030216392280466853,0.08759998628838178,9.766587308000453,5,True,,-0.003099818440380669,0.000816116087599248,0.002317240131482712,0.003955315620619467,15.696218563985894,deltaC0.2,BLS-G
108,15.214069710893899,13.623288413971771,6.773029599646057,41.38701992472291,0.004661779193234023,0.0015141368926698082,0.0044090333086432764,0.14023095678897823,9.386091955002485,4,True,,-0.0026782203022625304,0.0006910753958534389,0.0009081526915094285,0.0029112180442730506,-53.416194893812644,deltaC0.2,BLS-G
109,19.570419154790766,16.74391370178086,10.131271383272516,64.0559222018757,0.004518388243761,0.0017982466233222281,0.0041451346664575115,0.13128855059021866,13.400331730998005,6,True,,-0.004310727183372053,0.0004611320780805948,-0.0002938130406659467,0.0043452661306027105,100.8489207529201,deltaC0.2,BLS-G
110,12.465610413699038,10.710424877061252,6.377949665758533,41.10786041613176,0.003388911246499894,0.0013823712766123917,0.003094150786605347,0.08895593389596482,11.670874565999839,5,True,,-0.0025292037824775084,0.0008732829134632442,0.001557812643518508,0.0030961710308946935,13.608328688482288,deltaC0.2,BLS-G
111,14.065767105337262,12.461292626820262,6.5239551140656085,36.60842508530328,0.0037796706750966996,0.0012114577206392026,0.003580262644456355,0.11654586733098961,9.402538438000192,4,True,,-0.001802317611501631,0.0010316227400392227,0.0018170483542168103,0.002759394674934522,-20.984990014272626,deltaC0.2,BLS-G
112,12.884898381695699,11.9108743146553,4.91443581371342,34.22372065782336,0.004004542571967824,0.001248310570584131,0.003805007480948045,0.12379185128611875,9.482566095000948,4,True,,-0.0009646290687425289,0.0014769470850249855,0.0007725320056707619,0.0019257953245380387,90.75092412298545,deltaC0.2,BLS-G
113,12.621093496038926,10.83624475171979,6.470533263694841,36.84820814214655,0.004585951788123033,0.001290282589897584,0.004400695926918382,0.1408228360147608,14.098948811999435,6,True,,-0.0009763140575051021,0.001253642275718119,0.001260773149629274,0.002028387790629765,-52.948699321328604,deltaC0.2,BLS-G
114,12.240852755798944,11.540850586768025,4.080103420631238,27.856756616792662,0.003861009058074145,0.0011936490471082613,0.0036718650436621627,0.11988355239587176,18.997059457000432,6,True,,-0.0013963094248149587,0.0015182337971152687,0.00017445473133925748,0.002070059981212327,-24.462464146366983,deltaC0.2,BLS-G
115,11.904122782283139,9.451723912580999,7.2369229853589685,40.7079274121965,0.0039728798651776295,0.0012861161901841429,0.003758946603568618,0.12098871878033811,11.705182016001345,5,True,,-0.0025995407638927342,0.0007796118634271986,0.0008600475779050876,0.002846943743208997,-26.50218644731649,deltaC0.2,BLS-G
116,18.246794475982927,14.739706818133902,10.755768292605513,57.877226939427004,0.003298228443256004,0.0012939366153593647,0.003033815897403017,0.07844169708825971,10.255953957999736,4,True,,0.0002333607738524521,0.001365025445088577,0.0018663732569311198,0.002324026861010853,33.50939881033992,deltaC0.2,BLS-G
117,14.06975982354535,11.924450080788757,7.4676389684443025,43.80160440435578,0.003477030760085156,0.0012173341877260392,0.0032569679737405677,0.10041128163081765,9.36893749400042,4,True,,-0.0009232335210758622,0.001141546347756261,0.001675884731773325,0.0022280210575092736,-1.1469986879019416,deltaC0.2,BLS-G
118,14.45940659758231,12.112105410067226,7.897552892486824,47.60145113771232,0.004740354922560227,0.0013944508132433101,0.004530614938536053,0.14338160088029853,9.490122700000938,4,True,,-0.0009089632147047967,0.0013187521560633216,-0.00011818202225377661,0.0016060163029035944,-57.91775457584299,deltaC0.2,BLS-G
119,19.412807399006372,16.84807589912331,9.643621187515446,63.04921179270164,0.0035925441926312495,0.00176885041852257,0.003126906134328476,0.08300525404195422,9.220788814000116,5,True,,-0.004150562608712305,0.0003346671184097817,0.0021019262488531365,0.004664468458956843,21.485073863965226,deltaC0.2,BLS-G
120,18.582070418285472,16.517540922527996,8.512589670760187,53.132358550483524,0.00545691018700644,0.0018862757739498697,0.00512053048947709,0.1572294415261346,12.74830208200001,4,True,,-0.003614027154108224,0.0006649478414267654,0.002142264218308293,0.004253544860877072,-76.72528534500452,deltaC0.2,BLS-G
121,13.135296946203008,12.107746034891493,5.0929865324286325,33.220966476226955,0.00429843831626407,0.0013671876605310348,0.004075214087581015,0.13135563190190638,15.983493981999345,5,True,,-0.002628869293257091,0.0010057978450972052,-0.0001508869524304013,0.0028187497119549214,-40.49905755600048,deltaC0.2,BLS-G
122,12.951636196301939,11.041356486509354,6.770031543440281,41.1188039283279,0.004732855034521412,0.001219171944653105,0.004573132028179969,0.14461127694737957,11.595192342003429,5,True,,-0.0003615370110605856,0.0016129147690704963,0.0005281465275428499,0.001735264192337272,-58.93579425594362,deltaC0.2,BLS-G
123,18.57357404508205,16.65977715382323,8.211545408331807,45.38758740644649,0.003460166562346937,0.0015344871248184923,0.0031013064832341383,0.08869942492927473,16.784070010002324,6,True,,-0.0016988415566697172,0.0009672438302851913,0.0018630369225202115,0.0027004684476154015,44.29961215805815,deltaC0.2,BLS-G
124,11.891313084080286,10.176007095112526,6.152414685620473,39.372387695315,0.004775119874674151,0.001168478806715576,0.004629948930146491,0.1461624508879979,12.83965722799985,4,True,,-0.001011426065651051,0.0013934050410000923,0.0013178073895297737,0.0021682196868541962,-60.81484008051484,deltaC0.2,BLS-G
125,12.44123649842454,9.95067025784305,7.467832820129856,36.52995443931825,0.0031851898784435997,0.0010652509844460893,0.003001778623062699,0.08651516928053793,10.117098384998826,4,True,,-0.001107448410913528,0.0013134539104608049,0.0009885325938337186,0.0019821200384465363,16.619953562039882,deltaC0.2,BLS-G
126,17.2543661172769,15.774072733842981,6.992265691209431,40.96897693066182,0.006697272118189165,0.0015752354748340648,0.006509384534953999,0.1803442417622964,14.283396144001017,6,True,,-0.0013688646700380299,0.0013747814324775141,0.002184028938255367,0.002921266313621563,-128.59973426297074,deltaC0.2,BLS-G
127,15.277472115555943,13.516850383974193,7.120106034241769,41.02537057057038,0.0033415473594655206,0.0011966135925788257,0.00311994465745894,0.095179868220476,9.71191577799982,4,True,,-0.0005658855835633783,0.0014613676139661545,0.0002586150373341811,0.0015883020916593155,53.53349255869398,deltaC0.2,BLS-G
128,12.986312741247954,11.306251725047705,6.388504562364709,40.351592520716174,0.003420138587957184,0.0011968054251537167,0.003203904607686751,0.0996581066141309,11.785534449001716,5,True,,-0.000696829645073243,0.0015331835935466578,0.0009314543029991795,0.0019245338667711806,60.02437517789076,deltaC0.2,BLS-G
129,17.282554647279095,16.47952604266833,5.20691046064791,31.103169103644113,0.005434349824968845,0.001619472051738615,0.005187433690542602,0.1591947621975992,9.589141873999324,4,True,,-0.0029672067650545813,0.0009013080924726267,0.0027724029720626042,0.0041596743266323,-81.6583179578738,deltaC0.2,BLS-G
130,15.273495511459275,12.007901961379995,9.438747566518192,53.08909785486916,0.004629848097488229,0.001267183192246423,0.004453059640640752,0.14051370628515986,14.113108702997124,6,True,,-0.0007408495236614393,0.0013387831564954402,0.0011174845732382643,0.0018947216492801208,-53.39016536567942,deltaC0.2,BLS-G
131,13.257584409886752,11.70124542211698,6.23252757367817,30.60337793558491,0.00364540879146737,0.0013485574165625373,0.003386797624769122,0.10933870384074672,6.09365796199927,4,True,,-0.002188501845514362,0.0011196776768018358,0.000545126595564549,0.002518011404449932,72.34739755821647,deltaC0.2,BLS-G
132,13.639625344589879,11.548392342199264,7.2576865357641305,40.38664267965085,0.003440129278626639,0.0011093831188704647,0.003256341282671317,0.10300290887582433,15.95887934699931,5,True,,-0.0005957380458312968,0.0014624639098737597,0.0019403899027305993,0.0025017628747651126,-3.160233645081462,deltaC0.2,BLS-G
133,15.769860704523701,14.707711236545011,5.68961657956741,35.8758101662721,0.005244269286118728,0.0014386600750413278,0.0050430761975019086,0.155519961325591,12.716610934003256,4,True,,-0.0015405177315308198,0.0010103286215756538,0.0015931784520777093,0.0024356059584630164,-76.14501646628923,deltaC0.2,BLS-G
134,13.367164836510437,12.59018347434733,4.490921492156422,27.82272986493616,0.005967111052975644,0.0016265028306219561,0.005741158668816152,0.1689379610524423,11.705275401000108,5,True,,-0.0029924404695515342,0.0010760336853135367,0.0007144370800380717,0.003259289615402805,-101.19820714259549,deltaC0.2,BLS-G
135,12.574595982401908,10.555519625555277,6.833847346491984,41.010466188422015,0.00355501043277287,0.001128525575786211,0.0033711317390336957,0.10578639067491377,9.095308866999403,4,True,,-0.001119085481209118,0.0011616467019725388,0.00010789163587929251,0.0016166063155726657,-6.679981506240438,deltaC0.2,BLS-G
136,17.55558049667632,14.710231661905354,9.581622567621794,43.907400778688086,0.007039845725828176,0.0018402387598702714,0.006795068001876975,0.18351634436319336,19.306108025997673,6,True,,-0.0018010830307901124,0.0008482341124796827,0.0004978480029169674,0.0020521339691605676,-139.94993175847048,deltaC0.2,BLS-G
137,14.433267768276549,13.483305619810304,5.149726986313215,25.122537057297464,0.00472461334884364,0.0014468139508075429,0.00449763278712482,0.14354942407876495,8.00352734900298,5,True,,-0.001989927718763778,0.0012115284429194077,0.0009054311289374561,0.002499483751328681,118.12793463429989,deltaC0.2,BLS-G
138,13.826620953461589,12.010020091614775,6.850902450751464,40.34435690047655,0.004179339876680914,0.0013229902563069464,0.003964414028142384,0.12734460848946125,12.979324970001471,4,True,,-0.0013854327664301245,0.0010354610338069077,-0.0007728163213185368,0.0018944256568488016,-34.711428944414365,deltaC0.2,BLS-G
139,11.177335289220956,8.660777129872752,7.065675033168255,35.132045518724546,0.0034154820613758385,0.0011155848485306468,0.0032281555348695644,0.09967103394785792,16.115062697997928,5,True,,-0.0014987054112262765,0.0010475896530477342,0.0013293790131074512,0.0022607101873752273,0.5251207997789606,deltaC0.2,BLS-G
140,13.90464300091191,12.575431093885053,5.932759036549316,28.136391235832708,0.0033960106660615936,0.00140624315873309,0.0030911759287559955,0.09420907024270969,9.344084345000738,4,True,,-0.0022322236761425454,0.0011874790061918458,7.06460973237677e-05,0.002529410959402365,53.52016871221713,deltaC0.2,BLS-G
141,10.109529529103298,9.102029022201219,4.399506219886302,25.165671681580513,0.00420084993414104,0.001146099138998389,0.004041484496167211,0.13070382918995282,12.824038368999027,5,True,,-0.0022733540217188862,0.001258234629172697,0.0003536644930469679,0.0026222836352608686,-39.033636217303865,deltaC0.2,BLS-G
142,12.99761165509284,11.270389622650534,6.474274205674051,34.94084818159393,0.003153618510927244,0.001068614264628503,0.002967047904213117,0.08165244284858515,14.150083930002438,6,True,,-0.0010280249521003744,0.001416600403328463,0.0008300251118776025,0.001937145758893421,23.802698032981425,deltaC0.2,BLS-G
143,12.603908623151806,10.733262569777253,6.6072374854381515,42.399449578737766,0.003528023035708431,0.001355324648255173,0.003257305886514394,0.10048766089672154,10.5813737890021,4,True,,-0.0034468820986178514,0.0008790168368321411,0.0005958443680491032,0.0036067571739919536,-0.33223614099551924,deltaC0.2,BLS-G
144,13.038790899652607,11.989250704541554,5.125225426116737,27.033850634814314,0.00599791771693579,0.001410984577787317,0.005829591706147061,0.17079509472034915,9.436632334000024,4,True,,-0.001844941074166082,0.001196618585831194,0.0018908259155197282,0.002900159693862178,-104.00156587222591,deltaC0.2,BLS-G
145,16.223436174483865,13.746659302033738,8.61563922999106,45.84179016900039,0.0034417612309378467,0.0014069269289969562,0.003141063034587176,0.09725148371764153,9.37050413599718,4,True,,-0.0008539100787734592,0.0011348194792017328,0.001558159686635141,0.002108278748662403,2.9980971994737047,deltaC0.2,BLS-G
146,10.775406846845636,8.935470073117992,6.022189575848684,31.899034550210157,0.003448126706637361,0.001099588344348688,0.003268100864110275,0.1022675571952958,7.864230793999013,5,True,,-0.002241455496975235,0.0010275741954649587,0.0010101608256066485,0.0026646681530157297,-3.0858766235396615,deltaC0.2,BLS-G
147,12.325099501636743,10.235540392205563,6.865987955478421,34.02008593958791,0.0041641574575825594,0.0012778257261079368,0.003963252293916849,0.12771986716350198,15.741635510003107,5,True,,-0.0026324408430748376,0.0008731372181864402,0.00025889119246319536,0.002785522938983977,-35.57015641162434,deltaC0.2,BLS-G
148,11.818781401609963,10.99226493818736,4.342085368545675,31.547410434712102,0.003473477986189795,0.0010468130465094555,0.003311983056448614,0.1059075059307789,15.86534182899777,5,True,,-0.0017235248296362743,0.0013368704046907152,0.0018013886077624108,0.0028289152043648926,-6.897392926221073,deltaC0.2,BLS-G
149,15.851515705036975,13.786791256532062,7.822719283973118,50.2399306337374,0.003644550219844577,0.0014236491091483214,0.003354991731583007,0.10196404436106261,11.743308072000218,5,True,,-0.003139893486374875,0.0005841807873588371,-0.0007368851217240402,0.003277681799796437,-2.238749831500172,deltaC0.2,BLS-G
150,17.35965036516018,16.050221592344656,6.61421557232899,37.28357511709813,0.00421079708383697,0.0015747445538495943,0.0039052518063975045,0.12731624456123714,19.49652261299707,6,True,,-0.001008410118272743,0.0014015424319507438,0.0011559992631252902,0.0020778706532263904,-33.20912353441963,deltaC0.2,BLS-G
151,18.813295666935126,15.507984668661063,10.650939177748286,59.17374490804352,0.004697885973888154,0.001425448752606555,0.004476407988258831,0.14152895196959722,9.373165791999782,4,True,,-0.0002058202132552681,0.0011939015155855647,0.000580964042414811,0.001343607832546726,113.72255195255275,deltaC0.2,BLS-G
152,12.138188805478727,10.686404305420446,5.756421674837629,36.545216596112105,0.00482470742418407,0.0011609114080128888,0.004682957017923869,0.1472890466945391,9.326389054000174,4,True,,-0.0012102805801895826,0.0013258982492028784,0.0010226486606156049,0.0020660579694389463,-63.2134871601811,deltaC0.2,BLS-G
153,13.917894801428455,12.498735666014062,6.122859009869269,36.75661119554891,0.0046614329694800154,0.0013072761986187968,0.004474369929887342,0.1419272296049491,26.801375627001107,8,True,,-0.0007865147944119298,0.001378979964325718,-0.0003265571355316743,0.0016207500814768609,-54.27997195950593,deltaC0.2,BLS-G
154,14.493489806130565,11.65012005384376,8.621829822690659,44.053805142174866,0.0035559989455118675,0.0013276969689586457,0.003298840593162929,0.10332215871892104,6.252758148999419,4,True,,-0.0012045604233750984,0.0010930685724007743,0.001584345340713167,0.002270663972535651,63.89032480081369,deltaC0.2,BLS-G
155,11.441249812171757,9.324491615456314,6.629936151864901,37.174418639395675,0.0031872541577835627,0.0010756652695539661,0.0030002555381473763,0.0801817934607701,8.390830865999305,4,True,,-0.001246928668960867,0.0011749179846463342,0.0009715527458429851,0.0019695629246299718,34.840824390004855,deltaC0.2,BLS-G
156,14.341428589621911,12.299663280498066,7.375286921713096,39.265989362589515,0.0032360025624526487,0.0012134875569374635,0.002999860085630337,0.08447861416385521,14.047976778998418,6,True,,-0.0021867768593149548,0.0008670171102918224,0.0018118519233276398,0.0029692623821481706,40.35232447301678,deltaC0.2,BLS-G
157,14.296547845698202,12.270068472660318,7.337349656419893,37.44482990465305,0.003921969363535967,0.0012217995073623815,0.003726801531115355,0.1211060787378392,8.73979907499961,4,True,,-0.0014514381955507557,0.0009717059869324444,0.0009462602947941934,0.0019865281035132583,86.78171113910503,deltaC0.2,BLS-G
158,12.615930641745855,10.09754297222626,7.5631562116213145,44.50981583689797,0.003218400002020902,0.0011529420887519226,0.0030048000121459823,0.07729228585245855,9.313381903997652,4,True,,-0.0013492415936860978,0.0012507975147144491,0.0005516959637790197,0.0019207591565312153,28.568630574038252,deltaC0.2,BLS-G
159,16.420677929072237,14.771963848603791,7.171314224454452,29.144175681143857,0.007026822267901656,0.0016936881485674993,0.0068196518708861205,0.18387021004670545,12.793579368000792,4,True,,-0.002352476177128744,0.0012082500750654277,-0.0009389746654257791,0.0028063652346345326,-139.15400772131397,deltaC0.2,BLS-G
160,15.711618731758614,14.427777190437258,6.220466904923336,39.777496379243054,0.003344227533063719,0.00134886960438097,0.0030601321185985708,0.08927339598638434,16.435904788999324,5,True,,-0.0006373494509546827,0.0014991232749209402,0.0017328681362252518,0.0023783222854749306,12.367438600856985,deltaC0.2,BLS-G
161,14.18846710960934,12.80871181454503,6.103236893026568,28.26003792630432,0.003256808172392635,0.001344805556810472,0.002966192422304246,0.08139774394801508,10.75995704199886,4,True,,-0.0020222738707781954,0.0011976141584451232,0.0020070875735739013,0.003090674976268973,24.12524728688004,deltaC0.2,BLS-G
162,16.796192019718156,15.155480120938561,7.240406664482316,40.14024181514828,0.0051823245411591065,0.001570312414444339,0.004938684700498902,0.15339156975642995,11.703309000997251,5,True,,-0.001148772007145937,0.0013663496428664749,0.00140203835467953,0.0022698678417379134,-73.25032472253224,deltaC0.2,BLS-G
163,16.625290434715644,12.300168743801942,11.185085199167922,63.78299489878129,0.003563499520839379,0.0015235044640367578,0.0032214069881159927,0.09224563235598018,9.161657778000517,4,True,,-0.003240653833366255,0.00037090582790263034,0.0010451851866319917,0.0034251745174864435,10.134529433140415,deltaC0.2,BLS-G
164,12.034999542298346,10.940711640420597,5.014184159390906,32.11457968709035,0.0031968180950629655,0.0011341943012942346,0.0029888541650327626,0.07886717973823656,8.014521946999594,5,True,,-0.0019870087195302966,0.0010952277985745345,0.0001271268200866149,0.0022724191538193795,27.30444340127724,deltaC0.2,BLS-G
165,15.445312502642702,13.025111942674032,8.300851593969217,41.55286149988059,0.003790544892739862,0.0014705207863666204,0.0034936798938568978,0.11089357316430168,9.395916007997585,4,True,,-0.0018136402807884134,0.0008184104651235563,0.001818775441147391,0.002695743100305168,-14.338138614490163,deltaC0.2,BLS-G
166,14.573949798834704,12.166752475748932,8.02310083027824,42.25154902516885,0.0033396570127951675,0.0012323457248840778,0.0031039705181383215,0.09134590469266983,15.987769172999833,5,True,,-0.0008666281094717621,0.0011330006504923422,0.00018572423351156941,0.001438481228607496,11.37290254276013,deltaC0.2,BLS-G
167,14.515654361745984,12.555200422520462,7.28499580645159,43.498768405481265,0.0032956108259236676,0.0011819185186442071,0.003076380882015613,0.08749178613772637,16.094883008998295,5,True,,-0.00137590936052758,0.0011055229699974147,-0.0003372448908142145,0.0017969534557020698,44.4148993811541,deltaC0.2,BLS-G
168,12.160008952945159,10.487262012039423,6.1549291812774936,38.219731711283444,0.0032326940772724553,0.001122347575899647,0.003031607975333321,0.08675494901869145,11.167088144000445,5,True,,-0.0010647650646884242,0.0014537591643890588,0.0012256984079220823,0.0021793294698619677,43.55708035892167,deltaC0.2,BLS-G
169,16.954051179453696,14.505407870189595,8.776844188828754,43.01665679224867,0.005615468986028622,0.0014718173173522918,0.00541915544318404,0.1619883090406285,11.713202841998282,5,True,,-0.0027500151385663153,0.0008097481150468322,-0.0005118694433311199,0.002912092992880193,-86.9439026870532,deltaC0.2,BLS-G
170,18.915217402150503,16.874471884097495,8.546206644086046,41.4602683635526,0.0033235171040411323,0.0015561826554616877,0.0029366752431438793,0.07774903554310338,11.672127484998782,5,True,,-0.0014379334191879415,0.0010463260408215306,0.00251072313589798,0.0030767160036071204,31.326423058293585,deltaC0.2,BLS-G
171,15.735972640302768,13.764050395998384,7.627040817563126,41.46629662228537,0.0034536395463554146,0.0013583845938732392,0.0031752822569462813,0.09824665078900315,16.041236469001888,5,True,,-0.0022167544445766884,0.0007445955281373121,0.002175569336420158,0.0031939825775423748,2.4412669168305,deltaC0.2,BLS-G
172,13.223950531555074,12.629462954781676,3.920399614173666,30.571208302656,0.004051745299301311,0.0012696576883300871,0.0038476758341724378,0.12553307482345272,12.868624961000023,4,True,,-0.0017635547547790152,0.001234672054751176,0.0018697358355107274,0.002851394842963731,-32.78021180174255,deltaC0.2,BLS-G
173,14.433702402095872,12.683153300968506,6.889803144967191,41.48712320132009,0.003702196996557291,0.0013991628916972822,0.0034276239297529603,0.1082211513961143,11.614971939998213,5,True,,-0.0031245706248741695,0.0006352259054603465,0.0012194192395323933,0.0034137130550964934,-10.49372547591338,deltaC0.2,BLS-G
174,18.22331274239951,16.19916632184484,8.347223357770426,47.75816028837936,0.0038520392423990824,0.0016242208123404618,0.0034928660263088517,0.11231303534670423,7.8753871570006595,5,True,,-0.003680278276902745,0.0005172218692714849,0.0005651780961222486,0.003759174502178809,75.49183238013939,deltaC0.2,BLS-G
175,16.400218349146304,14.343992983353187,7.950913607453526,46.96473882937554,0.0033436416187982323,0.0013804898915763214,0.003045354976717043,0.077340494873965,9.339018416001636,4,True,,-0.0035994387615891584,0.0006417836218010307,0.002503343195481844,0.004431091600272758,27.756121932470705,deltaC0.2,BLS-G
176,14.667972099098057,12.103491767546586,8.285824794964656,47.260084734091514,0.0035838655699248043,0.0012457942290071537,0.003360370390636263,0.10684797150670461,11.719520426999225,5,True,,2.975766154292281e-05,0.0014963002970625819,0.0008155104131708779,0.0017043642015133415,68.68947547674179,deltaC0.2,BLS-G
177,14.874827678171535,13.102036265129659,7.0425239909087445,44.62150850489706,0.005152718333165582,0.0015070596103590025,0.0049274006891834215,0.15291447770328456,11.677676786999655,5,True,,-0.004182727942072963,0.0006477241181939337,0.0017224214892510858,0.004569627485618708,-71.10435680225055,deltaC0.2,BLS-G
178,12.583406570788304,11.813484144890191,4.33401814534577,27.378542660152274,0.003646586610872367,0.0012291056464318064,0.0034332045118960026,0.11030894991692312,14.082289145997493,4,True,,-0.0029793387006688244,0.0009655607740450806,0.0019513909785824068,0.003690080412805436,-12.44325951654173,deltaC0.2,BLS-G
179,11.17816703920542,8.833083815427665,6.8504050001447565,38.70046902538664,0.0033683744263847803,0.0010159927566712568,0.00321149575660852,0.09916838309213084,11.039767654998286,5,True,,-0.0012732501429956813,0.001263382587480389,0.00023218858401655162,0.0018086495037830787,1.358991848253936,deltaC0.2,BLS-G
180,17.386886706558897,15.44622239414821,7.9823582415993375,49.17272477418352,0.003526348730937353,0.0017650682772058911,0.003052813349843863,0.08320667275283303,11.699449423998885,5,True,,-0.0030646875907446147,0.0007756013501310129,-0.0010596346009972835,0.003334170507160627,38.50359949655831,deltaC0.2,BLS-G
181,14.679872997483445,14.12524425954209,3.997017116615451,32.34465224340843,0.005407185423857907,0.0014614649454157307,0.00520593645959134,0.15852371489388564,12.827397290999215,4,True,,-0.0014859902798015291,0.001140747149528514,-0.00044268182815104806,0.0019249515245317766,-81.58654378254869,deltaC0.2,BLS-G
182,19.34074076455157,16.570737404173624,9.97371120513864,54.01842180281114,0.003916756731698106,0.0015185503258497975,0.0036104000059777176,0.11351327825553988,6.89431234100266,4,True,,-0.0005647878709003243,0.0008414180785203725,-0.00021057532960946923,0.0010350418790644046,-16.571314827611786,deltaC0.2,BLS-G
183,12.083729368798856,11.044135337944628,4.903426362813531,33.304991840426304,0.0035933809153330786,0.001115402081815399,0.0034158841605888618,0.11034101792011258,11.691198652999446,5,True,,-0.0009007036092926204,0.0015796192226954751,0.0009757596438507987,0.0020636304812319596,73.03074341167667,deltaC0.2,BLS-G
184,14.057435535054537,11.607301013210897,7.929820742673027,44.99745622423447,0.0033020373287200155,0.0013279621225750636,0.0030232378539020626,0.07907974202088931,16.0748383090031,5,True,,-0.001116501825710335,0.001044796922123794,0.0006838684850828114,0.00167506807031336,25.81316033998155,deltaC0.2,BLS-G
185,16.178392422203952,14.41358627235074,7.347714756053654,38.723029034676415,0.004029702987282409,0.0014795097517498353,0.003748273877425437,0.12086363408011887,12.815916514999117,4,True,,-0.0023250749535215333,0.0007611784233842424,0.0006928088852660996,0.002542705307978598,-26.375964608007052,deltaC0.2,BLS-G
186,13.849803950633817,12.30064474463492,6.364841579904201,40.24710915121523,0.0035430905448258945,0.0013210044260954863,0.0032876188822719087,0.10385008865157176,9.356059513000218,4,True,,-0.0024923516070658775,0.0008443763175450629,0.001716750038389503,0.0031419768607017433,-4.541707297335961,deltaC0.2,BLS-G
187,13.288905277218836,12.627837386676443,4.13916977213441,28.755368736854923,0.007033499597356438,0.00157511039264575,0.0068548627876123475,0.18468771883287952,11.618452064001758,5,True,,-0.002110556124292078,0.001289150529921193,0.0007202285827275223,0.0025758659619554325,-141.3913086999164,deltaC0.2,BLS-G
188,12.200574033745736,10.807787932177163,5.660894519949684,35.064895571128375,0.0034654864154010667,0.001083825672020333,0.0032916436635819207,0.10471380458744556,16.055373229002726,5,True,,-0.001138423709941224,0.0014026283431835332,0.0008831718663867005,0.002010812611367626,-5.079295728544821,deltaC0.2,BLS-G
189,16.129296152834325,14.509005411937679,7.045775780011687,30.440723372189794,0.0045208488789811214,0.0015013467590965696,0.00426427397050601,0.13747604305460795,11.781963891000487,5,True,,-0.0026529618856412146,0.0010302508827841805,0.0021827252910079087,0.003586629803053018,-46.82701998707489,deltaC0.2,BLS-G
190,12.230787081254903,10.67632424911016,5.967265131938931,33.690731124728146,0.003329382152876588,0.0012258496253635216,0.0030954932104414724,0.09188002201397351,11.65586363499824,5,True,,-0.0021122402673029715,0.0009431181044756592,0.0017507553268744647,0.0029010644460930545,49.81647312538553,deltaC0.2,BLS-G
191,15.351607642443748,14.418802349963892,5.269724470995897,38.756841329507466,0.0037343113474995813,0.0014594052787921536,0.0034373270825305145,0.11103752112232923,13.148458740000933,4,True,,-0.0006246829461870941,0.0013785003224594395,0.0019473170694904174,0.0024662797269179573,-14.65826959318656,deltaC0.2,BLS-G
192,17.464260793783083,16.834756386304658,4.646652826179659,30.494427633032103,0.00330983802076374,0.0013408975871424793,0.00302605706894115,0.09059201801349902,9.647447220999311,6,True,,-0.0027116437163012775,0.0008967363195823043,0.0030532241958613204,0.004180828346297803,11.478770122608694,deltaC0.2,BLS-G
193,10.655039484985116,9.30541068964083,5.190298481177174,30.369158491425168,0.0032262344842683356,0.0011778924735280992,0.003003524307923614,0.08309475804870427,11.583722895000392,5,True,,-0.0023987751050250175,0.0010339827199537,0.000602562824312175,0.0026807320319072736,21.07756077156955,deltaC0.2,BLS-G
194,16.88887349277534,12.637716571572703,11.203667600904902,58.28805090333804,0.003476453767065831,0.0014891696847252813,0.003141353919035774,0.08331218421892402,13.331501507997018,4,True,,-0.0029148224840142923,0.00041868466625455885,0.00011323872421634129,0.0029469153316195027,21.74073404067167,deltaC0.2,BLS-G
195,13.32715055356427,11.28791547533336,7.084906922401879,36.47754976285044,0.0033500749261003086,0.001309891029012672,0.0030833727479171427,0.09110730196163268,9.496803344998625,4,True,,-0.0015649096369041219,0.0011742460312323673,0.0002808307649119768,0.0019765277210455215,10.902287315569993,deltaC0.2,BLS-G
196,12.949068976681595,11.566808073514668,5.821283222222884,34.726274328738526,0.004948662765913846,0.0013602880083935075,0.004758033176109946,0.14969580276894245,11.783584999000595,5,True,,-0.0012909084516153045,0.0012543383376720032,0.002033529687897828,0.0027157047496676485,-65.76125661586411,deltaC0.2,BLS-G
197,13.553025050055755,12.34336392531321,5.596950510297123,38.89701071811529,0.00408497492407685,0.0012778717977162406,0.003879956674879003,0.12653446329408388,11.8337162300013,5,True,,-0.00021907271686519509,0.0015806494568627052,0.0010483394118507017,0.001909309059108697,93.73666966344899,deltaC0.2,BLS-G
198,15.037381686771282,13.953357294433564,5.605949358273047,27.602801869860397,0.0033123309201981456,0.0013579815534586078,0.0030211623963909725,0.08947017429150907,12.790928454000095,4,True,,-0.002826220347516002,0.0010602971069381103,0.002742261091607301,0.004078203930928181,13.619987545971526,deltaC0.2,BLS-G
199,11.340726585709008,10.404133616521507,4.512879699413024,29.46827040761629,0.003894656823245309,0.0011263841020818326,0.0037282181568986206,0.12014574313457668,9.355210802998045,4,True,,-0.0021211217091356253,0.0011241128889225912,-2.2349490021639218e-05,0.002400684608963151,-25.162398713408038,deltaC0.2,BLS-G
200,11.466328562271922,9.942479334068707,5.711724379693889,29.834480406480743,0.003381658456945198,0.0012437341450223234,0.0031446365920300818,0.09631594852950498,9.775803599000938,3,True,,-0.0022466229249082335,0.00104185751544344,0.000836309202155161,0.0026138467305522346,4.7305220298076165,deltaC0.2,BLS-G
1,3668.5075642206793,3032.831571421582,2063.9477726272144,11822.09690627531,0.29331333421342043,0.21827156358371413,0.19593426591108132,0.9770909414586476,10.864146919000632,4,True,,,,,,,deltaI0.2,BLS-B
2,3668.611097533638,3033.4450890452795,2063.2300590806735,11825.586488180998,0.29334249274832275,0.21826657069109343,0.19598347422818513,0.9774298854984463,6.3117571260008845,4,True,,,,,,,deltaI0.2,BLS-B
3,3668.350098565151,3033.6663917227374,2062.4404644437377,11816.79975590264,0.2932414147602936,0.2182562558000504,0.19584364716467448,0.9767434699916636,8.666952917999879,4,True,,,,,,,deltaI0.2,BLS-B
4,3668.874877110561,3032.9249565017435,2064.463385996936,11827.676490888523,0.29339093138646627,0.21829396385082037,0.196025467646719,0.9775398487340204,8.113271578000422,4,True,,,,,,,deltaI0.2,BLS-B
5,3668.419734332889,3032.903306398196,2063.6862361516773,11820.387121860498,0.29327888059360036,0.21825015927707453,0.19590653326973786,0.9769534515197063,4.372956810999312,3,True,,,,,,,deltaI0.2,BLS-B
6,3668.4469470413333,3032.467718057898,2064.3746128533953,11820.980157211588,0.29327162797109907,0.21823723816075913,0.19591007031998847,0.976940354243936,9.991905361001045,4,True,,,,,,,deltaI0.2,BLS-B
7,3668.5519172124928,3032.4040638716015,2064.6546352110445,11822.859991412493,0.2933294452540284,0.2182749671742608,0.19595459208222554,0.9771120071583917,9.566173715000332,5,True,,,,,,,deltaI0.2,BLS-B
8,3668.520322996386,3031.8120424200383,2065.467767764567,11826.66244676592,0.29338188873041954,0.21828541280241154,0.1960214559498758,0.9773756675864602,3.9273052600001392,4,True,,,,,,,deltaI0.2,BLS-B
9,3668.6270210428534,3032.898911419673,2064.061145565975,11821.220884327024,0.29325756254274,0.21821717036990643,0.19591136910414433,0.9769807792056717,6.068956454999352,3,True,,,,,,,deltaI0.2,BLS-B
10,3668.3064661674844,3033.4326759116807,2062.70660309155,11818.67496944045,0.2933066428124311,0.2183030274505184,0.19588919042110828,0.9769146026474415,14.97005194600024,5,True,,,,,,,deltaI0.2,BLS-B
11,3668.5503254131136,3034.215906375097,2061.988196762779,11818.076053804463,0.2932361867868023,0.2182492203501348,0.19584365973353007,0.9768710662525,5.215109392998784,3,True,,,,,,,deltaI0.2,BLS-B
12,3668.738401502085,3033.7638003788697,2062.987799810466,11825.089798168381,0.29336209516063316,0.2182969321513631,0.19597899961562099,0.9774271280171865,13.676713302998905,5,True,,,,,,,deltaI0.2,BLS-B
13,3668.274766363641,3032.2450108008798,2064.395784730583,11823.812799022007,0.2934772165025303,0.2184220908440026,0.1960119048359239,0.9773046137375913,4.159328900999753,3,True,,,,,,,deltaI0.2,BLS-B
14,3668.3467609377035,3033.329935705104,2062.929339467886,11818.637495390663,0.2933091418293396,0.2183057651217709,0.19588988129880994,0.9768973768512969,5.881936362000488,3,True,,,,,,,deltaI0.2,BLS-B
15,3668.6823880729444,3033.104852224478,2063.8569281733,11820.256190861866,0.2932024053058971,0.2181760489658681,0.1958746081931159,0.9768802175603505,8.101095250000071,3,True,,,,,,,deltaI0.2,BLS-B
16,3668.3922660252388,3032.5461370224634,2064.1622378737384,11820.527750601406,0.29326535792043845,0.21823000432973907,0.1959087424451623,0.9769199120985689,8.092255732000922,3,True,,,,,,,deltaI0.2,BLS-B
17,3668.5703399422923,3032.594910551592,2064.4070450376034,11826.171509032521,0.293310170569202,0.21821946287732744,0.195987556188818,0.9773622580962016,7.992957349999415,4,True,,,,,,,deltaI0.2,BLS-B
18,3668.743390573728,3033.3511355992314,2063.603390682732,11828.868407353415,0.2935139991142609,0.21841795038551856,0.1960715854616255,0.9777758400570032,4.339757792000455,3,True,,,,,,,deltaI0.2,BLS-B
19,3668.2905946412116,3033.3201994789038,2062.8437784200823,11816.415943790736,0.29318872787881867,0.21819916011416343,0.19582838578886785,0.9766467340759458,3.974147324999649,3,True,,,,,,,deltaI0.2,BLS-B
20,3668.4126216515465,3032.873841535282,2063.716895318588,11820.80842149126,0.2933393810674723,0.21831491457580782,0.19592496155111397,0.9770277456465738,11.132391317998554,5,True,,,,,,,deltaI0.2,BLS-B
21,3668.2888275719215,3033.659231439907,2062.3420157647024,11817.105508591114,0.2931830634450296,0.21818717942245888,0.19583325413903532,0.9767303721581087,13.070407904999229,6,True,,,,,,,deltaI0.2,BLS-B
22,3668.843817328585,3032.5558505316944,2064.950355179557,11826.897047386545,0.29333496505585516,0.21823603042224674,0.19600621610005117,0.9774051355201615,7.84739103100037,4,True,,,,,,,deltaI0.2,BLS-B
23,3668.168834717032,3033.858013114613,2061.8361128493125,11812.02950599236,0.2931479452326606,0.21820499682061736,0.1957608161932447,0.9763575487442776,3.99857063500167,4,True,,,,,,,deltaI0.2,BLS-B
24,3668.4748863138184,3035.252905592824,2060.3271076713777,11813.910977920166,0.2931677877443999,0.2182195217065357,0.19577433978209785,0.9766299892389013,4.3913549879998754,3,True,,,,,,,deltaI0.2,BLS-B
25,3668.437882430374,3032.984930073901,2063.5985344041273,11821.172934528055,0.2933323018933101,0.2183002359487745,0.19593071816011243,0.9770601385684221,5.99463076199936,3,True,,,,,,,deltaI0.2,BLS-B
26,3668.5980194504946,3033.1760499093652,2063.6023063013645,11823.957802959007,0.2933365059526604,0.21827928640200825,0.1959603502046912,0.9772748725025203,67.13243850000072,12,True,,,,,,,deltaI0.2,BLS-B
27,3668.883526289196,3031.6846985630887,2066.2996438016144,11830.309809577904,0.293364705197534,0.21822375194616608,0.19606438825593547,0.9775877445569927,4.354849821998869,3,True,,,,,,,deltaI0.2,BLS-B
28,3668.6060449402294,3033.2469782243866,2063.51231691614,11823.180848310763,0.29338215224834263,0.21833603425634365,0.19596546482245905,0.9772589749452728,12.15401898500022,5,True,,,,,,,deltaI0.2,BLS-B
29,3669.2109283688546,3032.9170943092304,2065.072089760618,11837.64553306995,0.2935105203556503,0.2183134523664778,0.1961827262408039,0.9783421373283335,6.552471263999905,5,True,,,,,,,deltaI0.2,BLS-B
30,3668.1989543537065,3033.621375220906,2062.237842860141,11816.697137277317,0.29325224128299476,0.21826703214730486,0.1958478483290209,0.9767539310550714,4.402917167999476,3,True,,,,,,,deltaI0.2,BLS-B
31,3668.5976009818964,3032.5005034434353,2064.5941621891316,11822.93871313549,0.29327692999935384,0.21821858233049848,0.19593878634796474,0.9770794575973661,10.793750705999628,4,True,,,,,,,deltaI0.2,BLS-B
32,3668.552262154681,3033.8940992254597,2062.465101485396,11821.441147750389,0.2933409088218611,0.21831418831926458,0.1959280581410843,0.9771706708377298,4.19696325500081,3,True,,,,,,,deltaI0.2,BLS-B
33,3668.6433661279484,3033.462309388979,2063.262117461348,11823.424430429068,0.2933506557912877,0.21830146246767307,0.19595682875994322,0.9772717076751157,7.637124278999181,3,True,,,,,,,deltaI0.2,BLS-B
34,3668.6156053719374,3032.9267507585178,2063.9999477984215,11823.491302239812,0.2933910637489515,0.21834383029662427,0.19597012032230904,0.9772512026937844,7.295739948000119,4,True,,,,,,,deltaI0.2,BLS-B
35,3668.494462115006,3032.3738156443446,2064.5969729618005,11823.184677277166,0.2932468175680787,0.2181850210791926,0.19593109143389748,0.977074236362603,5.925182611001219,3,True,,,,,,,deltaI0.2,BLS-B
36,3668.638661815397,3032.967146895462,2063.9815689146703,11823.92382955952,0.29337010404681385,0.2183120558820556,0.1959741416743255,0.9772714411704766,9.663166381998963,5,True,,,,,,,deltaI0.2,BLS-B
37,3668.5789788137718,3033.586318135875,2062.9652867203367,11824.344928115883,0.2933681110615661,0.21830806335771552,0.19597560577999248,0.9773750079960416,10.014242715000364,4,True,,,,,,,deltaI0.2,BLS-B
38,3668.332246192274,3033.240675378804,2063.0347727756775,11819.35412033057,0.29337042328277096,0.21836521838724948,0.1959153813660404,0.9769902848041467,5.09548302300027,3,True,,,,,,,deltaI0.2,BLS-B
39,3668.608820367453,3032.2215352682465,2065.0237862875465,11829.260087902334,0.29344209256157266,0.21832517180660418,0.1960672870280286,0.9776485278679702,8.83683929200015,4,True,,,,,,,deltaI0.2,BLS-B
40,3668.638869873312,3033.450983096615,2063.2707749337005,11825.235788985801,0.2933591032824058,0.2182933198021708,0.19597854476550336,0.9774113521989928,6.469111533999239,4,True,,,,,,,deltaI0.2,BLS-B
41,3668.5036314899467,3033.6751740599493,2062.700616315238,11824.104310829705,0.29337530013349566,0.2183185946089242,0.1959746360537579,0.9773789963118882,13.29264490999958,5,True,,,,,,,deltaI0.2,BLS-B
42,3668.653605600155,3031.867671693847,2065.622835665007,11830.418665124378,0.29344268502249105,0.21830839161238888,0.1960868571445336,0.9776956580129618,3.825055543000417,3,True,,,,,,,deltaI0.2,BLS-B
43,3668.2157912205626,3032.9680859989708,2063.228460513192,11818.256877492635,0.29327501729799554,0.218269515033669,0.19587918362630197,0.9768193641220183,6.9112846620009805,3,True,,,,,,,deltaI0.2,BLS-B
44,3668.4793783998944,3033.6593194514408,2062.680800136244,11820.510790610502,0.2933142458151183,0.2182961039040921,0.19590828930493334,0.9770618496289551,8.95838060800088,5,True,,,,,,,deltaI0.2,BLS-B
45,3668.428938645843,3034.407150407093,2061.490752696352,11817.676822441374,0.2932843254971307,0.21829750822787242,0.19586192453820336,0.9769145702765676,5.841829948998566,4,True,,,,,,,deltaI0.2,BLS-B
46,3667.951204996634,3033.6486072976604,2061.7570588401586,11814.79836852571,0.29329879400230724,0.21833821736477263,0.1958382123110327,0.9766763096359549,8.631828632000179,4,True,,,,,,,deltaI0.2,BLS-B
47,3668.5223336961753,3033.3771517702417,2063.1721130206006,11820.922412670472,0.2932715458266412,0.21824288357586755,0.19590365836307919,0.9770262313554419,4.014944602999094,4,True,,,,,,,deltaI0.2,BLS-B
48,3668.4980047485083,3033.1553023826355,2063.4549964736057,11824.600302406705,0.29343553162335173,0.2183777697213969,0.19599887987074727,0.9774061099057803,12.390357758999016,4,True,,,,,,,deltaI0.2,BLS-B
49,3668.9625165738466,3031.288665428266,2067.0207969127973,11832.87064026609,0.29334922243205835,0.21817630629326412,0.1960940225343981,0.9777173711241658,13.523369885000648,5,True,,,,,,,deltaI0.2,BLS-B
50,3668.6090885493704,3033.6026260267936,2062.994850199676,11823.6063617321,0.29330128521794446,0.2182435627831073,0.195947419514098,0.9772670824895666,6.396296009001162,4,True,,,,,,,deltaI0.2,BLS-B
51,3668.7755450296136,3032.8592361406527,2064.383407597454,11828.944229554794,0.29345127831580164,0.21834459565362835,0.19605940501294913,0.9776844540888068,10.65335547900031,4,True,,,,,,,deltaI0.2,BLS-B
52,3668.3064126905815,3033.0612281866556,2063.2526562342528,11821.061926328015,0.29331321561063284,0.21828255764368057,0.19592184023324932,0.9770578983155902,7.657182270000703,4,True,,,,,,,deltaI0.2,BLS-B
53,3668.1486071317227,3033.712480685353,2062.014255172916,11814.572668153325,0.293268576138883,0.21831040641779612,0.19582396227281407,0.9766231832843486,9.348622777000855,4,True,,,,,,,deltaI0.2,BLS-B
54,3668.31527286405,3033.550220335023,2062.5493937922984,11819.886206806572,0.2932938982903181,0.21827562389951383,0.19590064518936492,0.9770068989741628,5.117130796999845,4,True,,,,,,,deltaI0.2,BLS-B
55,3668.105299467881,3032.7912334324324,2063.2919867046794,11816.990701613524,0.2932691669093626,0.21827602065562376,0.19586317434999692,0.9767123377892519,7.475119542999892,4,True,,,,,,,deltaI0.2,BLS-B
56,3668.2955875369935,3033.6144972718344,2062.419840741825,11816.6590210026,0.2933244271326122,0.2183457663999889,0.19586818487921054,0.9767967838213085,11.416000363999046,5,True,,,,,,,deltaI0.2,BLS-B
57,3668.4509322642066,3032.8893171677355,2063.762251869133,11821.066411618165,0.2933478383871849,0.21831948904902063,0.1959325266202846,0.9770516535325096,49.61535632399864,13,True,,,,,,,deltaI0.2,BLS-B
58,3668.092028376343,3033.4830464423717,2062.2511330060615,11813.858559721815,0.29323402496389406,0.21827566381687055,0.1958109495963649,0.9765265122878711,4.405179678000422,3,True,,,,,,,deltaI0.2,BLS-B
59,3668.496841187208,3033.7501362311486,2062.5782857186305,11818.722664148501,0.2932516184485186,0.2182448544825717,0.19587162942743044,0.9768923811797803,7.034920121999676,4,True,,,,,,,deltaI0.2,BLS-B
60,3668.473843852777,3033.829261495876,2062.4209936682073,11816.417938841036,0.29315586603691995,0.21816754095669968,0.19581441689713078,0.976658017869236,9.741112273000908,4,True,,,,,,,deltaI0.2,BLS-B
61,3668.56851541707,3033.725932273058,2062.741360462667,11818.811410191924,0.29323886185584125,0.2182316565809057,0.19586723607704984,0.9768783424375171,4.023306383998715,4,True,,,,,,,deltaI0.2,BLS-B
62,3668.627512861307,3032.8841852812784,2064.0836578960784,11825.685194108912,0.2933846026806604,0.21830521621512192,0.1960034633963335,0.9774088715602373,7.002353703999688,4,True,,,,,,,deltaI0.2,BLS-B
63,3668.7250930877794,3032.1089129622196,2065.3956881399267,11826.94977669469,0.2933477894186278,0.21825287769469523,0.19600665023100625,0.9773763127871474,7.506760071000826,4,True,,,,,,,deltaI0.2,BLS-B
64,3668.3917851712868,3032.1217491932675,2064.784731535309,11823.88500046121,0.293332085386855,0.2182615199050613,0.19597352179856778,0.9771771300584018,7.68480043999989,4,True,,,,,,,deltaI0.2,BLS-B
65,3668.232556075473,3032.9257942735444,2063.3204336414133,11820.397504292803,0.293357775874457,0.21833585622533308,0.19592916718130263,0.9770346993254385,7.878663218998554,4,True,,,,,,,deltaI0.2,BLS-B
66,3667.952913032161,3033.0265876847357,2062.6750327229465,11813.04031053316,0.2933669773233751,0.21842913040372827,0.1958389603090374,0.9765284657797666,6.692924859000414,3,True,,,,,,,deltaI0.2,BLS-B
67,3668.746289844152,3032.776049021632,2064.453626441139,11826.828420759093,0.2932653915344672,0.21816302521047481,0.19598337761881254,0.9773811972872783,15.003029191000678,5,True,,,,,,,deltaI0.2,BLS-B
68,3668.7138473813807,3032.533570683761,2064.752148962168,11827.62602654498,0.2933449129717378,0.2182391382641466,0.19601764332865323,0.9774767318345505,7.720954371001426,5,True,,,,,,,deltaI0.2,BLS-B
69,3668.6698083355213,3033.419495423319,2063.372076814633,11821.490316688853,0.2931763206420231,0.21812880945351798,0.19588817593613245,0.9769909929636692,5.717831541000123,4,True,,,,,,,deltaI0.2,BLS-B
70,3669.1530576693435,3032.1631414805966,2066.0761951222453,11834.439856026534,0.2933605634196018,0.21817920658915355,0.19610776114675743,0.9779142051287216,7.089261931001602,3,True,,,,,,,deltaI0.2,BLS-B
71,3668.5802784841067,3032.0304889620566,2065.2535858066044,11824.66935225333,0.2932265050605416,0.21813959030487026,0.19595127560606276,0.9771270170086456,10.248105602999203,5,True,,,,,,,deltaI0.2,BLS-B
72,3668.204342145151,3033.605544595235,2062.2707134451543,11811.47254319439,0.2931517689135916,0.21821777303175827,0.19575230049791975,0.9762870563578803,4.351234961000955,3,True,,,,,,,deltaI0.2,BLS-B
73,3668.4129760920246,3032.7617541096815,2063.8822413039734,11820.711453306336,0.2932937860617171,0.21826602385291186,0.19591117317257942,0.976974075135161,7.46415380200051,4,True,,,,,,,deltaI0.2,BLS-B
74,3668.2140041646835,3034.293161930099,2061.276058128591,11816.141057166229,0.2933167603663049,0.21835130871522843,0.19585052436521927,0.9768285440329605,6.179912640000111,4,True,,,,,,,deltaI0.2,BLS-B
75,3668.6784065520874,3033.166109178646,2063.7598224676335,11825.602497280786,0.293301526448622,0.21821797712855215,0.19597627375530535,0.9773647476754814,8.786551099999997,4,True,,,,,,,deltaI0.2,BLS-B
76,3668.3173339135333,3032.372389514629,2064.2843199520344,11823.344674100535,0.29341234645427816,0.2183573524966662,0.1959869170696147,0.9772294684914723,9.049100889998954,3,True,,,,,,,deltaI0.2,BLS-B
77,3667.891024093425,3035.108294769271,2059.500474301446,11808.575261278984,0.2932615845445098,0.21837857019634543,0.19573746971021286,0.9763426313695371,5.767836536999312,4,True,,,,,,,deltaI0.2,BLS-B
78,3668.240869331371,3032.630874693033,2063.7686530450883,11820.194967949034,0.2933799229740606,0.21835973602299596,0.19593571621384723,0.9770039880676399,7.85093888099982,4,True,,,,,,,deltaI0.2,BLS-B
79,3668.6270408874434,3032.9650995865463,2063.963921637326,11822.408442757242,0.2932983484608847,0.21825156461175726,0.19593411074747163,0.9771056704290035,7.331751684001574,4,True,,,,,,,deltaI0.2,BLS-B
80,3668.526055708745,3033.4373870676313,2063.090167722745,11820.578971848476,0.29312537314365317,0.21808574623757634,0.19585987763859494,0.9768977801605012,3.846568444001605,3,True,,,,,,,deltaI0.2,BLS-B
81,3668.440277929648,3032.579274410474,2064.1988802323754,11822.187901723551,0.29330000417379853,0.2182495396110147,0.19593884481625984,0.9770695560600637,9.041239203001169,5,True,,,,,,,deltaI0.2,BLS-B
82,3669.0335614999326,3033.182354048404,2064.3672353780125,11824.238309449194,0.29327050674959404,0.21821420170741093,0.19593405090070756,0.9771992167311847,10.097923703999186,5,True,,,,,,,deltaI0.2,BLS-B
83,3669.0282948940635,3033.64381053034,2063.679689187302,11826.13391601468,0.2933359545793046,0.21825967285320674,0.19598137017319536,0.9774439981196,5.837839354000607,4,True,,,,,,,deltaI0.2,BLS-B
84,3668.584074375196,3033.6798851349254,2062.8367519721614,11821.464168210972,0.2932804457814065,0.21824623540078242,0.19591324766622284,0.9771020341526536,8.34301776799839,4,True,,,,,,,deltaI0.2,BLS-B
85,3668.5785430642964,3033.1611151026264,2063.58963373563,11822.29083169372,0.293371945244695,0.21833265068047994,0.195953953528608,0.9771787556531617,6.401891281000644,3,True,,,,,,,deltaI0.2,BLS-B
86,3668.3489185094663,3032.4698412809043,2064.197289420596,11819.4194522619,0.29319751049360415,0.21816852378122203,0.1958756630895463,0.9767824313593407,9.28623412900015,5,True,,,,,,,deltaI0.2,BLS-B
87,3668.364048989682,3033.2501531950484,2063.0773868331244,11820.32733446562,0.2933318920545393,0.21831478043814834,0.19591389827814407,0.9770299053427962,12.22420018000048,4,True,,,,,,,deltaI0.2,BLS-B
88,3668.4331551623004,3033.097564942241,2063.4245746902106,11825.943182519059,0.29344256136397234,0.21837388031039254,0.19601373731968644,0.977508633548441,5.88376380200134,3,True,,,,,,,deltaI0.2,BLS-B
89,3668.367930454889,3033.76612509954,2062.3254765890883,11817.426672733134,0.2931978151054399,0.2181996529835142,0.19584144152981947,0.9767683225338974,7.81765462399926,4,True,,,,,,,deltaI0.2,BLS-B
90,3668.9361606728658,3032.547087614303,2065.127287237995,11830.091644061835,0.2933460523538554,0.21821467771088376,0.1960465782999694,0.9776422538808539,7.9774194749988965,4,True,,,,,,,deltaI0.2,BLS-B
91,3668.8018607731788,3033.1021665111984,2064.0732402504073,11824.310649765705,0.2933496155405245,0.21828745128339955,0.1959708793417303,0.977283514633135,8.93949718499971,5,True,,,,,,,deltaI0.2,BLS-B
92,3668.1181737169545,3033.4705976492824,2062.3159480423733,11815.507704462623,0.29330271528652274,0.21833369432587932,0.19584912743349284,0.976696594037362,18.409297144000448,5,True,,,,,,,deltaI0.2,BLS-B
93,3669.1223545516086,3032.1711345675994,2066.009937867041,11832.341228707315,0.29334131890020243,0.21818147920660466,0.1960764430147798,0.9777464813820593,5.8347494099998585,4,True,,,,,,,deltaI0.2,BLS-B
94,3668.5180628360595,3033.4514265745297,2063.055311902079,11821.927765963217,0.29332921338655865,0.21829138760460473,0.19593595260603267,0.9771542323776202,7.333275502000106,4,True,,,,,,,deltaI0.2,BLS-B
95,3668.6081897935087,3033.3846836696866,2063.313696726253,11823.463209464866,0.29337757230184186,0.218328183773516,0.19596735467898801,0.9772914208736005,7.504158265999649,4,True,,,,,,,deltaI0.2,BLS-B
96,3668.470714990102,3033.0849420316526,2063.509903334809,11821.314341994042,0.29325398794618024,0.218215674790391,0.19590768418342536,0.9770159044654523,7.5675074299997505,3,True,,,,,,,deltaI0.2,BLS-B
97,3668.548919570101,3032.544999645582,2064.442297668679,11824.135595735564,0.29336693435537725,0.21830477931813383,0.19597750253519686,0.9772476666607545,13.863118535000467,6,True,,,,,,,deltaI0.2,BLS-B
98,3668.616133773381,3033.5415463195686,2063.0971920235434,11823.568054033147,0.2933630080430287,0.2183128414611385,0.19596264373910122,0.9773027900286685,4.135058976000437,3,True,,,,,,,deltaI0.2,BLS-B
99,3668.2685911978765,3032.9457806815385,2063.3551193662497,11818.357626154126,0.2933025346726225,0.21830117426634923,0.19588510448555801,0.9768385682335028,10.257387448000372,5,True,,,,,,,deltaI0.2,BLS-B
100,3668.2718675802657,3033.3906478583367,2062.7068797980937,11818.166960100069,0.2932942031705357,0.21829754960072573,0.19587666898269987,0.9768651369450755,8.879936930999975,5,True,,,,,,,deltaI0.2,BLS-B
101,3668.4052421499655,3033.82537626568,2062.3046833481594,11819.245921267277,0.29336785525900544,0.21837183344914,0.19590416242471678,0.9770321379680699,6.071580863001145,3,True,,,,,,,deltaI0.2,BLS-B
102,3668.446135239337,3033.331958356444,2063.1030700296797,11819.191682664545,0.29331079767282175,0.2183016853938243,0.19589690703449797,0.9769315241643713,6.232144591998804,3,True,,,,,,,deltaI0.2,BLS-B
103,3668.665706410557,3032.577814810311,2064.6016231983335,11826.314420674344,0.29336175572543016,0.21827188725574534,0.19600638498814812,0.977402416219852,4.406564406001053,3,True,,,,,,,deltaI0.2,BLS-B
104,3668.008652513669,3034.358070852814,2060.8150263343696,11810.294636842453,0.29316789480856925,0.21825195272373205,0.19573834493723025,0.9763087114075872,8.009079262999876,4,True,,,,,,,deltaI0.2,BLS-B
105,3668.1475535441073,3034.0410870646006,2061.5288396176948,11814.599504831851,0.29332356519393704,0.21837002337361464,0.19583984985157857,0.9767028496293771,5.854888727999423,4,True,,,,,,,deltaI0.2,BLS-B
106,3668.528621373443,3032.6919412836996,2064.190358254064,11823.077508098764,0.29335482516226924,0.21830446423557018,0.1959597263235643,0.9771786283519303,4.582078299999921,3,True,,,,,,,deltaI0.2,BLS-B
107,3668.468528930969,3034.554939256323,2061.343656063201,11817.404601083743,0.29330702279425225,0.21832821276211709,0.19586168878197627,0.976922047508979,50.4171507709998,13,True,,,,,,,deltaI0.2,BLS-B
108,3668.288816554066,3033.6201180707153,2062.399529890425,11817.297172926439,0.29322436501234084,0.21822942367382042,0.1958480198518297,0.9767694128500805,5.865774318999684,3,True,,,,,,,deltaI0.2,BLS-B
109,3668.9938849158602,3033.0096759811945,2064.550419087513,11830.602201061776,0.29336299543025346,0.21823003937212673,0.19605483162485673,0.9777372133018566,11.45819457000107,4,True,,,,,,,deltaI0.2,BLS-B
110,3668.7525811508526,3032.224306462985,2065.2751044343004,11830.649093033218,0.29348857634720943,0.21836051976944168,0.19609749578291674,0.9777744371970389,7.977389862000564,4,True,,,,,,,deltaI0.2,BLS-B
111,3668.4484772407977,3034.5339432681208,2061.3388797875896,11812.091567963571,0.29311363163108967,0.21817508749785022,0.19574277060282846,0.9763779436498522,9.2833963030007,5,True,,,,,,,deltaI0.2,BLS-B
112,3668.5278126408516,3032.3630578005386,2064.672031535769,11824.451743694843,0.293358229903025,0.21828998379516,0.1959809532238909,0.9772488054929905,8.351284537000538,5,True,,,,,,,deltaI0.2,BLS-B
113,3668.8283000097863,3033.538883695382,2063.478358515269,11829.713744904993,0.29344593284202225,0.21833495841387549,0.1960621366708419,0.977804597990041,11.839748876998783,6,True,,,,,,,deltaI0.2,BLS-B
114,3668.628032147346,3033.511625501298,2063.1623436379837,11823.114353289018,0.29331624922462707,0.21826961062364444,0.19594080518719464,0.9772274092919405,6.15267806600059,3,True,,,,,,,deltaI0.2,BLS-B
115,3668.5862504108445,3033.16062604933,2063.604054388228,11822.8309020076,0.29329867293333045,0.2182473728648676,0.195939265544291,0.977162054849649,11.715552543999365,5,True,,,,,,,deltaI0.2,BLS-B
116,3668.304470944687,3034.9327525111953,2060.4952995063104,11813.557159695927,0.29322266718620893,0.21828163187692767,0.19578728696455155,0.9766271464315043,12.708423604000927,4,True,,,,,,,deltaI0.2,BLS-B
117,3668.5234793218183,3031.866152682162,2065.393945608373,11827.24583643471,0.29337782576570337,0.21827248881309697,0.19602976630692556,0.9774222057505653,13.180316641999525,4,True,,,,,,,deltaI0.2,BLS-B
118,3668.3124920895816,3033.85555348255,2062.0952985309796,11818.862834818812,0.2933740656082456,0.218376951530063,0.19590775740625407,0.9770240172715934,9.841018524999527,4,True,,,,,,,deltaI0.2,BLS-B
119,3668.3065764897005,3033.4790753920374,2062.6385622004295,11820.230238843775,0.2933585671967787,0.21834688533935062,0.19591806096006414,0.9770694031152436,5.8675804380000045,4,True,,,,,,,deltaI0.2,BLS-B
120,3668.7936912498103,3032.3087305675695,2065.2241794725605,11826.69571985751,0.2933667368747922,0.21827767898841177,0.19600739057493577,0.9773908338658688,7.504395428999487,4,True,,,,,,,deltaI0.2,BLS-B
121,3668.301084609775,3032.638597545946,2063.8643327563486,11817.097612159809,0.293302955951523,0.2183105736283268,0.19587525982617596,0.9767108174378307,8.17660266799976,4,True,,,,,,,deltaI0.2,BLS-B
122,3668.4218953939708,3033.6172161789295,2062.6404893506515,11817.294953327475,0.29321052016168114,0.2182164120189803,0.19584178986887923,0.9767458561173125,4.414882917000796,3,True,,,,,,,deltaI0.2,BLS-B
123,3668.369495041889,3032.2297047938036,2064.5865856194955,11821.681825558448,0.293360719700423,0.2183186898547064,0.19595270226071052,0.9770461294455677,10.433493726999586,5,True,,,,,,,deltaI0.2,BLS-B
124,3668.2801058497357,3033.0740329078485,2063.187060320287,11819.777902841466,0.29332015493234054,0.21830360709404997,0.19590877575866508,0.9769715819003904,7.308412111999132,4,True,,,,,,,deltaI0.2,BLS-B
125,3668.652303776451,3033.513582106952,2063.202625332013,11824.39446372781,0.29328417416676633,0.2182146423179728,0.19595401678639124,0.9773011081183293,4.829923111001335,4,True,,,,,,,deltaI0.2,BLS-B
126,3667.9663395233456,3032.7708228676793,2063.0749389779303,11813.850642689882,0.293251645501206,0.2182899031735452,0.19582146399628733,0.9764752477484054,9.237756851000086,5,True,,,,,,,deltaI0.2,BLS-B
127,3668.518530898103,3031.6469568329385,2065.7068864358175,11828.729743121008,0.29333245188229007,0.21820423235470682,0.1960378542776092,0.9774767613328791,14.56810673200016,4,True,,,,,,,deltaI0.2,BLS-B
128,3668.3397800074886,3033.6132283402267,2062.500308466542,11817.780960424401,0.2933140059520612,0.21832527467187243,0.19587542093661786,0.976867050928849,6.323509563000698,4,True,,,,,,,deltaI0.2,BLS-B
129,3668.3298039787337,3033.8890395049716,2062.0768285227055,11817.075144696832,0.2932677113748411,0.21828426952724703,0.19585180165623517,0.9768072767949115,7.243713398000182,3,True,,,,,,,deltaI0.2,BLS-B
130,3668.010140927511,3033.168761933508,2062.567733573326,11810.77161149393,0.29321228860484183,0.21828441283328734,0.19576864228705282,0.9762542999033235,11.461527512999965,5,True,,,,,,,deltaI0.2,BLS-B
131,3668.791479577272,3033.0031432141814,2064.200294029551,11823.638656874615,0.2932801408967624,0.2182206723070135,0.19594126472568213,0.9771696806579769,8.933406123998793,4,True,,,,,,,deltaI0.2,BLS-B
132,3668.4327784575084,3033.8799417211117,2062.2733934383627,11820.599263040156,0.2932770964880271,0.2182558617688227,0.19589750924398222,0.9770695192150529,10.249803114000315,4,True,,,,,,,deltaI0.2,BLS-B
133,3668.6627723588986,3032.6705257827966,2064.4602246932177,11822.50756199951,0.29320767595510405,0.21814843734331502,0.1959132474430023,0.9770082419325359,3.9866246139990835,3,True,,,,,,,deltaI0.2,BLS-B
134,3668.634998416836,3032.781293710567,2064.2481382159845,11826.744271393562,0.2934377951651384,0.21835348784544578,0.19602931917727634,0.9775130150166447,5.998045615000592,3,True,,,,,,,deltaI0.2,BLS-B
135,3668.4988045874725,3032.4096334078654,2064.5520808337315,11825.043522632912,0.29336352623570766,0.2182886876175167,0.1959903247195405,0.9773058334542768,4.361983752000015,3,True,,,,,,,deltaI0.2,BLS-B
136,3668.4451303822543,3034.0218468973844,2062.0865906102626,11820.102720313262,0.2933235779025548,0.21830892268471694,0.19590797745317687,0.977083780522218,6.461341488000471,3,True,,,,,,,deltaI0.2,BLS-B
137,3668.692025929854,3031.719914963848,2065.907921068336,11827.4635876052,0.2933733202209476,0.21826758127244686,0.19602848768211842,0.9774027433507776,8.110504792999564,4,True,,,,,,,deltaI0.2,BLS-B
138,3668.6402889999085,3033.0265119948317,2063.8972231217795,11824.719795695542,0.2933372677222963,0.21826808434909284,0.19597396763182456,0.9773132115709603,4.593448575000366,4,True,,,,,,,deltaI0.2,BLS-B
139,3668.705231699715,3032.8126045399094,2064.32695638184,11827.226458234874,0.2933590569682244,0.21826138926646768,0.19601403587691718,0.9774888035871085,4.51296319299945,3,True,,,,,,,deltaI0.2,BLS-B
140,3668.6972063683133,3033.637280244342,2063.1005898710755,11826.089326065832,0.2934139896085142,0.2183450380700561,0.19600309601680027,0.977528815037929,15.739246717999777,5,True,,,,,,,deltaI0.2,BLS-B
141,3668.4670967233687,3032.996567294339,2063.633364365565,11822.97621642678,0.2933799816510452,0.21833341937178494,0.1959651285790201,0.9772292994536687,5.788363321998986,4,True,,,,,,,deltaI0.2,BLS-B
142,3668.602508664231,3034.515667156043,2061.639889108184,11816.954655981997,0.2931563481188585,0.21817073573343332,0.19581157910582744,0.9767558704844991,8.955125179998504,4,True,,,,,,,deltaI0.2,BLS-B
143,3668.993369391235,3031.677360569593,2066.5054381846253,11832.366955419171,0.2934014109298773,0.2182433313716946,0.19609751718833013,0.9777562828021321,9.507851177000703,4,True,,,,,,,deltaI0.2,BLS-B
144,3668.7780540256454,3032.58980160809,2064.7836460227018,11826.481236347947,0.2933044140260793,0.21820966131671615,0.1959898543170686,0.9773596634535744,8.497523067000657,4,True,,,,,,,deltaI0.2,BLS-B
145,3668.5629726787706,3033.3925433780455,2063.221743363562,11822.827044514775,0.2933229338818387,0.21827344247759572,0.19594654334799896,0.9772088068980936,3.3949859980002657,3,True,,,,,,,deltaI0.2,BLS-B
146,3668.9184363668805,3032.9138082171185,2064.5571739815605,11828.959918418981,0.29329404847998575,0.21817118151794593,0.1960171789125732,0.9775595104927857,11.83830830199986,5,True,,,,,,,deltaI0.2,BLS-B
147,3668.266502532745,3033.6692222467445,2062.287609330146,11816.907976926264,0.29329008575879134,0.21830572352475772,0.19586139354331986,0.9767995697450811,7.874729020999439,5,True,,,,,,,deltaI0.2,BLS-B
148,3668.178077113863,3033.9182583366132,2061.7639067435653,11815.622399014836,0.29323769212488676,0.21826707749778684,0.19582601196803506,0.9766975237863708,10.796810305999315,4,True,,,,,,,deltaI0.2,BLS-B
149,3668.3836127268773,3033.242427686428,2063.1235312036074,11821.97578671653,0.2933072601181612,0.21826576295289832,0.1959316349153752,0.9771341548860472,8.090976564000812,4,True,,,,,,,deltaI0.2,BLS-B
150,3668.573713580519,3033.766821122635,2062.690468060931,11822.903228593976,0.29340071120070804,0.218368246815676,0.19595735790148136,0.9773076801522161,5.802762205999898,4,True,,,,,,,deltaI0.2,BLS-B
151,3668.387298058192,3033.92471474883,2062.1266192430835,11815.17881254736,0.29321744179619097,0.21824711287170526,0.19581794069152025,0.9766309644511741,17.713675729999522,5,True,,,,,,,deltaI0.2,BLS-B
152,3668.4231238086136,3032.820694588805,2063.813666435907,11817.69972713003,0.2931688909505463,0.2181589080419656,0.1958435331153687,0.9766616688898805,4.352987828999176,3,True,,,,,,,deltaI0.2,BLS-B
153,3668.7971922341494,3032.188970042614,2065.406228250774,11829.32073882178,0.29341105792733235,0.21829350530876412,0.1960561002724704,0.9776084007820376,7.820565877000263,4,True,,,,,,,deltaI0.2,BLS-B
154,3668.3345443508047,3033.323647498859,2062.916861824937,11821.339765002334,0.2933794101726271,0.21835300632662763,0.19594244803350358,0.9771517656401317,5.2334315049993165,4,True,,,,,,,deltaI0.2,BLS-B
155,3668.5967025776986,3032.363823994856,2064.7933080798325,11826.875570008418,0.293351669692556,0.21825246850340924,0.19601291310415958,0.9774205789943983,10.054610765999314,5,True,,,,,,,deltaI0.2,BLS-B
156,3668.107826157087,3034.4185505957216,2060.9024926268175,11810.500005063583,0.29315739036534505,0.21823734267734385,0.19573890207863862,0.9763153760305718,14.436917564000396,7,True,,,,,,,deltaI0.2,BLS-B
157,3668.6308083319045,3033.2022471465307,2063.6220913111106,11823.039481221062,0.2932057596404579,0.2181431281622302,0.19591629110907244,0.9771090648877423,7.864357073000065,4,True,,,,,,,deltaI0.2,BLS-B
158,3668.0687910104652,3033.914484683118,2061.5750180905243,11811.682295126375,0.2932520774148229,0.2183248604092263,0.195783135727777,0.9764237604919331,7.653075408999939,4,True,,,,,,,deltaI0.2,BLS-B
159,3668.5017517158785,3033.5708768230893,2062.850658102342,11822.911351196004,0.29341665916628357,0.21838153903054044,0.1959664238765293,0.9773077447034436,10.4652421589999,4,True,,,,,,,deltaI0.2,BLS-B
160,3668.500876208984,3031.2397749875145,2066.2729987297735,11829.038471088534,0.2934404423498559,0.21831659140992918,0.19607437140439626,0.9775372802863004,6.497367731999475,3,True,,,,,,,deltaI0.2,BLS-B
161,3668.4461686251634,3032.858887032439,2063.7985035969473,11820.066590158043,0.29327252959424527,0.21824899168912112,0.19589832628506404,0.976917785142526,3.825593994000883,3,True,,,,,,,deltaI0.2,BLS-B
162,3668.4374431586702,3031.985223747692,2065.0663130621692,11825.366346459494,0.29342968638568756,0.21835078713082498,0.19602018929628678,0.9773422598993597,6.19041653199929,3,True,,,,,,,deltaI0.2,BLS-B
163,3668.6442482617254,3033.0976322567894,2063.7997416178973,11823.091900278714,0.2933059262670844,0.21825344274206124,0.19594336200706097,0.9771746060117621,4.363729001001047,3,True,,,,,,,deltaI0.2,BLS-B
164,3668.472633183477,3032.8958717376486,2063.7911938015527,11821.504680139387,0.29329535757849945,0.21825640891636983,0.19592423725519573,0.9770447230545187,11.638996388001033,4,True,,,,,,,deltaI0.2,BLS-B
165,3668.611937499573,3032.322530905286,2064.8810175234144,11824.149241794468,0.29336652094737675,0.21829917078272693,0.19598313103004927,0.9772213134773087,8.073154484000042,3,True,,,,,,,deltaI0.2,BLS-B
166,3668.6346353844615,3032.8570782080155,2064.1361464559504,11829.362072285396,0.29342067674774436,0.21830546201015996,0.1960571824739785,0.9777063529682728,8.024385062000874,3,True,,,,,,,deltaI0.2,BLS-B
167,3668.3712564621824,3032.092058033709,2064.7918604176157,11820.317380455077,0.2932578225208495,0.21822120863367192,0.1959072601312404,0.9768529812420045,6.587815214999864,5,True,,,,,,,deltaI0.2,BLS-B
168,3668.3656312531702,3033.2725358040884,2063.047291774017,11817.40348836363,0.2933001554537294,0.2183095949002245,0.19587215719361878,0.9767920839920532,7.6908795700001065,5,True,,,,,,,deltaI0.2,BLS-B
169,3668.637289737563,3033.004106193252,2063.924818269271,11822.497642570572,0.2932490354435713,0.21819698094165998,0.1959210920154586,0.977078961891137,50.66729475400098,13,True,,,,,,,deltaI0.2,BLS-B
170,3668.3822257559805,3033.690520237032,2062.4621164196838,11820.859859071552,0.2933156783646592,0.21828894402536186,0.1959184118218925,0.9771052669058583,7.752083831999698,4,True,,,,,,,deltaI0.2,BLS-B
171,3668.6659650825036,3034.006998757349,2062.501271477466,11818.906214125936,0.29315874732164926,0.21814479144874632,0.19584407342317403,0.9768464934771399,21.18672300199978,6,True,,,,,,,deltaI0.2,BLS-B
172,3668.466537684175,3033.078933816358,2063.511308267523,11819.036958134255,0.2932281053242496,0.2182116673715855,0.19587340292893712,0.9768266839494868,12.71811622200039,6,True,,,,,,,deltaI0.2,BLS-B
173,3668.047344013984,3033.966912166868,2061.4596997770013,11814.088082453338,0.29327535540233657,0.2183241669322955,0.19581877392039304,0.9766278201704425,69.31603701400127,13,True,,,,,,,deltaI0.2,BLS-B
174,3668.2026430347782,3034.460072743401,2061.010115766889,11811.992022949094,0.2932206750022508,0.2182907360964501,0.19577415249017302,0.9764695016711615,5.988404592999359,3,True,,,,,,,deltaI0.2,BLS-B
175,3668.558208216864,3032.936163533619,2063.884094372865,11821.600063252428,0.29321525473429355,0.2181666612751162,0.19590429683129815,0.9769866904348594,12.503021478001756,5,True,,,,,,,deltaI0.2,BLS-B
176,3668.545513108424,3033.6971810101577,2062.742736183786,11822.1362497588,0.2933128035596526,0.2182749796877749,0.19592966588631955,0.9771808291071061,7.3273218070007715,4,True,,,,,,,deltaI0.2,BLS-B
177,3668.20809468886,3033.464161904193,2062.4853464652224,11813.420357752639,0.29318341359875455,0.21822816545183082,0.19578810437037983,0.9764415804503705,2.8037379269990197,3,True,,,,,,,deltaI0.2,BLS-B
178,3668.229286674324,3033.173573598784,2062.950356173703,11820.176723252147,0.2933130620320733,0.21829299270388933,0.19590998365323445,0.9770107061155787,8.254555895999147,3,True,,,,,,,deltaI0.2,BLS-B
179,3668.2986095093715,3033.5614532968916,2062.5032357791915,11819.475186580336,0.293298748612202,0.21828741615127967,0.19589476738157585,0.9769822862629692,8.51916725800038,3,True,,,,,,,deltaI0.2,BLS-B
180,3668.661909596846,3031.818938767422,2065.709110561784,11830.049787507125,0.29342818176640967,0.21829813095949185,0.19607657655705263,0.9776481984624036,7.287092320999363,4,True,,,,,,,deltaI0.2,BLS-B
181,3669.0953215764252,3032.602069002451,2065.3293126995663,11827.583935707964,0.29328820325186206,0.2181808435305369,0.1959976777490205,0.9774004852112758,4.190867085000718,3,True,,,,,,,deltaI0.2,BLS-B
182,3668.836724381715,3033.4845579824173,2063.573198763294,11828.515429468223,0.29341832034698484,0.2183176598611941,0.1960400727095809,0.9776879613847632,10.30030026500026,4,True,,,,,,,deltaI0.2,BLS-B
183,3668.502515792087,3032.6089540566536,2064.2658840731433,11824.58051880476,0.2933525582806499,0.2182814034984082,0.19598202044209884,0.977284698644914,5.632485531999919,4,True,,,,,,,deltaI0.2,BLS-B
184,3668.513697179317,3032.7510021433513,2064.077058975938,11825.913822683198,0.2933945893143706,0.21831292684116677,0.19600982376654383,0.9774285213685074,12.500787549999586,5,True,,,,,,,deltaI0.2,BLS-B
185,3668.2162715782497,3032.486434697945,2063.9371692094664,11817.283313327891,0.29322554026455067,0.21822497733367702,0.1958547337471161,0.9766539353945117,10.28156908100027,4,True,,,,,,,deltaI0.2,BLS-B
186,3668.8934423759947,3033.209185032623,2064.0787609350828,11825.551875847077,0.29325425532063104,0.21817154224946872,0.1959572310892,0.977305359072155,7.0880900459997065,4,True,,,,,,,deltaI0.2,BLS-B
187,3668.3204335520436,3033.1762102440666,2063.1085479986004,11818.102118516636,0.2933255268302695,0.21832965473317736,0.19588779072302273,0.9768567398633428,31.13533103000009,13,True,,,,,,,deltaI0.2,BLS-B
188,3668.393937996098,3033.6348441165405,2062.564839438638,11819.700493790133,0.2932731214190536,0.21826111041095134,0.19588571011958342,0.9769761382747655,4.863993212000423,4,True,,,,,,,deltaI0.2,BLS-B
189,3668.3408630142176,3032.907025874747,2063.540564093543,11818.339513379255,0.2932863917963678,0.21828850179437917,0.19587505608754238,0.9768114689230438,9.54965219800033,5,True,,,,,,,deltaI0.2,BLS-B
190,3668.70260826875,3033.009340076343,2064.033229123891,11824.624422300843,0.2933153839068501,0.21824451321369268,0.19596746385188846,0.9772814756363264,10.283289338000031,4,True,,,,,,,deltaI0.2,BLS-B
191,3668.831583481837,3032.3131303190407,2065.2850330277865,11830.459501130748,0.2934457528329487,0.21831665187491583,0.19608225154210884,0.9777271486237927,5.778328180998869,3,True,,,,,,,deltaI0.2,BLS-B
192,3667.999919088615,3034.533326020749,2060.5414093639424,11806.495758166444,0.2930043724960585,0.21811617645423256,0.1956448207103758,0.9759230861576647,10.300701036001556,4,True,,,,,,,deltaI0.2,BLS-B
193,3668.320011668986,3033.2748532180112,2062.9627657440647,11818.951894886033,0.293300900284865,0.218292643219428,0.1958921642746025,0.9769119091155611,8.46459518300071,4,True,,,,,,,deltaI0.2,BLS-B
194,3668.3900107471113,3033.2902395501687,2063.064612075654,11819.594099681568,0.2933002550030865,0.2182878019593816,0.19589659287649022,0.9769537000395517,7.880501345000084,4,True,,,,,,,deltaI0.2,BLS-B
195,3668.8253567472684,3032.782193703948,2064.5851069558717,11826.354761122684,0.2934189785675424,0.21833643618160264,0.19602014595223846,0.9774542532625625,6.0224985320001,3,True,,,,,,,deltaI0.2,BLS-B
196,3668.6430999788663,3032.5307686811593,2064.6305558197582,11824.827155414274,0.2933332687064922,0.21825901356341107,0.19597808430628644,0.977266088947686,7.260810977000801,4,True,,,,,,,deltaI0.2,BLS-B
197,3668.799472743795,3032.4803671813884,2064.982419747097,11831.00893893528,0.293445103184269,0.2183104821953151,0.19608814840901345,0.9777919830993584,7.921386459998757,4,True,,,,,,,deltaI0.2,BLS-B
198,3668.768930517667,3032.862589969623,2064.366725147084,11826.279998336888,0.29322626076443525,0.21812955215520502,0.19596208428791084,0.9773161841328745,3.965902238000126,3,True,,,,,,,deltaI0.2,BLS-B
199,3668.3849533775174,3032.488353886664,2064.2341315142326,11824.821180628513,0.29337614905323134,0.21830422952700598,0.1959919085164592,0.9773184259648802,8.493210668999382,3,True,,,,,,,deltaI0.2,BLS-B
200,3668.8879091607223,3032.7460983290025,2064.7492809191017,11826.200392040053,0.2933571438026182,0.21827120697358987,0.19600023986292037,0.977386028231477,9.067802700999891,4,True,,,,,,,deltaI0.2,BLS-B
1,14.125748669323245,11.741464603987646,7.853329511881743,39.857218954742486,0.0033272867156176073,0.001284955032850253,0.003069157449769922,0.08963158002379071,15.83810150499994,5,True,,-0.0009649827885487945,0.0012266588596302752,0.0023721151135501968,0.002839509438624587,12.519533871338353,deltaI0.2,BLS-G
2,15.621473382043417,13.421545829559886,7.993280813965853,47.96856164223388,0.004004580006250762,0.0014052919520095052,0.003749908739700297,0.11910389678802459,12.700829403998796,4,True,,-0.00365185004343533,0.0006892772427685157,-0.0004516879351006808,0.003743679186021781,-25.14521497561509,deltaI0.2,BLS-G
3,15.429466849342464,12.310672776981963,9.301386081280215,53.699495946709135,0.004209254979643623,0.0015550130672412573,0.003911491000163949,0.12510465857142053,6.084545112000342,4,True,,-0.0038828101182406495,0.00048005664465186615,0.00046084086276109305,0.003939421670394877,-32.864136079035234,deltaI0.2,BLS-G
4,13.95140122214537,11.26522109507943,8.230212010650558,49.27270361850984,0.004954921585249107,0.0016377646415440617,0.004676427578277629,0.14672098178126544,16.01235261599868,5,True,,-0.003908542271752835,0.0007232200125628363,3.0298889318445573e-06,0.003974891074844333,-63.04761578650505,deltaI0.2,BLS-G
5,17.090508648685297,13.613895179252806,10.331860622322786,55.90864342608212,0.00792018084769369,0.0020254035967722304,0.007656827341030752,0.19044701121293983,16.017844207999588,5,True,,-0.007501722440650103,0.0005328551459149178,0.0005735032127943088,0.007542458492969434,-173.9251912247273,deltaI0.2,BLS-G
6,15.41606883869275,13.970290813595593,6.518140304019261,41.2836295827149,0.003387304779353533,0.0014717798923048202,0.003050851949347673,0.0882220737326192,11.666467176000879,5,True,,-0.003100095840906952,0.0007810797799806535,-2.404802133871924e-06,0.0031969807050679097,13.780282280378742,deltaI0.2,BLS-G
7,11.913881240422864,9.936770924575052,6.572758157989663,38.98029150737786,0.0049567566366640154,0.0012331719201925681,0.004800908598417735,0.1500952343369451,7.843800629998441,5,True,,-0.0017704376501303937,0.0014823952110878391,0.0003903023464068364,0.00234185417062337,-67.88103012106876,deltaI0.2,BLS-G
8,16.016932716448185,13.153816237667257,9.138886804688493,54.53531993921661,0.0038058063706055325,0.001295476434361508,0.003578533629652745,0.11411548318057128,11.683022255998367,5,True,,0.0005649259275603716,0.0017058264751651786,0.00015801702564701103,0.001803872126121675,-17.892836881153926,deltaI0.2,BLS-G
9,12.974083089587813,10.425322470801104,7.722660383270651,43.151613032889045,0.005665464348163087,0.0013119203194899643,0.005511474517369769,0.1645484446986209,9.266382873000111,4,True,,-0.002070870191017207,0.0014039015382864284,-0.0002646251163105756,0.0025158436615634583,-92.62644118427124,deltaI0.2,BLS-G
10,13.539638840485122,11.684224702970903,6.841104663814012,43.71338922594442,0.004459307609585052,0.0012036773617193535,0.0042937844805937195,0.1372759520130671,9.242234453002311,4,True,,0.00034680762330819003,0.0012058048369440744,-0.00027636215545669786,0.0012847633530542009,108.07824745720427,deltaI0.2,BLS-G
11,16.156264077942975,15.114186078236427,5.708436576565838,31.590447712258307,0.003542328000263831,0.001368591211875032,0.003267268852762438,0.1037668311625071,6.049315144999127,4,True,,-0.002046007540584327,0.0011410809818846734,0.0005519401768534045,0.0024068341492865237,-5.339235869163531,deltaI0.2,BLS-G
12,16.22641298966462,12.527044792224213,10.313565207277492,60.704456317612525,0.006288506759266368,0.0017983335602325,0.006025886961060611,0.17212663944570583,12.792668965998018,4,True,,-0.00562897420579649,0.0004801139778959074,0.0015205686803269878,0.0058504691395549315,-110.15036774933105,deltaI0.2,BLS-G
13,13.123685536820782,11.976124569728494,5.36689503900575,33.4664258558993,0.0047626474437012225,0.0014940205151403802,0.004522246496303962,0.1432218359330164,16.41273546699813,5,True,,-0.003471191972172137,0.0010093668747927498,0.00045115345387813634,0.003643011753281527,-58.25130233537493,deltaI0.2,BLS-G
14,10.834575654401993,9.53330854310726,5.1482091869773985,30.043957124823766,0.004126398959550275,0.0013161865011260825,0.003910859428262677,0.12698903806893727,12.894332546999067,4,True,,-0.0030140905012368525,0.0010266151392525902,0.0006562142409754286,0.0032510455739419887,-35.33838678549364,deltaI0.2,BLS-G
15,14.421365974256187,13.246105213058167,5.702323495561025,33.5121728565394,0.0032447470505433287,0.0012191682444602542,0.0030069938832178117,0.08441211165046068,20.803820416000235,5,True,,-0.001143995818820012,0.0010449049329773752,0.0005653698994271526,0.0016493016326968187,40.20072020425141,deltaI0.2,BLS-G
16,14.735652636453239,12.191449865312398,8.276956494013096,44.325025268307165,0.005149223070126591,0.001322677094661161,0.004976446877962491,0.1531436781937456,6.296188591000828,4,True,,-0.0025434567518419597,0.0009281570675933604,0.001916612986443584,0.0033172357664806025,-72.99796674484242,deltaI0.2,BLS-G
17,13.423310565812852,11.879737665095382,6.249567949448751,36.080666468653654,0.0038463861556914726,0.0012600387078839552,0.0036341421151805764,0.11689445167197085,8.001014874000248,5,True,,-0.0025121381856215244,0.0008999846089032537,0.0018824089755767508,0.003265620019422416,-22.110024956753477,deltaI0.2,BLS-G
18,19.217866630203943,17.174585683023714,8.62322471194989,48.82727289871386,0.007500711154957466,0.002331666716868532,0.007129095184632542,0.18663312912049254,25.693283024000266,8,True,,-0.0064898105617050205,0.0007940120278286944,-0.00022629656899234856,0.006542117880647854,-154.03853913107014,deltaI0.2,BLS-G
19,13.991055262787771,11.937432349100868,7.297077242089571,36.384847290924405,0.006536143195733043,0.0014113490913819358,0.006381948105193487,0.17800740366475384,11.694123868997849,5,True,,-0.004116278110133702,0.0008278401846909811,0.0010296334896107702,0.0043231018926556805,-124.25844680376758,deltaI0.2,BLS-G
20,12.592645025775427,11.382359436521272,5.386706080994375,32.695968256752366,0.0036212848277151315,0.0012409316132219262,0.0034020277092854843,0.10815961228222268,32.99813081100001,13,True,,-0.0022965739192295533,0.0010234473648101927,9.477705636964343e-05,0.002516084053730402,-10.949737620139786,deltaI0.2,BLS-G
21,12.109680161698648,10.40954996749408,6.187537724562315,32.61983058997658,0.004496563183601683,0.0011192766592783565,0.0043550315985210475,0.13936021989170003,13.979137286001787,6,True,,-0.0028119089556507483,0.0010670483411872322,0.0007445405928344645,0.003098348726608676,-52.4083543946399,deltaI0.2,BLS-G
22,11.631993728672139,10.447850722394184,5.11328596759807,27.460299572422326,0.005689206943726597,0.001402839799726681,0.0055135393482634845,0.16475270182404717,12.71229792899976,4,True,,-0.0033820686856257274,0.0011710758125956233,0.001424513610324147,0.003852148255082529,-93.56825391036546,deltaI0.2,BLS-G
23,16.333401077653,14.881548156948398,6.731977065907306,38.9900249699651,0.004799161766351886,0.001423553844039369,0.004583170094239847,0.14514199455584662,13.962563691999094,6,True,,-0.00319578998659015,0.001074737152673061,0.0008705903338198742,0.0034822494332063963,-60.88057606008806,deltaI0.2,BLS-G
24,14.207929724690027,12.248818203195201,7.199424955286659,34.28741601264716,0.005928622837977098,0.0014926607574414178,0.00573764172968111,0.16838188782571556,6.327572756003065,4,True,,-0.005393100864146953,0.00092736970906801,0.000220011719767013,0.005476673868781519,-102.0059228337268,deltaI0.2,BLS-G
25,10.08973644954834,7.919986385577477,6.251127680155937,31.771434492827662,0.004856147862030024,0.0012756713681546664,0.0046855986403414,0.14724116044025917,12.722478232997673,4,True,,-0.0031949058463098187,0.00101706548218794,0.0007642676710801213,0.0034388879939452922,-63.968278133856074,deltaI0.2,BLS-G
26,13.213126186626427,12.013312160459916,5.501548378325773,31.523308800078215,0.007280359922582669,0.0016444568722643331,0.007092207145706513,0.18621267935404442,15.977957271003106,5,True,,-0.005843724054489028,0.001092938730334836,0.001221681949586181,0.0060692777724556555,-152.10733192602493,deltaI0.2,BLS-G
27,14.025678882302934,11.75877285736417,7.645320725672282,48.11840494867075,0.004183677324797511,0.00145974103239257,0.003920754018855855,0.1258047259856455,7.364394725998864,5,True,,-0.00387641851493316,0.0007575325700722169,0.00023282571441961243,0.00395660004434765,-33.777299761735776,deltaI0.2,BLS-G
28,15.649489279033599,12.215534119152846,9.781985528429301,56.69748131010166,0.0073332241860218335,0.0018970799405603539,0.0070835912263186905,0.18583786354947887,19.777865219999512,6,True,,-0.006184448206085487,0.0005387377467316878,0.000862201760144866,0.0062674580053403185,-150.30722426372085,deltaI0.2,BLS-G
29,12.187791491532783,10.358768658147797,6.421695518167597,30.577725740414675,0.0040046594791222625,0.001263106638899554,0.003800244618770173,0.12353684398116387,13.123587857997336,4,True,,-0.0017225547281877966,0.0012313057437840502,0.000824862096415613,0.0022723789526355163,-30.18049530283315,deltaI0.2,BLS-G
30,15.462611980112882,14.379030495728333,5.68646210313979,36.43023299331458,0.00839186969252919,0.0018456957798768802,0.008186384062853064,0.19437737532770505,6.365961202001927,4,True,,-0.004927931663293306,0.001554586903591948,0.00010225530504349867,0.005168336972984431,-197.45225102508994,deltaI0.2,BLS-G
31,18.209426883461454,16.017139613544273,8.662243706128308,54.09741447604861,0.004951669243912742,0.0016533313599184246,0.004667496514773383,0.14677250965804695,9.154906825999205,4,True,,0.001806474093940432,0.0012850898266997535,9.78721696043293e-05,0.002219095193169542,122.53068472658197,deltaI0.2,BLS-G
32,16.549198283136867,13.918647580581819,8.952497603582142,46.923759493295385,0.004040570078897393,0.001525770520831404,0.003741420970733279,0.1196125204501948,9.574535747997288,3,True,,-0.0023211417044489424,0.0006549510183537222,0.0020441513511933744,0.0031615208990548233,-25.111068504433206,deltaI0.2,BLS-G
33,16.17847018259156,12.24005165851828,10.579415524773012,55.48088799843668,0.008329596275351554,0.0019825103043242033,0.0080902303430495,0.19338301286860635,6.2220863820002705,4,True,,-0.006952719220525253,0.0005903028509129105,0.0003864197683779214,0.006988424876368812,-191.25923442879866,deltaI0.2,BLS-G
34,14.085251125880944,11.679754393507931,7.87258766775338,44.86789860328652,0.005548298837998688,0.0014640306771268419,0.005351657142621256,0.16170657883107048,15.931341774998145,5,True,,-0.00187524965135059,0.0013520726566829122,0.00117131600762875,0.002591648686370792,-87.27692165997723,deltaI0.2,BLS-G
35,15.032824671768186,14.311951825080826,4.599331752405774,32.12648725377735,0.006110006107199995,0.0014281211424937365,0.005940761283908285,0.17189709905687445,11.592187518002902,5,True,,-0.0038113680985605953,0.0013476965651287864,0.0007146103043598374,0.0041052991001244475,-109.42213963365793,deltaI0.2,BLS-G
36,19.800925474438923,18.194413529599252,7.812807815262055,50.010789803283664,0.00551652957035602,0.001942772080659557,0.005163112931480592,0.15712589870821525,11.644722714998352,5,True,,-0.00528006777493045,0.0006398075779730783,0.0038359779658602706,0.006557682242931283,-80.58516112705547,deltaI0.2,BLS-G
37,14.434753860388021,13.507061667969326,5.091306719071304,32.716701503028034,0.006554830615755182,0.0016549001822654982,0.006342484512238014,0.17753990261400915,6.290895325997553,4,True,,-0.005333627407223039,0.0010177596804822886,0.0022556035013892757,0.005879724759015147,-123.81428351456998,deltaI0.2,BLS-G
38,16.171414683646116,13.425167437581104,9.015516188403033,46.11228933468279,0.004287611089511866,0.0015542625164734094,0.003995982593154138,0.12757942060525188,12.829340372998558,4,True,,-0.003001817928182556,0.0006354116823209521,-8.662223865036759e-05,0.0030695540868694525,-35.87998070668982,deltaI0.2,BLS-G
39,12.969231601737567,11.011151077120749,6.8524098167236716,43.79168145058397,0.0032539062461620304,0.0012270277514292952,0.003013686904115065,0.08492375914557142,19.186690589001955,6,True,,-1.1967367998090167e-05,0.0014286216338491586,0.0010207204469118265,0.0017558397481952958,18.535250000662927,deltaI0.2,BLS-G
40,13.869444361489869,12.045217786560928,6.875624725854324,37.76780691624684,0.0033423729651556864,0.0012692363238194222,0.003092005205768738,0.09199018716248338,9.231738139998924,4,True,,-0.001223943792078312,0.0010901743935242403,0.001469137741592379,0.0022011097924079432,9.56979885106557,deltaI0.2,BLS-G
41,11.981755019099221,10.507989656867304,5.757135286657693,25.53837228087797,0.0057482318215614225,0.001422261768873231,0.005569500923351475,0.16542660875331516,15.992295740998088,5,True,,-0.004610988877597994,0.0010917643331652127,0.00018289525546314654,0.004742005742613037,-95.9980826813553,deltaI0.2,BLS-G
42,13.701744701434047,11.438708000406383,7.542795711453079,48.478611849571365,0.004372889474777292,0.0014342320400537814,0.004130997556753234,0.13111963577566538,6.284679509000853,4,True,,-0.003790010802335517,0.0007400783303203873,0.0012659421851186185,0.004063804551512366,-41.0844817784091,deltaI0.2,BLS-G
43,13.379871092927798,11.63615447812231,6.604608953196175,41.06677457400497,0.005748134247193227,0.0014238771672624077,0.0055689874426420125,0.1647221124193648,13.23060208699826,4,True,,-0.004891078626091162,0.0007161364854756658,0.0013312987557893797,0.005119361089980037,-94.78806501963118,deltaI0.2,BLS-G
44,12.19355246496903,10.338687365338847,6.464848434243079,35.38002938929579,0.00345198959629225,0.0012249112176519394,0.0032273556794658333,0.10088957998785987,19.18738243400003,11,True,,-0.0018229818485259483,0.0010399623894076226,0.0014777107605825,0.0025667905413918773,-1.6806724070484051,deltaI0.2,BLS-G
45,12.734308716661966,11.715234182573617,4.9915835702421685,34.34827301873162,0.0032200577286336336,0.001095491123232257,0.003027981336575991,0.08948706598639282,12.88663552000071,4,True,,-0.0006325949665012013,0.001410241261785683,0.0019072049800245385,0.0024548701888116066,46.451259595007286,deltaI0.2,BLS-G
46,15.669498064147842,12.934474077461381,8.844916614746149,51.65340282618747,0.0033011466231302436,0.001274790536988576,0.003045074402080939,0.0820418698567031,22.90586256900133,7,True,,-0.0011386298247732518,0.0009642944312532875,-0.0005541676881613552,0.0015916794446782833,21.921837483765557,deltaI0.2,BLS-G
47,11.430695627437572,9.820681982294458,5.849359617065568,34.821031301459264,0.004023119105570549,0.0011413964244981316,0.0038578104592825262,0.125751491107635,11.628127214997221,5,True,,-0.00149848497101049,0.0014377635690004664,0.0010987041469740335,0.0023494195221941965,-33.33423482183571,deltaI0.2,BLS-G
48,14.787190021961583,12.11849479988605,8.473669366380479,49.96730595754007,0.004271070974456321,0.0013832585764191538,0.004040871561879458,0.12994332222152194,19.3577100399998,6,True,,-0.0012386596212737818,0.0011157341793825715,0.0008516397033580315,0.0018720124467407702,-38.63696708202042,deltaI0.2,BLS-G
49,13.281026019204512,10.926323957309723,7.549907079077651,36.80002647621889,0.008035669517409137,0.001531369657818047,0.007888402345477353,0.19272145121841353,9.320608769998216,4,True,,-0.00476483178321932,0.0011421138148985932,0.0007722362397214156,0.004960281715638568,-182.75859193347424,deltaI0.2,BLS-G
50,12.305984352911231,10.63198141191461,6.196629902680831,35.177130603507344,0.006991331759887013,0.0014115504769066105,0.006847353140298047,0.1842817490559133,7.52935917799914,5,True,,-0.002957372247749369,0.001585628152129176,0.0001259078869357958,0.003357993455112052,-142.2449552579128,deltaI0.2,BLS-G
51,12.31264741898792,11.284843566613166,4.9247936140897695,33.99825994077657,0.004147328592923693,0.001217623683183874,0.003964558868756038,0.1290999501279122,9.355679362997762,4,True,,-0.0009861767690478454,0.0017124982472457861,0.0010279392629603857,0.002227521940400381,-37.605788328328345,deltaI0.2,BLS-G
52,13.665764072787342,10.842125059342768,8.318739801836385,46.81429222129267,0.003258537732996166,0.0011416497732910547,0.003051999992218918,0.08797927601865653,12.77012422700136,4,True,,-0.0002472837717618643,0.0013479194840059772,0.0016445083201582194,0.002140664339453835,14.55860525836033,deltaI0.2,BLS-G
53,13.674027348637711,11.316495829437828,7.675672353195407,46.69351216483456,0.0044392594922919295,0.0014494747666423712,0.004195956117593586,0.13352813330894595,11.23297093000292,4,True,,-0.004504914236417195,0.0005669227058421322,0.0007464313124799415,0.0046013925431465,-44.602659540956665,deltaI0.2,BLS-G
54,16.733295340563156,12.99798773678512,10.53828675586768,51.5183545536615,0.004486251415204179,0.001498482622448141,0.004228593334744126,0.133852378706493,9.624252969999361,4,True,,-0.0028962638327460427,0.0005430325889870247,0.0006337592020556453,0.003014113353502976,-44.4207612910177,deltaI0.2,BLS-G
55,12.789011233254339,11.111574448147179,6.331802398021311,37.47259010697245,0.0044656258556938664,0.001165575284874271,0.004310829217022154,0.13787930016326166,13.78326329400079,5,True,,-0.002577225217295243,0.0011515884435231716,0.00039085396308709215,0.002849739037943566,-50.36476965765905,deltaI0.2,BLS-G
56,14.830891554502251,12.617792146850274,7.794014731849671,43.923807317079316,0.0039685626250732095,0.0014741886661205884,0.0036845972759325493,0.11867993228422384,11.340840493998257,5,True,,-0.0023233845740028534,0.0008593533426054234,0.001508245172907288,0.0029002426704949485,-24.080633419711376,deltaI0.2,BLS-G
57,13.836071566232121,12.36615857081201,6.206045325924527,38.35805184233068,0.006835388884369054,0.0017585593130070134,0.0066053016844949885,0.18084305794281866,16.100315135001438,5,True,,-0.006099197835183062,0.0008371941671682093,0.0019843139704838805,0.0064682772234730115,-133.69674313531868,deltaI0.2,BLS-G
58,14.477933545380738,12.754248786551798,6.851255186840063,41.107459629220486,0.005012145088460068,0.0013503652703271537,0.004826811786725132,0.15040259661773242,9.471571736001351,4,True,,-0.00302441589244021,0.0010553635734837918,0.0013022951475948846,0.003457868767627044,-68.99248961711419,deltaI0.2,BLS-G
59,10.141698649796,8.53712687392914,5.474624758073459,27.41165903761954,0.005938448921603643,0.0012778901233478864,0.005799325169978433,0.16976037460250443,11.560454888000095,5,True,,-0.0036904304802236228,0.001241180036488737,0.0010516077614138575,0.004033073752884716,-104.13211498336022,deltaI0.2,BLS-G
60,16.862614201123563,15.565835096970678,6.484792628130055,45.27248384492904,0.0044142761483647866,0.0013664808212161502,0.004197447328945378,0.13492292840995368,9.372562214000936,4,True,,0.00042803384145411973,0.0010082709575776616,0.0025506601223740807,0.002775912526214381,105.22769032765791,deltaI0.2,BLS-G
61,10.861387135895026,9.340998058926132,5.54215533695368,32.0187137081999,0.0039309643315175585,0.0012304801913992508,0.003733416541753324,0.12128614099811959,9.471132908001891,4,True,,-0.003135085621323845,0.0009191072035735215,0.0014460994474760189,0.0035727753241258683,-27.680977219170018,deltaI0.2,BLS-G
62,15.07819003497419,12.079466446667706,9.024317430954214,47.62286733286618,0.004193330702984525,0.0013684952107017412,0.0039637410665782765,0.12760765797764584,9.447743042001093,4,True,,-0.001568448244159007,0.0011036103794127006,-0.0005026851543622156,0.0019825937880889976,-35.54723719120375,deltaI0.2,BLS-G
63,19.506329881164522,17.001303347445212,9.563084749230251,53.22716819536334,0.0058096984664824354,0.0019079349018771752,0.005487474891208824,0.16406106103374127,11.682706119001523,5,True,,-0.0035341382970641697,0.0006894299123164083,0.00027485453425659913,0.0036112313857981533,-92.39324557073996,deltaI0.2,BLS-G
64,13.38546909470767,12.99095040385879,3.2258317516348116,23.787473141887617,0.004094901226122555,0.0012669421155356083,0.0038939791637324114,0.12615061856480442,8.736641666997457,4,True,,-0.0033073034001562455,0.0011243443432275568,0.002184974323789229,0.004120257125283696,-34.572911914678116,deltaI0.2,BLS-G
65,10.710232766336947,9.403233422154438,5.127210461605348,29.223025342814825,0.0054634773431586955,0.0013127485449601932,0.00530342115402061,0.1605408448245926,11.75934634100122,5,True,,-0.003689040044243617,0.0011267230421015129,0.0005027205785148605,0.0038898906464960876,-86.49695972735208,deltaI0.2,BLS-G
66,14.946976201222558,11.846181883986079,9.114827059875218,52.63410350134395,0.004144505207888254,0.0014077170455761175,0.00389810930295795,0.1250233894271166,12.914696088002529,4,True,,-0.0018589165343356395,0.0011178126899669127,0.0015792825085030255,0.002683134199614529,-32.47614708733454,deltaI0.2,BLS-G
67,11.98091125799207,10.091828586250317,6.457339263010893,33.39361664268221,0.0033179905076332426,0.0010789842690483971,0.0031376510251923165,0.09698270685513646,14.203898345000198,6,True,,-0.0011162976056979417,0.001248649596155782,0.0011998740149658344,0.0020603261417205736,3.2779681790052564,deltaI0.2,BLS-G
68,13.314062863919867,11.543995449709618,6.63328267161092,42.19966357209348,0.005591869593098628,0.0014763768597784983,0.005393451298948716,0.16168299326605612,14.148556201002066,6,True,,-0.004541244225713074,0.0008248949054989463,0.001993063865257512,0.005027489860127583,-88.58823459058476,deltaI0.2,BLS-G
69,15.047095873679933,13.318372232176609,7.002574906197201,42.242528205947586,0.00413518256433008,0.0012591033351080465,0.003938831505898582,0.1273468285401271,16.389599010999518,5,True,,-0.0019099113714334897,0.001006103895659416,-0.0006746566354500621,0.0022616737322940293,-35.24572389681998,deltaI0.2,BLS-G
70,15.573485678202863,13.93405338019438,6.95525790802061,46.60485809031192,0.0036103666315696957,0.0014011059422744465,0.003327408804591818,0.10336539453049044,19.4334222840007,6,True,,-0.0025799740543894748,0.0008508512407896518,0.002416320410251569,0.003635769283146892,-4.7196293232264,deltaI0.2,BLS-G
71,14.944106721797514,13.274936624588314,6.86311760977746,41.38073325006214,0.0033287605867537828,0.0012410391764290701,0.003088764932217026,0.0886850522882826,11.322993747999135,5,True,,-0.0019062692734309683,0.0007900845142271851,0.0016579868639033152,0.002647076977219323,13.599061377579346,deltaI0.2,BLS-G
72,11.732071247925116,11.15422541648437,3.6365850910772464,24.332268611999407,0.005012165498349696,0.00123268921685255,0.004858217808775407,0.15152764543607353,9.377391742997133,4,True,,-0.0035666930347024177,0.0012555710716141977,0.0007384070032424023,0.003852661784027582,-70.94774514230085,deltaI0.2,BLS-G
73,14.443653658988854,13.782984634088455,4.318386920749877,36.7877790298345,0.004819406863844395,0.0014504325557002525,0.00459596865966635,0.14459172477768545,9.338010112998745,4,True,,-0.004163548524495336,0.0008248223791093579,0.0006548467818435686,0.004294681895157986,-60.39456737796718,deltaI0.2,BLS-G
74,16.838137254038088,14.22763107866241,9.005408379152206,50.9269979274505,0.003857774861824148,0.0013878158501405978,0.0035994991388554123,0.11629223698918645,9.418265232001431,4,True,,-0.0008315949139871278,0.0012924578455207891,0.0019708798844027026,0.0024992728746898985,-20.913208553974982,deltaI0.2,BLS-G
75,12.263879710105453,10.337142130667548,6.598957350545172,34.98974170473163,0.0032984492509706216,0.0010061058368865488,0.003141260655566722,0.09693512136149646,9.323693592999916,4,True,,0.0002727652008306909,0.0017076268977863074,0.0006139599402331951,0.0018350305951233194,55.82833841466345,deltaI0.2,BLS-G
76,13.828290291977257,11.82267925678005,7.172577471906121,43.13853255692024,0.0036943025429822646,0.001383840426817883,0.003425325816939131,0.1085224451146284,10.777185454000573,5,True,,-0.0018759010320686092,0.0010470231540292974,0.00024968665613426405,0.0021627772870642602,-11.395011906977743,deltaI0.2,BLS-G
77,13.288745365495767,11.139356995717291,7.246066457806571,37.54278665054452,0.0035212767180702893,0.0012123477005411382,0.0033059949755280156,0.1044227164850809,16.273442237998097,5,True,,-0.0026015898862949537,0.000941871227483404,0.0011204803513428507,0.002985107630116322,-6.48508803806908,deltaI0.2,BLS-G
78,12.24369667181274,10.485546652266056,6.321504535671117,39.62655744818612,0.0032681261500977538,0.001236319990702133,0.0030252539419928113,0.08227047329025929,9.298348065000027,4,True,,-0.0014786865727281426,0.0010875989109338235,0.0010953283374933874,0.0021375522305541374,21.609832865709905,deltaI0.2,BLS-G
79,10.282428053430372,9.326582851381183,4.329339324919493,27.23430522925101,0.0036581592136789185,0.001219438530017502,0.003448927152627715,0.1113532253668218,9.46818025399989,4,True,,-0.003254885674279286,0.0010466229291025697,0.0014864131298623013,0.0037281529342261172,-15.18672888364381,deltaI0.2,BLS-G
80,13.120067086119047,11.88737439620416,5.5521608684127735,29.613118082249063,0.005343798494306373,0.001291165278024131,0.005185467632969657,0.15850073055908034,19.475154037998436,6,True,,-0.0039034940409718565,0.0012238204204202963,0.000883204214728822,0.004185098784288761,-82.94872531479632,deltaI0.2,BLS-G
81,11.854001627365552,10.586769450474891,5.332697927323161,26.48124971662463,0.00599413820347157,0.0014170581117828218,0.00582422862790841,0.16985859712895246,79.14185873300084,29,True,,-0.004549604608111165,0.0010472730237739425,-6.732922752611888e-05,0.004669070153826159,-105.07052783296967,deltaI0.2,BLS-G
82,18.986171092580353,17.303278116941723,7.814810244945145,36.227823571592474,0.004024203179971568,0.001687720103829883,0.0036531920405067308,0.11919222727481918,11.952869478001958,5,True,,-0.0031727245799222214,0.0009422895842973456,0.0012495402713100193,0.0035377170336734704,-24.736420453227765,deltaI0.2,BLS-G
83,15.622537956606637,14.172521343610779,6.572924080689812,29.60726800241383,0.005599079048244921,0.0015413520047152633,0.005382742812549703,0.16258514796971327,11.753479953000351,5,True,,-0.003040992367713995,0.0012066351028551803,-0.0011255927395965116,0.003459849977581323,-89.02128325215745,deltaI0.2,BLS-G
84,8.612978699769366,7.607968914501573,4.037599667953544,24.12367286218901,0.003970312152988433,0.0010261072154507886,0.0038354246928557303,0.12506204513543367,9.292558252000163,4,True,,-0.002628435955943232,0.0013679150885695102,0.0009370059138644895,0.0031077077318577384,-32.755646187280945,deltaI0.2,BLS-G
85,16.12469217482487,15.3863916925132,4.8233441114458255,29.78528373304851,0.0065791913617847106,0.0017981507054166592,0.0063286975765628195,0.17791385689422298,8.639384918998985,4,True,,-0.004584779228613686,0.0013658824636004208,-0.0017376898463057815,0.0050897349126897435,-124.06850706210389,deltaI0.2,BLS-G
86,14.089151139610571,12.454669100137833,6.586759251776382,40.347815037595346,0.004795191222917729,0.0013461430894365911,0.004602364354015155,0.14459474589171337,16.90291587200045,7,True,,-0.004502637094724411,0.0007484250461227693,0.001218854199546525,0.004724350369755016,-60.6000102979815,deltaI0.2,BLS-G
87,14.07468408738133,11.863472657089945,7.573291799083436,40.90550460370693,0.0033998347963172266,0.0012830982870414135,0.0031484179246155973,0.094104118470419,11.768589618000988,5,True,,-0.0009310383642342614,0.0009431733979300416,-5.098441644075725e-05,0.0013262759535476447,52.27073757782637,deltaI0.2,BLS-G
88,14.817764002979269,13.436106377459646,6.247973708457526,27.665799249679235,0.0032868167533063003,0.001361382100965,0.0029916221594625033,0.08105870802563439,8.515508129999944,4,True,,-0.0021845209913273905,0.0010774215118498076,-0.0002156251643866956,0.002445294110585375,22.794283588329563,deltaI0.2,BLS-G
89,13.897677740355908,12.075848601031051,6.8789045014275745,37.25809085471531,0.004713294422860484,0.0013905498165666529,0.004503500363518825,0.14268075638100813,9.343970203000936,4,True,,-0.0033276692839207212,0.0007795545568798912,0.0005248087858437104,0.0034578190282315816,-57.14812422002433,deltaI0.2,BLS-G
90,11.365683908876823,9.652749351171982,6.000266717401021,32.77154654459782,0.0033896127514395497,0.001128901036826651,0.003196100288441104,0.09789264325728235,9.459922580001148,4,True,,-0.0019555176840200905,0.0010359882604061288,0.00010440097515581625,0.002215450439939495,2.143030440827715,deltaI0.2,BLS-G
91,11.719129604247712,11.22358365771582,3.3718197697103482,17.1258334565508,0.004433376749969377,0.0013258572780831272,0.004230476555344922,0.13682241066050654,12.963491188998887,4,True,,-0.0034206807680762126,0.0014141167231642715,0.0019226486558412098,0.00417101437034534,-48.752736359325354,deltaI0.2,BLS-G
92,11.70863935393167,10.362576341163093,5.450618964301608,31.613404035103905,0.004025894318372068,0.0013180340359176292,0.0038040256758943127,0.12290772203918437,19.699735720998433,5,True,,-0.0036968269907427377,0.0008551296652462848,0.0008823837718285929,0.00389568705938435,-30.275085328830755,deltaI0.2,BLS-G
93,17.059231612843295,15.918055872491733,6.134564406774415,34.91046088313811,0.003950873958046812,0.001466493540307533,0.0036686239557371858,0.1186774516507802,9.045082687000104,4,True,,-0.0017213549578557876,0.0010399073929045766,0.0027443290557351715,0.0034023245352118587,-23.74589359600941,deltaI0.2,BLS-G
94,13.938721009397547,12.708985366649207,5.724476773305737,36.04856997779281,0.005436243446543666,0.001523021722090649,0.005218538841872213,0.1591546566310041,13.92048566000085,6,True,,-0.002940073226416079,0.0011299634008490045,0.0012326917864839734,0.0033823626216613664,-83.29784374072915,deltaI0.2,BLS-G
95,10.989612272165314,8.806846935086485,6.573509333262127,37.79119264034667,0.00523998574710197,0.0012513653499973618,0.0050883725679884894,0.15646383949871245,12.894890442999895,4,True,,-0.0022078382764153808,0.0013365763004271336,0.0008980072700095509,0.0027326549578492944,-78.28527181345271,deltaI0.2,BLS-G
96,16.3958869387961,14.32638197737329,7.973699765364784,38.65421283627726,0.004988515303198953,0.0016456729594302717,0.0047092510488240215,0.14807334237049743,9.490261111997825,4,True,,-0.0029256743169090503,0.0008463096730058906,-0.0006918630154555872,0.0031232170439147956,-65.1387979757128,deltaI0.2,BLS-G
97,12.134604627429844,10.794800631144076,5.5426445671622515,29.62100836041751,0.005722420417064348,0.0015207937289482014,0.005516636825424231,0.1648522958852969,13.903499046999059,6,True,,-0.00359558781038949,0.0010401914456503458,0.0003179981244810434,0.0037565107151449873,-94.16008312494523,deltaI0.2,BLS-G
98,18.394670478515316,16.203639621551428,8.706662105999726,57.598325439141995,0.004189643566415674,0.0017269445456086284,0.0038171685514266796,0.12143169384386994,8.882031086999632,4,True,,-0.0033818171959486137,0.0004880986022753053,0.0030327111773262574,0.004568617392323028,-27.774239109530754,deltaI0.2,BLS-G
99,11.698660840588612,10.334944940909622,5.48156716017309,32.43692642334906,0.004762135327184824,0.0012851558284427986,0.004585445166070707,0.14464512762801185,19.156377916002384,8,True,,-0.0033158130563955036,0.0009450103993714487,0.0006964127509080973,0.00351747801691929,-60.20381479009666,deltaI0.2,BLS-G
100,12.337939840652263,11.390377928285487,4.741734931687057,30.573660925997626,0.005315287013674718,0.0013325173284086484,0.005145548912140451,0.15696969129639043,11.904546391000622,5,True,,-0.0042417456598523254,0.0009110385019283351,0.0003525215767583755,0.004352777143037773,-80.28970238431066,deltaI0.2,BLS-G
101,12.93109999883422,11.53072318804651,5.852842893884727,34.66825114853622,0.004343013278987491,0.0013787114249689543,0.004118363649329883,0.13328760266620995,9.367725457999768,4,True,,-0.0025540253145053256,0.0011309003737238754,0.001547946479679515,0.003193449430690117,-43.639915607454896,deltaI0.2,BLS-G
102,10.145847292227984,8.286444391125771,5.854319484789853,31.188704823056153,0.004200888132113198,0.0012385869426679433,0.004014145423870689,0.1298695838752039,12.949220881000656,4,True,,-0.002929904040022812,0.0010151289584271472,0.0009249417841305895,0.00323579075188895,-39.02981654430914,deltaI0.2,BLS-G
103,12.095215406828627,10.074767609958721,6.692779194244436,38.410208240295724,0.0034815893034167984,0.0012718685586627508,0.003240958877732238,0.10020167388562246,13.054951057001745,4,True,,-0.002639796830610923,0.00087998937600553,0.0007632330951821595,0.0028853827070888564,-0.9704098096772213,deltaI0.2,BLS-G
104,14.570994311823512,12.217198042592164,7.940651561633674,45.754211292762314,0.004148214430199873,0.001264029878356552,0.0039509380437486455,0.12808881182078644,10.804098333999718,5,True,,-0.001233015629453667,0.0014868258004737955,0.0001620923175485748,0.0019383633361265977,-36.5504476037313,deltaI0.2,BLS-G
105,14.34591685872624,12.695926053512887,6.679729946728264,30.373240662090865,0.007054428522873071,0.0016256010834524485,0.00686457448803663,0.1841833915490675,9.537912604999292,4,True,,-0.004645143906423656,0.0011952014884477058,0.0018828855372777867,0.005152778518029112,-143.53417272968363,deltaI0.2,BLS-G
106,13.647305484210747,11.688378801787739,7.044909365299723,45.64062991242127,0.005346774300098652,0.0015937999867501865,0.005103704244804017,0.15589707312418816,11.783260158998019,5,True,,-0.004924360297851158,0.0007011674942096757,0.0015576453509785493,0.00521221826456012,-78.4892042807478,deltaI0.2,BLS-G
107,14.02959003772418,13.03099857512216,5.198314415440238,36.16790870139875,0.0034180972820201457,0.0014192129053045136,0.0031095375474128988,0.09389164309359217,10.935929647999728,5,True,,-0.002948012117499657,0.0008302821568152152,0.00229774930463512,0.003828811273985924,6.902581900336372,deltaI0.2,BLS-G
108,14.976377222494188,13.367661778526426,6.752591597702801,41.00874258807765,0.003403861209832963,0.0013819699886593961,0.0031106960774479834,0.09064673815486063,9.357539423999697,4,True,,-0.0024126681084263865,0.0006986964092046966,0.0009507423200016187,0.00268571313298635,11.00668976209272,deltaI0.2,BLS-G
109,17.86063331057869,15.147342767124204,9.463626648922878,61.96742586561487,0.0035756355633865438,0.001558402840410712,0.0032181594536558364,0.09156150729319355,11.758378792997974,5,True,,-0.0032844412104386365,0.000519953185842581,-0.00039979896839482167,0.0033492901629188577,48.77783947145508,deltaI0.2,BLS-G
110,12.415144925217538,10.720870462247733,6.260891314011036,42.38175513721082,0.004453264665692203,0.0014756249266500532,0.0042016779099012,0.1342023967318894,16.01778127700163,5,True,,-0.003515343010687168,0.0008563042196515769,0.001535615429196025,0.003930522630104693,-45.09980366635136,deltaI0.2,BLS-G
111,13.978797974856187,12.337732931605462,6.571692242506607,36.347992963469586,0.0034745914616347746,0.0011979203765536538,0.0032615598410427535,0.10323788280984868,11.538670097997965,5,True,,-0.0018835194321260363,0.0010342920397747313,0.0018302133071329994,0.0028226027393780497,-4.42025146882952,deltaI0.2,BLS-G
112,10.905901540092914,9.693269746743086,4.997920569504505,33.7542969062269,0.0034022658074106273,0.0010914145438663976,0.0032224566587795082,0.1010215340674002,9.318303734999063,4,True,,-0.0010370539338606774,0.0014885827385517636,0.0006704946767149505,0.0019341464636250432,-1.9217661026268615,deltaI0.2,BLS-G
113,12.609871310879653,10.688153492767917,6.69120537661031,38.24921690194948,0.0032480085899600887,0.001202545706087261,0.0030171913471348836,0.08707132126282269,16.032873992000532,5,True,,-0.0006031857780431871,0.0012695133688527538,0.0013036947756833964,0.0019170595568926945,15.937467475996527,deltaI0.2,BLS-G
114,12.586894138809646,11.687618796864312,4.672201934932245,29.617145726526843,0.0031669860050567125,0.0011646986960180466,0.002945042835633964,0.08077016315117164,14.11476683499859,6,True,,-0.00086727098640768,0.0015408423136805127,0.0001906432412399122,0.0017783978308925496,23.552928994809918,deltaI0.2,BLS-G
115,12.16261458044713,9.491315168608951,7.605532841467373,43.631631075159646,0.005404314308306438,0.0014497506379164604,0.005206230520331049,0.15812472539162,11.233166803998756,5,True,,-0.004373931631616709,0.0007421775933893759,0.0008809688523595368,0.004523075460017678,-82.03733436815673,deltaI0.2,BLS-G
116,17.315014094488365,14.191388874664883,9.92039288034342,55.05418004780447,0.00414411648362091,0.001335315810436849,0.003923089741035236,0.12661423912174657,12.788487668000016,4,True,,-0.000508217044777245,0.001349656778088154,0.0018230462674361078,0.0023245119222009033,-33.996619513265614,deltaI0.2,BLS-G
117,14.002431138390994,12.130869098415019,6.993575101655894,32.03053821529831,0.0072143757156019304,0.0014967082826042098,0.0070574132146736905,0.18593867352289928,12.82982640499904,4,True,,-0.0041857206097600215,0.0010781996273338534,0.0016612448138735663,0.004630605337423444,-149.63857873871166,deltaI0.2,BLS-G
118,13.217693132557311,11.229809618380461,6.971283072819692,39.339109730821214,0.006370385520544968,0.001490156513955411,0.0061936455536529735,0.1758721071199702,9.317565495999588,4,True,,-0.0034651294919206335,0.0012608492171331531,-5.9952564659908686e-05,0.003687879804729641,-118.25996039956226,deltaI0.2,BLS-G
119,20.334458082106597,17.51195456705781,10.335455129516715,65.63510001303219,0.005781127790643714,0.002017297121279995,0.0054177440744491165,0.1611162433814269,13.704503740998916,6,True,,-0.006089695204970036,0.00030650265100745644,0.002063071102014118,0.00643697086652374,-88.37202438458917,deltaI0.2,BLS-G
120,19.583337963242013,17.01882964310796,9.68847580176705,55.73786797516209,0.00700230494746263,0.002176748332223708,0.006655376869525944,0.18134921175535676,11.698440848998871,5,True,,-0.006537501461624176,0.000605776691021298,0.0022161594919781883,0.006929448293623957,-135.18262288878032,deltaI0.2,BLS-G
121,12.825870013514166,11.816555442658853,4.987179470816277,30.7488398857315,0.004227943223205029,0.0013859574641543622,0.003994324198935301,0.1295038856280179,10.87514530199769,5,True,,-0.0034559738089853763,0.0009855526570832496,-0.0001155581318660224,0.0035956115877715587,-38.771886169866775,deltaI0.2,BLS-G
122,11.592974203135677,9.623540591122573,6.464094473751561,37.772853982041916,0.004333878119540088,0.0011453126762753197,0.004179803635171322,0.13483905224883083,12.372725688001083,5,True,,-0.0013269828178617512,0.0015878563356089281,0.0005823429522510344,0.002149719622525267,-45.52994442712952,deltaI0.2,BLS-G
123,18.855128159957122,16.90401489333336,8.352852112564424,48.90056066716267,0.0035296602760167407,0.0015704422600216475,0.003161046151518303,0.09299557721615713,11.659152416003053,5,True,,-0.0006027051577665863,0.0010166891134714973,0.0018135826528949317,0.002164715292949935,51.010591456382826,deltaI0.2,BLS-G
124,10.76490748374659,9.472203532677032,5.114742747114862,30.39849328333798,0.006194275438118041,0.0012519864577124106,0.006066430425957028,0.1737589331865055,11.42879041299966,5,True,,-0.003461601596203884,0.0013369111864089678,0.0013791270356148337,0.003958788768240921,-113.44686327094678,deltaI0.2,BLS-G
125,11.895135882577419,9.684194341844876,6.907288731069562,33.98800333902637,0.004056295808266879,0.0011131460748030043,0.003900569381553688,0.12715391058210596,12.806608811002661,4,True,,-0.0018760667241800879,0.0012998960566455442,0.0009670816822757972,0.0024788309929988828,-35.23631380164443,deltaI0.2,BLS-G
126,15.024480651341001,13.521958706045403,6.54917182508774,40.201790462673856,0.003700706567735109,0.0011854654875683682,0.0035056954628521373,0.11189306289780969,15.539197674999741,5,True,,-0.0016517852387442947,0.0013631005592456835,0.0023047363841831006,0.003146148027370428,-15.859761774328945,deltaI0.2,BLS-G
127,14.392135659207973,13.222877266548473,5.6823486013127855,32.56462588186439,0.006278477855705483,0.0013148128333979844,0.0061392630989163584,0.1748966967259594,9.943720912000572,4,True,,-0.0031154670491544993,0.00141040261972461,0.00019101933289990692,0.0034251801222176643,-116.20710889570182,deltaI0.2,BLS-G
128,11.276363518785423,10.202947577231795,4.8016908421986715,27.5372139502027,0.007401264048778781,0.0015032732121363778,0.007246991042454685,0.1880990772872108,11.649028473999351,5,True,,-0.004164197989385111,0.001472277490818602,0.0008463846463893396,0.0044971672055210184,-158.13904368146905,deltaI0.2,BLS-G
129,18.035118312904,16.63145992518594,6.9756743987502325,37.151185773793294,0.007322428989026187,0.0019249708057845073,0.0070648746412238905,0.1859484461211573,12.905859222999425,4,True,,-0.006247172437749305,0.0008372680498841545,0.002853197134520533,0.006918736527919501,-151.57600833158358,deltaI0.2,BLS-G
130,13.773707406569342,11.120550237328269,8.127015327956588,43.60814206007931,0.006527385473460831,0.0014413833208996164,0.006366252841458615,0.1780245041034614,16.022881010001583,5,True,,-0.003420619134352658,0.0012792285892770927,0.0011687691067447364,0.0038344598408125595,-123.9529083424568,deltaI0.2,BLS-G
131,11.913574953928812,10.97134347964291,4.643585945643396,28.073671095315632,0.004949839612224982,0.00143012111773627,0.004738740948327553,0.14924529807906128,9.688499903997581,4,True,,-0.0036797013118019966,0.0010978748600681265,0.00045393560706418173,0.003866728395919174,-67.05089649438742,deltaI0.2,BLS-G
132,12.834324353142097,11.640901385252386,5.4045625669877735,31.89841244210362,0.006137521298921102,0.001292330126032222,0.005999920877816616,0.17296787233799887,16.180493472998933,5,True,,-0.003013150885253478,0.0014100190453379124,0.0019390660534269052,0.003850611526117904,-111.25243400549516,deltaI0.2,BLS-G
133,15.323861677893413,13.962471496624225,6.314279565331776,34.344261020120655,0.007276594640354776,0.0016979083077830988,0.007075728721368633,0.1863729887260977,7.876843714999268,4,True,,-0.00481227615456866,0.0009433870686706425,0.0016699469489652185,0.005180415404340019,-151.319230451998,deltaI0.2,BLS-G
134,12.784386762613938,11.383371215982088,5.8188834543449115,32.2059440583697,0.005826704927502424,0.001667138680193782,0.0055831119398757146,0.16586683053404658,16.008481050001137,5,True,,-0.005069600554157329,0.001021963665068154,0.0008142504359890954,0.0052352901814455574,-96.92886419899878,deltaI0.2,BLS-G
135,12.16043879932522,10.237471840324774,6.562807486944251,38.048621111719555,0.004161608832717042,0.0011573929004227356,0.003997427891857406,0.12873240559505675,9.160597321999376,4,True,,-0.0019263746001518208,0.0011446610832887005,0.00010642807393172007,0.0022433223198253444,-37.38775302590511,deltaI0.2,BLS-G
136,15.078166423686252,12.508787994491422,8.419104798566572,40.18924432885037,0.006270112324216411,0.0016325967401866403,0.006053836506069722,0.17355548801050288,14.093817401000706,6,True,,-0.004211328328141962,0.0007851452773751377,0.0006395044479663505,0.004331362987901637,-112.86483067632798,deltaI0.2,BLS-G
137,11.516645024792197,10.88998644615947,3.7471733119157813,23.09796101018054,0.004961715175167597,0.0013189739829388058,0.004783191937589266,0.14980389724398252,11.026677771998948,5,True,,-0.0035115903952807736,0.0011961969091937308,0.0007634131698564017,0.0037874732761701453,-68.10703488363652,deltaI0.2,BLS-G
138,14.172487883518142,12.494725957195293,6.688889000653154,34.342731611336,0.00768144694055838,0.0017013258425798534,0.007490668693647028,0.18991200226375762,11.772956570999668,5,True,,-0.005027491196458769,0.0009673200680517247,-0.0007480308363395631,0.005174062811431736,-167.21414420404471,deltaI0.2,BLS-G
139,14.948701285268076,12.323245012280262,8.461755283833552,46.59221553927364,0.005417281400659363,0.0014185210001175883,0.00522826318638946,0.15908350495172377,16.066391942000337,5,True,,0.0015999814272436676,0.001183067214523409,0.00130987385806695,0.0023823010149122757,142.46884125538782,deltaI0.2,BLS-G
140,13.319305031210838,12.694888989985486,4.030344904146996,25.627041658941092,0.0033143033187928036,0.0013723652373907305,0.003016822855946712,0.09002673729982714,6.090452338001342,4,True,,-0.0019901965961507235,0.0012094806516144418,1.2035361767197554e-05,0.002328920519874495,11.720902435074095,deltaI0.2,BLS-G
141,10.459179359386768,9.612374038842026,4.122705205228487,28.55460827704471,0.003195407897705055,0.0010534341956475518,0.0030167711262467757,0.08676105918030455,13.996728550002445,6,True,,-0.0013126505772525303,0.001293638438615241,0.00038458491868027307,0.0018826729688133817,42.75148159181117,deltaI0.2,BLS-G
142,11.971158018323825,10.402593862003572,5.92407505370116,30.369802445769846,0.00477855955828103,0.0011550644719290747,0.004636858582890597,0.14680474396270368,13.983665305000613,6,True,,-0.0024053152808942995,0.0013878394745427125,0.0007981015378642959,0.0028893954510146183,-62.96201565989759,deltaI0.2,BLS-G
143,12.935647205172062,10.999458606051155,6.807560428702999,43.67344124756202,0.004305038615818276,0.001454735942620423,0.004051802169520966,0.1301177204855611,12.869623631999275,4,True,,-0.004310595698072761,0.0008649510229044588,0.0005921042699006364,0.004436210433545891,-39.716589698138705,deltaI0.2,BLS-G
144,11.561374272575915,10.598721552982042,4.618709399056646,28.365429935130678,0.003217640309543541,0.001144830503208596,0.003007087009137349,0.0865091645956316,12.976339049000671,4,True,,-0.001443939494025214,0.0012044906127277044,0.0019838509908084103,0.002733390504901644,16.389368162475876,deltaI0.2,BLS-G
145,15.631349614864396,13.283158836959984,8.239950369645024,42.071309315671876,0.004487831364114755,0.0014535541952015918,0.004245916927395537,0.1369761373234419,9.283252608998737,4,True,,-0.0019007948875144965,0.0011129402190223903,0.0015494376957580578,0.0026930306920929983,-48.44375862412562,deltaI0.2,BLS-G
146,11.036754937631974,9.004585414942696,6.381802336201353,34.53721782764265,0.005263921365095702,0.0012832958711793405,0.0051050974373585715,0.15631261227589982,7.813941790001991,5,True,,-0.003956303712400381,0.0009926608852175167,0.0010079754078401158,0.004201634101228272,-78.71816465030861,deltaI0.2,BLS-G
147,12.13990761231023,10.156029962431925,6.650745239265513,33.33907767063381,0.004323146601595203,0.0013212141930990812,0.004116307762405248,0.13250458796921033,16.083777089999785,5,True,,-0.0035501919385932906,0.0008516367220127441,0.00028980808759061587,0.0036623949315668196,-42.89957943227637,deltaI0.2,BLS-G
148,11.697326882160409,10.954256525794595,4.102647944340231,30.428070044218455,0.0035999427565468886,0.0010598623176038312,0.003440389471867661,0.11114322865552134,9.03958999400129,4,True,,-0.002039642082082655,0.0013341270810806605,0.0018046315307000272,0.003032611061951729,-14.967343199365132,deltaI0.2,BLS-G
149,16.308317882179068,14.28040233291244,7.8759978006821845,52.42427283207457,0.005041955780021722,0.0015666143252747317,0.004792393727933718,0.1482065683684009,19.303617184003087,6,True,,-0.004576518255488792,0.0005575758293009658,-0.000738850813746297,0.0046691873675422805,-66.04769227465295,deltaI0.2,BLS-G
150,16.92948466871988,15.693115794735037,6.350871420636637,34.58725661979179,0.004197371162468737,0.0015571163191277163,0.003897860110910897,0.1269899601124801,9.332101804000558,4,True,,-0.0017515652902434739,0.001384216415637629,0.0011851827711506818,0.0025275866458617795,-34.97433493056451,deltaI0.2,BLS-G
151,16.08936386838121,12.791516183055322,9.759341341904408,55.77743823944695,0.00415924837769272,0.001267773102363171,0.0039613253373415305,0.12695409636925784,12.929652749000525,4,True,,-0.0009836145399958404,0.0011831898166175525,0.0004496606142660041,0.001603006666692558,-34.428062109560415,deltaI0.2,BLS-G
152,10.907317478798385,9.516473495849052,5.329756728604345,32.878533548143174,0.004446164576298202,0.0010834336979940334,0.004312139939934688,0.13810122781102455,7.0324114309987635,3,True,,-0.00227924927379004,0.001297498516202894,0.0010834688000242302,0.0028376723370126936,-50.32905862903863,deltaI0.2,BLS-G
153,13.76660710177284,12.552083423980445,5.653730875450099,37.63304889952453,0.003341525320722873,0.0012287806764484828,0.0031073927203073178,0.09343741036142351,16.541411603000597,7,True,,-0.0005881447043260542,0.0013892631126063981,-0.00028104314023615567,0.0015345851022179901,7.878957729357353,deltaI0.2,BLS-G
154,13.883604863172511,11.511030470903977,7.762129958627826,45.374087690519204,0.0032989852160649957,0.0012886740908425126,0.0030368771037706855,0.0848261002000051,8.491743189002591,4,True,,-0.000818023135307962,0.001118198039592594,0.0015098651820020562,0.002049200227764454,18.5952254142976,deltaI0.2,BLS-G
155,10.667998697918723,8.62889688911603,6.272825096860208,34.568987440260926,0.003983224493991816,0.0010819641293005361,0.0038334620113473525,0.12390375030374212,9.361543593000533,4,True,,-0.0019347578450085497,0.0011641998611895965,0.0009242811533282264,0.002439865751637528,-31.004298991218093,deltaI0.2,BLS-G
156,13.758282908593563,11.477115016659514,7.587237935327088,37.49549680807576,0.0037802009031161665,0.001220649712087863,0.0035776994211783775,0.11556510968170025,7.924931995999941,5,True,,-0.002639609752376909,0.0008663980714494202,0.001760360915255781,0.003288929280938514,-20.354313308140263,deltaI0.2,BLS-G
157,12.753258172203685,10.277253794641712,7.551400429549649,37.70502805694951,0.0032917226520913783,0.0010519644302308835,0.0031191038546064015,0.09320107534028355,12.970185603997379,4,True,,-0.0012950436800212236,0.0009933027233568203,0.0008531639383053229,0.0018416506560734146,8.103450875634735,deltaI0.2,BLS-G
158,12.90262773913145,10.426192032412715,7.600810632942912,46.425297234118545,0.0032194890051958592,0.001125856986574493,0.0030162154267158077,0.0790955377097102,11.310475948997919,5,True,,-0.0007926311284198599,0.0012789972392334148,0.0005183374190736009,0.0015914684174430603,25.83565355851897,deltaI0.2,BLS-G
159,13.778889568214863,11.869593067694248,6.997896694036361,25.22286343470495,0.003913729763452379,0.0013634566573853698,0.0036685510225107306,0.11935061398360826,12.925394305002555,4,True,,-0.002843983745460405,0.0011836551483256075,-0.0008163821711001787,0.003186810773154087,-25.3809508302802,deltaI0.2,BLS-G
160,15.087374208359103,13.808230078635258,6.079608753738355,33.849521496599365,0.0051787400012017325,0.0014297922345939981,0.004977453381594007,0.15400085004073094,16.131319323001662,5,True,,-0.0022696743389486705,0.0014617207040524827,0.0017024679464434792,0.003191621238525218,-74.6822573489917,deltaI0.2,BLS-G
161,13.843520029095213,12.73297385756162,5.432717877693694,25.496340242408355,0.004144238320405585,0.0014098340911347898,0.0038970603141075763,0.12698166069759878,9.349564428001031,4,True,,-0.002796578277187403,0.0011864008278215932,0.0019746243883961745,0.0036231945103652923,-35.33498860368127,deltaI0.2,BLS-G
162,17.447642273710837,15.84062453798114,7.314016349318017,46.107148363363834,0.003695138820335068,0.0014837531299137059,0.003384158322392514,0.10856943584275329,11.679029199996876,5,True,,0.0004289116789526379,0.0014283370871104317,0.0014616413067351992,0.0020881827918818948,70.45972776889539,deltaI0.2,BLS-G
163,16.878186414987034,12.421177445070574,11.427489992869077,65.8759026482818,0.005214828181567003,0.0016871078161141498,0.004934379411848256,0.15099063460225043,9.334782088000793,4,True,,-0.00475950760380935,0.00034663025485320853,0.0010299572969553145,0.004881995206659888,-70.06067824021011,deltaI0.2,BLS-G
164,11.581179364691147,10.500424350965245,4.885161607030433,29.591166481991955,0.003998250933644629,0.0011720578763701444,0.0038226026294697255,0.12400488968379876,16.19486337700073,5,True,,-0.0026781165481744324,0.0010859526982879286,9.362073930267313e-05,0.002891429810898433,-31.32257137335546,deltaI0.2,BLS-G
165,15.28584433424676,12.870984397882436,8.245895805810951,40.34542506812942,0.0038302487229276098,0.0014689778278171835,0.003537359102617388,0.11232286938432587,13.103599669000687,4,True,,-0.002147658425328697,0.0008142764773660938,0.0018278271083269817,0.002935376437769447,-15.824292773628258,deltaI0.2,BLS-G
166,14.049256003609317,11.93548100665524,7.4112001318763845,35.93550950603497,0.005340952959448299,0.0013229751113538473,0.005174506292370106,0.15783271498422033,11.51330563800002,5,True,,-0.0026322639524899764,0.0010941922444849261,0.00016622938650057818,0.002855468856843911,-81.06052635166998,deltaI0.2,BLS-G
167,13.710848194044642,12.121320210829568,6.407882220099859,40.76281233257354,0.004047133161320638,0.0011833607885161303,0.0038702640826775193,0.12465031283966044,9.507296563999262,6,True,,-0.002085154710170145,0.0010963840517387025,-0.00039198539457699274,0.002388217055423019,-32.00159011747746,deltaI0.2,BLS-G
168,11.12043845018697,9.994747544484941,4.875363868103491,27.181193217963024,0.007489806236293097,0.001536855468513953,0.007330434688755756,0.18877759423025667,14.023248146000697,6,True,,-0.004592580850829589,0.001395844209871766,0.0011641352840064175,0.004939169048444067,-161.36513108008512,deltaI0.2,BLS-G
169,16.130232323036555,14.747970136627886,6.533128779096982,41.37612143655927,0.004249896590305513,0.00142454817981256,0.004004033405415489,0.12872546930197923,16.014071232002607,5,True,,-0.0035336474560287916,0.0007835676322479057,-0.00042998528817935416,0.0036449320879621367,-37.62556077922636,deltaI0.2,BLS-G
170,18.503606634951215,16.335279397375704,8.691496160655165,39.16708339195065,0.004037638828519603,0.0015822087262396896,0.0037147197547298416,0.12125456134039811,11.21154762399965,5,True,,-0.0020417759591620727,0.0010393619480841276,0.0024732764441757118,0.0033713823123241136,-27.558333743261755,deltaI0.2,BLS-G
171,15.65213581086894,13.926672984440486,7.144027927320929,44.68529918581933,0.005735095615995393,0.0015411851363160232,0.0055241352355104535,0.16455131255079178,9.389204774000973,4,True,,-0.004247235282720569,0.0007059941349729093,0.0021663779119784647,0.00481981623331334,-93.51975840485102,deltaI0.2,BLS-G
172,12.819395538747766,12.10681386742796,4.2144940334896885,27.76068368428428,0.004153906334288057,0.0012963086240956358,0.003946456864724829,0.12848216963618908,16.196288243001618,5,True,,-0.0025573883328959975,0.0012159799579406771,0.0018989333673700302,0.0034095146688432453,-37.2111998085893,deltaI0.2,BLS-G
173,15.053732004099446,13.288438655850953,7.073347534296198,44.68797330544997,0.005576447654303895,0.001600786553449033,0.005341746048951427,0.16056513902383518,11.698390593999648,5,True,,-0.005016749802061543,0.0005989898534397853,0.00121857396698157,0.005197257924522657,-87.02381776409311,deltaI0.2,BLS-G
174,17.642492711953857,15.240348169972323,8.887594542358817,51.44427963878683,0.0049363055405454775,0.0017240501343870366,0.004625447386333567,0.1454918702365185,9.334146499997587,4,True,,-0.005062234491508404,0.0005061081234067344,0.0004718654178380334,0.005109307237987073,-61.839562371751526,deltaI0.2,BLS-G
175,16.221892704353735,14.19055008654457,7.859904016769847,46.96681822112613,0.003622294232715584,0.0014078851558983353,0.003337495302793055,0.10282381324149935,12.915034225999989,4,True,,-0.0037040607217255443,0.0006514819207469047,0.002469663643911098,0.00449930361693299,-4.523454588736058,deltaI0.2,BLS-G
176,13.196419882682518,10.54309894017202,7.936533403054644,45.46117445080489,0.003741825353696781,0.0011687033744181802,0.003554629291528386,0.11488186994856985,11.639508550000755,5,True,,-0.00039977887340956884,0.0014924600411545252,0.0007409755147914442,0.0017135649493345844,-18.960256205340556,deltaI0.2,BLS-G
177,14.293251022449168,12.759678061069481,6.4410900140121,43.501813197932634,0.0037124939325832444,0.00140187253144893,0.003437639394269907,0.10909203279376349,6.311904841000796,4,True,,-0.00442183639340137,0.0006348501838262244,0.0017863581418216946,0.00481110665614115,-12.678807047857845,deltaI0.2,BLS-G
178,12.655588511726442,11.879940572733906,4.3624457092843105,27.815817012500165,0.0037279762939295864,0.0012485671081554812,0.00351267525178933,0.11296199235800852,12.9086805070001,5,True,,-0.0033518984026477887,0.0009607918926300973,0.0019589803722204484,0.003999493475599315,-17.594439149695972,deltaI0.2,BLS-G
179,11.337321967547902,9.869971631522246,5.578398460919618,27.586696344862546,0.007049672207005075,0.0013695201539207775,0.006915366423713543,0.18456958388073577,14.70826668099835,7,True,,-0.004433898261729061,0.001204800806332007,0.00022555700668309812,0.004600203771743821,-145.0221591264708,deltaI0.2,BLS-G
180,19.095768616601877,17.048348457819483,8.602452785081779,52.23280661544746,0.007387865149835912,0.0022059337842822734,0.0070508444608799944,0.1857282897034037,26.110496452001826,8,True,,-0.006365456459749651,0.0007341239465387117,-0.001115495508444481,0.006504022150885554,-150.88925544280937,deltaI0.2,BLS-G
181,13.206586977375844,11.999440803558393,5.516100070964191,29.807281917245973,0.005187052754955332,0.001458863162736864,0.004977673608735219,0.15437047392530856,9.366311670000869,4,True,,-0.003082410444657415,0.0010982862831067919,-0.00036616469684185124,0.003292652956842998,-74.68944495755568,deltaI0.2,BLS-G
182,19.522316045807788,16.743071116655585,10.039441885633769,54.940688193010125,0.0035155748880585556,0.0015126565808309413,0.0031735054532829737,0.09163978943654903,9.323052347997873,4,True,,-0.00032099463942858713,0.0008561554362114532,-0.0001987728286573856,0.0009357084625612674,10.70006506905338,deltaI0.2,BLS-G
183,10.02628729942942,8.916183558301544,4.585641478067481,27.729551655225773,0.004964939004484302,0.0010900505909355537,0.0048438010928867235,0.15116954773952362,9.797415490000276,5,True,,-0.002444141811277316,0.0015525603369754004,0.0008867090045054779,0.003028287577535235,-70.10954592272174,deltaI0.2,BLS-G
184,13.981782402203006,12.484290478628765,6.295453151900411,33.058037006187455,0.007412496915820411,0.0016955050872192688,0.007215980392591202,0.18758518842440838,16.088791219000996,7,True,,-0.004532090369441699,0.0009846371543985044,0.000643596699164475,0.00468226122229245,-156.43914775692247,deltaI0.2,BLS-G
185,17.63597933832094,15.869374820704895,7.693549897262034,44.392476166295424,0.007945940118990956,0.0019587535124219266,0.00770073042328874,0.19116561521055325,13.01341252400016,4,True,,-0.0061664437650034145,0.0007007456378726462,0.0007119601957320748,0.006246836037247487,-176.70160150964512,deltaI0.2,BLS-G
186,14.432363087591895,12.893171761314944,6.485308491144883,38.394710943902986,0.0034065995834951382,0.001287425853725257,0.003153958686068833,0.09616043902376241,12.621253217999765,4,True,,-0.0012844703352610574,0.0008914276171746449,0.001712018556157485,0.0023185156405456657,55.042534733060165,deltaI0.2,BLS-G
187,9.400279570690634,8.698050122173493,3.5649936997561946,25.247829105119866,0.0044831769135546306,0.0011921625629338134,0.004321761638703402,0.13869925634574323,11.677933115999622,5,True,,-0.0031688511709606344,0.0012521199544443529,0.000858235818332775,0.003513686218757395,-51.53071581793483,deltaI0.2,BLS-G
188,11.661809047463846,10.726198742319529,4.5767292687871155,30.69830163672342,0.0045992877300333095,0.001155576300903706,0.004451751457171059,0.14215491349435316,11.655831942000077,5,True,,-0.002359282017368729,0.0013757403832527215,0.0008837393469564865,0.002870517108980694,-56.34695505567652,deltaI0.2,BLS-G
189,17.38268187751768,15.870376984536332,7.091457087487809,32.807895715890794,0.0074724070776835405,0.0019473479889622434,0.007214201504289978,0.18748118041637984,19.12230526499843,6,True,,-0.006083657802473671,0.000969186206630307,0.0022259527962579157,0.006550196944511642,-157.79521724238293,deltaI0.2,BLS-G
190,11.653410390460618,10.131080320333284,5.758748585539317,32.2744231296324,0.00331405728335866,0.0011960267127606359,0.0030907112093732677,0.09117280866824806,19.149374419001106,6,True,,-0.0018941934443082323,0.0009633093584717756,0.001694582809474185,0.0027180037937326374,10.570781425682071,deltaI0.2,BLS-G
191,16.69998086555749,15.532525179775522,6.134331459061018,43.875303092517356,0.0035822913464735205,0.0015156785619962205,0.0032458480845110635,0.10210849212231184,6.20756180600074,4,True,,0.0007515171614568182,0.0014364416344906095,0.001955837003138018,0.0025403623749587515,62.720265268209914,deltaI0.2,BLS-G
192,17.534524566741247,16.921449345441815,4.596096586376213,31.699567354961882,0.005174271649585278,0.0014760422385470997,0.004959272770651642,0.15350441370113072,15.880134776998602,5,True,,-0.004337497554231992,0.0008674673876354067,0.0030332970911005784,0.005363513395569992,-74.55610478037124,deltaI0.2,BLS-G
193,10.454900974987998,9.21718328420009,4.934418577934738,26.20601416624601,0.004643030561718069,0.0013119028875531796,0.004453834708504307,0.14183358171208563,9.37952132600185,4,True,,-0.0036325350745205886,0.001011943172187807,0.0005714253636319019,0.0038139044295264755,-56.1927897928108,deltaI0.2,BLS-G
194,16.88599365517674,12.842223673890697,10.964217839519176,56.93687818612173,0.003444295198649255,0.0014616565976092015,0.0031187704959011985,0.0770969308489431,9.34897494300094,4,True,,-0.0022950173142957052,0.0004481093800407787,8.66535673370177e-05,0.002339960540293326,28.60088776556222,deltaI0.2,BLS-G
195,13.304108625544714,11.966213973501963,5.814553246867693,28.307636016834707,0.007445628464337282,0.0017775009881207747,0.00723034393830468,0.18802965165023888,9.357095915001992,4,True,,-0.005010049863324751,0.0011143617451058185,0.0002552134600762165,0.005138826290327366,-157.5681187457667,deltaI0.2,BLS-G
196,11.813066929162822,10.60608329532116,5.201879218666056,29.79930681905114,0.0048353782759753584,0.0013209372873669524,0.004651452219965079,0.1468141333585434,11.681847789997846,5,True,,-0.0026367130898343576,0.001219045005580538,0.0020965419891127717,0.0035824314307251765,-63.098102462921815,deltaI0.2,BLS-G
197,10.349834849473902,8.632459126358942,5.709617399014289,32.16610182511393,0.005347367249633897,0.0011954689095822766,0.00521202365580581,0.15911638780011042,9.652324000002409,5,True,,-0.0020519606609149836,0.0015428596825725616,0.0009216657020785679,0.002727714468275325,-82.96790520571085,deltaI0.2,BLS-G
198,15.200195295357457,13.814684204866863,6.340381481962189,25.447844298015216,0.003447076368224201,0.0013120004097147394,0.0031876308464560492,0.09989951237051162,9.90713728800256,4,True,,-0.0015319890251170199,0.001112615549531959,0.002724198555319751,0.0033175535418355374,59.226914074672095,deltaI0.2,BLS-G
199,11.267288290754495,10.338614114864646,4.479379824361277,27.00751898941375,0.0040820608605025765,0.0011476115899283466,0.003917423707937294,0.12651741840964417,10.134875952000584,4,True,,-0.0028686162451791856,0.001107793590594236,-4.161816812116943e-06,0.0030750907502359627,-34.92979687683692,deltaI0.2,BLS-G
200,11.427207936610195,9.923997932682827,5.665275479500889,29.81325297591676,0.0034387394879839897,0.0012454756191259823,0.0032052643804190537,0.09994076734535352,9.420396852001431,4,True,,-0.0022503557525118405,0.001049804777865121,0.0008282644761963385,0.002617673227700578,-0.34597984088759404,deltaI0.2,BLS-G
1,33.23451173216542,26.775695066428394,19.687430603943305,91.74932108266077,0.002772744718035771,0.002068275436058824,0.0018467132944750655,0.007959461163993027,6.012817189000998,4,True,,,,,,,deltaRIC0,BLS-B
2,33.44367223235185,27.374187789351463,19.212835690191692,90.94187457873818,0.0027391932121819764,0.002041664226612949,0.0018261398192451657,0.00827318701599107,3.9160904949985706,4,True,,,,,,,deltaRIC0,BLS-B
3,33.16749483836042,27.091579837847583,19.134498053050553,94.04242708394128,0.0027374345350798007,0.0020843033417238836,0.0017746062700008185,0.007777718384529554,8.738263159999406,4,True,,,,,,,deltaRIC0,BLS-B
4,33.23789932511642,27.45113600718656,18.740146303098076,93.25957122441973,0.0028493182166256744,0.00219503013565205,0.0018167159940877544,0.008312991852559215,7.348712402001183,4,True,,,,,,,deltaRIC0,BLS-B
5,32.95391193059944,26.471243207213387,19.627368509157392,93.35326975407895,0.0027659750086473146,0.0020779373985997996,0.0018255941268424936,0.007715386249993413,4.393526968000515,3,True,,,,,,,deltaRIC0,BLS-B
6,33.99244281847044,27.45034198675355,20.04906216203784,92.90166843093614,0.002806342456206758,0.002157084951609195,0.0017951441426943232,0.007760999082640282,3.663300273999994,4,True,,,,,,,deltaRIC0,BLS-B
7,33.18530734019544,26.339479589868983,20.186541016184634,93.10041653892068,0.0028016870413531026,0.0020524229193715627,0.0019070947636979697,0.007925124578358062,5.855071587999191,4,True,,,,,,,deltaRIC0,BLS-B
8,33.00841518617966,25.12814041645112,21.404019069191932,91.95752582505901,0.0028238049761205274,0.0020291723512380106,0.0019637551049288856,0.008197930049334005,8.004654047999793,4,True,,,,,,,deltaRIC0,BLS-B
9,33.130859221449185,27.176761883691952,18.949338940147555,91.28922396831275,0.002726711113881756,0.0020250229137489433,0.001825988964193932,0.007734287086303534,3.9204897430008714,4,True,,,,,,,deltaRIC0,BLS-B
10,32.80678912948446,26.17661582791817,19.775494855604595,95.41087538637431,0.002756778189285808,0.002034250301856587,0.0018605514489844998,0.0077879477819788505,4.390381864001029,3,True,,,,,,,deltaRIC0,BLS-B
11,35.3312475166935,30.818847305218547,17.277028154850136,90.03104951406834,0.002788149500466889,0.002242262784189939,0.0016571165449631308,0.007870222083364877,6.277720566999051,4,True,,,,,,,deltaRIC0,BLS-B
12,33.105083902431126,27.480958576112453,18.459238768838656,90.62860634879755,0.002784106256284661,0.0021399945064955786,0.001780918627689691,0.008208160301222766,9.614244434000284,4,True,,,,,,,deltaRIC0,BLS-B
13,33.7486706540948,26.265578716146358,21.191794299314978,100.16991587695537,0.003013882865382904,0.0022879636369341236,0.0019618135289358775,0.00815716777821853,6.160756002000198,4,True,,,,,,,deltaRIC0,BLS-B
14,33.177018528394704,27.081579542592824,19.165140435479806,95.9700074536014,0.0028310651715646802,0.0021671272651785155,0.0018216721500221823,0.007930651551393988,9.01953862099981,4,True,,,,,,,deltaRIC0,BLS-B
15,34.07768479088265,28.509475221754467,18.668112472527124,88.43557243006981,0.0027017873231955426,0.0020701509899521517,0.0017361248856520267,0.007771413334200131,3.8691413369997463,4,True,,,,,,,deltaRIC0,BLS-B
16,33.02652988673634,26.34147693789292,19.92180386134609,94.26868883300422,0.002751030765687763,0.002034654415766071,0.0018515808602824306,0.007704547377601942,4.400742046000232,3,True,,,,,,,deltaRIC0,BLS-B
17,33.07798453998834,25.96470555709034,20.493587449768512,91.51646343786197,0.002711734264951896,0.001986529778388012,0.0018458608190467319,0.008198989823199214,5.997142995998729,4,True,,,,,,,deltaRIC0,BLS-B
18,35.13490021138202,30.27635650164931,17.827042655718586,95.05334279961161,0.003129955867541614,0.002572382405866368,0.0017831075376284328,0.008547694362276516,8.933886413000437,4,True,,,,,,,deltaRIC0,BLS-B
19,33.08959004004292,26.45210864247666,19.879811804559903,93.82442537061725,0.002639877824693429,0.0019314193499270305,0.0017996039075406447,0.007624241853873048,7.933835436000663,4,True,,,,,,,deltaRIC0,BLS-B
20,33.415847775571926,26.94399850013013,19.764610478964165,94.66866520562351,0.0028269251159140345,0.0021247811946235253,0.0018646207351522724,0.007906642180142063,4.225949628000308,4,True,,,,,,,deltaRIC0,BLS-B
21,33.36119124577202,27.089023510723308,19.471874243956467,91.99902692984851,0.0026104418678458826,0.0019276031104998393,0.0017603275245800265,0.0075319975257369135,4.3538550789999135,4,True,,,,,,,deltaRIC0,BLS-B
22,33.524071033439945,28.048345546293813,18.361744219186463,92.18053102470624,0.002831602339786207,0.002177112237063807,0.0018105673469688303,0.008151133424861675,5.960595672999261,3,True,,,,,,,deltaRIC0,BLS-B
23,35.37787210969595,30.292590936082796,18.274374664791058,100.1355994524214,0.0027717344120805104,0.0022010487728830147,0.001684605577131177,0.007879338264522931,8.812359113000639,4,True,,,,,,,deltaRIC0,BLS-B
24,34.070323673531924,29.43084145656516,17.164280537725876,90.26897043374942,0.002601668710097607,0.001999512174630553,0.0016645212947286514,0.007445505410191116,4.31539223999971,3,True,,,,,,,deltaRIC0,BLS-B
25,32.78101521040984,26.17483929901507,19.735063868552782,94.16002993064608,0.002799143444216929,0.00208248474103281,0.0018704174199007343,0.00783217232807592,3.9703030539985775,4,True,,,,,,,deltaRIC0,BLS-B
26,33.34611319495052,27.370269771648367,19.04813895995209,89.24334831852954,0.0027685482335725953,0.002086332518720708,0.0018199109711594264,0.008157175146397891,5.509771396998985,4,True,,,,,,,deltaRIC0,BLS-B
27,33.381314016320786,26.770714839021213,19.94093659946854,95.57806528224442,0.002813269554093958,0.002060734485443111,0.0019151655188253398,0.008351812790275127,6.403444141998989,4,True,,,,,,,deltaRIC0,BLS-B
28,33.06679416694948,26.927021354498258,19.192404681378477,91.91449999226577,0.002832945930970445,0.002142594101836531,0.0018533410810148547,0.008063975501254223,4.406916330999593,4,True,,,,,,,deltaRIC0,BLS-B
29,33.71358939011429,27.428552861107427,19.603076225701468,103.11583594440773,0.0028975759078517078,0.0021927626088676204,0.0018941325938050678,0.00915498149799025,10.498475237000093,4,True,,,,,,,deltaRIC0,BLS-B
30,33.983719355925636,27.99869649238438,19.26048223668498,95.48032708730372,0.0028221904070406707,0.002208020000296488,0.0017576707233959055,0.007832882494016076,7.934302566000042,4,True,,,,,,,deltaRIC0,BLS-B
31,33.866183181652545,28.0572403768899,18.96601238338373,90.5553744583825,0.002839103180086887,0.0022184171817336675,0.0017717595985258065,0.007830257114811869,9.291706455000167,4,True,,,,,,,deltaRIC0,BLS-B
32,33.14579031913809,27.61159221640622,18.336940616012363,91.04716261419004,0.0028036324463984155,0.002172692269475182,0.0017719376954793715,0.007933878122157787,5.989618875000815,3,True,,,,,,,deltaRIC0,BLS-B
33,32.95212091840339,26.93598439279471,18.981438770867655,89.39352464381803,0.0027809576280867125,0.002103703041511529,0.0018188344735980831,0.00808144284451746,7.128793355999733,4,True,,,,,,,deltaRIC0,BLS-B
34,33.714057301802676,27.42114390494124,19.614242954897293,92.42785151001331,0.0029000077053909622,0.0022468745661431474,0.0018334664914707323,0.008094623513334353,4.588361835998512,4,True,,,,,,,deltaRIC0,BLS-B
35,34.592905676380866,28.696238026031317,19.31825681287879,89.0172066383395,0.002750832189880473,0.0020895474523841676,0.001789097309012965,0.008027475861086498,6.071535844999744,4,True,,,,,,,deltaRIC0,BLS-B
36,33.128393241413924,27.19518527540904,18.918571209103895,91.39597023829575,0.0028622560137977118,0.002200286640220146,0.001830641469373484,0.008034881168087279,4.036988836998717,4,True,,,,,,,deltaRIC0,BLS-B
37,33.43788975670631,27.485680176816683,19.04284266067941,89.80802796790495,0.002783730723169488,0.0020988125676836846,0.0018286996868952373,0.008174489481434137,4.295184529000835,3,True,,,,,,,deltaRIC0,BLS-B
38,33.52286270502401,27.124434154928185,19.698918643287385,97.33010693533686,0.0028672327904991366,0.0021669184809710727,0.0018776283369558212,0.008037364577173835,5.801564938999945,4,True,,,,,,,deltaRIC0,BLS-B
39,33.071778777028136,25.71646264611265,20.794376654465545,94.80451321309312,0.002889875320720092,0.0021574818977683477,0.0019226677378343209,0.00843399732842347,9.56780256499951,4,True,,,,,,,deltaRIC0,BLS-B
40,33.663072752497605,27.83647370095566,18.929690938733014,90.70102815359819,0.002792801055747715,0.002142839937752976,0.0017910820020748276,0.008303588574158385,2.9601732209994225,3,True,,,,,,,deltaRIC0,BLS-B
41,33.196739139477884,27.007440881070586,19.303409713053792,90.49896873950414,0.0027928428298951698,0.002120437892209007,0.0018176122297621916,0.00815441054546487,3.865395251999871,4,True,,,,,,,deltaRIC0,BLS-B
42,33.17982510770266,25.920739716165365,20.712702545649215,95.82124284896969,0.0028975990377037614,0.002148938546986972,0.001943744660333575,0.008476860632597663,5.976147729999866,3,True,,,,,,,deltaRIC0,BLS-B
43,32.947968383159,25.730283580966656,20.579628942735653,96.3283089989753,0.00273001749871896,0.0019757840635631304,0.0018839513999786973,0.007806487305440692,4.354259624000406,3,True,,,,,,,deltaRIC0,BLS-B
44,33.22634909354492,27.156892930073482,19.144018399245173,91.47225125592506,0.0027782448342725577,0.002124853897632246,0.0017898715799965102,0.00786305640130443,5.451634671000647,4,True,,,,,,,deltaRIC0,BLS-B
45,33.2837826373957,27.810563598293253,18.28613515750908,92.67616427784766,0.002714634004599129,0.0020600261014302435,0.001767916921224528,0.007700223723205131,4.362072171999898,3,True,,,,,,,deltaRIC0,BLS-B
46,33.35273353114907,25.973073792298614,20.923772885874243,100.78132017836501,0.0027749315477978115,0.0020385233394285365,0.0018827287881074866,0.008059956233083433,8.305447378999816,4,True,,,,,,,deltaRIC0,BLS-B
47,33.20604294249891,27.030867237725868,19.286614640094818,90.01927040013561,0.0027334818022752548,0.002077165354520609,0.001776881215317796,0.007821593091146923,8.173066342000311,4,True,,,,,,,deltaRIC0,BLS-B
48,33.37177718189293,27.017236369096615,19.58939639841597,92.60594797691802,0.002883789797168281,0.0021875109022385817,0.001879106076526607,0.0082575029076933,5.198359318001167,4,True,,,,,,,deltaRIC0,BLS-B
49,33.33526080850265,26.091012058152412,20.748462664791298,98.20271225390991,0.002768263698145522,0.0019946391274705696,0.0019195568899185477,0.008505257130506497,6.254665626998758,3,True,,,,,,,deltaRIC0,BLS-B
50,33.009260488639974,27.17561945142875,18.737582166277893,88.98050300881411,0.002729632488924302,0.0020788171380394585,0.0017690146497936403,0.00802783643089517,5.928557776998787,4,True,,,,,,,deltaRIC0,BLS-B
51,33.276873072189595,27.000159953713627,19.451006244832072,94.2418516219159,0.0028758057930010727,0.0021729127507291866,0.001883801777464139,0.008515846724390617,6.040223594998679,3,True,,,,,,,deltaRIC0,BLS-B
52,33.00216353038933,25.874658099964112,20.485235314648488,93.09293107499634,0.0027389031479323634,0.002007266557864103,0.0018634568466788294,0.007896910455039173,5.579989369998657,4,True,,,,,,,deltaRIC0,BLS-B
53,33.01446416090549,26.287913105342245,19.97249279378236,98.5054605442851,0.0027549200245855407,0.002040021456970386,0.0018514580192277705,0.008058674570392294,5.739288096001474,4,True,,,,,,,deltaRIC0,BLS-B
54,33.07128466134085,26.65422847090974,19.577077763853897,93.42775827434801,0.0027479847242471256,0.0020746200814749493,0.00180204649280656,0.007773020553256911,5.788179498000318,4,True,,,,,,,deltaRIC0,BLS-B
55,33.52692503986595,26.234223832687363,20.876307205184755,98.62992333273563,0.002756578521393665,0.002004897731735956,0.0018918536491729224,0.007963352732784364,4.235601650001627,4,True,,,,,,,deltaRIC0,BLS-B
56,33.828283995976534,28.266662815203762,18.583556478887974,99.34877393692202,0.002905587266582076,0.0022720996907894322,0.0018110771266951786,0.008167897630225296,9.346160801998849,4,True,,,,,,,deltaRIC0,BLS-B
57,32.90596606851887,26.10046779086621,20.039166250133025,94.72229906726774,0.0028251789719314006,0.002101753002628065,0.0018879275778978593,0.007888501251322814,9.548260018000292,4,True,,,,,,,deltaRIC0,BLS-B
58,34.203936822652274,28.193293244117747,19.366143400769616,101.30698412833124,0.002808973746982857,0.002162935020463232,0.0017922180694582427,0.008073065546769469,4.29127023699948,4,True,,,,,,,deltaRIC0,BLS-B
59,33.14274186679121,27.380241367583007,18.675216761838435,91.96670685524221,0.002691136961882956,0.002002769171633187,0.001797535477471403,0.007669829521731021,8.122696776999874,4,True,,,,,,,deltaRIC0,BLS-B
60,33.08706184239786,27.18330174139782,18.86323852891594,90.54525692743961,0.0025919374993131333,0.0019170232244926121,0.0017444660951424554,0.007447081775206686,6.866708808998737,4,True,,,,,,,deltaRIC0,BLS-B
61,32.98556569227202,27.239835249246386,18.6021213745397,90.54150116827675,0.0026889717204982115,0.0020217843884009,0.0017728386278670456,0.007658577927727123,5.928230227998938,3,True,,,,,,,deltaRIC0,BLS-B
62,33.413323980937385,27.234406483133863,19.35813325107877,91.30825490244959,0.0028407274077899467,0.002152885177225003,0.0018533260962533974,0.008172980005445184,9.383982199000457,4,True,,,,,,,deltaRIC0,BLS-B
63,35.0555597777617,28.9005226909028,19.840666811496938,94.17331030284113,0.002934266989195699,0.0023367793004050695,0.001774650744535945,0.008178426384001571,7.887665455000388,4,True,,,,,,,deltaRIC0,BLS-B
64,33.39308208826735,26.335769069312573,20.531078853328697,94.27134968024981,0.002796041306100544,0.0020421139790481077,0.0019098736822095704,0.007953897318623594,8.415544423000028,4,True,,,,,,,deltaRIC0,BLS-B
65,32.95383411249296,25.619208392670842,20.727067907608376,96.88893725303672,0.0028335987205409196,0.0020998261049941956,0.001902632922514493,0.00790373514019978,2.989682970999638,3,True,,,,,,,deltaRIC0,BLS-B
66,34.020192606443366,26.60593548957471,21.20136084557057,107.85001614434033,0.0030013199070449783,0.0022706466876913686,0.001962672872411674,0.008873081761562134,5.658854617000543,4,True,,,,,,,deltaRIC0,BLS-B
67,33.275884950543656,26.881347248777477,19.61320191433467,92.14975493265241,0.002653377838327016,0.0019425693453874414,0.0018074397061274144,0.008191538129989608,4.037108107999302,4,True,,,,,,,deltaRIC0,BLS-B
68,32.885772747449,26.320858514867147,19.715132671052586,93.07109951372641,0.002778653022469051,0.002077435222170432,0.0018453117668735773,0.008248637498181865,5.984498372001326,4,True,,,,,,,deltaRIC0,BLS-B
69,33.26326487008031,27.66186468211727,18.473387131908225,86.91449169487257,0.002597785885265956,0.00194647256329367,0.001720388347447168,0.007745429560340798,10.863673738998841,4,True,,,,,,,deltaRIC0,BLS-B
70,33.62748292020731,27.57461242998907,19.247035015418003,100.1394916378723,0.002799558407406639,0.0021303617303646324,0.0018163386727917798,0.008681756021287509,3.829790095000135,4,True,,,,,,,deltaRIC0,BLS-B
71,33.32439684597403,26.36565266585911,20.380573707607944,89.93206390459265,0.0026591497735873122,0.0019463566197650164,0.0018118425502968946,0.007932827223549491,3.9065874300013093,4,True,,,,,,,deltaRIC0,BLS-B
72,33.710682165926265,27.41530718480115,19.616600726300398,98.00320637811771,0.0026863854121832982,0.001994539342580102,0.0017995775597876755,0.00806552382699366,6.035947760001363,3,True,,,,,,,deltaRIC0,BLS-B
73,33.95142117540561,27.846223430419943,19.423872952964665,93.2898177759068,0.0027996366366622237,0.0021163003491757935,0.0018328224489621966,0.00790129018556243,7.8916878390009515,4,True,,,,,,,deltaRIC0,BLS-B
74,34.18690643433556,28.434571864949916,18.979454533969427,96.26955628543556,0.0028695082900453335,0.0022701495892004904,0.0017551349433282163,0.007958500333850647,5.938730537000083,3,True,,,,,,,deltaRIC0,BLS-B
75,32.92266478831071,26.728360205112523,19.22229480341073,90.84309508567335,0.002696365460134441,0.0019927562558876228,0.0018164000658518922,0.00813582790396988,3.9638290050006617,4,True,,,,,,,deltaRIC0,BLS-B
76,33.688152837992284,26.845474583623915,20.35220223995256,97.8097597939581,0.002950274095885396,0.0022531120874065822,0.0019046267777270026,0.00799648825381901,5.764836504999039,4,True,,,,,,,deltaRIC0,BLS-B
77,33.94129438234027,27.947099898672032,19.26060932583206,102.84098467535097,0.0027854824205489764,0.00214113475762621,0.0017816998245698788,0.008312061366537879,6.293074241000795,4,True,,,,,,,deltaRIC0,BLS-B
78,33.324958967281304,26.304567478896384,20.460269302215185,99.43427860648326,0.002921766628936655,0.002206106141789546,0.0019156763623134016,0.008165664021232377,5.827655832999881,3,True,,,,,,,deltaRIC0,BLS-B
79,32.88029663654725,26.493883077436596,19.472751895570877,90.20166248597042,0.0027443337597230113,0.0020344421181757435,0.0018418504425028743,0.007906508138959809,6.00276075399961,3,True,,,,,,,deltaRIC0,BLS-B
80,33.88908141197848,27.97843016005261,19.122690310904577,86.3598298736835,0.002581284226805324,0.001994109719359772,0.0016390712878666534,0.007673082565108015,5.926268216000608,4,True,,,,,,,deltaRIC0,BLS-B
81,32.97489703605522,26.182852644516302,20.04500092127683,93.28375437407017,0.0027514225980091516,0.0020080353145768334,0.0018809892312949981,0.00784097727484385,8.225443359000565,4,True,,,,,,,deltaRIC0,BLS-B
82,36.657083132931554,31.978418714095923,17.91989063472806,90.54563852267485,0.0028936205372668876,0.00236372093149779,0.0016690905223180471,0.008193447958941311,8.23686384299981,4,True,,,,,,,deltaRIC0,BLS-B
83,34.076817412407785,29.1069324323576,17.720495741845035,91.65319172871162,0.002784903149770181,0.00217439605664391,0.0017400250982245312,0.00828580078103135,6.711287774000084,4,True,,,,,,,deltaRIC0,BLS-B
84,32.77100902081975,26.85894844151869,18.77593994607167,89.16588461998057,0.002694660678134565,0.002012776207217296,0.001791627224046507,0.007876264197959951,3.7770082619990717,4,True,,,,,,,deltaRIC0,BLS-B
85,33.1397601556529,27.18770107841676,18.949211414854606,93.37477563032841,0.002850328292735145,0.002173973324220725,0.001843423815063464,0.007941295055250751,7.94919329899858,4,True,,,,,,,deltaRIC0,BLS-B
86,33.40837465190024,26.604437356572625,20.207013876917426,92.90431465078832,0.0026597529870030193,0.001940062053364206,0.0018194628825474143,0.007586272656120677,10.650968511999963,4,True,,,,,,,deltaRIC0,BLS-B
87,33.201734271395104,26.574625383926975,19.903377711641713,93.95465573318697,0.0027963634282906803,0.002105960294906607,0.0018397227126277713,0.007873329045341139,5.762351402001514,4,True,,,,,,,deltaRIC0,BLS-B
88,34.140217700995684,27.50636012088255,20.22262637670244,91.8179678844432,0.002907508464075318,0.002243208653842069,0.0018497622560744574,0.008402421593067092,7.965236449999793,4,True,,,,,,,deltaRIC0,BLS-B
89,33.394328663339245,27.733193723899934,18.602450181300263,92.44769976587332,0.0026866434618756214,0.0020646845311020515,0.0017190494112348622,0.007515515582718653,2.871557047999886,3,True,,,,,,,deltaRIC0,BLS-B
90,32.96900850674099,26.439899539741052,19.694852988686176,95.37927669830192,0.002734882947365511,0.002000863613224122,0.0018644381290529258,0.008455496382576378,6.1023623639994184,4,True,,,,,,,deltaRIC0,BLS-B
91,33.30835860340008,27.722004047063415,18.46448603312032,89.8925498749702,0.002829273310570099,0.0021793882082879095,0.0018041769601344275,0.00805156070524227,6.196581582000363,3,True,,,,,,,deltaRIC0,BLS-B
92,33.18268677273823,26.45987964384045,20.02412222024063,100.24771523798607,0.002825014868017673,0.0021228345785003233,0.001863942691405577,0.008166451300656997,5.682153732999723,4,True,,,,,,,deltaRIC0,BLS-B
93,34.09523963909743,28.702579912508753,18.402371380165377,98.25189921766228,0.002848647491191186,0.0022297938042457233,0.0017727978225441346,0.008498189995464934,11.127761866000583,4,True,,,,,,,deltaRIC0,BLS-B
94,34.09043312385662,29.07444441723721,17.799840235269667,92.5543028688212,0.0029063324603004694,0.0023184778696431494,0.001752549211226647,0.007913951300680209,3.9571145600002637,4,True,,,,,,,deltaRIC0,BLS-B
95,33.05321292497421,27.005116771167778,19.058818243513297,91.09221482966029,0.002812804837760093,0.0021238855268695335,0.0018441749711132908,0.008092932772903435,4.158298366999588,4,True,,,,,,,deltaRIC0,BLS-B
96,33.532393703933295,27.368385645500734,19.37505857216268,89.95943933117213,0.0027547696957680836,0.002126337287892164,0.0017514125198940364,0.007782886237533522,6.094314968000617,4,True,,,,,,,deltaRIC0,BLS-B
97,33.272943896193894,26.49980301282592,20.12086568218894,92.05614545452487,0.002862260187737856,0.0021734574453684393,0.0018624221099100076,0.008043057498438788,8.716462274998776,4,True,,,,,,,deltaRIC0,BLS-B
98,32.883620187418764,26.888552246951363,18.92982394776512,89.76036352215061,0.002794083744771932,0.002123414361804977,0.0018160438928834029,0.008085797322098102,8.38305856000079,4,True,,,,,,,deltaRIC0,BLS-B
99,33.11456637729335,26.058092885073126,20.434047605627935,96.70858618066032,0.0027854708794104914,0.0020571314985459773,0.0018780463300285856,0.00795337473073406,4.343778087999453,4,True,,,,,,,deltaRIC0,BLS-B
100,33.25486397218693,26.763429318953417,19.73840998910604,95.16993823358278,0.0027569111234784192,0.0020580079881068374,0.001834437805881542,0.0077840446383473285,6.1238440750003065,4,True,,,,,,,deltaRIC0,BLS-B
101,33.804485672046,27.91770739820637,19.061607098555367,94.85176327046142,0.0028720552523127546,0.0022475829969589678,0.0017880358061622328,0.007898887539241846,5.780170823001754,4,True,,,,,,,deltaRIC0,BLS-B
102,32.97496211893763,26.860017029793248,19.128188934255867,94.95343730853357,0.0027895505962270348,0.002094315837602991,0.0018426702638496895,0.007848876712878563,5.954780595999182,4,True,,,,,,,deltaRIC0,BLS-B
103,33.175321068962624,26.62683514430229,19.78922884366402,91.7038962802709,0.0027914878612190176,0.0020525483026863868,0.0018919434305687784,0.008195892567249095,8.594104281999535,4,True,,,,,,,deltaRIC0,BLS-B
104,33.72210816051018,27.530867035026315,19.473878378198023,98.68476969892953,0.002706241134533531,0.0020687806331038732,0.0017446741157980397,0.008008315381747058,7.952799710999898,4,True,,,,,,,deltaRIC0,BLS-B
105,34.10197618188119,28.27367528413348,19.066831552121382,101.50409536447405,0.0028829622294402894,0.0022541107501929183,0.0017973469176105212,0.008195594996458567,8.99176122300014,4,True,,,,,,,deltaRIC0,BLS-B
106,33.044355466001505,26.301362462304045,20.004193580096338,92.6491402359253,0.0028124688788943876,0.0020851216278505004,0.0018873921139550029,0.00801669870391564,3.8879692919999798,4,True,,,,,,,deltaRIC0,BLS-B
107,33.452731838984185,28.23679953410092,17.937904547688508,92.91096766354936,0.0027542766262217896,0.0021249634205591328,0.0017523042529872812,0.007727497448371907,4.693036093000046,3,True,,,,,,,deltaRIC0,BLS-B
108,33.636064409849155,27.857690521623066,18.85030259133771,94.212568751434,0.0027550809958851166,0.002138757275258107,0.0017367177696499352,0.0076287210390879635,3.779704481999943,4,True,,,,,,,deltaRIC0,BLS-B
109,33.60859931917225,27.834674767258136,18.83530803564489,95.9432492519272,0.002751792090009364,0.0020542798590713137,0.0018309270786276684,0.008547644115639203,7.890622130998963,4,True,,,,,,,deltaRIC0,BLS-B
110,33.10518834446869,26.20263986565362,20.233021509245848,96.0752697469053,0.002947763386709443,0.0022316404272921305,0.0019258997864115676,0.00855789252544601,5.927804692999416,4,True,,,,,,,deltaRIC0,BLS-B
111,33.854633367591,28.96217486233242,17.530790846327672,92.67663204788397,0.0026444718032089896,0.002058583838538739,0.0016599589445749911,0.007699549237229943,4.6952824689997215,4,True,,,,,,,deltaRIC0,BLS-B
112,32.98011257937113,25.732574486600463,20.62819517164681,91.91860031471354,0.002817172104574343,0.0020783736448029585,0.0019017943262562066,0.008068398921101685,6.025780214000406,3,True,,,,,,,deltaRIC0,BLS-B
113,33.321456702125985,27.386211886167057,18.981961839536464,94.95282647358529,0.002832592621323563,0.0021490616263300324,0.001845295392237354,0.00862579280802787,5.985557400999824,4,True,,,,,,,deltaRIC0,BLS-B
114,33.49539904457068,27.573683972994335,19.016669248647666,89.01920271669827,0.0027728468163600688,0.0021323299613571754,0.0017725259949847492,0.008034335332527277,8.67871353800001,4,True,,,,,,,deltaRIC0,BLS-B
115,32.765557064349906,26.487834048355086,19.28668911876714,89.47793371391961,0.0027353279355773804,0.002047815513231483,0.0018134140561158368,0.007935340544132351,8.232438772000023,4,True,,,,,,,deltaRIC0,BLS-B
116,33.94856323700373,28.947355660028737,17.73571386070049,93.86653713273918,0.0026833834021586424,0.0020641005609347996,0.0017146531303237787,0.007663250138439978,4.356419925999944,3,True,,,,,,,deltaRIC0,BLS-B
117,33.288312560606855,26.16401567305206,20.580477083705862,92.54717596856094,0.002849308170003493,0.0021074592751216844,0.001917595486892957,0.008195227096595955,4.0049905739997484,3,True,,,,,,,deltaRIC0,BLS-B
118,33.6164008635883,27.567373343420368,19.2380439225493,97.40352497616855,0.0028633362474015838,0.002212052573940947,0.0018181083234518828,0.007915836883526697,4.38079103400014,3,True,,,,,,,deltaRIC0,BLS-B
119,34.091010461265306,27.72007748260822,19.84425102210454,94.6612441030596,0.002896725931630912,0.0022649942679068163,0.0018057746507613396,0.007864113766904273,7.9476094620004005,4,True,,,,,,,deltaRIC0,BLS-B
120,34.53073888851714,29.0515914408007,18.66485903894658,91.97906947843951,0.0028946505791546343,0.00223043472143446,0.0018450373787053322,0.008334725229136811,4.141429680999863,3,True,,,,,,,deltaRIC0,BLS-B
121,33.59765337807298,26.72033498194112,20.367277946892965,100.29194182165769,0.002851061091219247,0.002091430742716205,0.0019376446511901568,0.008278509752531703,4.177909889000148,4,True,,,,,,,deltaRIC0,BLS-B
122,32.97610126167572,26.88759711950041,19.091369137904294,92.17942424241112,0.0026764814561184482,0.0020121435653162796,0.0017648884546911793,0.007605732033791868,4.419483332998425,3,True,,,,,,,deltaRIC0,BLS-B
123,35.385343036404734,29.758584314955943,19.145473652372655,100.36742381082117,0.0030497348604671616,0.002420097992715517,0.0018558039833999123,0.008097700820510338,5.737969751000492,4,True,,,,,,,deltaRIC0,BLS-B
124,32.87372596151462,25.753156986876096,20.431758705556295,95.37539643376574,0.0027643692626268235,0.0020163477843820397,0.0018910523611401163,0.007787285250585338,5.727090230999238,4,True,,,,,,,deltaRIC0,BLS-B
125,33.52243533431446,27.782654345745108,18.758405802416814,89.88467156440595,0.0026880421278021797,0.0020096889751679867,0.001785138847240605,0.00807542387703177,5.977794218999406,3,True,,,,,,,deltaRIC0,BLS-B
126,33.797474828980704,26.611699547573824,20.834748666716465,103.60946033100649,0.0028373831184519433,0.0021133611156298458,0.0018932637840036574,0.008342669795789657,8.402039006999985,4,True,,,,,,,deltaRIC0,BLS-B
127,33.897916676974766,27.030269177481387,20.45564233242318,94.16721162070262,0.0027787246760594022,0.002046370975331654,0.0018798076116085935,0.00826185089701461,4.362461419999818,3,True,,,,,,,deltaRIC0,BLS-B
128,33.13003893924835,26.788485478159867,19.492986582423168,95.63208135878153,0.00280103636739582,0.0021235402188603397,0.001826576489051732,0.007930149678072394,6.001810476000173,3,True,,,,,,,deltaRIC0,BLS-B
129,33.96247253138938,28.339766028105327,18.716495449672873,94.03373138930844,0.002822294851206724,0.0022233649399573136,0.0017383890735150735,0.007816464721449505,5.805212672001289,4,True,,,,,,,deltaRIC0,BLS-B
130,33.91186918529003,27.077377048869796,20.416427792186433,104.785099161261,0.0028036214453294743,0.0020542753385150627,0.001907942882342172,0.008494447704500911,3.9129256200012605,4,True,,,,,,,deltaRIC0,BLS-B
131,33.71234706244885,27.92637066620107,18.884919006258617,89.79469359897371,0.0027710490411484616,0.0021418092459947356,0.0017582280688867614,0.00796883378279971,4.941480712001066,3,True,,,,,,,deltaRIC0,BLS-B
132,33.23859043839952,27.079476126813585,19.274487464754987,89.38719026691925,0.0026913005353650004,0.0020253496802009265,0.0017723028083727517,0.0079069339122805,11.571626999000728,4,True,,,,,,,deltaRIC0,BLS-B
133,33.97354840142502,28.36404650778287,18.699809001385514,88.73453661767594,0.0027550589727126547,0.0021641289132588344,0.0017049621667126946,0.0077564473773001,4.776432802000272,3,True,,,,,,,deltaRIC0,BLS-B
134,33.44856826372814,27.23758897171332,19.414439623673996,92.63389646563934,0.0029442639219974436,0.0022901107210704587,0.0018504277688183104,0.008289868442356806,8.876001307999104,4,True,,,,,,,deltaRIC0,BLS-B
135,32.99748161965193,25.746428372545086,20.63868259595734,91.41996663782656,0.002794814166774051,0.002038688967368338,0.0019117357351714566,0.008147262377895495,5.79820630300128,4,True,,,,,,,deltaRIC0,BLS-B
136,33.773278117218055,28.19531135876207,18.591899638429172,93.42298441596654,0.0027826521602510685,0.002149356997873561,0.001767319309191718,0.007841937480480596,6.451494187000208,4,True,,,,,,,deltaRIC0,BLS-B
137,33.5130526130806,26.451386331543898,20.57787298499341,92.76868688213655,0.0028418989959503845,0.002081815294892971,0.0019345374075301557,0.008248974031667567,4.329978686999311,3,True,,,,,,,deltaRIC0,BLS-B
138,32.70543850120512,26.18292195295661,19.598477123529094,90.02569151139392,0.002749602115624588,0.00202909796426549,0.0018555520056470673,0.008113785384378364,6.0360011989996565,3,True,,,,,,,deltaRIC0,BLS-B
139,32.71548134931269,26.027466859986543,19.82104156621263,92.46441759193816,0.0027531217297651484,0.0020113208519782887,0.0018799648106553415,0.008285639431198977,3.8682634979995782,4,True,,,,,,,deltaRIC0,BLS-B
140,33.982607329953815,28.15471789410927,19.02969945230228,92.22104510579462,0.0028842023625438164,0.002269208898088856,0.001780256791852707,0.008354016755527494,8.781527434000964,4,True,,,,,,,deltaRIC0,BLS-B
141,32.92788091960774,26.185197357571518,19.964488002473203,93.21004477535256,0.0028214075962435495,0.002092213279896917,0.001892877284866557,0.008050904582234881,7.99674249599957,4,True,,,,,,,deltaRIC0,BLS-B
142,33.78273318203757,28.655872748273584,17.891730444076494,87.19301040603108,0.0026034305079244897,0.002003267047637078,0.001662760218866025,0.007568721468990916,5.928217274000417,4,True,,,,,,,deltaRIC0,BLS-B
143,33.171258728991475,26.170515465247725,20.382260079513337,97.69671238364802,0.00282970111804784,0.0020687579403602997,0.0019306602501935467,0.008552420810880106,3.9572297539998544,3,True,,,,,,,deltaRIC0,BLS-B
144,32.98527142046925,26.61534945068203,19.484642780921227,92.04019517409873,0.0027431993803877746,0.002058584507132302,0.001813111322438512,0.00813489280387875,4.434203506998529,3,True,,,,,,,deltaRIC0,BLS-B
145,34.284014642917064,28.630944861725762,18.85902055676728,91.51034987555038,0.002794722688802175,0.0021443519025776763,0.00179226946222301,0.0079823477458638,6.027975929999229,3,True,,,,,,,deltaRIC0,BLS-B
146,33.04857772759194,27.043795696119982,18.995831231173018,94.22685150540116,0.0026877573306529168,0.002001895187140442,0.0017934478325790316,0.008322924052906275,6.6597098049987835,4,True,,,,,,,deltaRIC0,BLS-B
147,33.20055474995308,26.91435365492724,19.439506244813327,96.86835489661364,0.002759021851593273,0.0020525948867516253,0.0018436528437995735,0.007871538680001356,4.236556483998356,4,True,,,,,,,deltaRIC0,BLS-B
148,33.15008306976335,26.620451719987766,19.755494368808154,95.05868286550925,0.0026791074063467583,0.001985823173541798,0.0017983667084792345,0.007691947757945581,5.767806231000577,4,True,,,,,,,deltaRIC0,BLS-B
149,32.83939903228276,25.930621879467054,20.15016073746308,91.3581650053032,0.002712914149223615,0.0019787902314481478,0.0018558804921069345,0.007936107091520839,6.694520860999546,4,True,,,,,,,deltaRIC0,BLS-B
150,35.615012912330755,31.408865625600036,16.790244335878107,91.15453779355498,0.0029768570921473786,0.0023914349870820433,0.0017727709523872657,0.008314006053456766,8.231092482999884,4,True,,,,,,,deltaRIC0,BLS-B
151,33.910505437090244,28.660874601701835,18.12392468712144,96.25567160920185,0.002746821199146483,0.0021170057472318176,0.001750232374934248,0.007818742053990042,4.423303695999493,3,True,,,,,,,deltaRIC0,BLS-B
152,33.19380157603366,26.86812739439832,19.491849409111413,92.95554214914542,0.0026634483241916394,0.0019823828444434357,0.001778796006768512,0.00763195939158071,6.683201124000334,3,True,,,,,,,deltaRIC0,BLS-B
153,33.46412881030371,26.933262285275045,19.860697362005684,94.59134776252077,0.002858061232398754,0.002137464944715144,0.0018973027218276396,0.008483291296920896,6.465107087000433,4,True,,,,,,,deltaRIC0,BLS-B
154,33.349183708277465,26.90658556218633,19.70288576308519,94.9398601401405,0.0028856218592013677,0.0022242431509989008,0.001838356853153174,0.007924838706338548,4.611759164999967,3,True,,,,,,,deltaRIC0,BLS-B
155,32.846796035731884,25.824888896811316,20.29746593248339,92.13316543104791,0.0027690146298827143,0.002017108822816362,0.001897027679666508,0.008202004137904582,6.1982554770002025,3,True,,,,,,,deltaRIC0,BLS-B
156,33.522720664566,27.65388489583458,18.948230812465123,98.15900375130204,0.0026446797222991086,0.001969140507505886,0.0017654507909425146,0.00790159344114882,10.343027896000422,4,True,,,,,,,deltaRIC0,BLS-B
157,33.004934931122754,26.694310006721075,19.409779573006947,88.33786026180698,0.0026007706345687544,0.001919050054199165,0.0017553503305931103,0.007891546085908356,5.327475203999711,4,True,,,,,,,deltaRIC0,BLS-B
158,33.41096298818784,27.105502910598688,19.534179270232563,101.75156980788391,0.0028079868131751814,0.0021248907775597266,0.0018356549584296424,0.008339088073931944,7.961015740000221,4,True,,,,,,,deltaRIC0,BLS-B
159,33.50418702576206,27.574991521265677,19.03024936408792,92.51903768810209,0.002877456130149152,0.002224268075812649,0.0018254822124177572,0.008174718651773013,8.79743794100068,4,True,,,,,,,deltaRIC0,BLS-B
160,34.326221813302816,27.387136107757414,20.69382226151651,94.62211203443695,0.0030147519446161743,0.0022991322051389026,0.0019500565096581513,0.008320641505129909,6.023163384999862,4,True,,,,,,,deltaRIC0,BLS-B
161,33.99569162635081,28.013483480807267,19.26010883729573,93.08243491201657,0.0027811919277105834,0.002099660127784731,0.0018238574194693832,0.007811717017000861,4.540414364000753,3,True,,,,,,,deltaRIC0,BLS-B
162,34.96077422000189,28.124654951262343,20.766788820960816,97.60708131442395,0.0029793364526250862,0.0022796655608904957,0.0019182206933589406,0.008118108563678882,5.933856622999883,4,True,,,,,,,deltaRIC0,BLS-B
163,32.91218076506691,26.62472672767054,19.3477536005942,89.06738065510139,0.002744360538087923,0.0020505808709380107,0.0018239059336372983,0.007979352026356575,4.406087766999917,3,True,,,,,,,deltaRIC0,BLS-B
164,33.21368330411374,26.690947108868084,19.767197602532594,92.17518673689577,0.0027438222069127082,0.002023312979892297,0.0018533118702869947,0.007872986885238532,5.9130158810003195,4,True,,,,,,,deltaRIC0,BLS-B
165,33.54991602064207,27.541936634028385,19.158251262557894,94.0969457202733,0.002907081670940822,0.002221391593387386,0.0018752448454396385,0.007971220028107566,6.24742460699963,3,True,,,,,,,deltaRIC0,BLS-B
166,33.4940333345916,26.776903619082375,20.120827557362198,94.79583544569276,0.0028148448619549284,0.0020777818853389644,0.0018989928998896539,0.008564442674561575,6.122214045999499,4,True,,,,,,,deltaRIC0,BLS-B
167,33.32585972073898,26.12449257049038,20.691153038455006,95.49761280224885,0.002746497924421248,0.001979188590951396,0.001904222510710881,0.007819503286918841,7.9854258699997445,4,True,,,,,,,deltaRIC0,BLS-B
168,33.2191951239431,26.80638912658859,19.61969486705943,97.19416816632075,0.0027988736056829312,0.002078130612996773,0.0018748510916641427,0.008042946954080333,3.8431803149996995,4,True,,,,,,,deltaRIC0,BLS-B
169,34.104528614307284,28.468277892966306,18.779670545910815,88.18610064651091,0.002725674382081274,0.0020691823334772347,0.0017741999064253841,0.00795132822456168,8.695709088000513,4,True,,,,,,,deltaRIC0,BLS-B
170,35.12949052370188,29.532798854842714,19.023535324809135,94.24013571899553,0.0028221509869402884,0.0022118315443604613,0.0017528084357567603,0.007873929621363839,5.403777634999642,4,True,,,,,,,deltaRIC0,BLS-B
171,33.476797266985734,28.079133033797408,18.227952252657765,86.58823053022158,0.002574751659238997,0.0019271397406883776,0.0017074772404379215,0.007651135507669612,6.006548897999892,4,True,,,,,,,deltaRIC0,BLS-B
172,33.66986333732089,28.0344498192224,18.647501722412212,92.4998366287235,0.002786195210806837,0.0021715839402492772,0.001745596443389588,0.007704863833504497,4.442663932999494,3,True,,,,,,,deltaRIC0,BLS-B
173,33.478313712979485,26.934024114486917,19.883556876597996,99.20678854367492,0.0027960602742896144,0.0021304691325409663,0.001810815930112903,0.008057218066089208,6.938473079000687,4,True,,,,,,,deltaRIC0,BLS-B
174,34.70964314459583,29.347083903479586,18.533968641047117,98.68799503281174,0.002761095786251738,0.0021384788684716224,0.0017465846873133386,0.00801171670344924,8.205412154999067,4,True,,,,,,,deltaRIC0,BLS-B
175,33.34796094147573,27.549701549300778,18.790967071937672,89.42245367395658,0.0027074133166488513,0.0020726155143125004,0.001741939091070254,0.007733303456221719,6.0332187540007,3,True,,,,,,,deltaRIC0,BLS-B
176,33.075184293728036,27.128572967506457,18.921108445615747,89.28630046484679,0.002758054889681118,0.002108782663323652,0.0017776114461151313,0.007959681039124335,4.019064848000198,4,True,,,,,,,deltaRIC0,BLS-B
177,33.11433005880455,26.4112958507646,19.975042095746158,97.27368235982507,0.002677634360104513,0.0019579567432593584,0.0018265079134615078,0.007968759542475248,5.825715222999861,4,True,,,,,,,deltaRIC0,BLS-B
178,33.09508785652272,25.828739459184387,20.692053019952585,94.15859656650512,0.002746156986799783,0.002018813151125067,0.0018616583083352705,0.007843162734547863,6.52720002499882,3,True,,,,,,,deltaRIC0,BLS-B
179,32.8477151398994,26.043237065932246,20.01804668392071,93.50474612133367,0.0027248042542467772,0.002005041629296497,0.001845092487857827,0.007784521350841993,5.962950411001657,4,True,,,,,,,deltaRIC0,BLS-B
180,33.647664893428505,26.788060707934903,20.3608731710714,95.9877756779722,0.0029404135581723788,0.0022439549719792335,0.0019001836692313782,0.008425691858203606,9.202703020000627,4,True,,,,,,,deltaRIC0,BLS-B
181,33.74826694150294,28.267338826854306,18.436460538909177,93.1678749193937,0.002753672595851931,0.002104447038306961,0.0017759547933736866,0.008165005255668885,3.943451795999863,3,True,,,,,,,deltaRIC0,BLS-B
182,33.78573720546704,28.28979008483612,18.470620332646867,93.94179934603709,0.0028337980074120907,0.0021709633857505835,0.001821353651695106,0.008521189693077046,4.434220510000159,3,True,,,,,,,deltaRIC0,BLS-B
183,32.80766813094145,25.749180064698372,20.330342205327764,91.39861025791534,0.0027732075920256453,0.0020106774584853476,0.0019099362571582282,0.008081931720641347,8.006168030999106,4,True,,,,,,,deltaRIC0,BLS-B
184,33.31641905066394,26.886941981866713,19.67425041070628,91.53676746339535,0.002883894719625217,0.0022101853396397347,0.001852546765489012,0.008199826106531732,4.052010549999977,4,True,,,,,,,deltaRIC0,BLS-B
185,34.21240638909375,27.596747712450277,20.22148032731217,96.92519405273924,0.0028240485063248787,0.0021817185695609145,0.0017931408336516281,0.008009249505419057,5.8467683130002115,4,True,,,,,,,deltaRIC0,BLS-B
186,33.53491864597173,27.92445067788557,18.569217079087597,91.54378063953936,0.0027031816954597113,0.002082624106885445,0.001723330527811784,0.008083619747096642,7.966404300001159,4,True,,,,,,,deltaRIC0,BLS-B
187,32.96694865707029,26.183692070119665,20.030825577970102,97.34311700066097,0.0028159915820883527,0.002088937164465021,0.0018884252999018254,0.00805824288842939,5.929717241999242,4,True,,,,,,,deltaRIC0,BLS-B
188,33.43305941164317,27.264143663431785,19.350347074980714,91.14285444063476,0.002721726023346876,0.0020671240720976205,0.0017705339919691324,0.007825396610405029,7.950837693000722,4,True,,,,,,,deltaRIC0,BLS-B
189,34.495106334186275,28.50503320604358,19.426153580397003,96.03651681394048,0.0028465922617277152,0.002208359207861772,0.0017961729074841971,0.007928577749566776,6.508677108000484,4,True,,,,,,,deltaRIC0,BLS-B
190,32.848562516751265,26.78271275456943,19.018789575657536,90.10475477181342,0.0027563277937051774,0.002077418442261484,0.0018115395447252927,0.00804887285099,6.159797165000782,4,True,,,,,,,deltaRIC0,BLS-B
191,34.17303774909187,28.737194803416386,18.49243477293771,96.1832006456848,0.003010259488460406,0.0023842943858150708,0.0018376078117042934,0.008491948171545765,6.041481868998744,3,True,,,,,,,deltaRIC0,BLS-B
192,34.078635203092055,28.049225474573053,19.354439479922622,97.04245765701332,0.002519275367903614,0.0018929808036283974,0.0016623393325131532,0.007732653700163546,8.040673109000636,4,True,,,,,,,deltaRIC0,BLS-B
193,32.96986121979258,26.506457666949938,19.606617525788927,95.29075346269353,0.0027906940024014235,0.0021054685173727615,0.0018316591761000246,0.007825908540239325,4.331648569999743,3,True,,,,,,,deltaRIC0,BLS-B
194,32.96957029977868,26.384758810299417,19.769599598231014,93.48859278121625,0.0027547009550325883,0.0020520101031916145,0.0018378334766939552,0.007783192110673127,4.41987429099936,3,True,,,,,,,deltaRIC0,BLS-B
195,33.99355707245506,28.164491273075537,19.034793242037367,91.74558835990494,0.0029187073797776538,0.002258828993530272,0.001848389663127219,0.008216523261151855,2.861563854999986,3,True,,,,,,,deltaRIC0,BLS-B
196,33.04121060816305,26.351221645384108,19.93325653898093,90.03997820251688,0.0027722734789704054,0.0020358868587707613,0.0018816654698663084,0.008089955881354857,5.782575090001046,4,True,,,,,,,deltaRIC0,BLS-B
197,32.87466847393315,25.977485897684275,20.14730884526836,96.32505709474853,0.0028497842637127324,0.0021051902135928724,0.0019207926786349214,0.00858600704959609,8.238735048000308,4,True,,,,,,,deltaRIC0,BLS-B
198,33.44626350052217,27.153443049001325,19.528007392742442,91.66734218890494,0.0026284804624609037,0.0019615812521431913,0.0017496023927678645,0.008149520932151795,2.9723773620007705,3,True,,,,,,,deltaRIC0,BLS-B
199,32.931604020033575,25.20421180325331,21.195241227903924,92.31940373302105,0.002797794145713213,0.0020264791107346227,0.0019289983140333066,0.008145421696299846,6.277802454000266,4,True,,,,,,,deltaRIC0,BLS-B
200,33.46753898434919,27.595735015033892,18.935458131478242,91.51588342966204,0.0028152021635182477,0.002122296483926125,0.0018496542530409923,0.008169009188265595,6.107804245999432,3,True,,,,,,,deltaRIC0,BLS-B
1,13.931526311139708,11.661739128376023,7.6217626478185165,38.76450428551524,0.001322707278439728,0.0011381597777502558,0.0006739041955270203,0.003476904815779928,11.266626009999527,5,True,,-0.0012644380224139076,0.0012136643133981695,0.002375483594497774,0.0029520682386879726,-86.24220570512261,deltaRIC0,BLS-G
2,15.513362639944045,13.317969534496717,7.95588510956694,47.13020211191145,0.0015419359696096306,0.0011999266230937125,0.0009683711238811861,0.0054350582823792125,8.762380832999042,4,True,,-0.003098029873364865,0.000686820398611632,-0.000453778093146383,0.003205530519903021,68.91145499622507,deltaRIC0,BLS-G
3,15.432283199223964,12.349580550414448,9.254362483168434,52.762286682846536,0.0016264765079427028,0.001335732983208002,0.0009280319113369648,0.005536741589039657,6.375620061999143,4,True,,-0.0031813836873642136,0.0005000154303356783,0.0004601348158945556,0.003253143348455338,-67.10539221548242,deltaRIC0,BLS-G
4,13.976463627632825,11.38226192144859,8.110835289049135,47.285222564353155,0.0015741883817638523,0.00134534173426672,0.0008173889400527209,0.00504002300718311,11.858358794999731,5,True,,-0.0025388357534092145,0.0007517454467254948,2.8456839877454527e-06,0.0026477946101196755,-15.666247712179029,deltaRIC0,BLS-G
5,13.880052086495187,11.592025555424815,7.634185578448916,49.73577904839727,0.0015711693190747324,0.0012777150921331728,0.000914339746777354,0.005384511477319836,9.180485240000053,4,True,,-0.0037045225807736427,0.0005786820481238636,0.0005772814038504475,0.003793628116132917,3.2092838779717567,deltaRIC0,BLS-G
6,15.50417627510887,14.017107846378224,6.625720307457201,42.2442519816751,0.0015213295784390344,0.0013429035134215894,0.0007148802975837569,0.004620071019755976,12.846066893998795,4,True,,-0.0034434698277956265,0.0007863536869184879,1.5464679610461333e-06,0.003532115367231412,-164.77083897721604,deltaRIC0,BLS-G
7,13.09942222984932,10.908177971093902,7.253034958333807,44.34353185820061,0.0012301233673989989,0.0010003720643084796,0.0007158625789718608,0.004066580690456904,15.832289006000792,5,True,,-0.00030175493430594874,0.0015142733598413486,0.00038939136819962845,0.0015923898663115048,29.79812381755619,deltaRIC0,BLS-G
8,16.451234964597365,13.503446444624219,9.396811479302771,56.06660502842084,0.0014588572999087853,0.0011626420568224354,0.0008812083006899378,0.004975426332899874,15.74687084299876,5,True,,0.0009562862723231829,0.0017142669609514782,0.00015015614222026023,0.001968690304514668,79.23974901069596,deltaRIC0,BLS-G
9,14.590220009620325,11.68208869956072,8.740899470004276,50.18337772579023,0.0013134025695974013,0.001019188678192131,0.0008284206347442303,0.004319459091733352,15.83119079899916,5,True,,-6.53150095337729e-05,0.0014530354036006755,-0.000266058069172629,0.001478636138730297,-101.1758000177797,deltaRIC0,BLS-G
10,11.174432772804183,9.56947308884568,5.770020155578183,35.52105180026403,0.0011471022960330096,0.0009636806621917261,0.0006222244441372571,0.0029620889075810523,9.3405101190001,4,True,,-0.001962262678210783,0.0010939618839677949,-0.0002657997619076656,0.002262272515702627,221.33075145762996,deltaRIC0,BLS-G
11,16.212234683873064,15.151587637016632,5.767663783784683,31.93416404235387,0.001322431072708376,0.0012095393205124008,0.0005346387324156622,0.00293844961002271,13.471343277000415,4,True,,-0.001931796857561507,0.0011350318749899432,0.0005544228165044135,0.002308142351673394,28.958386553706077,deltaRIC0,BLS-G
12,15.239438141276962,12.030234913476605,9.354887641675637,57.010652964932845,0.0016966048198269706,0.0013479670389809962,0.001030268303152588,0.006061360424762621,9.353234122001595,4,True,,-0.003227874551125239,0.0005121662024229201,0.0015129922303837892,0.003601476617431799,51.553451584870345,deltaRIC0,BLS-G
13,13.21360412728896,11.735020717395065,6.073600480358945,37.738355984083576,0.0014470047894263416,0.001231751481079855,0.0007593491617697057,0.003503181215587874,16.644716681999853,5,True,,-0.002253322940457191,0.001055265576277342,0.00044089905537322415,0.0025269431508238554,-242.54567159749422,deltaRIC0,BLS-G
14,11.055195599367883,9.716333649046769,5.273538675375814,32.74996180202946,0.0012462912612498794,0.0010900095778646856,0.0006042524538891547,0.00303189869072238,7.585629298999265,5,True,,-0.0022461059995913632,0.0010407296063712666,0.0006560049064940376,0.002560947619988011,-2.5695130835374584,deltaRIC0,BLS-G
15,13.857820395851963,12.789789347415589,5.334835946158549,30.30519595138191,0.0012280359031327577,0.0010794756678484,0.000585495057115207,0.0032442657647970426,15.557617616001153,5,True,,-0.0020195597195496726,0.0010053010402719031,0.0005676388397651094,0.002326255681306163,39.64554450786818,deltaRIC0,BLS-G
16,15.45025084632676,12.689738489495102,8.813670534042407,50.18217282831841,0.001406649031587261,0.0010818535778996036,0.0008990296624979654,0.004400624731792945,12.602840845998799,4,True,,-0.0009638960905965395,0.0009617820584184132,0.0019092438008246426,0.0023450655198416484,13.707280978203926,deltaRIC0,BLS-G
17,13.483685722923042,11.801925399303085,6.521068742456511,35.42228439116583,0.0013008946464168887,0.0010780801388276787,0.0007280591290145431,0.004027451623754431,7.765562336000585,5,True,,-0.002026204240053594,0.0008999526035777433,0.0018798796122516442,0.002906779260222027,72.66409885784378,deltaRIC0,BLS-G
18,17.47338849390564,15.894969583922759,7.257358154667887,44.07631006177224,0.0019237784670631094,0.001737181072926931,0.0008265140713866427,0.004958842481640939,11.623321131000921,5,True,,-0.0031658677170044434,0.0008863878374491335,-0.00021192238436377968,0.003294436658511301,-295.48488043094403,deltaRIC0,BLS-G
19,14.317275220885648,11.405157639629074,8.654868512334357,46.414863698402286,0.0012646463978085761,0.0009948619198197777,0.0007807562180237271,0.00396473676487969,11.591762066000229,5,True,,-0.0014143957873519277,0.0008854736835121323,0.0010326172815555944,0.0019623652915904035,-50.428382229438284,deltaRIC0,BLS-G
20,12.681108768540534,11.447360807942347,5.456047116030171,33.53372348146788,0.001280489553064061,0.001070090744406615,0.0007032490982870122,0.0034256070933935388,9.014476505000857,6,True,,-0.0020519362275919738,0.0010163888470562823,9.119034554310732e-05,0.0022916815332076684,76.28003013704438,deltaRIC0,BLS-G
21,12.423330908400235,10.393313660888461,6.8057462490164795,36.6391541420444,0.001022432757799046,0.0008825413628045486,0.0005162261976688635,0.002932297228744576,11.629834889999984,5,True,,-0.001684331386923797,0.0010954405755307136,0.0007451753753450773,0.0021429532462273596,-67.0242431438819,deltaRIC0,BLS-G
22,12.296136517250488,11.221713698478785,5.026739989320569,34.289053503619016,0.0012231451319617286,0.0010537801240997156,0.0006209923219284297,0.003095949131995068,12.726772738998989,4,True,,-0.0013655649963480116,0.0012287705963646603,0.0014179132497318134,0.0023205867623311005,-202.12632980994385,deltaRIC0,BLS-G
23,16.66592303801392,14.81640161701764,7.630677154239987,43.073493708459296,0.0013149910005200796,0.001156550307461389,0.0006257736953242497,0.003197460607339252,20.88058922000164,5,True,,-0.0018771012966544176,0.001105453398163357,0.0008711002642302975,0.0023461355808551865,-44.33382944117329,deltaRIC0,BLS-G
24,13.445501683729416,11.769012041169658,6.501682174789394,30.702980207371223,0.0011350878198448152,0.0010204063030010454,0.0004971874249775376,0.0032613003506525113,13.066158650999569,4,True,,-0.0031690594020974544,0.0009624510842863765,0.00021875571512020947,0.0033192022605686524,16.753040035284357,deltaRIC0,BLS-G
25,10.513893471493464,8.07855414030644,6.728961207500796,36.73399501421023,0.00120013215420354,0.0009759306497597784,0.0006984816063524408,0.0033183408119500267,12.87336208600027,4,True,,-0.001797877664321602,0.0010412909743653443,0.0007681121189749978,0.002215095306409521,54.13357584876212,deltaRIC0,BLS-G
26,11.245636176644313,10.687419169727795,3.499057659997357,22.323921839879226,0.001162068069190241,0.0010164096680046867,0.000563305941933988,0.002987295383300938,13.129467710999961,4,True,,-0.002531803934964234,0.0011592632863712665,0.0012256033612701625,0.003042371793746683,-98.96955860484013,deltaRIC0,BLS-G
27,13.894474284608021,11.585486610886246,7.670261770931231,47.0219428850133,0.001494254556364541,0.0012240545340377162,0.0008570222732915989,0.005045908385440407,8.276548863999778,5,True,,-0.0031341474464788304,0.000756424595807211,0.00021859097877386044,0.0032315383954725323,84.61514887396334,deltaRIC0,BLS-G
28,14.240906809289921,11.16755354106314,8.83680794508787,51.59928745583583,0.001632187244689197,0.00131627133152362,0.0009651243357905494,0.005555160973233061,22.836795715000335,7,True,,-0.002915700251750423,0.0006019038273288865,0.0008666530465978527,0.0031007553400079764,-89.93582926727686,deltaRIC0,BLS-G
29,12.525314300917774,10.50414507359229,6.822494749701323,32.4271619316974,0.001229090399580771,0.001080604099314044,0.0005856261528375445,0.0033573458653426667,12.804430905998743,4,True,,-0.0010657605183991563,0.0012304340289343446,0.0008104717003111945,0.001818427276286671,173.15217783494882,deltaRIC0,BLS-G
30,15.331048388105678,14.261501546352818,5.625888225144004,40.59394628027543,0.0013542346626133944,0.0012364854824226065,0.0005523180000522784,0.003658615422349983,6.207097722999606,4,True,,-0.000626604785457437,0.0016354923226903342,0.0001013572050910295,0.0017543494457379493,-154.72274761114386,deltaRIC0,BLS-G
31,15.150021769891666,13.434115839848623,7.003405687929248,44.19542985369987,0.0014534026427763201,0.0012886931000247056,0.0006720486113205696,0.00412875790240807,6.703790563000439,4,True,,-0.000825559207272628,0.0011602841270496895,8.956529096236415e-05,0.0014268248671582798,247.4868937195206,deltaRIC0,BLS-G
32,16.783274037324578,14.086753697538976,9.123686627499064,46.207766074818906,0.001630009077136627,0.0013383219562928949,0.0009304966055027591,0.004964521941172451,13.479666666999037,4,True,,-0.0017693187492475546,0.0006478484296427078,0.002052560038946716,0.0027862518080228136,175.96478265086625,deltaRIC0,BLS-G
33,13.720304468394994,10.587705317641243,8.726239213558785,48.86447852297387,0.0015436292221743268,0.0012450945789350785,0.0009124311837377086,0.005322458000338544,9.33037789700029,4,True,,-0.0027889145455862584,0.0006689672589568205,0.0003874112120506847,0.0028940713507723667,-165.1658985001195,deltaRIC0,BLS-G
34,15.565393591188021,12.409735845530506,9.395740199300551,51.95949079890745,0.0014508762761521645,0.0011974769616803832,0.000819201376308591,0.004744131342809013,14.326340911000443,6,True,,2.1079615351249203e-05,0.0013966831583234769,0.0011834462665619911,0.0018307684891234375,34.96409904144093,deltaRIC0,BLS-G
35,14.89656700451158,14.341434694494888,4.028766489068504,28.544957153855034,0.0011851403643478352,0.001078062772643327,0.0004922787233337453,0.002556246539731206,11.809983283001202,5,True,,-0.0014250704311999582,0.0013877078526286003,0.0007113832307538481,0.002112492584395339,84.02308344499033,deltaRIC0,BLS-G
36,19.24862205812132,17.665979692542642,7.643468626158264,47.251703383337855,0.0018312377632984508,0.0016016473576798051,0.0008877823423382624,0.00543313786792799,15.904387202999715,5,True,,-0.0035182330154246997,0.0006364281518146332,0.0038304734419724227,0.00523980258529867,184.0926223711067,deltaRIC0,BLS-G
37,13.27688161582448,12.530793733288991,4.3880284700971774,28.71851538750665,0.001313478391434721,0.0011998237487123697,0.0005344609029589898,0.003401316166760027,9.342206833000091,4,True,,-0.002651899424687289,0.0010819410781472802,0.002255269984228655,0.003645464271804346,-138.88407398164418,deltaRIC0,BLS-G
38,16.359739560526027,13.50054388280052,9.239934705224806,44.97080359656479,0.001658479390748493,0.0013339954963823395,0.0009853983484708752,0.005039509074958366,5.962160514000061,4,True,,-0.002220967421689635,0.0006461026639697288,-8.711797043083697e-05,0.0023146780513426638,34.91735847655218,deltaRIC0,BLS-G
39,12.58245581742627,10.728660288596483,6.57373887596526,42.28623074665246,0.0012275242904520233,0.001058468896737947,0.0006216586509396424,0.0038213062854837014,9.408390275999409,6,True,,-0.00041226018616602163,0.001406316695167023,0.001019213179044833,0.0017850715987158092,61.17744712249987,deltaRIC0,BLS-G
40,13.73575801535506,11.971054985457364,6.735346375023872,36.93142734255434,0.0012903444141505796,0.001115917922081105,0.0006478548435473736,0.003266501676397991,12.779157254000893,4,True,,-0.0014251171846034608,0.0010679089713422586,0.0014671549609230263,0.002307364782665806,123.22056321940909,deltaRIC0,BLS-G
41,11.196662938425618,9.772702793680232,5.464388443651167,28.86489446978856,0.0011620884465364822,0.0010004815399118415,0.0005911736173656643,0.0031205137279774653,19.648499066999648,6,True,,-0.002523998811306705,0.001136482905703823,0.00018501661581279264,0.002774237650700005,-46.75624722046632,deltaRIC0,BLS-G
42,13.59090614808141,11.376090568185402,7.4362149854882675,47.63916159100701,0.0015626557337125539,0.0012067777593680745,0.0009927640110314686,0.005276761950073152,13.042889239000942,4,True,,-0.002936360044286622,0.0007807551046626743,0.001276802314622414,0.0032957568165392468,-213.09087474225817,deltaRIC0,BLS-G
43,12.685588624306225,10.88113980806019,6.521116102522277,37.9314206210126,0.0013338186362024133,0.0010520167346080008,0.0008199591114107979,0.004327538412019656,9.343100144000346,4,True,,-0.0028452563729900863,0.0007738316200689484,0.0013302951204996083,0.0032348082341746784,-151.6798360168832,deltaRIC0,BLS-G
44,12.204319676497835,10.356344418206016,6.456899337735207,35.389294726396095,0.0012203787819086642,0.001064002516775451,0.0005976813663051414,0.003141816964733109,9.1564306270011,6,True,,-0.0017782665125329255,0.001022995077061128,0.0014808196048699557,0.0025301338738206182,129.11840325688536,deltaRIC0,BLS-G
45,11.84027628939862,10.789053986450071,4.877341149310858,30.8325777128323,0.0010283384750455888,0.0009488941753322492,0.0003963330206778361,0.0025706453676960354,15.775050792000911,5,True,,-0.0016448620553309336,0.0013655947330170216,0.001902704391689235,0.002861940627976904,37.76761725348479,deltaRIC0,BLS-G
46,15.428581856606304,12.860877576167224,8.522849645326394,49.99486899936515,0.0013902797613155739,0.0011289198252287765,0.0008114295058285209,0.004031915687099127,15.856079663000855,5,True,,-0.0016174540305248682,0.0009405071878890595,-0.0005535153181186599,0.0019511767010509655,12.596382695330249,deltaRIC0,BLS-G
47,12.012579190837842,10.177102411835088,6.381899820207993,37.457271177190485,0.001078413354779716,0.0009558085464397002,0.0004994050323335453,0.00334952150203003,9.40299496300031,4,True,,-0.0007851951350236844,0.001455018830232847,0.001098723042568835,0.001985145717741834,-61.39824491789477,deltaRIC0,BLS-G
48,15.41131511985164,12.485258637567993,9.034763443300637,53.11213703874901,0.0014663615441634914,0.0012119971655045,0.0008253962981565869,0.004654565338144667,16.14300795899908,5,True,,-0.0004057310502075727,0.0011340987306536572,0.0008553881340568206,0.0014773240930337477,-9.882478248684492,deltaRIC0,BLS-G
49,12.963978944944465,11.21356155832497,6.505442895193212,37.24924985077483,0.001191644295487584,0.0009889865168120765,0.0006647719883779824,0.0033775781707162302,9.804457865999211,4,True,,-0.0007892411435381721,0.0012218877649510615,0.0007727116152283372,0.0016471170368554044,-172.55899623983714,deltaRIC0,BLS-G
50,13.873586632002736,11.565369675661506,7.662808251612088,45.455043341742915,0.0011947520215105914,0.0010235396180837118,0.0006162783811855597,0.0037255080963874893,6.080115242000829,4,True,,0.0001268373773298863,0.0016557928243621683,0.00012041431790704374,0.0016650036652975236,-195.62290477475472,deltaRIC0,BLS-G
51,13.032720205952959,11.886116100631336,5.34528203268706,36.96117914945576,0.0011649933556410373,0.0010432680273604331,0.0005184605498735989,0.0033352532203350556,9.28765651699905,4,True,,-0.00014813855071276136,0.0017276898307277881,0.0010221984052589737,0.0020128951192552183,175.88738581578946,deltaRIC0,BLS-G
52,13.364504423700046,10.700873969589564,8.006327171559915,45.4968488762842,0.001174282512606589,0.0009779340537027607,0.0006500649244668795,0.003921579852335515,12.740331908998996,4,True,,-0.0005586306948205046,0.0013216734568981979,0.0016525812639372583,0.002188587172991137,194.0516006859034,deltaRIC0,BLS-G
53,13.43842845906955,11.144266831457072,7.509772049724021,45.215947081920795,0.0014887343971463443,0.0011921408805626065,0.0008917007492079963,0.0050358265907250585,12.815108248998513,4,True,,-0.0035409626040288646,0.0005883935284905044,0.0007474546151600342,0.0036665121722455002,-34.45144416867697,deltaRIC0,BLS-G
54,16.944657388710162,12.69953109600826,11.217991084070672,50.208614288563616,0.0016477062722840103,0.0012680313472282476,0.001052156101617333,0.005306846535478655,9.717872012000953,4,True,,-0.0019352246895120422,0.0005603258691891935,0.0006323668370715131,0.00211162200575942,12.50957507223211,deltaRIC0,BLS-G
55,13.162009833814228,11.146302590189539,6.999888672925907,41.516199780521184,0.0011510598317280888,0.0009380410024468098,0.0006670965551900868,0.0036042049778058425,16.792699902000095,5,True,,-0.0015005450484667003,0.001182926618565597,0.00038926867476025,0.001949995109875553,-121.09736497702397,deltaRIC0,BLS-G
56,15.104612924498644,12.723212792978394,8.140588911345564,45.77691219794107,0.001518218610878415,0.00128523754109075,0.0008081783301899316,0.00406777127878944,15.911729438999828,5,True,,-0.0018007644411564537,0.0008611054322157275,0.0015098225180095897,0.0025027623086928906,61.508894807702745,deltaRIC0,BLS-G
57,12.190873486983362,11.32618997165169,4.509414274791192,33.92395994780212,0.0013760364538057985,0.0012083512229244175,0.0006583036110029341,0.004001346034384447,6.099517540000306,4,True,,-0.0032337305619903342,0.0009317295959305037,0.001993133348254914,0.00391122920977651,-334.2814270778181,deltaRIC0,BLS-G
58,14.973075696216826,12.681045838221442,7.961411448579054,46.34761118661106,0.0013091403756807446,0.001066469909503332,0.0007592696855277948,0.0038310174370332377,6.372034885000176,4,True,,-0.001528511617697847,0.0010897860570721351,0.0013034186631123116,0.002285362471682688,-35.07040483415767,deltaRIC0,BLS-G
59,10.783763676702845,8.918148163852596,6.062688542432989,35.0114330040071,0.0010004251231816494,0.0008766082377066332,0.00048208756951189795,0.002983143526211781,13.189360489001047,5,True,,-0.0014222636082385175,0.0012837416661211885,0.0010523830039879552,0.002185940626764132,37.31388907429209,deltaRIC0,BLS-G
60,14.782507730286703,13.41137036348472,6.217530037678132,36.72201916659071,0.0012707305192551433,0.0011179925746363781,0.0006040270321967127,0.003195822236511695,9.291643513000963,4,True,,-0.0018398333615156292,0.0009055278314385697,0.0025514990555498673,0.0032733950085694825,134.38506013109873,deltaRIC0,BLS-G
61,11.063103098443584,9.497139188607033,5.674204560906893,31.32271748279818,0.0011720008223054148,0.0010235993323425667,0.0005708154993624648,0.003469848209619414,10.019472764999591,4,True,,-0.0025623288808980945,0.000941807724537691,0.0014429418172958646,0.0030878167322534603,-133.83532516386185,deltaRIC0,BLS-G
62,15.545525725431398,12.30514330311692,9.49983254430341,50.14563020544215,0.0014406421787760597,0.001171340987778089,0.0008386955214019467,0.004014696070199934,12.88444024599994,4,True,,-0.0007942399273623809,0.0011129466193864504,-0.0004928702758315202,0.00145340577562447,112.54537273390451,deltaRIC0,BLS-G
63,19.77404162607268,17.164830172645846,9.817399216385253,50.67586292894259,0.0018097611901598811,0.0015838561026822605,0.000875577187576898,0.00485784965584945,7.6220362879994354,5,True,,-0.001533693718148649,0.0007386372969641888,0.0002776642628469696,0.0017247895293100379,-91.0442529027714,deltaRIC0,BLS-G
64,13.287850329941252,12.899624415516078,3.1885194572938276,22.633759460664546,0.0012140075333471328,0.001058510067260721,0.000594449937783909,0.002929072468801078,11.551143646998753,5,True,,-0.0025411004099656397,0.0011276806027094772,0.0021801382508199888,0.003532967255430369,86.61204254095355,deltaRIC0,BLS-G
65,10.769731643500725,9.113313489900488,5.738870699695073,35.93077786845237,0.0011560029689844707,0.0009684805817034562,0.0006311800275390902,0.003213942422907092,8.61220374000004,4,True,,-0.0018132124590223638,0.0011698352410493124,0.00050494697446076,0.002216128461929025,-54.01517360539583,deltaRIC0,BLS-G
66,15.421444565810994,12.066504880707791,9.603145966829643,55.087775556151676,0.0015275839545318848,0.0012075525406158663,0.0009355905086069645,0.004976423319384311,9.294574059998922,4,True,,-0.0011449778334439854,0.0011174259343325731,0.001603958097755373,0.002265457246816223,198.6322200525974,deltaRIC0,BLS-G
67,11.91176040958611,10.031176648637862,6.423825269977815,33.08946027614352,0.0010231140726053257,0.0009188320950560727,0.000450011096149777,0.002659824145264227,11.683247488999768,5,True,,-0.0011803734119038125,0.0012292922424026714,0.001185095543233303,0.0020757871411472496,148.43792002822738,deltaRIC0,BLS-G
68,12.756491460109931,11.25430193834418,6.005727454059171,39.380387148095366,0.0013691293916731507,0.0011142747959124268,0.0007955545049445774,0.004471536249731658,18.91570325900102,6,True,,-0.0026280054917844696,0.0008785166024950313,0.0019915512579962644,0.003412401016723452,-137.74618566728168,deltaRIC0,BLS-G
69,15.436335900558857,13.60114879975856,7.29994639444075,44.59436723262429,0.0012696764270232286,0.0010588728905018539,0.0007006186060180824,0.0033723431703466286,16.43490633699912,5,True,,-0.0011455458815975237,0.001010852510128047,-0.0006676270053670908,0.0016672804150390092,129.9075503865679,deltaRIC0,BLS-G
70,15.576620584464354,13.940951774816783,6.948451082406169,46.51099349504359,0.001504638335694078,0.0012373443461980997,0.0008561048359703623,0.004962027241260951,16.349945235000632,5,True,,-0.0024742631400389253,0.0008392782748869123,0.0024138450883006914,0.003557107563620449,65.668931343047,deltaRIC0,BLS-G
71,14.757715571773895,13.146428586695732,6.70533998483947,41.5189593134867,0.0013378606392098018,0.0010780576633756752,0.000792251705194655,0.0043807940073426165,11.668678385000021,5,True,,-0.002158217793038483,0.0007477439317585641,0.0016201573287234396,0.0028003454785947264,300.97236684759264,deltaRIC0,BLS-G
72,12.10098688720834,11.437677493703381,3.9513816816930407,30.040699825150707,0.0010552682065553274,0.0009285972298429176,0.0005012964916040776,0.002857280494124666,6.309086219000164,4,True,,-0.0020379007254942667,0.0012979846503574028,0.0007375029858505786,0.0025262054892015427,-111.83830856831628,deltaRIC0,BLS-G
73,14.171353370660796,13.597706378340172,3.9911950095912534,34.58927574213647,0.0013963657046345557,0.001167591673058023,0.0007658765344917713,0.004203451994677604,9.39576063000095,4,True,,-0.0028346307103002113,0.0008409707162701758,0.0006754912625849739,0.0030329278684514895,76.90291528654052,deltaRIC0,BLS-G
74,17.1811439850925,14.43814977499159,9.312976952156092,52.601636014298464,0.0014222008878401816,0.0012200097129828674,0.000730911530625193,0.0045925848179613855,9.666973581001002,3,True,,-0.0003840692771016424,0.001300047376026046,0.001971260509998033,0.0023923838295313925,-12.921622688998468,deltaRIC0,BLS-G
75,10.986339719373145,9.490152133376231,5.53504046189823,31.392463987450338,0.0009250536389169233,0.0008048717309567056,0.00045596680973531166,0.002262825329852871,7.7863780860006955,4,True,,-0.000959839035168415,0.0016578561422810147,0.0006034641482342012,0.0020084688048700064,-53.75487034629623,deltaRIC0,BLS-G
76,13.93045813416176,11.856477035492595,7.313112616011756,43.9292886418353,0.0014597882870349664,0.001216258707327416,0.0008072772756709584,0.0037299719642646507,16.210337505999632,5,True,,-0.0016151246179707942,0.0010351551233187678,0.00025222490657522033,0.0019348878686903993,152.29103661052068,deltaRIC0,BLS-G
77,13.31725682899059,11.119609047958106,7.328275654604206,37.94606932874315,0.0012160465680863667,0.001042944286024999,0.0006253290909612603,0.0032280099640098073,9.278450613001041,4,True,,-0.0024442908740930367,0.0009224092994506748,0.0011129984615566052,0.002839746884550621,149.64853657249478,deltaRIC0,BLS-G
78,11.949045997336556,10.270737602764394,6.1066889016574555,37.7278169898915,0.0013153260700430021,0.0010953670340166318,0.0007281852314654393,0.0035051396928805095,11.358497850998901,4,True,,-0.0019351310722214928,0.0010462245784804824,0.0011045351553729216,0.0024615678021838953,198.03901104727993,deltaRIC0,BLS-G
79,10.301426470952691,9.360147579388522,4.301979152496205,26.753929005012264,0.0011525457247843428,0.0010323001409234189,0.0005125603054940514,0.0031826051588825814,11.616306150999662,4,True,,-0.002926597534754557,0.001047296128673956,0.0014867642230522037,0.003445616079384778,8.870672037846816,deltaRIC0,BLS-G
80,12.786695827994954,11.535653568810847,5.516184092109789,24.911630025793627,0.0010060387629752874,0.0009509296211604162,0.0003284004388068838,0.002023846242663153,16.530228247000196,7,True,,-0.0020923293944188417,0.0012384911402960558,0.0008967437954304101,0.0025914960995501958,164.84591774988075,deltaRIC0,BLS-G
81,11.293873872411545,9.871519879458283,5.486773397489645,31.543707073968754,0.001146979543012022,0.0009615413881878629,0.0006253001126577734,0.002967847129754815,23.06007214999954,7,True,,-0.0022572637574740637,0.0010889696487715666,-6.98660911509154e-05,0.002507184843094802,11.360990950342966,deltaRIC0,BLS-G
82,19.06925332685974,17.25283156179364,8.122575056244697,35.4038150822899,0.0015974945271874789,0.0014875092668236237,0.0005824988802631231,0.0038991069227369422,6.36643470799936,4,True,,-0.002616340884402545,0.0009250805121885673,0.0012481394642254136,0.003042838428110217,199.25049932216643,deltaRIC0,BLS-G
83,16.420293614509397,14.757341502156974,7.2004801350613725,35.80127295478011,0.0013575870344602085,0.0012323867183185384,0.0005694431777153249,0.003087505683086114,8.821387183999832,4,True,,-0.0011080170491662442,0.0012507246611673847,-0.0011300158070252813,0.0020171637720875165,-32.60419673160504,deltaRIC0,BLS-G
84,8.914931775711286,7.854639168969671,4.216711051385218,26.134239279488902,0.0008983290526333589,0.0008065378100286419,0.00039559050519362887,0.0020496330566405845,9.289858254998762,4,True,,-0.0019236704899066894,0.0013827109357184661,0.0009372718837352923,0.00254771981770641,-27.489500419833348,deltaRIC0,BLS-G
85,16.00172701126257,14.580045210342178,6.593750754111676,35.31045267023955,0.0014391501401750683,0.0013197693750156435,0.000573900620958661,0.0026303835016964075,9.144098871000097,5,True,,-0.0018886808561498817,0.0014266322452895865,-0.0017362614808458,0.002935472512144494,-105.45626799714228,deltaRIC0,BLS-G
86,13.636582090127206,12.079837941286675,6.327233709373233,38.294742248822,0.0012889338666496272,0.0010626033909374255,0.0007295372136941631,0.00422518116255332,16.176740789998803,5,True,,-0.0031806704096549294,0.0007551234556564613,0.001233594881852246,0.00349408529098376,101.2248202893752,deltaRIC0,BLS-G
87,13.404239582866726,11.22332924924351,7.328746097250625,36.66142567851532,0.0013629155612011085,0.00113947769372032,0.0007477495653478863,0.003953700779302922,67.22940228499829,14,True,,-0.0020838338007578175,0.0009008341865315307,-5.2680553850494435e-05,0.002270823811210084,-49.92207779811724,deltaRIC0,BLS-G
88,14.809169582134974,13.408246705978373,6.287322481315223,28.54091192392815,0.00140076946470702,0.0012299865161020157,0.0006702896862273936,0.003953327585050342,7.446646663998763,4,True,,-0.0026957925771791107,0.0010583699187188796,-0.00021234904833057372,0.002903883024908183,-36.38867945995298,deltaRIC0,BLS-G
89,14.100078273562787,11.991888869643336,7.416657512567339,39.79114273161366,0.0013375829480744962,0.0011213475600135936,0.0007291829623840786,0.0039050293539757237,9.08405641399986,4,True,,-0.0020811996719370543,0.0007951882451005727,0.0005313196380846185,0.0022904185157807734,85.68678132968489,deltaRIC0,BLS-G
90,11.307231959097315,9.591162648441873,5.988580268140786,32.71984126746951,0.0011879654191139033,0.0009688962066554944,0.0006873877928353586,0.0038167984566961533,10.600538231999963,4,True,,-0.001963747645133588,0.0010029546436760113,0.00010180342506749544,0.002207393659589168,285.22468820597715,deltaRIC0,BLS-G
91,11.876808321547541,11.301534618543476,3.651560101195686,19.32398667198955,0.0011171597727442188,0.0010575922584182553,0.00035992300950576825,0.0018116150287118048,13.219194920999144,4,True,,-0.0023734383693101027,0.0014414198353448094,0.0019233983384605849,0.0033779227349114717,-67.41999562967976,deltaRIC0,BLS-G
92,11.680767342068277,10.31378671839677,5.483258996887815,30.62525688428095,0.0013055569456823825,0.0010987584823722808,0.0007051302970618081,0.0037016907956102228,16.368155947999185,5,True,,-0.0030440550293298627,0.000868515535572298,0.0008832297020217534,0.0032864395572796256,-27.01788474251225,deltaRIC0,BLS-G
93,17.307383953737354,16.197526568902454,6.098005606080096,34.36440141975824,0.001478792555214052,0.001293084185135969,0.0007174682651572491,0.003790839553799484,9.98295453100036,4,True,,-0.0012302658390208724,0.0010553112892378652,0.0027401856365450654,0.003183685486128066,-141.0262505440478,deltaRIC0,BLS-G
94,14.63010478978917,13.0885018858289,6.536901754261367,42.52105221622705,0.001403531137470449,0.001228153642801326,0.0006793660894708583,0.0037422906509061806,14.025984900999902,6,True,,-0.0011528268128874956,0.0011854922174423844,0.0012049176610882091,0.0020460273771704725,-256.86375052137737,deltaRIC0,BLS-G
95,12.284657523242954,9.409658877748111,7.897539507200065,44.01600025588507,0.0011848756519820963,0.000983023017242428,0.0006615104369785793,0.003911285037739975,9.322352540999418,4,True,,-0.0005186414241472212,0.0013788930740152399,0.0008982029045243499,0.0017254284957959381,-97.88742195119994,deltaRIC0,BLS-G
96,16.717686742337513,14.425466401363144,8.44908096292552,43.52170147551047,0.001561287031909404,0.0013891281838627908,0.0007126991544870393,0.0038431538691983524,9.303730870999061,4,True,,-0.0015079780888769925,0.0008753853206296671,-0.0006834129482030053,0.0018727922025357046,18.145100576577534,deltaRIC0,BLS-G
97,12.494922129227614,10.817714748855616,6.253009405706476,37.17717205015767,0.0013282201734437784,0.001166863957414085,0.0006345055823481475,0.0035490750141052214,11.755766463000327,5,True,,-0.0015525977051747241,0.0010859131531436458,0.00031697375024721355,0.0019209995753851634,-44.77619729350408,deltaRIC0,BLS-G
98,18.420612001596158,16.20500242010097,8.758815164043028,56.65164586175921,0.001839867622745088,0.001530721284657492,0.001020786568251257,0.006027523048676583,9.352247475000695,4,True,,-0.002770971113783418,0.00048641406037374583,0.00303312868019438,0.004136997599971396,90.54566915677424,deltaRIC0,BLS-G
99,11.963249982898208,10.212901178971368,6.230248764044595,37.38207779278574,0.0012459575466021756,0.001009794945319858,0.0007298796999104565,0.003414807387793173,14.53586722199907,8,True,,-0.002022316262397571,0.00098207223102956,0.0006971323300771718,0.002353767706838524,-111.2154653142934,deltaRIC0,BLS-G
100,12.154389847501884,11.07193286830271,5.014129548072624,30.556105938533488,0.0012337544896034224,0.001009371665433571,0.000709449773864549,0.003649492041808201,13.416633195000031,5,True,,-0.0025508386076449866,0.0009773077920737863,0.00034801593148883097,0.00275372896474406,-312.0960250728167,deltaRIC0,BLS-G
101,13.350252529890165,11.66553042918891,6.491890511823677,38.06374125568322,0.0012930673913521843,0.0011529268708089097,0.0005854766512382192,0.0034109452243989698,11.832670256999336,4,True,,-0.0016130729633026428,0.0011507775996284966,0.0015484073770870353,0.002514728389739585,-12.239664587876177,deltaRIC0,BLS-G
102,10.505849248285267,8.520268321907288,6.146372601006167,34.18023105820615,0.0011843713507107515,0.001000895155475157,0.0006332016930889957,0.0030935606664538183,9.595846649999658,4,True,,-0.0020865518457362565,0.0010319446030116102,0.0009271448654509273,0.0025056348237846205,-13.081342498036975,deltaRIC0,BLS-G
103,12.110437593686111,10.085848790303828,6.703607453430777,38.470103341160744,0.0013331168055019903,0.0011141234288217171,0.0007320719926772036,0.0043156019718960685,12.79695876400001,4,True,,-0.002623042400054753,0.0008722026693698883,0.0007627749416599653,0.002867562473698755,6.770456994374399,deltaRIC0,BLS-G
104,15.196015260910693,12.702820012288203,8.340098533305285,48.663252065508104,0.001275280435838616,0.0010833015352469829,0.000672902648058588,0.004196303842547899,19.68288783099888,6,True,,-0.0004413929671693117,0.0015026792204458942,0.00015974547554588455,0.00157429069996103,20.135774506001326,deltaRIC0,BLS-G
105,14.500577001496348,12.176054338244773,7.8746704139561015,41.375494152165935,0.0012864253345089933,0.0011226408575034175,0.0006281461982138923,0.003599338004398236,9.404350648001127,4,True,,-0.001529205128402539,0.0012622435191612063,0.0018801703260990905,0.0027325386514266644,-120.37286975505413,deltaRIC0,BLS-G
106,13.037558296474602,11.277360617309009,6.542099345098752,43.06736986810617,0.0014918692121060754,0.0012419793034662634,0.0008265356349193041,0.004831244780511855,16.089826228000675,5,True,,-0.0032275976417994756,0.0007429456886200254,0.0015565736817444245,0.0036595459363544013,-76.83438692596974,deltaRIC0,BLS-G
107,13.987758297877644,13.013472252533166,5.129027406087262,36.35554445988291,0.001421523774807193,0.0012701022471077671,0.00063841218991643,0.004080627916317936,9.356625440999778,4,True,,-0.0030894893048711383,0.000807228481709739,0.002296456153599578,0.003933226773528566,89.28784633247415,deltaRIC0,BLS-G
108,14.902158525910728,13.318022124095073,6.686151017849352,41.321884313849765,0.0014774612944427146,0.0012360829932663033,0.0008093149636168588,0.004569817635711084,9.27418233500066,4,True,,-0.0026389290545206297,0.0006717308946003319,0.0009407372995772628,0.002880999065666219,115.04974725812644,deltaRIC0,BLS-G
109,17.995788582941312,15.088668397328089,9.807165376264111,63.21382273911328,0.0018834957431802385,0.001479769882455406,0.001165262764167805,0.0067870232620120445,11.569984821999242,5,True,,-0.004311961928299594,0.0004389884784035973,-0.0003877609611911039,0.004351561227686002,233.0792334949001,deltaRIC0,BLS-G
110,12.36528021847389,10.669095774152346,6.250643986290229,40.93495626710144,0.0014929901399246296,0.0012359451629280092,0.0008375315588961542,0.004669171034641036,11.70173197299846,5,True,,-0.0025242595472559923,0.0008694199061610646,0.0015389556809770038,0.0030815843040802133,55.249774629483,deltaRIC0,BLS-G
111,14.053438472455314,12.411514268435006,6.59192281990023,36.69890225563918,0.0011577907141090862,0.0010341167869217848,0.0005206551725314868,0.0032514375246817497,12.845481795999149,4,True,,-0.001778897593484838,0.0010268252482505938,0.0018300807828617333,0.0027510075264075263,57.972864552422834,deltaRIC0,BLS-G
112,10.939538753031393,9.70094915562571,5.056193588960026,33.91108384373569,0.0010796374027551565,0.0009332398643200923,0.0005428446159553542,0.0032290411438521583,6.349948262999533,4,True,,-0.0009734458325020722,0.0014759305231630525,0.0006843413560955879,0.001895861490110172,160.12739795062953,deltaRIC0,BLS-G
113,12.310502326036818,10.415202311664208,6.562928334704136,37.033398344545986,0.0011750804046744934,0.0010423657423590013,0.0005424828260934529,0.003050087055258339,11.383391256998948,5,True,,-0.0009416400308276916,0.001246782623500337,0.0012966277007269039,0.002030368501580907,96.36814924419741,deltaRIC0,BLS-G
114,12.213899496946716,11.406332604064463,4.36748410952705,27.939540612249726,0.0010739524879389039,0.0010190093889623033,0.0003391073746718511,0.0024698159234918643,19.377760159999525,6,True,,-0.0013756575333303794,0.0015140253481352637,0.0001906414367542318,0.0020545195451035377,47.82495030375139,deltaRIC0,BLS-G
115,11.877300336771007,9.334559009176907,7.344131765842369,40.93628993900563,0.0013461668671134381,0.001092219085426067,0.0007869070488596822,0.004505313299357161,12.89735911400021,4,True,,-0.0025939846640894403,0.0007795035497667668,0.0008816935351986381,0.0028484672565506643,-30.5427155396319,deltaRIC0,BLS-G
116,17.998634482243833,14.802623728924505,10.23880725305922,57.79889406167408,0.00142230872329717,0.0011680442335138582,0.000811563166316861,0.00493020174451459,10.879368654001155,4,True,,0.00022357665083269664,0.0013657113280647144,0.0018263987261400382,0.002291481236503543,11.666615297719545,deltaRIC0,BLS-G
117,14.067625909154284,11.920587762980642,7.469784876754158,43.86109001518522,0.0013279379905749694,0.0010582993992113243,0.0008021357045046913,0.003867478850517212,9.357564162000926,4,True,,-0.0009367567681975636,0.0011505025698265192,0.001662717836344607,0.0022284075052018334,-161.97051165839366,deltaRIC0,BLS-G
118,14.103905274187872,11.141165346276141,8.648385902016635,47.987541081518415,0.0012855019254475735,0.001073375361140458,0.0007073758084823159,0.003937989218538997,9.351559664000888,4,True,,-0.0008959626142003338,0.001317296926015314,-6.382886266109826e-05,0.0015943946566150744,-57.227423285192344,deltaRIC0,BLS-G
119,19.361777169460876,16.900866482364865,9.44664635228462,62.93574779220226,0.0020010259326862785,0.0016336979616101666,0.0011554807456265889,0.006768127883588361,11.919182819001435,5,True,,-0.004188618776474777,0.0003648451329248908,0.0020597111119747516,0.004681885206884969,-152.84074283875816,deltaRIC0,BLS-G
120,18.04931486165021,15.72838565634473,8.85413189535126,51.248037199041605,0.0018559543280553075,0.001622356197386501,0.000901402705026361,0.0054911572682077815,6.201253447999989,4,True,,-0.003608459312976592,0.0006741999214484609,0.002220038777703793,0.004289999571328319,-146.12604487716453,deltaRIC0,BLS-G
121,12.96105934894771,11.857135384468778,5.234252565679585,33.50175873952084,0.0013006904954855586,0.0011337919427100523,0.0006374257570040871,0.0030743491550031254,11.792294351000237,5,True,,-0.0026120519695918285,0.0009992030119051814,-0.00011758140278849337,0.0027991154919243056,8.580757087373058,deltaRIC0,BLS-G
122,12.553024943703406,10.40254418996685,7.026059323192968,41.433918224099735,0.0011284548596558574,0.0009647580802202996,0.0005853650287902094,0.0036719711981915057,9.26598088100036,4,True,,-0.0003225652194897568,0.001608394768809189,0.0005658294706110605,0.0017352651218096999,111.40520621336327,deltaRIC0,BLS-G
123,18.200131725256593,16.236938109087845,8.222325441038096,45.01773505160119,0.0016701504536281498,0.0014101336801240162,0.0008949444351099202,0.003909947117281833,19.28883479400065,6,True,,-0.0016942541987754439,0.0009588465306594994,0.0018163553388561861,0.0026625233663608193,166.14036681655125,deltaRIC0,BLS-G
124,11.371610872271184,9.318243630054228,6.517965133483762,39.53976351997552,0.00107479376434818,0.0008797790672709846,0.0006173900134222508,0.0035262966237018163,12.878436584000156,4,True,,-0.0009849625199471216,0.0013852529952331366,0.0013648657004274806,0.002179893439300728,55.71823795544333,deltaRIC0,BLS-G
125,12.31829153801469,9.928636842365941,7.291260307240303,36.41451091604178,0.001010832821680193,0.0009188135506217002,0.00042138421016915824,0.002729295144710716,12.532947929001239,4,True,,-0.0011048089337619823,0.001310914534035069,0.0009666017389898048,0.0019681002559531324,68.54960596146702,deltaRIC0,BLS-G
126,15.239335065799754,13.674158917670654,6.727162190850029,41.40914486685384,0.0012795452610562235,0.0010233303807328654,0.0007681347583338277,0.0037620649512668954,11.92392361200109,5,True,,-0.0013566610181729361,0.0013752461403662647,0.002323297721164132,0.0030215134231025326,-204.84970274952502,deltaRIC0,BLS-G
127,14.647667293750544,13.01794013684481,6.714714568910162,40.61886066806496,0.001154636482641622,0.0010184351374376117,0.0005440360997943515,0.0032047898664464866,12.704354231000252,4,True,,-0.0005752612654541921,0.0014612980088975728,0.00020152116185237896,0.0015833281949786347,80.59356969469809,deltaRIC0,BLS-G
128,12.126459517965465,10.256520804778466,6.46952868623377,40.21003823060685,0.0011402377704667615,0.0009669841770692262,0.0006042216269687493,0.0036939555907126486,9.38704528299968,4,True,,-0.0007213899831377448,0.0015414644172110253,0.0008535694424124125,0.0019039687104360297,-68.9973555155957,deltaRIC0,BLS-G
129,16.60149158204459,15.64639275193371,5.549767256465245,31.76683975322909,0.0014700837626043957,0.0013219131490462151,0.0006431888489796884,0.0038152808451338404,9.319646844998715,4,True,,-0.002958632055737603,0.0009127510286697657,0.0028560240328809115,0.00421230238206722,-172.9975912754744,deltaRIC0,BLS-G
130,14.991712277532974,11.585945410570824,9.514058332573212,53.33764347627814,0.001347527273326374,0.00099908324026779,0.0009042468862951234,0.0046901236212998285,11.67718038500061,5,True,,-0.0007283287044910359,0.0013368021359938364,0.0011664717782706622,0.001917852721687772,-40.940104498564324,deltaRIC0,BLS-G
131,12.073253396010443,11.111695203450616,4.721618077512226,25.938021081207154,0.0011947288204782508,0.001125834811216102,0.00039984113387113733,0.0028633824107763377,12.864413876999606,4,True,,-0.0022274544467292415,0.0011322816412211742,0.00045495236210129085,0.002539802488202957,-49.376301160380535,deltaRIC0,BLS-G
132,13.643660051062998,11.579165263422174,7.216120245071424,40.37832903768581,0.0010930496408752756,0.0009555975712607904,0.0005306512971981203,0.0032998273782049703,6.16866813499837,4,True,,-0.0005904551112431863,0.0014600802609629723,0.0019375232844220294,0.0024968916845799364,49.45291533628915,deltaRIC0,BLS-G
133,15.171639721235065,14.0401787920326,5.749089607817535,36.206631347491104,0.001331132925924865,0.0011789524408726932,0.0006180501667677232,0.003381798904106054,6.981545186001313,4,True,,-0.001526783689800817,0.0010195852064669372,0.0016711334693658476,0.0024826013576735913,-192.0445168212027,deltaRIC0,BLS-G
134,11.789439408396376,10.994434781611023,4.255970558774021,28.961827462676727,0.0013725470055559808,0.0012457001621192666,0.0005762954004299551,0.0036086420864169513,16.89799316600147,5,True,,-0.0029582090379079054,0.0010662451986348162,0.0008091099520020218,0.003246927539998472,-42.74297658348223,deltaRIC0,BLS-G
135,12.599386393355745,10.5741900462892,6.850623501115525,41.049636152611555,0.0012189720465550764,0.0009690268169048049,0.0007395132712818704,0.0036219979871615275,11.122271365000415,4,True,,-0.0011290987536688483,0.0011654463417866028,0.00010758418025709624,0.001626254447176675,-88.23200320328033,deltaRIC0,BLS-G
136,15.259554406207148,12.24396600477582,9.107101468079184,44.766177968977466,0.0014309875059681986,0.0012135597512694404,0.0007582862074018879,0.004066925652350989,13.987240937000024,6,True,,-0.0017885353833189054,0.0008531983960722172,0.0006545995156659864,0.002086937192719046,-256.9092260088073,deltaRIC0,BLS-G
137,11.541488965329414,10.947800720289369,3.653987811371598,24.525160839415022,0.0011588920065513345,0.0010182683038572058,0.0005533175798836937,0.0026932491282129576,12.854513203001261,4,True,,-0.002015353484348511,0.001212583771130686,0.0007881942250544078,0.0024805763857003718,130.46320653202565,deltaRIC0,BLS-G
138,13.778042989552336,11.478411244498739,7.621059238984907,40.620861922080195,0.0013388747045773052,0.0011236828580384135,0.0007279576286485288,0.003538808148118322,9.276307239000744,4,True,,-0.0013961609126673178,0.0010472952177546914,-0.0007448446101087192,0.0018976000791525844,-212.24842826992972,deltaRIC0,BLS-G
139,11.111467622602664,8.5673914047093,7.075628399418701,35.165253841839615,0.0011781322532059748,0.0009491782646771846,0.0006978941380385679,0.003365556681265273,7.841344488000686,5,True,,-0.0014433075184517173,0.0010343511175499782,0.0013004733727661102,0.002200965656358546,292.12834485247004,deltaRIC0,BLS-G
140,13.219876804795561,12.597697384156634,4.007887642035987,24.71086333716619,0.0012888645742361114,0.0012277042264946007,0.00039231903212580237,0.0030708076976450195,12.684985932999552,4,True,,-0.002227815004059884,0.0011726782760630812,1.4334070431863675e-05,0.002517645625786077,199.11736832941824,deltaRIC0,BLS-G
141,9.908891415097347,9.143869729502647,3.8178233911582504,25.397422037143333,0.001063509314335922,0.0009292583702392583,0.0005172339345204839,0.0024735737764721493,16.242842825999105,5,True,,-0.0022601803489703835,0.001256297759359095,0.0003875872754949889,0.002614751071549297,-23.52630539988604,deltaRIC0,BLS-G
142,12.80704608879235,10.967935989400186,6.6124737922256855,34.88257479331582,0.0009856861512368973,0.0008984238133094263,0.00040547729951102905,0.00281601134837432,10.190640397000607,5,True,,-0.0010279515105524179,0.0014149575805993807,0.000801313356195501,0.0019237703495375816,65.72566593919328,deltaRIC0,BLS-G
143,12.621611761617855,10.747118748200812,6.618498475717947,42.485029952787315,0.001433061181736408,0.0011996758037711441,0.00078386371037688,0.004768288926681865,9.620997220999925,4,True,,-0.0034555235305814423,0.0008856336588361822,0.0005897364180375019,0.0036156298055560533,-46.19620298269729,deltaRIC0,BLS-G
144,11.370684266475035,10.492788536346207,4.381078568045145,27.164195668820998,0.001117499484631909,0.0010010691956114366,0.0004966543705137947,0.002673522096405664,12.782511637000425,4,True,,-0.0018159593410107448,0.0011911767839374182,0.0019911274182941095,0.002946387424402676,-66.23593826231081,deltaRIC0,BLS-G
145,16.21157676185456,13.73631346299126,8.609814954570618,45.83173916178854,0.0013716426582204282,0.0012516563608275693,0.0005610347014667526,0.003882491052099439,9.319564349998473,4,True,,-0.000855367883267526,0.0011354654328054386,0.0015493549864541627,0.0021027212936744586,-8.146739495430666,deltaRIC0,BLS-G
146,10.794856223768601,8.953516580093874,6.0302124126617445,31.94531779648514,0.0011354521641459743,0.0009393345410334254,0.000637888890862116,0.003661387487952101,16.445060797001133,5,True,,-0.0022473878250588897,0.0010311346052571963,0.0010071717451732452,0.0026699036564372808,-41.49514689717034,deltaRIC0,BLS-G
147,12.204593729222912,10.141120379534815,6.790418657429809,34.177893341625676,0.001270135245716707,0.0010652139710985065,0.0006917822910341011,0.003751896290146477,10.973941197000386,5,True,,-0.002617844451203939,0.0008612369321741992,0.0002852154127151902,0.002770593159540097,48.693444168886344,deltaRIC0,BLS-G
148,11.79008924455097,10.963323803430704,4.337249770950037,31.45789257918073,0.0009969714167442944,0.000882327494025778,0.00046416613307232585,0.0026647500469502545,6.271989786000631,4,True,,-0.0016976169257491521,0.0013214399370998513,0.001791974189456356,0.0027998711094674032,176.93075258876343,deltaRIC0,BLS-G
149,15.85898575779542,13.7786357345945,7.852173365337362,50.26890984702122,0.0016162180050404826,0.0012621769345419393,0.0010094899829752402,0.005637150412149612,14.234715466000125,6,True,,-0.0031401989047679115,0.0005848381818561637,-0.0007403042843782809,0.003278861890036122,-7.903424280775653,deltaRIC0,BLS-G
150,17.2960967521957,15.981726473592403,6.613575567315342,37.299013672952874,0.0015034575796820586,0.001379237937603053,0.0005984040485991977,0.003437969027186748,9.250635891999991,4,True,,-0.0010088386072052283,0.0014021468823895676,0.0011849103331173288,0.0020947037291012753,-70.65023069479503,deltaRIC0,BLS-G
151,16.778000257084646,13.371979485506548,10.133679354801219,58.44035616544057,0.001423390019914887,0.0010756690117305436,0.0009321884605571653,0.004873216984384267,9.343301787999735,4,True,,-0.00022847373761658089,0.0011951124998515164,0.00047068397061006206,0.0013046216065476935,156.49163835832587,deltaRIC0,BLS-G
152,11.603530322539793,9.99959288294988,5.886429998000362,36.84635775073646,0.001052218408896438,0.0008710385955596496,0.0005903010630737711,0.0033247416456534153,15.516576676000113,4,True,,-0.0012037159512980158,0.0013270558966989778,0.001084985476403204,0.0020945650928960655,-112.6961272859844,deltaRIC0,BLS-G
153,13.6340353899532,12.424757827479379,5.61358298620286,37.00956644831499,0.0012448000103951302,0.0010716884915061792,0.0006332541693924533,0.0034034619548934434,19.23639414200079,8,True,,-0.0007571497569488212,0.0013740747414995702,-0.000286448146634127,0.0015948071013087745,60.250592782496824,deltaRIC0,BLS-G
154,13.585913641409682,11.304418161640474,7.535726872612541,43.835151267927415,0.0013467781177863261,0.0011357764950549463,0.0007237562102177644,0.003916505227070708,12.726085457999943,4,True,,-0.0012267347232499171,0.0010969230723008472,0.001511150022604575,0.0022342096362227937,11.401555984986771,deltaRIC0,BLS-G
155,11.03329515477669,8.783428092415523,6.677199481652812,36.96647812110197,0.001119810738336416,0.0009006134063137526,0.0006654859743536967,0.0031765666276549844,13.012394569999742,4,True,,-0.0012651682245974115,0.0011777764329517547,0.0009283353227325874,0.001962043433255376,-16.72363258540281,deltaRIC0,BLS-G
156,13.943134771784093,11.55611486833105,7.801744446857552,39.151562165045306,0.001212704085405076,0.0010395530049515753,0.000624484386237408,0.003303313112635636,11.635061991000839,5,True,,-0.0022156004618589862,0.000878962707372841,0.0017552417052591643,0.002960124033114668,-82.56251663195872,deltaRIC0,BLS-G
157,12.63211357138953,10.209930030761456,7.438253964973157,36.949882846479866,0.0011065809365472406,0.0008941196316771502,0.0006519750404572905,0.003336222059371495,6.254572108000502,4,True,,-0.0014649519166833572,0.0009665965048450483,0.0008624250325633093,0.001955548480136642,174.84767194640153,deltaRIC0,BLS-G
158,12.366261044993529,9.914019938378066,7.391658872970709,44.3687918141712,0.001212161215050382,0.0009893337453761733,0.0007003952823458843,0.003965641931429946,12.775611109998863,4,True,,-0.0013603032094787054,0.0012528743186269854,0.000516328628664894,0.0019200818036667264,0.38396664616448106,deltaRIC0,BLS-G
159,13.874988527920737,11.90983995923822,7.118357872098356,27.00655966257873,0.0013011585269771524,0.0011723637468537696,0.0005644260424434222,0.003234910413428381,9.360983130000022,4,True,,-0.002298888361484074,0.0011937974714668997,-0.0008159232092278481,0.0027158370320776544,-22.310891089051438,deltaRIC0,BLS-G
160,15.615047601877256,14.431069341589572,5.9643901001800845,39.68926101275536,0.0013873284222394606,0.0011984423111655509,0.0006988677828900136,0.003730147295289993,12.836646722000296,4,True,,-0.0006810131982101479,0.0015071458584626214,0.0016892768581875455,0.0023640905055486838,-243.81125410740788,deltaRIC0,BLS-G
161,14.019225941754744,12.903712063940633,5.480229098941225,28.24678035680546,0.001311910107645725,0.001201713313875747,0.0005263014742491118,0.0027932253340901183,8.557123138998577,4,True,,-0.002033009394377714,0.0012006205591930557,0.001976024551251108,0.0030788455550631684,-4.580434918199899,deltaRIC0,BLS-G
162,16.240282122550465,14.884269291087325,6.496559942802587,40.64321406206937,0.001396045277291447,0.0012828688177432752,0.0005506269269748114,0.0036165184276818777,9.186248347999936,4,True,,-0.0011229450762780138,0.0013636603739409579,0.0014699413201718792,0.002298108514527213,-35.031150112263276,deltaRIC0,BLS-G
163,16.560663671928733,12.244626773013202,11.150098494827228,63.67039917249746,0.0017770971456573749,0.001367672856315069,0.0011347004993400548,0.0065245729960204165,6.109973783999521,4,True,,-0.003238668441683262,0.00034963349083523077,0.0010263288869361068,0.0034153430043303446,141.53275411653158,deltaRIC0,BLS-G
164,11.768081481304703,10.647054301811211,5.0127813083068045,31.945708546623596,0.001132958022218033,0.0009582730897094008,0.0006044059609624944,0.002980995034306957,14.253556409001249,5,True,,-0.0019758109870019803,0.0010894740420386631,9.461048909811058e-05,0.002258259039455214,112.1273011267258,deltaRIC0,BLS-G
165,15.472098489079915,13.068927761238962,8.281845134226222,41.67379409667341,0.001578486225603916,0.001294991782429503,0.0009025602738107608,0.00433939090703689,12.867104029000984,4,True,,-0.0018195612970791865,0.000824762847306978,0.0018261075923372717,0.002706604146697155,-96.85712445116224,deltaRIC0,BLS-G
166,14.511881334928303,12.094467818971692,8.019884541244876,42.202488023320626,0.001285499078505856,0.0010684395493282767,0.0007148040362718958,0.003447379523254723,9.336637189999237,4,True,,-0.0008745430768799879,0.0011354117694140438,0.00016733479068685949,0.001442909010165527,-37.436563131450384,deltaRIC0,BLS-G
167,14.054347295079555,12.283383930201925,6.829579570805739,43.226908534895266,0.001260335304308432,0.000985883527685695,0.0007851616070110899,0.0037343250419233213,11.691546016001666,5,True,,-0.0013930102380239181,0.0011095332887217204,-0.00038985643914147297,0.001823055041725608,-7.231266871160187,deltaRIC0,BLS-G
168,11.63667093141368,9.98822723250717,5.97054663475718,38.028478974261155,0.0011324879986290767,0.0009486416482222413,0.0006185532234958294,0.0035608059195554502,11.60029466099877,5,True,,-0.0010752686600378658,0.0014551012818705357,0.001176653262106654,0.0021582482088460388,37.05990850934904,deltaRIC0,BLS-G
169,16.156586614814582,14.854130388359879,6.3553207194923935,40.32291243753321,0.001436007422654906,0.0012031440128577131,0.0007839399225990635,0.004654281744388807,15.933884485999442,5,True,,-0.002736605340520775,0.0008138062411340842,-0.0004225515977375997,0.0028861460878871347,-136.22046385038993,deltaRIC0,BLS-G
170,18.7068580768697,16.498823839921037,8.81676533698149,41.303236569289254,0.0015171151921044396,0.0014056451072811346,0.0005707892242244053,0.0034543409814673433,16.500596555999437,5,True,,-0.001450362856442049,0.001049763864280101,0.002471549171391555,0.0030519029952967565,-10.823546521780372,deltaRIC0,BLS-G
171,15.724432404511537,13.754722603338159,7.620064340231707,41.510825867855004,0.0013734604117997791,0.0012029534172843435,0.0006627945221749643,0.004225427832210785,6.459036272999583,4,True,,-0.00221611130351683,0.0007428301467158762,0.0021677346726805703,0.003187792268574998,19.157847236005182,deltaRIC0,BLS-G
172,13.15112001971149,12.3988755608047,4.384044091992719,30.7150431709328,0.0011956251709618238,0.0010847362613735964,0.0005028586209847885,0.002967273921767574,8.895718432999274,4,True,,-0.0017719502325226773,0.001241627509449895,0.0018969693875171589,0.0028774883763339767,-131.92776154695457,deltaRIC0,BLS-G
173,14.495377478174971,12.657780104534694,7.06375049531252,41.867410582209324,0.0015057381845842831,0.0012361909530575897,0.0008596972770072853,0.004768119069145259,17.25652468699991,5,True,,-0.0031465632180383073,0.0006598444971086106,0.0012145311165585463,0.003436763110626779,-190.14598184773786,deltaRIC0,BLS-G
174,17.312054370609815,15.103082943267646,8.461921303092355,49.205875768575524,0.0016113645072420523,0.001418106646598909,0.0007651595350457437,0.00513852654688559,12.895105485000386,4,True,,-0.0037091457509514686,0.0005266613601101848,0.00048040575597179633,0.003777025824693985,20.947548660369648,deltaRIC0,BLS-G
175,16.20770061226816,14.18655703302821,7.837803179817383,46.83190433520982,0.001550539333595072,0.0012446433609721854,0.000924681095845109,0.005169904120942446,9.29692814900045,4,True,,-0.0036032862641655707,0.0006395775894626931,0.002470710176216105,0.004415556609231163,45.34424563532957,deltaRIC0,BLS-G
176,13.652144421341736,10.910010101768279,8.206870711817414,47.04184284509422,0.0012005186855172491,0.0010124903270352576,0.0006450646881794889,0.0040954298776757075,12.88609468499999,4,True,,3.3672225592227935e-05,0.0014957022507238456,0.0007452728514569226,0.0016714337153221014,266.74323358589027,deltaRIC0,BLS-G
177,14.244208513012172,12.763097428029893,6.324620162886079,43.24274857053092,0.0014437843412717522,0.0012235933041309817,0.0007663763110817906,0.0046401947794668715,13.201077935000285,5,True,,-0.004160407443833858,0.0006417843375748607,0.0017891319180219638,0.004574043097167924,-44.34696485159657,deltaRIC0,BLS-G
178,12.57968649738724,11.818355137469267,4.309871717023683,27.241315747721494,0.0012400668860134154,0.0010640652302162708,0.0006368132125135308,0.0035607648391589395,9.79535631500039,4,True,,-0.002968344701001394,0.0009585915141991337,0.0019575713851240316,0.0036826693692095223,39.252820972200425,deltaRIC0,BLS-G
179,11.164128163286387,8.826535680130037,6.835936331891604,38.66563183816245,0.0010400533399188216,0.0008562300055947737,0.0005904075942901396,0.0032728805913450785,8.057587934001276,5,True,,-0.0012703277496030757,0.0012597096590796673,0.00022466920008170656,0.0018030743928234298,48.11878880064614,deltaRIC0,BLS-G
180,17.116923662134294,15.380595511883762,7.511747956045519,47.55780644395683,0.0018258091925135585,0.0016174288520824601,0.0008470555565712488,0.005166726331927603,26.41520016100003,8,True,,-0.0030806886654188097,0.0007933508104470415,-0.0011106507726183173,0.003369509356033096,-70.13642033059295,deltaRIC0,BLS-G
181,13.88837971200958,12.84025817977659,5.292906659071146,32.80215166316488,0.0012899178472604088,0.001155959575416529,0.0005724032780162648,0.0030099636441807925,9.462174051999682,4,True,,-0.0014658342347929612,0.0011345418514636858,-0.00036740997963670457,0.0018896680422101544,-34.28194753709249,deltaRIC0,BLS-G
182,19.36435924250437,16.590879757495188,9.986046151761013,54.086268941946,0.001688259409210153,0.001348706436567644,0.0010154854901708948,0.004649434537810627,9.366965675000756,4,True,,-0.0005732891613852188,0.000842734926909302,-0.00020058074174806136,0.0010387950970017121,-117.61157957027172,deltaRIC0,BLS-G
183,10.726964104638126,9.460541661845424,5.056274356349923,32.93278379345002,0.0009889359602268796,0.0008366801605153153,0.0005272197287942921,0.002904763981462705,11.750570659000005,5,True,,-0.0009224792309938824,0.0015847259576389665,0.0008928091421276738,0.0020394686701924493,14.14994409767678,deltaRIC0,BLS-G
184,13.851198215329148,11.460605954132433,7.778830449652547,44.883476808209174,0.0014192666145538741,0.0011804274724814489,0.0007879776046298988,0.0038613348211176167,10.876966966001419,5,True,,-0.0011258160772629512,0.001049454145528308,0.0006494788192987856,0.0016705204518676312,-34.24981067810586,deltaRIC0,BLS-G
185,16.168053353818586,14.468477812730894,7.215892116324792,38.95152225799184,0.0015156150123482837,0.0013007769530227527,0.0007778612884957908,0.004054107957727113,9.406125546000112,4,True,,-0.002322260953419509,0.0007729095641951098,0.0007139402058262778,0.0025495089228509144,-122.24701759443997,deltaRIC0,BLS-G
186,13.769322998692434,12.23711438871028,6.312470774581074,39.953099639198165,0.0013244656512632841,0.0011544958093846335,0.0006491137708365118,0.00422799531894279,12.865837953000664,4,True,,-0.0024419116455768274,0.0008227733708356192,0.001700183847752399,0.0030871529960010222,234.7871594212338,deltaRIC0,BLS-G
187,9.781349824975695,8.902634580501742,4.0519010260131765,29.308890335262625,0.0010700909743681087,0.000931359478204317,0.0005269385313137298,0.0028518970402128816,9.46761843099921,4,True,,-0.00212640385960325,0.0013017576884952772,0.0008832413809867507,0.002645048542235009,-345.14983719554584,deltaRIC0,BLS-G
188,12.20929574771881,10.83918027804554,5.61952609703819,35.05747734157701,0.0010327241597490478,0.0009266689822712955,0.00045585500702049846,0.002995769296949981,8.696734484999979,5,True,,-0.0011310962532846062,0.0013992886387392902,0.0008816600118538135,0.0020036745756737535,47.89695599368133,deltaRIC0,BLS-G
189,15.939928219435874,14.236682047276311,7.169253512432693,30.31076304697066,0.0014578654217417635,0.0013178399724978588,0.0006234335528323224,0.003038690063279569,12.690704771001037,4,True,,-0.0026477638665345035,0.0010342211491196514,0.002226393761973856,0.0036106919089792496,-85.76411423432728,deltaRIC0,BLS-G
190,11.513150454114207,10.010493042542981,5.687060965408122,32.61420330622513,0.0012428224369593318,0.0010462839928156754,0.0006707439274322353,0.0037222960096402772,16.012478712000302,5,True,,-0.0021023526431005446,0.0009278742191477962,0.0016985321024983891,0.002857594881316905,219.47559876362357,deltaRIC0,BLS-G
191,15.367054394150609,14.310672472857608,5.599197632462984,38.83170876716606,0.0014326310787514578,0.0012914632129098342,0.0006201246467486789,0.003681836674838296,13.238393600000563,4,True,,-0.0006169359586868166,0.001377745262477989,0.0019563037606235667,0.00247101525475487,9.759793260695005,deltaRIC0,BLS-G
192,17.418212150208582,16.69143545069746,4.97896546532249,30.542798807333114,0.0012964580726967086,0.001187741137547064,0.0005196869484977191,0.0027914533135353584,11.850187918000302,5,True,,-0.0027269134488317566,0.0009069472254388576,0.0030316285488477565,0.004177245729585405,-70.72348100726958,deltaRIC0,BLS-G
193,10.507882337488418,9.255804682382653,4.974502075593539,30.289622723679653,0.0011902506357479533,0.0010326822483426022,0.0005918310146118358,0.003039757979924031,7.65979175099892,4,True,,-0.0024291084570796624,0.0010465849448482857,0.0005679539692416972,0.0027052688691175273,-106.41444760125887,deltaRIC0,BLS-G
194,16.756425004280427,12.708029488304206,10.921710738179485,57.957708853690164,0.0017402431155231755,0.0013346519409716266,0.0011167588359115312,0.006130320885529831,12.869036785999924,4,True,,-0.0029207253954692653,0.0004198730623291305,8.567242628417575e-05,0.002951994239295557,15.40680690677982,deltaRIC0,BLS-G
195,13.291904449761683,11.31805156997674,6.969679516372435,36.50069447326022,0.0013281982244184821,0.0011680173460515823,0.0006323337747353271,0.003224730861350125,9.380978962000881,4,True,,-0.0015881562927089062,0.0011892013631784708,0.0002522564822267976,0.0020000184061857705,-170.65217426637537,deltaRIC0,BLS-G
196,12.419721729460333,10.872224843425409,6.003683435294745,34.884194285055884,0.0012272500581592097,0.0010768516277941855,0.0005886707712879892,0.003262911867267416,15.4865976459987,5,True,,-0.0012906622824311257,0.0012610815343252562,0.0020987376405498756,0.002767821426206417,-190.60487283435214,deltaRIC0,BLS-G
197,11.556413062572732,9.54704799798686,6.5118781773722345,38.46497721649588,0.0010958896803600305,0.0009419375650432213,0.000560114108981426,0.0033623312913256876,19.13863252199917,5,True,,-0.00026331582084371377,0.0015886998429852418,0.0009117172236890555,0.0018505487587683847,-138.3396843901064,deltaRIC0,BLS-G
198,14.9673627761744,13.807238908620759,5.777724655422765,27.65876368894208,0.0013200164528203427,0.0012027944682744638,0.0005438096200001892,0.0033233249584176537,9.38833724000142,4,True,,-0.0028298591111384636,0.0010608686163018298,0.002723052381197861,0.004067992020726549,11.650471975219261,deltaRIC0,BLS-G
199,11.296535393439962,10.291361894623753,4.658281040161483,29.576708135371426,0.001146391157350564,0.0009397576556242831,0.0006565578682394396,0.003189009443778507,6.5239370449999114,4,True,,-0.0020960296902748205,0.001112292608395647,-9.678391913558435e-06,0.0023728946416718935,96.81582347775111,deltaRIC0,BLS-G
200,11.442355021008746,9.935766262682181,5.675212524668185,29.9070975231287,0.0012344924929411727,0.001088577165523075,0.000582212564129167,0.0034058761872374443,9.721516260999124,4,True,,-0.0022488772789252915,0.00104242061405448,0.000825772760652149,0.0026126596419180233,-1.0203683884028578,deltaRIC0,BLS-G
1,8154.186253482303,6409.129551827949,5041.211346925004,28854.915930098407,0.699932929941981,0.5169709364941462,0.4718550171795693,2.5096372702433696,9.526246544999594,4,True,,,,,,,deltaRIC0.5,BLS-B
2,8154.381999678514,6410.290109690236,5040.05223249606,28857.850096832422,0.6999919703784628,0.5170435496006757,0.4718630377669525,2.509953496810562,4.881595294000363,4,True,,,,,,,deltaRIC0.5,BLS-B
3,8153.8611546755965,6410.165638332346,5039.36783921068,28850.230990470034,0.6999001644909391,0.5171247886506554,0.4716377775554653,2.509208249272738,9.648132124000767,5,True,,,,,,,deltaRIC0.5,BLS-B
4,8154.687883107973,6409.005297160982,5042.180636576844,28860.732020942818,0.7000771507266397,0.5171622496982731,0.4718593269784453,2.5100078201701255,10.219595873000799,4,True,,,,,,,deltaRIC0.5,BLS-B
5,8154.039674339184,6409.927979046846,5039.958959568011,28853.505239665014,0.6999430480790115,0.5171591696583058,0.47166371896984954,2.5093999264321636,8.339546915000028,4,True,,,,,,,deltaRIC0.5,BLS-B
6,8154.114970603238,6408.556982030478,5041.823912225045,28854.248049336435,0.699922014845554,0.5169980265300869,0.4718091430117219,2.5094469153690997,7.542643479999242,4,True,,,,,,,deltaRIC0.5,BLS-B
7,8154.240914325098,6409.231733197951,5041.169852228926,28855.629444715098,0.6999451536555737,0.5170425122634277,0.4717947208672943,2.5096254434237193,10.164890559999549,3,True,,,,,,,deltaRIC0.5,BLS-B
8,8154.322175236361,6408.914293050475,5041.704842797205,28859.07261066817,0.7000175195253187,0.5170661971929521,0.4718761228996432,2.509883097898296,10.283896541999638,4,True,,,,,,,deltaRIC0.5,BLS-B
9,8154.281049411682,6409.848454144772,5040.450597683936,28854.158883706907,0.6999041249309738,0.5171037514274411,0.4716667195754427,2.509430656683047,4.579042961999221,5,True,,,,,,,deltaRIC0.5,BLS-B
10,8153.838826629325,6410.612665068418,5038.763029664352,28851.547763319628,0.6999429631250249,0.517164317845505,0.47165794806791234,2.509386497109636,6.286982908999562,4,True,,,,,,,deltaRIC0.5,BLS-B
11,8154.14668444276,6408.827245147307,5041.531661436476,28851.61247013737,0.6998655982554443,0.5168216643837512,0.4719186612596075,2.509475959437111,8.758770553000431,3,True,,,,,,,deltaRIC0.5,BLS-B
12,8154.473789583903,6409.89649936974,5040.701305610007,28858.15398444409,0.7000527298316855,0.5171707635645421,0.4718137618370871,2.5098991574344063,8.754827392998777,5,True,,,,,,,deltaRIC0.5,BLS-B
13,8153.870579141022,6410.598657110146,5038.832233646912,28856.129083951804,0.7001055283987218,0.5173686181024967,0.47167516777668733,2.5097366735959645,8.056015236999883,3,True,,,,,,,deltaRIC0.5,BLS-B
14,8153.869820530334,6410.430439154334,5039.045012194172,28851.85218720337,0.6999693136017353,0.5172427573808381,0.47161103668293447,2.5093313665818275,8.396283354999468,4,True,,,,,,,deltaRIC0.5,BLS-B
15,8154.368970565341,6408.459419089727,5042.358692318412,28853.52800479259,0.699830798634932,0.5168306358336967,0.471857224784938,2.5094363527049848,65.41115068199906,13,True,,,,,,,deltaRIC0.5,BLS-B
16,8154.021765565144,6409.999430835454,5039.839109535073,28853.388104864127,0.6999179002615923,0.5171461241090728,0.4716407037412694,2.5093586693507524,10.936385013999825,4,True,,,,,,,deltaRIC0.5,BLS-B
17,8154.410808387575,6409.300800249264,5041.356849487275,28858.762752104165,0.6999731385944562,0.5169838869363604,0.47190047192384355,2.50989937148435,7.540198694001447,3,True,,,,,,,deltaRIC0.5,BLS-B
18,8154.487183269287,6410.134904394644,5040.419796957843,28861.93772221954,0.7002422469656314,0.517462060025905,0.4717756043599786,2.51016598079832,7.626526860000013,3,True,,,,,,,deltaRIC0.5,BLS-B
19,8153.83110441101,6410.246347032573,5039.216551173011,28849.379209296647,0.6998129027816774,0.5169902569908441,0.47165577816481635,2.5091489919613954,5.94692635300089,4,True,,,,,,,deltaRIC0.5,BLS-B
20,8154.026367312727,6409.244678160538,5040.806349613325,28853.612118930694,0.6999420320575928,0.516996059026224,0.47184099354789555,2.5095797922461163,3.8781261650001397,4,True,,,,,,,deltaRIC0.5,BLS-B
21,8153.859076992902,6410.790048698141,5038.5701145238045,28850.006896480023,0.6998224822423096,0.5169982278459145,0.4716612545630301,2.5092461552981216,7.686589404000188,3,True,,,,,,,deltaRIC0.5,BLS-B
22,8154.643956048763,6409.616814424921,5041.332199147756,28859.71064331159,0.7000242050617576,0.5172179172235791,0.47171974070972306,2.5098124101889088,7.768713309000304,4,True,,,,,,,deltaRIC0.5,BLS-B
23,8153.5212500019215,6412.244503584492,5036.172078124751,28845.139247680032,0.6997886371751388,0.5172497841076655,0.47133512234928077,2.5087449084338678,67.18098962499971,12,True,,,,,,,deltaRIC0.5,BLS-B
24,8153.923133917263,6411.117511570067,5038.257112005178,28847.412975269894,0.6998129562691399,0.5170099875443742,0.47163422961180307,2.5091448716363014,10.122132521999447,3,True,,,,,,,deltaRIC0.5,BLS-B
25,8154.040461877672,6410.192769331747,5039.623449618557,28853.96723643007,0.6999743401818734,0.5171811317823489,0.4716860755220336,2.5095186936326526,3.0382264990003023,3,True,,,,,,,deltaRIC0.5,BLS-B
26,8154.336196815556,6409.285391437792,5041.255754452308,28856.712685731436,0.6999705267484598,0.5169769640581515,0.4719041819583006,2.5098283547533744,2.966950504000124,3,True,,,,,,,deltaRIC0.5,BLS-B
27,8154.811160051929,6408.852131117198,5042.5746814085005,28862.748638253677,0.7000360018467431,0.5171247625379134,0.4718393623381584,2.510035283265072,4.368333368000094,3,True,,,,,,,deltaRIC0.5,BLS-B
28,8154.256145557555,6409.821815714649,5040.444184608307,28855.94436349102,0.7000129515280926,0.5171323144848547,0.4717968859823144,2.5097598697171364,10.507708817000093,4,True,,,,,,,deltaRIC0.5,BLS-B
29,8155.329485119854,6408.622440653459,5043.704732041533,28870.19108117632,0.7002442200707585,0.5171650148986461,0.4721041358719365,2.5108336454988165,5.940920967001148,3,True,,,,,,,deltaRIC0.5,BLS-B
30,8153.704350840954,6410.679805195029,5038.459990531565,28850.225527521787,0.6999415088094502,0.5172435660017439,0.47156888063595653,2.5091765958242163,5.9643811309997545,4,True,,,,,,,deltaRIC0.5,BLS-B
31,8154.310544849349,6409.050838783897,5041.5124524020275,28856.299163499018,0.6999723918192874,0.5171570414496724,0.4717095968795164,2.509503211180205,10.484786564999013,4,True,,,,,,,deltaRIC0.5,BLS-B
32,8154.158530320137,6410.434716695266,5039.5067298874355,28854.640083773418,0.7000217343148462,0.517236057512345,0.47169618328141183,2.509616308001801,2.869232777999059,3,True,,,,,,,deltaRIC0.5,BLS-B
33,8154.331952131211,6409.593281286517,5040.857422506092,28856.41679221409,0.7000070093349503,0.5170971853088308,0.47182657201957784,2.5097765247404245,12.306149992000428,4,True,,,,,,,deltaRIC0.5,BLS-B
34,8154.290368348781,6408.688472310205,5041.940447508677,28856.641998490937,0.7000274272254494,0.5170693421741008,0.47188737454134594,2.5097791499934137,6.458161705999373,3,True,,,,,,,deltaRIC0.5,BLS-B
35,8154.272264794063,6408.618905659169,5041.999592465035,28855.659067930705,0.6998579160382937,0.5167912413443935,0.47194058472564554,2.5096597377470977,12.50494290700044,6,True,,,,,,,deltaRIC0.5,BLS-B
36,8154.320774887798,6409.590777342112,5040.842525488935,28856.995996658654,0.7000400951276741,0.5172159794436109,0.4717454455472244,2.5097172778206724,7.073283993999212,5,True,,,,,,,deltaRIC0.5,BLS-B
37,8154.280965427533,6410.626613683571,5039.460733358849,28856.877997095897,0.7000229262586133,0.5171613978463483,0.47177980654674384,2.5098641657556118,7.677021175999471,4,True,,,,,,,deltaRIC0.5,BLS-B
38,8153.846234165414,6410.3042255783585,5039.167406025101,28851.923028533696,0.6999599465267465,0.5171140827434686,0.47173822419866196,2.509510337932636,10.780391100000998,4,True,,,,,,,deltaRIC0.5,BLS-B
39,8154.453742112459,6409.239509404994,5041.50421435249,28861.75044293838,0.7001257557304009,0.5172136745765346,0.4718750773966597,2.5101032311017337,5.053230314000757,4,True,,,,,,,deltaRIC0.5,BLS-B
40,8154.411385268219,6409.131976651518,5041.572408094022,28858.14071759083,0.7000185912649031,0.5169920689286963,0.47195892700671055,2.5099692153791087,6.013573218000602,3,True,,,,,,,deltaRIC0.5,BLS-B
41,8154.18779815608,6410.898371836343,5038.964250079932,28856.7907726431,0.7000595413851108,0.5172592267493601,0.4717268847829067,2.5098268277218327,5.9572069510013534,3,True,,,,,,,deltaRIC0.5,BLS-B
42,8154.537363840349,6409.487689089487,5041.323951272981,28862.7574370146,0.7001254432789694,0.5172520059167504,0.4718325960567704,2.5101336281180244,11.357880954999928,4,True,,,,,,,deltaRIC0.5,BLS-B
43,8153.759401999641,6410.452466507196,5038.838314567095,28850.92180624674,0.6998952157350171,0.5170951118237002,0.47166297113171934,2.509307173097188,12.668146403999344,5,True,,,,,,,deltaRIC0.5,BLS-B
44,8154.08528543617,6409.779806371322,5040.2211931621705,28853.768382444363,0.6999788332887834,0.5171160718785236,0.47176406736551274,2.509551846708085,3.939890424000623,4,True,,,,,,,deltaRIC0.5,BLS-B
45,8153.922979243702,6411.175495507709,5038.183076987175,28850.560181470915,0.6999208126582682,0.5171387011156251,0.47165316473088015,2.509398396109165,4.990591677000339,4,True,,,,,,,deltaRIC0.5,BLS-B
46,8153.3369063037335,6411.4319341279315,5036.9081053498585,28847.56955351338,0.6999233578685435,0.5172148847587777,0.4715733981830841,2.5091434186420494,4.670076221998897,3,True,,,,,,,deltaRIC0.5,BLS-B
47,8154.174722117522,6409.479838460272,5040.747325465903,28854.18481185022,0.6999421766252513,0.5170629457852037,0.4717679097976269,2.5095141539336208,11.934422836999147,6,True,,,,,,,deltaRIC0.5,BLS-B
48,8154.183633189806,6409.979531122511,5040.126301430443,28857.138043392253,0.7000583826221556,0.5171329201422057,0.4718636264692836,2.5099400764728865,14.977485207000427,5,True,,,,,,,deltaRIC0.5,BLS-B
49,8155.013552759627,6408.005310123757,5043.9779927274585,28865.25911629176,0.7000330247973066,0.5170151768868302,0.47195502187766375,2.5101935871811905,8.725340406001123,3,True,,,,,,,deltaRIC0.5,BLS-B
50,8154.323085335873,6410.443485225446,5039.761829965,28856.568336717315,0.7000026559856779,0.5171982509121165,0.47170932536939614,2.5097008455646463,49.05121066100037,12,True,,,,,,,deltaRIC0.5,BLS-B
51,8154.599000623506,6409.438790800428,5041.485817489983,28861.294758791533,0.7000957892230805,0.5171204864058639,0.4719327458730224,2.510201144951309,11.984454278999692,6,True,,,,,,,deltaRIC0.5,BLS-B
52,8153.955834522423,6409.794596398582,5039.992954689698,28853.929241373222,0.6999568856847129,0.51705414584385,0.4717993769422856,2.509580984125666,55.373790732001,12,True,,,,,,,deltaRIC0.5,BLS-B
53,8153.567950912578,6410.424826933431,5038.563671165049,28847.864326066872,0.6998923519765984,0.5171175057695057,0.4716341692265944,2.5091179697498616,4.280709968999872,3,True,,,,,,,deltaRIC0.5,BLS-B
54,8153.895229879976,6411.018112273536,5038.338434837431,28852.763336613978,0.699968122258637,0.5172307325993645,0.47162245645538026,2.509441498683044,13.340589928000554,5,True,,,,,,,deltaRIC0.5,BLS-B
55,8153.622704352396,6410.302863751511,5038.807438264542,28849.669854077383,0.6998643317635572,0.5170317410477807,0.471686613784991,2.509238902592273,6.814411651999762,3,True,,,,,,,deltaRIC0.5,BLS-B
56,8153.729732928498,6411.169736211152,5037.877645510307,28850.02463713089,0.6999754614606924,0.5173445607442244,0.4715084857300819,2.5092128221900207,5.434790807999889,4,True,,,,,,,deltaRIC0.5,BLS-B
57,8154.050606882572,6409.613225555828,5040.376930189036,28853.968260124217,0.6999741438300112,0.5171199911398394,0.4717528132338901,2.509545029128206,2.9843243079994863,3,True,,,,,,,deltaRIC0.5,BLS-B
58,8153.4594432988615,6411.8438391913105,5036.582122366697,28846.71463230656,0.69986724296368,0.5172849088559219,0.4714132803003149,2.5089227097765185,11.36152409100032,4,True,,,,,,,deltaRIC0.5,BLS-B
59,8154.051180178649,6410.426965230689,5039.342890934896,28851.76348675819,0.6999003418976033,0.5171037568314879,0.47166110000628997,2.509368337951924,4.980099005999364,4,True,,,,,,,deltaRIC0.5,BLS-B
60,8154.027057203306,6410.2475263859005,5039.532111224916,28849.637842177985,0.6997988154100351,0.5169791927426537,0.4716470039345552,2.5091509603238715,13.064901189000011,4,True,,,,,,,deltaRIC0.5,BLS-B
61,8154.154947494505,6409.878598415819,5040.208255748958,28852.14513661073,0.6998937373666926,0.5170634431524068,0.47169549431862784,2.5093591829482547,5.671723167999517,3,True,,,,,,,deltaRIC0.5,BLS-B
62,8154.35186618147,6410.4314326556105,5039.823727544262,28858.097393292068,0.7000430146338416,0.5172365839465308,0.47172718658665447,2.50985031423347,6.703823593999914,4,True,,,,,,,deltaRIC0.5,BLS-B
63,8154.5569594377475,6407.859218998996,5043.425367169043,28860.173635754887,0.7000338581306513,0.51704948356785,0.4719186731540769,2.5098653609193606,7.886927569999898,4,True,,,,,,,deltaRIC0.5,BLS-B
64,8154.099453280649,6410.047854633538,5039.903212890079,28856.15346924317,0.6999718313838097,0.5171476741775103,0.47171903483280825,2.509634673185828,6.523596875000294,3,True,,,,,,,deltaRIC0.5,BLS-B
65,8153.800663276178,6410.331435507092,5039.059053374214,28853.189197198484,0.7000029450351255,0.5172176444922248,0.4716884896663936,2.509496687905991,6.2751480669994635,4,True,,,,,,,deltaRIC0.5,BLS-B
66,8153.232761019423,6410.716726086816,5037.649800574781,28846.28644121345,0.6999542927451388,0.5173017544433339,0.4715240256680417,2.5089858629100075,4.5284382440004265,3,True,,,,,,,deltaRIC0.5,BLS-B
67,8154.628820518229,6409.428051410935,5041.5477042484845,28859.340994387585,0.6999390254522752,0.51697230281182,0.47186256206285815,2.509883165238111,11.87697791300161,4,True,,,,,,,deltaRIC0.5,BLS-B
68,8154.555299194633,6409.350449159547,5041.527441905042,28860.379224331937,0.7000423248550556,0.5171543585699763,0.47181630535680674,2.5099257786087894,11.202139855999121,5,True,,,,,,,deltaRIC0.5,BLS-B
69,8154.391521826169,6410.220326638155,5040.156391937213,28854.49301874981,0.6998618134471726,0.5170467112723577,0.4716664672032605,2.509438685144395,6.413395980000132,3,True,,,,,,,deltaRIC0.5,BLS-B
70,8155.249239827329,6408.341062451902,5043.932492708151,28867.293156298547,0.7001014809530673,0.5171108760413763,0.47195171947181025,2.510361053475412,4.522098892999566,4,True,,,,,,,deltaRIC0.5,BLS-B
71,8154.418850359714,6408.879320918741,5041.90565530554,28857.364132833307,0.6998848150359704,0.516925585168641,0.4718333325613956,2.5096406689565787,6.434075223000036,3,True,,,,,,,deltaRIC0.5,BLS-B
72,8153.585026949937,6410.045659814948,5039.073667926455,28844.780899235426,0.6997348016680174,0.5169210374993105,0.471615769091764,2.5088220725013466,2.9114129280005727,3,True,,,,,,,deltaRIC0.5,BLS-B
73,8154.05964318475,6409.111078752944,5041.030038079569,28853.391266657563,0.6998882038206553,0.5168979502197052,0.4718686331024455,2.5095513060172743,9.069201623000481,4,True,,,,,,,deltaRIC0.5,BLS-B
74,8153.641920172946,6410.797428193226,5038.2092946872235,28849.661022014923,0.6999887790228101,0.5172544599350131,0.4716270925584985,2.5092823623718026,10.178161716999966,4,True,,,,,,,deltaRIC0.5,BLS-B
75,8154.468237563105,6410.1897947604475,5040.3193383529315,28858.165093427164,0.6999851132021143,0.5171218127244188,0.4717670924398903,2.5098215079512554,11.172177112999634,5,True,,,,,,,deltaRIC0.5,BLS-B
76,8153.9365931125585,6410.411843420931,5039.176714725205,28856.02118524217,0.7000783153202907,0.5173646417483341,0.47163913647015604,2.509627902865641,4.077248535999388,3,True,,,,,,,deltaRIC0.5,BLS-B
77,8153.069424873011,6412.276541115903,5035.399746500155,28842.113148979937,0.6998831856027062,0.5172679132909646,0.4714555963916465,2.508812330690793,4.794816407000326,4,True,,,,,,,deltaRIC0.5,BLS-B
78,8153.779153859083,6410.30232654297,5039.0612788717635,28853.10713560172,0.7000223223993015,0.517295030790199,0.47163238117953554,2.5094375282924646,12.35976501299956,4,True,,,,,,,deltaRIC0.5,BLS-B
79,8154.315410236353,6409.218988196302,5041.30655395623,28855.417852237046,0.6999430812573045,0.5170391616231796,0.4717953182768658,2.5096047661747214,15.446045303000574,5,True,,,,,,,deltaRIC0.5,BLS-B
80,8154.268059748499,6409.846494077749,5040.43207598255,28853.821898431383,0.6998358579770013,0.516971538721641,0.4717103520829116,2.5093638238953435,7.564304953999454,4,True,,,,,,,deltaRIC0.5,BLS-B
81,8154.109256009902,6410.070518972994,5039.890246894238,28854.793241546944,0.6999436823355867,0.5171319553221975,0.47169449776962796,2.5095285034665133,3.9185580989997106,4,True,,,,,,,deltaRIC0.5,BLS-B
82,8154.823163875645,6407.173847808199,5044.72636701392,28857.74111448765,0.6999007190124693,0.5167499157367607,0.472049299395966,2.5098065020949303,7.600488235000739,3,True,,,,,,,deltaRIC0.5,BLS-B
83,8154.82108277211,6408.707706816341,5042.774278174398,28859.229590181152,0.6999952785001505,0.5169794829261348,0.4719381359414912,2.5099733069477526,2.8727921120007522,3,True,,,,,,,deltaRIC0.5,BLS-B
84,8154.2337649462825,6410.270994877968,5039.836710213562,28854.415949852802,0.6999469386156146,0.5171138005492686,0.4717192323393888,2.509571493061586,7.243428576999577,4,True,,,,,,,deltaRIC0.5,BLS-B
85,8154.1980283842295,6410.0826938666,5040.0183872578455,28855.3265831669,0.7000210549401636,0.5172308931443399,0.4717008379647508,2.509635750783744,8.051015809998717,3,True,,,,,,,deltaRIC0.5,BLS-B
86,8153.9999378556995,6409.784197497928,5040.077531948948,28852.19246280612,0.6998253616819821,0.5169651914203047,0.47170173596573156,2.509299119559423,6.395236557998942,3,True,,,,,,,deltaRIC0.5,BLS-B
87,8153.962869812755,6409.553850046332,5040.310498931718,28853.349520500607,0.6999668363983335,0.5170610053696484,0.4718066222337493,2.509554056312309,10.634781118000319,4,True,,,,,,,deltaRIC0.5,BLS-B
88,8154.179285283839,6409.273873086887,5041.016587586066,28858.687614447816,0.7001012172839876,0.5170957801069149,0.471967868226368,2.510056951429645,7.641683059999195,4,True,,,,,,,deltaRIC0.5,BLS-B
89,8153.9133207823525,6411.070455881692,5038.301107769642,28850.59498054832,0.6998809859017385,0.5171875893322673,0.47154044563268116,2.509182105920606,6.233196069999394,4,True,,,,,,,deltaRIC0.5,BLS-B
90,8154.879844423683,6408.741761982202,5042.826023690774,28862.589067469897,0.7000209087412094,0.5169987308766782,0.47195506666077064,2.510150772389672,6.292497571999775,3,True,,,,,,,deltaRIC0.5,BLS-B
91,8154.511688803086,6409.215695259678,5041.628214621063,28857.474252251493,0.7000137736808696,0.5171443696150719,0.4717848919988449,2.50974811373492,12.28890732400032,5,True,,,,,,,deltaRIC0.5,BLS-B
92,8153.526459363153,6410.989311388873,5037.778257604502,28848.585553470995,0.6999366897762594,0.5172526987530267,0.471551710131199,2.509137768199796,7.2493890060013655,5,True,,,,,,,deltaRIC0.5,BLS-B
93,8155.137302640362,6408.331165972541,5043.7640797465265,28865.371174965858,0.7000789504368071,0.5171457631388675,0.4718800658135708,2.510163225193784,11.45360489199993,4,True,,,,,,,deltaRIC0.5,BLS-B
94,8154.134630741486,6410.798224518181,5039.005626189767,28855.115746551408,0.7000347469182623,0.5173537685751467,0.47158639190927587,2.509533304950592,8.074598241000785,5,True,,,,,,,deltaRIC0.5,BLS-B
95,8154.271773326069,6410.047122200759,5040.182937595425,28856.186763858306,0.7000162252677993,0.5171422029489463,0.47179090449826283,2.5097878991248734,8.455408859999807,5,True,,,,,,,deltaRIC0.5,BLS-B
96,8154.141446848575,6409.549891738375,5040.604420159389,28854.62097558391,0.6999520408421416,0.5171269073599942,0.47171243481952757,2.509456963346407,59.73697380599879,12,True,,,,,,,deltaRIC0.5,BLS-B
97,8154.265549520695,6408.9428148378265,5041.577000129882,28857.271856466414,0.7000297661455349,0.5171331220597515,0.47182094862193885,2.5097331184324623,9.371517427000072,5,True,,,,,,,deltaRIC0.5,BLS-B
98,8154.298861394422,6410.012584454546,5040.270685992242,28856.577263687464,0.7000318317687926,0.5171745121836668,0.4717786445327485,2.509779577900875,8.797611686999517,4,True,,,,,,,deltaRIC0.5,BLS-B
99,8153.808459011903,6409.637175312009,5039.954728676871,28851.32540646991,0.6999128941174805,0.5170388368410131,0.4717508882344573,2.5093640573445124,13.031578727999658,5,True,,,,,,,deltaRIC0.5,BLS-B
100,8153.811086886206,6410.0122853512885,5039.4818922458635,28850.96341261889,0.6999027499057737,0.5170113508960237,0.4717659614367411,2.509404595050387,11.04403536999962,4,True,,,,,,,deltaRIC0.5,BLS-B
101,8153.933406229415,6409.777495931355,5039.9784172033915,28852.468259405352,0.6999943897011885,0.5171037782677425,0.4718006232661893,2.5095612375369654,4.556094946001394,3,True,,,,,,,deltaRIC0.5,BLS-B
102,8153.9860820502145,6410.357596398754,5039.325799406243,28852.203068794737,0.6999480107713384,0.5171863060171051,0.47164132839599093,2.5093859153664946,5.849908710999443,4,True,,,,,,,deltaRIC0.5,BLS-B
103,8154.447674205739,6409.736613715715,5040.862368102466,28858.676745919332,0.7000039572402247,0.5171034541885144,0.4718151733658862,2.5098898724238063,7.779260870000144,4,True,,,,,,,deltaRIC0.5,BLS-B
104,8153.320066958774,6411.314401330685,5037.030450728124,28843.903182529255,0.6998183510507072,0.5171562580640799,0.4714818439902959,2.508761565347916,7.912297378999938,4,True,,,,,,,deltaRIC0.5,BLS-B
105,8153.473847823216,6412.166798632249,5036.194270841364,28847.38098747457,0.699944567319007,0.517351655743429,0.47145483518458525,2.5091150101241886,7.913272296000287,4,True,,,,,,,deltaRIC0.5,BLS-B
106,8154.203228945324,6409.236107614555,5041.1033331793715,28855.732072818624,0.6999732231201281,0.5170387082212191,0.47184053162706757,2.50970257199321,12.776427254999362,6,True,,,,,,,deltaRIC0.5,BLS-B
107,8153.944374580119,6410.76187615851,5038.743993391547,28850.556956327477,0.6999408884484377,0.517127687535316,0.4716950308264492,2.5094239922195736,6.1888159589998395,3,True,,,,,,,deltaRIC0.5,BLS-B
108,8153.809257291794,6411.083092082333,5038.116611464388,28850.51097746387,0.699911931061573,0.5172439888183059,0.47152451396896466,2.5091695559959626,8.102922427000522,4,True,,,,,,,deltaRIC0.5,BLS-B
109,8154.938869007165,6409.260414077328,5042.262280146203,28862.969690433383,0.7000376506538634,0.5170247656774873,0.4719513788613397,2.5102419393354087,6.0500505569998495,3,True,,,,,,,deltaRIC0.5,BLS-B
110,8154.606766723418,6409.232803229941,5041.760247561622,28863.082370759515,0.7001631912743995,0.5172568309211467,0.4718833174429497,2.5102266454575917,4.357855779999227,3,True,,,,,,,deltaRIC0.5,BLS-B
111,8153.848522443989,6410.6870506258465,5038.684080779438,28845.99541721221,0.6997784834980898,0.5170882008424385,0.471497315492269,2.5088180992801523,64.82207100999949,12,True,,,,,,,deltaRIC0.5,BLS-B
112,8154.263384940091,6408.895341580705,5041.633847438724,28857.288103719722,0.7000031225152826,0.5170686792180729,0.47185204514002427,2.5097554491627294,3.26542003600116,3,True,,,,,,,deltaRIC0.5,BLS-B
113,8154.681872518387,6409.9254638786715,5041.001090011763,28862.165427312564,0.700125523005569,0.5171569484129079,0.4719369011553032,2.510309644244612,9.837768941999457,4,True,,,,,,,deltaRIC0.5,BLS-B
114,8154.325781703848,6409.228386533256,5041.31138131899,28856.218885331655,0.6999885019126898,0.5170533039925792,0.4718472037008688,2.509719130238439,16.73994297900026,5,True,,,,,,,deltaRIC0.5,BLS-B
115,8154.2987345217925,6409.6789070631285,5040.694809267245,28856.02814680201,0.6999768009987304,0.5171262201088704,0.47174992783500064,2.509628295604862,6.207763246999093,3,True,,,,,,,deltaRIC0.5,BLS-B
116,8153.695834449522,6411.324220739258,5037.62617681003,28846.60403176101,0.6998305889583367,0.5170209869278666,0.471648335434259,2.5091626930948046,7.4799793229994975,4,True,,,,,,,deltaRIC0.5,BLS-B
117,8154.319943557334,6409.869964949018,5040.486164482683,28859.480496606287,0.7000424265829809,0.5172185580028722,0.471746078175132,2.5098531433632947,3.9936955270004546,3,True,,,,,,,deltaRIC0.5,BLS-B
118,8153.783889414913,6411.390904975124,5037.683830778232,28851.64592407626,0.7000119008123241,0.5173075527241369,0.47160317765410303,2.5094659497580287,49.34075220500017,12,True,,,,,,,deltaRIC0.5,BLS-B
119,8153.874425096687,6409.887813785878,5039.742687372554,28853.58923669775,0.7000339025296536,0.5172069903310847,0.4717461116358649,2.509545545117455,7.724638493000384,4,True,,,,,,,deltaRIC0.5,BLS-B
120,8154.611502193499,6408.078287754864,5043.235212610177,28859.23296347729,0.6999662562984765,0.5168701240820922,0.4720148671258854,2.5099797528054997,48.01527774299939,12,True,,,,,,,deltaRIC0.5,BLS-B
121,8153.77281542747,6410.135092646529,5039.263757695709,28849.942452990043,0.6998917527331482,0.5171426296434566,0.47160573167565384,2.509181894151745,12.8826963850006,5,True,,,,,,,deltaRIC0.5,BLS-B
122,8153.970189095299,6410.0852472846955,5039.646512127406,28850.625651588893,0.699868951743724,0.517074494417939,0.4716466016386548,2.5092131492175755,10.573604228999102,5,True,,,,,,,deltaRIC0.5,BLS-B
123,8153.938413374356,6410.950746776219,5038.49403805456,28854.5053503407,0.7000271460090106,0.5174313477733199,0.471489984507631,2.509403918003374,6.784372002000964,3,True,,,,,,,deltaRIC0.5,BLS-B
124,8153.8560932705905,6410.24287632209,5039.261399880725,28852.486645598226,0.6999448701897824,0.5171064643921522,0.4717242052183025,2.509473149914502,5.301033009998719,4,True,,,,,,,deltaRIC0.5,BLS-B
125,8154.403072811713,6410.724827516844,5039.533377182875,28856.865512621745,0.6999566354384495,0.5171122745458886,0.4717352933672571,2.5097667215469355,5.005791158999273,3,True,,,,,,,deltaRIC0.5,BLS-B
126,8153.356623366907,6410.932788506001,5037.575310509977,28847.046263896755,0.6998811498021321,0.517246027880964,0.4714765853037876,2.508912815076249,6.700771811998493,3,True,,,,,,,deltaRIC0.5,BLS-B
127,8154.411586259487,6409.84113926927,5040.6710751103565,28860.74542762029,0.7000092922342857,0.517137133053046,0.4717861749055623,2.509922443179567,6.699677574000816,3,True,,,,,,,deltaRIC0.5,BLS-B
128,8153.836757262261,6410.030455629329,5039.500314712322,28850.921586839115,0.6999431066564838,0.5171127816822806,0.47171466330478223,2.509368386933993,8.55761801600056,3,True,,,,,,,deltaRIC0.5,BLS-B
129,8153.836116626431,6410.294717859667,5039.163129625997,28850.75653375737,0.6999508861807385,0.5172026982252758,0.4716276200708517,2.5092528686011346,5.6591640490005375,3,True,,,,,,,deltaRIC0.5,BLS-B
130,8153.293924565485,6411.100993252058,5037.259758507489,28843.80604499833,0.6997953881439615,0.5171654405456674,0.47143768662757907,2.5087015196290205,10.093662070999926,5,True,,,,,,,deltaRIC0.5,BLS-B
131,8154.5455095323505,6408.502030205672,5042.5900285353355,28857.084506252068,0.6999540438441009,0.5170090185934247,0.4718446123320402,2.5096680259637303,9.005480830001034,4,True,,,,,,,deltaRIC0.5,BLS-B
132,8154.072271049864,6410.173333239754,5039.699637808411,28853.557472745488,0.6999378061836511,0.5170337382197228,0.47179343580397715,2.5095896535750897,4.381924153,3,True,,,,,,,deltaRIC0.5,BLS-B
133,8154.413144040356,6409.0686098919205,5041.655807112993,28855.944637164088,0.6999121151522719,0.5170827264315606,0.4717016249315143,2.5094375842417485,14.828345990999878,5,True,,,,,,,deltaRIC0.5,BLS-B
134,8154.391209860999,6409.371482497213,5041.2352854047385,28859.844023977985,0.7001283405325086,0.5172684785315106,0.4718188363498225,2.5099658423124587,7.596253376999812,3,True,,,,,,,deltaRIC0.5,BLS-B
135,8154.24861481279,6409.2913401180995,5041.106524332077,28857.467966776698,0.6999939662863223,0.5170409273991303,0.4718688718611391,2.5098276474482994,6.672812642998906,3,True,,,,,,,deltaRIC0.5,BLS-B
136,8153.99057793601,6411.614286202467,5037.73407297702,28852.684316069928,0.6999736700704209,0.517252682936715,0.47160661656366165,2.5095215642232627,4.386139152000396,3,True,,,,,,,deltaRIC0.5,BLS-B
137,8154.5298848284965,6408.402548333729,5042.691188350802,28859.85127654536,0.6999905471384443,0.5169815938021758,0.4719288058096695,2.5099366924952107,3.961677598001188,3,True,,,,,,,deltaRIC0.5,BLS-B
138,8154.3817220921255,6409.6691085073835,5040.84151596103,28857.395130696215,0.6999918899223423,0.517083447268672,0.47181919685171686,2.50980863589804,5.992490942000586,3,True,,,,,,,deltaRIC0.5,BLS-B
139,8154.531448226122,6409.528870500871,5041.262024366979,28859.798920953643,0.7000301048641779,0.5171017298870673,0.4718558558118724,2.5099742447764335,6.178982953999366,4,True,,,,,,,deltaRIC0.5,BLS-B
140,8154.44737060169,6409.267380319277,5041.458476223729,28859.22472042623,0.7001023254797785,0.5171434783581588,0.471917247972373,2.5100337668257335,11.24545222300003,4,True,,,,,,,deltaRIC0.5,BLS-B
141,8154.124629572442,6409.880565874994,5040.156704490246,28855.67423439088,0.7000093162160677,0.5171226018088149,0.4718021380703658,2.5097417303268736,8.180751599998985,4,True,,,,,,,deltaRIC0.5,BLS-B
142,8154.187250168824,6409.777378951443,5040.389237261162,28850.700486662652,0.6998343374525593,0.5169533154485724,0.471728067348543,2.5092648201523478,13.03207830500105,6,True,,,,,,,deltaRIC0.5,BLS-B
143,8154.979893724457,6408.156341044418,5043.731691494143,28864.775738175314,0.7000694278839371,0.5170552825378232,0.47196508203200266,2.510242084473634,5.2214068900011625,4,True,,,,,,,deltaRIC0.5,BLS-B
144,8154.615710196504,6408.870580218287,5042.23514594432,28859.481669124714,0.6999932932955302,0.517070728626064,0.4718352172706415,2.5098273815029293,8.920956587000546,4,True,,,,,,,deltaRIC0.5,BLS-B
145,8154.221428763778,6411.026456238692,5038.855712036014,28855.148884775554,0.6999580159024483,0.5171560865117675,0.47168931110416884,2.5096781428030774,4.721092579999095,3,True,,,,,,,deltaRIC0.5,BLS-B
146,8154.8495250250035,6409.372238769867,5041.9756326946535,28861.793596978026,0.7000135831702473,0.517097725158118,0.4718357333428109,2.510006044763482,5.9448632130006445,3,True,,,,,,,deltaRIC0.5,BLS-B
147,8153.736497153399,6411.082180484602,5038.00001390276,28849.7316853739,0.6999109501959828,0.5171698951625459,0.4716043232857442,2.5092726485714514,8.193920247000278,4,True,,,,,,,deltaRIC0.5,BLS-B
148,8153.6568858175815,6410.631228183938,5038.444985099408,28848.658005468467,0.6998674387926365,0.517042949134869,0.4716789380840338,2.5092135420501003,8.99530539999978,4,True,,,,,,,deltaRIC0.5,BLS-B
149,8154.046175560736,6410.402139263576,5039.366373474112,28854.565500497578,0.699960242797529,0.5171018156343694,0.4717521105038265,2.5096271582265612,6.488112979001016,5,True,,,,,,,deltaRIC0.5,BLS-B
150,8154.212525151351,6409.690319885533,5040.54083492048,28855.306078252812,0.69998305756821,0.5169381065853917,0.47196533224639514,2.509920970809653,7.500184022999747,4,True,,,,,,,deltaRIC0.5,BLS-B
151,8153.8179838529095,6411.4163765364065,5037.706597300394,28848.307512540625,0.6998589854745925,0.5172195191266229,0.47147276547426464,2.5090458816497847,6.266723389000617,3,True,,,,,,,deltaRIC0.5,BLS-B
152,8154.015371731685,6409.7939251251,5040.090130133188,28850.89430757926,0.6998205816998593,0.51704437362049,0.47160784798190597,2.509111305594546,4.183703299999252,3,True,,,,,,,deltaRIC0.5,BLS-B
153,8154.680516489723,6408.379635064816,5042.9638883204025,28861.7418153774,0.7000443245131232,0.5169851240845189,0.47200470099179037,2.5101571796629165,8.242192990001058,4,True,,,,,,,deltaRIC0.5,BLS-B
154,8153.917007342471,6410.434834939763,5039.115774579863,28854.39528792078,0.7000531541257897,0.5172887489324312,0.47168503138152146,2.5095901113728205,6.915970340000058,3,True,,,,,,,deltaRIC0.5,BLS-B
155,8154.409372608355,6409.709858265967,5040.834429827175,28859.29443369724,0.7000210586155107,0.5171431645460708,0.4717970218944326,2.5098800344239627,8.58539458100131,4,True,,,,,,,deltaRIC0.5,BLS-B
156,8153.437350337139,6411.738009997778,5036.681081528034,28843.9053463701,0.699779692483942,0.5171192199677938,0.47146508921957403,2.5087912451708285,8.366662925000128,4,True,,,,,,,deltaRIC0.5,BLS-B
157,8154.4048833193765,6409.837364731388,5040.665031401736,28855.879194472873,0.6998876952070868,0.5169971283794049,0.4717592131053056,2.509588132130043,9.172526346999803,3,True,,,,,,,deltaRIC0.5,BLS-B
158,8153.375361401625,6410.867903741619,5037.688210348733,28845.340684756247,0.6998873660993535,0.5172337022695476,0.47149933452978227,2.508868611340878,5.733897551999689,3,True,,,,,,,deltaRIC0.5,BLS-B
159,8154.15026309094,6409.608179141288,5040.544564127088,28855.926296466216,0.7000506974835496,0.5171041655987202,0.47188373670604045,2.509853105089005,6.317125462001059,3,True,,,,,,,deltaRIC0.5,BLS-B
160,8154.3192248669675,6409.563633844491,5040.874531738834,28861.37990687771,0.7001226320894568,0.5173439224326244,0.4717276395187117,2.509924351515622,10.38830015900021,4,True,,,,,,,deltaRIC0.5,BLS-B
161,8154.070595765099,6409.446165945765,5040.621700402059,28852.66245439524,0.6998627976420695,0.5169139912359554,0.47181337538045576,2.509476190685257,6.049077401999966,3,True,,,,,,,deltaRIC0.5,BLS-B
162,8154.111077845448,6410.635481904468,5039.174554229027,28857.157833913363,0.7000335116395126,0.5172517371694894,0.47169646788320674,2.509791174457938,4.363076002999151,3,True,,,,,,,deltaRIC0.5,BLS-B
163,8154.359417145357,6409.2195634630025,5041.377003489253,28856.182865901184,0.6999639338798607,0.5170488013155585,0.4718156904880485,2.5096750124254616,10.698460677000185,5,True,,,,,,,deltaRIC0.5,BLS-B
164,8154.127478924737,6409.758734545743,5040.316250739634,28854.086615724304,0.6999124861503263,0.5170090758019003,0.471782899019873,2.509565841102278,13.242485478000162,4,True,,,,,,,deltaRIC0.5,BLS-B
165,8154.293521670918,6409.746665356852,5040.600214608476,28857.01689779507,0.7000267700821231,0.5172693762789817,0.4716671190527943,2.5096315183461417,4.35832733999996,3,True,,,,,,,deltaRIC0.5,BLS-B
166,8154.515189841461,6409.837023848076,5040.843908420645,28861.51735028745,0.7000771779632793,0.5170779633810045,0.4719517294075545,2.5102393533664893,4.831259421000141,3,True,,,,,,,deltaRIC0.5,BLS-B
167,8154.004844609062,6409.570791894516,5040.356859350414,28852.882064112528,0.6998671532301073,0.5170257756631123,0.4716973388417319,2.50934046138943,5.794821366000178,4,True,,,,,,,deltaRIC0.5,BLS-B
168,8153.849129798897,6410.26007613225,5039.228253201793,28850.28962123876,0.699902655213482,0.5171137305959985,0.471653597891473,2.509280202105521,49.28634115600107,13,True,,,,,,,deltaRIC0.5,BLS-B
169,8154.360901933264,6409.509336554712,5041.010988243912,28854.984412521786,0.6998626072067717,0.5168922611687171,0.47183689905533116,2.5096268742309187,9.699772309999389,5,True,,,,,,,deltaRIC0.5,BLS-B
170,8153.956803897898,6411.906252449914,5037.3077898443435,28853.048038674184,0.6999537544708235,0.517227316264095,0.47160487880008595,2.5095517247685186,56.91133793299923,13,True,,,,,,,deltaRIC0.5,BLS-B
171,8154.306195474335,6410.135064540401,5040.126782522517,28851.962612678577,0.6998081779800411,0.5169300500330968,0.47171475421119163,2.509353356466086,15.738410680000015,6,True,,,,,,,deltaRIC0.5,BLS-B
172,8154.06222826879,6409.852780918721,5040.091085429738,28852.501149093445,0.6999134071069203,0.5171709347896697,0.47160682952730537,2.509243681123797,4.502081844000713,3,True,,,,,,,deltaRIC0.5,BLS-B
173,8153.42361543244,6411.218588510919,5037.320008002613,28847.381661204996,0.6999273406508009,0.5172445528471884,0.47154676834903086,2.5090752544768278,10.459741606000534,4,True,,,,,,,deltaRIC0.5,BLS-B
174,8153.51768697258,6411.812906148384,5036.71578792408,28844.840086062926,0.6998081861427209,0.51710991037567,0.47151759032260027,2.5089601216657016,48.25180778499998,13,True,,,,,,,deltaRIC0.5,BLS-B
175,8154.250987375088,6410.1122203845525,5040.066516146807,28854.58241464689,0.6999040453500666,0.5171350881361492,0.4716322437194103,2.5094022335636605,6.2139503930011415,3,True,,,,,,,deltaRIC0.5,BLS-B
176,8154.2287406791365,6409.855182196683,5040.357417741721,28855.60703641987,0.7000112724947293,0.5171660466553711,0.4717574183905798,2.5096505489097782,4.3334264469995105,3,True,,,,,,,deltaRIC0.5,BLS-B
177,8153.642254375329,6410.221652062898,5038.942387422067,28846.725125506895,0.6997927466609141,0.5170114085147067,0.47160268420023366,2.5089433083940036,7.643222658000013,3,True,,,,,,,deltaRIC0.5,BLS-B
178,8153.825422593764,6410.23843586089,5039.217421142703,28852.793022004396,0.6999494567450626,0.5170799910070587,0.4717600289319226,2.50951959400471,6.263407600999926,3,True,,,,,,,deltaRIC0.5,BLS-B
179,8153.88198431185,6410.4616017463295,5039.0250512000075,28852.419684745677,0.6999482325093869,0.5171144635611307,0.47172042543110076,2.5094817748399847,11.356089725000857,4,True,,,,,,,deltaRIC0.5,BLS-B
180,8154.554251922501,6408.883317432073,5042.119561363869,28862.856337439756,0.700130355078868,0.5172351817998577,0.47185832705519776,2.510089142487066,13.291689125999255,5,True,,,,,,,deltaRIC0.5,BLS-B
181,8154.979511808473,6408.26993654381,5043.586745402992,28860.854522363075,0.699973546764484,0.5170263153420984,0.47185459138788116,2.5098685977909923,7.587792317999629,3,True,,,,,,,deltaRIC0.5,BLS-B
182,8154.645404295175,6410.201592678044,5040.590958510745,28860.587436181624,0.7000622966358048,0.5171014376741334,0.47190393336604214,2.5102013379365906,4.357977559000574,3,True,,,,,,,deltaRIC0.5,BLS-B
183,8154.233991599407,6409.8322371226295,5040.395091825511,28857.056536094362,0.6999972420409843,0.5171173220626685,0.4717900105849199,2.5097690717637704,13.816837039001257,6,True,,,,,,,deltaRIC0.5,BLS-B
184,8154.251766625855,6410.280610496969,5039.853605830976,28858.63214122278,0.7000889641104338,0.5173063658719756,0.4717188585349857,2.509845016645567,4.384266604000004,3,True,,,,,,,deltaRIC0.5,BLS-B
185,8153.763243656408,6409.425032579363,5040.151365321018,28850.671942364912,0.6998842142450469,0.5171088502139598,0.47163158331456484,2.5091030095646967,7.293384193999373,4,True,,,,,,,deltaRIC0.5,BLS-B
186,8154.725370703161,6408.854097186959,5042.4334435428855,28858.83781089933,0.6999584452310751,0.5170182151585175,0.47184106460184744,2.5097805733937766,7.582147340999654,4,True,,,,,,,deltaRIC0.5,BLS-B
187,8153.813141473183,6410.149908228798,5039.310161132683,28850.928204763768,0.6999327466967723,0.517126970268736,0.4716837356949737,2.5093471659922844,8.681538223001553,4,True,,,,,,,deltaRIC0.5,BLS-B
188,8154.01455288413,6409.721482491503,5040.180933809134,28852.88260528717,0.6999241714650183,0.517005857089833,0.4718037616804252,2.509508562201739,6.043313413998476,3,True,,,,,,,deltaRIC0.5,BLS-B
189,8153.9102658548245,6408.613188038289,5041.421389817995,28851.543740057812,0.6998860166859708,0.5168919840028745,0.47187192460044414,2.5094001052580412,8.574889981000524,3,True,,,,,,,deltaRIC0.5,BLS-B
190,8154.45229570959,6409.518029412241,5041.147773438387,28857.622087452386,0.6999974252424621,0.517136439769908,0.47176932711673886,2.509735090742231,6.646637257999828,4,True,,,,,,,deltaRIC0.5,BLS-B
191,8154.688054556215,6409.444702304401,5041.622345557418,28863.251293725603,0.700165002741843,0.5173544249381257,0.4717790055327031,2.510110348694531,10.020836001000134,3,True,,,,,,,deltaRIC0.5,BLS-B
192,8153.27757724712,6411.610876295237,5036.584281297523,28840.005675491444,0.6996293582487176,0.5169669426695415,0.4714089722421705,2.5083994711468915,9.045843116999094,4,True,,,,,,,deltaRIC0.5,BLS-B
193,8153.866172678896,6410.367573216079,5039.119083551903,28852.0442777058,0.6999592351428306,0.5172030782947634,0.4716395940378176,2.509358200981423,9.016712931999791,3,True,,,,,,,deltaRIC0.5,BLS-B
194,8153.979815571777,6409.689850754991,5040.164962566248,28852.657367269756,0.6999342175261766,0.5170525920566255,0.47176744897407435,2.5094699825438522,9.686628711000594,6,True,,,,,,,deltaRIC0.5,BLS-B
195,8154.5447371996415,6409.78557285322,5040.957129457964,28858.900376806334,0.7000542434442074,0.5172111250040959,0.4717717625465083,2.5099147483357815,5.660828023999784,3,True,,,,,,,deltaRIC0.5,BLS-B
196,8154.397599900893,6409.134747648853,5041.546588473573,28857.398451282435,0.6999635393268486,0.5170155118624462,0.4718515835308613,2.509780589382658,5.955558943000142,4,True,,,,,,,deltaRIC0.5,BLS-B
197,8154.717030000222,6409.1505985647655,5042.043082351891,28863.605124955346,0.7001381231961826,0.5171906287638885,0.4719186848086083,2.510262567419792,11.242679293000037,4,True,,,,,,,deltaRIC0.5,BLS-B
198,8154.663307948271,6408.88150012514,5042.298244189013,28859.013608685153,0.6999088628380506,0.516887746362705,0.4719104511868087,2.5098376598863483,6.558815094000238,3,True,,,,,,,deltaRIC0.5,BLS-B
199,8154.122905828869,6409.669278163272,5040.422612036908,28857.304363003543,0.7000238483497195,0.5171119170279287,0.47183540936014096,2.5098210657064097,11.231574966001062,5,True,,,,,,,deltaRIC0.5,BLS-B
200,8154.664137882832,6409.064983371886,5042.066366142822,28858.979868254803,0.6999996714526894,0.5170806032635968,0.4718338582196363,2.509873128918782,69.0888851489999,13,True,,,,,,,deltaRIC0.5,BLS-B
1,13.701180984307527,11.478694997965844,7.480770114662263,37.89562329224191,0.014230277815784289,0.0018343664485757985,0.014111552233781438,0.4449576783940253,16.775159216998873,5,True,,-0.001362225907540815,0.001156433485475561,0.0023813398481493664,0.0029772096503082545,-3.459384599067562,deltaRIC0.5,BLS-G
2,14.838887647336929,12.79754931333288,7.511013126276751,44.50481637083281,0.015470641118471877,0.0019105334867818612,0.015352218029080942,0.4950636666705644,9.02840255999945,4,True,,-0.0037056089056271,0.0003379670480774255,-0.00047903862014259113,0.0037516978938391564,-18.29316116985865,deltaRIC0.5,BLS-G
3,14.571584288803235,12.023428057429,8.232147133860424,48.281351850436415,0.015000970221228788,0.002043854487887509,0.014861082275882027,0.47682792661589146,9.307552046000637,4,True,,-0.003597065836224156,0.0002432641966864102,0.0004495121648893097,0.0036331971163018313,-12.905857312616718,deltaRIC0.5,BLS-G
4,12.929070439542214,10.901638805267577,6.950908846340056,44.08855812617353,0.015169116789283985,0.0020487362729137005,0.015030129202737578,0.48376378207001897,12.040914635999798,5,True,,-0.0030286420062912156,0.00046014610129918587,-1.569921214278347e-05,0.003063438150522126,-14.945314158387191,deltaRIC0.5,BLS-G
5,14.442715341624528,12.255040669870255,7.6423821298743295,55.69307968923708,0.018061444808507347,0.002239279872877362,0.017922092908521686,0.5768075037982878,12.995703229000355,4,True,,-0.005106361459216724,-0.0002949601300843985,0.0004905089476945346,0.005138339017453184,-43.50701031105564,deltaRIC0.5,BLS-G
6,15.403153523048859,13.964672829270732,6.499619313932183,47.7794415163668,0.01414093311413416,0.0020443561436803547,0.013992376399175813,0.4381305195244837,9.414477426000303,4,True,,-0.003473126860503939,0.0007519573644070299,1.0949950018823706e-05,0.0035536136492935366,-1.5078616494793096,deltaRIC0.5,BLS-G
7,12.357553020580632,10.5958748191592,6.358974246933968,32.86363251441822,0.017032278001045665,0.0019468814295241627,0.016920642617946815,0.5484942545773625,11.56313355400016,5,True,,-0.0013999753261276782,0.0008251520183383265,0.00032039038966225064,0.001656338361845804,-34.31379931503034,deltaRIC0.5,BLS-G
8,15.359219586874797,12.87369831279262,8.376963535138424,49.39598820425394,0.015540367250288708,0.0019012426857870114,0.015423627670674211,0.4990711599576708,11.609550215000127,5,True,,0.0003218955599372242,0.0013286029072239192,0.00013053046902888887,0.0013732591306581765,-19.31662339822651,deltaRIC0.5,BLS-G
9,13.228366046684206,11.046017805858636,7.278403595413043,41.478364383005484,0.016222818000699253,0.0019073282647749602,0.016110304862857257,0.5227354552628434,17.057467041000564,5,True,,-0.0009130374639962913,0.0009214563169770429,-0.000308236114197169,0.001333314912859316,-26.481310941453557,deltaRIC0.5,BLS-G
10,14.54911789192035,12.50194768615935,7.4416487074795254,43.09805957782901,0.013051151597035316,0.0018364882895507177,0.012921295166164286,0.35217261740131417,9.50848193100137,4,True,,-0.0012779081718681806,0.0016197694272150898,-0.00021784955874759593,0.002074647132240733,23.613018087307864,deltaRIC0.5,BLS-G
11,15.803719615250001,14.85734646200723,5.386725330413539,37.39146216219828,0.014520449354143747,0.0018918307271567159,0.01439668107398505,0.4579279806000846,65.73037143200054,13,True,,-0.0021724769812925815,0.0010072544608453748,0.0005417561162682771,0.002455141029076155,-7.1423119060418685,deltaRIC0.5,BLS-G
12,14.847049879578385,12.118517844977788,8.5776695767349,54.70192112551157,0.01762714821338128,0.0022345811076496043,0.01748493641423515,0.5646152537199884,9.203715300000113,4,True,,-0.004501545706552479,-0.00027465040895019444,0.001441514948634759,0.004734692380974189,-39.5459824275531,deltaRIC0.5,BLS-G
13,13.888735914930246,12.252237183113932,6.540616891654311,39.97837428139645,0.013583487795899338,0.0019257065853637992,0.013446292977933835,0.4061755652208248,9.44275441499849,4,True,,-0.00197945170976066,0.0012117301073554243,0.00048744021423108297,0.0023715220612078717,7.540733594199992,deltaRIC0.5,BLS-G
14,10.128714216518604,8.980653319442814,4.683878482186195,44.604253914472785,0.015645483610771657,0.0018325666059268296,0.01553778803593891,0.5027791051042041,8.905240976999266,4,True,,-0.0029224937345861957,0.0006319527962920235,0.0006150935433464344,0.0030526503292226817,-20.677837164250377,deltaRIC0.5,BLS-G
15,12.865373845969517,12.162745178114125,4.193503777131732,35.265161095938744,0.015240618703851218,0.0017669088720948462,0.015137849633085015,0.4880273584391396,9.35598881399892,4,True,,-0.0025442280607044787,0.0006963398183742475,0.0005404159179042134,0.0026925888902418443,-15.98013317368168,deltaRIC0.5,BLS-G
16,14.051220281917121,12.3432197249056,6.714292087306025,38.81121693028884,0.016964547516374932,0.0019093802344247487,0.016856753529542128,0.5464312924732726,12.796390056999371,4,True,,-0.0020423241452826035,0.00028416608537329413,0.0018587263946289179,0.0027760947549698147,-33.73089661035192,deltaRIC0.5,BLS-G
17,12.491816240932517,11.079958611215742,5.768881188841694,38.6802566877082,0.01553944612551024,0.0017746429703560786,0.015437779251414397,0.49925324062032084,11.805927499999598,5,True,,-0.0026669190213709504,0.0005225538211816039,0.001848880592297819,0.003286925464192521,-19.42917017770378,deltaRIC0.5,BLS-G
18,17.618794239930075,15.573980700121586,8.238509308196086,60.77134372155638,0.017277042168585152,0.0025480398602288432,0.017088115137889093,0.5531702430603817,11.668394723999882,5,True,,-0.004288645901517396,0.0001202587115419762,-0.00030762434555997586,0.004301346133977699,-36.20121233483951,deltaRIC0.5,BLS-G
19,13.084162402818968,10.88343543588616,7.262653708957827,40.9254195485813,0.015256444141805051,0.00167143977272262,0.01516460935659665,0.4888117739394183,12.855453168000167,4,True,,-0.0019363475587823031,0.0005629626695988765,0.0010157865195634663,0.0022579174230008808,-16.308763751512743,deltaRIC0.5,BLS-G
20,11.80340507365479,10.809519464740891,4.740744696159817,37.97799869409742,0.0151850036226948,0.0017690350333367105,0.015081606349195087,0.48557711895788164,18.735552029000246,6,True,,-0.002564126977172898,0.0007235106527982982,7.509272109318399e-05,0.0026653055615706847,-15.384892385620333,deltaRIC0.5,BLS-G
21,11.47479855953832,10.240469315922597,5.177237697037915,35.41937975069931,0.01582061912966503,0.0016151427646832607,0.01573795741179949,0.5096990867880549,11.727846623000005,5,True,,-0.0024033609022680036,0.0006425852891630557,0.0007057303060495901,0.0025859456191645036,-22.590739432620467,deltaRIC0.5,BLS-G
22,11.061775671953214,10.24571619255436,4.169913754293412,34.25193035885947,0.01554726559435443,0.0018130697540826894,0.015441186661919076,0.49968801996382217,8.594930266001029,4,True,,-0.00198709365209343,0.0008251034580447625,0.0014041631108374641,0.002569243262228039,-19.702259528778086,deltaRIC0.5,BLS-G
23,16.56481865188936,14.73081280920671,7.576039265347905,42.430699871899144,0.014089446304585399,0.0018603104508707444,0.01396609258870126,0.437252441048105,15.966546449000816,5,True,,-0.0019363737577500206,0.0010912747399285383,0.0008897954601022606,0.00239419294304524,-1.4928719499512226,deltaRIC0.5,BLS-G
24,13.870788716739753,11.559772603614386,7.666187903851631,48.18337342880142,0.017035662612700304,0.0019109660621923301,0.016928142525478224,0.5479706509291973,13.91326717300035,4,True,,-0.0042723559370940745,0.0002784617485143137,0.00015147946947613455,0.004284099932107257,-34.32970566169388,deltaRIC0.5,BLS-G
25,9.32265507948763,7.337783751582782,5.750550177687716,38.43133677326621,0.015136936424760213,0.001710862441165012,0.015039939961138258,0.4841462040222546,9.402160820000063,4,True,,-0.002299111186376268,0.0007523440624789268,0.0007474421674187326,0.0025319169870482326,-15.086181084909185,deltaRIC0.5,BLS-G
26,10.701659453541524,10.036013979576973,3.715365185457582,39.147640005618584,0.014992395355744897,0.0017349670727303218,0.01489166907232036,0.47845108333948033,10.734874268999192,5,True,,-0.0029440164046610207,0.0008918870041126903,0.001222645251753418,0.0033102199973194368,-13.321391992649296,deltaRIC0.5,BLS-G
27,13.90562209574209,12.284987533611277,6.515013980691533,45.31507422619803,0.017647703144533917,0.002204853019199211,0.01750942744470305,0.5653637299258487,11.930164415000036,5,True,,-0.00442649531873518,-3.081374058466757e-05,0.0001550255467666073,0.004429316337037079,-39.81154109572526,deltaRIC0.5,BLS-G
28,13.039521785731166,10.70543977105464,7.444641543343724,46.18085943984034,0.01615550254253753,0.0020662828237306857,0.016022819280460357,0.5192822503330126,16.833834708999348,5,True,,-0.00372689723085462,8.240301733442035e-05,0.0008251524470120897,0.0038180400452886413,-25.538268478056125,deltaRIC0.5,BLS-G
29,12.03870727494501,11.372118807241218,3.950365386366743,41.41281466648646,0.017458142250893708,0.001999040680886818,0.017343314769922145,0.5610257828430973,9.385769652000818,4,True,,-0.002299316541125196,0.000470480979592347,0.0007486945233829978,0.0024634837928823082,-38.307580772154324,deltaRIC0.5,BLS-G
30,16.196470602181517,14.830947312962593,6.509121428231134,45.648968999061466,0.01801788715296077,0.002243525570076448,0.01787766345116838,0.5763367607937221,12.774582207999629,4,True,,-0.0020059963881379206,0.0007518207953131073,2.029562359995296e-05,0.0021423510286190093,-43.26479270700656,deltaRIC0.5,BLS-G
31,14.320505586502085,12.620722826051546,6.767143828899967,40.826977578678004,0.014746734818179697,0.001966008103868063,0.014615094934116526,0.46751137047098124,6.748450869999942,4,True,,-0.0011864202792803424,0.000979435032536835,9.737618631777689e-05,0.001541547334242407,-10.118594857245625,deltaRIC0.5,BLS-G
32,15.75043781142972,13.325922061515005,8.396195118155765,42.44300292557771,0.01502910287721812,0.002047259633648031,0.014889011427440079,0.47866178914970275,7.10819596500005,3,True,,-0.0022189195793562155,0.00040312345086523926,0.002026528651068449,0.0030319846618822414,-13.456138017063495,deltaRIC0.5,BLS-G
33,12.880764529498537,11.180813143523418,6.395585376961331,49.495678488583344,0.017219276139596482,0.0020488212397142104,0.017096953012141453,0.5530343329063615,9.395970679999664,4,True,,-0.003923903208931434,-7.279654544556369e-05,0.0003229976864187467,0.0039378475383797015,-35.850819982384564,deltaRIC0.5,BLS-G
34,14.716884322333506,11.76406323666309,8.842708879112648,48.45289113938046,0.014804245349351895,0.0018752587314716765,0.014684995235063798,0.47044590873306735,11.877724224999838,5,True,,-0.00033395382780532223,0.0011897258787113563,0.0011644339134286863,0.0016979043448687506,-10.870470992012997,deltaRIC0.5,BLS-G
35,15.317551506943103,14.059013791725016,6.080420657482563,36.004002982320664,0.017445055764274693,0.001953729050387971,0.017335308287317074,0.5606483564231668,16.007895811000708,5,True,,-0.0026457442448415414,0.0006294082064047801,0.0006404632844335678,0.002793977544310128,-37.99538780847797,deltaRIC0.5,BLS-G
36,19.67992261610071,18.075387615398625,7.783297291560061,54.71041812333546,0.018003355510908873,0.0025068307811011237,0.0178279726577953,0.5751042778171098,7.686908952999147,5,True,,-0.004903921082819784,-0.00019403617289098785,0.0037483751210687366,0.0061754682471179155,-42.90639145395835,deltaRIC0.5,BLS-G
37,13.634498591574546,12.193224570348676,6.101215159350936,45.718658327058115,0.017089866492733204,0.0020227094491247033,0.01696974316906024,0.5497724768337172,15.899819612999636,4,True,,-0.0037491910350979096,0.00036482003497229076,0.002186511940324043,0.0043554978522271515,-34.926835466314515,deltaRIC0.5,BLS-G
38,15.280144248931972,12.777900448730774,8.379025503630759,40.74599564851589,0.01539823885625019,0.002033739070428768,0.015263343842931168,0.49231383862509326,8.673176479998801,4,True,,-0.002790309366767163,0.000308016172476,-0.00012009278540975332,0.002809826080362058,-17.44208137127862,deltaRIC0.5,BLS-G
39,11.878727788855834,10.161346032440465,6.152334572399509,39.464499620559096,0.014580853815467325,0.0017525879633813178,0.014475141913592384,0.46153721205955855,11.879513564999797,5,True,,-0.000702012404061314,0.0012509665879616438,0.0010153518069604406,0.0017574635448708957,-8.422384517485625,deltaRIC0.5,BLS-G
40,12.849098299772088,11.490630901898099,5.750193787477984,37.37148891376955,0.01506193669946192,0.0017831537966485453,0.014956012158195638,0.4812182586901873,12.906967597999028,4,True,,-0.0018946944259939924,0.0008032285602669331,0.001450109398226651,0.002517510745706253,-14.05380634283938,deltaRIC0.5,BLS-G
41,10.71176370169266,9.519112363702092,4.912064882319292,42.52268690097957,0.014678194226895022,0.0017357644732563064,0.01457520179811709,0.465134375627285,11.824551849000272,5,True,,-0.002837443065731693,0.0009518647591411078,0.00018918739375384241,0.0029988200247629063,-9.632111190760043,deltaRIC0.5,BLS-G
42,12.658535441445883,10.745793309682371,6.690773174150138,44.01899736021179,0.015318275160288563,0.001970121818358833,0.015191055720625214,0.4897628273735758,9.38749766699948,4,True,,-0.0034494765138449734,0.0004271083050826352,0.0012373174088983196,0.0036894801929542166,-16.834136248144205,deltaRIC0.5,BLS-G
43,11.770420968135035,10.3469409316945,5.611026922332299,43.5174003521807,0.015788247440919764,0.0017906797574233036,0.015686370621085806,0.5077038121951262,14.846089663000384,4,True,,-0.0035423482900238112,0.0003170256432926122,0.001295708309894894,0.003785181196544017,-22.06897089548147,deltaRIC0.5,BLS-G
44,11.37202424350604,9.542687466726914,6.185470985079651,41.541150072258446,0.014845300010756905,0.0017498729701628383,0.014741807114382974,0.472564497536199,14.22901619699951,6,True,,-0.0021722186692432754,0.0008114420351575946,0.001464451858026905,0.0027425519808944696,-11.612047556380276,deltaRIC0.5,BLS-G
45,12.670174290081523,11.661833583886443,4.953277097314572,33.416433602484794,0.013513614721642185,0.0016778784050188688,0.01340904571186763,0.4048851199185007,12.908177117999003,4,True,,-0.0014045182665132216,0.0015542091183055051,0.0019439861310269757,0.002857852274351932,8.016590488630754,deltaRIC0.5,BLS-G
46,14.723108961292093,12.586647053351044,7.638471930985219,46.35549458665107,0.014782385128579063,0.0018305685371384104,0.01466860350955313,0.46888678126633104,7.859978274000241,5,True,,-0.001978118718705457,0.0007398585265071533,-0.0005621310455243833,0.0021854829253235065,-10.62156843104458,deltaRIC0.5,BLS-G
47,11.27225578172859,9.52944114332695,6.021088099719287,35.504052304424796,0.01474775356231053,0.0016396031582256024,0.014656327528346917,0.4691167192759014,9.448978978000014,4,True,,-0.0011269532694519468,0.0012512186020113836,0.0010857811260713834,0.0020036198030765704,-10.558211017021677,deltaRIC0.5,BLS-G
48,16.409555514468014,13.270317491971213,9.652574052794959,56.03536398430126,0.013546841223733598,0.001957827524806216,0.013404619297994223,0.4040105223949525,16.59333903699917,5,True,,-0.00014789080941080002,0.0013279350420064562,0.0008930416659324036,0.0016071112545148183,8.409537203217042,deltaRIC0.5,BLS-G
49,11.870801576413145,10.609460195173009,5.324968021839414,31.849327355452072,0.0174856811336542,0.001872262043427957,0.01738515687443082,0.5621016156543754,11.339837528999851,4,True,,-0.0020108812668986342,0.00043536823290402094,0.0006908141494857967,0.002170348625662617,-38.53259245491063,deltaRIC0.5,BLS-G
50,13.080589237583219,10.92511182827234,7.1933126125674365,41.61267185828058,0.01487068457577429,0.0017481587995792551,0.014767572602280477,0.47382339673206963,9.424811857999885,4,True,,-0.0002528596672408123,0.0014218918666268898,0.00012840987189455255,0.0014498977849823798,-12.02718467349041,deltaRIC0.5,BLS-G
51,12.334743825895776,11.254721297743078,5.047489847498684,30.20673816684198,0.01568410864606244,0.0018609238880406872,0.015573317768041918,0.5048390723923122,9.43962658700002,4,True,,-0.0008525120155976063,0.0013107668549893203,0.0009913120618850746,0.0018513741083086707,-21.141070734287496,deltaRIC0.5,BLS-G
52,12.687305733157142,10.432770652951366,7.219766150611721,42.35091041704014,0.014710261786321538,0.0016618507194059969,0.014616088875226557,0.46743144742540826,12.761890489999132,4,True,,-0.0008956844453080204,0.0011399045380047212,0.0016378079390145794,0.002187246631367775,-10.05797226550203,deltaRIC0.5,BLS-G
53,13.554113958440883,11.19422890327237,7.642201545336497,46.7716908631693,0.013947999491493899,0.0018958706413417722,0.013818551455417183,0.4280105364229686,11.035734798000703,4,True,,-0.0035094871099591862,0.000629702421485745,0.000766508616747319,0.003646993333438187,1.3282464768417412,deltaRIC0.5,BLS-G
54,15.53848620057844,12.649999137165251,9.023418156956101,43.91279816178936,0.01613069025155553,0.0020367636002957133,0.01600158623474995,0.5186508544677573,12.780432473000474,4,True,,-0.002756958020215805,5.601804296939683e-05,0.0005878588514288685,0.0028194917229127734,-25.373824507587415,deltaRIC0.5,BLS-G
55,12.439527244043221,10.670990089432607,6.393106331551561,37.52348773322172,0.014860147549483567,0.001639589401744913,0.014769418803260614,0.4732347875812784,7.842607970000245,5,True,,-0.0018707881421655692,0.0009489679167097309,0.0003795746758483709,0.0021317751556759225,-11.79836093562335,deltaRIC0.5,BLS-G
56,14.045509167434387,12.241588520917468,6.886206376302206,41.39153128550471,0.015234289889072846,0.002022606840133244,0.015099425485579026,0.4869930941772587,16.136525021000125,5,True,,-0.0023278924331739392,0.0005544621920455794,0.0014870326654432553,0.0028174061920375887,-16.022461687061877,deltaRIC0.5,BLS-G
57,11.755062591351887,10.962426917367116,4.243429345233098,47.79309879549937,0.016354348114568838,0.001994233176967153,0.016232305328830677,0.5266876788927594,9.392689035999865,4,True,,-0.004071725244726321,0.00033056307737255874,0.001931741374610274,0.004518832056521334,-27.80325966070086,deltaRIC0.5,BLS-G
58,14.24601738001372,12.139289219075476,7.455646749095004,42.522232572405194,0.014822937881706097,0.0017929710184044327,0.01471410012104306,0.4713024776868334,13.13530624699888,4,True,,-0.0019014531442895222,0.0008703973588396474,0.0012930307603168378,0.0024586671530178873,-11.414391943566443,deltaRIC0.5,BLS-G
59,10.236304039152335,8.5008674843344,5.702383045337496,36.022475791947436,0.016735734153667147,0.0017622897617854578,0.016642690060736192,0.5396799475480905,21.004982476000805,6,True,,-0.002443015415255101,0.000651172555286128,0.0009910946037955393,0.0027156248874991105,-31.712634375988273,deltaRIC0.5,BLS-G
60,19.98926446012963,18.747286428481075,6.936133305054829,48.88150567553747,0.013069172108638394,0.002222772735944697,0.012878763177011707,0.351259424924882,9.361360490000152,4,True,,-0.0007267754339563837,0.0016900679430079668,0.0026426857163371897,0.0032199875743111612,36.38367002643645,deltaRIC0.5,BLS-G
61,11.030432024678262,9.467603555997785,5.659939359878859,38.751849344743526,0.014007952559872161,0.0017232040703403344,0.013901557562071653,0.43357089949296057,8.241419031999612,4,True,,-0.0025569448532696826,0.0009421262620858961,0.0014587058326351876,0.0030908561245289595,-0.24030658267292893,deltaRIC0.5,BLS-G
62,14.809044792057241,12.012961441929818,8.660055718519667,47.29067107258206,0.014651916979548343,0.0019062384164731617,0.014527385390191137,0.46328628667488514,9.350057263000053,4,True,,-0.0011001228084192016,0.0009525320657434166,-0.0005035975232214329,0.0015398694734516734,-8.971583710663253,deltaRIC0.5,BLS-G
63,19.970458415699806,17.297956067046133,9.979976214186939,51.18944101907328,0.01394457994768571,0.0023013449547347785,0.013753367635481687,0.426089779787079,11.664015321999614,5,True,,-0.0014727950541317814,0.0007937827990970314,0.0002996290475608676,0.0016997040829978575,2.0886415414352086,deltaRIC0.5,BLS-G
64,12.945895903606857,12.190955378068137,4.356240089455161,39.39265289084247,0.015499252263992484,0.0017921728074926351,0.01539528945395182,0.4977800088453817,6.742355786000189,4,True,,-0.003180176961207204,0.0007597267762887716,0.0021594435410273727,0.0039184061410333735,-19.188272828752815,deltaRIC0.5,BLS-G
65,9.954056323667851,8.552687985778316,5.09261872838279,40.758610050780405,0.014949394209022962,0.0016887863712548008,0.014853699465420502,0.47677753653319094,9.364395622000302,4,True,,-0.00223264100383741,0.0009159093730187751,0.0004929771211035217,0.0024630473551134333,-12.96001259732293,deltaRIC0.5,BLS-G
66,14.883553344696452,11.683021538012133,9.221017726193217,52.74733737735756,0.014539171236173544,0.0019117738005009059,0.014412932427875128,0.4583333302796964,13.258776290000242,4,True,,-0.001411126789433892,0.0009928803369998462,0.0015796570815287403,0.0023393175660185233,-7.550524805410532,deltaRIC0.5,BLS-G
67,11.035215742669491,9.662231510324077,5.330785001119542,31.987244960786274,0.016538293819081003,0.0016878030954498773,0.0164519446618703,0.5336554137262226,15.776241481000397,5,True,,-0.002148903808067759,0.0006423662928397578,0.001154673428964359,0.0025226360732497903,-29.760532858104852,deltaRIC0.5,BLS-G
68,11.889548452188142,10.729793141397888,5.121806472304506,44.182855453551724,0.016073931355356275,0.001908602926239263,0.01596021629197601,0.5175691001680683,15.753179140998327,5,True,,-0.0034246325294629565,0.0003626500552819101,0.001952361668578595,0.00395870422100298,-25.04148811239429,deltaRIC0.5,BLS-G
69,14.23656562603321,12.8544961842293,6.118964673372835,39.22761141048466,0.015422950263659087,0.0017971648007968665,0.015317884759785816,0.49466487003705195,9.270170107000013,4,True,,-0.0017378453572768349,0.0006655118335511245,-0.0006991335405653332,0.001987913527784508,-18.095742386860366,deltaRIC0.5,BLS-G
70,14.689012879491017,13.44284849757926,5.920888754653647,41.43944885834846,0.015487132924972955,0.001979069429815801,0.015360161796926161,0.4966237368491622,7.624821762001375,5,True,,-0.0030907010780057975,0.0004778408847503357,0.0023874831434155253,0.0039345699669491785,-18.727287936606444,deltaRIC0.5,BLS-G
71,13.761712976110177,12.5874640736013,5.562417840529046,38.16249893104557,0.01642630324741776,0.0018153492315030988,0.01632568361643115,0.5294205691200962,10.719619665998835,5,True,,-0.00312762587669585,0.00020403319640571738,0.0016039604709501276,0.003520846824584048,-28.45201286116935,deltaRIC0.5,BLS-G
72,11.649587016863247,11.06746929752597,3.636481955377857,36.50250924692923,0.01597713760265311,0.001736054245349086,0.015882538891226348,0.5148350605618979,7.10762282900032,3,True,,-0.0028025512373345274,0.0008075490412035036,0.0006955335934594187,0.0029983655333305445,-24.08648666989029,deltaRIC0.5,BLS-G
73,15.009225119475182,14.329642909979295,4.465218108845852,36.78045111673314,0.013555752427260046,0.0019306507521522046,0.013417563547171328,0.4041141223973573,9.721253079000235,4,True,,-0.002589309810178464,0.0010444233920451351,0.0006984622813266395,0.0028780540428166934,8.46226618719811,deltaRIC0.5,BLS-G
74,16.297854944759003,13.825821893873208,8.629410452591868,46.24624545618149,0.01551662055205794,0.0019257005410447362,0.015396661676570247,0.49838157651692006,13.207261056000789,4,True,,-0.001006837241593339,0.0009177804591117278,0.001938395019971395,0.002369265172081108,-19.25966446867824,deltaRIC0.5,BLS-G
75,12.450369131951811,10.647683462954607,6.4527922943933005,34.990106549674216,0.013285758446737534,0.00157869595956732,0.01319162979211832,0.3874762439325585,12.842845189999935,4,True,,-0.0005451077337303434,0.0019490762972789177,0.0006599827300834971,0.0021287597464240988,13.130115257205034,deltaRIC0.5,BLS-G
76,13.151451397731389,11.276694451392608,6.767335968963125,40.18856437517979,0.014866958165353527,0.0019447008998584136,0.014739219229676373,0.47230831291646275,11.724346413000603,5,True,,-0.0020220510191307217,0.0008235714473460165,0.00023904013270559243,0.0021963834906261496,-11.723258851874562,deltaRIC0.5,BLS-G
77,12.770469985785539,11.420386585361564,5.714864293991854,50.076269308185836,0.01582862634366629,0.001824195224576504,0.01572315883370892,0.5093228007995555,9.297823023998717,4,True,,-0.003199800106704065,0.0004890516056119676,0.0010803701668982146,0.003412490570439524,-22.669576147840417,deltaRIC0.5,BLS-G
78,11.257667739894634,9.84328415846401,5.46304310047027,40.98478954028445,0.014725624631924101,0.0018196895188769113,0.014612759864420526,0.4670397107207451,9.34351338200031,4,True,,-0.002289349262770801,0.000874711928681049,0.001082875734883304,0.002679339631761003,-10.145959519941243,deltaRIC0.5,BLS-G
79,10.160033144721627,9.204693306959088,4.301150384102443,39.918223596771895,0.01414929285390775,0.001735374728050337,0.014042469968594882,0.4408937476257135,6.526565851001578,4,True,,-0.0030185083666877666,0.00101762406761996,0.0014979006697258823,0.003520036636049217,-2.388387717626756,deltaRIC0.5,BLS-G
80,12.89246380594353,11.481454171886034,5.864455054516553,43.53534027405026,0.016628861439984925,0.001771948361777377,0.01653418373532277,0.5361959556503123,11.728366302000722,5,True,,-0.0030885271135431824,0.000645522752267147,0.0008312388449948083,0.003262921600684613,-30.600713188796362,deltaRIC0.5,BLS-G
81,11.228358368769543,10.305396756221386,4.45811948632815,41.71347619565504,0.017016899831164698,0.0019060554444832493,0.016909814679837532,0.547659154057082,13.980904767999164,6,True,,-0.0033663292106135834,0.00040319677633060547,-0.00013752100511071896,0.0033931772752864423,-34.25719688225945,deltaRIC0.5,BLS-G
82,18.414651575251675,17.597762123116997,5.423851113010724,41.466851921524245,0.016058458915416993,0.0021782397037003456,0.015910040054360607,0.5162351463437443,13.1070510260015,4,True,,-0.0034222585756242263,0.0004653942880648021,0.0012025620903970413,0.0036571301840455455,-24.3133830158622,deltaRIC0.5,BLS-G
83,15.565092606990632,14.660819066634273,5.2280485995835475,37.60500090247208,0.016873511396455244,0.002071489584477349,0.016745874648632326,0.5429557716862843,14.618752696000229,5,True,,-0.0021496658272902036,0.0005943648490257525,-0.0011930484639442462,0.0025293669919757406,-32.58244446571916,deltaRIC0.5,BLS-G
84,8.290907320089579,7.54155078174752,3.444438415277349,38.52651280206884,0.015344881231589735,0.0015868416299909649,0.015262611626223166,0.4927147585440726,12.645232496999597,4,True,,-0.002492748332052541,0.0010347806542505555,0.0009081169998157446,0.002847673038590681,-17.627953195791633,deltaRIC0.5,BLS-G
85,15.593385598952215,14.311529092787122,6.191430324562986,39.1675598822994,0.015432808298756788,0.0020875575825951426,0.015290967115441909,0.4938701972941393,11.59515823899892,5,True,,-0.002466000478740904,0.0010636657593184884,-0.0017569041477481506,0.0032092452996104236,-18.049188444943866,deltaRIC0.5,BLS-G
86,12.952223876455431,11.56029450384622,5.8412065817059595,41.377772996520115,0.015552893454878187,0.001779175007684553,0.015450793866686057,0.49929087693388596,11.180041465000613,5,True,,-0.003820596639574292,0.0003882001545354452,0.0011904119103904875,0.004020539585516756,-19.504437802119355,deltaRIC0.5,BLS-G
87,14.162854741868278,11.695410576951033,7.987729707232383,39.28131461911551,0.0136213538350429,0.0018683197567702689,0.013492615075881318,0.4089750108782181,12.76491542199983,4,True,,-0.0018672172996601066,0.00106090328140096,-2.141814948714016e-05,0.0021476673284670416,6.988023259647889,deltaRIC0.5,BLS-G
88,14.55353378787037,13.300858274102417,5.906988647942855,47.687742744454454,0.014466565164002966,0.0019386701028364347,0.014336075679094066,0.4547315487153363,9.418287331000101,4,True,,-0.0029076560506539617,0.000940251003631154,-0.0002176063831513808,0.003063639697601892,-6.421322236848937,deltaRIC0.5,BLS-G
89,13.0667010225025,11.240394841883763,6.662747136881363,40.17269332870009,0.015141112305779563,0.0018392119108093861,0.01502899136347367,0.4837515332396381,6.346227567000824,4,True,,-0.0025795973417460094,0.0005131624607912499,0.0005092421012209414,0.002678989674180236,-14.99590695391089,deltaRIC0.5,BLS-G
90,10.312957383934053,9.018487852217433,5.002396112089335,35.550047848774526,0.015028935034699589,0.0016795437630576099,0.014934792299365769,0.47972316669600296,12.868101535999813,4,True,,-0.0024555602125567733,0.000763341252853933,8.19871207212719e-05,0.002572778209205885,-13.672251609124942,deltaRIC0.5,BLS-G
91,12.30191993019589,11.792938912089467,3.50197455511558,43.09913821204462,0.016570622886849493,0.001936420151371103,0.01645709026090409,0.5341062972001596,13.269814907000182,4,True,,-0.003330782319565073,0.0008325710395973296,0.001866557556670867,0.003907853951808919,-30.071579628282052,deltaRIC0.5,BLS-G
92,11.780339380671647,10.357667864271958,5.612050635661726,44.84226794836532,0.013942123926439386,0.001801402563285441,0.013825258347863965,0.42898922173541926,9.48839315800069,4,True,,-0.0030293775485568664,0.0009035935619524649,0.0008992173806312564,0.0032866702838179086,0.9382722453810857,deltaRIC0.5,BLS-G
93,17.118140775290946,16.050404717956376,5.951071499526979,35.301098593549,0.014159550983185746,0.001990552112125485,0.014018936704841391,0.4407401488752357,11.629432118001205,5,True,,-0.001296312419940826,0.0010183998800133987,0.0027551446882989605,0.003210667603344532,-2.315029326142394,deltaRIC0.5,BLS-G
94,14.801412928441058,13.215004737058559,6.66674391871639,42.88298989781877,0.01387866388159766,0.0019304069202067647,0.013743756410122425,0.425664497886356,11.782409434999863,5,True,,-0.0010862787446507816,0.0012280981468137941,0.0012685319519022409,0.0020730170964766456,1.899331142230949,deltaRIC0.5,BLS-G
95,11.192826115593894,8.94474044919569,6.728370883835343,39.27746053279352,0.015066755942631913,0.0017295768782941677,0.014967153986543478,0.481775904737131,6.5139527739993355,4,True,,-0.0009686756100991678,0.0010985809041662575,0.0008791552386171464,0.0017082524328060295,-14.319084665221453,deltaRIC0.5,BLS-G
96,16.630593221844446,14.365583653147688,8.37894010092413,43.17887718646759,0.014090070503218534,0.002094013122625402,0.013933599528762898,0.43557857890798496,9.326136672998473,4,True,,-0.0015552907217884493,0.0008790167021015538,-0.0006693090043583538,0.0019077667926583424,-0.7824406225772691,deltaRIC0.5,BLS-G
97,11.448419812375807,10.353579385102089,4.885663733494964,43.39445401923084,0.016613505057702517,0.001911986966907422,0.016503116558416575,0.5352331919969565,16.389437894000366,5,True,,-0.002525090702568178,0.00047461727067710235,0.0002604552544878125,0.0025824758565011884,-30.313856687971565,deltaRIC0.5,BLS-G
98,17.55235690588783,15.405471111021885,8.411699756835016,52.44009390491041,0.01524332494753215,0.002237888732035914,0.015078156700309316,0.4861511667960534,10.668498528999407,4,True,,-0.0032903954603343832,0.00019165592882286475,0.003006710777339383,0.0044613612248965975,-15.65824084556516,deltaRIC0.5,BLS-G
99,10.864252647806019,9.848449058099247,4.586941981907355,40.701676706748906,0.015942624333283948,0.001749840584746334,0.015846303308980045,0.5133798532828917,18.16361118900022,6,True,,-0.0027730925854571042,0.0005008183617107864,0.0006553704435018348,0.0028931595077284684,-23.675053344253683,deltaRIC0.5,BLS-G
100,11.776015667947437,10.766543816351405,4.770333244368665,39.39931724777657,0.014257270927880247,0.0016904535395778663,0.014156699514417477,0.4457882554731398,16.60321939000096,5,True,,-0.0026226013200685294,0.0008869937224503799,0.0003549053691042081,0.0027911921053038555,-3.7655690479150508,deltaRIC0.5,BLS-G
101,12.671721801869436,10.972113642333307,6.339184146536256,41.40672659643591,0.014855615954988067,0.0018321027201615376,0.014742208960154943,0.47280192438534063,9.361640431001433,4,True,,-0.0019871828679213777,0.0009264244254599818,0.0015402736442354792,0.0026794777225749673,-11.664997500018217,deltaRIC0.5,BLS-G
102,10.451832289230559,8.458010057754006,6.140265797596598,36.42180569279291,0.014033056177890935,0.0017056071655993507,0.013929018985143895,0.43483863776658543,13.111852228999851,4,True,,-0.00211973623975642,0.0010358814294784136,0.0009424395084449699,0.00254057558225551,-0.6872033477047808,deltaRIC0.5,BLS-G
103,12.156720534954985,10.13265539626374,6.7167811327721205,38.27147336677124,0.013995553275146046,0.00182258882116666,0.013876371336426881,0.4318667714675046,9.454874671000653,4,True,,-0.0026298324970975284,0.0008973956111858472,0.0007782926711545901,0.002885667570552573,0.21331215033569606,deltaRIC0.5,BLS-G
104,14.721266271053222,12.862851632680147,7.159799473372622,39.93872530438571,0.016669619159360466,0.0019613636136364436,0.016553829034190864,0.5371278005232197,16.304951961999905,5,True,,-0.001440380674577968,0.000881590120395459,9.951317867462617e-05,0.0016916856979966727,-30.92563409590366,deltaRIC0.5,BLS-G
105,16.989349730080075,14.664611431610815,8.578296789622135,50.453632481675285,0.019806984221499218,0.0023471838202565893,0.019667418540943414,0.6225548545177702,6.521007241000916,4,True,,-0.00340109404341582,6.070120655110589e-05,0.0017523099792617902,0.003826449475957547,-58.787430260141264,deltaRIC0.5,BLS-G
106,12.204358289149596,10.732596067761262,5.810141383495754,44.01534625721698,0.01541397242981135,0.0019627547168467024,0.015288496982649417,0.4936125468670308,16.24712810500023,5,True,,-0.0037897207163417046,0.0003836347885926017,0.0015328586845038128,0.0041059486730287715,-17.830184793179797,deltaRIC0.5,BLS-G
107,13.609877277121612,12.676206024922774,4.954044843561947,44.70130444518572,0.014524342023787964,0.0019732310809938386,0.014389679298892415,0.45770613138346916,5.9561114629996155,4,True,,-0.00334605126576476,0.0006855107041152664,0.0022970630951215654,0.004116124738337266,-7.3531265019701095,deltaRIC0.5,BLS-G
108,13.978774294609945,12.854247868142608,5.49312684397502,46.65403814426055,0.015754542593442243,0.001994974838951892,0.015627721770000085,0.5059878255097866,12.763468499999362,4,True,,-0.0033619148815124955,0.0002560313487931509,0.0009142522583630575,0.0034934053463664887,-21.645602487042197,deltaRIC0.5,BLS-G
109,18.001144744426842,15.093144180159518,9.810107586908677,62.76673645766411,0.014256926624011165,0.002198658229866669,0.014086371383386068,0.44126668832452487,11.786830157001532,5,True,,-0.004444144827009666,0.00045014700428669396,-0.00039495899390640243,0.004484311337961786,-2.5089932661649073,deltaRIC0.5,BLS-G
110,11.732432192604184,10.270708249113794,5.671200685537489,42.41988117193814,0.014603301542102464,0.001953672569815316,0.014472027481300725,0.46094681407925775,9.351811776999966,4,True,,-0.0028125318094908147,0.0007214762630065596,0.0015278824109529188,0.0032810498074821864,-8.333040867066302,deltaRIC0.5,BLS-G
111,13.907847229477193,12.273126617786696,6.542062181166741,36.59244770729147,0.014087623676468548,0.001735758728260211,0.01398028191729572,0.4381346544270501,9.347035294000307,4,True,,-0.0018560876917450564,0.0010157050209695928,0.0018362296702605363,0.0028015098805850122,-1.5741739470540779,deltaRIC0.5,BLS-G
112,11.27104049339657,9.973810561939302,5.249710151840124,34.87918921973129,0.013810215570682155,0.001651958830612449,0.013711057075611396,0.4233081012075819,12.912446110000019,4,True,,-0.0009266858129881039,0.0015588300464766114,0.0006880313850676778,0.0019396094701330587,2.775983658626501,deltaRIC0.5,BLS-G
113,11.210601775384687,9.970346444391026,5.125405734678721,35.33153369947126,0.015383395667447522,0.001779176775033378,0.015280163358564759,0.49389311831081745,7.866574932000731,5,True,,-0.0015367299159932402,0.0008978736422484701,0.0012800828510305395,0.0021923339201991104,-17.91385628002172,deltaRIC0.5,BLS-G
114,11.831574728530493,11.108002659696664,4.074117998901512,39.02415398931812,0.014469893789655967,0.0017262081086841154,0.014366559499387371,0.45660969561147063,7.736276057001305,5,True,,-0.0016242701884510158,0.0013911096721200833,0.00018623162570041707,0.002146653671034935,-6.930108473301516,deltaRIC0.5,BLS-G
115,10.84927942984136,9.07038121025265,5.952734568874588,45.94877954481373,0.016584334771017267,0.001897433077473594,0.016475433454500713,0.5341235391974294,9.417068905000633,4,True,,-0.0035602875843203097,0.00017519963402767846,0.0008213388174651559,0.003657996726065216,-30.038138765550684,deltaRIC0.5,BLS-G
116,17.603688585192984,14.661288030547059,9.743535553883477,56.04514032142402,0.014391250424863338,0.0018804616578392164,0.014267864337192368,0.4524729697902536,12.890813676998732,4,True,,3.901753433555033e-05,0.0012668496869082668,0.0018220452891113403,0.0022195223659107442,-5.647897449751326,deltaRIC0.5,BLS-G
117,12.840389250995694,11.058668656273891,6.5254458596965765,36.688478687796696,0.015684106172292902,0.0018125499244542353,0.015579019519697548,0.5045495386321227,13.372788122000202,4,True,,-0.001607062577608731,0.0007228839131291354,0.0016315522545569117,0.0024014941264889765,-21.125068558685598,deltaRIC0.5,BLS-G
118,13.894486173565758,12.91392774734122,5.127106022295667,41.11068728757199,0.017510302560760846,0.0021023473183395284,0.017383636889973814,0.562145744939635,12.742904546999853,4,True,,-0.002137936378668326,0.0005317707842968922,-0.0001392059684744429,0.0022074715010445946,-38.81789133256825,deltaRIC0.5,BLS-G
119,19.165662018259933,16.789660262070775,9.242830133807114,61.47018205167265,0.014262147330044595,0.0023280159833839174,0.014070863088133836,0.44162107170208176,11.644187339001292,5,True,,-0.004262391254589215,0.00030126471938773935,0.0020755937854051165,0.004750455683443298,-2.675572031948832,deltaRIC0.5,BLS-G
120,17.813365349847928,16.21670543250007,7.371190541743273,46.87408739030735,0.017269674000236095,0.002429963655736367,0.01709786292804545,0.553808544024435,9.967065550999905,4,True,,-0.0047327803697555515,-6.989787891525934e-05,0.002136499439804651,0.005193142170026345,-35.95986690978316,deltaRIC0.5,BLS-G
121,12.28241734991892,11.53655651894796,4.214930562026931,40.34500220809571,0.015975138393367505,0.001956919611312369,0.015854826152377252,0.5138719286638235,16.018444539002303,5,True,,-0.0033938569364515003,0.0005250075214616734,-0.00015814316511764126,0.0034378637354270923,-23.965714942736668,deltaRIC0.5,BLS-G
122,11.897419140719151,10.559824856476423,5.480755532815994,34.37912048099577,0.01653664932363697,0.001862351244750382,0.016431446031744124,0.5333480153987461,6.380273535000015,4,True,,-0.0012973327170772708,0.0010134406691916231,0.0005249121484531827,0.001727908253456877,-29.69738684235199,deltaRIC0.5,BLS-G
123,17.878266020506388,15.918586107770036,8.138243804992825,43.40405727064415,0.014347708273067932,0.0021197647900795306,0.014190254751899316,0.4485707047800108,12.054167973001313,5,True,,-0.0018875190841185496,0.000890513730970488,0.0018147999820959937,0.0027657263011683433,-4.847008660399297,deltaRIC0.5,BLS-G
124,11.962011620546386,10.944917041025725,4.826853320244099,39.173825532950794,0.017878356726602745,0.0018971645651083941,0.017777412799858103,0.5732938540266929,9.13730404099988,4,True,,-0.002341438773765858,0.0005362285643929487,0.0012877097337430365,0.0027254491304997148,-42.17855661179783,deltaRIC0.5,BLS-G
125,11.446764607610003,9.330827655930083,6.63054109687613,32.12503113776156,0.01508684227940022,0.0016442687572335623,0.014996972701764968,0.4828628435956289,9.465789240000959,4,True,,-0.0015923745010951174,0.0010298853044048428,0.0009495827586626371,0.0021208554188148526,-14.69202292731643,deltaRIC0.5,BLS-G
126,14.689116238127246,13.359619756052982,6.106610830148945,36.94792416591933,0.014979310503409636,0.0017513544952207998,0.014876575566629174,0.4780836906833681,16.010119783997652,5,True,,-0.0017516868205885716,0.0011075094436635569,0.0022881209721739015,0.003087147788579241,-13.371740091330139,deltaRIC0.5,BLS-G
127,13.914993305033839,13.03679342999816,4.865085378767093,33.92021552056432,0.015742520277218185,0.001773227488494657,0.015642333871666098,0.5067584457752159,9.042308468000556,4,True,,-0.0012904967306804904,0.0010331332906550195,0.00015870355195712893,0.0016607025698662937,-21.769663479506562,deltaRIC0.5,BLS-G
128,11.37009088921738,10.181819254521342,5.060585291971922,36.88128846651993,0.015748556630734017,0.0017592328391514338,0.015649988363225308,0.5070793686908082,11.87130938500195,5,True,,-0.0014198032933159244,0.0011044114292554363,0.000830194715054744,0.0019811080893493943,-21.815257636772003,deltaRIC0.5,BLS-G
129,17.30338021399123,15.996322484517282,6.597320198479837,56.49833123602935,0.018027180277666498,0.0022185855869848647,0.0178901399311663,0.5765867763165837,12.951730831999157,4,True,,-0.004329523456767681,1.3866945429374944e-05,0.0027608339518089275,0.005134897249637817,-43.36509914842463,deltaRIC0.5,BLS-G
130,14.914079872503118,12.432896511976363,8.237284914696627,38.895098627792805,0.01800163782473595,0.0020981869840475615,0.017878942243682576,0.5762279667541327,7.933697862998088,5,True,,-0.0021070653948073725,0.0004624576237565181,0.0010767640802807898,0.0024110189788444656,-43.1594355047564,deltaRIC0.5,BLS-G
131,12.414429611940665,11.358845142456229,5.009461010880092,39.64199147993128,0.013807133649300096,0.001841519686943508,0.013683776702805203,0.4220070742894995,9.168763820000095,4,True,,-0.002132989179761624,0.001212383794766958,0.0004847363301582197,0.0025008971623337404,3.194998880760977,deltaRIC0.5,BLS-G
132,13.21857902234534,12.094512601910761,5.334191250059381,36.82788786216257,0.016686717184193137,0.0017639931574963512,0.01659321724457173,0.5384317352451564,12.851983946999098,4,True,,-0.0015910975865261467,0.0008348375169563438,0.0018818217237456247,0.0026018835887733557,-31.204367228514457,deltaRIC0.5,BLS-G
133,14.68730493692399,13.975191198810926,4.5178487432482095,44.39206936877731,0.01804528950567867,0.0020091390523048662,0.017933093252762065,0.5776314633267448,9.56227326500084,4,True,,-0.0029171711564097147,0.00012202076590106525,0.001580946839104258,0.003320266484963763,-43.52871779358247,deltaRIC0.5,BLS-G
134,12.826396170162592,11.226603313341748,6.203210197859309,54.45321980133314,0.017563992770321304,0.002141510194414049,0.01743295087250348,0.563249041435643,11.65410665899799,5,True,,-0.004219361918175568,0.0002718752429691218,0.0007286966740972511,0.004290446362225046,-39.217986833849864,deltaRIC0.5,BLS-G
135,12.076240629490925,10.121396579612457,6.587330189050542,39.11602230003093,0.014396352241062962,0.0016561246652328989,0.01430077651534929,0.4527830707051769,9.524015039001824,4,True,,-0.001312931782863458,0.0010604032920219497,0.0001039017069291992,0.0016908697681627665,-5.771788365753309,deltaRIC0.5,BLS-G
136,14.052673200679605,12.092756330046308,7.158412423660972,40.83654972075862,0.01627010281279564,0.0020241784868857684,0.016143696819259507,0.5238319363396116,16.426576802001364,5,True,,-0.002617010491566596,0.00029700635902496497,0.0005844992577394015,0.0026978873350399224,-26.98824340893043,deltaRIC0.5,BLS-G
137,11.080213980536616,10.514847448327398,3.4941558340866674,31.986874540583607,0.014484215839006567,0.0017318715158461365,0.014380303526822008,0.45693080754533794,12.719342176998907,4,True,,-0.0022639516542012905,0.0011003363894142026,0.0007701200661124341,0.0026323567726770744,-7.001505596934294,deltaRIC0.5,BLS-G
138,12.459786646232267,11.247805818180032,5.3603309175967215,37.706007972008955,0.015957113591934878,0.0018648731605589756,0.015847767107101857,0.5134514325008345,8.57282047300032,4,True,,-0.0021440720215032405,0.0005607203188797705,-0.0007899262648604632,0.0023527506483505697,-23.706856829368917,deltaRIC0.5,BLS-G
139,11.566213329725286,9.040834754131568,7.2139169483160615,36.16776231755804,0.013808753666694311,0.001676344172038541,0.013706624239553516,0.42259920840203746,9.32028805599839,4,True,,-0.001416608804400754,0.0011281301530412513,0.001335013916940242,0.002249826727846111,2.959469069617626,deltaRIC0.5,BLS-G
140,12.737516744499072,12.261715857639903,3.448863152242534,47.88012539913687,0.015370012047117385,0.0019606945431222484,0.015244439879415188,0.49242875584704077,9.51082310199854,4,True,,-0.0028209550934720218,0.0008511756485448663,-1.4620000687970425e-05,0.0029466084518445326,-17.51454220854066,deltaRIC0.5,BLS-G
141,10.60829087551173,9.864871270560668,3.901301079733801,36.19141528261704,0.013609572630017677,0.0016553756270974598,0.013508523187415343,0.4104053170659079,8.585284704000514,5,True,,-0.00206301710622131,0.0014077243010716112,0.0004144095002900361,0.0025316916325492608,6.449136010567599,deltaRIC0.5,BLS-G
142,11.969102379413126,10.568631028327095,5.618135807895238,35.49507858771977,0.0152408780546585,0.001624093648377074,0.015154097917668086,0.488873047712252,19.367584491999878,6,True,,-0.00156762132116689,0.0010982913929521443,0.0007744511786889063,0.002064813603835083,-16.313121427723672,deltaRIC0.5,BLS-G
143,12.04574401138578,10.408523186269234,6.06321646230218,42.556894382358934,0.014908834663169617,0.0019227376840047574,0.014784330583838958,0.4737417727479029,9.633636746002594,3,True,,-0.0038463929322990476,0.0006503046044857852,0.0005831260398256877,0.003944321316345597,-11.999581612668408,deltaRIC0.5,BLS-G
144,10.490839234219228,9.944109278554167,3.3425137986860154,39.205627976405296,0.016056223160089877,0.0017463389761488246,0.01596097122192099,0.5177512633701251,13.70722882499831,4,True,,-0.002614743676746578,0.0006872313613395242,0.0019450236338327542,0.0033305087261952583,-25.004097605356947,deltaRIC0.5,BLS-G
145,15.078338380375314,12.673260522045139,8.169746388565038,38.54719243964186,0.015785643345712523,0.0019821767271434912,0.015660699577618134,0.5079069141890922,9.920372612999927,4,True,,-0.001564449425262071,0.000697125227793971,0.0015143406642881274,0.0022862006112645116,-22.108377590266173,deltaRIC0.5,BLS-G
146,9.804985546595255,8.2285054274862,5.331926480998402,37.497728933018415,0.015042845108998136,0.0016755050047202098,0.014949243189956695,0.48056100368545457,11.689498022999032,5,True,,-0.0026990876720605073,0.0007566260424934912,0.0009950164331091749,0.00297449406316531,-14.009095058514504,deltaRIC0.5,BLS-G
147,12.010376901054904,10.566728442046253,5.709063262694153,46.573158971103474,0.017165536707896726,0.001966839831942345,0.017052483442174485,0.5518865332430585,11.674882504001289,5,True,,-0.0037674066195065303,0.00015392979386141814,0.0002194106961223019,0.003776928391128526,-35.60277977331134,deltaRIC0.5,BLS-G
148,11.7523644384907,11.192256776016322,3.584893046496307,40.406602938355775,0.016300446742352936,0.001702604318682935,0.01621128318592599,0.5259603543364402,8.926083223002934,4,True,,-0.0026035859809634965,0.0007863357448044672,0.0017567606176852602,0.003237775738323571,-27.50327004485007,deltaRIC0.5,BLS-G
149,15.048723105191947,13.6803052347524,6.270033156271511,46.41861480758465,0.01546535172339085,0.0019945794050922265,0.015336191082696193,0.4945878242959841,11.614270636000583,5,True,,-0.003734645913628487,0.0002281026749316739,-0.0007642705359892643,0.003818863755447981,-18.183334958506748,deltaRIC0.5,BLS-G
150,16.962787118454003,15.736560009541343,6.332205452454395,35.228844181183916,0.014508408455866,0.0020874612204779485,0.014357451778614642,0.4569993668083682,11.799451576000138,5,True,,-0.0012200797370275351,0.0012743268015389386,0.0011851767978878769,0.0021253581825370995,-6.952588516687683,deltaRIC0.5,BLS-G
151,16.804687043048627,13.383887703917065,10.162138384402372,58.463464460692855,0.013983220902798809,0.00178281817303338,0.013869103293954209,0.4314023779626483,12.752608619000966,4,True,,-0.00024479776890351523,0.001225509586167739,0.0004696080294681604,0.0013350398476413092,0.3433782849315321,deltaRIC0.5,BLS-G
152,10.527871328258026,9.448271756089062,4.643946115906934,32.43791593701572,0.015386864578036797,0.001593024807791259,0.015304178302169806,0.4942446831180747,6.234701051998854,4,True,,-0.001771967262705787,0.0009673913597361139,0.0010567017112022015,0.0022786690258681246,-17.98340631418978,deltaRIC0.5,BLS-G
153,12.614564211221868,11.059903492820233,6.066775500094133,31.12177896286133,0.015401787436018223,0.001809143155656689,0.015295164506033574,0.4941331536388411,19.379741056000057,6,True,,-0.0013435957341276228,0.001024931402091811,-0.0003048305107688498,0.0017171649647181337,-17.8588058036039,deltaRIC0.5,BLS-G
154,14.815874294957416,12.161858256551541,8.461639018034807,47.47320776005928,0.013430370188476346,0.0018730590529322008,0.013299116255742068,0.3961187925758385,9.291228026999306,4,True,,-0.0009085137965779699,0.001335943631310177,0.0015409723333283942,0.002232652780146141,10.572053933545249,deltaRIC0.5,BLS-G
155,11.821785056547975,9.462961934060678,7.085686512804499,38.92014081619846,0.013637298575552254,0.0016397579370075715,0.013538356855496913,0.41232901118777976,9.679113029000291,3,True,,-0.0010898894472691212,0.0013191074093195088,0.0009473872877456824,0.001955874749970544,5.910800228375592,deltaRIC0.5,BLS-G
156,14.389201544623727,12.019755101517434,7.9104113920419765,40.64865279376872,0.013725118659369632,0.0017647330557878154,0.013611193902651825,0.4172926933616682,16.3684321130022,5,True,,-0.0020717872697013084,0.000983017626571825,0.0017845791405142197,0.0029057441136145796,4.439572159848467,deltaRIC0.5,BLS-G
157,11.916035812257329,9.785869372983557,6.799166867631769,34.61796773159039,0.01453446592039618,0.0015732770932965232,0.01444906567148431,0.45954880817616656,10.366170395001973,4,True,,-0.0017342724215327343,0.0008390225294848674,0.0008509021400777694,0.002106108755278589,-7.743125351618801,deltaRIC0.5,BLS-G
158,12.75499195811005,10.261257800491585,7.576041723967912,45.567840951624774,0.013767997095431804,0.0017026909452239477,0.013662305353229041,0.41992080118133857,9.109920446000615,4,True,,-0.0012604549679722243,0.0013475136631275753,0.0005418370929538563,0.0019230515421855036,3.6434445440390846,deltaRIC0.5,BLS-G
159,14.284552087739531,12.36500968287712,7.152269841784412,48.387090097440066,0.017180322569788027,0.002048643593316463,0.01705774143987214,0.552052902481078,71.73030243800167,13,True,,-0.0034420741883509076,0.00047651874802545624,-0.000884396278620414,0.003585680076773295,-35.58360883536807,deltaRIC0.5,BLS-G
160,15.837692728827038,14.596200758373916,6.146823113933374,40.36387298321126,0.013866196973717937,0.0019108095703545096,0.013733907867019718,0.4253974331711683,11.528208137999172,5,True,,-0.0005972392722471964,0.0015594884908154416,0.0017205562013479225,0.0023977098955663876,1.9710539087463985,deltaRIC0.5,BLS-G
161,13.694667493663623,12.709718578043253,5.09970307262583,31.50431660610897,0.014428966049478771,0.001904373571060714,0.0143027417846669,0.45411314304379474,7.031413408003573,3,True,,-0.0022350752859820466,0.0010917872112102822,0.0019753580766237455,0.0031764131311044406,-6.148570420082251,deltaRIC0.5,BLS-G
162,16.5181310524689,15.115860120756782,6.660287251782167,41.77661805838713,0.013779260073337143,0.0019912312391418695,0.013634625272479207,0.42002176724439744,16.22556338600043,5,True,,-0.0010132787966312673,0.0014568335216968986,0.0014864236008272913,0.002314854844420848,3.549888189569174,deltaRIC0.5,BLS-G
163,15.696269106583559,13.044892141146118,8.729470367218946,52.66982703306638,0.01756312582089809,0.002202143825273201,0.01742452154790795,0.5626261221226815,9.324705580002046,4,True,,-0.004485730435085322,-0.0004066011698298233,0.0009516650087857403,0.004603560397833931,-38.818364612277946,deltaRIC0.5,BLS-G
164,11.348633215318415,10.219028955556935,4.935881183873589,33.051697738481764,0.014374334083645997,0.001661594763091795,0.014277975458430124,0.45178435221171853,11.624784823001391,5,True,,-0.0021862597015501195,0.0010031345506625877,9.41548678882187e-05,0.0024072547743232533,-5.517794630344724,deltaRIC0.5,BLS-G
165,14.758328463272528,12.47762218887396,7.881446792408127,38.86478073471886,0.014586459666696824,0.0020054404987145296,0.014447941514772576,0.4600961692556347,9.679757977999543,4,True,,-0.0020789321663870486,0.0006691312740667588,0.0018230740992322136,0.0028448716641817605,-8.058952460844012,deltaRIC0.5,BLS-G
166,13.59929888631899,11.214865450596884,7.692055845120036,37.905748955704354,0.014977792125304507,0.0017617712457804189,0.014873816558851833,0.4777133185888607,12.928400089000206,4,True,,-0.0012974880520428833,0.0008814617595077623,0.0001527089372175272,0.0015759981275923721,-13.093747292521584,deltaRIC0.5,BLS-G
167,13.86441384119268,12.163247866744273,6.654124472234955,42.43301641227468,0.014142476922885353,0.0016921890842505993,0.014040874246908126,0.4400270235190726,13.195740585000749,5,True,,-0.0014748146068871426,0.0010859328358493459,-0.0003823984437428263,0.001870977503456526,-2.0663518123910762,deltaRIC0.5,BLS-G
168,11.655345779412102,10.440999241034065,5.18002124381605,35.82157604645849,0.01722428099374144,0.001958027137677348,0.017112626492724072,0.554279621918296,13.241246497000247,5,True,,-0.002235696947974264,0.000729613270429863,0.0010985565778612871,0.0025956700334077713,-36.21411976739182,deltaRIC0.5,BLS-G
169,15.364143915776406,13.457523584470248,7.412960086100298,39.03817893843272,0.01629561715914933,0.0019307366533383716,0.01618083417420183,0.5242651094543929,12.213110459000745,5,True,,-0.003586008569911925,0.0002615943047672431,-0.00047974321444743673,0.003627401631412875,-26.92565570446459,deltaRIC0.5,BLS-G
170,18.38433210694577,16.096540820150768,8.881725093904736,39.39758818216162,0.01440499299444928,0.0020979865551054968,0.01425139556621489,0.4523239987629923,11.56627623100212,5,True,,-0.001640629571820429,0.0009481557981556588,0.002479521512969929,0.0031206877035019963,-5.841036495512526,deltaRIC0.5,BLS-G
171,14.56350507316984,13.318717884126619,5.891301548833612,37.08248020893144,0.016363822372543035,0.0019091193182824617,0.01625207513115481,0.5273276455960906,9.340018901999429,4,True,,-0.0031048847346166197,0.000189812389110533,0.002117786659537768,0.0037631580213474034,-27.820041526465502,deltaRIC0.5,BLS-G
172,12.498306767881594,11.964797342155968,3.612657833951669,40.137177381751684,0.01479785148134628,0.0017894913247049093,0.014689252168261939,0.47075621062732986,12.86328660900108,4,True,,-0.0021210074573193016,0.0010187188547601256,0.0018902486827397924,0.0030181949608412296,-11.15402497271134,deltaRIC0.5,BLS-G
173,13.772357967486727,12.440378321290416,5.908877322111417,50.582133072200094,0.014954551625990123,0.001950891209441181,0.014826754122980824,0.4756131238980418,16.539883643003122,5,True,,-0.00354018377747356,0.0003904661352569505,0.0012048117727139207,0.003759911752786164,-12.65813688441267,deltaRIC0.5,BLS-G
174,17.51403898324608,15.292028551524634,8.537881721247889,49.56424863831401,0.01387816824743836,0.0021297618543727726,0.013713776589541808,0.42305416849423516,9.283741269002348,4,True,,-0.0036391152506027313,0.000606527989647665,0.0004985585021664019,0.0037228479138258956,2.7394502263632603,deltaRIC0.5,BLS-G
175,15.720208402866104,13.854888677411953,7.4274498965704305,45.62569793647474,0.01483581484764886,0.0019731279726461328,0.014704018777098992,0.4706087743924191,16.11104049399728,4,True,,-0.003981938895954107,0.0004350259883527663,0.002458661838978693,0.004700010959572818,-11.159826351875381,deltaRIC0.5,BLS-G
176,12.679167320947254,10.109424566020387,7.652504093205066,42.621175053912346,0.014964063942058368,0.001699841262768442,0.014867203817241532,0.47775990456923434,9.317186460000812,4,True,,-0.0004227834904272365,0.001244388823885445,0.0007248396056395157,0.0015008803678816264,-13.124490530521143,deltaRIC0.5,BLS-G
177,13.782566768226735,12.142024269886681,6.52153305213665,48.890507240259815,0.01542264106257956,0.0019604018830350536,0.015297538422967202,0.49385814180562265,9.279257558002428,4,True,,-0.004735884151438996,0.00028301436901390087,0.0017582602849616213,0.005059661555735988,-17.956898809876293,deltaRIC0.5,BLS-G
178,12.229978588109132,11.417490784242082,4.383295616012564,46.65948569351018,0.015514086669591524,0.0017997128276826284,0.01540934518172242,0.49818166177533135,17.422801103999518,4,True,,-0.0035969578847914185,0.000585116818225262,0.0019286515948754301,0.004123125597207627,-19.24072496449662,deltaRIC0.5,BLS-G
179,11.109555164746656,10.135915840930512,4.54812335190274,41.69163996053575,0.017310656432877013,0.0018063712178267432,0.017216150823006673,0.5569098583257217,19.439267501998984,5,True,,-0.002463217598245915,0.0005173974182267616,0.00015421945569171758,0.002521690834581024,-37.04400130624708,deltaRIC0.5,BLS-G
180,16.801264391299505,15.199457042817063,7.159538445312486,52.7315192900394,0.016779373647384993,0.0024006241315250895,0.016606757172238577,0.5383216722180284,8.133843168001476,5,True,,-0.0040948206011793276,0.00015408569676489403,-0.001165631706570358,0.004260281144848574,-31.456085638390505,deltaRIC0.5,BLS-G
181,13.647704779512347,12.880306675647882,4.511933697427832,40.21487110131567,0.018369441527049047,0.0021275499719898786,0.018245819058961422,0.5860201707514662,7.5984014099994965,4,True,,-0.002945285102020412,0.00019773593235772324,-0.000468861471943971,0.002988918685913391,-46.24219768711191,deltaRIC0.5,BLS-G
182,19.941822108140286,17.045883630446767,10.349595173241305,55.9270222294168,0.01373048719545471,0.0020843410712300787,0.013571359582714224,0.41419564360692407,11.920143596002163,4,True,,-0.00039618269001190365,0.0009746139701767298,-0.00017084944099482469,0.0010658436312222161,5.493651660821342,deltaRIC0.5,BLS-G
183,10.0788807091461,9.044151455420383,4.4482761605609396,30.74639875731545,0.015049312376909253,0.001592399346117669,0.014964827674927569,0.48147172824123013,11.674973107998085,5,True,,-0.0013867842164297928,0.0013089941844477426,0.0008782103012254794,0.0020994974567823017,-14.276355718357081,deltaRIC0.5,BLS-G
184,12.533961269713432,10.713065519063282,6.506182620779538,40.67128482717957,0.016192823981695397,0.0019679214274805476,0.01607279794427319,0.5214994727760475,15.72127280100176,5,True,,-0.001973091099530533,0.0005230760586009131,0.0006043068417437292,0.0021288221647442407,-26.264127531037957,deltaRIC0.5,BLS-G
185,15.903742528208411,14.084506319187339,7.3861835983352595,51.014023364523744,0.018019458813489472,0.00209957025052995,0.017896723183145374,0.5762944789417398,9.67471229000148,4,True,,-0.0037026393963197624,-0.00011334218545755448,0.0006258169515253043,0.0037568646245240054,-43.17889230633591,deltaRIC0.5,BLS-G
186,13.362225565680152,11.935019106524953,6.008692952298409,40.978550582662194,0.014443655941240125,0.0018549514684022112,0.014324048031153537,0.4544896289849246,9.30226082900117,4,True,,-0.0027038238341407506,0.0007320771080493449,0.0017143820199722049,0.0032841598512559434,-6.2800018544949125,deltaRIC0.5,BLS-G
187,9.035796444371995,8.423343338301738,3.270000671133463,38.85537403810563,0.014999178552802587,0.0016566353961711333,0.014907411459505842,0.47902548473417145,11.701988611999695,5,True,,-0.002491385739361307,0.0010128805384816975,0.0008367715692850775,0.0028165788727979326,-13.57831881261518,deltaRIC0.5,BLS-G
188,11.587873054941827,10.665282043866778,4.531066194861836,38.78406581175019,0.015960522791049665,0.001668382151958112,0.015873083782259934,0.5146141001083132,12.77687866999986,4,True,,-0.0019135510252107912,0.000923345592416025,0.000842292169702219,0.0022855416662710486,-24.006163508318423,deltaRIC0.5,BLS-G
189,16.362472307927195,14.814670486675674,6.946656634590851,46.92590280708941,0.017581673388303146,0.0021377389456359508,0.017451226642654045,0.5641415523364738,8.250021773001208,5,True,,-0.003888792809406405,0.00023464461162858719,0.002144530436527625,0.004447108993655391,-39.16290014185506,deltaRIC0.5,BLS-G
190,10.50288162772207,9.307010529061708,4.867245370625597,39.421619197192435,0.014992930444417619,0.0017642017820620937,0.014888772796416554,0.478444641041223,7.742638796000392,5,True,,-0.00256710152864853,0.0006908901108918508,0.0016748878930692435,0.0031420676087677846,-13.3760366703209,deltaRIC0.5,BLS-G
191,15.861130480405825,14.676314889634789,6.015084486251455,40.53204028039269,0.013692894739069646,0.0020027466173478973,0.013545640343739488,0.4147178799645845,12.882783041000948,4,True,,-0.0004727428261044886,0.0015027612766259635,0.0019809188665372846,0.002530971511092749,5.101621649992012,deltaRIC0.5,BLS-G
192,16.97355957324845,16.056869421979226,5.502605651154978,38.99698331782526,0.015007907653479202,0.001860147094707752,0.014892184021204204,0.47898488325217614,16.288253499998973,5,True,,-0.0031532244237760243,0.0006377356894397002,0.0030234983855936814,0.004414869597617847,-13.511869571433635,deltaRIC0.5,BLS-G
193,10.51769333608534,9.238542360569346,5.027047658805292,41.702061730996064,0.013984063499719354,0.0017339182493416186,0.013876150743948525,0.432013202212197,13.095802967000054,4,True,,-0.002421271313745421,0.0010576448969020769,0.0005912879156572126,0.0027075429640010763,0.11000855243764818,deltaRIC0.5,BLS-G
194,16.925311489635014,12.773441575720426,11.10429463463699,58.26808613014747,0.013965003011245014,0.002045727975071671,0.013814351456224483,0.42720750287078735,6.414845602997957,4,True,,-0.0028835685981310477,0.00047526979223277976,0.00010491580677696177,0.002924355751622587,1.6851602556344005,deltaRIC0.5,BLS-G
195,12.16321209379678,10.8662760575723,5.465141633966613,34.113468247636774,0.015567197860226327,0.0019716537234912707,0.015441833790521062,0.499777656910428,9.966922012998111,4,True,,-0.002207315746476035,0.0007870509651938251,0.00024054266078343822,0.0023557488826507727,-19.738675961532863,deltaRIC0.5,BLS-G
196,11.346430539159021,10.271700034632234,4.820131157810614,31.443328427290293,0.01573530200978014,0.001817128830316882,0.015630027899943815,0.5066092766319633,11.931816512998921,5,True,,-0.0019613804733382145,0.0008201475256548463,0.0020602383995833584,0.00296044550501238,-21.610192390369775,deltaRIC0.5,BLS-G
197,12.007647641282487,9.97233473779679,6.688508186025365,39.6777363738516,0.013747721087585034,0.0016615295644170957,0.013646946713774411,0.4199051421681405,7.686788159000571,5,True,,-0.00014348934133995295,0.0016808665231691222,0.0009620913511085849,0.0019420404804397795,3.6921955146681285,deltaRIC0.5,BLS-G
198,15.920219864157682,14.867096258312879,5.6941065470519625,37.57688123871394,0.013385726010574629,0.0019649944472939305,0.013240712127838073,0.39270045304973905,9.418899088999751,4,True,,-0.0024706920098725438,0.0013238575344221015,0.0027596782368938255,0.003933540612511788,11.738053663022583,deltaRIC0.5,BLS-G
199,10.73180402776808,10.099293543841407,3.629860549076571,42.20520527453987,0.01596769706702869,0.0017327145317358192,0.01587340700593002,0.5142070698654355,12.822531063000497,4,True,,-0.0028909325444821943,0.0006439739381164378,-5.312119036565699e-05,0.0029622652262390942,-24.017101987992646,deltaRIC0.5,BLS-G
200,10.778028903449602,9.414037398401621,5.248028859018464,33.79903420639974,0.014542102959046576,0.0018016897086561448,0.014430061422781047,0.4591818077171684,7.0598736649990315,3,True,,-0.002504784243094693,0.0009026517120607203,0.0008277820451146889,0.0027881799317755413,-7.716106999134354,deltaRIC0.5,BLS-G
1,16281.987404085145,12789.35850030182,10076.478699304878,57624.07335029482,1.3974087530038544,1.0309132654817543,0.9433817159694868,5.010967769201607,7.770060064000063,4,True,,,,,,,deltaRIC1,BLS-B
2,16282.173594017038,12790.445847129957,10075.399345799735,57627.06640061844,1.3974719289217,1.0309889810428623,0.9433925551393421,5.011284634011799,34.995912844000486,13,True,,,,,,,deltaRIC1,BLS-B
3,16281.62864178711,12790.416179129737,10074.556327388249,57619.24999643259,1.397373429647246,1.0310698876014988,0.9431581992251031,5.010528539097723,7.604004488999635,4,True,,,,,,,deltaRIC1,BLS-B
4,16282.462125845277,12789.196899491388,10077.450845607029,57629.74765728493,1.3975480713979287,1.0310897103338934,0.9433952623962226,5.011340573998397,6.93477314699885,3,True,,,,,,,deltaRIC1,BLS-B
5,16281.79951215407,12790.276241961452,10075.01012447615,57622.53952640289,1.397414455315139,1.0311092260738368,0.9431759771268141,5.0107236735999745,4.426175241000237,3,True,,,,,,,deltaRIC1,BLS-B
6,16281.895753457007,12788.862940935158,10076.959561515405,57623.21202077746,1.3973920621679745,1.030931586120645,0.9433369706254682,5.010778925086656,7.849869990001025,3,True,,,,,,,deltaRIC1,BLS-B
7,16282.022139069428,12789.416615557146,10076.4610638288,57624.65626943024,1.3974198559834992,1.0309810760877114,0.9433240560093699,5.010950876801779,6.229715176999889,4,True,,,,,,,deltaRIC1,BLS-B
8,16282.109633522974,12789.14917964832,10076.941866397878,57628.20227233354,1.3974911763205757,1.0310004588814623,0.9434085232178481,5.011222355027873,8.693038859000808,3,True,,,,,,,deltaRIC1,BLS-B
9,16282.048507196372,12790.088395650006,10075.65096766232,57623.247026579884,1.397374757836316,1.0310384112461857,0.9431945760939491,5.010764872361376,12.400207401999069,4,True,,,,,,,deltaRIC1,BLS-B
10,16281.61273676134,12790.82228327592,10074.01502021519,57620.68463813337,1.3974181710809235,1.0311063024606382,0.9431846785720724,5.010717384549162,5.779655319000085,4,True,,,,,,,deltaRIC1,BLS-B
11,16281.944577680422,12789.148480662803,10076.676057620249,57620.41064521158,1.3973341452253318,1.0307530949097654,0.9434462203785383,5.010796677191101,6.877005178001127,3,True,,,,,,,deltaRIC1,BLS-B
12,16282.24812724158,12790.08882783769,10075.972997834178,57627.150513546614,1.3975231942120647,1.0310980962479988,0.9433492430030591,5.011229924073873,9.40545579100035,4,True,,,,,,,deltaRIC1,BLS-B
13,16281.631511371335,12790.739604831871,10074.150338041689,57625.36595029974,1.397582684229609,1.0313104325671416,0.9432052538745818,5.011071471196799,15.448994473001221,4,True,,,,,,,deltaRIC1,BLS-B
14,16281.617791000266,12790.850219551743,10073.98771853577,57620.7801950549,1.3974361662208223,1.0311917107822575,0.9431179641359348,5.0106516324987265,6.246936171000925,3,True,,,,,,,deltaRIC1,BLS-B
15,16282.171521628146,12788.622379437342,10077.710409407142,57622.57234594454,1.3973052647995523,1.030756488605693,0.9433997372449334,5.010773334831116,6.510128002999409,3,True,,,,,,,deltaRIC1,BLS-B
16,16281.767065821567,12790.504627097445,10074.667744887205,57622.180934376986,1.3973755558953422,1.0310746518003027,0.943156141171069,5.010691156543681,4.401992312999937,3,True,,,,,,,deltaRIC1,BLS-B
17,16282.197397703778,12789.430319162986,10076.72685990179,57627.822643280604,1.3974515986489113,1.0309328488833323,0.9434237815847629,5.0112107256248235,10.494737937999162,4,True,,,,,,,deltaRIC1,BLS-B
18,16282.21653170069,12790.558567938131,10075.325637681975,57630.78688511912,1.3977039628599142,1.0313897853721994,0.9432981916786426,5.011505389530611,6.510122876001333,3,True,,,,,,,deltaRIC1,BLS-B
19,16281.609648534342,12790.508987886758,10074.407802845519,57618.4809781054,1.3972879162831935,1.0309361417169964,0.9431777100274912,5.010477104126897,10.120681063999655,5,True,,,,,,,deltaRIC1,BLS-B
20,16281.80885471194,12789.617778882006,10075.861087345409,57622.68350316124,1.3974174157995791,1.0309395726456765,0.9433657994294279,5.010921956186829,11.772513402000186,5,True,,,,,,,deltaRIC1,BLS-B
21,16281.655651940027,12791.160589429528,10073.654825522637,57619.18188462257,1.397289784484358,1.0309323660251404,0.9431846046804143,5.010587504775867,17.892277282999203,5,True,,,,,,,deltaRIC1,BLS-B
22,16282.39973143427,12789.839647846107,10076.534265142684,57628.8379474028,1.3974964285368128,1.0311591052219302,0.9432428995179636,5.011142153469621,8.081412170000476,4,True,,,,,,,deltaRIC1,BLS-B
23,16281.251667455048,12792.477414554061,10071.329478134057,57614.16374055141,1.397256261893729,1.0311833241080757,0.9428605482692849,5.01007615846707,7.986986523001178,4,True,,,,,,,deltaRIC1,BLS-B
24,16281.694282382454,12791.55608301568,10073.215061738236,57616.32648112894,1.3972808674238237,1.0309554535879735,0.943146157912913,5.010469557284504,12.077316605000306,4,True,,,,,,,deltaRIC1,BLS-B
25,16281.816671542147,12790.266680736086,10075.049992995573,57623.17197675512,1.3974527812070388,1.031119867495349,0.9432211270744852,5.010848155988423,9.49231176000103,6,True,,,,,,,deltaRIC1,BLS-B
26,16282.144498054919,12789.551286796715,10076.48784735716,57626.011446946446,1.3974477256764686,1.0309205184117851,0.9434315188268362,5.011175045897248,8.164850776000094,4,True,,,,,,,deltaRIC1,BLS-B
27,16282.566901981265,12789.215061241019,10077.597086350577,57631.71863646466,1.3975035013137789,1.0310658848935745,0.9433552762310189,5.011362580447425,4.338507659000243,3,True,,,,,,,deltaRIC1,BLS-B
28,16282.037916123056,12790.034079571593,10075.702801565061,57625.00304155469,1.3974850397928715,1.0310628381143352,0.9433312569317815,5.01109493464477,8.705310852001276,4,True,,,,,,,deltaRIC1,BLS-B
29,16283.10514510738,12789.027239823336,10078.705047062305,57639.14229971678,1.397711603518807,1.0311044163706018,0.9436214331776043,5.012163532186581,14.918280240000968,5,True,,,,,,,deltaRIC1,BLS-B
30,16281.445506518161,12791.043386183346,10073.463995790904,57619.00261475977,1.3974010641549066,1.031163860095328,0.9430964042634077,5.010506339492428,8.46862922100081,3,True,,,,,,,deltaRIC1,BLS-B
31,16282.066417509655,12789.402281973633,10076.550803426902,57625.28704264654,1.3974400101099878,1.0310979643283364,0.9432261498782588,5.010830371778505,13.62380905899954,5,True,,,,,,,deltaRIC1,BLS-B
32,16281.92208276651,12790.789495414021,10074.556605294647,57623.64563445909,1.397486591588373,1.031169952305984,0.9432164667405687,5.0109494177297424,6.373300521001511,3,True,,,,,,,deltaRIC1,BLS-B
33,16282.11397038884,12789.80740276119,10076.11343450472,57625.4477422847,1.3974805453372428,1.0310349525022078,0.9433550770069813,5.01110258314158,10.809304270000212,5,True,,,,,,,deltaRIC1,BLS-B
34,16282.082649389175,12788.987738039092,10077.103157049936,57625.688444722284,1.39750045207134,1.0310129557078402,0.9434086064384736,5.011106832329706,7.839980487999128,5,True,,,,,,,deltaRIC1,BLS-B
35,16282.089930768909,12788.759314823186,10077.404809829237,57624.86954978841,1.397337799941819,1.0307292394297745,0.9434776956191181,5.010995030508443,5.914796179000405,3,True,,,,,,,deltaRIC1,BLS-B
36,16282.098960078598,12789.496513625258,10076.483785217926,57626.538198640184,1.3975291652631745,1.0311700034100313,0.9432794876538666,5.011048492815043,5.046807748998617,3,True,,,,,,,deltaRIC1,BLS-B
37,16282.07108177176,12790.937811784557,10074.609104423274,57626.06415945201,1.3974914537800591,1.0310920629439975,0.9433088153527426,5.0112101492829435,16.484171023999806,6,True,,,,,,,deltaRIC1,BLS-B
38,16281.63127360058,12790.563740049205,10074.373238133821,57621.035865847094,1.3974336569767571,1.0310545702394613,0.9432641723503298,5.010843686766687,8.883619068999906,4,True,,,,,,,deltaRIC1,BLS-B
39,16282.209562508906,12789.75719024891,10076.331636658884,57630.57331426472,1.3975862722014922,1.0311497512046464,0.9433862299380139,5.011432108095333,11.04172448799909,4,True,,,,,,,deltaRIC1,BLS-B
40,16282.207664142283,12789.37417175635,10076.81471066454,57627.23395357163,1.3974922602347741,1.030932847740696,0.9434840119818436,5.011295939139727,6.850094215998979,3,True,,,,,,,deltaRIC1,BLS-B
41,16281.938784853643,12791.295455121399,10073.941193669538,57625.632229839954,1.3975202303265628,1.0311777946128662,0.9432577325786176,5.011166975482259,10.82732962800037,4,True,,,,,,,deltaRIC1,BLS-B
42,16282.298888876727,12789.729295554856,10076.511383070141,57631.89197350549,1.3975998835964254,1.031197968686672,0.9433536897713515,5.01146269842212,15.829410046999328,5,True,,,,,,,deltaRIC1,BLS-B
43,16281.546623150647,12790.553493582396,10074.249439518331,57620.13095662348,1.3973703587974788,1.031025108717742,0.9432026001021004,5.010642731018869,5.657439173999592,4,True,,,,,,,deltaRIC1,BLS-B
44,16281.871061662354,12790.00067830881,10075.47556780613,57622.85686967964,1.397451574002766,1.0310496391445765,0.9432961058451618,5.0108861656680475,10.080674865999754,4,True,,,,,,,deltaRIC1,BLS-B
45,16281.711832293573,12791.241432983426,10073.642975258586,57619.89665433214,1.3974042550211947,1.0310869245166585,0.9431852448178559,5.010730262894766,50.56508724100058,13,True,,,,,,,deltaRIC1,BLS-B
46,16281.110541520342,12791.672223792195,10072.124015532569,57616.74284833136,1.3973976106927246,1.0311534228407482,0.943102699038416,5.010481765364179,10.382797679998475,4,True,,,,,,,deltaRIC1,BLS-B
47,16281.98198403329,12789.587517209455,10076.179259422926,57623.482695696315,1.397416099039605,1.0309881879836857,0.9433107176817105,5.0108592930808795,4.027871582999069,3,True,,,,,,,deltaRIC1,BLS-B
48,16281.955332028861,12790.315594060614,10075.211979830152,57626.022177634186,1.3975277823230756,1.0310717951701183,0.9433847865900337,5.011263825364202,11.001401449999321,4,True,,,,,,,deltaRIC1,BLS-B
49,16282.803122710595,12788.117701155206,10079.371170581762,57634.51247588944,1.3975118257926173,1.0309547456451953,0.9434890649402704,5.011528234512143,48.16154871400067,13,True,,,,,,,deltaRIC1,BLS-B
50,16282.09391559744,12790.695737753424,10074.953340862256,57625.68762094715,1.3974719815888488,1.0311329720961422,0.9432352480595919,5.011032119560522,9.567759060999379,4,True,,,,,,,deltaRIC1,BLS-B
51,16282.408366045009,12789.252970915048,10077.292823203717,57630.69729867125,1.3975827931820244,1.0310507001338256,0.9434893309158385,5.011536858839907,44.9117218779993,12,True,,,,,,,deltaRIC1,BLS-B
52,16281.731565502318,12790.224903018016,10074.965493801568,57622.84212437844,1.3974245158976213,1.0309973881218755,0.9433131311063002,5.010906026274151,7.558815735999815,5,True,,,,,,,deltaRIC1,BLS-B
53,16281.33587226898,12790.849983319344,10073.532373991377,57616.74596568098,1.3973568115968036,1.0310528813627893,0.9431521694559551,5.010447163159067,2.8580519710012595,3,True,,,,,,,deltaRIC1,BLS-B
54,16281.658425586911,12791.230214452178,10073.570900548175,57621.91769135007,1.3974413583794594,1.031172762851555,0.943146374250847,5.0107699196819775,10.29121730999941,4,True,,,,,,,deltaRIC1,BLS-B
55,16281.387812275072,12790.62978159993,10073.89591388298,57618.69487253142,1.397341571293151,1.0309869180304903,0.9432016972599252,5.0105646671996835,15.349137356000938,4,True,,,,,,,deltaRIC1,BLS-B
56,16281.473282808993,12791.44665060461,10072.996815424853,57619.12821750064,1.397445133571457,1.0312876499131107,0.9430263434704464,5.010539595130064,6.180243673999939,3,True,,,,,,,deltaRIC1,BLS-B
57,16281.829693983802,12789.894622972317,10075.543346001572,57623.07702015484,1.3974491570829273,1.031068374579333,0.9432720464288742,5.010872955724611,7.458606774000145,4,True,,,,,,,deltaRIC1,BLS-B
58,16281.202347046212,12792.196308893524,10071.606796345553,57615.73902228434,1.3973300036209835,1.031212928660048,0.9429374500908237,5.0102626524369,4.018378147000476,3,True,,,,,,,deltaRIC1,BLS-B
59,16281.839367317947,12790.820862980569,10074.383099440161,57620.775686054694,1.3973609997767606,1.031024465068405,0.9431894380915835,5.010709529441012,10.394411102999584,5,True,,,,,,,deltaRIC1,BLS-B
60,16281.791420961385,12790.711338043326,10074.444666707026,57618.51152034753,1.397263413381778,1.0309192002796552,0.9431599275149756,5.010478528520429,7.813100684999881,4,True,,,,,,,deltaRIC1,BLS-B
61,16281.93510323879,12790.107711111943,10075.44318847734,57621.24429402822,1.3973675264868615,1.031003148064272,0.9432224089585501,5.010689435078328,14.788666222999382,6,True,,,,,,,deltaRIC1,BLS-B
62,16282.112642027894,12790.675755063881,10075.008973519854,57627.2486471789,1.3975173586327765,1.0311836160523264,0.9432471137857676,5.011179267993653,12.23091179199946,5,True,,,,,,,deltaRIC1,BLS-B
63,16282.351389907244,12787.972785955255,10078.825269349703,57629.41339768183,1.3975168418822723,1.0310017313807844,0.9434451511531687,5.011188935289392,34.504814959000214,13,True,,,,,,,deltaRIC1,BLS-B
64,16281.866819257382,12790.280280255325,10075.113769707334,57625.2659968475,1.3974434762458108,1.031083142905926,0.9432474869922604,5.010969331993067,15.733626384999297,5,True,,,,,,,deltaRIC1,BLS-B
65,16281.578036645256,12790.541591890198,10074.315319141851,57622.32227135313,1.3974741407335496,1.0311473598108813,0.9432227183300992,5.010835916345597,11.039227002998814,4,True,,,,,,,deltaRIC1,BLS-B
66,16280.990125979632,12790.863162347372,10072.956817357617,57615.36634467068,1.3974300393268082,1.0312443073534112,0.9430513736611111,5.010308904789998,13.1983645170003,6,True,,,,,,,deltaRIC1,BLS-B
67,16282.408330152257,12789.757988351805,10076.651806488242,57628.40737661441,1.397411177601791,1.0309157494354089,0.9433825930408369,5.011214478052989,10.461151957999391,4,True,,,,,,,deltaRIC1,BLS-B
68,16282.374419717182,12788.962748896538,10077.606290741727,57630.08970093287,1.3975412832947782,1.031099308231074,0.9433747161539874,5.011256956658211,4.407132509999428,3,True,,,,,,,deltaRIC1,BLS-B
69,16282.155845285895,12790.511513497622,10075.287300780185,57623.54517121976,1.3973308493200909,1.0309817994235946,0.9431914077847051,5.0107721527861075,8.836103259000083,4,True,,,,,,,deltaRIC1,BLS-B
70,16283.031020291966,12788.516542996045,10079.233296104767,57636.67947962655,1.3975835137681778,1.031067691140841,0.9434718301264227,5.01169610440194,4.6862260950001655,3,True,,,,,,,deltaRIC1,BLS-B
71,16282.190883976737,12789.222018073777,10076.98070627666,57626.38009601272,1.397359578749346,1.030887563808631,0.9433369615928635,5.010951382736449,13.654675193000003,5,True,,,,,,,deltaRIC1,BLS-B
72,16281.379742156421,12790.300531457679,10074.30089997787,57613.88057859185,1.3972066362388114,1.03085482433147,0.9431461792862801,5.010157959748196,6.175685335001617,3,True,,,,,,,deltaRIC1,BLS-B
73,16281.859042706783,12789.367798961492,10076.25948402777,57622.42880669132,1.3973624846323012,1.0308364800862213,0.9433970875411942,5.010880908254342,9.566589076001037,5,True,,,,,,,deltaRIC1,BLS-B
74,16281.413590727228,12790.969379716385,10073.506382559906,57618.768815127645,1.3974638136674746,1.0311960511008424,0.943154183950891,5.01060650771678,11.45325464400048,4,True,,,,,,,deltaRIC1,BLS-B
75,16282.237951494493,12790.381451184046,10075.58509677203,57627.29695654914,1.397460809664437,1.0310650550698437,0.9432929379369932,5.011148907882144,10.619007643999794,5,True,,,,,,,deltaRIC1,BLS-B
76,16281.696478095628,12790.588111283598,10074.447675794552,57625.25637912318,1.3975454354847745,1.0312952527692534,0.943166658581573,5.0109604965937,9.456213252999078,3,True,,,,,,,deltaRIC1,BLS-B
77,16280.825991462743,12792.563684948178,10070.531730292792,57611.14068732653,1.397356243798977,1.0312161176188963,0.9429728473540457,5.010134591851356,8.353339430001142,4,True,,,,,,,deltaRIC1,BLS-B
78,16281.532904970945,12790.643449501535,10074.11305690854,57622.092955218875,1.3974876597950023,1.0312311908763676,0.9431510961892696,5.010765130556364,4.530956063999838,3,True,,,,,,,deltaRIC1,BLS-B
79,16282.100835552024,12789.510359049407,10076.469242490239,57624.555039454484,1.3974176473859612,1.0309872046456934,0.9433140861253868,5.0109346933474255,6.6562425659994915,3,True,,,,,,,deltaRIC1,BLS-B
80,16282.03224825311,12790.349564295055,10075.293154856165,57622.660676570515,1.397291711452237,1.030876208652463,0.9432488374376325,5.01072241294785,8.950311044000046,3,True,,,,,,,deltaRIC1,BLS-B
81,16281.924179179443,12790.168414101967,10075.348476130075,57624.497636906824,1.3974230679581887,1.0310556780736668,0.9432472738225789,5.010909454692189,11.29572468799961,5,True,,,,,,,deltaRIC1,BLS-B
82,16282.638339215477,12787.40705834277,10080.006548109739,57626.78440956077,1.3973777657448976,1.0306916502570043,0.9435779471186757,5.011133357756249,7.8168273249993945,4,True,,,,,,,deltaRIC1,BLS-B
83,16282.627303542242,12789.471631302777,10077.369066287132,57628.397572081965,1.3974563114259628,1.030926079949834,0.9434381590880909,5.0113375564374305,6.553879425000559,3,True,,,,,,,deltaRIC1,BLS-B
84,16282.01130443693,12790.455465355084,10075.124868039118,57623.60479672066,1.3974252302191028,1.0310612741648904,0.9432443601582705,5.0109005400281434,6.40522947700083,3,True,,,,,,,deltaRIC1,BLS-B
85,16281.988275497559,12790.450202025388,10075.094333699742,57624.70524970683,1.3974922306610924,1.0311734093864882,0.9432210422442672,5.010990847357683,9.182760507999774,3,True,,,,,,,deltaRIC1,BLS-B
86,16281.783063167852,12789.849810794927,10075.524876321255,57621.273544997974,1.3973000649892744,1.0308987939526062,0.943236528261121,5.010614214882322,8.30312275399956,4,True,,,,,,,deltaRIC1,BLS-B
87,16281.754342706436,12789.811998181256,10075.52646403247,57622.42009446341,1.3974405573137532,1.031000089811268,0.9433339419497903,5.010884925818499,10.906144290000157,4,True,,,,,,,deltaRIC1,BLS-B
88,16281.97284821177,12789.560709233328,10076.198523984149,57627.73035173252,1.3975769364244983,1.0310435474677802,0.9434884718165565,5.01137995453651,16.314266745999703,5,True,,,,,,,deltaRIC1,BLS-B
89,16281.673069442693,12791.271194576684,10073.542533141372,57619.725368722706,1.3973522584663476,1.031122165352281,0.9430696763019294,5.010515527975252,10.381498183998701,3,True,,,,,,,deltaRIC1,BLS-B
90,16282.661341983563,12789.046394823596,10077.963717377415,57631.571315791974,1.3974910689531437,1.0309356110647432,0.9434792279866918,5.01147868971794,8.986961771001006,3,True,,,,,,,deltaRIC1,BLS-B
91,16282.296431916659,12789.573161768147,10076.70558449466,57626.554733937126,1.3974781887445316,1.0310732851886706,0.9433096885895634,5.011086920359221,6.867115781000393,3,True,,,,,,,deltaRIC1,BLS-B
92,16281.301389741902,12791.19666819068,10073.036421024164,57617.9065736146,1.3974130425293798,1.0311972119785322,0.9430776857920669,5.0104798373633015,8.799686123998981,4,True,,,,,,,deltaRIC1,BLS-B
93,16282.947775697508,12788.674319811753,10078.89862077597,57634.8342231773,1.3975418825707435,1.0310712301991545,0.9434062920051891,5.011518459734731,6.69739925200156,3,True,,,,,,,deltaRIC1,BLS-B
94,16281.886675482838,12790.970054825651,10074.270135837092,57624.319596125846,1.3975080873046632,1.0312925633684558,0.9431142575652529,5.0108675845434005,17.65305462700053,5,True,,,,,,,deltaRIC1,BLS-B
95,16282.01988294462,12790.850365235287,10074.637383189744,57624.78525507448,1.397467126958174,1.031080296913602,0.9432856366155964,5.011116959596116,2.968049847999282,3,True,,,,,,,deltaRIC1,BLS-B
96,16281.961726037669,12789.824956262633,10075.8451375712,57624.03456523148,1.397417890215419,1.03104838183772,0.943247578424632,5.010810821194283,11.73605274700094,4,True,,,,,,,deltaRIC1,BLS-B
97,16282.04372468407,12789.180085532782,10076.7961472055,57626.319944935174,1.3975030303441414,1.0310739796652564,0.9433457310436658,5.011058589841129,7.517546142000356,5,True,,,,,,,deltaRIC1,BLS-B
98,16282.054186603069,12790.497670971059,10075.140587821214,57625.43054077224,1.3974972052579113,1.031120434162603,0.9432863239525937,5.01110351662594,4.361137557001712,3,True,,,,,,,deltaRIC1,BLS-B
99,16281.587446908285,12790.092217892548,10074.90103421001,57620.14990045459,1.3973761542585883,1.0309726381847635,0.9432685385429066,5.010694331753608,13.49687975300003,5,True,,,,,,,deltaRIC1,BLS-B
100,16281.634795452092,12790.257106466486,10074.7682237836,57620.56828689438,1.397385649087077,1.0309644838362295,0.9432915166282418,5.010762068480554,7.7380371339986596,3,True,,,,,,,deltaRIC1,BLS-B
101,16281.749072945411,12789.74183935593,10075.607006874929,57621.94749620479,1.3974830243003225,1.0310511827880429,0.9433410102815172,5.010894424432426,9.291073820000747,3,True,,,,,,,deltaRIC1,BLS-B
102,16281.746901120052,12790.634317744734,10074.470502307457,57621.204376649934,1.3974177061054753,1.0311240573417266,0.9431645793329098,5.010713269108801,13.129816143000426,5,True,,,,,,,deltaRIC1,BLS-B
103,16282.23011638073,12790.011568077409,10076.04196355006,57627.839863348265,1.3974759942896107,1.0310426634984524,0.9433399072771985,5.011226113307203,13.166364559998328,5,True,,,,,,,deltaRIC1,BLS-B
104,16281.085449099759,12791.527844504804,10072.266815575633,57612.95602135028,1.3972906720022118,1.0310956358661834,0.9430074293249782,5.0100858511223,4.880828151999594,4,True,,,,,,,deltaRIC1,BLS-B
105,16281.238075541783,12792.18267340735,10071.681871596636,57616.74005493808,1.3974229506372644,1.0312876177345243,0.942993506062056,5.0104537060313845,4.156636716999856,3,True,,,,,,,deltaRIC1,BLS-B
106,16282.031149328792,12789.38803265662,10076.511901340298,57625.19425197081,1.3974497868663611,1.0309744286205795,0.9433756591853044,5.0110446705446146,8.296556646000681,4,True,,,,,,,deltaRIC1,BLS-B
107,16281.716704909619,12791.177917094938,10073.73150089656,57619.543836305194,1.3974107623752727,1.0310765659052545,0.9432062097141158,5.0107503465828955,13.064718561001428,5,True,,,,,,,deltaRIC1,BLS-B
108,16281.561540322115,12791.316918529435,10073.304208701278,57619.65763240271,1.3973851065813476,1.031187908677975,0.9430464639092331,5.01049949131059,8.815088024999568,5,True,,,,,,,deltaRIC1,BLS-B
109,16282.6974449467,12789.986302851436,10076.8291866314,57631.60682776856,1.3974903546182298,1.030957074318733,0.9434547165408332,5.011574081007335,2.875542352001503,3,True,,,,,,,deltaRIC1,BLS-B
110,16282.38429683902,12789.308797913212,10077.18308167365,57632.23276278117,1.3976380396584567,1.0311800850876272,0.9434297652814477,5.01156692898819,61.8145595140013,12,True,,,,,,,deltaRIC1,BLS-B
111,16281.608368189847,12790.971641308684,10073.818319105556,57615.06010531222,1.397251251354218,1.0310371968520207,0.9430129151387353,5.010140955676937,4.3532335970012355,3,True,,,,,,,deltaRIC1,BLS-B
112,16282.045519314659,12789.185669466771,10076.791959991051,57626.31063392925,1.397475084960358,1.0310096197869876,0.9433746747669516,5.011082070504329,5.009641495000324,4,True,,,,,,,deltaRIC1,BLS-B
113,16282.474551496944,12790.08952442624,10076.33799935809,57631.4289418183,1.3976013713402395,1.0310920147862181,0.9434717008030582,5.011649018484599,10.445254572001431,4,True,,,,,,,deltaRIC1,BLS-B
114,16282.130511997888,12789.384874879417,10076.67646260106,57625.381254423046,1.3974647141578072,1.0309848366140975,0.9433863969699608,5.011059851398603,3.8623806920004427,4,True,,,,,,,deltaRIC1,BLS-B
115,16282.069710136328,12789.995760065494,10075.802821772842,57625.204623109705,1.3974518438657346,1.0310777137315121,0.9432658184043028,5.0109643503483134,4.856088458000158,3,True,,,,,,,deltaRIC1,BLS-B
116,16281.479606703533,12791.570815933754,10072.849360754628,57615.653955791415,1.3973045471159855,1.0309612729312418,0.9431748783269212,5.010490819133963,3.4082586109998374,3,True,,,,,,,deltaRIC1,BLS-B
117,16282.099033183227,12789.917178384434,10075.949955039125,57628.8338079534,1.3975213066510652,1.0311559849838445,0.9432831691362346,5.011190338044385,8.448762637999607,4,True,,,,,,,deltaRIC1,BLS-B
118,16281.553743471764,12791.547793727847,10072.998428587964,57620.85906251229,1.3974874230893095,1.0312460896716151,0.9431344550114802,5.010801305633918,5.76328656700025,4,True,,,,,,,deltaRIC1,BLS-B
119,16281.682125619729,12790.140526763753,10074.992711925917,57623.17797157825,1.3975128067135214,1.0311601416178018,0.9432660320752885,5.010890478575467,9.551574883000285,3,True,,,,,,,deltaRIC1,BLS-B
120,16282.411968007018,12788.706922922092,10077.991602273876,57628.15383566649,1.397428647348278,1.030813565096723,0.9435201208465149,5.011316427485989,7.549050500998419,3,True,,,,,,,deltaRIC1,BLS-B
121,16281.55284341768,12790.195458650202,10074.714046687683,57619.313676138736,1.397376671319738,1.0310964621676275,0.943133949794001,5.010512471639551,8.345251151000411,4,True,,,,,,,deltaRIC1,BLS-B
122,16281.733063605165,12790.513660003991,10074.60132549894,57619.50478648345,1.397331923302195,1.0310067507674823,0.9431657244362147,5.010544718886455,5.5741093430006,4,True,,,,,,,deltaRIC1,BLS-B
123,16281.6521564985,12791.38787671298,10073.360567987846,57623.34488263764,1.3974840753182944,1.031366091091048,0.9429982645348829,5.010725460705766,6.089423232000627,3,True,,,,,,,deltaRIC1,BLS-B
124,16281.666145394354,12790.766198541534,10074.172547873499,57621.765202906216,1.397407584125074,1.031040323246087,0.9432411187023603,5.0108283096624024,8.073439150999548,3,True,,,,,,,deltaRIC1,BLS-B
125,16282.172222878495,12791.001112248608,10074.6921958902,57625.97459590521,1.397428574911185,1.0310512088307042,0.9432603175937427,5.011102010598583,5.268940977999591,4,True,,,,,,,deltaRIC1,BLS-B
126,16281.107888873112,12791.049291304991,10072.910806541095,57616.09636450302,1.3973530046284968,1.0311839919084864,0.9430031783488144,5.010226091256714,7.910458164000374,4,True,,,,,,,deltaRIC1,BLS-B
127,16282.173595907698,12790.03273890349,10075.923756413144,57629.93218573962,1.3974864917194654,1.0310853248293064,0.943308829313085,5.011249664059479,6.149600622000435,4,True,,,,,,,deltaRIC1,BLS-B
128,16281.635560236871,12790.135484788774,10074.923860611398,57620.231941221464,1.397425762446945,1.0310627496599918,0.9432435357923226,5.01069785614661,6.036988691999795,3,True,,,,,,,deltaRIC1,BLS-B
129,16281.607193286252,12790.726238971863,10074.128005745573,57619.790687045315,1.397413581983221,1.0311324451228623,0.943149298746558,5.010597946178434,6.893311345998882,3,True,,,,,,,deltaRIC1,BLS-B
130,16281.057953562096,12791.299387099856,10072.512500703413,57613.00821788634,1.3972688383521723,1.0310988246442139,0.942971590477332,5.010045718134695,7.079070398000113,4,True,,,,,,,deltaRIC1,BLS-B
131,16282.358610127136,12788.499839291499,10078.168175279798,57626.458574470846,1.397436103415512,1.030949745710216,0.9433823641287614,5.010994928385866,49.21299013599855,12,True,,,,,,,deltaRIC1,BLS-B
132,16281.868396702983,12790.313430060682,10075.074235377368,57622.68121747237,1.397413261924784,1.0309641562547769,0.9433327796282396,5.010924190049032,11.012207934998514,4,True,,,,,,,deltaRIC1,BLS-B
133,16282.18594077083,12789.309103198248,10076.862193792556,57625.056557136,1.3973799273849237,1.0310106213275967,0.9432326119086307,5.010774509258136,6.427272778999395,3,True,,,,,,,deltaRIC1,BLS-B
134,16282.163068969572,12789.487624020338,10076.598658255041,57629.06661392131,1.3976106480345634,1.0312212791094735,0.9433441561866026,5.011288934558142,9.842113615000926,3,True,,,,,,,deltaRIC1,BLS-B
135,16282.058561008691,12789.185270963417,10076.813538469827,57626.91892815052,1.397485951570389,1.030992220114927,0.9434097873665981,5.0111552600744504,4.305658575000052,3,True,,,,,,,deltaRIC1,BLS-B
136,16281.751444812771,12791.80531505844,10072.990960598818,57621.85279299887,1.3974479163079074,1.031192814594982,0.9431341675079911,5.010854749152253,10.679087722000986,5,True,,,,,,,deltaRIC1,BLS-B
137,16282.318968948777,12788.692754771988,10077.859327785422,57628.90373670597,1.3974625217339143,1.0309186683065943,0.9434554568117508,5.011271258525267,4.539883592999104,3,True,,,,,,,deltaRIC1,BLS-B
138,16282.18429515895,12789.544975145882,10076.560164572109,57626.85749022956,1.3974847157698398,1.031037878099861,0.9433580575442423,5.0111330706682935,4.365547604000312,3,True,,,,,,,deltaRIC1,BLS-B
139,16282.302995005186,12789.895828012057,10076.306641312307,57628.74628683377,1.397496796955871,1.0310362696758755,0.9433777123267086,5.011305475065839,7.231449934000921,4,True,,,,,,,deltaRIC1,BLS-B
140,16282.236288555012,12789.558809367883,10076.626618966193,57628.276926766215,1.3975742542821197,1.0310818571963516,0.9434426320623556,5.011365321558129,6.074979785000323,3,True,,,,,,,deltaRIC1,BLS-B
141,16281.903484975139,12790.127917684596,10075.366442135524,57624.70320233536,1.397481838137284,1.0310615431739867,0.9433279292543175,5.011069342815908,13.713529474000097,5,True,,,,,,,deltaRIC1,BLS-B
142,16281.967315689864,12790.16067481393,10075.428009848327,57619.623626402485,1.397301113653291,1.0308876712476596,0.9432502379996013,5.010595844582867,5.989918721999857,4,True,,,,,,,deltaRIC1,BLS-B
143,16282.787633738884,12787.904967052626,10079.616048197013,57634.302214315736,1.3975603855334429,1.0309901619755983,0.9435222928590056,5.011580611995171,34.131801335999626,12,True,,,,,,,deltaRIC1,BLS-B
144,16282.400102826645,12789.097196058588,10077.477165357188,57628.65126811523,1.3974662101318622,1.0310096207905355,0.9433615268271577,5.0111602643963655,8.181835678000425,4,True,,,,,,,deltaRIC1,BLS-B
145,16282.002087553314,12791.332621956832,10073.996313953734,57624.42419425704,1.397428990691068,1.0310968133985883,0.9432110821142498,5.011020148466168,8.172049267999682,4,True,,,,,,,deltaRIC1,BLS-B
146,16282.608660926604,12789.74804412781,10076.988130022331,57630.731149316714,1.3974800485162007,1.0310359519364194,0.943353248690756,5.011333417048382,5.785960404999059,4,True,,,,,,,deltaRIC1,BLS-B
147,16281.508150996038,12791.301892406604,10073.23699553751,57618.85945062383,1.3973837079302662,1.031106186860091,0.9431337437541841,5.010607916008121,7.69082515899936,5,True,,,,,,,deltaRIC1,BLS-B
148,16281.439561706302,12790.884709747139,10073.655867829313,57617.70132421538,1.397340921028917,1.0309827795412236,0.9432052575507598,5.010541292183018,69.08535486799883,13,True,,,,,,,deltaRIC1,BLS-B
149,16281.82739505967,12790.655957965519,10074.573116885736,57623.765033322896,1.3974387034257179,1.0310583608182238,0.9432675052279652,5.0109519900220345,7.214057261999187,4,True,,,,,,,deltaRIC1,BLS-B
150,16282.019877799512,12789.852529056605,10075.90410762443,57624.4209330731,1.3974629236357863,1.0308769328250582,0.9435016546386551,5.011253470643218,12.559954696000204,4,True,,,,,,,deltaRIC1,BLS-B
151,16281.570452192127,12791.606512303755,10072.950869734444,57617.45267784362,1.397331573135451,1.0311576258440833,0.9430002523566938,5.0103786937518935,5.789586937000422,4,True,,,,,,,deltaRIC1,BLS-B
152,16281.786651976046,12789.969069950446,10075.3792866659,57620.051232015736,1.3972955809281478,1.0309837039669398,0.9431370752101409,5.010442976444836,11.243393352000567,4,True,,,,,,,deltaRIC1,BLS-B
153,16282.472066067188,12788.700169143554,10078.097269128035,57630.760209081,1.3975176598474395,1.0309302570129286,0.9435244643149008,5.01148320899303,18.116672791000383,6,True,,,,,,,deltaRIC1,BLS-B
154,16281.699557794947,12790.229520947465,10074.907904878539,57623.86898034661,1.397544984240947,1.0312370042233507,0.9432296772777444,5.010916169676866,42.340912804000254,12,True,,,,,,,deltaRIC1,BLS-B
155,16282.182402322067,12789.90129677111,10076.104832788269,57628.39108890481,1.3974926290241356,1.0310736221107677,0.94333071293379,5.011214732891941,4.340646718999778,3,True,,,,,,,deltaRIC1,BLS-B
156,16281.189004785196,12791.973517208895,10071.868195353067,57612.84198753007,1.3972503459087287,1.0310590365272203,0.9429876946904572,5.010110496947586,11.13116514000103,5,True,,,,,,,deltaRIC1,BLS-B
157,16282.15836272185,12790.665619545223,10075.095729457706,57624.458585366214,1.3973332561748049,1.0309209283285403,0.9432615058117783,5.010928046121737,6.48835301300096,3,True,,,,,,,deltaRIC1,BLS-B
158,16281.135427355299,12791.2698619009,10072.67522180228,57614.31122146304,1.397351880557087,1.0311708692879955,0.9430158622357668,5.010199073834426,4.32575150699995,3,True,,,,,,,deltaRIC1,BLS-B
159,16281.920513174797,12789.946221954373,10075.624607777785,57624.81043572201,1.397521641437118,1.0310483267862576,0.9434013388353633,5.0111755252371495,16.524340134999875,5,True,,,,,,,deltaRIC1,BLS-B
160,16282.086229561302,12789.424252699051,10076.554930696459,57630.98245559685,1.3976126767236148,1.0312974926397407,0.9432638421001471,5.011256974132654,58.03217812500043,12,True,,,,,,,deltaRIC1,BLS-B
161,16281.865871946007,12789.766427666764,10075.764536637818,57621.78065987858,1.397337675810741,1.030860240907254,0.9433343754771168,5.010810015153291,7.606748049000089,4,True,,,,,,,deltaRIC1,BLS-B
162,16281.898102020674,12790.357964568326,10075.065704142484,57626.88164068056,1.3975277358652487,1.0311982404198572,0.9432465009039996,5.01112790707948,4.715156764999847,3,True,,,,,,,deltaRIC1,BLS-B
163,16282.157884481874,12789.310478266845,10076.815115188389,57625.46597946431,1.3974460428161404,1.0309940954798034,0.943348619370523,5.011006698023281,4.350341494000531,3,True,,,,,,,deltaRIC1,BLS-B
164,16281.91723259113,12789.986842310227,10075.567742935344,57623.22326012643,1.3973878745901611,1.030949444203384,0.9433112506210986,5.010899243011898,69.52790147499945,13,True,,,,,,,deltaRIC1,BLS-B
165,16282.035926882976,12789.994697037637,10075.749578768673,57625.92296674395,1.3974898053888518,1.0311921546126135,0.9431969552703012,5.010960382647546,8.846678354999312,3,True,,,,,,,deltaRIC1,BLS-B
166,16282.296478092985,12790.10948141493,10076.024913324658,57630.51720477056,1.397549853144779,1.0310153632440502,0.9434791533360618,5.011569986372118,9.902612044001216,5,True,,,,,,,deltaRIC1,BLS-B
167,16281.787193008027,12789.761820918804,10075.643243116936,57622.16976592902,1.3973477661864984,1.0309789329665318,0.9432196029799151,5.010673015136654,6.134659405001003,4,True,,,,,,,deltaRIC1,BLS-B
168,16281.624225068053,12790.488654061939,10074.457176276828,57619.38280207773,1.3973766926911402,1.0310553211817126,0.9431789575363226,5.010609202376409,7.50276927699997,5,True,,,,,,,deltaRIC1,BLS-B
169,16282.168385897587,12789.711226437443,10076.323441169545,57624.40506281322,1.3973414547726584,1.0308351773221798,0.943367361329254,5.010977164185768,7.854166957999041,4,True,,,,,,,deltaRIC1,BLS-B
170,16281.711372532074,12792.137813556252,10072.503927893233,57622.18508487578,1.397425603805445,1.0311647180167127,0.9431318266756379,5.010887578085665,11.597916300999714,4,True,,,,,,,deltaRIC1,BLS-B
171,16282.091915529052,12790.318974876682,10075.428411072457,57621.10840520102,1.3972853245150183,1.0308728675390033,0.9432430275792939,5.010682733161816,7.857762056999491,4,True,,,,,,,deltaRIC1,BLS-B
172,16281.817555397107,12790.06426771158,10075.308379153705,57621.51778512429,1.3973829969795606,1.0311034927262939,0.9431356358102562,5.010571602447061,7.9651179829998,4,True,,,,,,,deltaRIC1,BLS-B
173,16281.193348509463,12791.39989030541,10072.603719885117,57616.56072597291,1.3974037719265535,1.0311883105788116,0.9430736821267869,5.010404682801449,48.19696380300047,13,True,,,,,,,deltaRIC1,BLS-B
174,16281.283700140139,12792.095054470248,10071.866909458582,57613.91901105897,1.397279534703955,1.0310465357261582,0.9430446114949117,5.010297423420272,4.522296159999314,3,True,,,,,,,deltaRIC1,BLS-B
175,16282.018172373744,12790.247910482809,10075.399453813183,57623.83678562173,1.3973818305774204,1.0310788367474453,0.9431608626525155,5.010734708718627,8.877216859998953,5,True,,,,,,,deltaRIC1,BLS-B
176,16281.987674245962,12790.2589826914,10075.336112506584,57624.38512240415,1.3974710620937607,1.031087886354552,0.9432831706345483,5.01098038389813,6.2321121909990325,3,True,,,,,,,deltaRIC1,BLS-B
177,16281.414596870383,12790.562640658598,10074.024449571907,57615.74579854286,1.3972659990314498,1.0309596996803305,0.9431194885508399,5.010271304252093,7.578754182000921,5,True,,,,,,,deltaRIC1,BLS-B
178,16281.617901265712,12790.369325438473,10074.598453620803,57622.05449826018,1.3974299735662377,1.0310259087460618,0.9432900436852351,5.010850740743701,9.288149297000928,4,True,,,,,,,deltaRIC1,BLS-B
179,16281.649964078453,12790.71410113382,10074.212541724155,57621.42162355596,1.397419999845882,1.031057320004834,0.9432409336080118,5.010800104847666,10.559258076000333,4,True,,,,,,,deltaRIC1,BLS-B
180,16282.30534376403,12789.217400366786,10077.17150760679,57631.81145340782,1.3976026530752093,1.0311900532813096,0.9433664451826521,5.011404426020392,8.555917673000295,5,True,,,,,,,deltaRIC1,BLS-B
181,16282.755673357527,12788.549916766784,10078.746119662952,57629.97245261577,1.3974467897416523,1.0309712307155303,0.9433747143082406,5.011200261991493,13.41122194199852,5,True,,,,,,,deltaRIC1,BLS-B
182,16282.449219646725,12790.13092743841,10076.244511193529,57629.98794497103,1.3975457248183443,1.0310309452172999,0.9434560100833277,5.011546158736918,7.255640527999276,3,True,,,,,,,deltaRIC1,BLS-B
183,16282.029522527539,12790.062797200144,10075.652783623258,57626.37099196519,1.3974715565889688,1.0310536506456571,0.9433213243457708,5.011115846129538,8.734628266998698,4,True,,,,,,,deltaRIC1,BLS-B
184,16282.047131455289,12790.4807028237,10075.15072748919,57628.16576027164,1.3975658075908393,1.0312497738391744,0.9432465693039579,5.011196169863655,11.268399333999696,5,True,,,,,,,deltaRIC1,BLS-B
185,16281.530749283875,12789.57855471383,10075.461474924141,57619.75757562719,1.3973572876091833,1.0310413954415514,0.9431654309401045,5.010435146091843,7.225047100999291,3,True,,,,,,,deltaRIC1,BLS-B
186,16282.508790095222,12788.947470392035,10077.842780033898,57628.017541988265,1.3974361036305227,1.0309549611303748,0.9433766648856251,5.011112747229198,8.50350480599991,4,True,,,,,,,deltaRIC1,BLS-B
187,16281.6098518483,12790.121192830124,10074.900458094931,57620.32429474213,1.3974184679705337,1.031063876805922,0.9432314968082098,5.010690624616979,7.399071980000372,3,True,,,,,,,deltaRIC1,BLS-B
188,16281.80690760066,12789.906650520654,10075.491255882265,57622.027849331476,1.3974033403181363,1.0309537039225094,0.943329505475549,5.010834610233535,6.502884641000492,4,True,,,,,,,deltaRIC1,BLS-B
189,16281.719094953905,12788.954404643096,10076.5580394769,57620.58257229613,1.3973586923354862,1.0308372674290018,0.9433906100471051,5.010725882937881,7.475924242000474,4,True,,,,,,,deltaRIC1,BLS-B
190,16282.227448094369,12789.64272544806,10076.505824286069,57626.75586954177,1.3974725192249993,1.031064432890196,0.9433109652802117,5.0110739239103355,12.524492913000358,4,True,,,,,,,deltaRIC1,BLS-B
191,16282.451477477875,12789.46492669296,10077.09348003243,57632.50215287359,1.3976415318917346,1.031286217733105,0.9433189220949724,5.011444076988679,2.899724763999984,3,True,,,,,,,deltaRIC1,BLS-B
192,16281.053470397128,12791.700803081032,10071.995466161925,57609.22507329228,1.3971091823458794,1.0309095822935945,0.9429419391088816,5.009728342578014,50.4369962260007,13,True,,,,,,,deltaRIC1,BLS-B
193,16281.633335914068,12790.60601365205,10074.322899762356,57621.123243830974,1.3974306803151249,1.0311412139398901,0.9431650455782182,5.010687283288179,10.433951933000571,4,True,,,,,,,deltaRIC1,BLS-B
194,16281.765629109139,12789.96829344722,10075.346299450683,57621.746865669746,1.3974095517741676,1.0310000092252793,0.9432880982855417,5.010796816125246,10.146166578999328,5,True,,,,,,,deltaRIC1,BLS-B
195,16282.327536808198,12789.941927847938,10076.28778361257,57628.16628938518,1.3975269638192034,1.0311433481234864,0.9433053642497785,5.011254744403192,8.698438518998955,3,True,,,,,,,deltaRIC1,BLS-B
196,16282.201101816348,12789.169154318823,10077.064307734146,57626.81915303298,1.3974394940105153,1.0309448792619311,0.9433927047332765,5.011119731685043,43.353976200000034,12,True,,,,,,,deltaRIC1,BLS-B
197,16282.499395959387,12789.61610407132,10076.97903589649,57632.79458693524,1.39760498338753,1.0311311547405124,0.9434342750362398,5.011611453577029,6.042514601998846,3,True,,,,,,,deltaRIC1,BLS-B
198,16282.451467395575,12789.168003894316,10077.470295478832,57628.05619322556,1.3973832076828372,1.0308325773751457,0.9434320465916394,5.011162894472371,4.381172320001497,3,True,,,,,,,deltaRIC1,BLS-B
199,16281.922371605258,12789.756520663588,10075.86841205873,57626.55054551931,1.3974991059852575,1.0310418458450945,0.9433750385429616,5.011154354880008,6.718603231000088,3,True,,,,,,,deltaRIC1,BLS-B
200,16282.453430797845,12789.342249847557,10077.252330986095,57628.147669173675,1.3974704937731914,1.0310161313463586,0.9433607570120119,5.01121243628576,7.51399902599951,3,True,,,,,,,deltaRIC1,BLS-B
1,13.919617585204163,11.603294955022612,7.688907588537646,63.68072249328043,0.028082413337535923,0.002551754251504812,0.027966238379520086,0.8747999478122197,8.591961152000295,5,True,,-0.0013384773543407835,0.0011935147842883076,0.0024009422767687916,0.0029967520726235557,-1.2687255475102575,deltaRIC1,BLS-G
2,14.923220713038868,12.810917727672894,7.653946918085379,77.11023840852526,0.029310455233960798,0.0026199584344623198,0.02919312596868841,0.9303748286265199,13.087507973999891,4,True,,-0.0037418065403090894,0.00034370520222681833,-0.00046532033531632155,0.003786261013928722,-9.432696172916621,deltaRIC1,BLS-G
3,14.691070542068843,12.032673645592947,8.428660546652463,82.24175339651349,0.02879863147710886,0.0027517485795691327,0.02866686335665562,0.9077135074122917,12.75007230400115,4,True,,-0.003593668767584046,0.000274255430609438,0.00047167706643724827,0.0036348521988288124,-6.121884712163592,deltaRIC1,BLS-G
4,13.02768345030372,10.901202294254292,7.133324934493199,78.2171278030396,0.02898856763415385,0.0027562453956725135,0.02885723765017619,0.9165150765080735,9.322291718000997,4,True,,-0.003042707481092255,0.0004807695612911722,3.330430371484283e-07,0.0030804558587125617,-7.406661945009546,deltaRIC1,BLS-G
5,14.594092163489284,12.294448631972067,7.863463544279933,87.83897278786243,0.03150507256282113,0.0029268059435771077,0.031368828542954336,1.0147144288287453,9.39133506699909,4,True,,-0.00514027175381937,-0.0002904149351207197,0.0005059867151047115,0.005173273344171646,-21.937034810558544,deltaRIC1,BLS-G
6,15.631335090172644,14.069471740960374,6.810917825930667,80.8598578515351,0.027948080596356718,0.0027598481239418686,0.027811480495529638,0.8658126598464437,13.26883626199924,4,True,,-0.003443744588888409,0.0008021235327684284,3.170125944773616e-05,0.0035360689932705885,0.023932617405080236,deltaRIC1,BLS-G
7,12.509500883110507,10.680036296715295,6.51340441285403,62.00227199804311,0.03062956494902499,0.002650194415564248,0.030514696762810087,0.9843934722481886,9.305454418999943,5,True,,-0.0014238837799857018,0.0008350324074546389,0.00032885926689840694,0.0016831139467756834,-17.32964904738037,deltaRIC1,BLS-G
8,15.424561786758895,12.932017184933986,8.407142073387055,56.56330504894604,0.029408106461512186,0.002619394949740893,0.02929121874809764,0.936016442793898,12.947526982999989,4,True,,0.00027265300196521736,0.0013246446603485396,0.0001456202301628462,0.0013602310050514297,-10.19342205101566,deltaRIC1,BLS-G
9,13.29332674251599,11.057629194924898,7.378439704357241,60.75665334715254,0.02983810205786962,0.002602273073492636,0.029724409317374478,0.9535755621715153,9.295239795999805,4,True,,-0.000902095979256945,0.0009579134641308773,-0.0002857751288655175,0.001346492771920023,-12.803099263648619,deltaRIC1,BLS-G
10,14.401191894946505,12.316990790510648,7.462309686789256,68.76309779305276,0.026726196770698745,0.002524120077371451,0.026606736208357424,0.7894010873251256,12.877324639001017,4,True,,-0.0013382054136596988,0.0016102822940096129,-0.00020769928206065824,0.0021040298922110163,11.107241374644218,deltaRIC1,BLS-G
11,15.853752298594609,14.850970218672906,5.548886871191762,71.4494478403274,0.028427677185624525,0.0026017597172493367,0.028308367606482986,0.8913603668670855,9.713399440001012,3,True,,-0.0021850199789069658,0.0010224972466885696,0.000544696913519882,0.0024731574263088044,-3.629457961440494,deltaRIC1,BLS-G
12,14.961838253751814,12.131760024723798,8.75654056314163,87.44253737515417,0.031141117460898808,0.0029253728100223863,0.031003409338907845,1.001945173574829,6.126650813999731,4,True,,-0.004531642514660317,-0.00027106780988372936,0.0014565265639614466,0.0047676756674251,-20.00757449102821,deltaRIC1,BLS-G
13,14.26255455967104,12.527301942779145,6.818149939832288,72.40662175194164,0.02731757093436876,0.0026390913590687245,0.027189793646748367,0.8302872130064695,9.404313514000023,4,True,,-0.0019175352803563195,0.0012852255271678104,0.0005080280022335959,0.002363649436390351,5.0647475365694845,deltaRIC1,BLS-G
14,10.266328367895548,8.976011871071899,4.982841463244966,78.36267073280155,0.029424343987956337,0.002538092842214779,0.029314673865589575,0.9362913875940144,12.802342307999425,4,True,,-0.0029427746187606907,0.0006489348188056798,0.000619487949605757,0.003076492186823694,-10.351002812174556,deltaRIC1,BLS-G
15,12.934692887802404,12.164972369049641,4.395421181414228,68.79391873846849,0.029092168426788932,0.0024753367016031895,0.028986668866676474,0.9221525923551445,9.31034758700116,4,True,,-0.0025630924035572322,0.0007085234079531322,0.0005424986714064328,0.002713992059175571,-8.123689349020424,deltaRIC1,BLS-G
16,14.16309953334747,12.391940030349156,6.8580763101424775,68.6330550833663,0.030547030382893664,0.002605516480107354,0.030435708453809933,0.9813352036875591,9.451278459000605,4,True,,-0.0020561278630703006,0.00029859582903113413,0.0018839138448114578,0.0028046305698043584,-16.904642351531947,deltaRIC1,BLS-G
17,12.594254981748673,11.118403616908354,5.915772101494486,71.912934218979,0.029383795427922355,0.0024841128143039395,0.02927860340377938,0.9349119843313051,9.544636100999924,5,True,,-0.002703396982520867,0.0005249488556744453,0.0018572491686188464,0.0033216413142469546,-10.054766923989519,deltaRIC1,BLS-G
18,17.561744882414203,15.52009107044139,8.218373104222442,93.55866095017201,0.030551922343384885,0.0032257481757293274,0.030381153822443933,0.9792921139126688,16.119579584999883,5,True,,-0.004226546960159783,0.00019077278697876565,-0.0002881709336894911,0.004240652774009093,-16.756920600571902,deltaRIC1,BLS-G
19,13.212630266792338,10.938786977916193,7.41056934511297,65.99173511936002,0.02905280275675595,0.0023820690696006314,0.028954983940085655,0.920637626523703,7.091688960001193,4,True,,-0.0019343195200157703,0.0005890961259502614,0.001035808227560997,0.002271898971214763,-7.952085179829737,deltaRIC1,BLS-G
20,11.916936420686714,10.8373015929216,4.956437010469157,71.6155198777148,0.029070372970935166,0.002479880997715747,0.028964405309041756,0.9209527195555913,15.997340919000635,5,True,,-0.0025964020736083393,0.000728135844803468,8.91862758591877e-05,0.002698043685362966,-8.010001105634728,deltaRIC1,BLS-G
21,11.599137751831098,10.272677369649129,5.386287798201285,68.0097783091135,0.02954990668982212,0.0023208449968542006,0.02945862630669955,0.9420912610965471,11.652663470000334,5,True,,-0.0024059439818053807,0.0006670953041614247,0.0007221968788790889,0.0025990673173818435,-11.127581949171145,deltaRIC1,BLS-G
22,11.195349909380047,10.267624477503448,4.462258081109599,67.73565181395377,0.02918967301730657,0.0025080259333687253,0.02908172650952527,0.9267633010103108,12.778992032001042,4,True,,-0.0019452155389385606,0.0008810440055710966,0.0014345238141935113,0.002572539719065402,-8.934576259678579,deltaRIC1,BLS-G
23,16.674220175084706,14.794614307604474,7.690839091830413,64.60174995831417,0.027960464740118977,0.0025737846351376933,0.02784175319794653,0.8678144072566408,13.138174032999814,4,True,,-0.0019315686816616662,0.001126655777197616,0.0009089031274573944,0.002413796948247881,-0.3891239288423094,deltaRIC1,BLS-G
24,14.03168602822018,11.615927536603765,7.871368385415574,80.03334648444357,0.030624984231820723,0.0026094669603741742,0.030513609117604944,0.983493529655328,10.099359911000647,4,True,,-0.004290028106416988,0.0002902289722852558,0.00016244667867848506,0.004302901687653943,-17.261603943479713,deltaRIC1,BLS-G
25,9.44803673923022,7.358115955782944,5.926510592844365,72.45312494413861,0.029017501535461433,0.0024221411465818244,0.028916234672352176,0.9189829844303158,8.537512318000154,4,True,,-0.0023310163850108756,0.0007599730590794884,0.0007627362887006051,0.0025676765925280736,-7.785557869297918,deltaRIC1,BLS-G
26,10.882613085083637,10.121554681231082,3.9981743827005354,71.97144220125989,0.02877917927057058,0.0024437331674684298,0.028675238930022086,0.908245220479574,9.380131748999702,4,True,,-0.0029206928786810193,0.0009300836961632086,0.0012455976389229573,0.003308627517799047,-6.173555271008809,deltaRIC1,BLS-G
27,14.089908223307724,12.391435507056363,6.706552006485706,77.15884251661221,0.03119889265013654,0.002904172924771026,0.031063429981535693,1.0040464185284836,12.822231869000461,4,True,,-0.004470988632482409,-3.362153523600586e-05,0.0001655691359259137,0.00447417957822323,-20.327844517341873,deltaRIC1,BLS-G
28,13.123362993521964,10.690558668480977,7.61147893746728,79.0524279547855,0.029794067226170784,0.0027637826002829013,0.029665602094276752,0.9507519225229075,8.739585145000092,5,True,,-0.00371596241461869,0.00011342728076613184,0.0008411833674604186,0.0038116704832097978,-12.425716987381747,deltaRIC1,BLS-G
29,12.314488871279744,11.561246770944162,4.2407793225073345,74.85361848389543,0.03114217039016122,0.002710894358908483,0.031023955717875053,1.00303902653389,9.349147418999564,4,True,,-0.002375629063997464,0.00044518741848342813,0.0007543236759697258,0.0025319576409201412,-20.133319071130245,deltaRIC1,BLS-G
30,16.204547457716355,14.783975159439384,6.634865243127463,77.93013221265377,0.03133625801898468,0.0029192174682748395,0.03119998775649281,1.0095902612300258,9.366724360999797,4,True,,-0.0019946691077445955,0.0007864012939537979,4.242105581253597e-05,0.0021445119236085117,-21.1551217792221,deltaRIC1,BLS-G
31,14.26489076586282,12.49582994031956,6.880504535614494,71.4643410261987,0.028774907829772135,0.0026730889483147845,0.028650478461733915,0.9076564069991996,12.869672393000656,4,True,,-0.0012720917042360336,0.0009545729431175154,0.00010766803782580325,0.0015940574688785313,-6.0925223587983055,deltaRIC1,BLS-G
32,15.74271100480047,13.258123977996592,8.488527455615468,76.79529784211937,0.028973756048955926,0.0027577315574664443,0.028842216562555728,0.9164422447325483,6.152092696000182,3,True,,-0.002273114086677186,0.00039254728750659496,0.0020357374696668984,0.00307658383103481,-7.408926642841834,deltaRIC1,BLS-G
33,12.93079070681014,11.125636051992583,6.5898080959865855,82.19205006130753,0.030671182765990616,0.00273387344469503,0.030549097994101087,0.9849372711812421,9.026243502999932,4,True,,-0.003908203777307939,-3.868067030743383e-05,0.0003418158986021602,0.003923313786552979,-17.451172821383807,deltaRIC1,BLS-G
34,14.801642443213204,11.794172567309088,8.943495539735252,65.84256290476557,0.028686532684894173,0.002587511880806322,0.028569598172676274,0.904108573790791,12.382978708999872,5,True,,-0.000348492393682287,0.0012040582073480355,0.001174081500326274,0.0017174604753952764,-5.525333401143143,deltaRIC1,BLS-G
35,15.505179378213647,14.174221377644363,6.285064509462993,67.06703278929464,0.031018949979998447,0.0026561932485156285,0.03090501408005157,0.9985750242952349,9.32291598700067,4,True,,-0.002679015541331098,0.0006287433700271627,0.000653820666691507,0.002828413682656693,-19.375925011947402,deltaRIC1,BLS-G
36,19.936012114625836,18.21342280780202,8.10652876752715,87.47394517569256,0.031641686597308205,0.0032110141058005496,0.03147833729939724,1.0196636439235447,9.365626874001464,4,True,,-0.004993238763777996,-0.00023266148153155974,0.0037546781964306053,0.0062517336056357245,-22.67631190222164,deltaRIC1,BLS-G
37,13.689760182763404,12.214753138415695,6.181370368222423,76.8840119353358,0.030570753315628606,0.0027101593834619312,0.03045038578411201,0.981823695545083,12.80141457100035,4,True,,-0.003731243500267767,0.00039777032446219884,0.0022049018314380664,0.004352239811360601,-17.04772883655096,deltaRIC1,BLS-G
38,15.364826485102446,12.805632725316006,8.490798750507594,73.81621216620943,0.029212763009533786,0.0027421019726982807,0.02908378241258364,0.926261907315817,6.226603524000893,4,True,,-0.0028080485543791056,0.000322220301396392,-0.00011629886808595113,0.0028288669168238787,-8.817053580649372,deltaRIC1,BLS-G
39,11.967075734340634,10.166553811729434,6.31285080012621,67.76915571130374,0.028499454132004057,0.0024642474862842053,0.02839271685042742,0.8956106237246372,16.142914719001055,5,True,,-0.0007253838165394155,0.001263135973200269,0.0010273422602904425,0.001782449519023906,-4.363801432606124,deltaRIC1,BLS-G
40,12.929862396317382,11.514039982260218,5.882875561714304,71.57511453299625,0.028986915440359945,0.002494129323989011,0.028879414565773243,0.9177650980565962,12.88165474500056,4,True,,-0.0019362528017397018,0.0007999885610039392,0.0014610910659103027,0.0025541816131326492,-7.5259493663179455,deltaRIC1,BLS-G
41,10.849646844074341,9.513330044522283,5.216453594648568,75.95818282290305,0.028524907076718328,0.0024416656020036912,0.028420214510510074,0.89607412085367,11.90169960500134,5,True,,-0.002832749390379141,0.0009840635619948745,0.0002139490250112619,0.0030064305061056553,-4.504579348540574,deltaRIC1,BLS-G
42,12.798411661367444,10.782351170539663,6.894943385480994,77.0773179713396,0.02899944012928435,0.002668891403362733,0.02887636657353213,0.9172566565039736,13.204579568000554,4,True,,-0.0034143275565334807,0.00047948093086325194,0.0012513294960723176,0.003667882241035824,-7.575172754513915,deltaRIC1,BLS-G
43,11.891157021092866,10.353287501085548,5.848850589658788,75.96008547016118,0.029431263489352585,0.002487889007904556,0.029325921620028346,0.9364856442379449,9.352339224999014,4,True,,-0.003512689647591327,0.00036233591870327153,0.001311948691352871,0.003767158776454788,-10.339604237960884,deltaRIC1,BLS-G
44,11.459906967593609,9.499256746638972,6.410428142279927,75.85615659660506,0.02879731078458496,0.0024600960061280683,0.028692037851372743,0.9092277744793038,9.881867772999612,5,True,,-0.002216641371252215,0.0008071026273885895,0.0014760925065047115,0.00278276170514901,-6.3285767142806435,deltaRIC1,BLS-G
45,12.821482642371354,11.743329465837464,5.146322007552924,66.51698432506159,0.027406428944557526,0.002392733345909851,0.02730177969709029,0.8377326523985729,12.90402577399982,4,True,,-0.0014090972852430772,0.0015750675720616059,0.001968978391090781,0.0028884717274749103,4.032895943018957,deltaRIC1,BLS-G
46,14.781127142518121,12.586700215150106,7.749625623036653,74.01103111037699,0.02866496487833785,0.0025406097287579343,0.02855215427393322,0.9022749652664172,14.148730830000204,5,True,,-0.002002211604990145,0.0007563843489282185,-0.0005491066287167667,0.0022096349662696483,-5.3545580347126815,deltaRIC1,BLS-G
47,11.428676652136618,9.587613302048581,6.220315200170628,69.03880869769743,0.028586921190750632,0.0023528578067015817,0.028489930208893646,0.899948679228068,12.821547147999809,4,True,,-0.0011199530947709757,0.0012825385419907853,0.0010955073399085968,0.0020246817967207948,-4.95588411425706,deltaRIC1,BLS-G
48,16.569372875299493,13.381002931851004,9.772045743778802,62.01834047481063,0.02738529499519627,0.002675288838911998,0.027254306294644794,0.8350634424733127,10.720642287000373,5,True,,-0.00013745873316928225,0.0013589715406894243,0.0009097237179553908,0.001641126379880255,4.489826152217574,deltaRIC1,BLS-G
49,11.888844728069676,10.55331437564166,5.474685804411539,63.78540514356278,0.03082585519628122,0.0025466491120611995,0.03072048057700491,0.9917880729798801,7.020241680998879,3,True,,-0.001970938986505244,0.0004866835903585276,0.000707868477217044,0.0021500091131639795,-18.410245111859695,deltaRIC1,BLS-G
50,13.268488558751269,11.041288575023968,7.358174721815088,63.99266704892119,0.02861037473570609,0.002455994360987227,0.028504765114210788,0.9008416595347101,8.935350001000188,4,True,,-0.0002110001552526608,0.0014776544947929793,0.0001456964416663986,0.0014997370851628602,-5.131025456350471,deltaRIC1,BLS-G
51,12.516565089200936,11.368116344967266,5.237397483435042,62.27163165010847,0.029582754752527696,0.002585527230494092,0.029469550856580314,0.9436395509845653,9.559886659999393,4,True,,-0.0009117919949017672,0.0012962057975898222,0.0009987868874699046,0.0018732563514517258,-11.363705042698712,deltaRIC1,BLS-G
52,12.77562341209933,10.541951235492801,7.216911923826724,64.49167948241349,0.028710825017129227,0.002378742824871917,0.028612113793589838,0.9057556638066461,9.711577664998913,4,True,,-0.0009513657632278516,0.0011261295283533368,0.001654329567369217,0.0022158679670827505,-5.799115028705273,deltaRIC1,BLS-G
53,13.69481746412312,11.224939538634885,7.84530163407647,80.52337479936985,0.02782067840725622,0.002607354930597182,0.027698228234056113,0.8591225424450455,14.544797454000218,4,True,,-0.003509133852906521,0.0006600316570350984,0.000780846501848842,0.0036550490346030427,0.9408665906375973,deltaRIC1,BLS-G
54,15.59903379359138,12.652788000844328,9.123421019513218,77.5833337329878,0.029844940074658717,0.002739106565295638,0.029718979512828564,0.9530068942803376,6.378222765000828,4,True,,-0.002781287597038995,6.899534967619303e-05,0.0005997766981762354,0.0028460592304790627,-12.772759298561141,deltaRIC1,BLS-G
55,12.610613318088296,10.744180259931474,6.60228436228286,65.50060975655012,0.028647820316912178,0.0023529669471328233,0.028551027222427337,0.9022753313505901,11.582159891000629,5,True,,-0.0018448004561693043,0.0009920053678478258,0.0003972881816705076,0.002131947764889288,-5.307897389844584,deltaRIC1,BLS-G
56,14.104821939142584,12.223208614072925,7.0384070010032405,75.55661380219541,0.029093758681015207,0.0027312133818830227,0.028965276930348362,0.9218680119995001,16.3457435119999,5,True,,-0.0023591649744223453,0.0005623840425814652,0.0015023111059624394,0.002852871158497969,-8.25630457221996,deltaRIC1,BLS-G
57,11.735948026583808,10.867520879416118,4.430515321960991,80.13189205461212,0.029761368159114343,0.0026737783312180932,0.02964101793356385,0.9501033695221133,13.14873488000012,4,True,,-0.0039852882289779235,0.0004104159069242552,0.0019540708812637586,0.004457505635856154,-12.34765524557588,deltaRIC1,BLS-G
58,14.3251846036386,12.160447508274075,7.5719502327230925,68.31881863450651,0.028671601513390124,0.002501739039126294,0.028562248425548477,0.9032560106852652,9.382686500999625,4,True,,-0.0019068769335689462,0.0008961765482562445,0.0013088323443726235,0.002480393950786391,-5.543443513008242,deltaRIC1,BLS-G
59,10.420965872345072,8.568660976845058,5.930816029558949,68.81885821163665,0.030392300631187568,0.0024663268927821807,0.030292064461083266,0.9755766381477338,16.30667513499975,5,True,,-0.0024697328148983733,0.0006587671985682775,0.001002739448599188,0.0027457313780980728,-16.077933765416674,deltaRIC1,BLS-G
60,19.960342177805195,18.695387077397527,6.992693463991303,62.23146657112282,0.026249008738879785,0.0029066844855240685,0.026087576450782104,0.7437215037044793,8.402290949001326,4,True,,-0.0007528393818551082,0.0016948109780847709,0.0026630104016189815,0.003245115681364769,17.871831525953894,deltaRIC1,BLS-G
61,11.291969770291397,9.61649393946071,5.918752031086468,72.63551369703143,0.027844773205145355,0.00243875665619263,0.02773776957179248,0.8618774294334955,12.691993624001043,4,True,,-0.0025266127546758055,0.0009893041370294675,0.0014726751328191234,0.0030872749690395098,0.5653264017528272,deltaRIC1,BLS-G
62,14.805664857413072,12.016371166532698,8.649539632729482,64.22881280741588,0.028595380185365362,0.0026209665745638424,0.028475011890438346,0.8991420106511289,9.515238005000356,4,True,,-0.0011418204496739248,0.0009550995908180759,-0.00048600099962503585,0.001565939379194148,-4.894175165412889,deltaRIC1,BLS-G
63,20.13771015518025,17.395684098536304,10.144828487361481,76.4676884690337,0.027769259761266117,0.003020872756026533,0.027604458253705506,0.8556550688015179,7.730168105999837,5,True,,-0.0014569405004625224,0.0008325277890619542,0.0003081661832526894,0.0017060904249039384,1.5461355703082518,deltaRIC1,BLS-G
64,13.107755327099742,12.251174787741983,4.660683000945984,71.30653793909889,0.029358551736331496,0.002505267032717368,0.02925146487185954,0.9338347001773647,9.381520709001052,4,True,,-0.003218190194796411,0.0007608020407710026,0.00217775877619264,0.003959570830583682,-9.993493533998844,deltaRIC1,BLS-G
65,10.1165763451652,8.572030214601241,5.37265436702562,74.49475981679338,0.028768030396270496,0.002396335755541114,0.02866805099457336,0.9077605069512987,12.745156285998746,4,True,,-0.00222821469318335,0.0009471734108073004,0.0005096028066522429,0.0024742217381646192,-6.167903370507702,deltaRIC1,BLS-G
66,14.89532360013966,11.647880495144284,9.284263305384806,73.0938485478229,0.028541349322524934,0.0026254181765052427,0.02842034131654422,0.8968172786179417,9.4223805169986,4,True,,-0.001474849869170236,0.0009779984538067499,0.0015910496921132111,0.0023797273446790916,-4.570670529683412,deltaRIC1,BLS-G
67,11.258295300802311,9.805496687269258,5.5318575357667195,64.54926675408927,0.030314286677680657,0.002400796424017117,0.03021906936533674,0.9727419818148416,11.863881598999797,5,True,,-0.0022075994553255596,0.0006287940847027329,0.0011744446196328973,0.0025784098822133603,-15.607871550302661,deltaRIC1,BLS-G
68,11.992845379206143,10.738000729572073,5.34075655888337,77.22300861253385,0.02968662959707175,0.002603195884750472,0.02957227329813105,0.9472174956239517,11.699023080000188,5,True,,-0.003403209828034326,0.00040331512197488983,0.001971433676950962,0.00395361239423637,-11.923484653307241,deltaRIC1,BLS-G
69,14.273041040983028,12.864213353185544,6.183180036300789,64.6749368214933,0.02930970396376625,0.0025111752441418526,0.029201930507019982,0.9313996793978605,9.22255182399931,4,True,,-0.001786432002315319,0.0006633637152664296,-0.0006835881371215491,0.0020245205503629025,-9.549528427960468,deltaRIC1,BLS-G
70,14.766829786679034,13.471175594972786,6.048693250460038,74.97524130673804,0.02934298909090238,0.0026894113287163103,0.029219481095560003,0.9327466806206965,9.023199179000585,4,True,,-0.0031306440305758354,0.000477526158309427,0.002399168477330793,0.003973030664450959,-9.77645956203196,deltaRIC1,BLS-G
71,13.921971979304638,12.701121177046566,5.701124857299897,70.85428063682191,0.030351419021247973,0.0025343980454864156,0.03024542053188231,0.9736585876512931,14.094926751000457,5,True,,-0.0032388405287472333,0.00015755986098198171,0.0015982699013701307,0.0036151597140477772,-15.730133254197426,deltaRIC1,BLS-G
72,11.75337874787061,11.089600242937555,3.893928407500043,68.98807870774844,0.029626056600349865,0.002434531681967426,0.02952585790754657,0.9450608271073372,4.728820828000607,3,True,,-0.0027825242132443195,0.0008454523810410564,0.0007081052952746525,0.002993099369398703,-11.541360747745784,deltaRIC1,BLS-G
73,15.071333485296849,14.348977077061612,4.609983716564567,69.17975600118028,0.02744675257718774,0.002640814035050418,0.027319413029302853,0.8381075858088987,9.5146779709994,4,True,,-0.0026062407875035998,0.001057977665818166,0.0007113629503319174,0.0029013522762536726,4.083613163646078,deltaRIC1,BLS-G
74,16.400291803860764,13.85820478724383,8.770389462651856,76.662737293084,0.029306996600433878,0.0026350956202091397,0.029188290816870344,0.9318398747696633,12.578901513999881,4,True,,-0.0010224768728905875,0.0009335934148841929,0.0019484427113578562,0.0023902896517691737,-9.655883451981936,deltaRIC1,BLS-G
75,12.689076090006937,10.819224758180635,6.630009626686594,60.86632083460709,0.027081962042323514,0.002300016491205095,0.026984117406393632,0.817283826923642,9.808591163000528,4,True,,-0.0005269893252315416,0.0019880781124790303,0.0006842829927811156,0.0021675828806381682,7.023390172995278,deltaRIC1,BLS-G
76,13.176364989842671,11.255829665122095,6.850028678429687,73.1930955224518,0.028819692032059866,0.0026577656846417308,0.028696880150781465,0.9094717330475702,9.404057251000268,4,True,,-0.002078212973330773,0.0008177130489750439,0.000253978502713359,0.002247694123501887,-6.454910452281183,deltaRIC1,BLS-G
77,12.929046672479727,11.484518051117059,5.938526163344361,83.85005635564805,0.029701258057618946,0.002536664774595688,0.029592736643078474,0.9478410246014429,12.932191358999262,4,True,,-0.003260432068864949,0.00047559286289744485,0.001087182593775493,0.003469664513916348,-12.063266197845223,deltaRIC1,BLS-G
78,11.305243123130634,9.817691060459849,5.605485198844008,75.1654867812947,0.028722287502672812,0.002534317850332528,0.028610260963851428,0.9054359288919037,12.984667229999104,4,True,,-0.0023544035137400554,0.0008607845733399344,0.0010920534410749916,0.002734364040389513,-5.850768060838163,deltaRIC1,BLS-G
79,10.320021036053356,9.242785695506553,4.590615075512563,73.37975914279144,0.028066272826304417,0.002448463257526102,0.027959268553327688,0.8735777695516732,7.625379131000955,4,True,,-0.00302964113888482,0.0010381851451197743,0.0015152473095263463,0.00354295473228173,-1.1455325879724114,deltaRIC1,BLS-G
80,13.14294576843628,11.641399864902201,6.100396106607514,75.72688330619712,0.030414225332424397,0.0024892153396918835,0.030312190774738283,0.9762312696090705,17.23003406799944,5,True,,-0.003159473091603582,0.0006255892514612782,0.0008449216695449735,0.003329793500470809,-16.148720509874693,deltaRIC1,BLS-G
81,11.43108198355984,10.400459248039871,4.743425212304741,74.00980634293377,0.030642743058606373,0.002610315924654619,0.030531360155244696,0.9843933901028167,11.632971252000061,5,True,,-0.0034048761522564863,0.00040735711917783135,-0.0001286155828267299,0.003431568650471043,-17.41051139744377,deltaRIC1,BLS-G
82,18.48205291944935,17.672371311744385,5.410505737651547,75.36768799990011,0.029931785763765272,0.0028853801960363216,0.029792387956192143,0.9565342617351028,12.896612336000544,4,True,,-0.0034946113867995177,0.00044026022793919317,0.0012052163381692793,0.003722725377306804,-13.13013126419537,deltaRIC1,BLS-G
83,15.650655133499566,14.668269506241312,5.457552180236805,71.01368666519942,0.030447265595834567,0.002768009902604469,0.03032118242157411,0.9768262362371792,9.362129418999757,4,True,,-0.0021547674236601644,0.0006155930324440728,-0.0011813976914701874,0.0025333136278542063,-16.18652220864169,deltaRIC1,BLS-G
84,8.482134300595984,7.5761473735527884,3.814261824725213,72.04320663413958,0.029146130155730345,0.0022944232566105617,0.029055679736917153,0.9250586892203156,9.292868705999354,4,True,,-0.002498448951637977,0.0010582408466195403,0.0009200463651704016,0.002865066520599167,-8.679935562009632,deltaRIC1,BLS-G
85,15.677648184838011,14.319329246808097,6.38321725535493,72.82200831531722,0.029150922843058494,0.0027897891115811675,0.029017122174930663,0.9236776241940352,12.594665344999157,5,True,,-0.0024536155453915853,0.001103826669305752,-0.0017379046972764156,0.003202963517942923,-8.508672495983774,deltaRIC1,BLS-G
86,13.07298380615242,11.599120361949394,6.030200031917215,73.16875164706337,0.02943000769327464,0.0024916492988798842,0.029324342048843918,0.9363773716131355,9.34449210099956,4,True,,-0.0038694490007534776,0.00038284517633146997,0.0012009395173364634,0.004069577585299572,-10.294856544591312,deltaRIC1,BLS-G
87,14.347196411890923,11.789834753903397,8.175685986938799,73.26797778139907,0.027461289632171766,0.0025828916475316792,0.02733955191657566,0.8391087556314276,9.286976471999878,4,True,,-0.0018538229357992764,0.0010973827532467784,-4.399693538714722e-06,0.0021542812587315896,3.910803089471301,deltaRIC1,BLS-G
88,14.672711674023597,13.314837089948062,6.164704464706456,81.50590595679692,0.028334842504605207,0.0026492846716441973,0.028210717652859756,0.8861967391249236,9.591119823000554,4,True,,-0.0029087446780599047,0.0009679167779763631,-0.00020583349238190163,0.0030724625169098636,-2.980951455916511,deltaRIC1,BLS-G
89,13.114070555946942,11.224241524394873,6.781979707165477,74.12322644861985,0.029030034471963388,0.0025476215054986142,0.028918031158917158,0.9191270726321159,9.376448877001167,4,True,,-0.002616428865876541,0.0005180936320194895,0.000526049295630493,0.0027186115726900908,-7.817625703777594,deltaRIC1,BLS-G
90,10.360715778123422,9.03682423336553,5.067567385868004,69.47042336535304,0.029070922505401383,0.002399049379076815,0.028971763794974653,0.9211401405227547,8.978324253999745,4,True,,-0.002546492706042014,0.0007316625934250531,8.325893432714615e-05,0.0026508276637095714,-8.044334738857287,deltaRIC1,BLS-G
91,12.430051778429325,11.816912178530186,3.85574555427858,76.21229111505062,0.03018426948533987,0.0026341038419800834,0.030069114075963157,0.9673253542321872,10.404881750999266,4,True,,-0.003334947959183765,0.0008544797183112074,0.001881839943361996,0.003923434089149688,-14.892564837085956,deltaRIC1,BLS-G
92,11.931982076700463,10.391390729754184,5.864400649706661,78.66375194286871,0.027831228061371806,0.0025129824589930727,0.027717542722342517,0.8604763118319039,12.896204795999438,4,True,,-0.0030356438241240236,0.0009318489581859879,0.0009123187916348918,0.0033039070031380706,0.6913899171122466,deltaRIC1,BLS-G
93,17.30591749518939,16.15872533502123,6.195996763850457,68.27882601491814,0.027973473653659573,0.0027081792635216605,0.02784207236052334,0.8687844271827757,11.660678907999682,5,True,,-0.0012633105772866804,0.0010666085237291956,0.0027741621475034783,0.00322948648831626,-0.4351364769463544,deltaRIC1,BLS-G
94,15.117141363084057,13.42478092168423,6.950051812486729,71.56834501770763,0.02763102183709214,0.002645336427516044,0.027504100838731657,0.8498137432681945,16.08418168800017,5,True,,-0.0010208346219064968,0.001301224308863258,0.0012951358972967952,0.0021006344326718104,2.2405925595376175,deltaRIC1,BLS-G
95,11.348852835738416,8.982224306633151,6.936577484075015,64.14860784687964,0.028855745985178923,0.002436464273895357,0.028752699320293416,0.9121682780715101,9.377635364000525,4,True,,-0.0009539006593363153,0.001133900819716871,0.0008952359116281006,0.001731214855038347,-6.760653929770342,deltaRIC1,BLS-G
96,16.675163321392233,14.365741016453013,8.466791413711839,74.32675477376706,0.027991165069233635,0.0028042696603824122,0.02785033920089563,0.8683630179353716,9.434296904999428,4,True,,-0.001573423442841837,0.0008989920795363648,-0.0006512370131120937,0.0019256058103362013,-0.3573130273507559,deltaRIC1,BLS-G
97,11.560240086393668,10.361083401488747,5.127094850152221,76.77414429617423,0.030224974661921734,0.0026089381870128834,0.03011216589437161,0.9686395135179713,12.822311975000048,4,True,,-0.0025334229174580614,0.0004959123784562536,0.00027476242267931994,0.0025960845815813593,-15.03137935919949,deltaRIC1,BLS-G
98,17.580489181488,15.367593286520616,8.538774879366667,79.64935389119789,0.029115963257068382,0.002946032389087165,0.028966536029518708,0.9221654022855909,9.382534657999713,4,True,,-0.003327302041455815,0.00019136334587677162,0.003013188024366009,0.004492979064652307,-8.243204674618028,deltaRIC1,BLS-G
99,10.992662622314988,9.847352710739964,4.885516975543464,73.9320000731045,0.029608282434696754,0.0024486468645383607,0.029506855428282405,0.9441127840511431,11.733509004001462,5,True,,-0.0027580567066111117,0.0005353096928100154,0.0006711318398775479,0.0028885725212631076,-11.413150588072313,deltaRIC1,BLS-G
100,12.123765178024957,10.970667119405483,5.160440392746134,72.53664662460507,0.027976554683006208,0.002412731314836055,0.0278723221051574,0.8685161459038347,11.63958817799903,5,True,,-0.002540609783067471,0.0009680011182156001,0.0003670828681650029,0.002743442010829651,-0.38342855086375494,deltaRIC1,BLS-G
101,12.831583671059413,11.008777511188093,6.592143597992829,75.61941280337147,0.02871323625208708,0.0025436552641139743,0.02860034534696239,0.9052950719291983,9.397099845000412,4,True,,-0.0019878951273368806,0.0009474960867610349,0.0015593042596926399,0.002698315334799252,-5.747096022860205,deltaRIC1,BLS-G
102,10.61846905905902,8.522262026972898,6.334266737500839,70.46408402553331,0.027930062228537143,0.0024176374218663555,0.027825229655590422,0.8664379601501406,13.457074273999751,4,True,,-0.00211958316387606,0.001063852637313234,0.0009592756567688987,0.00255824647134997,-0.13728953204554273,deltaRIC1,BLS-G
103,12.28675210135592,10.19855443837597,6.852281705217312,68.55753092754203,0.02789541338199104,0.002536754543465669,0.0277798301675581,0.8639804118010906,9.448284836998937,4,True,,-0.002633604625496666,0.0009229588185986071,0.0007942206676936348,0.002901467348301217,0.2380656206078129,deltaRIC1,BLS-G
104,14.827215689563607,12.925839509332304,7.264227287456335,73.31760647232433,0.03033361088430308,0.0026676965517910276,0.030216077581113547,0.9730281796669298,8.844178715000453,4,True,,-0.001473076443603838,0.0008883246501409925,0.00010470822158969995,0.0017233800232151718,-15.701264720075415,deltaRIC1,BLS-G
105,17.028342775387227,14.623686682372188,8.724233232318628,80.99880009411844,0.032914667047804914,0.003006050711860024,0.032777110397128974,1.0625891781672,8.671287601000586,4,True,,-0.0034009811700547177,8.102919104957529e-05,0.0017675647302066722,0.0038337349574976477,-29.19429054655484,deltaRIC1,BLS-G
106,12.331573664549131,10.759854076400586,6.024387877516468,76.8851619848372,0.029161373948004134,0.002667692422962203,0.029039096881132584,0.9245498830716756,9.477279652999641,4,True,,-0.0037779057568988472,0.00041516008681607985,0.0015522352499086622,0.00410540668835057,-8.569830014683248,deltaRIC1,BLS-G
107,13.689897117944083,12.672758845066047,5.178268663819397,78.3379062703379,0.028466602321518833,0.0026847698983440043,0.028339715212479594,0.8930670920093219,9.616125427999577,4,True,,-0.003373353053778616,0.0006900148048061272,0.002313620292636598,0.004148309307993922,-4.015181225375272,deltaRIC1,BLS-G
108,14.082891316447366,12.875589078633324,5.705000763281885,80.50890423548748,0.02961283693684307,0.0027060826255009877,0.02948893399687447,0.9436932310268434,9.43452575899937,4,True,,-0.0034184453982527563,0.0002476812679290674,0.0009197212735159166,0.0035486620256479956,-11.439404421682411,deltaRIC1,BLS-G
109,17.99806958949338,15.069083008930555,9.841404687249018,78.03252518457062,0.028262639351268503,0.002913795721410916,0.028112036169473005,0.8805039530362406,11.654128838999895,5,True,,-0.004515851698466022,0.00043259243739224296,-0.00038501995271655876,0.004552833529069263,-2.1599149169196608,deltaRIC1,BLS-G
110,11.813105036328334,10.241341564859402,5.887645841183814,76.41392522289664,0.028505704070977703,0.002663782845877669,0.028380969425517565,0.8947698779390896,12.834836709000228,4,True,,-0.0028324312067720125,0.0007353162252852208,0.0015361463236331918,0.003305011652002975,-4.2800779011668055,deltaRIC1,BLS-G
111,13.957790162404438,12.241053299049668,6.706453634189934,70.65695223043294,0.02802337863527432,0.002446176736104779,0.027916410398038088,0.8717483580111913,9.684344610001062,4,True,,-0.0018748182634723554,0.0010304553709783448,0.001843491218414206,0.002824047036612158,-0.8746665847065742,deltaRIC1,BLS-G
112,11.284049071939746,9.918820693421518,5.380219280819074,65.90266133861394,0.027802024826351968,0.0023611956719972226,0.02770157647939252,0.8601150480910184,8.84449964399937,4,True,,-0.0009752785411614173,0.0015545292381613507,0.0006947865058213321,0.0019622583096574895,0.8364806262325146,deltaRIC1,BLS-G
113,11.326864684030076,10.021269963480039,5.279395030624295,69.25880695688654,0.02926229121480358,0.002491637201857229,0.029156018781621947,0.9300526397910406,12.270243281998773,5,True,,-0.0015758595326884617,0.0008982745127097402,0.0012917300730626025,0.002226835635740396,-9.382490251831769,deltaRIC1,BLS-G
114,11.926810991472856,11.110148935819472,4.337442916077071,72.70739489450243,0.028398849925119735,0.002438570499727708,0.028293957852999832,0.8905543524445146,16.015966099999787,5,True,,-0.0016511422389006158,0.0014038090603896158,0.00019440810243964712,0.0021759469390148045,-3.598640581818472,deltaRIC1,BLS-G
115,10.962091114133337,9.060657464418693,6.170245368462657,79.16022201377692,0.03020667914272421,0.002593981587682034,0.030095094689238922,0.9677349395526822,13.858509492998564,4,True,,-0.0035721158581656365,0.0001947319530568592,0.000830844892987237,0.003672633316014918,-14.924931652276427,deltaRIC1,BLS-G
116,17.718465973079116,14.727600947116885,9.85097999092701,59.47549231887456,0.028280759690994025,0.0025973035844838554,0.028161239013753992,0.8848753909670123,9.449882760000037,4,True,,3.9772075441701915e-05,0.001289092914244172,0.0018320590721050412,0.002240487179883397,-2.7366333918325836,deltaRIC1,BLS-G
117,12.970503134159197,11.091785207448623,6.7235595085532935,66.19939663433247,0.02933213460425486,0.002510364869276705,0.029224513488939844,0.9328957660533449,9.094316217999221,4,True,,-0.0015757829576756865,0.0007713506836761752,0.0016454041299212019,0.0024052917822315416,-9.822826588104363,deltaRIC1,BLS-G
118,13.968762570021239,12.90712653339044,5.341573961734016,73.48353770512648,0.030975734376955697,0.0027903805657435313,0.03084979572849771,0.9967279093673046,9.428565389000141,4,True,,-0.0021450979563180095,0.0005543312935420985,-0.00012347236739651546,0.0022190028956065506,-19.265648623862944,deltaRIC1,BLS-G
119,19.298677350693918,16.802632131096917,9.492655105565344,90.74458896960762,0.02803750969088334,0.003037404825516681,0.027872497584398588,0.8692686533694445,12.924506027000461,5,True,,-0.0042305022922909385,0.00035122514924368353,0.0020882224020499773,0.004730875347223123,-0.5551052352384431,deltaRIC1,BLS-G
120,17.792234475979512,16.132527980444696,7.503675673188646,77.91412813450144,0.030713127286895354,0.0031126046208875082,0.030554997630748818,0.9860823323905399,9.831076286000098,4,True,,-0.004711413585727464,-3.8785315629952244e-05,0.0021426123727303903,0.005175877708781689,-17.56461888969352,deltaRIC1,BLS-G
121,12.416034174362956,11.587434020142219,4.459739616591934,73.12297589586117,0.02972630212279021,0.0026644632359172347,0.029606649144404154,0.9484110385998646,11.776437902000907,5,True,,-0.0034213423450094593,0.0005371467814201392,-0.00014636997744754687,0.003466343069697925,-12.108421868368168,deltaRIC1,BLS-G
122,12.088136562774395,10.69198625487237,5.639545680806521,67.8056105731699,0.030279505011446946,0.0025795075396274386,0.030169430962337457,0.971281536795013,9.93116140300117,4,True,,-0.0013478302752583105,0.0010070563497703855,0.0005339253932370447,0.0017651870348660164,-15.410624395357445,deltaRIC1,BLS-G
123,17.86104261455548,15.874519788497171,8.186358455600297,69.39246828711799,0.028325147750289124,0.0028335396432469383,0.02818306314377231,0.8857991695644953,12.022623699000178,5,True,,-0.0019463759194391361,0.0008842699946693955,0.0018254407370981163,0.0028111468349950115,-3.037088984208822,deltaRIC1,BLS-G
124,12.189220348323186,11.062084352239754,5.11931464982456,71.52326755035493,0.03138243571891264,0.0025952461898445856,0.03127494154855898,1.0118539650625744,12.52963174999968,4,True,,-0.002375378020431973,0.0005366760608962462,0.0012967199132851714,0.002758971632293586,-21.44500670790876,deltaRIC1,BLS-G
125,11.558669883623729,9.380451932140272,6.753515456959878,63.216185338022704,0.028982281919421607,0.0023579897755203936,0.028886199983302996,0.9179500378951062,9.435811196999566,4,True,,-0.001623630249582897,0.0010371205434018815,0.0009655374253045856,0.0021550073616047444,-7.6293592769652605,deltaRIC1,BLS-G
126,14.833845692157466,13.41836283055771,6.323805576252789,68.86932153907782,0.028704350368193705,0.002455546994814544,0.028599126193229733,0.9051849126638473,16.980752608998955,5,True,,-0.001711892138719473,0.001161672455812779,0.0023057460981716904,0.003097825472559356,-5.812076474183414,deltaRIC1,BLS-G
127,14.04187352514966,13.12730523269224,4.984783789095558,62.26703052056432,0.0295581077125581,0.0024868949255926294,0.029453303467968546,0.9423861993097109,9.292022709998491,4,True,,-0.0013286175474722661,0.0010383243315905677,0.00017020866972772275,0.0016947899563883129,-11.202666927390965,deltaRIC1,BLS-G
128,11.509931590905934,10.192701072632422,5.346715821071126,70.6380157290803,0.029448051647323694,0.0024618517322174457,0.02934496603971491,0.9379353227786057,9.453850636000425,4,True,,-0.001409425945177456,0.001137415632488814,0.0008550354517717906,0.0020028183741307858,-10.527795238071121,deltaRIC1,BLS-G
129,17.24573331723233,15.902281844590048,6.673286280710501,88.77402651932027,0.031309366071987685,0.002888788027648483,0.03117581286127193,1.0086162035362303,12.835662420000517,4,True,,-0.004300268986722422,5.347055028281922e-05,0.0027746345952437412,0.00511798491547578,-21.017697546529234,deltaRIC1,BLS-G
130,15.02638559106225,12.48834839940272,8.35663916813564,67.51829266198975,0.0314254242501482,0.0027884310517040703,0.031301468680745556,1.0130135544574246,12.108328012000129,5,True,,-0.002125168000129407,0.0004754978587782066,0.0010865322904223262,0.002433719306043133,-21.637927145508,deltaRIC1,BLS-G
131,12.60380077331149,11.444042781690484,5.281067954889917,73.04789196502912,0.027682057355458308,0.002556986686828517,0.02756371017323802,0.8526581140169037,9.45313342999907,4,True,,-0.002126827617431437,0.0012452903063646659,0.0005027497519602964,0.0025153331736553364,1.9414451244083466,deltaRIC1,BLS-G
132,13.382662361953926,12.190922479979614,5.520603316774892,70.26599158703627,0.030340208461504974,0.002470066324420365,0.030239494404512495,0.973944481837414,13.024948723999842,4,True,,-0.0016105282131843035,0.0008434105827943572,0.0018967077346430106,0.002627288101310316,-15.786029735318152,deltaRIC1,BLS-G
133,14.672749318909295,13.903610159022293,4.688197641043439,76.39754172293368,0.03132110326274146,0.0026819273400529196,0.031206069527224833,1.009439378553163,9.35685852899951,4,True,,-0.0028918316537299704,0.00016424361376743413,0.0016001363835582705,0.0033090939430854695,-21.06276640619035,deltaRIC1,BLS-G
134,12.992491267583254,11.259618308758803,6.482732824919646,87.27004148541229,0.031066423442405244,0.0028328016866577,0.03093699888655807,0.9995777648289554,12.919619312999203,4,True,,-0.004245608428296688,0.00028189358874608494,0.0007375318356384053,0.00431840342376441,-19.705116201170313,deltaRIC1,BLS-G
135,12.282354337502166,10.258827122808928,6.753717060721314,64.42323171097523,0.028234026762833035,0.0023733121711002436,0.028134101311093614,0.8821500386849512,9.402363454999431,4,True,,-0.0012924213384870598,0.0011014298869336248,0.00011435710415774736,0.0017019336823973624,-2.3533677654268104,deltaRIC1,BLS-G
136,14.143939893928197,12.025539562427628,7.445631870804618,73.00646510506341,0.02974166502483629,0.0027098548106137556,0.029617956130613802,0.949232140864948,11.937311745999978,5,True,,-0.0025501358145925135,0.0003667923456820432,0.0006050087159843454,0.0026464627040892496,-12.244075026166684,deltaRIC1,BLS-G
137,11.154130969220539,10.505901243219547,3.7470891030562243,64.74324817253728,0.028462345007240628,0.0024480478313078455,0.028356871215400765,0.8934126883980761,9.324767961999896,4,True,,-0.002306042061957281,0.0010987317245585437,0.0007835814966357102,0.0026718984553941116,-4.003207264038792,deltaRIC1,BLS-G
138,12.575542630376004,11.203270883291232,5.712354502655026,71.1363180332756,0.029529435841873796,0.0025596273759318938,0.029418291738911702,0.9404854616398038,9.054778964000434,4,True,,-0.0021016054926565886,0.0006183061719113869,-0.0007776961863189547,0.0023246202974256036,-10.883421008809819,deltaRIC1,BLS-G
139,11.38346527486797,8.773150479662906,7.253627528713853,66.20393891611758,0.02786973682278532,0.0023796577970368305,0.027767957421105317,0.863483584883353,9.40516855200076,4,True,,-0.0015007033574023776,0.0010995631615899892,0.0013352951225180654,0.0022900137068290827,0.33450696388899814,deltaRIC1,BLS-G
140,12.872612561823741,12.262194415370713,3.9169812721627495,82.14819862587336,0.029324938617945783,0.0026722660191504134,0.029202928265315824,0.9318559480812474,9.268654233999769,4,True,,-0.0028939354868094957,0.0008310593249754028,-4.45513229596628e-06,0.0030109038595823112,-9.656298351619625,deltaRIC1,BLS-G
141,10.794954744545754,9.95741504914782,4.1690446718397505,69.69267651406345,0.02748781864742936,0.002370101911429521,0.027385448525145677,0.8417796441499625,12.932444946000032,4,True,,-0.002062856328982954,0.0014368847435290988,0.0004292359407400692,0.002550344583195519,3.4616445505525917,deltaRIC1,BLS-G
142,12.07590317250751,10.60586958235996,5.774337003825521,69.32886459273645,0.02909745257735387,0.0023369602487520917,0.029003454333701523,0.9230640804018675,11.655090635000306,5,True,,-0.0015904625058944521,0.0011094762520651447,0.0007857350821838249,0.0020923403537491227,-8.302044801152078,deltaRIC1,BLS-G
143,12.187699385537007,10.456673914075287,6.260829574977789,75.38908455698369,0.028729469567575643,0.0026307269524702146,0.02860876958793932,0.9049541566390399,7.119954699999653,3,True,,-0.0038470376402889306,0.0006798955221065661,0.0006048735223036505,0.003953204839717316,-5.7203058101731585,deltaRIC1,BLS-G
144,10.650313778706527,9.992967154004077,3.683719729282039,72.41422567240379,0.029753903054053097,0.0024491991575959324,0.029652928530524966,0.9505721910205482,9.355635720001374,4,True,,-0.002621614640031855,0.0007088814955027445,0.0019601202654531136,0.0033492458480284103,-12.375604712673521,deltaRIC1,BLS-G
145,15.152783709137031,12.708674856145677,8.252056564072937,62.42279319960301,0.02953565786094022,0.0026876617073784007,0.029413118838797277,0.9413123576639731,9.29757136400076,4,True,,-0.0015750475602988034,0.0007159988552414287,0.0015306901229579228,0.0023100739015086053,-11.045747314063192,deltaRIC1,BLS-G
146,9.956246614025162,8.266084604737172,5.549656921523582,70.83176050205113,0.02886247584554922,0.002382172317143987,0.02876400123394423,0.9120878337254872,9.35310867300177,4,True,,-0.0026981857387275987,0.0007847592320122665,0.0010156961716147883,0.0029879243708525183,-6.767446690631914,deltaRIC1,BLS-G
147,12.208703720390186,10.648774387618296,5.97126875746468,78.79607313156208,0.030785561852985796,0.002669017246710041,0.030669645670284136,0.9895140681370891,12.88060801500069,4,True,,-0.003809696159287501,0.00015362612596314662,0.0002291545588639643,0.0038196724498988813,-18.18336311303574,deltaRIC1,BLS-G
148,12.035363007035464,11.36423026249104,3.962856703465394,73.58490047791716,0.030136029504671983,0.00242405020101622,0.030038379698802225,0.9658308165503069,13.022192573000211,4,True,,-0.0026692225863147456,0.0007661704664130298,0.0017685929960216118,0.0032923680815596912,-14.629673724717577,deltaRIC1,BLS-G
149,15.123629571823196,13.670343584368943,6.468838977052065,79.5248610756482,0.029242814920934432,0.0026986103292620197,0.029118030956622493,0.9272461382386212,8.987467001999903,5,True,,-0.0037469920951267444,0.00025022232548543855,-0.0007460463430494224,0.003828726435655996,-8.988609455416736,deltaRIC1,BLS-G
150,17.084892906434934,15.80924158592613,6.477765517690076,63.00344598977575,0.02834976249969014,0.002800822815910107,0.02821106919885729,0.8875854539876179,15.605444377999447,5,True,,-0.0012019691519803422,0.0013078918178779375,0.0012036401070465441,0.0021457074257399157,-3.12169873170933,deltaRIC1,BLS-G
151,16.75313548270354,13.349534560269507,10.122128013712855,59.97139665724558,0.02796308218522038,0.0024963244639271925,0.027851433167221183,0.868038375868974,13.70102484400013,4,True,,-0.00029324965665833425,0.0012233315294922775,0.00048255645490624666,0.0013473663660459358,-0.3550426725851139,deltaRIC1,BLS-G
152,10.679497072407752,9.48556756286396,4.906696009527062,65.16364422708608,0.029124098689267484,0.0022974157176766205,0.029033342995293608,0.9241703235258972,6.751891250998597,3,True,,-0.0017562449173416095,0.0010055275531022367,0.0010759127977555405,0.00229195772607397,-8.504150915039645,deltaRIC1,BLS-G
153,12.731353019466964,11.09775297241329,6.239168908563273,63.37639656032583,0.029253512388086843,0.0025226911489863316,0.029144536647659654,0.9292635399847499,11.62844166099967,5,True,,-0.0013717131795580872,0.0010322536372109337,-0.0002913342289114773,0.0017412697239210255,-9.20106371134898,deltaRIC1,BLS-G
154,14.947833077736222,12.208977226097211,8.62430222177451,72.97990495686929,0.02726119463440428,0.0025856986330760647,0.027138292051523457,0.8276402963569913,12.816512014000182,4,True,,-0.0009088213217773866,0.0013636619265471328,0.0015476985572735469,0.0022540853730544574,5.499379669818154,deltaRIC1,BLS-G
155,12.016478254496773,9.586560503128663,7.245247225640224,63.68720112762123,0.027510932428843584,0.0023586545231995483,0.027409636114778826,0.8434178390695084,9.518180913999458,3,True,,-0.001087418891945524,0.0013500749192290051,0.0009530669242316936,0.00197826153381086,3.2353487166401464,deltaRIC1,BLS-G
156,14.585150077782137,12.163774063409472,8.04793161786029,68.73639828904142,0.02757288474710887,0.0024829669843679982,0.027460860296645614,0.8466989949091235,11.762530048999906,5,True,,-0.0020480143262739947,0.0010245668294146526,0.0017985721267628207,0.002911865650013485,2.7451903757755645,deltaRIC1,BLS-G
157,11.91325283416159,9.783719383730084,6.797383916705263,65.57433441618784,0.028540068329175945,0.0022855534627215833,0.02844840497467429,0.89738286157822,13.140112737999516,4,True,,-0.0017909480588490512,0.0008287811875271611,0.0008667087447336019,0.0021553554821633976,-4.570628915527777,deltaRIC1,BLS-G
158,12.882686941679598,10.307547164339784,7.727748332614936,70.92699609464118,0.02766639549998618,0.002415680057363403,0.027560731663403133,0.8520516661779688,9.270663363000494,4,True,,-0.001267321008684985,0.0013719254809425596,0.000559487313677387,0.0019496943654018545,1.95070148727973,deltaRIC1,BLS-G
159,14.407871664100169,12.379438024256366,7.371314678724294,81.11834255336767,0.030723880512835436,0.002742581748628782,0.030601226758401004,0.9870015120500204,9.246529431000454,4,True,,-0.003455553067955086,0.000492818061906819,-0.0008752875687625394,0.0035985893035501617,-17.77450078658876,deltaRIC1,BLS-G
160,16.137584292850445,14.805850051970872,6.419379335060946,65.69199117003441,0.02762775580772579,0.002633024591725149,0.027502001244831206,0.8500380095972841,9.325127443000383,4,True,,-0.0005372746333139888,0.0016291483691730502,0.0017286603807806777,0.002435375772332206,2.20409024701803,deltaRIC1,BLS-G
161,13.830433487503054,12.784740848166924,5.275537119332774,63.6480077683979,0.028312680514259236,0.0026194791503989464,0.028191243443366237,0.8861085816585668,6.749095604000104,3,True,,-0.0022333287815693437,0.0011166100754671504,0.001989535140635157,0.0031926204884143244,-2.925113230550778,deltaRIC1,BLS-G
162,16.636591707416233,15.196274873583189,6.771219506541993,58.38276701909713,0.027647824171070912,0.0027058102977050996,0.027515100799875073,0.8509401729873171,11.35158911200051,5,True,,-0.0010052833601319477,0.0014898263683285062,0.0014994604701514813,0.0023406321674863794,2.0809324426663807,deltaRIC1,BLS-G
163,15.869882266139214,13.191682739938122,8.82228256348314,84.23681246232606,0.031208576996128168,0.002903945351129022,0.031073177814972777,1.0042071478170997,10.704646546000731,4,True,,-0.00455692830274379,-0.00042984924262112756,0.0009589482392944326,0.004676531583703381,-20.29366982884676,deltaRIC1,BLS-G
164,11.404757151565859,10.193413036395238,5.1149600541588,66.30722111426097,0.02834831011219256,0.0023755528331794833,0.0282486005839902,0.8877169324571094,12.803897731000689,4,True,,-0.0022250246596021706,0.001005012340645317,0.00010483671113714621,0.002443721603761195,-3.181951989980007,deltaRIC1,BLS-G
165,14.902735267801473,12.556194314101454,8.027048200222806,69.9230721932231,0.028401429246378368,0.002714297038546283,0.028271430363948257,0.8897817092743378,11.111762722001004,4,True,,-0.002063041954245226,0.000708165795103799,0.001839034078978008,0.002853013712195132,-3.541623368022556,deltaRIC1,BLS-G
166,13.72226068611038,11.29022218427158,7.799443657553554,65.10653365925951,0.02880281280442988,0.0024737546146606985,0.02869638589706855,0.9092961043515945,13.443515060000209,4,True,,-0.0012957419892327682,0.0009095387188415849,0.00016862556757257785,0.001592056081227058,-6.3230541425873525,deltaRIC1,BLS-G
167,13.967087824841622,12.220342892789017,6.763339551545522,61.879598107874706,0.028042474403707794,0.0024087571640784696,0.027938830677161627,0.8720277571195966,11.657685018000848,5,True,,-0.0014825829604251384,0.0011117570620533535,-0.00036977376612212787,0.0018896530469058636,-0.8851812909560977,deltaRIC1,BLS-G
168,11.844116960343628,10.519096573276922,5.443501984235263,68.51430799355985,0.030800432990915654,0.00266013154860384,0.030685344589429137,0.9907556062350605,14.141494786001203,5,True,,-0.0022613810846018323,0.0007368998523049619,0.0011087889922323235,0.0026241720277865943,-18.320972382032778,deltaRIC1,BLS-G
169,15.40475473557925,13.475543245551734,7.464328683854721,70.41242996874718,0.029899094414572502,0.00262794742706843,0.029783380250268523,0.9551136241329515,11.731145530000504,5,True,,-0.0035694660290517266,0.0002977534410468774,-0.0004655163691523745,0.0036119870340518066,-13.004767743004777,deltaRIC1,BLS-G
170,18.486306531971127,16.174541143180182,8.951410391752232,63.3278196363176,0.028276539660205175,0.002812307377582852,0.028136339889352154,0.8840775271143844,11.58210926799984,5,True,,-0.0016353489857041659,0.000975800477949651,0.002501515499643281,0.003143904049548266,-2.7368299175504944,deltaRIC1,BLS-G
171,14.667196562608286,13.378091332890198,6.01276369858624,69.81222140784575,0.03006518216582795,0.0026123730315817727,0.029951472180984415,0.9625488990359347,12.956627843001115,4,True,,-0.00312329541255274,0.00019847661747962597,0.002132103917537931,0.0037868501841160467,-14.095977881872386,deltaRIC1,BLS-G
172,12.658738113361947,12.011220418968133,3.99677803607423,73.26661261457505,0.028577693329159316,0.0024979737631970486,0.02846831015522095,0.8992068994657108,9.23130739699991,4,True,,-0.002094575311721081,0.0010643543759960572,0.0019111663654871602,0.00302863877851797,-4.904213074674772,deltaRIC1,BLS-G
173,13.92252337803899,12.429916218190604,6.27166963581504,84.26065535978435,0.028678667694716116,0.0026549449498400033,0.028555511693143812,0.9026666938486522,6.036836588998995,4,True,,-0.0035020999572288325,0.0004444389809139526,0.0012187572681872094,0.003734648497106143,-5.442303634350537,deltaRIC1,BLS-G
174,17.579996395820128,15.31276871620671,8.635704228434975,75.12887593064316,0.02776836770590219,0.0028415765177787567,0.0276225937946421,0.8557049509415022,9.414210584000102,4,True,,-0.003648205543531957,0.000629043392677664,0.0005124684882082953,0.0037373417329881974,1.4216432574175997,deltaRIC1,BLS-G
175,15.802578282515537,13.87194067822285,7.569064816402215,78.76922192300628,0.028730627884457353,0.0026848048355503995,0.02860490869816165,0.9051281339345659,13.668956640998658,4,True,,-0.004013573134861059,0.00044384066620173357,0.0024734983847705116,0.004735394186898822,-5.7886124291981105,deltaRIC1,BLS-G
176,12.678066652821315,10.094765127572265,7.6700124558263125,68.02726609329441,0.028996884489412598,0.002415456303586626,0.02889610494405432,0.9185853880564134,9.35383610899953,4,True,,-0.0005088307336782449,0.0012157191911370546,0.0007333933945066207,0.001508226686655696,-7.6911575410777,deltaRIC1,BLS-G
177,13.8849495183614,12.156288794604373,6.709431113710066,81.37597555921282,0.02920110688894101,0.0026657451439286747,0.029079175476051218,0.9261407276100436,9.01803465500052,4,True,,-0.004740295132190209,0.00030590685935916184,0.0017703736037713025,0.005069339172298433,-8.826993128735921,deltaRIC1,BLS-G
178,12.375449455920162,11.451255983922517,4.692599026841459,79.53863890201886,0.02933093421002627,0.0025079437402944008,0.029223516554795513,0.9324908042762241,6.2791309709991765,3,True,,-0.003617488176433148,0.0005959906024066708,0.0019420603301600892,0.0041488581357732885,-9.761647647770587,deltaRIC1,BLS-G
179,11.295120455889146,10.225406382260614,4.798000670140571,74.61589851393914,0.030885068501560534,0.002506099217386589,0.030783224702079233,0.9938089902428805,12.72639331299979,4,True,,-0.002494867563559877,0.0005225143577674007,0.0001678782710268223,0.002554519236110629,-18.76984212340176,deltaRIC1,BLS-G
180,16.865905596298486,15.186833725643353,7.336133380256539,85.61814176493486,0.030318688890639173,0.003093933805820498,0.03016041229248315,0.9705331100895651,11.674716973000614,5,True,,-0.00409669295548809,0.00018343107697949002,-0.0011472856470237103,0.004258263083396118,-15.388071344248601,deltaRIC1,BLS-G
181,13.805864225848623,12.933560938446801,4.829584710308941,72.7709489842964,0.03175466658762391,0.0028154035925263433,0.03162961195940204,1.0240713759148028,9.349022132000755,4,True,,-0.0029699192189736046,0.00020728361450927935,-0.0004657811957422542,0.003013360049244016,-23.23716351481562,deltaRIC1,BLS-G
182,20.16196090118584,17.223036121440472,10.481969955142166,61.656327313812525,0.027525305046967204,0.002806440674028337,0.027381860942451628,0.8422448662178482,7.116730813000686,3,True,,-0.00036009795358160623,0.0010243685587170148,-0.0001515713253524842,0.0010963463626658975,3.4694779266792466,deltaRIC1,BLS-G
183,10.255390754340445,9.138636230075692,4.653855109321673,63.98294297084886,0.028909381290600753,0.002307172592682816,0.028817169903252293,0.9147881193790848,11.722370741001214,5,True,,-0.0013998518361273415,0.0013263126642044654,0.0008997760634734675,0.0021279773050335957,-7.165382907667663,deltaRIC1,BLS-G
184,12.60830766264968,10.690641777669615,6.684280103165612,74.2968873769503,0.029837842176321964,0.0026649908540477096,0.029718590974118206,0.9533544830434699,12.989887927000382,4,True,,-0.0019736338962579314,0.0005523176350976655,0.0006214296567812472,0.0021416022844649284,-12.844394979067147,deltaRIC1,BLS-G
185,15.915085629204397,14.040633023535733,7.493368727301901,83.11043033304286,0.03133281786182758,0.0027762221700442674,0.031209582913345957,1.0092475989246688,9.42647902600038,4,True,,-0.0036871588543465617,-7.85822381891288e-05,0.0006409295478915222,0.0037432748056622153,-21.056889297891757,deltaRIC1,BLS-G
186,13.322724962542159,11.853640377062657,6.08162891327758,75.00396894097122,0.028489829559181445,0.002564018475593323,0.028374217126962725,0.8944414122572815,9.429346540000552,4,True,,-0.0027819192885413235,0.0007080632536997644,0.0017222190121977121,0.00334760613351891,-4.149015926195716,deltaRIC1,BLS-G
187,9.281087155806196,8.456738143550467,3.8238931424778793,72.10881438917508,0.028637137405166838,0.002353034777459384,0.028540302487858677,0.9018808445051286,8.978594760001215,4,True,,-0.002409724760570997,0.0010930332691823086,0.0008544567903834288,0.0027805739615915028,-5.289628662569157,deltaRIC1,BLS-G
188,11.748280076183768,10.74979840253383,4.739611698582233,72.42771233650949,0.029757060415256376,0.002380958883846047,0.029661653348231492,0.9507385372712536,12.973065820000556,4,True,,-0.0019529746156509153,0.0009243975303019347,0.0008550386554928568,0.002323727984466381,-12.372110567208438,deltaRIC1,BLS-G
189,16.446820034416294,14.830003998838091,7.111179272028193,79.08513693774267,0.03105301815806045,0.0028263579128293276,0.03092412711255435,0.9994936463342141,11.63757565800006,5,True,,-0.003894968150308653,0.00024926786347845287,0.002154602002838235,0.004458163427950624,-19.544882431036967,deltaRIC1,BLS-G
190,10.550693984292689,9.284776713006188,5.010994406283843,73.64555160036767,0.028998694327974594,0.002479544896292074,0.028892492620654554,0.9182029297495136,11.74769156200091,5,True,,-0.0026423166633050554,0.0006683557320459332,0.0016806648145948344,0.003202057300042475,-7.657285312190652,deltaRIC1,BLS-G
191,15.96315992997281,14.716707023388302,6.183931543738422,68.70606776478931,0.027572016295416366,0.0027160297969597504,0.027437916552404854,0.8467552866999127,9.20717961199989,4,True,,-0.0004788902599254241,0.0015275017852915962,0.0019947935501281044,0.002557694057692034,2.694745110515214,deltaRIC1,BLS-G
192,17.110036212511762,16.158766468107963,5.625620447791827,71.42871298167313,0.028801781331067276,0.0025747178753548453,0.0286864678150682,0.9093827641580736,9.507143406999603,4,True,,-0.0031363698986115462,0.0006716558585317944,0.0030453355932902326,0.004422895726667887,-6.359359533984389,deltaRIC1,BLS-G
193,10.759239925555354,9.333678290255849,5.351980320374045,75.46579340285969,0.02783324545141227,0.002446698091824585,0.02772549766561502,0.8610227855537771,13.166894437999872,4,True,,-0.0024009857914006894,0.0011009106093902155,0.0006105700563754368,0.0027110021641670143,0.6384250399205484,deltaRIC1,BLS-G
194,16.998244714976096,12.792681712827921,11.193195164227719,76.94849959863754,0.027851256744661393,0.0027571991671467575,0.027714443075943843,0.8599138396194755,9.350461218999044,4,True,,-0.0028944015295492287,0.0004959262144255128,0.00012087259584392385,0.002939066724121346,0.8870098142142524,deltaRIC1,BLS-G
195,12.266060061256354,10.849957877028896,5.721419709569195,67.3214078398917,0.029227545243666605,0.0026666395005245655,0.02910564266160121,0.9278467736340654,10.257815282000593,4,True,,-0.0021711023578786515,0.0008380687486124749,0.0002687286991029936,0.002342703521470164,-9.092838294251123,deltaRIC1,BLS-G
196,11.494194531936008,10.311135548545495,5.079073895653519,64.31771509834292,0.029362873135244747,0.0025172368121151307,0.02925477461181696,0.9343844886970852,11.836208922000878,5,True,,-0.001916783609940742,0.0008719433387689435,0.0020782002509835973,0.0029585910289442307,-9.97796006648423,deltaRIC1,BLS-G
197,12.316692820358655,10.220148903905617,6.873825602462668,60.82283366305728,0.02757327052724757,0.0023839898517661446,0.027470017108757967,0.8475928451141981,9.371253233999596,4,True,,-0.00010426423024689768,0.0017324707842560905,0.0009826076202066325,0.0019944532542273416,2.622664319933392,deltaRIC1,BLS-G
198,16.02878556384833,14.92644584707986,5.841505030899578,69.43872300251817,0.02721275194020124,0.0026775260236134918,0.027080707571106758,0.8245609775939079,14.503612974000134,4,True,,-0.0024710195699725324,0.0013493502991537287,0.002770490266285952,0.003949974716450563,6.030166692871717,deltaRIC1,BLS-G
199,10.93731696625761,10.184991960945844,3.9863317945016923,75.36200313718449,0.029801881562413715,0.0024484660000191187,0.029701130599808563,0.9519219745151764,8.935269984000115,4,True,,-0.0029458173498239093,0.0006364503727647186,-5.20735013167517e-05,0.003014236318714128,-12.603284675482428,deltaRIC1,BLS-G
200,10.906970986516747,9.46649049764991,5.4173400999588415,67.54046751248896,0.02843437568109587,0.0025133505614087694,0.028323078740298734,0.8918291529722103,7.123155840999971,3,True,,-0.0025124140308554477,0.0009246628247467914,0.0008478004019785157,0.002808200691457604,-3.800225154576765,deltaRIC1,BLS-G
