config,mode,seed,x0_pos_err_x,x0_pos_err_y,x0_pos_err_z,x0_pos_err_norm,x0_vel_err_x,x0_vel_err_y,x0_vel_err_z,x0_vel_err_norm,dv_guess_err_R,dv_guess_err_I,dv_guess_err_C,dv_guess_err_norm,t_star_guess_err
deltaRIC0,FGO-B,1,947.2198307597481,1432.297234312146,-491.23526569239755,1786.0607104638489,-1.1077885172895925,0.021409503933857484,0.5722777172881751,1.2470587602843468,,,,,
deltaRIC0,FGO-B,2,803.8030445231689,2071.1154659226836,1137.847078814606,2496.0598114499944,0.3133048221933214,0.28992009380962747,0.802283886424877,0.9087755536001048,,,,,
deltaRIC0,FGO-B,3,820.4744110854978,-1551.4311746108842,-3125.434880400669,3584.474876523163,0.957497166220512,0.45647277466168595,0.595930315138343,1.2166762748687645,,,,,
deltaRIC0,FGO-B,4,773.6018733769457,-559.4577618345668,490.8321197215925,1073.4845203912605,1.4364246393538327,-2.280605359512699,0.4927391778047503,2.739939497091959,,,,,
deltaRIC0,FGO-B,5,-1540.6599158392717,361.8466922493973,283.534008333703,1607.7803142368296,0.7388732480319041,0.5813100889851551,-1.2440199666032654,1.5593077866543006,,,,,
deltaRIC0,FGO-B,6,192.40776696476556,-182.2315577703061,1366.3279924734825,1391.790671204681,-0.6242742096672644,-0.568511271987231,0.5973215774641251,1.0342709616616226,,,,,
deltaRIC0,FGO-B,7,-230.2637034216091,1702.767092776151,-1162.697336003348,2074.68123828796,-0.021531446493775978,-0.2119786262327599,1.3870886331341434,1.4033579077831815,,,,,
deltaRIC0,FGO-B,8,295.629630397118,944.310691235107,-224.39139849787298,1014.6285328481027,1.9817527705738536,0.46348552854702546,-1.767504154410565,2.69559526166453,,,,,
deltaRIC0,FGO-B,9,-318.1709402685232,-2086.697177445458,-511.6625112366583,2171.9429971790696,-0.6174348393975241,0.000182091942208307,-0.6960539446492049,0.9304390941491227,,,,,
deltaRIC0,FGO-B,10,1243.648747182678,241.98814186875552,208.13608363951732,1283.9552548616848,-0.11703276929818543,0.6942764679021738,0.3977054721182973,0.8086322560503991,,,,,
deltaRIC0,FGO-B,11,-417.02634221111344,578.5022364926981,-1109.4399714772537,1318.8756037005476,0.32690085569974897,-0.9281384829565237,-0.21294524416655067,1.0068023093016907,,,,,
deltaRIC0,FGO-B,12,463.5051546089132,-796.7967447666598,-427.1089516537593,1015.9449480176332,-1.0033071211252096,-1.0842813094409058,-0.438904708493236,1.5410802965585455,,,,,
deltaRIC0,FGO-B,13,1939.3727966474924,363.4543962533148,919.4709853969148,2176.8538847426003,0.24188709923953056,-1.166268404747802,-0.38254937867894984,1.251013744056854,,,,,
deltaRIC0,FGO-B,14,127.53376044619665,-781.4704480846382,-224.88711330359456,823.12522438155,-0.5764492728024521,-1.8288118635696566,-0.4088528522284743,1.9606139985277455,,,,,
deltaRIC0,FGO-B,15,1774.1690632004195,-525.7038550613,-2564.3228697081545,3162.2448020594534,-0.6738562790103171,-0.03541081125131881,1.0898047917972715,1.2817997872286455,,,,,
deltaRIC0,FGO-B,16,-755.1263659031424,522.89359329409,178.10213010508792,935.6034988915237,-0.1268558366888394,1.5684942398680817,0.4714330941923117,1.6427159663499693,,,,,
deltaRIC0,FGO-B,17,-772.4515168992173,522.5322681742949,170.92957864252216,948.1235352517019,-1.8456263664242931,0.41274198165275905,-1.0877620324919446,2.181723829266709,,,,,
deltaRIC0,FGO-B,18,1351.5227275623167,1566.5608962093336,279.8549341287663,2087.8327300830138,0.0766273145392938,0.23630887884790172,0.3526392379542836,0.43135607530303083,,,,,
deltaRIC0,FGO-B,19,1261.4237304341796,910.7177735460878,562.5412320368988,1654.4030127199408,-0.7600003832302542,-1.266384980594008,0.31359912447348093,1.5098595671302524,,,,,
deltaRIC0,FGO-B,20,-707.4443359121419,-1445.4945306844763,1295.809933516418,2066.1692356757057,-0.21207477132926097,0.5339976739658058,-0.7873895896647077,0.9747366774404286,,,,,
deltaRIC0,FGO-B,21,243.04503328829992,223.62062042496635,58.52073453077453,335.41280007682934,0.583135047547052,-0.7634474629272242,0.6767509213852779,1.1751128975224212,,,,,
deltaRIC0,FGO-B,22,-830.0320362850443,7.997979789269097,-337.99208994519466,896.24539151157,0.12817591507795573,1.0913164986408677,-0.2632607471694037,1.1299145925299074,,,,,
deltaRIC0,FGO-B,23,-972.2970454981921,44.34423149808912,-686.563112233714,1191.0906189840105,-0.2792061784536279,-0.28013969209636697,1.7569182167754478,1.8008875471866492,,,,,
deltaRIC0,FGO-B,24,-32.67594079148956,-243.8804558253842,898.6042355961278,931.6839410827619,1.015386851633404,0.5318491404004999,0.6903251168702551,1.3380667896621148,,,,,
deltaRIC0,FGO-B,25,-1135.4107322594898,810.1148069698759,566.1874115039037,1505.3277770463683,-0.4970541995740165,-0.1791184294389305,-0.7897238264133256,0.9501631497188995,,,,,
deltaRIC0,FGO-B,26,743.1106090537102,1560.020711011237,-559.0431629843806,1816.1517706821098,0.6551166664639471,-1.350728117408462,1.758081058961876,2.3118160185700662,,,,,
deltaRIC0,FGO-B,27,-1063.0916512668105,882.3636789890041,-1886.8538343530686,2338.5779681689214,-0.5832866835604034,-1.2954445986413814,-0.026631840061048396,1.420953665069013,,,,,
deltaRIC0,FGO-B,28,373.49610592395993,1347.3062143197117,-40.687693227747765,1398.709714224174,0.911444612836986,-0.6913346597810729,1.562298854741809,1.9363503313222385,,,,,
deltaRIC0,FGO-B,29,-1559.3195050390673,1222.3505502941812,519.9964589847143,2048.417560937323,-0.2772450034925978,0.2289878912336421,-0.5249864085070338,0.6363261549004213,,,,,
deltaRIC0,FGO-B,30,-322.4529178955571,-2392.3150332052624,-392.41021876829984,2445.6354761396965,-2.8287221507208904,-1.9468835109463072,-0.7218940830005133,3.509010612444025,,,,,
deltaRIC0,FGO-B,31,-954.4080067441171,300.30694478416956,641.859631536305,1188.7231347201089,-0.1641034285038943,-1.3338545118892189,0.6880268318913169,1.5097942626518228,,,,,
deltaRIC0,FGO-B,32,316.70683808867847,1580.4973714159996,713.187640967742,1762.6434051089702,0.07403663358355762,0.36867462560160646,0.06600189345055665,0.38178351537740507,,,,,
deltaRIC0,FGO-B,33,-163.37349666984477,-471.6171861384338,211.06801554226553,541.9071662750142,0.6256864262672479,-0.21020924780249753,1.4305449913197004,1.5754778335688044,,,,,
deltaRIC0,FGO-B,34,-1306.2170055125043,812.1478730899574,1695.2877026862247,2289.058196755542,0.02291395917597019,0.3731245860950278,0.18831600694526685,0.4185808461283359,,,,,
deltaRIC0,FGO-B,35,-255.37348050302293,-697.084352851819,321.0266530858424,808.8265089168164,0.5509783245596489,-1.3858085259105353,-0.4661070275500753,1.5624654062578331,,,,,
deltaRIC0,FGO-B,36,-2660.0717603440594,335.35896161726106,-1278.7524029001243,2970.4637872291582,1.089130537185866,0.07334126045627648,-0.48654152524428557,1.1951179537196837,,,,,
deltaRIC0,FGO-B,37,-607.0719892475477,963.9309515521527,1732.8916796623312,2073.791902031674,0.7487942238473503,-1.1009021376586994,-0.8538878390382084,1.5817088063313016,,,,,
deltaRIC0,FGO-B,38,-1103.4843921187594,-212.07394164503367,-1021.8417650174069,1518.8198553839288,1.3211686794941078,-1.4061442613304527,2.649000342787613,3.27718342169578,,,,,
deltaRIC0,FGO-B,39,2135.678944560073,-439.6139107267842,-934.1241062100449,2372.1241094311317,1.6076059930106907,1.0390614526712825,-2.270246626357835,2.9695227690119466,,,,,
deltaRIC0,FGO-B,40,-781.6226162240044,302.9051778451722,-482.227803768795,967.0724459346095,-0.8966811168472875,0.6970167071383236,-0.5640127298587979,1.2680613844697046,,,,,
deltaRIC0,FGO-B,41,189.92705566479117,-925.343712112543,-3635.246673966503,3755.975459531683,0.16343781380419506,-1.142597568584946,-1.8226389166149253,2.1573719528807622,,,,,
deltaRIC0,FGO-B,42,-149.58531531737617,1038.727899914912,-1238.1611443354589,1623.0756100571334,0.9963884256430094,1.8575908766496656,-0.060280749027981445,2.108807134014584,,,,,
deltaRIC0,FGO-B,43,547.4111440875803,493.54441359409634,-1025.1125419490427,1262.5770362724177,-0.6973072901636906,-0.08415035574279522,0.6579767907428864,0.9624199688511126,,,,,
deltaRIC0,FGO-B,44,-518.8814781289761,783.2115324223597,-1215.1204263993138,1535.9609186165976,-0.4169859407828422,1.1355502459847022,1.25024874682128,1.7396762816382392,,,,,
deltaRIC0,FGO-B,45,1272.3689317351934,247.0322468065699,-948.5604942289772,1606.14900946929,0.2607328148628533,-0.7550473259396557,0.8032568037254886,1.132828123717901,,,,,
deltaRIC0,FGO-B,46,-1035.826731765197,1536.8193000334056,935.1246173345413,2075.8633454877536,-0.7630893832363426,-0.14001713472661279,1.554860174808387,1.737670960806516,,,,,
deltaRIC0,FGO-B,47,-501.69399543367723,846.3708288598657,-885.485488857208,1323.6785848444597,-0.3768777133557882,1.4959745558211637,0.4827766130227577,1.6164930994502702,,,,,
deltaRIC0,FGO-B,48,177.2612753881342,-136.23968123754835,-735.7589164641187,768.9759382792096,-0.16602622931850122,-0.9349001374013437,0.4821509428741785,1.0649284048466499,,,,,
deltaRIC0,FGO-B,49,-1368.0967363592772,66.58163998031728,318.1035285266312,1406.1691397838554,0.899211514915243,0.4622614528047089,-0.5287509028048991,1.1409840123868005,,,,,
deltaRIC0,FGO-B,50,627.3140385295537,-506.21170246891177,-1081.3664073652933,1348.7499759521236,1.5810150412921338,0.0943440012330013,-0.2641310750333066,1.6057006496102784,,,,,
deltaRIC0,FGO-B,51,-580.0227842883056,-1131.9021306373907,644.2437067877454,1425.720455548926,-0.41668037370857125,0.27204072194791634,0.4405224412923324,0.6645966517475201,,,,,
deltaRIC0,FGO-B,52,-27.89486176277868,-829.8221314527466,1296.7411455557055,1539.7793646294483,-0.12913967218154898,-0.3041098138543542,0.5205947943898493,0.6165863879129164,,,,,
deltaRIC0,FGO-B,53,273.6715287380518,703.4407366983983,23.219803306353928,755.1583509133652,0.1342042105280051,-0.061605615239511496,-0.780764864792679,0.7946066926770843,,,,,
deltaRIC0,FGO-B,54,2088.525122842243,-812.2789335513572,658.9641223003717,2335.8013548060194,-0.9913149689516388,-0.45695977621088685,0.5158392721433924,1.207314275335017,,,,,
deltaRIC0,FGO-B,55,1208.99203199087,-1645.6501848634718,602.4658767879407,2129.035320762071,0.37478803499683244,-0.7811426616541801,0.01126041295329966,0.8664737306651844,,,,,
deltaRIC0,FGO-B,56,-278.46381914577825,567.8540452295919,993.6511350385003,1177.8552090219596,0.7890048791454889,-0.0499703553154511,-0.8906872668656254,1.1909448110984395,,,,,
deltaRIC0,FGO-B,57,-2.8663354648210033,-448.5337997308533,549.0743347926177,708.9946477287044,-1.9553325693867483,-2.047379744355586,0.7694615254007833,2.933796229047653,,,,,
deltaRIC0,FGO-B,58,195.13540195955625,-210.9225718343246,-269.01489932803105,393.6180540417247,-0.5911821974636295,-0.5812475901963049,-1.275778310690527,1.5214977652745048,,,,,
deltaRIC0,FGO-B,59,516.6480439555511,-24.494515866546237,432.5694352482281,674.2710871315813,-1.2868400030084155,0.5726015888600335,-0.2480388677923833,1.4301584013120578,,,,,
deltaRIC0,FGO-B,60,-1676.4253009816523,-109.41779210091664,1075.2771462604305,1994.641567868683,0.2596292473589214,-1.2888732227043023,-0.7872925543575972,1.532459166319039,,,,,
deltaRIC0,FGO-B,61,920.6199587716645,-235.49725760434063,-53.86023182910806,951.7883122840876,-2.319354558193065,0.3257521976860997,0.400700232802777,2.376148298712955,,,,,
deltaRIC0,FGO-B,62,-416.4631765908131,339.2761010993339,959.5784578835833,1099.70026237494,1.0118467649180318,-0.3356057239682466,0.8350422787353716,1.3541642016058835,,,,,
deltaRIC0,FGO-B,63,-605.99519012977,317.53822198446346,261.1300857563398,732.2906626255614,-1.141499537609752,-0.5736417577118413,-0.11930142301347145,1.2830895877089206,,,,,
deltaRIC0,FGO-B,64,102.77041800904007,-379.8151873094143,860.0365986226395,945.7717939857572,-0.4208494055751669,0.9229128239943631,-1.0145321283323123,1.4346280850048605,,,,,
deltaRIC0,FGO-B,65,617.9683108988283,-249.37688664943178,-528.9812906850904,850.8201165728151,0.23009371976981544,-0.09136017646305443,-0.022108791743862426,0.24855301324515114,,,,,
deltaRIC0,FGO-B,66,-213.25972243447518,510.8617541601297,-1622.5805991301943,1714.417464257202,-0.5659592150076278,0.020019261394899172,2.6276904065755415,2.6880229680357983,,,,,
deltaRIC0,FGO-B,67,494.28496630037773,1247.3192774874983,744.727093940085,1534.5166836339529,-1.092237329880666,-0.43820098791728246,1.2468132085202999,1.7145103287928054,,,,,
deltaRIC0,FGO-B,68,-1430.7952849544968,-617.821620269447,106.47788132365666,1562.11915074733,1.515706379636734,-0.18320289298892126,-2.6004884236962686,3.0155379571561207,,,,,
deltaRIC0,FGO-B,69,-996.9531522260445,122.91044914359485,1347.4537971172722,1680.670789181475,-0.5899789137935649,-1.2585006423422138,0.05991332327799579,1.3912183839365453,,,,,
deltaRIC0,FGO-B,70,-1175.2188141478005,672.8726421960928,-113.17908968164713,1358.9357453846299,-1.0638162897535137,-0.35650004796850954,-0.0398929383410673,1.1226704009084616,,,,,
deltaRIC0,FGO-B,71,-269.0942632377182,-10.002930261274296,-81.91409686443319,281.46349743151075,-0.01999566310099996,-0.29356814567511935,0.701544499389507,0.7607540780841408,,,,,
deltaRIC0,FGO-B,72,-370.4964591875436,1311.5982454878024,1206.128276900108,1819.97335260031,1.8729356954123781,0.3408292794107708,0.019660848819483018,1.9037960147636133,,,,,
deltaRIC0,FGO-B,73,-291.6109915345495,-822.2796598306188,-253.89253985605941,908.648574064518,1.7025918784537017,-0.6762628663205691,-0.4962190677752147,1.8979947134184332,,,,,
deltaRIC0,FGO-B,74,190.65603050297608,125.31109980855162,1470.0613611895462,1487.6602432561147,-0.712123595635985,-0.10325937732850805,0.22902450868327304,0.7551388879175869,,,,,
deltaRIC0,FGO-B,75,-1864.345941305499,1903.2007884207267,1537.9334193282962,3076.2311733994225,-0.2671972365603387,-0.037618583175884866,0.6877245528937391,0.7387655796519867,,,,,
deltaRIC0,FGO-B,76,1540.9900952608673,-2.2599971339415466,82.35314697864885,1543.1907277120445,0.1538632181862419,-3.2114961322038824,-1.5324675539857913,3.561718419680354,,,,,
deltaRIC0,FGO-B,77,-412.8047021080026,-489.82453645743817,-208.7799324804821,673.7394591418671,0.12504683429288005,-0.3594714740000755,-0.7404721613485878,0.8325595913318801,,,,,
deltaRIC0,FGO-B,78,-147.21095088570803,-2423.2929073726227,1387.1108448489867,2796.08584898261,0.3556646342794781,-1.4212314262154402,-0.6020128881468855,1.583924119531767,,,,,
deltaRIC0,FGO-B,79,-1363.4349494800003,1030.9921446034077,141.64556539316467,1715.2151847196942,-1.4558619237151806,-0.14031388138633993,0.09678141049389662,1.4658064564090836,,,,,
deltaRIC0,FGO-B,80,874.6500643154832,221.23509830481012,174.9892775234902,919.009766529829,-0.5507871385013438,0.014479412852163805,0.017689814260665928,0.5512613308256064,,,,,
deltaRIC0,FGO-B,81,687.4173192794883,624.9538264636282,125.6361165263466,937.4936212224328,-0.8349300835776899,-2.383757660031593,0.2618333439129553,2.539284451613679,,,,,
deltaRIC0,FGO-B,82,669.4244696971592,935.1757133574877,2277.139900425552,2551.0877800642415,1.1704263553068313,1.5039814301665495,-0.06239669562600208,1.9067646270863368,,,,,
deltaRIC0,FGO-B,83,-654.0040120907358,1842.8361153162782,-951.3781333434446,2174.6003192193334,-0.25057480045692176,-1.83839437361363,-1.83857779646671,2.6120585593012,,,,,
deltaRIC0,FGO-B,84,-760.5973094433344,-1373.2684555957078,2213.256464930632,2713.4624924299023,0.48437569518683554,-0.6113690079193022,-0.5913392793200173,0.9788125567230324,,,,,
deltaRIC0,FGO-B,85,1060.1794906297077,-583.0110870486506,590.49853065235,1346.3175682862125,0.2646945017524916,0.5146149999725633,0.6165482459482008,0.8455906320652826,,,,,
deltaRIC0,FGO-B,86,2690.2150219387413,-333.9251871640724,-542.1369260037552,2764.5389021361634,-0.16045083914593403,-0.8331185432545771,-1.5558504715341497,1.7721460630180288,,,,,
deltaRIC0,FGO-B,87,33.89948664599451,1008.5546653212576,182.3128675976269,1025.4607110113025,-0.7169696291713447,0.1737865223499981,0.277285081948266,0.7881206894731659,,,,,
deltaRIC0,FGO-B,88,-750.3400335635063,-996.305250372263,-40.5412018670869,1247.9094145554993,0.1905840323472764,1.06108788711859,-1.0098489517163307,1.4771677910305632,,,,,
deltaRIC0,FGO-B,89,-610.6834606769618,243.61303852718504,1072.8027102546516,1258.2476929502252,0.16975221297630094,-0.39965897761938274,1.326652809534554,1.3959050072437047,,,,,
deltaRIC0,FGO-B,90,309.4885325101981,279.7221791333138,1140.140875877518,1214.0629580467232,0.028523800791584397,0.7238053558953874,0.18929548804435142,0.7486925819242473,,,,,
deltaRIC0,FGO-B,91,64.29880818817169,320.0751067226199,-736.150892480286,805.29531674873,0.22885585667172492,-0.15249832791002543,-0.5562064140583013,0.620480715403708,,,,,
deltaRIC0,FGO-B,92,-34.988986904943104,-684.4711167866346,91.06595321247677,691.388419598039,0.1901125402189553,-0.2586358674550842,0.29391390035993936,0.4352248507467607,,,,,
deltaRIC0,FGO-B,93,696.6331580490992,499.70079704216135,-825.7615225307874,1190.3279949452574,-0.4668964545592211,-0.8267985093361284,1.0413886104505423,1.409282907118555,,,,,
deltaRIC0,FGO-B,94,324.2904551672982,-660.8552496803136,35.57968464734254,736.9938088629018,-0.29108376059478175,-0.31932405455561796,-1.1433772750745088,1.222296690929272,,,,,
deltaRIC0,FGO-B,95,1041.0694673085923,644.8953881455748,-133.59214160799056,1231.8938906062635,0.4773560064832158,0.15442355466848318,-0.4626688231499225,0.6824791799586184,,,,,
deltaRIC0,FGO-B,96,-94.85919925423907,417.7546769260256,363.531672259855,561.8474121260772,0.9771691852126387,-0.6216699211686277,1.1351280116225329,1.6216808287036835,,,,,
deltaRIC0,FGO-B,97,3245.6104606929384,-112.34335786477922,1619.387422224207,3628.9149777686616,1.181506684646822,1.5123638734437,-0.8995836007067949,2.1195407960743196,,,,,
deltaRIC0,FGO-B,98,641.9220711867242,1818.9003815240808,321.2119948730322,1955.4129203407176,0.9414621797248403,0.842160212262261,0.01977826227236554,1.2633194523272324,,,,,
deltaRIC0,FGO-B,99,-1406.882161889093,1532.806380841841,-1085.8559944176927,2346.8907216153093,0.22006234498591545,-0.7263891847575988,-0.5125004266275144,0.9158195077125696,,,,,
deltaRIC0,FGO-B,100,343.63040184654113,1552.4609646091453,730.2660040986119,1749.7157873353397,-0.5364723132357764,0.8269815303062944,1.0149593465546,1.4148651771440366,,,,,
deltaRIC0,FGO-B,101,128.9897599948056,-1462.5132671111087,-369.5325031353578,1513.9807414670142,-2.136065098812633,0.153870795341099,-0.8010706108633369,2.2865179753531977,,,,,
deltaRIC0,FGO-B,102,352.3231333055972,-1225.1891259897914,-2183.3647462580425,2528.3001403924236,-0.7821405533491244,1.6337520694438987,0.4133064113398201,1.8578783219737767,,,,,
deltaRIC0,FGO-B,103,-133.31736986258576,1497.9666554252067,1632.1497989600553,2219.3671593763406,-0.9604596879501548,-1.7926411115885146,-1.0088801555198086,2.2702167595488074,,,,,
deltaRIC0,FGO-B,104,968.8769037499255,-1444.6195423625911,1697.6087474045432,2430.5397622874566,-1.1981981285668692,-0.877335908861043,-0.026295204996264553,1.4852907089468967,,,,,
deltaRIC0,FGO-B,105,715.4823301317855,628.2802411273173,-808.5570852507707,1249.1659562408156,0.9079270980837958,0.14599359312070043,0.3064584345486129,0.9693103304789141,,,,,
deltaRIC0,FGO-B,106,1114.4829862653103,-83.97882880315876,419.2683122172973,1193.6962293613626,1.0478085749128856,1.0118264059041409,-0.08414364781334907,1.4590324324062163,,,,,
deltaRIC0,FGO-B,107,-338.21665352745885,187.73602075265813,-1079.9387788682761,1147.128190009669,1.6745415165969892,-1.1360747665997306,0.32058142374559284,2.0487868643083225,,,,,
deltaRIC0,FGO-B,108,-2015.949819005471,-642.0709145470042,-79.26816804831077,2117.2133039732093,-1.1730980457749627,0.7638038640850826,-1.6828395740020403,2.188950524708064,,,,,
deltaRIC0,FGO-B,109,610.7386334990999,1136.802587057224,199.0891115316767,1305.7405081863767,-1.54046518548892,0.6775360875068541,-0.7466947443416838,1.8410978189126728,,,,,
deltaRIC0,FGO-B,110,-512.8583545303158,131.73263115930652,283.33061330751286,600.5442651136619,-0.9994704974906152,-1.326548742374476,-0.6287870215188482,1.7759633891721942,,,,,
deltaRIC0,FGO-B,111,-380.98724529674655,-1033.8549068190669,1536.3679956196834,1890.6173244200181,0.00539502119213398,0.8490109017864093,0.9397412792131526,1.2664763280310485,,,,,
deltaRIC0,FGO-B,112,1462.369780878842,-416.77352310383617,-23.63413737799269,1520.7840471406905,0.722227629164846,-0.6600049778004071,-0.7201129601069649,1.2148176794747454,,,,,
deltaRIC0,FGO-B,113,33.749382332075875,-48.62205258658983,-426.2208711616656,430.3107665621892,-0.8856154990246623,-1.054438448770512,0.4468253143798306,1.4476906147132749,,,,,
deltaRIC0,FGO-B,114,-276.6505774552463,-189.0267618574188,-111.60108369427513,353.1592566907445,-0.4086726227663953,-0.03053554182525908,-0.8078901999252658,0.9058875796966269,,,,,
deltaRIC0,FGO-B,115,1454.6461010424277,-830.1117982402588,472.87201500714104,1740.3128510220588,1.3832912735266454,1.0889439576553699,0.5419161682677816,1.8420007664925504,,,,,
deltaRIC0,FGO-B,116,645.8715923506559,2175.605382331845,-322.21439910801473,2292.210944138738,-0.2884083142357912,1.6325812397950457,0.20388402956760238,1.670350130291186,,,,,
deltaRIC0,FGO-B,117,1475.7937191507667,1869.6933425652196,445.2776292132763,2423.219441939865,0.18293425899308927,-0.6924176930359662,1.22938687585943,1.42277872323071,,,,,
deltaRIC0,FGO-B,118,-1250.4202002800032,-1204.612451771995,681.1446264411389,1865.1004901511496,-0.280110884707347,0.9797920890370899,-2.8704308940844507,3.0459527513055185,,,,,
deltaRIC0,FGO-B,119,1252.09092422544,-760.2652155812546,-333.23199060129156,1502.257780845427,0.31857326075195375,0.2272916925910009,2.234732721240962,2.2687399082689157,,,,,
deltaRIC0,FGO-B,120,-444.1832980335017,388.9949906080127,1756.3506879721665,1852.939190613213,1.073899469816708,1.0557293288361311,-0.527204280204276,1.5955465646928337,,,,,
deltaRIC0,FGO-B,121,-1061.873713718752,12.881267201339183,527.7420618167297,1185.8555539112422,1.8740491319562418,0.07061405697337943,1.0863593532593145,2.1673078088822963,,,,,
deltaRIC0,FGO-B,122,-344.40460265806286,1545.4856065234849,1000.2345160176334,1872.8612808578087,0.2324300918919532,-0.22235155801829173,-0.5079774130319141,0.6012528711953561,,,,,
deltaRIC0,FGO-B,123,128.54804955201575,226.8120456617409,-46.36137760931833,264.79743660905206,0.40903992085442603,0.14991490374093897,0.2425133097130501,0.49859887745985537,,,,,
deltaRIC0,FGO-B,124,388.539281055861,821.9817658648757,-590.5533312798775,1084.1448396886394,-0.30014227606603316,-1.0585827000852464,0.2052133757938922,1.1192833637674575,,,,,
deltaRIC0,FGO-B,125,-1162.1411645740404,350.52810096458774,-1449.896272390178,1890.9366030235599,-0.7112259222190309,-0.29374937622254343,0.08813909386397369,0.7745317994340883,,,,,
deltaRIC0,FGO-B,126,1547.2714753755095,762.8471982743882,-510.052564122604,1798.9270370400886,1.5401296934377682,1.150007474425652,-0.5576476284857429,2.0013714151549564,,,,,
deltaRIC0,FGO-B,127,-86.25803757820934,-715.7805469817494,-251.1163447166147,763.4406716098964,-1.10962955561972,-0.2603285739927645,1.0145631476641386,1.5259053370835585,,,,,
deltaRIC0,FGO-B,128,519.213913728414,-839.7641958946606,881.9519122056194,1323.867881761217,0.3368516004623475,2.0027387051087335,0.6236202146065893,2.1244607536362303,,,,,
deltaRIC0,FGO-B,129,685.8799776676174,-564.7347161549197,-449.2947426077915,995.6015313020117,-1.19436858167616,-0.8491455727715629,0.48262288770909906,1.5428834578131096,,,,,
deltaRIC0,FGO-B,130,1077.6663144384183,-1235.191133364718,-488.1631820437176,1710.3698762317897,1.2063008153797907,-0.9148629303597202,2.172219392372944,2.6477675364603677,,,,,
deltaRIC0,FGO-B,131,1481.0145200977804,-852.8627281526582,597.6857663034343,1810.5267512672044,0.4621404956122197,0.27397995367960426,-0.18868360763868164,0.5694210713474995,,,,,
deltaRIC0,FGO-B,132,-357.54608116753377,487.4728411424653,157.82655868636505,624.8025237117313,-0.3692914519111992,1.7091874909523017,1.183241606886454,2.1113405116062505,,,,,
deltaRIC0,FGO-B,133,2196.0383274951287,-648.3236962994829,2491.3523937788423,3383.747139045498,-0.0029067783961533224,-0.560094896400287,-0.8529420946972319,1.0204043116533732,,,,,
deltaRIC0,FGO-B,134,115.98874228516469,641.1614725399072,465.33109108183817,800.6712474754232,-0.5592804620317112,-0.956758797069083,1.5008106904614482,1.8656405762050878,,,,,
deltaRIC0,FGO-B,135,-1263.2264415602542,1221.4577237064125,1017.5660218033706,2030.551802389629,-1.1136445568410045,-0.001800019234019449,1.3027838017101738,1.7138999600470424,,,,,
deltaRIC0,FGO-B,136,1627.0595405815473,509.5637852465729,-368.866985539686,1744.431383819205,-0.10754985607035442,1.8854948401148335,0.9052729316516269,2.094320138952387,,,,,
deltaRIC0,FGO-B,137,-598.2590230373739,1837.5576829219503,221.95649195478717,1945.1983911755622,0.6689437959118598,1.3775485621687618,-1.2059857490030428,1.9492376638113222,,,,,
deltaRIC0,FGO-B,138,-172.33171885569746,1421.8258181903166,1304.960823111216,1937.5782896315247,-1.9830762171909098,2.517494961376491,0.9638067960571747,3.3465348801215598,,,,,
deltaRIC0,FGO-B,139,1.3423838826943892,1431.304331297312,-489.25189007224617,1512.6140627153377,-0.9655896206662113,0.9763957693043389,-0.5093237367906628,1.4646237341761652,,,,,
deltaRIC0,FGO-B,140,1351.2430722008103,-185.23650881493236,-928.2648338381568,1649.8018081300584,-1.213857433227155,-0.39486468828905835,0.1764545551728105,1.2886055254808069,,,,,
deltaRIC0,FGO-B,141,228.53509515612947,-575.0069082182071,453.2985414571593,767.0337684247486,-0.0939448222726058,0.907853737503869,-1.0144373677338414,1.3645904921940284,,,,,
deltaRIC0,FGO-B,142,-1594.0377470880558,-1016.1089408465094,164.36699423793573,1897.485237783049,-0.8292395542793354,-0.18131926281309124,-0.9122359832529102,1.2460695817609373,,,,,
deltaRIC0,FGO-B,143,1072.144224612476,-235.1774663677872,-632.6546769300518,1266.9071076043922,-1.3897145539211917,0.47019467346655214,-0.18684188719621492,1.4789521503915322,,,,,
deltaRIC0,FGO-B,144,908.3820945689197,313.2302659616615,-142.70639146617248,971.4094622830927,0.46080847310884493,0.44992154801966405,-0.6897275711490284,0.9436620002227778,,,,,
deltaRIC0,FGO-B,145,555.285302673468,541.6601692417511,1079.1500428534282,1329.0230702657962,0.95319178017191,0.17397738677207544,-1.3095182328454362,1.6290121862803755,,,,,
deltaRIC0,FGO-B,146,-576.6406457561098,-868.3530550549646,-4.272451751107348,1042.3865484575667,0.4244161164761666,0.9522489849689838,-0.7093717420632505,1.260997794501252,,,,,
deltaRIC0,FGO-B,147,998.2338927500472,788.1684795589066,-160.735740531392,1281.9970495634093,1.1434391562605362,2.79291141560317,1.0109406133273247,3.1827359618967663,,,,,
deltaRIC0,FGO-B,148,188.86976751341345,6.628695679605062,992.1067890811871,1009.9463399745388,-0.9988364846446717,0.884534940532523,-0.527984938670986,1.4348674083494977,,,,,
deltaRIC0,FGO-B,149,313.46345715486154,-230.28550646990354,2.4044454777977253,388.96855248160284,0.09017330444583281,1.1424527854244038,-0.020962802835812144,1.1461976404012497,,,,,
deltaRIC0,FGO-B,150,-415.23935946436364,-562.8117421254641,-397.73193457759834,804.5939811516824,0.08747429726784728,0.3337426186234346,0.30961406219111515,0.46356958018685257,,,,,
deltaRIC0,FGO-B,151,815.0949727693725,-1406.6316357623964,-1413.6322243372144,2154.378898672673,-1.0344282883292482,-0.5711167190668037,-0.980023646210962,1.5351425137836674,,,,,
deltaRIC0,FGO-B,152,-1996.3041395003345,420.6059320184941,-789.4468465393559,2187.5479174057537,1.839458902676841,-0.1985688730593946,-0.2392923494774262,1.8655560780913536,,,,,
deltaRIC0,FGO-B,153,672.3309785944541,-568.6321704290317,-859.2842505602255,1230.3417871816987,-0.4201847520766845,-0.9041680857126025,-1.0176954986530877,1.4247032256149679,,,,,
deltaRIC0,FGO-B,154,-24.107304338547767,-460.8190501472281,1190.63780561466,1276.9313776628555,0.1988008474988593,-0.9796739474353915,-0.8084509823707631,1.2856421785030852,,,,,
deltaRIC0,FGO-B,155,-193.21388523746378,144.21894260093933,-361.14482113558756,434.2306883288471,-0.45148952866506664,-2.0446898613799163,-0.45237714799712203,2.1422522045160868,,,,,
deltaRIC0,FGO-B,156,170.36140058034889,918.7286966348647,-546.7009334815399,1082.5744018300463,-0.27161736008954823,-0.4096751711784373,0.8706578214202737,0.9998273741913624,,,,,
deltaRIC0,FGO-B,157,1277.334666396347,-519.682052231713,-529.605392707498,1477.2051845882802,1.3390462213962198,0.3655987157669639,-0.4025406147695339,1.4452495115186796,,,,,
deltaRIC0,FGO-B,158,-1102.524007024978,1079.9335134791363,-737.1030740117309,1710.303049555648,3.010459783885753,0.4155033909110017,1.0583248055226036,3.218005993194614,,,,,
deltaRIC0,FGO-B,159,1145.804139886096,62.589302410057876,-2805.4759757270704,3031.0856137922024,-1.4263310052351257,3.0827836940403417,-1.1042007347980667,3.5717271317199817,,,,,
deltaRIC0,FGO-B,160,-1552.0847908289143,1457.8428172554457,-853.5506332016521,2294.0840353362537,-0.11022310177417044,-1.0881178171033443,-0.45955655062000245,1.1863143509543417,,,,,
deltaRIC0,FGO-B,161,-691.5210023940597,2283.1913121095827,-823.3402032235324,2523.6982693438076,-0.6420151403453145,-0.5068588581487837,-0.7723522844050459,1.1249966194358967,,,,,
deltaRIC0,FGO-B,162,-527.6478787030298,829.3650345088502,342.0364698231327,1040.7918096597148,-0.18816685217218054,-0.7657942219332254,-0.7916661103818419,1.1174000111552784,,,,,
deltaRIC0,FGO-B,163,1291.3267789788915,-1116.8389464888003,334.47739678588374,1739.749755413943,-0.3480395229175667,-0.620821223127754,-0.8057168100442025,1.0750488726501384,,,,,
deltaRIC0,FGO-B,164,1134.9102188969437,-145.4327848928343,-151.69283825213572,1154.2021560607927,-0.21352137138410385,-0.41205089006057477,-0.6536150816514301,0.8016171074769213,,,,,
deltaRIC0,FGO-B,165,-2067.535933077259,810.8314852408778,-879.7405246882847,2388.7435866585593,-0.4836436592660983,0.6685568149668619,-1.3172958167896305,1.5543962406408465,,,,,
deltaRIC0,FGO-B,166,1016.8047344585817,-1295.079075888188,522.383628254451,1727.4276644447589,0.28203799777862804,-0.22696768538518464,-0.20466465182915758,0.4158694291582826,,,,,
deltaRIC0,FGO-B,167,337.76653089024654,770.2744966440927,-673.482172920704,1077.4911910600176,1.5878773760770433,-0.6495504000333855,-0.8001948304004715,1.8930351423680667,,,,,
deltaRIC0,FGO-B,168,-975.825045415631,-407.7731924958674,420.3942834241554,1138.0882432019052,0.13693101718827377,-0.25127744817106706,0.9406722785477714,0.9832368967119951,,,,,
deltaRIC0,FGO-B,169,-1535.127040202243,-416.1208474185487,-616.5133591357992,1705.8312669221823,-0.881380673337972,-1.0637592209536784,1.7605622800089162,2.2378550250826943,,,,,
deltaRIC0,FGO-B,170,152.36928972921098,178.21269558232368,1374.9850598869334,1394.8333521362242,-2.223206576907208,0.0897267888552177,0.29006781092758666,2.243844405295977,,,,,
deltaRIC0,FGO-B,171,514.9212560226644,-1153.0751634841295,-483.34245820099363,1352.1635124672198,1.970326884439153,1.0711991217180108,0.25920094074226935,2.257618372886528,,,,,
deltaRIC0,FGO-B,172,-567.9755701093026,356.69505144046144,1016.4326788790254,1217.7696821058948,0.27543629606612163,-0.6067797480758716,0.3624272344215764,0.7585514591088166,,,,,
deltaRIC0,FGO-B,173,1331.9577698188864,1074.497136579495,-356.5680919271449,1748.0836368088915,-0.42066115880704785,-1.5651306026859004,0.6652862205040994,1.7519119182154814,,,,,
deltaRIC0,FGO-B,174,859.8301092402224,-2583.160313684232,-1074.326146349873,2926.807423060192,-2.8819502119321476,1.412863573535178,0.6305150999301792,3.270989115346963,,,,,
deltaRIC0,FGO-B,175,-467.75383943247914,238.34357705985272,-210.70363276821223,565.6830701826184,1.308223469747221,0.48656274179652603,0.2567126463492099,1.4191875602955466,,,,,
deltaRIC0,FGO-B,176,-92.50892143184898,-738.9829520904887,414.762087686398,852.4560360551369,0.271104615620222,0.3525202635807219,1.5346184062555084,1.5977552696404436,,,,,
deltaRIC0,FGO-B,177,-743.6806931354766,384.9334421662022,250.8788293910527,874.1709874372456,-1.7906440391372076,-0.21119657544228493,1.5237085421338525,2.360656220153166,,,,,
deltaRIC0,FGO-B,178,-730.3804510342521,1400.9565648484768,716.4569069560621,1734.7753166822756,0.6502087593602076,-0.7704944066118334,0.568596448295666,1.1574692144430052,,,,,
deltaRIC0,FGO-B,179,303.3480109217989,27.927746490802463,-1780.5815751640378,1806.4525237514304,-2.5988557853518195,-1.010527598581724,-0.7709631055843851,2.8930263619131242,,,,,
deltaRIC0,FGO-B,180,-691.9178653088649,217.43766290773314,959.7041232018689,1202.9386824252604,0.22368702313362657,0.39800224659919714,-0.8792302678703279,0.9907005281898866,,,,,
deltaRIC0,FGO-B,181,-679.7542710541388,469.8586980323128,1206.1164126720528,1462.036205451105,-1.342071039689929,-0.7678036080545463,-0.32778675730996115,1.5805445942407843,,,,,
deltaRIC0,FGO-B,182,1231.375416425168,-368.2581090297571,-534.2245608356661,1391.867570008903,-1.4106760050831368,0.20600229319967236,0.852393467755744,1.6610293073854854,,,,,
deltaRIC0,FGO-B,183,-1086.5694694543713,42.477675020348144,-1222.667290518911,1636.261858056449,-1.2668052882048815,-0.7526436185803737,-1.4598318155647245,2.0742171980167874,,,,,
deltaRIC0,FGO-B,184,668.2041241196555,571.512164893209,-5.836307850686519,879.2934485146392,-0.44575709767399113,0.2806134475410674,0.0037483630467599408,0.5267422019291351,,,,,
deltaRIC0,FGO-B,185,-968.047550429037,-638.2203327798873,-483.61043896278363,1256.3121864166983,2.107632395232692,-0.09404944392776002,0.11722145120966909,2.112983786014724,,,,,
deltaRIC0,FGO-B,186,-550.246030343344,1069.0943414884773,-1271.6652564313733,1750.1045481130434,0.5816938706687272,0.9112692454369952,-2.064265282960789,2.3302297215703995,,,,,
deltaRIC0,FGO-B,187,1128.857745839603,100.3507302628696,1075.9404090418475,1562.7020967591677,0.19104213064829187,-0.9151652734405943,0.03489882349962034,0.9355439600980247,,,,,
deltaRIC0,FGO-B,188,1029.6251465265332,-383.58310578640214,1393.7349536181525,1774.7566205937987,0.11988002000906876,-0.3034979799630254,0.11348973344039122,0.345488295945583,,,,,
deltaRIC0,FGO-B,189,-168.7955056806049,747.0245824448056,-130.591796064214,776.9117496306028,-1.7166192130900506,-0.44426300300727906,-0.5918506530642856,1.8693416846910498,,,,,
deltaRIC0,FGO-B,190,233.6802700064735,-782.9293598938002,949.5828342857587,1252.71401778067,-0.2659852766935525,-0.9565037124681146,-0.0958726541739046,0.9974162046013593,,,,,
deltaRIC0,FGO-B,191,-947.5466050429519,-67.36624733764607,2212.2116150926618,2407.542940418647,0.7026790651797807,0.11771779867480725,-0.5351144667955184,0.8910459254946543,,,,,
deltaRIC0,FGO-B,192,-84.81021575667066,-1092.1999554942674,1741.4366280623224,2057.3514636627947,-0.18320597104397085,0.15667758158884004,-0.7989057184771471,0.8344834566449945,,,,,
deltaRIC0,FGO-B,193,-722.0301472267532,-1409.2057819707074,-453.8411848949231,1647.1673535347852,0.3245050035027806,-1.3666966856593223,-0.7804045281625837,1.606920830491403,,,,,
deltaRIC0,FGO-B,194,1545.0912120649832,896.8644183807625,226.9601832009404,1800.8841060202922,-0.6419670984901411,1.7595862470558439,-0.23261241010798142,1.8874252434753975,,,,,
deltaRIC0,FGO-B,195,-127.46322591691073,-244.96442189916286,-162.9225958030735,320.6216059169253,0.11824029122975836,-1.0163169874094722,1.5264470139839175,1.8376401910786513,,,,,
deltaRIC0,FGO-B,196,23.753120511423962,231.1742623292362,767.4500643616155,801.8636739409915,0.24823929972143843,1.2327999836329862,-0.21038613273733942,1.2750219113489205,,,,,
deltaRIC0,FGO-B,197,1555.1983230483254,-187.83265471715467,-38.54117114318185,1566.9742665607196,-0.16862034474375734,0.4067669043277882,-1.5248113809998802,1.5871174760378255,,,,,
deltaRIC0,FGO-B,198,477.22452332876105,-128.9368191159478,1238.0240733490284,1333.0684735533364,-0.6000075410897177,-0.7265479112577857,0.2550893765705574,0.976192351310302,,,,,
deltaRIC0,FGO-B,199,-370.88613180654187,-970.7016453630018,-87.98113241743361,1042.8609143784768,0.00757297421832598,0.9289900466152711,-0.38702135708814667,1.006412136001502,,,,,
deltaRIC0,FGO-B,200,-589.5313303302888,158.42875517575644,498.4007359434328,788.0673534010245,-0.6896297948990712,0.931566414939712,0.9648842931430739,1.5081137021492683,,,,,
deltaRIC0,FGO-G,1,947.2198307597481,1432.297234312146,-491.23526569239755,1786.0607104638489,-1.1077885172895925,0.021409503933857484,0.5722777172881751,1.2470587602843468,0.20092828495004567,-0.11052242918542791,-0.020729210057650934,0.23025438800515594,94.15727018896736
deltaRIC0,FGO-G,2,803.8030445231689,2071.1154659226836,1137.847078814606,2496.0598114499944,0.3133048221933214,0.28992009380962747,0.802283886424877,0.9087755536001048,0.02682114398923445,-0.19023921024640628,0.06332653104777708,0.20228835956281,17.372426807532392
deltaRIC0,FGO-G,3,820.4744110854978,-1551.4311746108842,-3125.434880400669,3584.474876523163,0.957497166220512,0.45647277466168595,0.595930315138343,1.2166762748687645,-0.148329648889348,-0.08979269682965192,0.1675418723983341,0.24111136877036451,-16.11112297825267
deltaRIC0,FGO-G,4,773.6018733769457,-559.4577618345668,490.8321197215925,1073.4845203912605,1.4364246393538327,-2.280605359512699,0.4927391778047503,2.739939497091959,0.20179958154304803,-0.047747104033461434,0.09674894157238402,0.22883010018331953,-252.81464789343215
deltaRIC0,FGO-G,5,-1540.6599158392717,361.8466922493973,283.534008333703,1607.7803142368296,0.7388732480319041,0.5813100889851551,-1.2440199666032654,1.5593077866543006,0.0038132764207404295,-0.10023023595850321,-0.07192859451734986,0.12342756574849695,-0.17114196645327134
deltaRIC0,FGO-G,6,192.40776696476556,-182.2315577703061,1366.3279924734825,1391.790671204681,-0.6242742096672644,-0.568511271987231,0.5973215774641251,1.0342709616616226,0.010756229399406937,0.036719943425470566,0.014447717633613967,0.0408997220147407,-102.94920622232627
deltaRIC0,FGO-G,7,-230.2637034216091,1702.767092776151,-1162.697336003348,2074.68123828796,-0.021531446493775978,-0.2119786262327599,1.3870886331341434,1.4033579077831815,-0.080226274699943,0.06373480749472793,-0.07246707768832819,0.12549843898354648,22.221682259558875
deltaRIC0,FGO-G,8,295.629630397118,944.310691235107,-224.39139849787298,1014.6285328481027,1.9817527705738536,0.46348552854702546,-1.767504154410565,2.69559526166453,-0.11827015646598481,0.02739630680946967,-0.013577535888265392,0.12215865510918274,-55.251717385141106
deltaRIC0,FGO-G,9,-318.1709402685232,-2086.697177445458,-511.6625112366583,2171.9429971790696,-0.6174348393975241,0.000182091942208307,-0.6960539446492049,0.9304390941491227,0.11794221451859668,-0.008077617701673277,-0.14285894350087425,0.18543001809704665,152.60554554781157
deltaRIC0,FGO-G,10,1243.648747182678,241.98814186875552,208.13608363951732,1283.9552548616848,-0.11703276929818543,0.6942764679021738,0.3977054721182973,0.8086322560503991,-0.10354617801666648,0.009216075840316699,0.10287999409482745,0.14625676128201864,-19.119679507382852
deltaRIC0,FGO-G,11,-417.02634221111344,578.5022364926981,-1109.4399714772537,1318.8756037005476,0.32690085569974897,-0.9281384829565237,-0.21294524416655067,1.0068023093016907,-0.13794462875576932,-0.004724737828340174,-0.015350661795513384,0.13887651553691072,-97.91112145594066
deltaRIC0,FGO-G,12,463.5051546089132,-796.7967447666598,-427.1089516537593,1015.9449480176332,-1.0033071211252096,-1.0842813094409058,-0.438904708493236,1.5410802965585455,-0.12601758317758366,0.008864032354763346,-0.033309577022109946,0.1306465853396,20.913449469976467
deltaRIC0,FGO-G,13,1939.3727966474924,363.4543962533148,919.4709853969148,2176.8538847426003,0.24188709923953056,-1.166268404747802,-0.38254937867894984,1.251013744056854,0.06344962026134862,0.036312673245923764,-0.03683674271900397,0.0818621412114334,116.17668149757516
deltaRIC0,FGO-G,14,127.53376044619665,-781.4704480846382,-224.88711330359456,823.12522438155,-0.5764492728024521,-1.8288118635696566,-0.4088528522284743,1.9606139985277455,-0.014987287572100676,0.073167123046231,0.07562799026128698,0.10629035513437929,21.923437706422167
deltaRIC0,FGO-G,15,1774.1690632004195,-525.7038550613,-2564.3228697081545,3162.2448020594534,-0.6738562790103171,-0.03541081125131881,1.0898047917972715,1.2817997872286455,-0.08002922716946252,0.010805079356054466,-0.32393584741283254,0.3338500564329771,-196.75307319592054
deltaRIC0,FGO-G,16,-755.1263659031424,522.89359329409,178.10213010508792,935.6034988915237,-0.1268558366888394,1.5684942398680817,0.4714330941923117,1.6427159663499693,0.03437099296889216,0.12822654205851067,0.03512119412715064,0.13732046287013322,-107.19281939313743
deltaRIC0,FGO-G,17,-772.4515168992173,522.5322681742949,170.92957864252216,948.1235352517019,-1.8456263664242931,0.41274198165275905,-1.0877620324919446,2.181723829266709,-0.05402212144229199,0.0035675681812646002,-0.048412930926555575,0.07262870664381377,140.19681346320243
deltaRIC0,FGO-G,18,1351.5227275623167,1566.5608962093336,279.8549341287663,2087.8327300830138,0.0766273145392938,0.23630887884790172,0.3526392379542836,0.43135607530303083,-0.06134315755173764,0.08424593090256073,0.1559331454701477,0.18755134152618205,37.754682250829234
deltaRIC0,FGO-G,19,1261.4237304341796,910.7177735460878,562.5412320368988,1654.4030127199408,-0.7600003832302542,-1.266384980594008,0.31359912447348093,1.5098595671302524,0.05621944231336824,-0.09676403434730457,0.003784855633190346,0.11197423439951072,69.34893762407486
deltaRIC0,FGO-G,20,-707.4443359121419,-1445.4945306844763,1295.809933516418,2066.1692356757057,-0.21207477132926097,0.5339976739658058,-0.7873895896647077,0.9747366774404286,-0.04009306616945678,0.0866912345945647,-0.08607844163161467,0.12857807831868379,-254.78704478395315
deltaRIC0,FGO-G,21,243.04503328829992,223.62062042496635,58.52073453077453,335.41280007682934,0.583135047547052,-0.7634474629272242,0.6767509213852779,1.1751128975224212,0.14188973793202078,0.10442108732163545,0.11834107654453206,0.2122288189798194,-80.16162000432139
deltaRIC0,FGO-G,22,-830.0320362850443,7.997979789269097,-337.99208994519466,896.24539151157,0.12817591507795573,1.0913164986408677,-0.2632607471694037,1.1299145925299074,0.14855853065482488,0.04467641426604764,-0.009566954621524683,0.15542569170739554,-16.051419465091477
deltaRIC0,FGO-G,23,-972.2970454981921,44.34423149808912,-686.563112233714,1191.0906189840105,-0.2792061784536279,-0.28013969209636697,1.7569182167754478,1.8008875471866492,0.04298020886486405,0.037267016970793196,0.09413968107224405,0.10999276549097467,104.57922100698977
deltaRIC0,FGO-G,24,-32.67594079148956,-243.8804558253842,898.6042355961278,931.6839410827619,1.015386851633404,0.5318491404004999,0.6903251168702551,1.3380667896621148,0.01635361297117587,0.010985123463976006,-0.08550748345135749,0.08774761148267218,105.53456511055803
deltaRIC0,FGO-G,25,-1135.4107322594898,810.1148069698759,566.1874115039037,1505.3277770463683,-0.4970541995740165,-0.1791184294389305,-0.7897238264133256,0.9501631497188995,0.06488373577890566,-0.07714832664925118,0.034463423795696384,0.10653399013051268,-140.29766429987546
deltaRIC0,FGO-G,26,743.1106090537102,1560.020711011237,-559.0431629843806,1816.1517706821098,0.6551166664639471,-1.350728117408462,1.758081058961876,2.3118160185700662,0.14112811194314473,-0.16553155999343797,0.08107243991298398,0.23214345101239092,-59.842945679105306
deltaRIC0,FGO-G,27,-1063.0916512668105,882.3636789890041,-1886.8538343530686,2338.5779681689214,-0.5832866835604034,-1.2954445986413814,-0.026631840061048396,1.420953665069013,0.09645471670900796,0.060497437230467896,0.14312133384738823,0.18288567054070948,63.09881021280346
deltaRIC0,FGO-G,28,373.49610592395993,1347.3062143197117,-40.687693227747765,1398.709714224174,0.911444612836986,-0.6913346597810729,1.562298854741809,1.9363503313222385,0.07354897295698763,0.01297274122924933,0.02923822589633146,0.08020359899402066,-252.56854486538407
deltaRIC0,FGO-G,29,-1559.3195050390673,1222.3505502941812,519.9964589847143,2048.417560937323,-0.2772450034925978,0.2289878912336421,-0.5249864085070338,0.6363261549004213,0.12125103482568159,-0.06678755320572381,0.09190151415714415,0.16615739229381823,-4.9902928885250635
deltaRIC0,FGO-G,30,-322.4529178955571,-2392.3150332052624,-392.41021876829984,2445.6354761396965,-2.8287221507208904,-1.9468835109463072,-0.7218940830005133,3.509010612444025,0.11753862677547741,-0.026726609562076724,0.09125557871828961,0.15118604793484952,-202.49968783233246
deltaRIC0,FGO-G,31,-954.4080067441171,300.30694478416956,641.859631536305,1188.7231347201089,-0.1641034285038943,-1.3338545118892189,0.6880268318913169,1.5097942626518228,0.0546106407838523,0.012757792227975502,0.14666429336790995,0.15702069385422898,188.78557194772162
deltaRIC0,FGO-G,32,316.70683808867847,1580.4973714159996,713.187640967742,1762.6434051089702,0.07403663358355762,0.36867462560160646,0.06600189345055665,0.38178351537740507,-0.13520032011868338,-0.03598772161016563,-0.027366408835562798,0.14255933150600986,57.330530109105865
deltaRIC0,FGO-G,33,-163.37349666984477,-471.6171861384338,211.06801554226553,541.9071662750142,0.6256864262672479,-0.21020924780249753,1.4305449913197004,1.5754778335688044,-0.0016508162210403065,0.07697000984700443,0.03175423294787945,0.08327928265872492,75.63140841527733
deltaRIC0,FGO-G,34,-1306.2170055125043,812.1478730899574,1695.2877026862247,2289.058196755542,0.02291395917597019,0.3731245860950278,0.18831600694526685,0.4185808461283359,-0.1068250301109241,0.055401482287825494,-0.03966786711501273,0.12670615998972737,-70.37731669777581
deltaRIC0,FGO-G,35,-255.37348050302293,-697.084352851819,321.0266530858424,808.8265089168164,0.5509783245596489,-1.3858085259105353,-0.4661070275500753,1.5624654062578331,0.08330138357036776,-0.06993828585925749,0.06509814472477003,0.12676061210121958,-145.76332734650714
deltaRIC0,FGO-G,36,-2660.0717603440594,335.35896161726106,-1278.7524029001243,2970.4637872291582,1.089130537185866,0.07334126045627648,-0.48654152524428557,1.1951179537196837,-0.11067063217352235,-0.03223555304971084,-0.14596328912898046,0.1859903263061231,129.93055291664848
deltaRIC0,FGO-G,37,-607.0719892475477,963.9309515521527,1732.8916796623312,2073.791902031674,0.7487942238473503,-1.1009021376586994,-0.8538878390382084,1.5817088063313016,0.024250227749224636,0.0005829207883704542,-0.14275963535617342,0.1448058245705689,105.97139972026572
deltaRIC0,FGO-G,38,-1103.4843921187594,-212.07394164503367,-1021.8417650174069,1518.8198553839288,1.3211686794941078,-1.4061442613304527,2.649000342787613,3.27718342169578,0.13558441220363035,0.06742118209325432,0.04276137919943862,0.1573444761613635,-92.24913822793073
deltaRIC0,FGO-G,39,2135.678944560073,-439.6139107267842,-934.1241062100449,2372.1241094311317,1.6076059930106907,1.0390614526712825,-2.270246626357835,2.9695227690119466,-0.004480294016192054,-0.06373394562646546,0.04756323201607544,0.07965142747875775,-173.778182193486
deltaRIC0,FGO-G,40,-781.6226162240044,302.9051778451722,-482.227803768795,967.0724459346095,-0.8966811168472875,0.6970167071383236,-0.5640127298587979,1.2680613844697046,0.06762350734420536,0.18652851036470258,-0.053498076069233104,0.20549420446211178,81.2366234010151
deltaRIC0,FGO-G,41,189.92705566479117,-925.343712112543,-3635.246673966503,3755.975459531683,0.16343781380419506,-1.142597568584946,-1.8226389166149253,2.1573719528807622,0.09424667476530454,-0.08304667291697504,0.127993255996556,0.179336162464507,17.922040523599204
deltaRIC0,FGO-G,42,-149.58531531737617,1038.727899914912,-1238.1611443354589,1623.0756100571334,0.9963884256430094,1.8575908766496656,-0.060280749027981445,2.108807134014584,-0.049400095056721244,0.08878023927326882,-0.22287625944432266,0.24494106903687055,-4.546404122621028
deltaRIC0,FGO-G,43,547.4111440875803,493.54441359409634,-1025.1125419490427,1262.5770362724177,-0.6973072901636906,-0.08415035574279522,0.6579767907428864,0.9624199688511126,0.1379449880112516,0.04919543056111357,0.08430743735887779,0.1689874376974182,-30.47707171309014
deltaRIC0,FGO-G,44,-518.8814781289761,783.2115324223597,-1215.1204263993138,1535.9609186165976,-0.4169859407828422,1.1355502459847022,1.25024874682128,1.7396762816382392,-0.1356436177863325,-0.06571869644734579,-0.019665238674845997,0.1520028280034345,-119.34341905384771
deltaRIC0,FGO-G,45,1272.3689317351934,247.0322468065699,-948.5604942289772,1606.14900946929,0.2607328148628533,-0.7550473259396557,0.8032568037254886,1.132828123717901,-0.07271353404293963,-0.033478188058069784,-0.01746184813848575,0.08193267510021118,31.65268024854122
deltaRIC0,FGO-G,46,-1035.826731765197,1536.8193000334056,935.1246173345413,2075.8633454877536,-0.7630893832363426,-0.14001713472661279,1.554860174808387,1.737670960806516,0.054388281700766775,0.11560899918626313,-0.21434157745228508,0.24953123592838086,48.265323285971085
deltaRIC0,FGO-G,47,-501.69399543367723,846.3708288598657,-885.485488857208,1323.6785848444597,-0.3768777133557882,1.4959745558211637,0.4827766130227577,1.6164930994502702,-0.03170841544169269,0.10513858504641385,-0.08493333293593601,0.13882801129091898,-108.94966311066278
deltaRIC0,FGO-G,48,177.2612753881342,-136.23968123754835,-735.7589164641187,768.9759382792096,-0.16602622931850122,-0.9349001374013437,0.4821509428741785,1.0649284048466499,-0.008869314448279412,-0.2079061672035135,-0.018232855302456934,0.20889249893789413,-71.83523482976936
deltaRIC0,FGO-G,49,-1368.0967363592772,66.58163998031728,318.1035285266312,1406.1691397838554,0.899211514915243,0.4622614528047089,-0.5287509028048991,1.1409840123868005,0.015479594028329791,0.08882111463241998,-0.06702012218979732,0.1123410210660503,-72.41366668097822
deltaRIC0,FGO-G,50,627.3140385295537,-506.21170246891177,-1081.3664073652933,1348.7499759521236,1.5810150412921338,0.0943440012330013,-0.2641310750333066,1.6057006496102784,0.03587002780562336,-0.00473122982635029,-0.06530141333789961,0.07465465835681757,122.6779482615417
deltaRIC0,FGO-G,51,-580.0227842883056,-1131.9021306373907,644.2437067877454,1425.720455548926,-0.41668037370857125,0.27204072194791634,0.4405224412923324,0.6645966517475201,0.04159908252874603,0.023197947326678063,-0.13351577584649738,0.14175715441309086,-59.87875450942078
deltaRIC0,FGO-G,52,-27.89486176277868,-829.8221314527466,1296.7411455557055,1539.7793646294483,-0.12913967218154898,-0.3041098138543542,0.5205947943898493,0.6165863879129164,-0.01639639416830186,-0.03814257591995512,-0.001018744492953533,0.04152993715229757,68.27565032980092
deltaRIC0,FGO-G,53,273.6715287380518,703.4407366983983,23.219803306353928,755.1583509133652,0.1342042105280051,-0.061605615239511496,-0.780764864792679,0.7946066926770843,-0.03158638378326079,0.04386010894798859,0.12051967466099207,0.13208482417683057,-57.587619226050144
deltaRIC0,FGO-G,54,2088.525122842243,-812.2789335513572,658.9641223003717,2335.8013548060194,-0.9913149689516388,-0.45695977621088685,0.5158392721433924,1.207314275335017,0.20015331551308477,-0.10358810418234402,0.1467154827220694,0.2689187198938417,65.31280790792583
deltaRIC0,FGO-G,55,1208.99203199087,-1645.6501848634718,602.4658767879407,2129.035320762071,0.37478803499683244,-0.7811426616541801,0.01126041295329966,0.8664737306651844,0.0732533100557718,-0.0042904015935023715,-0.16259606335268012,0.17838703651821042,-0.7304615917089196
deltaRIC0,FGO-G,56,-278.46381914577825,567.8540452295919,993.6511350385003,1177.8552090219596,0.7890048791454889,-0.0499703553154511,-0.8906872668656254,1.1909448110984395,-0.03449603499263734,0.11322389143534331,-0.17285154643107958,0.20949291903448988,-146.39687469252632
deltaRIC0,FGO-G,57,-2.8663354648210033,-448.5337997308533,549.0743347926177,708.9946477287044,-1.9553325693867483,-2.047379744355586,0.7694615254007833,2.933796229047653,0.14341665094783682,0.06558233623428988,0.002137137418870484,0.15771476136173257,157.64564284870482
deltaRIC0,FGO-G,58,195.13540195955625,-210.9225718343246,-269.01489932803105,393.6180540417247,-0.5911821974636295,-0.5812475901963049,-1.275778310690527,1.5214977652745048,0.0075065452740567425,-0.17932912188967656,0.013790315526953593,0.18001515209005844,-166.75438302274603
deltaRIC0,FGO-G,59,516.6480439555511,-24.494515866546237,432.5694352482281,674.2710871315813,-1.2868400030084155,0.5726015888600335,-0.2480388677923833,1.4301584013120578,-0.04541444684343338,-0.1132464189084388,-0.02742723630573736,0.1250578932696829,-108.81302478141879
deltaRIC0,FGO-G,60,-1676.4253009816523,-109.41779210091664,1075.2771462604305,1994.641567868683,0.2596292473589214,-1.2888732227043023,-0.7872925543575972,1.532459166319039,0.002029323001354915,-0.01560301718460631,0.05075067118682429,0.05313382089611197,239.59660223789803
deltaRIC0,FGO-G,61,920.6199587716645,-235.49725760434063,-53.86023182910806,951.7883122840876,-2.319354558193065,0.3257521976860997,0.400700232802777,2.376148298712955,-0.07562663657603325,-0.1495471760173083,-0.06075853341272416,0.1782564035231843,114.93330017128864
deltaRIC0,FGO-G,62,-416.4631765908131,339.2761010993339,959.5784578835833,1099.70026237494,1.0118467649180318,-0.3356057239682466,0.8350422787353716,1.3541642016058835,-0.13643321367159203,0.03175574901233006,-0.16083089524788263,0.21328156566925277,12.451659017959754
deltaRIC0,FGO-G,63,-605.99519012977,317.53822198446346,261.1300857563398,732.2906626255614,-1.141499537609752,-0.5736417577118413,-0.11930142301347145,1.2830895877089206,0.04585633590754093,0.020532243572146558,-0.10718665124572822,0.1183780164314496,126.00467102684519
deltaRIC0,FGO-G,64,102.77041800904007,-379.8151873094143,860.0365986226395,945.7717939857572,-0.4208494055751669,0.9229128239943631,-1.0145321283323123,1.4346280850048605,0.0734646030868884,-0.04790730597907107,0.004218934429706201,0.08780636241530879,209.52291183513958
deltaRIC0,FGO-G,65,617.9683108988283,-249.37688664943178,-528.9812906850904,850.8201165728151,0.23009371976981544,-0.09136017646305443,-0.022108791743862426,0.24855301324515114,0.004637324209036911,0.13166057608151888,-0.01898647466562736,0.133103336885916,-13.066586072215662
deltaRIC0,FGO-G,66,-213.25972243447518,510.8617541601297,-1622.5805991301943,1714.417464257202,-0.5659592150076278,0.020019261394899172,2.6276904065755415,2.6880229680357983,-0.15390289241502964,0.08549524616913513,0.06755429245266009,0.18857125931597513,-159.2756405793354
deltaRIC0,FGO-G,67,494.28496630037773,1247.3192774874983,744.727093940085,1534.5166836339529,-1.092237329880666,-0.43820098791728246,1.2468132085202999,1.7145103287928054,0.2049271433247481,0.03262054204735265,-0.14259879282304147,0.25178095549364665,12.940124028853056
deltaRIC0,FGO-G,68,-1430.7952849544968,-617.821620269447,106.47788132365666,1562.11915074733,1.515706379636734,-0.18320289298892126,-2.6004884236962686,3.0155379571561207,-0.037453977426221696,0.1137077400458234,-0.04728521942108198,0.12871729700033457,-180.9935675331556
deltaRIC0,FGO-G,69,-996.9531522260445,122.91044914359485,1347.4537971172722,1680.670789181475,-0.5899789137935649,-1.2585006423422138,0.05991332327799579,1.3912183839365453,-0.06641864950303204,-0.13040784946596445,0.03957267717727446,0.1516035652058389,-126.38739914156618
deltaRIC0,FGO-G,70,-1175.2188141478005,672.8726421960928,-113.17908968164713,1358.9357453846299,-1.0638162897535137,-0.35650004796850954,-0.0398929383410673,1.1226704009084616,0.04456026925362065,0.07615186067205183,-0.05880883938729103,0.10603397130095127,2.8939067580655666
deltaRIC0,FGO-G,71,-269.0942632377182,-10.002930261274296,-81.91409686443319,281.46349743151075,-0.01999566310099996,-0.29356814567511935,0.701544499389507,0.7607540780841408,-0.07160920111256638,-0.101408917807504,-0.07339363095798776,0.14421605791334882,190.99181514528613
deltaRIC0,FGO-G,72,-370.4964591875436,1311.5982454878024,1206.128276900108,1819.97335260031,1.8729356954123781,0.3408292794107708,0.019660848819483018,1.9037960147636133,0.11843420523501648,-0.1533424667498713,0.06375956766328846,0.20397513462967695,64.04345252588617
deltaRIC0,FGO-G,73,-291.6109915345495,-822.2796598306188,-253.89253985605941,908.648574064518,1.7025918784537017,-0.6762628663205691,-0.4962190677752147,1.8979947134184332,-0.13081039839208036,0.03963226248928134,0.27196674348994543,0.3043813169727075,-31.716550868247314
deltaRIC0,FGO-G,74,190.65603050297608,125.31109980855162,1470.0613611895462,1487.6602432561147,-0.712123595635985,-0.10325937732850805,0.22902450868327304,0.7551388879175869,0.057809180781273624,-0.06579544035622317,-0.0970410136009771,0.13072069336939854,-149.10691162073266
deltaRIC0,FGO-G,75,-1864.345941305499,1903.2007884207267,1537.9334193282962,3076.2311733994225,-0.2671972365603387,-0.037618583175884866,0.6877245528937391,0.7387655796519867,0.13093531969274683,0.06308817658936379,0.04587337172346937,0.15240912768496565,57.067438619135565
deltaRIC0,FGO-G,76,1540.9900952608673,-2.2599971339415466,82.35314697864885,1543.1907277120445,0.1538632181862419,-3.2114961322038824,-1.5324675539857913,3.561718419680354,-0.007463241146849769,-0.05995475295447148,0.18283776674861413,0.19256147413194666,36.13101212695577
deltaRIC0,FGO-G,77,-412.8047021080026,-489.82453645743817,-208.7799324804821,673.7394591418671,0.12504683429288005,-0.3594714740000755,-0.7404721613485878,0.8325595913318801,0.005078267100050769,-0.0330913321712311,-0.21337860375423895,0.2159890126874854,90.10942860955055
deltaRIC0,FGO-G,78,-147.21095088570803,-2423.2929073726227,1387.1108448489867,2796.08584898261,0.3556646342794781,-1.4212314262154402,-0.6020128881468855,1.583924119531767,-0.15624312241439733,0.069792073427913,0.04892776571958398,0.1779796984868725,26.423635793969257
deltaRIC0,FGO-G,79,-1363.4349494800003,1030.9921446034077,141.64556539316467,1715.2151847196942,-1.4558619237151806,-0.14031388138633993,0.09678141049389662,1.4658064564090836,0.03264334401275576,-0.007984077383256299,-0.0517357363888489,0.061692137421987626,99.425048244257
deltaRIC0,FGO-G,80,874.6500643154832,221.23509830481012,174.9892775234902,919.009766529829,-0.5507871385013438,0.014479412852163805,0.017689814260665928,0.5512613308256064,0.17595338539237487,-0.06770045426703837,0.02785923345444845,0.19057566011343216,152.68951811069962
deltaRIC0,FGO-G,81,687.4173192794883,624.9538264636282,125.6361165263466,937.4936212224328,-0.8349300835776899,-2.383757660031593,0.2618333439129553,2.539284451613679,-0.1479694544645665,0.07500309488487021,-0.08534724484500354,0.18655984535661269,-277.9081268454169
deltaRIC0,FGO-G,82,669.4244696971592,935.1757133574877,2277.139900425552,2551.0877800642415,1.1704263553068313,1.5039814301665495,-0.06239669562600208,1.9067646270863368,-0.0771079368675273,-0.0884573922846834,-0.03135878772674629,0.12146488276643615,-102.048795902844
deltaRIC0,FGO-G,83,-654.0040120907358,1842.8361153162782,-951.3781333434446,2174.6003192193334,-0.25057480045692176,-1.83839437361363,-1.83857779646671,2.6120585593012,0.10455002619218039,-0.012546087150235601,-0.1737693743685418,0.20318441807383103,40.586144036608864
deltaRIC0,FGO-G,84,-760.5973094433344,-1373.2684555957078,2213.256464930632,2713.4624924299023,0.48437569518683554,-0.6113690079193022,-0.5913392793200173,0.9788125567230324,0.03863803082629786,0.027879150020944703,0.09672611094850361,0.1078243245805255,148.34403306079238
deltaRIC0,FGO-G,85,1060.1794906297077,-583.0110870486506,590.49853065235,1346.3175682862125,0.2646945017524916,0.5146149999725633,0.6165482459482008,0.8455906320652826,-0.026409803036757013,-0.027653429831348473,-0.02084207839980958,0.04354976589950195,18.397912835562558
deltaRIC0,FGO-G,86,2690.2150219387413,-333.9251871640724,-542.1369260037552,2764.5389021361634,-0.16045083914593403,-0.8331185432545771,-1.5558504715341497,1.7721460630180288,0.07695319497367377,-0.10522832284632068,-0.1470555253643287,0.1965200287143386,61.35995500978618
deltaRIC0,FGO-G,87,33.89948664599451,1008.5546653212576,182.3128675976269,1025.4607110113025,-0.7169696291713447,0.1737865223499981,0.277285081948266,0.7881206894731659,-0.059450854251473825,-0.03341652159840922,-0.07832340783404942,0.10385385983056078,-19.74443880439792
deltaRIC0,FGO-G,88,-750.3400335635063,-996.305250372263,-40.5412018670869,1247.9094145554993,0.1905840323472764,1.06108788711859,-1.0098489517163307,1.4771677910305632,0.023860015998959695,-0.06899145836970597,0.07492843636744427,0.10461066995254178,-45.607202350356935
deltaRIC0,FGO-G,89,-610.6834606769618,243.61303852718504,1072.8027102546516,1258.2476929502252,0.16975221297630094,-0.39965897761938274,1.326652809534554,1.3959050072437047,-0.0708063127295873,-0.038491767546568675,0.15567332324749864,0.17529784271958224,27.331472423963362
deltaRIC0,FGO-G,90,309.4885325101981,279.7221791333138,1140.140875877518,1214.0629580467232,0.028523800791584397,0.7238053558953874,0.18929548804435142,0.7486925819242473,-0.022063621362813476,0.033032980373066734,0.11393002199931992,0.12065666617611533,-113.45414585451914
deltaRIC0,FGO-G,91,64.29880818817169,320.0751067226199,-736.150892480286,805.29531674873,0.22885585667172492,-0.15249832791002543,-0.5562064140583013,0.620480715403708,0.1322498159738189,0.12472446630357055,-0.015837753900569254,0.18247476748425923,137.69972274431174
deltaRIC0,FGO-G,92,-34.988986904943104,-684.4711167866346,91.06595321247677,691.388419598039,0.1901125402189553,-0.2586358674550842,0.29391390035993936,0.4352248507467607,-0.08260466167951637,-0.11128853868229711,0.06370379730655551,0.15253472642157,-60.19780567602547
deltaRIC0,FGO-G,93,696.6331580490992,499.70079704216135,-825.7615225307874,1190.3279949452574,-0.4668964545592211,-0.8267985093361284,1.0413886104505423,1.409282907118555,-0.08014990466621945,0.026485938373995228,-0.04027463435506229,0.0935283824407816,106.57844747848141
deltaRIC0,FGO-G,94,324.2904551672982,-660.8552496803136,35.57968464734254,736.9938088629018,-0.29108376059478175,-0.31932405455561796,-1.1433772750745088,1.222296690929272,-0.03104552401598375,-0.029191126376927456,0.054922371326472805,0.06951556151469782,-84.47833382693454
deltaRIC0,FGO-G,95,1041.0694673085923,644.8953881455748,-133.59214160799056,1231.8938906062635,0.4773560064832158,0.15442355466848318,-0.4626688231499225,0.6824791799586184,0.01553919529443979,0.04591749653766858,-0.010677945605802163,0.049637703422358445,-47.65793533578293
deltaRIC0,FGO-G,96,-94.85919925423907,417.7546769260256,363.531672259855,561.8474121260772,0.9771691852126387,-0.6216699211686277,1.1351280116225329,1.6216808287036835,0.1734663064086559,-0.11476272440046174,-0.08052758364716785,0.22303751724525997,-56.73936248174985
deltaRIC0,FGO-G,97,3245.6104606929384,-112.34335786477922,1619.387422224207,3628.9149777686616,1.181506684646822,1.5123638734437,-0.8995836007067949,2.1195407960743196,0.03507772454148155,0.013527407005049768,-0.18433556229165768,0.18813037241410524,-160.2593215141045
deltaRIC0,FGO-G,98,641.9220711867242,1818.9003815240808,321.2119948730322,1955.4129203407176,0.9414621797248403,0.842160212262261,0.01977826227236554,1.2633194523272324,0.15092760613430212,0.09037844015540164,-0.038126584913627005,0.18000289224212637,67.20880830288638
deltaRIC0,FGO-G,99,-1406.882161889093,1532.806380841841,-1085.8559944176927,2346.8907216153093,0.22006234498591545,-0.7263891847575988,-0.5125004266275144,0.9158195077125696,-0.08044034780630677,0.07749191929854961,0.03623454206122885,0.11742482339845989,-198.25593381515458
deltaRIC0,FGO-G,100,343.63040184654113,1552.4609646091453,730.2660040986119,1749.7157873353397,-0.5364723132357764,0.8269815303062944,1.0149593465546,1.4148651771440366,0.16368556769128653,-0.10379705426401575,-0.11810227845836976,0.2269690325162534,51.24494095427741
deltaRIC0,FGO-G,101,128.9897599948056,-1462.5132671111087,-369.5325031353578,1513.9807414670142,-2.136065098812633,0.153870795341099,-0.8010706108633369,2.2865179753531977,-0.1502987989041072,0.06432914282552515,0.044248685149848734,0.16936916397672427,-58.75035447820241
deltaRIC0,FGO-G,102,352.3231333055972,-1225.1891259897914,-2183.3647462580425,2528.3001403924236,-0.7821405533491244,1.6337520694438987,0.4133064113398201,1.8578783219737767,0.2727274157338196,-0.03675663107626283,0.006297218453580455,0.27526523242352324,130.0832092518449
deltaRIC0,FGO-G,103,-133.31736986258576,1497.9666554252067,1632.1497989600553,2219.3671593763406,-0.9604596879501548,-1.7926411115885146,-1.0088801555198086,2.2702167595488074,-0.029793665306505682,-0.09663421842137482,0.11650814303853434,0.15427242805049005,20.273828735839476
deltaRIC0,FGO-G,104,968.8769037499255,-1444.6195423625911,1697.6087474045432,2430.5397622874566,-1.1981981285668692,-0.877335908861043,-0.026295204996264553,1.4852907089468967,0.01162318900663209,-0.05047127292237989,0.15592394981351673,0.16430071831412466,-44.03627114418537
deltaRIC0,FGO-G,105,715.4823301317855,628.2802411273173,-808.5570852507707,1249.1659562408156,0.9079270980837958,0.14599359312070043,0.3064584345486129,0.9693103304789141,-0.04751066760070314,-0.020082947251036598,0.05526049569414615,0.07559305980389448,-199.36799781551963
deltaRIC0,FGO-G,106,1114.4829862653103,-83.97882880315876,419.2683122172973,1193.6962293613626,1.0478085749128856,1.0118264059041409,-0.08414364781334907,1.4590324324062163,-0.12609105298728407,-0.1271881715453615,0.05823587158041823,0.18832737815629821,-104.81915371872891
deltaRIC0,FGO-G,107,-338.21665352745885,187.73602075265813,-1079.9387788682761,1147.128190009669,1.6745415165969892,-1.1360747665997306,0.32058142374559284,2.0487868643083225,0.022612106417169202,0.03375310683650257,-0.20096567605849922,0.20503117453545297,-44.800831377166666
deltaRIC0,FGO-G,108,-2015.949819005471,-642.0709145470042,-79.26816804831077,2117.2133039732093,-1.1730980457749627,0.7638038640850826,-1.6828395740020403,2.188950524708064,0.1569951133423911,0.04167056015647796,-0.0019170720586607615,0.16244253249202617,83.59081929476048
deltaRIC0,FGO-G,109,610.7386334990999,1136.802587057224,199.0891115316767,1305.7405081863767,-1.54046518548892,0.6775360875068541,-0.7466947443416838,1.8410978189126728,-0.06025638526201738,0.13312517927811943,-0.06517825576848067,0.16000421978090948,-191.51086566867647
deltaRIC0,FGO-G,110,-512.8583545303158,131.73263115930652,283.33061330751286,600.5442651136619,-0.9994704974906152,-1.326548742374476,-0.6287870215188482,1.7759633891721942,0.01893204364798647,-0.03096574001826706,-0.036328167411860575,0.05135206986161647,-216.39754361265526
deltaRIC0,FGO-G,111,-380.98724529674655,-1033.8549068190669,1536.3679956196834,1890.6173244200181,0.00539502119213398,0.8490109017864093,0.9397412792131526,1.2664763280310485,-0.002290363293997516,0.05670817492206549,-0.1115314643777865,0.12514124185600656,-48.114607824269655
deltaRIC0,FGO-G,112,1462.369780878842,-416.77352310383617,-23.63413737799269,1520.7840471406905,0.722227629164846,-0.6600049778004071,-0.7201129601069649,1.2148176794747454,-0.013470113939360777,0.12784363746701913,0.16788150786826564,0.21144654240365465,-143.42755200987634
deltaRIC0,FGO-G,113,33.749382332075875,-48.62205258658983,-426.2208711616656,430.3107665621892,-0.8856154990246623,-1.054438448770512,0.4468253143798306,1.4476906147132749,-0.2323033946405485,-0.07138732705681065,-0.02424202403156964,0.24423081983031067,-220.08234257134305
deltaRIC0,FGO-G,114,-276.6505774552463,-189.0267618574188,-111.60108369427513,353.1592566907445,-0.4086726227663953,-0.03053554182525908,-0.8078901999252658,0.9058875796966269,0.06975898034046393,0.07437886495263184,0.15546982869191267,0.1859284769024792,-114.97802393764451
deltaRIC0,FGO-G,115,1454.6461010424277,-830.1117982402588,472.87201500714104,1740.3128510220588,1.3832912735266454,1.0889439576553699,0.5419161682677816,1.8420007664925504,-0.013916031490602299,0.1122536084143615,-0.044596230189936796,0.12158680965321063,50.09966771320455
deltaRIC0,FGO-G,116,645.8715923506559,2175.605382331845,-322.21439910801473,2292.210944138738,-0.2884083142357912,1.6325812397950457,0.20388402956760238,1.670350130291186,0.06193086964640313,0.1300959342094287,0.04787841686453349,0.1518312468315986,-289.9307429901528
deltaRIC0,FGO-G,117,1475.7937191507667,1869.6933425652196,445.2776292132763,2423.219441939865,0.18293425899308927,-0.6924176930359662,1.22938687585943,1.42277872323071,0.15355929470651883,0.02828045932669753,0.06206510872700363,0.16802475737755815,-110.12346428600671
deltaRIC0,FGO-G,118,-1250.4202002800032,-1204.612451771995,681.1446264411389,1865.1004901511496,-0.280110884707347,0.9797920890370899,-2.8704308940844507,3.0459527513055185,0.07347130118040932,0.030165561182111993,-0.064898486797475,0.10256610925240459,37.765315641727454
deltaRIC0,FGO-G,119,1252.09092422544,-760.2652155812546,-333.23199060129156,1502.257780845427,0.31857326075195375,0.2272916925910009,2.234732721240962,2.2687399082689157,-0.012493822035353529,0.03920820029213836,-0.0366430852452469,0.055100764563569854,36.43817530910232
deltaRIC0,FGO-G,120,-444.1832980335017,388.9949906080127,1756.3506879721665,1852.939190613213,1.073899469816708,1.0557293288361311,-0.527204280204276,1.5955465646928337,-0.030753950369615382,0.09296980123686521,-0.22769890947292373,0.2478628305747308,-28.828526546050462
deltaRIC0,FGO-G,121,-1061.873713718752,12.881267201339183,527.7420618167297,1185.8555539112422,1.8740491319562418,0.07061405697337943,1.0863593532593145,2.1673078088822963,-0.00035673692500232823,-0.13443988943870344,-0.16022787097821367,0.2091582696709254,138.6462445699693
deltaRIC0,FGO-G,122,-344.40460265806286,1545.4856065234849,1000.2345160176334,1872.8612808578087,0.2324300918919532,-0.22235155801829173,-0.5079774130319141,0.6012528711953561,0.11766331710111187,-0.12302324214960347,-0.1308756890818959,0.21472731613117568,132.8233915838531
deltaRIC0,FGO-G,123,128.54804955201575,226.8120456617409,-46.36137760931833,264.79743660905206,0.40903992085442603,0.14991490374093897,0.2425133097130501,0.49859887745985537,-0.028079957438678194,-0.048798745787927464,-0.0011864029138367142,0.056313489965608664,6.196369604300224
deltaRIC0,FGO-G,124,388.539281055861,821.9817658648757,-590.5533312798775,1084.1448396886394,-0.30014227606603316,-1.0585827000852464,0.2052133757938922,1.1192833637674575,0.09019734285290988,0.04679492617138191,0.05121430509393974,0.1137902931684667,69.50852884844728
deltaRIC0,FGO-G,125,-1162.1411645740404,350.52810096458774,-1449.896272390178,1890.9366030235599,-0.7112259222190309,-0.29374937622254343,0.08813909386397369,0.7745317994340883,0.010903497196459453,-0.06700604937126074,0.06931796046809997,0.09702410291733751,132.48252468570325
deltaRIC0,FGO-G,126,1547.2714753755095,762.8471982743882,-510.052564122604,1798.9270370400886,1.5401296934377682,1.150007474425652,-0.5576476284857429,2.0013714151549564,-0.16266600044033122,0.015697294206877644,0.002614415078631736,0.16344255232611393,24.256906989458933
deltaRIC0,FGO-G,127,-86.25803757820934,-715.7805469817494,-251.1163447166147,763.4406716098964,-1.10962955561972,-0.2603285739927645,1.0145631476641386,1.5259053370835585,-0.11485982497499195,-0.04427386830734362,-0.20964563979376474,0.24311365468175322,94.75393844672693
deltaRIC0,FGO-G,128,519.213913728414,-839.7641958946606,881.9519122056194,1323.867881761217,0.3368516004623475,2.0027387051087335,0.6236202146065893,2.1244607536362303,0.057855867895220854,-0.07399529513593107,0.10458416507399683,0.1405718774733688,-70.25085307633226
deltaRIC0,FGO-G,129,685.8799776676174,-564.7347161549197,-449.2947426077915,995.6015313020117,-1.19436858167616,-0.8491455727715629,0.48262288770909906,1.5428834578131096,0.0027526670267068,0.13458234497632837,-0.07492630970854267,0.154058224842518,33.7932023677093
deltaRIC0,FGO-G,130,1077.6663144384183,-1235.191133364718,-488.1631820437176,1710.3698762317897,1.2063008153797907,-0.9148629303597202,2.172219392372944,2.6477675364603677,-0.08835010183899104,-0.09152471189468872,0.1341397558995759,0.18486748631158395,-80.9923420798266
deltaRIC0,FGO-G,131,1481.0145200977804,-852.8627281526582,597.6857663034343,1810.5267512672044,0.4621404956122197,0.27397995367960426,-0.18868360763868164,0.5694210713474995,-0.019260693915120353,0.16870494685033838,-0.045491780657739206,0.17578917921555726,-98.48290997221783
deltaRIC0,FGO-G,132,-357.54608116753377,487.4728411424653,157.82655868636505,624.8025237117313,-0.3692914519111992,1.7091874909523017,1.183241606886454,2.1113405116062505,-0.10788399163143049,-0.07872615808904983,-0.04449396962744852,0.14077100891519156,129.74714472561197
deltaRIC0,FGO-G,133,2196.0383274951287,-648.3236962994829,2491.3523937788423,3383.747139045498,-0.0029067783961533224,-0.560094896400287,-0.8529420946972319,1.0204043116533732,-0.051340969282464094,0.16327628723093007,-0.13191562101084314,0.21609435940222155,-41.63016705374575
deltaRIC0,FGO-G,134,115.98874228516469,641.1614725399072,465.33109108183817,800.6712474754232,-0.5592804620317112,-0.956758797069083,1.5008106904614482,1.8656405762050878,0.025352403579068476,0.08917135113101211,0.048935137353202686,0.10482805873211157,165.63302018803188
deltaRIC0,FGO-G,135,-1263.2264415602542,1221.4577237064125,1017.5660218033706,2030.551802389629,-1.1136445568410045,-0.001800019234019449,1.3027838017101738,1.7138999600470424,-0.09129078378931367,0.09591838849884593,-0.011633242879902094,0.13292733653009656,79.11047598696942
deltaRIC0,FGO-G,136,1627.0595405815473,509.5637852465729,-368.866985539686,1744.431383819205,-0.10754985607035442,1.8854948401148335,0.9052729316516269,2.094320138952387,-0.010315450093999852,-0.15932158617646322,0.06709044587599464,0.1731788216274316,144.21540361429177
deltaRIC0,FGO-G,137,-598.2590230373739,1837.5576829219503,221.95649195478717,1945.1983911755622,0.6689437959118598,1.3775485621687618,-1.2059857490030428,1.9492376638113222,-0.1781751902120138,0.18867926669223967,-0.06428810409188174,0.2673559881774433,180.80326096019363
deltaRIC0,FGO-G,138,-172.33171885569746,1421.8258181903166,1304.960823111216,1937.5782896315247,-1.9830762171909098,2.517494961376491,0.9638067960571747,3.3465348801215598,-0.018658675428911642,-0.01771319331593473,-0.11959206119948787,0.12232810179247938,42.48786136960362
deltaRIC0,FGO-G,139,1.3423838826943892,1431.304331297312,-489.25189007224617,1512.6140627153377,-0.9655896206662113,0.9763957693043389,-0.5093237367906628,1.4646237341761652,-0.00809696646762532,0.22305717033659664,0.040510368930769036,0.2268505060506905,-160.11890078006533
deltaRIC0,FGO-G,140,1351.2430722008103,-185.23650881493236,-928.2648338381568,1649.8018081300584,-1.213857433227155,-0.39486468828905835,0.1764545551728105,1.2886055254808069,-0.08784819348049396,-0.1655147989947901,0.011519175774385207,0.1877369041893289,71.06060532136223
deltaRIC0,FGO-G,141,228.53509515612947,-575.0069082182071,453.2985414571593,767.0337684247486,-0.0939448222726058,0.907853737503869,-1.0144373677338414,1.3645904921940284,-0.10115257395627307,0.09688171530872328,-0.019152708759514903,0.14136738036749,-89.92686481488519
deltaRIC0,FGO-G,142,-1594.0377470880558,-1016.1089408465094,164.36699423793573,1897.485237783049,-0.8292395542793354,-0.18131926281309124,-0.9122359832529102,1.2460695817609373,0.11079085249194859,-0.034941916421235786,-0.00165162370309631,0.11618209147686216,-25.240332924375547
deltaRIC0,FGO-G,143,1072.144224612476,-235.1774663677872,-632.6546769300518,1266.9071076043922,-1.3897145539211917,0.47019467346655214,-0.18684188719621492,1.4789521503915322,0.06056264955302173,-0.1359574312751767,0.05806761462525306,0.15976265367129272,75.32548452268706
deltaRIC0,FGO-G,144,908.3820945689197,313.2302659616615,-142.70639146617248,971.4094622830927,0.46080847310884493,0.44992154801966405,-0.6897275711490284,0.9436620002227778,0.11193656959565995,-0.14666831834849162,-0.03733572569683779,0.18824278906063843,-214.12770036700076
deltaRIC0,FGO-G,145,555.285302673468,541.6601692417511,1079.1500428534282,1329.0230702657962,0.95319178017191,0.17397738677207544,-1.3095182328454362,1.6290121862803755,0.06601331439828959,-0.04303319167677841,0.13905526464566395,0.15983109800477946,-28.437787123280636
deltaRIC0,FGO-G,146,-576.6406457561098,-868.3530550549646,-4.272451751107348,1042.3865484575667,0.4244161164761666,0.9522489849689838,-0.7093717420632505,1.260997794501252,-0.048386973913769615,-0.053831619029851216,0.10808510410756776,0.13008278972197138,-41.59616648485111
deltaRIC0,FGO-G,147,998.2338927500472,788.1684795589066,-160.735740531392,1281.9970495634093,1.1434391562605362,2.79291141560317,1.0109406133273247,3.1827359618967663,-0.013255814552669188,-0.08447585901625623,0.010247930672986695,0.08612146921103643,-114.22620367719784
deltaRIC0,FGO-G,148,188.86976751341345,6.628695679605062,992.1067890811871,1009.9463399745388,-0.9988364846446717,0.884534940532523,-0.527984938670986,1.4348674083494977,0.10571656525166677,0.024696012244086164,0.0865525632866144,0.13884246973045877,-103.77920807662392
deltaRIC0,FGO-G,149,313.46345715486154,-230.28550646990354,2.4044454777977253,388.96855248160284,0.09017330444583281,1.1424527854244038,-0.020962802835812144,1.1461976404012497,-0.01600734182683996,-0.15848959728437126,0.1525665538233515,0.22057139611757706,116.5667318011928
deltaRIC0,FGO-G,150,-415.23935946436364,-562.8117421254641,-397.73193457759834,804.5939811516824,0.08747429726784728,0.3337426186234346,0.30961406219111515,0.46356958018685257,0.0314472134195993,-0.14152343698420228,0.01010133267767614,0.14532669186885244,174.83796784980112
deltaRIC0,FGO-G,151,815.0949727693725,-1406.6316357623964,-1413.6322243372144,2154.378898672673,-1.0344282883292482,-0.5711167190668037,-0.980023646210962,1.5351425137836674,-0.04384087660527877,-0.12109128602300757,0.02981016322019953,0.13218838013774148,-5.513117294798352
deltaRIC0,FGO-G,152,-1996.3041395003345,420.6059320184941,-789.4468465393559,2187.5479174057537,1.839458902676841,-0.1985688730593946,-0.2392923494774262,1.8655560780913536,-0.07075978479307135,0.023661604431709386,-0.027233122736424576,0.07942582478150055,113.18543553627806
deltaRIC0,FGO-G,153,672.3309785944541,-568.6321704290317,-859.2842505602255,1230.3417871816987,-0.4201847520766845,-0.9041680857126025,-1.0176954986530877,1.4247032256149679,0.004506288457198735,-0.0070753664864898575,0.1127682667295816,0.113079836521688,80.61167243619387
deltaRIC0,FGO-G,154,-24.107304338547767,-460.8190501472281,1190.63780561466,1276.9313776628555,0.1988008474988593,-0.9796739474353915,-0.8084509823707631,1.2856421785030852,0.05452922840631931,-0.04981795672089879,-0.18123563695851372,0.19570800102753097,39.67067238825189
deltaRIC0,FGO-G,155,-193.21388523746378,144.21894260093933,-361.14482113558756,434.2306883288471,-0.45148952866506664,-2.0446898613799163,-0.45237714799712203,2.1422522045160868,0.08060744743565654,-0.10715187548453016,0.052641696867815856,0.14404941253287845,-377.7721105095873
deltaRIC0,FGO-G,156,170.36140058034889,918.7286966348647,-546.7009334815399,1082.5744018300463,-0.27161736008954823,-0.4096751711784373,0.8706578214202737,0.9998273741913624,-0.10453493962222192,0.1020715207291887,-0.08029616548844815,0.16671419597004639,-200.20154036844423
deltaRIC0,FGO-G,157,1277.334666396347,-519.682052231713,-529.605392707498,1477.2051845882802,1.3390462213962198,0.3655987157669639,-0.4025406147695339,1.4452495115186796,0.09763336267642891,0.004417906197185904,0.06291642625338013,0.11623367883350874,25.21300867252843
deltaRIC0,FGO-G,158,-1102.524007024978,1079.9335134791363,-737.1030740117309,1710.303049555648,3.010459783885753,0.4155033909110017,1.0583248055226036,3.218005993194614,-0.10340983633664992,-0.08271845868686364,-0.03073436602124301,0.13594314588617856,-173.5626333858542
deltaRIC0,FGO-G,159,1145.804139886096,62.589302410057876,-2805.4759757270704,3031.0856137922024,-1.4263310052351257,3.0827836940403417,-1.1042007347980667,3.5717271317199817,-0.2228851508249397,-0.06445337024042962,0.02608069763575921,0.23347854330274959,-30.49572784410585
deltaRIC0,FGO-G,160,-1552.0847908289143,1457.8428172554457,-853.5506332016521,2294.0840353362537,-0.11022310177417044,-1.0881178171033443,-0.45955655062000245,1.1863143509543417,-0.013816847955584499,0.08460400687966053,-0.009813873231319313,0.08628473431217015,59.541317711119625
deltaRIC0,FGO-G,161,-691.5210023940597,2283.1913121095827,-823.3402032235324,2523.6982693438076,-0.6420151403453145,-0.5068588581487837,-0.7723522844050459,1.1249966194358967,0.05643456846907875,-0.02097465488352652,0.1843108246650018,0.1938950147746641,14.864446121313701
deltaRIC0,FGO-G,162,-527.6478787030298,829.3650345088502,342.0364698231327,1040.7918096597148,-0.18816685217218054,-0.7657942219332254,-0.7916661103818419,1.1174000111552784,0.020383457990500772,-0.15964291767077363,0.04929647723353092,0.16831960429410459,18.346644086185655
deltaRIC0,FGO-G,163,1291.3267789788915,-1116.8389464888003,334.47739678588374,1739.749755413943,-0.3480395229175667,-0.620821223127754,-0.8057168100442025,1.0750488726501384,0.1066114899425456,0.10087462093344374,-0.08941167864522633,0.17186083676740518,30.48311517981801
deltaRIC0,FGO-G,164,1134.9102188969437,-145.4327848928343,-151.69283825213572,1154.2021560607927,-0.21352137138410385,-0.41205089006057477,-0.6536150816514301,0.8016171074769213,-0.04230438749937664,0.06431693453638467,0.025544426738857942,0.08111009189534854,41.7221570371433
deltaRIC0,FGO-G,165,-2067.535933077259,810.8314852408778,-879.7405246882847,2388.7435866585593,-0.4836436592660983,0.6685568149668619,-1.3172958167896305,1.5543962406408465,-0.02990706641265925,0.07392793340858055,-0.004138403644383971,0.0798554841209956,72.45027080550432
deltaRIC0,FGO-G,166,1016.8047344585817,-1295.079075888188,522.383628254451,1727.4276644447589,0.28203799777862804,-0.22696768538518464,-0.20466465182915758,0.4158694291582826,-0.13743833700336186,-0.08312876404129506,-0.010138356678231018,0.16094245606867694,130.1311153027198
deltaRIC0,FGO-G,167,337.76653089024654,770.2744966440927,-673.482172920704,1077.4911910600176,1.5878773760770433,-0.6495504000333855,-0.8001948304004715,1.8930351423680667,0.12812564155589043,0.07479825011169962,-0.06938913055258254,0.16378586533252565,53.43243055810636
deltaRIC0,FGO-G,168,-975.825045415631,-407.7731924958674,420.3942834241554,1138.0882432019052,0.13693101718827377,-0.25127744817106706,0.9406722785477714,0.9832368967119951,-0.12899180483473263,-0.1600861863723375,-0.13238214043871982,0.24452301300470158,-23.757721275513266
deltaRIC0,FGO-G,169,-1535.127040202243,-416.1208474185487,-616.5133591357992,1705.8312669221823,-0.881380673337972,-1.0637592209536784,1.7605622800089162,2.2378550250826943,0.13974688415840947,-0.21460414764554864,-0.12471238093778407,0.28484611596057846,22.190899231121485
deltaRIC0,FGO-G,170,152.36928972921098,178.21269558232368,1374.9850598869334,1394.8333521362242,-2.223206576907208,0.0897267888552177,0.29006781092758666,2.243844405295977,-0.14240767898227769,-0.09798316454384826,0.05970516464832257,0.18288071044489523,-91.21101424422352
deltaRIC0,FGO-G,171,514.9212560226644,-1153.0751634841295,-483.34245820099363,1352.1635124672198,1.970326884439153,1.0711991217180108,0.25920094074226935,2.257618372886528,-0.1317619391514645,-0.0747042042958084,-0.06528375075748603,0.16493603263504816,94.0198466269326
deltaRIC0,FGO-G,172,-567.9755701093026,356.69505144046144,1016.4326788790254,1217.7696821058948,0.27543629606612163,-0.6067797480758716,0.3624272344215764,0.7585514591088166,-0.011471939146907764,-0.09913403951881757,0.03723719714994336,0.10651653407191106,-80.98353975346102
deltaRIC0,FGO-G,173,1331.9577698188864,1074.497136579495,-356.5680919271449,1748.0836368088915,-0.42066115880704785,-1.5651306026859004,0.6652862205040994,1.7519119182154814,-0.04053576090966441,0.2000549923493982,-0.008095586019011723,0.2042809006966497,156.1693031616864
deltaRIC0,FGO-G,174,859.8301092402224,-2583.160313684232,-1074.326146349873,2926.807423060192,-2.8819502119321476,1.412863573535178,0.6305150999301792,3.270989115346963,-0.0460928195890449,-0.03442874264688752,-0.024132248925269825,0.062387913702134964,220.3491491107355
deltaRIC0,FGO-G,175,-467.75383943247914,238.34357705985272,-210.70363276821223,565.6830701826184,1.308223469747221,0.48656274179652603,0.2567126463492099,1.4191875602955466,0.014753403450495159,0.23778110128236898,-0.06018471466647533,0.24572284167312233,175.26676849015536
deltaRIC0,FGO-G,176,-92.50892143184898,-738.9829520904887,414.762087686398,852.4560360551369,0.271104615620222,0.3525202635807219,1.5346184062555084,1.5977552696404436,0.13379177982307838,-0.06563750439472815,-0.13217932765215407,0.19919813500625588,74.66177504771642
deltaRIC0,FGO-G,177,-743.6806931354766,384.9334421662022,250.8788293910527,874.1709874372456,-1.7906440391372076,-0.21119657544228493,1.5237085421338525,2.360656220153166,0.14402227886858313,0.06741100579081548,0.04600457661958217,0.1655387615701419,-150.44284470423617
deltaRIC0,FGO-G,178,-730.3804510342521,1400.9565648484768,716.4569069560621,1734.7753166822756,0.6502087593602076,-0.7704944066118334,0.568596448295666,1.1574692144430052,0.09300554610645581,-0.05427774100764882,0.18036128381188143,0.2100626037011908,73.04852435123601
deltaRIC0,FGO-G,179,303.3480109217989,27.927746490802463,-1780.5815751640378,1806.4525237514304,-2.5988557853518195,-1.010527598581724,-0.7709631055843851,2.8930263619131242,-0.009342009519665117,0.03666245809444294,0.07117957387332031,0.08060980531039486,26.7889168870377
deltaRIC0,FGO-G,180,-691.9178653088649,217.43766290773314,959.7041232018689,1202.9386824252604,0.22368702313362657,0.39800224659919714,-0.8792302678703279,0.9907005281898866,-0.021055553655753647,0.041541592231083016,0.09084442780034206,0.1020869741309608,-132.2131485738611
deltaRIC0,FGO-G,181,-679.7542710541388,469.8586980323128,1206.1164126720528,1462.036205451105,-1.342071039689929,-0.7678036080545463,-0.32778675730996115,1.5805445942407843,0.06263831367859075,0.04378978070328409,0.06834235879244405,0.10252697810749323,139.4645533526912
deltaRIC0,FGO-G,182,1231.375416425168,-368.2581090297571,-534.2245608356661,1391.867570008903,-1.4106760050831368,0.20600229319967236,0.852393467755744,1.6610293073854854,0.07580681533708672,-0.0020401848900891096,0.01874439291780266,0.07811650191728943,73.28105412927816
deltaRIC0,FGO-G,183,-1086.5694694543713,42.477675020348144,-1222.667290518911,1636.261858056449,-1.2668052882048815,-0.7526436185803737,-1.4598318155647245,2.0742171980167874,-0.011492203475271218,-0.18342810395264464,-0.07514832344135548,0.1985578267820884,-47.82038294552
deltaRIC0,FGO-G,184,668.2041241196555,571.512164893209,-5.836307850686519,879.2934485146392,-0.44575709767399113,0.2806134475410674,0.0037483630467599408,0.5267422019291351,0.03314295384651626,0.00497704009023236,0.0021019704506346276,0.033580419853054676,273.9627325909455
deltaRIC0,FGO-G,185,-968.047550429037,-638.2203327798873,-483.61043896278363,1256.3121864166983,2.107632395232692,-0.09404944392776002,0.11722145120966909,2.112983786014724,-0.0555275320647769,-0.02334257359056256,-0.012169286976344977,0.06145139627826446,-343.894641408114
deltaRIC0,FGO-G,186,-550.246030343344,1069.0943414884773,-1271.6652564313733,1750.1045481130434,0.5816938706687272,0.9112692454369952,-2.064265282960789,2.3302297215703995,0.05533983082923391,-0.1542088583933958,0.12560552076704146,0.20644518819861682,-128.6342338321939
deltaRIC0,FGO-G,187,1128.857745839603,100.3507302628696,1075.9404090418475,1562.7020967591677,0.19104213064829187,-0.9151652734405943,0.03489882349962034,0.9355439600980247,0.26271507500377506,0.09705927146507738,-0.14090808369207328,0.3135200166836929,177.0578026190954
deltaRIC0,FGO-G,188,1029.6251465265332,-383.58310578640214,1393.7349536181525,1774.7566205937987,0.11988002000906876,-0.3034979799630254,0.11348973344039122,0.345488295945583,0.007195442107918723,0.21984403771424962,-0.010468116773804643,0.2202107099448681,37.16343582644354
deltaRIC0,FGO-G,189,-168.7955056806049,747.0245824448056,-130.591796064214,776.9117496306028,-1.7166192130900506,-0.44426300300727906,-0.5918506530642856,1.8693416846910498,-0.05866626433219247,0.013283522041731066,-0.051771517084751376,0.07936291646471,-46.27945099576388
deltaRIC0,FGO-G,190,233.6802700064735,-782.9293598938002,949.5828342857587,1252.71401778067,-0.2659852766935525,-0.9565037124681146,-0.0958726541739046,0.9974162046013593,-0.06444442769723921,0.03341285952998414,-0.09790625247911501,0.12188165455760501,-24.277118620263874
deltaRIC0,FGO-G,191,-947.5466050429519,-67.36624733764607,2212.2116150926618,2407.542940418647,0.7026790651797807,0.11771779867480725,-0.5351144667955184,0.8910459254946543,0.0712182849533493,-0.014620603270074738,0.05593610113290974,0.09173142079804762,55.00791515990459
deltaRIC0,FGO-G,192,-84.81021575667066,-1092.1999554942674,1741.4366280623224,2057.3514636627947,-0.18320597104397085,0.15667758158884004,-0.7989057184771471,0.8344834566449945,0.0025736865309705917,0.011714061998366032,-0.06854801923927556,0.06958932427096383,116.61409883942139
deltaRIC0,FGO-G,193,-722.0301472267532,-1409.2057819707074,-453.8411848949231,1647.1673535347852,0.3245050035027806,-1.3666966856593223,-0.7804045281625837,1.606920830491403,0.006881429054718738,-0.10079027577821026,-0.02482370571136725,0.10403004432627802,97.17584192877364
deltaRIC0,FGO-G,194,1545.0912120649832,896.8644183807625,226.9601832009404,1800.8841060202922,-0.6419670984901411,1.7595862470558439,-0.23261241010798142,1.8874252434753975,-0.01677658146895273,0.16065192124042407,-0.08140741676511587,0.1808802393529849,152.87511687436816
deltaRIC0,FGO-G,195,-127.46322591691073,-244.96442189916286,-162.9225958030735,320.6216059169253,0.11824029122975836,-1.0163169874094722,1.5264470139839175,1.8376401910786513,0.07815055865666795,0.16616252375737192,-0.06907341637382204,0.1961851955916141,107.3161392662747
deltaRIC0,FGO-G,196,23.753120511423962,231.1742623292362,767.4500643616155,801.8636739409915,0.24823929972143843,1.2327999836329862,-0.21038613273733942,1.2750219113489205,0.020879381070451362,-0.12021218618765742,-0.0012665550100715395,0.12201853311482921,-54.164543793901494
deltaRIC0,FGO-G,197,1555.1983230483254,-187.83265471715467,-38.54117114318185,1566.9742665607196,-0.16862034474375734,0.4067669043277882,-1.5248113809998802,1.5871174760378255,0.029978971170807316,0.01024706514834685,-0.20667457205759174,0.20908878447158097,-86.49050030175054
deltaRIC0,FGO-G,198,477.22452332876105,-128.9368191159478,1238.0240733490284,1333.0684735533364,-0.6000075410897177,-0.7265479112577857,0.2550893765705574,0.976192351310302,0.13071940291777553,-0.04874498466631161,0.06118663740711291,0.1523398845558451,-146.22344714475912
deltaRIC0,FGO-G,199,-370.88613180654187,-970.7016453630018,-87.98113241743361,1042.8609143784768,0.00757297421832598,0.9289900466152711,-0.38702135708814667,1.006412136001502,-0.1962716145718802,0.0967330292701123,-0.01723113606445253,0.2194919991446084,-42.10347267095547
deltaRIC0,FGO-G,200,-589.5313303302888,158.42875517575644,498.4007359434328,788.0673534010245,-0.6896297948990712,0.931566414939712,0.9648842931430739,1.5081137021492683,0.08972851893467575,-0.026251164154008994,-0.09004790222367945,0.12980352624076327,-1.5124735318770928
deltaRIC1,FGO-B,1,947.2198307597481,1432.297234312146,-491.23526569239755,1786.0607104638489,-1.1077885172895925,0.021409503933857484,0.5722777172881751,1.2470587602843468,,,,,
deltaRIC1,FGO-B,2,803.8030445231689,2071.1154659226836,1137.847078814606,2496.0598114499944,0.3133048221933214,0.28992009380962747,0.802283886424877,0.9087755536001048,,,,,
deltaRIC1,FGO-B,3,820.4744110854978,-1551.4311746108842,-3125.434880400669,3584.474876523163,0.957497166220512,0.45647277466168595,0.595930315138343,1.2166762748687645,,,,,
deltaRIC1,FGO-B,4,773.6018733769457,-559.4577618345668,490.8321197215925,1073.4845203912605,1.4364246393538327,-2.280605359512699,0.4927391778047503,2.739939497091959,,,,,
deltaRIC1,FGO-B,5,-1540.6599158392717,361.8466922493973,283.534008333703,1607.7803142368296,0.7388732480319041,0.5813100889851551,-1.2440199666032654,1.5593077866543006,,,,,
deltaRIC1,FGO-B,6,192.40776696476556,-182.2315577703061,1366.3279924734825,1391.790671204681,-0.6242742096672644,-0.568511271987231,0.5973215774641251,1.0342709616616226,,,,,
deltaRIC1,FGO-B,7,-230.2637034216091,1702.767092776151,-1162.697336003348,2074.68123828796,-0.021531446493775978,-0.2119786262327599,1.3870886331341434,1.4033579077831815,,,,,
deltaRIC1,FGO-B,8,295.629630397118,944.310691235107,-224.39139849787298,1014.6285328481027,1.9817527705738536,0.46348552854702546,-1.767504154410565,2.69559526166453,,,,,
deltaRIC1,FGO-B,9,-318.1709402685232,-2086.697177445458,-511.6625112366583,2171.9429971790696,-0.6174348393975241,0.000182091942208307,-0.6960539446492049,0.9304390941491227,,,,,
deltaRIC1,FGO-B,10,1243.648747182678,241.98814186875552,208.13608363951732,1283.9552548616848,-0.11703276929818543,0.6942764679021738,0.3977054721182973,0.8086322560503991,,,,,
deltaRIC1,FGO-B,11,-417.02634221111344,578.5022364926981,-1109.4399714772537,1318.8756037005476,0.32690085569974897,-0.9281384829565237,-0.21294524416655067,1.0068023093016907,,,,,
deltaRIC1,FGO-B,12,463.5051546089132,-796.7967447666598,-427.1089516537593,1015.9449480176332,-1.0033071211252096,-1.0842813094409058,-0.438904708493236,1.5410802965585455,,,,,
deltaRIC1,FGO-B,13,1939.3727966474924,363.4543962533148,919.4709853969148,2176.8538847426003,0.24188709923953056,-1.166268404747802,-0.38254937867894984,1.251013744056854,,,,,
deltaRIC1,FGO-B,14,127.53376044619665,-781.4704480846382,-224.88711330359456,823.12522438155,-0.5764492728024521,-1.8288118635696566,-0.4088528522284743,1.9606139985277455,,,,,
deltaRIC1,FGO-B,15,1774.1690632004195,-525.7038550613,-2564.3228697081545,3162.2448020594534,-0.6738562790103171,-0.03541081125131881,1.0898047917972715,1.2817997872286455,,,,,
deltaRIC1,FGO-B,16,-755.1263659031424,522.89359329409,178.10213010508792,935.6034988915237,-0.1268558366888394,1.5684942398680817,0.4714330941923117,1.6427159663499693,,,,,
deltaRIC1,FGO-B,17,-772.4515168992173,522.5322681742949,170.92957864252216,948.1235352517019,-1.8456263664242931,0.41274198165275905,-1.0877620324919446,2.181723829266709,,,,,
deltaRIC1,FGO-B,18,1351.5227275623167,1566.5608962093336,279.8549341287663,2087.8327300830138,0.0766273145392938,0.23630887884790172,0.3526392379542836,0.43135607530303083,,,,,
deltaRIC1,FGO-B,19,1261.4237304341796,910.7177735460878,562.5412320368988,1654.4030127199408,-0.7600003832302542,-1.266384980594008,0.31359912447348093,1.5098595671302524,,,,,
deltaRIC1,FGO-B,20,-707.4443359121419,-1445.4945306844763,1295.809933516418,2066.1692356757057,-0.21207477132926097,0.5339976739658058,-0.7873895896647077,0.9747366774404286,,,,,
deltaRIC1,FGO-B,21,243.04503328829992,223.62062042496635,58.52073453077453,335.41280007682934,0.583135047547052,-0.7634474629272242,0.6767509213852779,1.1751128975224212,,,,,
deltaRIC1,FGO-B,22,-830.0320362850443,7.997979789269097,-337.99208994519466,896.24539151157,0.12817591507795573,1.0913164986408677,-0.2632607471694037,1.1299145925299074,,,,,
deltaRIC1,FGO-B,23,-972.2970454981921,44.34423149808912,-686.563112233714,1191.0906189840105,-0.2792061784536279,-0.28013969209636697,1.7569182167754478,1.8008875471866492,,,,,
deltaRIC1,FGO-B,24,-32.67594079148956,-243.8804558253842,898.6042355961278,931.6839410827619,1.015386851633404,0.5318491404004999,0.6903251168702551,1.3380667896621148,,,,,
deltaRIC1,FGO-B,25,-1135.4107322594898,810.1148069698759,566.1874115039037,1505.3277770463683,-0.4970541995740165,-0.1791184294389305,-0.7897238264133256,0.9501631497188995,,,,,
deltaRIC1,FGO-B,26,743.1106090537102,1560.020711011237,-559.0431629843806,1816.1517706821098,0.6551166664639471,-1.350728117408462,1.758081058961876,2.3118160185700662,,,,,
deltaRIC1,FGO-B,27,-1063.0916512668105,882.3636789890041,-1886.8538343530686,2338.5779681689214,-0.5832866835604034,-1.2954445986413814,-0.026631840061048396,1.420953665069013,,,,,
deltaRIC1,FGO-B,28,373.49610592395993,1347.3062143197117,-40.687693227747765,1398.709714224174,0.911444612836986,-0.6913346597810729,1.562298854741809,1.9363503313222385,,,,,
deltaRIC1,FGO-B,29,-1559.3195050390673,1222.3505502941812,519.9964589847143,2048.417560937323,-0.2772450034925978,0.2289878912336421,-0.5249864085070338,0.6363261549004213,,,,,
deltaRIC1,FGO-B,30,-322.4529178955571,-2392.3150332052624,-392.41021876829984,2445.6354761396965,-2.8287221507208904,-1.9468835109463072,-0.7218940830005133,3.509010612444025,,,,,
deltaRIC1,FGO-B,31,-954.4080067441171,300.30694478416956,641.859631536305,1188.7231347201089,-0.1641034285038943,-1.3338545118892189,0.6880268318913169,1.5097942626518228,,,,,
deltaRIC1,FGO-B,32,316.70683808867847,1580.4973714159996,713.187640967742,1762.6434051089702,0.07403663358355762,0.36867462560160646,0.06600189345055665,0.38178351537740507,,,,,
deltaRIC1,FGO-B,33,-163.37349666984477,-471.6171861384338,211.06801554226553,541.9071662750142,0.6256864262672479,-0.21020924780249753,1.4305449913197004,1.5754778335688044,,,,,
deltaRIC1,FGO-B,34,-1306.2170055125043,812.1478730899574,1695.2877026862247,2289.058196755542,0.02291395917597019,0.3731245860950278,0.18831600694526685,0.4185808461283359,,,,,
deltaRIC1,FGO-B,35,-255.37348050302293,-697.084352851819,321.0266530858424,808.8265089168164,0.5509783245596489,-1.3858085259105353,-0.4661070275500753,1.5624654062578331,,,,,
deltaRIC1,FGO-B,36,-2660.0717603440594,335.35896161726106,-1278.7524029001243,2970.4637872291582,1.089130537185866,0.07334126045627648,-0.48654152524428557,1.1951179537196837,,,,,
deltaRIC1,FGO-B,37,-607.0719892475477,963.9309515521527,1732.8916796623312,2073.791902031674,0.7487942238473503,-1.1009021376586994,-0.8538878390382084,1.5817088063313016,,,,,
deltaRIC1,FGO-B,38,-1103.4843921187594,-212.07394164503367,-1021.8417650174069,1518.8198553839288,1.3211686794941078,-1.4061442613304527,2.649000342787613,3.27718342169578,,,,,
deltaRIC1,FGO-B,39,2135.678944560073,-439.6139107267842,-934.1241062100449,2372.1241094311317,1.6076059930106907,1.0390614526712825,-2.270246626357835,2.9695227690119466,,,,,
deltaRIC1,FGO-B,40,-781.6226162240044,302.9051778451722,-482.227803768795,967.0724459346095,-0.8966811168472875,0.6970167071383236,-0.5640127298587979,1.2680613844697046,,,,,
deltaRIC1,FGO-B,41,189.92705566479117,-925.343712112543,-3635.246673966503,3755.975459531683,0.16343781380419506,-1.142597568584946,-1.8226389166149253,2.1573719528807622,,,,,
deltaRIC1,FGO-B,42,-149.58531531737617,1038.727899914912,-1238.1611443354589,1623.0756100571334,0.9963884256430094,1.8575908766496656,-0.060280749027981445,2.108807134014584,,,,,
deltaRIC1,FGO-B,43,547.4111440875803,493.54441359409634,-1025.1125419490427,1262.5770362724177,-0.6973072901636906,-0.08415035574279522,0.6579767907428864,0.9624199688511126,,,,,
deltaRIC1,FGO-B,44,-518.8814781289761,783.2115324223597,-1215.1204263993138,1535.9609186165976,-0.4169859407828422,1.1355502459847022,1.25024874682128,1.7396762816382392,,,,,
deltaRIC1,FGO-B,45,1272.3689317351934,247.0322468065699,-948.5604942289772,1606.14900946929,0.2607328148628533,-0.7550473259396557,0.8032568037254886,1.132828123717901,,,,,
deltaRIC1,FGO-B,46,-1035.826731765197,1536.8193000334056,935.1246173345413,2075.8633454877536,-0.7630893832363426,-0.14001713472661279,1.554860174808387,1.737670960806516,,,,,
deltaRIC1,FGO-B,47,-501.69399543367723,846.3708288598657,-885.485488857208,1323.6785848444597,-0.3768777133557882,1.4959745558211637,0.4827766130227577,1.6164930994502702,,,,,
deltaRIC1,FGO-B,48,177.2612753881342,-136.23968123754835,-735.7589164641187,768.9759382792096,-0.16602622931850122,-0.9349001374013437,0.4821509428741785,1.0649284048466499,,,,,
deltaRIC1,FGO-B,49,-1368.0967363592772,66.58163998031728,318.1035285266312,1406.1691397838554,0.899211514915243,0.4622614528047089,-0.5287509028048991,1.1409840123868005,,,,,
deltaRIC1,FGO-B,50,627.3140385295537,-506.21170246891177,-1081.3664073652933,1348.7499759521236,1.5810150412921338,0.0943440012330013,-0.2641310750333066,1.6057006496102784,,,,,
deltaRIC1,FGO-B,51,-580.0227842883056,-1131.9021306373907,644.2437067877454,1425.720455548926,-0.41668037370857125,0.27204072194791634,0.4405224412923324,0.6645966517475201,,,,,
deltaRIC1,FGO-B,52,-27.89486176277868,-829.8221314527466,1296.7411455557055,1539.7793646294483,-0.12913967218154898,-0.3041098138543542,0.5205947943898493,0.6165863879129164,,,,,
deltaRIC1,FGO-B,53,273.6715287380518,703.4407366983983,23.219803306353928,755.1583509133652,0.1342042105280051,-0.061605615239511496,-0.780764864792679,0.7946066926770843,,,,,
deltaRIC1,FGO-B,54,2088.525122842243,-812.2789335513572,658.9641223003717,2335.8013548060194,-0.9913149689516388,-0.45695977621088685,0.5158392721433924,1.207314275335017,,,,,
deltaRIC1,FGO-B,55,1208.99203199087,-1645.6501848634718,602.4658767879407,2129.035320762071,0.37478803499683244,-0.7811426616541801,0.01126041295329966,0.8664737306651844,,,,,
deltaRIC1,FGO-B,56,-278.46381914577825,567.8540452295919,993.6511350385003,1177.8552090219596,0.7890048791454889,-0.0499703553154511,-0.8906872668656254,1.1909448110984395,,,,,
deltaRIC1,FGO-B,57,-2.8663354648210033,-448.5337997308533,549.0743347926177,708.9946477287044,-1.9553325693867483,-2.047379744355586,0.7694615254007833,2.933796229047653,,,,,
deltaRIC1,FGO-B,58,195.13540195955625,-210.9225718343246,-269.01489932803105,393.6180540417247,-0.5911821974636295,-0.5812475901963049,-1.275778310690527,1.5214977652745048,,,,,
deltaRIC1,FGO-B,59,516.6480439555511,-24.494515866546237,432.5694352482281,674.2710871315813,-1.2868400030084155,0.5726015888600335,-0.2480388677923833,1.4301584013120578,,,,,
deltaRIC1,FGO-B,60,-1676.4253009816523,-109.41779210091664,1075.2771462604305,1994.641567868683,0.2596292473589214,-1.2888732227043023,-0.7872925543575972,1.532459166319039,,,,,
deltaRIC1,FGO-B,61,920.6199587716645,-235.49725760434063,-53.86023182910806,951.7883122840876,-2.319354558193065,0.3257521976860997,0.400700232802777,2.376148298712955,,,,,
deltaRIC1,FGO-B,62,-416.4631765908131,339.2761010993339,959.5784578835833,1099.70026237494,1.0118467649180318,-0.3356057239682466,0.8350422787353716,1.3541642016058835,,,,,
deltaRIC1,FGO-B,63,-605.99519012977,317.53822198446346,261.1300857563398,732.2906626255614,-1.141499537609752,-0.5736417577118413,-0.11930142301347145,1.2830895877089206,,,,,
deltaRIC1,FGO-B,64,102.77041800904007,-379.8151873094143,860.0365986226395,945.7717939857572,-0.4208494055751669,0.9229128239943631,-1.0145321283323123,1.4346280850048605,,,,,
deltaRIC1,FGO-B,65,617.9683108988283,-249.37688664943178,-528.9812906850904,850.8201165728151,0.23009371976981544,-0.09136017646305443,-0.022108791743862426,0.24855301324515114,,,,,
deltaRIC1,FGO-B,66,-213.25972243447518,510.8617541601297,-1622.5805991301943,1714.417464257202,-0.5659592150076278,0.020019261394899172,2.6276904065755415,2.6880229680357983,,,,,
deltaRIC1,FGO-B,67,494.28496630037773,1247.3192774874983,744.727093940085,1534.5166836339529,-1.092237329880666,-0.43820098791728246,1.2468132085202999,1.7145103287928054,,,,,
deltaRIC1,FGO-B,68,-1430.7952849544968,-617.821620269447,106.47788132365666,1562.11915074733,1.515706379636734,-0.18320289298892126,-2.6004884236962686,3.0155379571561207,,,,,
deltaRIC1,FGO-B,69,-996.9531522260445,122.91044914359485,1347.4537971172722,1680.670789181475,-0.5899789137935649,-1.2585006423422138,0.05991332327799579,1.3912183839365453,,,,,
deltaRIC1,FGO-B,70,-1175.2188141478005,672.8726421960928,-113.17908968164713,1358.9357453846299,-1.0638162897535137,-0.35650004796850954,-0.0398929383410673,1.1226704009084616,,,,,
deltaRIC1,FGO-B,71,-269.0942632377182,-10.002930261274296,-81.91409686443319,281.46349743151075,-0.01999566310099996,-0.29356814567511935,0.701544499389507,0.7607540780841408,,,,,
deltaRIC1,FGO-B,72,-370.4964591875436,1311.5982454878024,1206.128276900108,1819.97335260031,1.8729356954123781,0.3408292794107708,0.019660848819483018,1.9037960147636133,,,,,
deltaRIC1,FGO-B,73,-291.6109915345495,-822.2796598306188,-253.89253985605941,908.648574064518,1.7025918784537017,-0.6762628663205691,-0.4962190677752147,1.8979947134184332,,,,,
deltaRIC1,FGO-B,74,190.65603050297608,125.31109980855162,1470.0613611895462,1487.6602432561147,-0.712123595635985,-0.10325937732850805,0.22902450868327304,0.7551388879175869,,,,,
deltaRIC1,FGO-B,75,-1864.345941305499,1903.2007884207267,1537.9334193282962,3076.2311733994225,-0.2671972365603387,-0.037618583175884866,0.6877245528937391,0.7387655796519867,,,,,
deltaRIC1,FGO-B,76,1540.9900952608673,-2.2599971339415466,82.35314697864885,1543.1907277120445,0.1538632181862419,-3.2114961322038824,-1.5324675539857913,3.561718419680354,,,,,
deltaRIC1,FGO-B,77,-412.8047021080026,-489.82453645743817,-208.7799324804821,673.7394591418671,0.12504683429288005,-0.3594714740000755,-0.7404721613485878,0.8325595913318801,,,,,
deltaRIC1,FGO-B,78,-147.21095088570803,-2423.2929073726227,1387.1108448489867,2796.08584898261,0.3556646342794781,-1.4212314262154402,-0.6020128881468855,1.583924119531767,,,,,
deltaRIC1,FGO-B,79,-1363.4349494800003,1030.9921446034077,141.64556539316467,1715.2151847196942,-1.4558619237151806,-0.14031388138633993,0.09678141049389662,1.4658064564090836,,,,,
deltaRIC1,FGO-B,80,874.6500643154832,221.23509830481012,174.9892775234902,919.009766529829,-0.5507871385013438,0.014479412852163805,0.017689814260665928,0.5512613308256064,,,,,
deltaRIC1,FGO-B,81,687.4173192794883,624.9538264636282,125.6361165263466,937.4936212224328,-0.8349300835776899,-2.383757660031593,0.2618333439129553,2.539284451613679,,,,,
deltaRIC1,FGO-B,82,669.4244696971592,935.1757133574877,2277.139900425552,2551.0877800642415,1.1704263553068313,1.5039814301665495,-0.06239669562600208,1.9067646270863368,,,,,
deltaRIC1,FGO-B,83,-654.0040120907358,1842.8361153162782,-951.3781333434446,2174.6003192193334,-0.25057480045692176,-1.83839437361363,-1.83857779646671,2.6120585593012,,,,,
deltaRIC1,FGO-B,84,-760.5973094433344,-1373.2684555957078,2213.256464930632,2713.4624924299023,0.48437569518683554,-0.6113690079193022,-0.5913392793200173,0.9788125567230324,,,,,
deltaRIC1,FGO-B,85,1060.1794906297077,-583.0110870486506,590.49853065235,1346.3175682862125,0.2646945017524916,0.5146149999725633,0.6165482459482008,0.8455906320652826,,,,,
deltaRIC1,FGO-B,86,2690.2150219387413,-333.9251871640724,-542.1369260037552,2764.5389021361634,-0.16045083914593403,-0.8331185432545771,-1.5558504715341497,1.7721460630180288,,,,,
deltaRIC1,FGO-B,87,33.89948664599451,1008.5546653212576,182.3128675976269,1025.4607110113025,-0.7169696291713447,0.1737865223499981,0.277285081948266,0.7881206894731659,,,,,
deltaRIC1,FGO-B,88,-750.3400335635063,-996.305250372263,-40.5412018670869,1247.9094145554993,0.1905840323472764,1.06108788711859,-1.0098489517163307,1.4771677910305632,,,,,
deltaRIC1,FGO-B,89,-610.6834606769618,243.61303852718504,1072.8027102546516,1258.2476929502252,0.16975221297630094,-0.39965897761938274,1.326652809534554,1.3959050072437047,,,,,
deltaRIC1,FGO-B,90,309.4885325101981,279.7221791333138,1140.140875877518,1214.0629580467232,0.028523800791584397,0.7238053558953874,0.18929548804435142,0.7486925819242473,,,,,
deltaRIC1,FGO-B,91,64.29880818817169,320.0751067226199,-736.150892480286,805.29531674873,0.22885585667172492,-0.15249832791002543,-0.5562064140583013,0.620480715403708,,,,,
deltaRIC1,FGO-B,92,-34.988986904943104,-684.4711167866346,91.06595321247677,691.388419598039,0.1901125402189553,-0.2586358674550842,0.29391390035993936,0.4352248507467607,,,,,
deltaRIC1,FGO-B,93,696.6331580490992,499.70079704216135,-825.7615225307874,1190.3279949452574,-0.4668964545592211,-0.8267985093361284,1.0413886104505423,1.409282907118555,,,,,
deltaRIC1,FGO-B,94,324.2904551672982,-660.8552496803136,35.57968464734254,736.9938088629018,-0.29108376059478175,-0.31932405455561796,-1.1433772750745088,1.222296690929272,,,,,
deltaRIC1,FGO-B,95,1041.0694673085923,644.8953881455748,-133.59214160799056,1231.8938906062635,0.4773560064832158,0.15442355466848318,-0.4626688231499225,0.6824791799586184,,,,,
deltaRIC1,FGO-B,96,-94.85919925423907,417.7546769260256,363.531672259855,561.8474121260772,0.9771691852126387,-0.6216699211686277,1.1351280116225329,1.6216808287036835,,,,,
deltaRIC1,FGO-B,97,3245.6104606929384,-112.34335786477922,1619.387422224207,3628.9149777686616,1.181506684646822,1.5123638734437,-0.8995836007067949,2.1195407960743196,,,,,
deltaRIC1,FGO-B,98,641.9220711867242,1818.9003815240808,321.2119948730322,1955.4129203407176,0.9414621797248403,0.842160212262261,0.01977826227236554,1.2633194523272324,,,,,
deltaRIC1,FGO-B,99,-1406.882161889093,1532.806380841841,-1085.8559944176927,2346.8907216153093,0.22006234498591545,-0.7263891847575988,-0.5125004266275144,0.9158195077125696,,,,,
deltaRIC1,FGO-B,100,343.63040184654113,1552.4609646091453,730.2660040986119,1749.7157873353397,-0.5364723132357764,0.8269815303062944,1.0149593465546,1.4148651771440366,,,,,
deltaRIC1,FGO-B,101,128.9897599948056,-1462.5132671111087,-369.5325031353578,1513.9807414670142,-2.136065098812633,0.153870795341099,-0.8010706108633369,2.2865179753531977,,,,,
deltaRIC1,FGO-B,102,352.3231333055972,-1225.1891259897914,-2183.3647462580425,2528.3001403924236,-0.7821405533491244,1.6337520694438987,0.4133064113398201,1.8578783219737767,,,,,
deltaRIC1,FGO-B,103,-133.31736986258576,1497.9666554252067,1632.1497989600553,2219.3671593763406,-0.9604596879501548,-1.7926411115885146,-1.0088801555198086,2.2702167595488074,,,,,
deltaRIC1,FGO-B,104,968.8769037499255,-1444.6195423625911,1697.6087474045432,2430.5397622874566,-1.1981981285668692,-0.877335908861043,-0.026295204996264553,1.4852907089468967,,,,,
deltaRIC1,FGO-B,105,715.4823301317855,628.2802411273173,-808.5570852507707,1249.1659562408156,0.9079270980837958,0.14599359312070043,0.3064584345486129,0.9693103304789141,,,,,
deltaRIC1,FGO-B,106,1114.4829862653103,-83.97882880315876,419.2683122172973,1193.6962293613626,1.0478085749128856,1.0118264059041409,-0.08414364781334907,1.4590324324062163,,,,,
deltaRIC1,FGO-B,107,-338.21665352745885,187.73602075265813,-1079.9387788682761,1147.128190009669,1.6745415165969892,-1.1360747665997306,0.32058142374559284,2.0487868643083225,,,,,
deltaRIC1,FGO-B,108,-2015.949819005471,-642.0709145470042,-79.26816804831077,2117.2133039732093,-1.1730980457749627,0.7638038640850826,-1.6828395740020403,2.188950524708064,,,,,
deltaRIC1,FGO-B,109,610.7386334990999,1136.802587057224,199.0891115316767,1305.7405081863767,-1.54046518548892,0.6775360875068541,-0.7466947443416838,1.8410978189126728,,,,,
deltaRIC1,FGO-B,110,-512.8583545303158,131.73263115930652,283.33061330751286,600.5442651136619,-0.9994704974906152,-1.326548742374476,-0.6287870215188482,1.7759633891721942,,,,,
deltaRIC1,FGO-B,111,-380.98724529674655,-1033.8549068190669,1536.3679956196834,1890.6173244200181,0.00539502119213398,0.8490109017864093,0.9397412792131526,1.2664763280310485,,,,,
deltaRIC1,FGO-B,112,1462.369780878842,-416.77352310383617,-23.63413737799269,1520.7840471406905,0.722227629164846,-0.6600049778004071,-0.7201129601069649,1.2148176794747454,,,,,
deltaRIC1,FGO-B,113,33.749382332075875,-48.62205258658983,-426.2208711616656,430.3107665621892,-0.8856154990246623,-1.054438448770512,0.4468253143798306,1.4476906147132749,,,,,
deltaRIC1,FGO-B,114,-276.6505774552463,-189.0267618574188,-111.60108369427513,353.1592566907445,-0.4086726227663953,-0.03053554182525908,-0.8078901999252658,0.9058875796966269,,,,,
deltaRIC1,FGO-B,115,1454.6461010424277,-830.1117982402588,472.87201500714104,1740.3128510220588,1.3832912735266454,1.0889439576553699,0.5419161682677816,1.8420007664925504,,,,,
deltaRIC1,FGO-B,116,645.8715923506559,2175.605382331845,-322.21439910801473,2292.210944138738,-0.2884083142357912,1.6325812397950457,0.20388402956760238,1.670350130291186,,,,,
deltaRIC1,FGO-B,117,1475.7937191507667,1869.6933425652196,445.2776292132763,2423.219441939865,0.18293425899308927,-0.6924176930359662,1.22938687585943,1.42277872323071,,,,,
deltaRIC1,FGO-B,118,-1250.4202002800032,-1204.612451771995,681.1446264411389,1865.1004901511496,-0.280110884707347,0.9797920890370899,-2.8704308940844507,3.0459527513055185,,,,,
deltaRIC1,FGO-B,119,1252.09092422544,-760.2652155812546,-333.23199060129156,1502.257780845427,0.31857326075195375,0.2272916925910009,2.234732721240962,2.2687399082689157,,,,,
deltaRIC1,FGO-B,120,-444.1832980335017,388.9949906080127,1756.3506879721665,1852.939190613213,1.073899469816708,1.0557293288361311,-0.527204280204276,1.5955465646928337,,,,,
deltaRIC1,FGO-B,121,-1061.873713718752,12.881267201339183,527.7420618167297,1185.8555539112422,1.8740491319562418,0.07061405697337943,1.0863593532593145,2.1673078088822963,,,,,
deltaRIC1,FGO-B,122,-344.40460265806286,1545.4856065234849,1000.2345160176334,1872.8612808578087,0.2324300918919532,-0.22235155801829173,-0.5079774130319141,0.6012528711953561,,,,,
deltaRIC1,FGO-B,123,128.54804955201575,226.8120456617409,-46.36137760931833,264.79743660905206,0.40903992085442603,0.14991490374093897,0.2425133097130501,0.49859887745985537,,,,,
deltaRIC1,FGO-B,124,388.539281055861,821.9817658648757,-590.5533312798775,1084.1448396886394,-0.30014227606603316,-1.0585827000852464,0.2052133757938922,1.1192833637674575,,,,,
deltaRIC1,FGO-B,125,-1162.1411645740404,350.52810096458774,-1449.896272390178,1890.9366030235599,-0.7112259222190309,-0.29374937622254343,0.08813909386397369,0.7745317994340883,,,,,
deltaRIC1,FGO-B,126,1547.2714753755095,762.8471982743882,-510.052564122604,1798.9270370400886,1.5401296934377682,1.150007474425652,-0.5576476284857429,2.0013714151549564,,,,,
deltaRIC1,FGO-B,127,-86.25803757820934,-715.7805469817494,-251.1163447166147,763.4406716098964,-1.10962955561972,-0.2603285739927645,1.0145631476641386,1.5259053370835585,,,,,
deltaRIC1,FGO-B,128,519.213913728414,-839.7641958946606,881.9519122056194,1323.867881761217,0.3368516004623475,2.0027387051087335,0.6236202146065893,2.1244607536362303,,,,,
deltaRIC1,FGO-B,129,685.8799776676174,-564.7347161549197,-449.2947426077915,995.6015313020117,-1.19436858167616,-0.8491455727715629,0.48262288770909906,1.5428834578131096,,,,,
deltaRIC1,FGO-B,130,1077.6663144384183,-1235.191133364718,-488.1631820437176,1710.3698762317897,1.2063008153797907,-0.9148629303597202,2.172219392372944,2.6477675364603677,,,,,
deltaRIC1,FGO-B,131,1481.0145200977804,-852.8627281526582,597.6857663034343,1810.5267512672044,0.4621404956122197,0.27397995367960426,-0.18868360763868164,0.5694210713474995,,,,,
deltaRIC1,FGO-B,132,-357.54608116753377,487.4728411424653,157.82655868636505,624.8025237117313,-0.3692914519111992,1.7091874909523017,1.183241606886454,2.1113405116062505,,,,,
deltaRIC1,FGO-B,133,2196.0383274951287,-648.3236962994829,2491.3523937788423,3383.747139045498,-0.0029067783961533224,-0.560094896400287,-0.8529420946972319,1.0204043116533732,,,,,
deltaRIC1,FGO-B,134,115.98874228516469,641.1614725399072,465.33109108183817,800.6712474754232,-0.5592804620317112,-0.956758797069083,1.5008106904614482,1.8656405762050878,,,,,
deltaRIC1,FGO-B,135,-1263.2264415602542,1221.4577237064125,1017.5660218033706,2030.551802389629,-1.1136445568410045,-0.001800019234019449,1.3027838017101738,1.7138999600470424,,,,,
deltaRIC1,FGO-B,136,1627.0595405815473,509.5637852465729,-368.866985539686,1744.431383819205,-0.10754985607035442,1.8854948401148335,0.9052729316516269,2.094320138952387,,,,,
deltaRIC1,FGO-B,137,-598.2590230373739,1837.5576829219503,221.95649195478717,1945.1983911755622,0.6689437959118598,1.3775485621687618,-1.2059857490030428,1.9492376638113222,,,,,
deltaRIC1,FGO-B,138,-172.33171885569746,1421.8258181903166,1304.960823111216,1937.5782896315247,-1.9830762171909098,2.517494961376491,0.9638067960571747,3.3465348801215598,,,,,
deltaRIC1,FGO-B,139,1.3423838826943892,1431.304331297312,-489.25189007224617,1512.6140627153377,-0.9655896206662113,0.9763957693043389,-0.5093237367906628,1.4646237341761652,,,,,
deltaRIC1,FGO-B,140,1351.2430722008103,-185.23650881493236,-928.2648338381568,1649.8018081300584,-1.213857433227155,-0.39486468828905835,0.1764545551728105,1.2886055254808069,,,,,
deltaRIC1,FGO-B,141,228.53509515612947,-575.0069082182071,453.2985414571593,767.0337684247486,-0.0939448222726058,0.907853737503869,-1.0144373677338414,1.3645904921940284,,,,,
deltaRIC1,FGO-B,142,-1594.0377470880558,-1016.1089408465094,164.36699423793573,1897.485237783049,-0.8292395542793354,-0.18131926281309124,-0.9122359832529102,1.2460695817609373,,,,,
deltaRIC1,FGO-B,143,1072.144224612476,-235.1774663677872,-632.6546769300518,1266.9071076043922,-1.3897145539211917,0.47019467346655214,-0.18684188719621492,1.4789521503915322,,,,,
deltaRIC1,FGO-B,144,908.3820945689197,313.2302659616615,-142.70639146617248,971.4094622830927,0.46080847310884493,0.44992154801966405,-0.6897275711490284,0.9436620002227778,,,,,
deltaRIC1,FGO-B,145,555.285302673468,541.6601692417511,1079.1500428534282,1329.0230702657962,0.95319178017191,0.17397738677207544,-1.3095182328454362,1.6290121862803755,,,,,
deltaRIC1,FGO-B,146,-576.6406457561098,-868.3530550549646,-4.272451751107348,1042.3865484575667,0.4244161164761666,0.9522489849689838,-0.7093717420632505,1.260997794501252,,,,,
deltaRIC1,FGO-B,147,998.2338927500472,788.1684795589066,-160.735740531392,1281.9970495634093,1.1434391562605362,2.79291141560317,1.0109406133273247,3.1827359618967663,,,,,
deltaRIC1,FGO-B,148,188.86976751341345,6.628695679605062,992.1067890811871,1009.9463399745388,-0.9988364846446717,0.884534940532523,-0.527984938670986,1.4348674083494977,,,,,
deltaRIC1,FGO-B,149,313.46345715486154,-230.28550646990354,2.4044454777977253,388.96855248160284,0.09017330444583281,1.1424527854244038,-0.020962802835812144,1.1461976404012497,,,,,
deltaRIC1,FGO-B,150,-415.23935946436364,-562.8117421254641,-397.73193457759834,804.5939811516824,0.08747429726784728,0.3337426186234346,0.30961406219111515,0.46356958018685257,,,,,
deltaRIC1,FGO-B,151,815.0949727693725,-1406.6316357623964,-1413.6322243372144,2154.378898672673,-1.0344282883292482,-0.5711167190668037,-0.980023646210962,1.5351425137836674,,,,,
deltaRIC1,FGO-B,152,-1996.3041395003345,420.6059320184941,-789.4468465393559,2187.5479174057537,1.839458902676841,-0.1985688730593946,-0.2392923494774262,1.8655560780913536,,,,,
deltaRIC1,FGO-B,153,672.3309785944541,-568.6321704290317,-859.2842505602255,1230.3417871816987,-0.4201847520766845,-0.9041680857126025,-1.0176954986530877,1.4247032256149679,,,,,
deltaRIC1,FGO-B,154,-24.107304338547767,-460.8190501472281,1190.63780561466,1276.9313776628555,0.1988008474988593,-0.9796739474353915,-0.8084509823707631,1.2856421785030852,,,,,
deltaRIC1,FGO-B,155,-193.21388523746378,144.21894260093933,-361.14482113558756,434.2306883288471,-0.45148952866506664,-2.0446898613799163,-0.45237714799712203,2.1422522045160868,,,,,
deltaRIC1,FGO-B,156,170.36140058034889,918.7286966348647,-546.7009334815399,1082.5744018300463,-0.27161736008954823,-0.4096751711784373,0.8706578214202737,0.9998273741913624,,,,,
deltaRIC1,FGO-B,157,1277.334666396347,-519.682052231713,-529.605392707498,1477.2051845882802,1.3390462213962198,0.3655987157669639,-0.4025406147695339,1.4452495115186796,,,,,
deltaRIC1,FGO-B,158,-1102.524007024978,1079.9335134791363,-737.1030740117309,1710.303049555648,3.010459783885753,0.4155033909110017,1.0583248055226036,3.218005993194614,,,,,
deltaRIC1,FGO-B,159,1145.804139886096,62.589302410057876,-2805.4759757270704,3031.0856137922024,-1.4263310052351257,3.0827836940403417,-1.1042007347980667,3.5717271317199817,,,,,
deltaRIC1,FGO-B,160,-1552.0847908289143,1457.8428172554457,-853.5506332016521,2294.0840353362537,-0.11022310177417044,-1.0881178171033443,-0.45955655062000245,1.1863143509543417,,,,,
deltaRIC1,FGO-B,161,-691.5210023940597,2283.1913121095827,-823.3402032235324,2523.6982693438076,-0.6420151403453145,-0.5068588581487837,-0.7723522844050459,1.1249966194358967,,,,,
deltaRIC1,FGO-B,162,-527.6478787030298,829.3650345088502,342.0364698231327,1040.7918096597148,-0.18816685217218054,-0.7657942219332254,-0.7916661103818419,1.1174000111552784,,,,,
deltaRIC1,FGO-B,163,1291.3267789788915,-1116.8389464888003,334.47739678588374,1739.749755413943,-0.3480395229175667,-0.620821223127754,-0.8057168100442025,1.0750488726501384,,,,,
deltaRIC1,FGO-B,164,1134.9102188969437,-145.4327848928343,-151.69283825213572,1154.2021560607927,-0.21352137138410385,-0.41205089006057477,-0.6536150816514301,0.8016171074769213,,,,,
deltaRIC1,FGO-B,165,-2067.535933077259,810.8314852408778,-879.7405246882847,2388.7435866585593,-0.4836436592660983,0.6685568149668619,-1.3172958167896305,1.5543962406408465,,,,,
deltaRIC1,FGO-B,166,1016.8047344585817,-1295.079075888188,522.383628254451,1727.4276644447589,0.28203799777862804,-0.22696768538518464,-0.20466465182915758,0.4158694291582826,,,,,
deltaRIC1,FGO-B,167,337.76653089024654,770.2744966440927,-673.482172920704,1077.4911910600176,1.5878773760770433,-0.6495504000333855,-0.8001948304004715,1.8930351423680667,,,,,
deltaRIC1,FGO-B,168,-975.825045415631,-407.7731924958674,420.3942834241554,1138.0882432019052,0.13693101718827377,-0.25127744817106706,0.9406722785477714,0.9832368967119951,,,,,
deltaRIC1,FGO-B,169,-1535.127040202243,-416.1208474185487,-616.5133591357992,1705.8312669221823,-0.881380673337972,-1.0637592209536784,1.7605622800089162,2.2378550250826943,,,,,
deltaRIC1,FGO-B,170,152.36928972921098,178.21269558232368,1374.9850598869334,1394.8333521362242,-2.223206576907208,0.0897267888552177,0.29006781092758666,2.243844405295977,,,,,
deltaRIC1,FGO-B,171,514.9212560226644,-1153.0751634841295,-483.34245820099363,1352.1635124672198,1.970326884439153,1.0711991217180108,0.25920094074226935,2.257618372886528,,,,,
deltaRIC1,FGO-B,172,-567.9755701093026,356.69505144046144,1016.4326788790254,1217.7696821058948,0.27543629606612163,-0.6067797480758716,0.3624272344215764,0.7585514591088166,,,,,
deltaRIC1,FGO-B,173,1331.9577698188864,1074.497136579495,-356.5680919271449,1748.0836368088915,-0.42066115880704785,-1.5651306026859004,0.6652862205040994,1.7519119182154814,,,,,
deltaRIC1,FGO-B,174,859.8301092402224,-2583.160313684232,-1074.326146349873,2926.807423060192,-2.8819502119321476,1.412863573535178,0.6305150999301792,3.270989115346963,,,,,
deltaRIC1,FGO-B,175,-467.75383943247914,238.34357705985272,-210.70363276821223,565.6830701826184,1.308223469747221,0.48656274179652603,0.2567126463492099,1.4191875602955466,,,,,
deltaRIC1,FGO-B,176,-92.50892143184898,-738.9829520904887,414.762087686398,852.4560360551369,0.271104615620222,0.3525202635807219,1.5346184062555084,1.5977552696404436,,,,,
deltaRIC1,FGO-B,177,-743.6806931354766,384.9334421662022,250.8788293910527,874.1709874372456,-1.7906440391372076,-0.21119657544228493,1.5237085421338525,2.360656220153166,,,,,
deltaRIC1,FGO-B,178,-730.3804510342521,1400.9565648484768,716.4569069560621,1734.7753166822756,0.6502087593602076,-0.7704944066118334,0.568596448295666,1.1574692144430052,,,,,
deltaRIC1,FGO-B,179,303.3480109217989,27.927746490802463,-1780.5815751640378,1806.4525237514304,-2.5988557853518195,-1.010527598581724,-0.7709631055843851,2.8930263619131242,,,,,
deltaRIC1,FGO-B,180,-691.9178653088649,217.43766290773314,959.7041232018689,1202.9386824252604,0.22368702313362657,0.39800224659919714,-0.8792302678703279,0.9907005281898866,,,,,
deltaRIC1,FGO-B,181,-679.7542710541388,469.8586980323128,1206.1164126720528,1462.036205451105,-1.342071039689929,-0.7678036080545463,-0.32778675730996115,1.5805445942407843,,,,,
deltaRIC1,FGO-B,182,1231.375416425168,-368.2581090297571,-534.2245608356661,1391.867570008903,-1.4106760050831368,0.20600229319967236,0.852393467755744,1.6610293073854854,,,,,
deltaRIC1,FGO-B,183,-1086.5694694543713,42.477675020348144,-1222.667290518911,1636.261858056449,-1.2668052882048815,-0.7526436185803737,-1.4598318155647245,2.0742171980167874,,,,,
deltaRIC1,FGO-B,184,668.2041241196555,571.512164893209,-5.836307850686519,879.2934485146392,-0.44575709767399113,0.2806134475410674,0.0037483630467599408,0.5267422019291351,,,,,
deltaRIC1,FGO-B,185,-968.047550429037,-638.2203327798873,-483.61043896278363,1256.3121864166983,2.107632395232692,-0.09404944392776002,0.11722145120966909,2.112983786014724,,,,,
deltaRIC1,FGO-B,186,-550.246030343344,1069.0943414884773,-1271.6652564313733,1750.1045481130434,0.5816938706687272,0.9112692454369952,-2.064265282960789,2.3302297215703995,,,,,
deltaRIC1,FGO-B,187,1128.857745839603,100.3507302628696,1075.9404090418475,1562.7020967591677,0.19104213064829187,-0.9151652734405943,0.03489882349962034,0.9355439600980247,,,,,
deltaRIC1,FGO-B,188,1029.6251465265332,-383.58310578640214,1393.7349536181525,1774.7566205937987,0.11988002000906876,-0.3034979799630254,0.11348973344039122,0.345488295945583,,,,,
deltaRIC1,FGO-B,189,-168.7955056806049,747.0245824448056,-130.591796064214,776.9117496306028,-1.7166192130900506,-0.44426300300727906,-0.5918506530642856,1.8693416846910498,,,,,
deltaRIC1,FGO-B,190,233.6802700064735,-782.9293598938002,949.5828342857587,1252.71401778067,-0.2659852766935525,-0.9565037124681146,-0.0958726541739046,0.9974162046013593,,,,,
deltaRIC1,FGO-B,191,-947.5466050429519,-67.36624733764607,2212.2116150926618,2407.542940418647,0.7026790651797807,0.11771779867480725,-0.5351144667955184,0.8910459254946543,,,,,
deltaRIC1,FGO-B,192,-84.81021575667066,-1092.1999554942674,1741.4366280623224,2057.3514636627947,-0.18320597104397085,0.15667758158884004,-0.7989057184771471,0.8344834566449945,,,,,
deltaRIC1,FGO-B,193,-722.0301472267532,-1409.2057819707074,-453.8411848949231,1647.1673535347852,0.3245050035027806,-1.3666966856593223,-0.7804045281625837,1.606920830491403,,,,,
deltaRIC1,FGO-B,194,1545.0912120649832,896.8644183807625,226.9601832009404,1800.8841060202922,-0.6419670984901411,1.7595862470558439,-0.23261241010798142,1.8874252434753975,,,,,
deltaRIC1,FGO-B,195,-127.46322591691073,-244.96442189916286,-162.9225958030735,320.6216059169253,0.11824029122975836,-1.0163169874094722,1.5264470139839175,1.8376401910786513,,,,,
deltaRIC1,FGO-B,196,23.753120511423962,231.1742623292362,767.4500643616155,801.8636739409915,0.24823929972143843,1.2327999836329862,-0.21038613273733942,1.2750219113489205,,,,,
deltaRIC1,FGO-B,197,1555.1983230483254,-187.83265471715467,-38.54117114318185,1566.9742665607196,-0.16862034474375734,0.4067669043277882,-1.5248113809998802,1.5871174760378255,,,,,
deltaRIC1,FGO-B,198,477.22452332876105,-128.9368191159478,1238.0240733490284,1333.0684735533364,-0.6000075410897177,-0.7265479112577857,0.2550893765705574,0.976192351310302,,,,,
deltaRIC1,FGO-B,199,-370.88613180654187,-970.7016453630018,-87.98113241743361,1042.8609143784768,0.00757297421832598,0.9289900466152711,-0.38702135708814667,1.006412136001502,,,,,
deltaRIC1,FGO-B,200,-589.5313303302888,158.42875517575644,498.4007359434328,788.0673534010245,-0.6896297948990712,0.931566414939712,0.9648842931430739,1.5081137021492683,,,,,
deltaRIC1,FGO-G,1,947.2198307597481,1432.297234312146,-491.23526569239755,1786.0607104638489,-1.1077885172895925,0.021409503933857484,0.5722777172881751,1.2470587602843468,0.20092828495004567,-0.11052242918542791,-0.020729210057650934,0.23025438800515594,94.15727018896736
deltaRIC1,FGO-G,2,803.8030445231689,2071.1154659226836,1137.847078814606,2496.0598114499944,0.3133048221933214,0.28992009380962747,0.802283886424877,0.9087755536001048,0.02682114398923445,-0.19023921024640628,0.06332653104777708,0.20228835956281,17.372426807532392
deltaRIC1,FGO-G,3,820.4744110854978,-1551.4311746108842,-3125.434880400669,3584.474876523163,0.957497166220512,0.45647277466168595,0.595930315138343,1.2166762748687645,-0.148329648889348,-0.08979269682965192,0.1675418723983341,0.24111136877036451,-16.11112297825267
deltaRIC1,FGO-G,4,773.6018733769457,-559.4577618345668,490.8321197215925,1073.4845203912605,1.4364246393538327,-2.280605359512699,0.4927391778047503,2.739939497091959,0.20179958154304803,-0.047747104033461434,0.09674894157238402,0.22883010018331953,-252.81464789343215
deltaRIC1,FGO-G,5,-1540.6599158392717,361.8466922493973,283.534008333703,1607.7803142368296,0.7388732480319041,0.5813100889851551,-1.2440199666032654,1.5593077866543006,0.0038132764207404295,-0.10023023595850321,-0.07192859451734986,0.12342756574849695,-0.17114196645327134
deltaRIC1,FGO-G,6,192.40776696476556,-182.2315577703061,1366.3279924734825,1391.790671204681,-0.6242742096672644,-0.568511271987231,0.5973215774641251,1.0342709616616226,0.010756229399406937,0.036719943425470566,0.014447717633613967,0.0408997220147407,-102.94920622232627
deltaRIC1,FGO-G,7,-230.2637034216091,1702.767092776151,-1162.697336003348,2074.68123828796,-0.021531446493775978,-0.2119786262327599,1.3870886331341434,1.4033579077831815,-0.080226274699943,0.06373480749472793,-0.07246707768832819,0.12549843898354648,22.221682259558875
deltaRIC1,FGO-G,8,295.629630397118,944.310691235107,-224.39139849787298,1014.6285328481027,1.9817527705738536,0.46348552854702546,-1.767504154410565,2.69559526166453,-0.11827015646598481,0.02739630680946967,-0.013577535888265392,0.12215865510918274,-55.251717385141106
deltaRIC1,FGO-G,9,-318.1709402685232,-2086.697177445458,-511.6625112366583,2171.9429971790696,-0.6174348393975241,0.000182091942208307,-0.6960539446492049,0.9304390941491227,0.11794221451859668,-0.008077617701673277,-0.14285894350087425,0.18543001809704665,152.60554554781157
deltaRIC1,FGO-G,10,1243.648747182678,241.98814186875552,208.13608363951732,1283.9552548616848,-0.11703276929818543,0.6942764679021738,0.3977054721182973,0.8086322560503991,-0.10354617801666648,0.009216075840316699,0.10287999409482745,0.14625676128201864,-19.119679507382852
deltaRIC1,FGO-G,11,-417.02634221111344,578.5022364926981,-1109.4399714772537,1318.8756037005476,0.32690085569974897,-0.9281384829565237,-0.21294524416655067,1.0068023093016907,-0.13794462875576932,-0.004724737828340174,-0.015350661795513384,0.13887651553691072,-97.91112145594066
deltaRIC1,FGO-G,12,463.5051546089132,-796.7967447666598,-427.1089516537593,1015.9449480176332,-1.0033071211252096,-1.0842813094409058,-0.438904708493236,1.5410802965585455,-0.12601758317758366,0.008864032354763346,-0.033309577022109946,0.1306465853396,20.913449469976467
deltaRIC1,FGO-G,13,1939.3727966474924,363.4543962533148,919.4709853969148,2176.8538847426003,0.24188709923953056,-1.166268404747802,-0.38254937867894984,1.251013744056854,0.06344962026134862,0.036312673245923764,-0.03683674271900397,0.0818621412114334,116.17668149757516
deltaRIC1,FGO-G,14,127.53376044619665,-781.4704480846382,-224.88711330359456,823.12522438155,-0.5764492728024521,-1.8288118635696566,-0.4088528522284743,1.9606139985277455,-0.014987287572100676,0.073167123046231,0.07562799026128698,0.10629035513437929,21.923437706422167
deltaRIC1,FGO-G,15,1774.1690632004195,-525.7038550613,-2564.3228697081545,3162.2448020594534,-0.6738562790103171,-0.03541081125131881,1.0898047917972715,1.2817997872286455,-0.08002922716946252,0.010805079356054466,-0.32393584741283254,0.3338500564329771,-196.75307319592054
deltaRIC1,FGO-G,16,-755.1263659031424,522.89359329409,178.10213010508792,935.6034988915237,-0.1268558366888394,1.5684942398680817,0.4714330941923117,1.6427159663499693,0.03437099296889216,0.12822654205851067,0.03512119412715064,0.13732046287013322,-107.19281939313743
deltaRIC1,FGO-G,17,-772.4515168992173,522.5322681742949,170.92957864252216,948.1235352517019,-1.8456263664242931,0.41274198165275905,-1.0877620324919446,2.181723829266709,-0.05402212144229199,0.0035675681812646002,-0.048412930926555575,0.07262870664381377,140.19681346320243
deltaRIC1,FGO-G,18,1351.5227275623167,1566.5608962093336,279.8549341287663,2087.8327300830138,0.0766273145392938,0.23630887884790172,0.3526392379542836,0.43135607530303083,-0.06134315755173764,0.08424593090256073,0.1559331454701477,0.18755134152618205,37.754682250829234
deltaRIC1,FGO-G,19,1261.4237304341796,910.7177735460878,562.5412320368988,1654.4030127199408,-0.7600003832302542,-1.266384980594008,0.31359912447348093,1.5098595671302524,0.05621944231336824,-0.09676403434730457,0.003784855633190346,0.11197423439951072,69.34893762407486
deltaRIC1,FGO-G,20,-707.4443359121419,-1445.4945306844763,1295.809933516418,2066.1692356757057,-0.21207477132926097,0.5339976739658058,-0.7873895896647077,0.9747366774404286,-0.04009306616945678,0.0866912345945647,-0.08607844163161467,0.12857807831868379,-254.78704478395315
deltaRIC1,FGO-G,21,243.04503328829992,223.62062042496635,58.52073453077453,335.41280007682934,0.583135047547052,-0.7634474629272242,0.6767509213852779,1.1751128975224212,0.14188973793202078,0.10442108732163545,0.11834107654453206,0.2122288189798194,-80.16162000432139
deltaRIC1,FGO-G,22,-830.0320362850443,7.997979789269097,-337.99208994519466,896.24539151157,0.12817591507795573,1.0913164986408677,-0.2632607471694037,1.1299145925299074,0.14855853065482488,0.04467641426604764,-0.009566954621524683,0.15542569170739554,-16.051419465091477
deltaRIC1,FGO-G,23,-972.2970454981921,44.34423149808912,-686.563112233714,1191.0906189840105,-0.2792061784536279,-0.28013969209636697,1.7569182167754478,1.8008875471866492,0.04298020886486405,0.037267016970793196,0.09413968107224405,0.10999276549097467,104.57922100698977
deltaRIC1,FGO-G,24,-32.67594079148956,-243.8804558253842,898.6042355961278,931.6839410827619,1.015386851633404,0.5318491404004999,0.6903251168702551,1.3380667896621148,0.01635361297117587,0.010985123463976006,-0.08550748345135749,0.08774761148267218,105.53456511055803
deltaRIC1,FGO-G,25,-1135.4107322594898,810.1148069698759,566.1874115039037,1505.3277770463683,-0.4970541995740165,-0.1791184294389305,-0.7897238264133256,0.9501631497188995,0.06488373577890566,-0.07714832664925118,0.034463423795696384,0.10653399013051268,-140.29766429987546
deltaRIC1,FGO-G,26,743.1106090537102,1560.020711011237,-559.0431629843806,1816.1517706821098,0.6551166664639471,-1.350728117408462,1.758081058961876,2.3118160185700662,0.14112811194314473,-0.16553155999343797,0.08107243991298398,0.23214345101239092,-59.842945679105306
deltaRIC1,FGO-G,27,-1063.0916512668105,882.3636789890041,-1886.8538343530686,2338.5779681689214,-0.5832866835604034,-1.2954445986413814,-0.026631840061048396,1.420953665069013,0.09645471670900796,0.060497437230467896,0.14312133384738823,0.18288567054070948,63.09881021280346
deltaRIC1,FGO-G,28,373.49610592395993,1347.3062143197117,-40.687693227747765,1398.709714224174,0.911444612836986,-0.6913346597810729,1.562298854741809,1.9363503313222385,0.07354897295698763,0.01297274122924933,0.02923822589633146,0.08020359899402066,-252.56854486538407
deltaRIC1,FGO-G,29,-1559.3195050390673,1222.3505502941812,519.9964589847143,2048.417560937323,-0.2772450034925978,0.2289878912336421,-0.5249864085070338,0.6363261549004213,0.12125103482568159,-0.06678755320572381,0.09190151415714415,0.16615739229381823,-4.9902928885250635
deltaRIC1,FGO-G,30,-322.4529178955571,-2392.3150332052624,-392.41021876829984,2445.6354761396965,-2.8287221507208904,-1.9468835109463072,-0.7218940830005133,3.509010612444025,0.11753862677547741,-0.026726609562076724,0.09125557871828961,0.15118604793484952,-202.49968783233246
deltaRIC1,FGO-G,31,-954.4080067441171,300.30694478416956,641.859631536305,1188.7231347201089,-0.1641034285038943,-1.3338545118892189,0.6880268318913169,1.5097942626518228,0.0546106407838523,0.012757792227975502,0.14666429336790995,0.15702069385422898,188.78557194772162
deltaRIC1,FGO-G,32,316.70683808867847,1580.4973714159996,713.187640967742,1762.6434051089702,0.07403663358355762,0.36867462560160646,0.06600189345055665,0.38178351537740507,-0.13520032011868338,-0.03598772161016563,-0.027366408835562798,0.14255933150600986,57.330530109105865
deltaRIC1,FGO-G,33,-163.37349666984477,-471.6171861384338,211.06801554226553,541.9071662750142,0.6256864262672479,-0.21020924780249753,1.4305449913197004,1.5754778335688044,-0.0016508162210403065,0.07697000984700443,0.03175423294787945,0.08327928265872492,75.63140841527733
deltaRIC1,FGO-G,34,-1306.2170055125043,812.1478730899574,1695.2877026862247,2289.058196755542,0.02291395917597019,0.3731245860950278,0.18831600694526685,0.4185808461283359,-0.1068250301109241,0.055401482287825494,-0.03966786711501273,0.12670615998972737,-70.37731669777581
deltaRIC1,FGO-G,35,-255.37348050302293,-697.084352851819,321.0266530858424,808.8265089168164,0.5509783245596489,-1.3858085259105353,-0.4661070275500753,1.5624654062578331,0.08330138357036776,-0.06993828585925749,0.06509814472477003,0.12676061210121958,-145.76332734650714
deltaRIC1,FGO-G,36,-2660.0717603440594,335.35896161726106,-1278.7524029001243,2970.4637872291582,1.089130537185866,0.07334126045627648,-0.48654152524428557,1.1951179537196837,-0.11067063217352235,-0.03223555304971084,-0.14596328912898046,0.1859903263061231,129.93055291664848
deltaRIC1,FGO-G,37,-607.0719892475477,963.9309515521527,1732.8916796623312,2073.791902031674,0.7487942238473503,-1.1009021376586994,-0.8538878390382084,1.5817088063313016,0.024250227749224636,0.0005829207883704542,-0.14275963535617342,0.1448058245705689,105.97139972026572
deltaRIC1,FGO-G,38,-1103.4843921187594,-212.07394164503367,-1021.8417650174069,1518.8198553839288,1.3211686794941078,-1.4061442613304527,2.649000342787613,3.27718342169578,0.13558441220363035,0.06742118209325432,0.04276137919943862,0.1573444761613635,-92.24913822793073
deltaRIC1,FGO-G,39,2135.678944560073,-439.6139107267842,-934.1241062100449,2372.1241094311317,1.6076059930106907,1.0390614526712825,-2.270246626357835,2.9695227690119466,-0.004480294016192054,-0.06373394562646546,0.04756323201607544,0.07965142747875775,-173.778182193486
deltaRIC1,FGO-G,40,-781.6226162240044,302.9051778451722,-482.227803768795,967.0724459346095,-0.8966811168472875,0.6970167071383236,-0.5640127298587979,1.2680613844697046,0.06762350734420536,0.18652851036470258,-0.053498076069233104,0.20549420446211178,81.2366234010151
deltaRIC1,FGO-G,41,189.92705566479117,-925.343712112543,-3635.246673966503,3755.975459531683,0.16343781380419506,-1.142597568584946,-1.8226389166149253,2.1573719528807622,0.09424667476530454,-0.08304667291697504,0.127993255996556,0.179336162464507,17.922040523599204
deltaRIC1,FGO-G,42,-149.58531531737617,1038.727899914912,-1238.1611443354589,1623.0756100571334,0.9963884256430094,1.8575908766496656,-0.060280749027981445,2.108807134014584,-0.049400095056721244,0.08878023927326882,-0.22287625944432266,0.24494106903687055,-4.546404122621028
deltaRIC1,FGO-G,43,547.4111440875803,493.54441359409634,-1025.1125419490427,1262.5770362724177,-0.6973072901636906,-0.08415035574279522,0.6579767907428864,0.9624199688511126,0.1379449880112516,0.04919543056111357,0.08430743735887779,0.1689874376974182,-30.47707171309014
deltaRIC1,FGO-G,44,-518.8814781289761,783.2115324223597,-1215.1204263993138,1535.9609186165976,-0.4169859407828422,1.1355502459847022,1.25024874682128,1.7396762816382392,-0.1356436177863325,-0.06571869644734579,-0.019665238674845997,0.1520028280034345,-119.34341905384771
deltaRIC1,FGO-G,45,1272.3689317351934,247.0322468065699,-948.5604942289772,1606.14900946929,0.2607328148628533,-0.7550473259396557,0.8032568037254886,1.132828123717901,-0.07271353404293963,-0.033478188058069784,-0.01746184813848575,0.08193267510021118,31.65268024854122
deltaRIC1,FGO-G,46,-1035.826731765197,1536.8193000334056,935.1246173345413,2075.8633454877536,-0.7630893832363426,-0.14001713472661279,1.554860174808387,1.737670960806516,0.054388281700766775,0.11560899918626313,-0.21434157745228508,0.24953123592838086,48.265323285971085
deltaRIC1,FGO-G,47,-501.69399543367723,846.3708288598657,-885.485488857208,1323.6785848444597,-0.3768777133557882,1.4959745558211637,0.4827766130227577,1.6164930994502702,-0.03170841544169269,0.10513858504641385,-0.08493333293593601,0.13882801129091898,-108.94966311066278
deltaRIC1,FGO-G,48,177.2612753881342,-136.23968123754835,-735.7589164641187,768.9759382792096,-0.16602622931850122,-0.9349001374013437,0.4821509428741785,1.0649284048466499,-0.008869314448279412,-0.2079061672035135,-0.018232855302456934,0.20889249893789413,-71.83523482976936
deltaRIC1,FGO-G,49,-1368.0967363592772,66.58163998031728,318.1035285266312,1406.1691397838554,0.899211514915243,0.4622614528047089,-0.5287509028048991,1.1409840123868005,0.015479594028329791,0.08882111463241998,-0.06702012218979732,0.1123410210660503,-72.41366668097822
deltaRIC1,FGO-G,50,627.3140385295537,-506.21170246891177,-1081.3664073652933,1348.7499759521236,1.5810150412921338,0.0943440012330013,-0.2641310750333066,1.6057006496102784,0.03587002780562336,-0.00473122982635029,-0.06530141333789961,0.07465465835681757,122.6779482615417
deltaRIC1,FGO-G,51,-580.0227842883056,-1131.9021306373907,644.2437067877454,1425.720455548926,-0.41668037370857125,0.27204072194791634,0.4405224412923324,0.6645966517475201,0.04159908252874603,0.023197947326678063,-0.13351577584649738,0.14175715441309086,-59.87875450942078
deltaRIC1,FGO-G,52,-27.89486176277868,-829.8221314527466,1296.7411455557055,1539.7793646294483,-0.12913967218154898,-0.3041098138543542,0.5205947943898493,0.6165863879129164,-0.01639639416830186,-0.03814257591995512,-0.001018744492953533,0.04152993715229757,68.27565032980092
deltaRIC1,FGO-G,53,273.6715287380518,703.4407366983983,23.219803306353928,755.1583509133652,0.1342042105280051,-0.061605615239511496,-0.780764864792679,0.7946066926770843,-0.03158638378326079,0.04386010894798859,0.12051967466099207,0.13208482417683057,-57.587619226050144
deltaRIC1,FGO-G,54,2088.525122842243,-812.2789335513572,658.9641223003717,2335.8013548060194,-0.9913149689516388,-0.45695977621088685,0.5158392721433924,1.207314275335017,0.20015331551308477,-0.10358810418234402,0.1467154827220694,0.2689187198938417,65.31280790792583
deltaRIC1,FGO-G,55,1208.99203199087,-1645.6501848634718,602.4658767879407,2129.035320762071,0.37478803499683244,-0.7811426616541801,0.01126041295329966,0.8664737306651844,0.0732533100557718,-0.0042904015935023715,-0.16259606335268012,0.17838703651821042,-0.7304615917089196
deltaRIC1,FGO-G,56,-278.46381914577825,567.8540452295919,993.6511350385003,1177.8552090219596,0.7890048791454889,-0.0499703553154511,-0.8906872668656254,1.1909448110984395,-0.03449603499263734,0.11322389143534331,-0.17285154643107958,0.20949291903448988,-146.39687469252632
deltaRIC1,FGO-G,57,-2.8663354648210033,-448.5337997308533,549.0743347926177,708.9946477287044,-1.9553325693867483,-2.047379744355586,0.7694615254007833,2.933796229047653,0.14341665094783682,0.06558233623428988,0.002137137418870484,0.15771476136173257,157.64564284870482
deltaRIC1,FGO-G,58,195.13540195955625,-210.9225718343246,-269.01489932803105,393.6180540417247,-0.5911821974636295,-0.5812475901963049,-1.275778310690527,1.5214977652745048,0.0075065452740567425,-0.17932912188967656,0.013790315526953593,0.18001515209005844,-166.75438302274603
deltaRIC1,FGO-G,59,516.6480439555511,-24.494515866546237,432.5694352482281,674.2710871315813,-1.2868400030084155,0.5726015888600335,-0.2480388677923833,1.4301584013120578,-0.04541444684343338,-0.1132464189084388,-0.02742723630573736,0.1250578932696829,-108.81302478141879
deltaRIC1,FGO-G,60,-1676.4253009816523,-109.41779210091664,1075.2771462604305,1994.641567868683,0.2596292473589214,-1.2888732227043023,-0.7872925543575972,1.532459166319039,0.002029323001354915,-0.01560301718460631,0.05075067118682429,0.05313382089611197,239.59660223789803
deltaRIC1,FGO-G,61,920.6199587716645,-235.49725760434063,-53.86023182910806,951.7883122840876,-2.319354558193065,0.3257521976860997,0.400700232802777,2.376148298712955,-0.07562663657603325,-0.1495471760173083,-0.06075853341272416,0.1782564035231843,114.93330017128864
deltaRIC1,FGO-G,62,-416.4631765908131,339.2761010993339,959.5784578835833,1099.70026237494,1.0118467649180318,-0.3356057239682466,0.8350422787353716,1.3541642016058835,-0.13643321367159203,0.03175574901233006,-0.16083089524788263,0.21328156566925277,12.451659017959754
deltaRIC1,FGO-G,63,-605.99519012977,317.53822198446346,261.1300857563398,732.2906626255614,-1.141499537609752,-0.5736417577118413,-0.11930142301347145,1.2830895877089206,0.04585633590754093,0.020532243572146558,-0.10718665124572822,0.1183780164314496,126.00467102684519
deltaRIC1,FGO-G,64,102.77041800904007,-379.8151873094143,860.0365986226395,945.7717939857572,-0.4208494055751669,0.9229128239943631,-1.0145321283323123,1.4346280850048605,0.0734646030868884,-0.04790730597907107,0.004218934429706201,0.08780636241530879,209.52291183513958
deltaRIC1,FGO-G,65,617.9683108988283,-249.37688664943178,-528.9812906850904,850.8201165728151,0.23009371976981544,-0.09136017646305443,-0.022108791743862426,0.24855301324515114,0.004637324209036911,0.13166057608151888,-0.01898647466562736,0.133103336885916,-13.066586072215662
deltaRIC1,FGO-G,66,-213.25972243447518,510.8617541601297,-1622.5805991301943,1714.417464257202,-0.5659592150076278,0.020019261394899172,2.6276904065755415,2.6880229680357983,-0.15390289241502964,0.08549524616913513,0.06755429245266009,0.18857125931597513,-159.2756405793354
deltaRIC1,FGO-G,67,494.28496630037773,1247.3192774874983,744.727093940085,1534.5166836339529,-1.092237329880666,-0.43820098791728246,1.2468132085202999,1.7145103287928054,0.2049271433247481,0.03262054204735265,-0.14259879282304147,0.25178095549364665,12.940124028853056
deltaRIC1,FGO-G,68,-1430.7952849544968,-617.821620269447,106.47788132365666,1562.11915074733,1.515706379636734,-0.18320289298892126,-2.6004884236962686,3.0155379571561207,-0.037453977426221696,0.1137077400458234,-0.04728521942108198,0.12871729700033457,-180.9935675331556
deltaRIC1,FGO-G,69,-996.9531522260445,122.91044914359485,1347.4537971172722,1680.670789181475,-0.5899789137935649,-1.2585006423422138,0.05991332327799579,1.3912183839365453,-0.06641864950303204,-0.13040784946596445,0.03957267717727446,0.1516035652058389,-126.38739914156618
deltaRIC1,FGO-G,70,-1175.2188141478005,672.8726421960928,-113.17908968164713,1358.9357453846299,-1.0638162897535137,-0.35650004796850954,-0.0398929383410673,1.1226704009084616,0.04456026925362065,0.07615186067205183,-0.05880883938729103,0.10603397130095127,2.8939067580655666
deltaRIC1,FGO-G,71,-269.0942632377182,-10.002930261274296,-81.91409686443319,281.46349743151075,-0.01999566310099996,-0.29356814567511935,0.701544499389507,0.7607540780841408,-0.07160920111256638,-0.101408917807504,-0.07339363095798776,0.14421605791334882,190.99181514528613
deltaRIC1,FGO-G,72,-370.4964591875436,1311.5982454878024,1206.128276900108,1819.97335260031,1.8729356954123781,0.3408292794107708,0.019660848819483018,1.9037960147636133,0.11843420523501648,-0.1533424667498713,0.06375956766328846,0.20397513462967695,64.04345252588617
deltaRIC1,FGO-G,73,-291.6109915345495,-822.2796598306188,-253.89253985605941,908.648574064518,1.7025918784537017,-0.6762628663205691,-0.4962190677752147,1.8979947134184332,-0.13081039839208036,0.03963226248928134,0.27196674348994543,0.3043813169727075,-31.716550868247314
deltaRIC1,FGO-G,74,190.65603050297608,125.31109980855162,1470.0613611895462,1487.6602432561147,-0.712123595635985,-0.10325937732850805,0.22902450868327304,0.7551388879175869,0.057809180781273624,-0.06579544035622317,-0.0970410136009771,0.13072069336939854,-149.10691162073266
deltaRIC1,FGO-G,75,-1864.345941305499,1903.2007884207267,1537.9334193282962,3076.2311733994225,-0.2671972365603387,-0.037618583175884866,0.6877245528937391,0.7387655796519867,0.13093531969274683,0.06308817658936379,0.04587337172346937,0.15240912768496565,57.067438619135565
deltaRIC1,FGO-G,76,1540.9900952608673,-2.2599971339415466,82.35314697864885,1543.1907277120445,0.1538632181862419,-3.2114961322038824,-1.5324675539857913,3.561718419680354,-0.007463241146849769,-0.05995475295447148,0.18283776674861413,0.19256147413194666,36.13101212695577
deltaRIC1,FGO-G,77,-412.8047021080026,-489.82453645743817,-208.7799324804821,673.7394591418671,0.12504683429288005,-0.3594714740000755,-0.7404721613485878,0.8325595913318801,0.005078267100050769,-0.0330913321712311,-0.21337860375423895,0.2159890126874854,90.10942860955055
deltaRIC1,FGO-G,78,-147.21095088570803,-2423.2929073726227,1387.1108448489867,2796.08584898261,0.3556646342794781,-1.4212314262154402,-0.6020128881468855,1.583924119531767,-0.15624312241439733,0.069792073427913,0.04892776571958398,0.1779796984868725,26.423635793969257
deltaRIC1,FGO-G,79,-1363.4349494800003,1030.9921446034077,141.64556539316467,1715.2151847196942,-1.4558619237151806,-0.14031388138633993,0.09678141049389662,1.4658064564090836,0.03264334401275576,-0.007984077383256299,-0.0517357363888489,0.061692137421987626,99.425048244257
deltaRIC1,FGO-G,80,874.6500643154832,221.23509830481012,174.9892775234902,919.009766529829,-0.5507871385013438,0.014479412852163805,0.017689814260665928,0.5512613308256064,0.17595338539237487,-0.06770045426703837,0.02785923345444845,0.19057566011343216,152.68951811069962
deltaRIC1,FGO-G,81,687.4173192794883,624.9538264636282,125.6361165263466,937.4936212224328,-0.8349300835776899,-2.383757660031593,0.2618333439129553,2.539284451613679,-0.1479694544645665,0.07500309488487021,-0.08534724484500354,0.18655984535661269,-277.9081268454169
deltaRIC1,FGO-G,82,669.4244696971592,935.1757133574877,2277.139900425552,2551.0877800642415,1.1704263553068313,1.5039814301665495,-0.06239669562600208,1.9067646270863368,-0.0771079368675273,-0.0884573922846834,-0.03135878772674629,0.12146488276643615,-102.048795902844
deltaRIC1,FGO-G,83,-654.0040120907358,1842.8361153162782,-951.3781333434446,2174.6003192193334,-0.25057480045692176,-1.83839437361363,-1.83857779646671,2.6120585593012,0.10455002619218039,-0.012546087150235601,-0.1737693743685418,0.20318441807383103,40.586144036608864
deltaRIC1,FGO-G,84,-760.5973094433344,-1373.2684555957078,2213.256464930632,2713.4624924299023,0.48437569518683554,-0.6113690079193022,-0.5913392793200173,0.9788125567230324,0.03863803082629786,0.027879150020944703,0.09672611094850361,0.1078243245805255,148.34403306079238
deltaRIC1,FGO-G,85,1060.1794906297077,-583.0110870486506,590.49853065235,1346.3175682862125,0.2646945017524916,0.5146149999725633,0.6165482459482008,0.8455906320652826,-0.026409803036757013,-0.027653429831348473,-0.02084207839980958,0.04354976589950195,18.397912835562558
deltaRIC1,FGO-G,86,2690.2150219387413,-333.9251871640724,-542.1369260037552,2764.5389021361634,-0.16045083914593403,-0.8331185432545771,-1.5558504715341497,1.7721460630180288,0.07695319497367377,-0.10522832284632068,-0.1470555253643287,0.1965200287143386,61.35995500978618
deltaRIC1,FGO-G,87,33.89948664599451,1008.5546653212576,182.3128675976269,1025.4607110113025,-0.7169696291713447,0.1737865223499981,0.277285081948266,0.7881206894731659,-0.059450854251473825,-0.03341652159840922,-0.07832340783404942,0.10385385983056078,-19.74443880439792
deltaRIC1,FGO-G,88,-750.3400335635063,-996.305250372263,-40.5412018670869,1247.9094145554993,0.1905840323472764,1.06108788711859,-1.0098489517163307,1.4771677910305632,0.023860015998959695,-0.06899145836970597,0.07492843636744427,0.10461066995254178,-45.607202350356935
deltaRIC1,FGO-G,89,-610.6834606769618,243.61303852718504,1072.8027102546516,1258.2476929502252,0.16975221297630094,-0.39965897761938274,1.326652809534554,1.3959050072437047,-0.0708063127295873,-0.038491767546568675,0.15567332324749864,0.17529784271958224,27.331472423963362
deltaRIC1,FGO-G,90,309.4885325101981,279.7221791333138,1140.140875877518,1214.0629580467232,0.028523800791584397,0.7238053558953874,0.18929548804435142,0.7486925819242473,-0.022063621362813476,0.033032980373066734,0.11393002199931992,0.12065666617611533,-113.45414585451914
deltaRIC1,FGO-G,91,64.29880818817169,320.0751067226199,-736.150892480286,805.29531674873,0.22885585667172492,-0.15249832791002543,-0.5562064140583013,0.620480715403708,0.1322498159738189,0.12472446630357055,-0.015837753900569254,0.18247476748425923,137.69972274431174
deltaRIC1,FGO-G,92,-34.988986904943104,-684.4711167866346,91.06595321247677,691.388419598039,0.1901125402189553,-0.2586358674550842,0.29391390035993936,0.4352248507467607,-0.08260466167951637,-0.11128853868229711,0.06370379730655551,0.15253472642157,-60.19780567602547
deltaRIC1,FGO-G,93,696.6331580490992,499.70079704216135,-825.7615225307874,1190.3279949452574,-0.4668964545592211,-0.8267985093361284,1.0413886104505423,1.409282907118555,-0.08014990466621945,0.026485938373995228,-0.04027463435506229,0.0935283824407816,106.57844747848141
deltaRIC1,FGO-G,94,324.2904551672982,-660.8552496803136,35.57968464734254,736.9938088629018,-0.29108376059478175,-0.31932405455561796,-1.1433772750745088,1.222296690929272,-0.03104552401598375,-0.029191126376927456,0.054922371326472805,0.06951556151469782,-84.47833382693454
deltaRIC1,FGO-G,95,1041.0694673085923,644.8953881455748,-133.59214160799056,1231.8938906062635,0.4773560064832158,0.15442355466848318,-0.4626688231499225,0.6824791799586184,0.01553919529443979,0.04591749653766858,-0.010677945605802163,0.049637703422358445,-47.65793533578293
deltaRIC1,FGO-G,96,-94.85919925423907,417.7546769260256,363.531672259855,561.8474121260772,0.9771691852126387,-0.6216699211686277,1.1351280116225329,1.6216808287036835,0.1734663064086559,-0.11476272440046174,-0.08052758364716785,0.22303751724525997,-56.73936248174985
deltaRIC1,FGO-G,97,3245.6104606929384,-112.34335786477922,1619.387422224207,3628.9149777686616,1.181506684646822,1.5123638734437,-0.8995836007067949,2.1195407960743196,0.03507772454148155,0.013527407005049768,-0.18433556229165768,0.18813037241410524,-160.2593215141045
deltaRIC1,FGO-G,98,641.9220711867242,1818.9003815240808,321.2119948730322,1955.4129203407176,0.9414621797248403,0.842160212262261,0.01977826227236554,1.2633194523272324,0.15092760613430212,0.09037844015540164,-0.038126584913627005,0.18000289224212637,67.20880830288638
deltaRIC1,FGO-G,99,-1406.882161889093,1532.806380841841,-1085.8559944176927,2346.8907216153093,0.22006234498591545,-0.7263891847575988,-0.5125004266275144,0.9158195077125696,-0.08044034780630677,0.07749191929854961,0.03623454206122885,0.11742482339845989,-198.25593381515458
deltaRIC1,FGO-G,100,343.63040184654113,1552.4609646091453,730.2660040986119,1749.7157873353397,-0.5364723132357764,0.8269815303062944,1.0149593465546,1.4148651771440366,0.16368556769128653,-0.10379705426401575,-0.11810227845836976,0.2269690325162534,51.24494095427741
deltaRIC1,FGO-G,101,128.9897599948056,-1462.5132671111087,-369.5325031353578,1513.9807414670142,-2.136065098812633,0.153870795341099,-0.8010706108633369,2.2865179753531977,-0.1502987989041072,0.06432914282552515,0.044248685149848734,0.16936916397672427,-58.75035447820241
deltaRIC1,FGO-G,102,352.3231333055972,-1225.1891259897914,-2183.3647462580425,2528.3001403924236,-0.7821405533491244,1.6337520694438987,0.4133064113398201,1.8578783219737767,0.2727274157338196,-0.03675663107626283,0.006297218453580455,0.27526523242352324,130.0832092518449
deltaRIC1,FGO-G,103,-133.31736986258576,1497.9666554252067,1632.1497989600553,2219.3671593763406,-0.9604596879501548,-1.7926411115885146,-1.0088801555198086,2.2702167595488074,-0.029793665306505682,-0.09663421842137482,0.11650814303853434,0.15427242805049005,20.273828735839476
deltaRIC1,FGO-G,104,968.8769037499255,-1444.6195423625911,1697.6087474045432,2430.5397622874566,-1.1981981285668692,-0.877335908861043,-0.026295204996264553,1.4852907089468967,0.01162318900663209,-0.05047127292237989,0.15592394981351673,0.16430071831412466,-44.03627114418537
deltaRIC1,FGO-G,105,715.4823301317855,628.2802411273173,-808.5570852507707,1249.1659562408156,0.9079270980837958,0.14599359312070043,0.3064584345486129,0.9693103304789141,-0.04751066760070314,-0.020082947251036598,0.05526049569414615,0.07559305980389448,-199.36799781551963
deltaRIC1,FGO-G,106,1114.4829862653103,-83.97882880315876,419.2683122172973,1193.6962293613626,1.0478085749128856,1.0118264059041409,-0.08414364781334907,1.4590324324062163,-0.12609105298728407,-0.1271881715453615,0.05823587158041823,0.18832737815629821,-104.81915371872891
deltaRIC1,FGO-G,107,-338.21665352745885,187.73602075265813,-1079.9387788682761,1147.128190009669,1.6745415165969892,-1.1360747665997306,0.32058142374559284,2.0487868643083225,0.022612106417169202,0.03375310683650257,-0.20096567605849922,0.20503117453545297,-44.800831377166666
deltaRIC1,FGO-G,108,-2015.949819005471,-642.0709145470042,-79.26816804831077,2117.2133039732093,-1.1730980457749627,0.7638038640850826,-1.6828395740020403,2.188950524708064,0.1569951133423911,0.04167056015647796,-0.0019170720586607615,0.16244253249202617,83.59081929476048
deltaRIC1,FGO-G,109,610.7386334990999,1136.802587057224,199.0891115316767,1305.7405081863767,-1.54046518548892,0.6775360875068541,-0.7466947443416838,1.8410978189126728,-0.06025638526201738,0.13312517927811943,-0.06517825576848067,0.16000421978090948,-191.51086566867647
deltaRIC1,FGO-G,110,-512.8583545303158,131.73263115930652,283.33061330751286,600.5442651136619,-0.9994704974906152,-1.326548742374476,-0.6287870215188482,1.7759633891721942,0.01893204364798647,-0.03096574001826706,-0.036328167411860575,0.05135206986161647,-216.39754361265526
deltaRIC1,FGO-G,111,-380.98724529674655,-1033.8549068190669,1536.3679956196834,1890.6173244200181,0.00539502119213398,0.8490109017864093,0.9397412792131526,1.2664763280310485,-0.002290363293997516,0.05670817492206549,-0.1115314643777865,0.12514124185600656,-48.114607824269655
deltaRIC1,FGO-G,112,1462.369780878842,-416.77352310383617,-23.63413737799269,1520.7840471406905,0.722227629164846,-0.6600049778004071,-0.7201129601069649,1.2148176794747454,-0.013470113939360777,0.12784363746701913,0.16788150786826564,0.21144654240365465,-143.42755200987634
deltaRIC1,FGO-G,113,33.749382332075875,-48.62205258658983,-426.2208711616656,430.3107665621892,-0.8856154990246623,-1.054438448770512,0.4468253143798306,1.4476906147132749,-0.2323033946405485,-0.07138732705681065,-0.02424202403156964,0.24423081983031067,-220.08234257134305
deltaRIC1,FGO-G,114,-276.6505774552463,-189.0267618574188,-111.60108369427513,353.1592566907445,-0.4086726227663953,-0.03053554182525908,-0.8078901999252658,0.9058875796966269,0.06975898034046393,0.07437886495263184,0.15546982869191267,0.1859284769024792,-114.97802393764451
deltaRIC1,FGO-G,115,1454.6461010424277,-830.1117982402588,472.87201500714104,1740.3128510220588,1.3832912735266454,1.0889439576553699,0.5419161682677816,1.8420007664925504,-0.013916031490602299,0.1122536084143615,-0.044596230189936796,0.12158680965321063,50.09966771320455
deltaRIC1,FGO-G,116,645.8715923506559,2175.605382331845,-322.21439910801473,2292.210944138738,-0.2884083142357912,1.6325812397950457,0.20388402956760238,1.670350130291186,0.06193086964640313,0.1300959342094287,0.04787841686453349,0.1518312468315986,-289.9307429901528
deltaRIC1,FGO-G,117,1475.7937191507667,1869.6933425652196,445.2776292132763,2423.219441939865,0.18293425899308927,-0.6924176930359662,1.22938687585943,1.42277872323071,0.15355929470651883,0.02828045932669753,0.06206510872700363,0.16802475737755815,-110.12346428600671
deltaRIC1,FGO-G,118,-1250.4202002800032,-1204.612451771995,681.1446264411389,1865.1004901511496,-0.280110884707347,0.9797920890370899,-2.8704308940844507,3.0459527513055185,0.07347130118040932,0.030165561182111993,-0.064898486797475,0.10256610925240459,37.765315641727454
deltaRIC1,FGO-G,119,1252.09092422544,-760.2652155812546,-333.23199060129156,1502.257780845427,0.31857326075195375,0.2272916925910009,2.234732721240962,2.2687399082689157,-0.012493822035353529,0.03920820029213836,-0.0366430852452469,0.055100764563569854,36.43817530910232
deltaRIC1,FGO-G,120,-444.1832980335017,388.9949906080127,1756.3506879721665,1852.939190613213,1.073899469816708,1.0557293288361311,-0.527204280204276,1.5955465646928337,-0.030753950369615382,0.09296980123686521,-0.22769890947292373,0.2478628305747308,-28.828526546050462
deltaRIC1,FGO-G,121,-1061.873713718752,12.881267201339183,527.7420618167297,1185.8555539112422,1.8740491319562418,0.07061405697337943,1.0863593532593145,2.1673078088822963,-0.00035673692500232823,-0.13443988943870344,-0.16022787097821367,0.2091582696709254,138.6462445699693
deltaRIC1,FGO-G,122,-344.40460265806286,1545.4856065234849,1000.2345160176334,1872.8612808578087,0.2324300918919532,-0.22235155801829173,-0.5079774130319141,0.6012528711953561,0.11766331710111187,-0.12302324214960347,-0.1308756890818959,0.21472731613117568,132.8233915838531
deltaRIC1,FGO-G,123,128.54804955201575,226.8120456617409,-46.36137760931833,264.79743660905206,0.40903992085442603,0.14991490374093897,0.2425133097130501,0.49859887745985537,-0.028079957438678194,-0.048798745787927464,-0.0011864029138367142,0.056313489965608664,6.196369604300224
deltaRIC1,FGO-G,124,388.539281055861,821.9817658648757,-590.5533312798775,1084.1448396886394,-0.30014227606603316,-1.0585827000852464,0.2052133757938922,1.1192833637674575,0.09019734285290988,0.04679492617138191,0.05121430509393974,0.1137902931684667,69.50852884844728
deltaRIC1,FGO-G,125,-1162.1411645740404,350.52810096458774,-1449.896272390178,1890.9366030235599,-0.7112259222190309,-0.29374937622254343,0.08813909386397369,0.7745317994340883,0.010903497196459453,-0.06700604937126074,0.06931796046809997,0.09702410291733751,132.48252468570325
deltaRIC1,FGO-G,126,1547.2714753755095,762.8471982743882,-510.052564122604,1798.9270370400886,1.5401296934377682,1.150007474425652,-0.5576476284857429,2.0013714151549564,-0.16266600044033122,0.015697294206877644,0.002614415078631736,0.16344255232611393,24.256906989458933
deltaRIC1,FGO-G,127,-86.25803757820934,-715.7805469817494,-251.1163447166147,763.4406716098964,-1.10962955561972,-0.2603285739927645,1.0145631476641386,1.5259053370835585,-0.11485982497499195,-0.04427386830734362,-0.20964563979376474,0.24311365468175322,94.75393844672693
deltaRIC1,FGO-G,128,519.213913728414,-839.7641958946606,881.9519122056194,1323.867881761217,0.3368516004623475,2.0027387051087335,0.6236202146065893,2.1244607536362303,0.057855867895220854,-0.07399529513593107,0.10458416507399683,0.1405718774733688,-70.25085307633226
deltaRIC1,FGO-G,129,685.8799776676174,-564.7347161549197,-449.2947426077915,995.6015313020117,-1.19436858167616,-0.8491455727715629,0.48262288770909906,1.5428834578131096,0.0027526670267068,0.13458234497632837,-0.07492630970854267,0.154058224842518,33.7932023677093
deltaRIC1,FGO-G,130,1077.6663144384183,-1235.191133364718,-488.1631820437176,1710.3698762317897,1.2063008153797907,-0.9148629303597202,2.172219392372944,2.6477675364603677,-0.08835010183899104,-0.09152471189468872,0.1341397558995759,0.18486748631158395,-80.9923420798266
deltaRIC1,FGO-G,131,1481.0145200977804,-852.8627281526582,597.6857663034343,1810.5267512672044,0.4621404956122197,0.27397995367960426,-0.18868360763868164,0.5694210713474995,-0.019260693915120353,0.16870494685033838,-0.045491780657739206,0.17578917921555726,-98.48290997221783
deltaRIC1,FGO-G,132,-357.54608116753377,487.4728411424653,157.82655868636505,624.8025237117313,-0.3692914519111992,1.7091874909523017,1.183241606886454,2.1113405116062505,-0.10788399163143049,-0.07872615808904983,-0.04449396962744852,0.14077100891519156,129.74714472561197
deltaRIC1,FGO-G,133,2196.0383274951287,-648.3236962994829,2491.3523937788423,3383.747139045498,-0.0029067783961533224,-0.560094896400287,-0.8529420946972319,1.0204043116533732,-0.051340969282464094,0.16327628723093007,-0.13191562101084314,0.21609435940222155,-41.63016705374575
deltaRIC1,FGO-G,134,115.98874228516469,641.1614725399072,465.33109108183817,800.6712474754232,-0.5592804620317112,-0.956758797069083,1.5008106904614482,1.8656405762050878,0.025352403579068476,0.08917135113101211,0.048935137353202686,0.10482805873211157,165.63302018803188
deltaRIC1,FGO-G,135,-1263.2264415602542,1221.4577237064125,1017.5660218033706,2030.551802389629,-1.1136445568410045,-0.001800019234019449,1.3027838017101738,1.7138999600470424,-0.09129078378931367,0.09591838849884593,-0.011633242879902094,0.13292733653009656,79.11047598696942
deltaRIC1,FGO-G,136,1627.0595405815473,509.5637852465729,-368.866985539686,1744.431383819205,-0.10754985607035442,1.8854948401148335,0.9052729316516269,2.094320138952387,-0.010315450093999852,-0.15932158617646322,0.06709044587599464,0.1731788216274316,144.21540361429177
deltaRIC1,FGO-G,137,-598.2590230373739,1837.5576829219503,221.95649195478717,1945.1983911755622,0.6689437959118598,1.3775485621687618,-1.2059857490030428,1.9492376638113222,-0.1781751902120138,0.18867926669223967,-0.06428810409188174,0.2673559881774433,180.80326096019363
deltaRIC1,FGO-G,138,-172.33171885569746,1421.8258181903166,1304.960823111216,1937.5782896315247,-1.9830762171909098,2.517494961376491,0.9638067960571747,3.3465348801215598,-0.018658675428911642,-0.01771319331593473,-0.11959206119948787,0.12232810179247938,42.48786136960362
deltaRIC1,FGO-G,139,1.3423838826943892,1431.304331297312,-489.25189007224617,1512.6140627153377,-0.9655896206662113,0.9763957693043389,-0.5093237367906628,1.4646237341761652,-0.00809696646762532,0.22305717033659664,0.040510368930769036,0.2268505060506905,-160.11890078006533
deltaRIC1,FGO-G,140,1351.2430722008103,-185.23650881493236,-928.2648338381568,1649.8018081300584,-1.213857433227155,-0.39486468828905835,0.1764545551728105,1.2886055254808069,-0.08784819348049396,-0.1655147989947901,0.011519175774385207,0.1877369041893289,71.06060532136223
deltaRIC1,FGO-G,141,228.53509515612947,-575.0069082182071,453.2985414571593,767.0337684247486,-0.0939448222726058,0.907853737503869,-1.0144373677338414,1.3645904921940284,-0.10115257395627307,0.09688171530872328,-0.019152708759514903,0.14136738036749,-89.92686481488519
deltaRIC1,FGO-G,142,-1594.0377470880558,-1016.1089408465094,164.36699423793573,1897.485237783049,-0.8292395542793354,-0.18131926281309124,-0.9122359832529102,1.2460695817609373,0.11079085249194859,-0.034941916421235786,-0.00165162370309631,0.11618209147686216,-25.240332924375547
deltaRIC1,FGO-G,143,1072.144224612476,-235.1774663677872,-632.6546769300518,1266.9071076043922,-1.3897145539211917,0.47019467346655214,-0.18684188719621492,1.4789521503915322,0.06056264955302173,-0.1359574312751767,0.05806761462525306,0.15976265367129272,75.32548452268706
deltaRIC1,FGO-G,144,908.3820945689197,313.2302659616615,-142.70639146617248,971.4094622830927,0.46080847310884493,0.44992154801966405,-0.6897275711490284,0.9436620002227778,0.11193656959565995,-0.14666831834849162,-0.03733572569683779,0.18824278906063843,-214.12770036700076
deltaRIC1,FGO-G,145,555.285302673468,541.6601692417511,1079.1500428534282,1329.0230702657962,0.95319178017191,0.17397738677207544,-1.3095182328454362,1.6290121862803755,0.06601331439828959,-0.04303319167677841,0.13905526464566395,0.15983109800477946,-28.437787123280636
deltaRIC1,FGO-G,146,-576.6406457561098,-868.3530550549646,-4.272451751107348,1042.3865484575667,0.4244161164761666,0.9522489849689838,-0.7093717420632505,1.260997794501252,-0.048386973913769615,-0.053831619029851216,0.10808510410756776,0.13008278972197138,-41.59616648485111
deltaRIC1,FGO-G,147,998.2338927500472,788.1684795589066,-160.735740531392,1281.9970495634093,1.1434391562605362,2.79291141560317,1.0109406133273247,3.1827359618967663,-0.013255814552669188,-0.08447585901625623,0.010247930672986695,0.08612146921103643,-114.22620367719784
deltaRIC1,FGO-G,148,188.86976751341345,6.628695679605062,992.1067890811871,1009.9463399745388,-0.9988364846446717,0.884534940532523,-0.527984938670986,1.4348674083494977,0.10571656525166677,0.024696012244086164,0.0865525632866144,0.13884246973045877,-103.77920807662392
deltaRIC1,FGO-G,149,313.46345715486154,-230.28550646990354,2.4044454777977253,388.96855248160284,0.09017330444583281,1.1424527854244038,-0.020962802835812144,1.1461976404012497,-0.01600734182683996,-0.15848959728437126,0.1525665538233515,0.22057139611757706,116.5667318011928
deltaRIC1,FGO-G,150,-415.23935946436364,-562.8117421254641,-397.73193457759834,804.5939811516824,0.08747429726784728,0.3337426186234346,0.30961406219111515,0.46356958018685257,0.0314472134195993,-0.14152343698420228,0.01010133267767614,0.14532669186885244,174.83796784980112
deltaRIC1,FGO-G,151,815.0949727693725,-1406.6316357623964,-1413.6322243372144,2154.378898672673,-1.0344282883292482,-0.5711167190668037,-0.980023646210962,1.5351425137836674,-0.04384087660527877,-0.12109128602300757,0.02981016322019953,0.13218838013774148,-5.513117294798352
deltaRIC1,FGO-G,152,-1996.3041395003345,420.6059320184941,-789.4468465393559,2187.5479174057537,1.839458902676841,-0.1985688730593946,-0.2392923494774262,1.8655560780913536,-0.07075978479307135,0.023661604431709386,-0.027233122736424576,0.07942582478150055,113.18543553627806
deltaRIC1,FGO-G,153,672.3309785944541,-568.6321704290317,-859.2842505602255,1230.3417871816987,-0.4201847520766845,-0.9041680857126025,-1.0176954986530877,1.4247032256149679,0.004506288457198735,-0.0070753664864898575,0.1127682667295816,0.113079836521688,80.61167243619387
deltaRIC1,FGO-G,154,-24.107304338547767,-460.8190501472281,1190.63780561466,1276.9313776628555,0.1988008474988593,-0.9796739474353915,-0.8084509823707631,1.2856421785030852,0.05452922840631931,-0.04981795672089879,-0.18123563695851372,0.19570800102753097,39.67067238825189
deltaRIC1,FGO-G,155,-193.21388523746378,144.21894260093933,-361.14482113558756,434.2306883288471,-0.45148952866506664,-2.0446898613799163,-0.45237714799712203,2.1422522045160868,0.08060744743565654,-0.10715187548453016,0.052641696867815856,0.14404941253287845,-377.7721105095873
deltaRIC1,FGO-G,156,170.36140058034889,918.7286966348647,-546.7009334815399,1082.5744018300463,-0.27161736008954823,-0.4096751711784373,0.8706578214202737,0.9998273741913624,-0.10453493962222192,0.1020715207291887,-0.08029616548844815,0.16671419597004639,-200.20154036844423
deltaRIC1,FGO-G,157,1277.334666396347,-519.682052231713,-529.605392707498,1477.2051845882802,1.3390462213962198,0.3655987157669639,-0.4025406147695339,1.4452495115186796,0.09763336267642891,0.004417906197185904,0.06291642625338013,0.11623367883350874,25.21300867252843
deltaRIC1,FGO-G,158,-1102.524007024978,1079.9335134791363,-737.1030740117309,1710.303049555648,3.010459783885753,0.4155033909110017,1.0583248055226036,3.218005993194614,-0.10340983633664992,-0.08271845868686364,-0.03073436602124301,0.13594314588617856,-173.5626333858542
deltaRIC1,FGO-G,159,1145.804139886096,62.589302410057876,-2805.4759757270704,3031.0856137922024,-1.4263310052351257,3.0827836940403417,-1.1042007347980667,3.5717271317199817,-0.2228851508249397,-0.06445337024042962,0.02608069763575921,0.23347854330274959,-30.49572784410585
deltaRIC1,FGO-G,160,-1552.0847908289143,1457.8428172554457,-853.5506332016521,2294.0840353362537,-0.11022310177417044,-1.0881178171033443,-0.45955655062000245,1.1863143509543417,-0.013816847955584499,0.08460400687966053,-0.009813873231319313,0.08628473431217015,59.541317711119625
deltaRIC1,FGO-G,161,-691.5210023940597,2283.1913121095827,-823.3402032235324,2523.6982693438076,-0.6420151403453145,-0.5068588581487837,-0.7723522844050459,1.1249966194358967,0.05643456846907875,-0.02097465488352652,0.1843108246650018,0.1938950147746641,14.864446121313701
deltaRIC1,FGO-G,162,-527.6478787030298,829.3650345088502,342.0364698231327,1040.7918096597148,-0.18816685217218054,-0.7657942219332254,-0.7916661103818419,1.1174000111552784,0.020383457990500772,-0.15964291767077363,0.04929647723353092,0.16831960429410459,18.346644086185655
deltaRIC1,FGO-G,163,1291.3267789788915,-1116.8389464888003,334.47739678588374,1739.749755413943,-0.3480395229175667,-0.620821223127754,-0.8057168100442025,1.0750488726501384,0.1066114899425456,0.10087462093344374,-0.08941167864522633,0.17186083676740518,30.48311517981801
deltaRIC1,FGO-G,164,1134.9102188969437,-145.4327848928343,-151.69283825213572,1154.2021560607927,-0.21352137138410385,-0.41205089006057477,-0.6536150816514301,0.8016171074769213,-0.04230438749937664,0.06431693453638467,0.025544426738857942,0.08111009189534854,41.7221570371433
deltaRIC1,FGO-G,165,-2067.535933077259,810.8314852408778,-879.7405246882847,2388.7435866585593,-0.4836436592660983,0.6685568149668619,-1.3172958167896305,1.5543962406408465,-0.02990706641265925,0.07392793340858055,-0.004138403644383971,0.0798554841209956,72.45027080550432
deltaRIC1,FGO-G,166,1016.8047344585817,-1295.079075888188,522.383628254451,1727.4276644447589,0.28203799777862804,-0.22696768538518464,-0.20466465182915758,0.4158694291582826,-0.13743833700336186,-0.08312876404129506,-0.010138356678231018,0.16094245606867694,130.1311153027198
deltaRIC1,FGO-G,167,337.76653089024654,770.2744966440927,-673.482172920704,1077.4911910600176,1.5878773760770433,-0.6495504000333855,-0.8001948304004715,1.8930351423680667,0.12812564155589043,0.07479825011169962,-0.06938913055258254,0.16378586533252565,53.43243055810636
deltaRIC1,FGO-G,168,-975.825045415631,-407.7731924958674,420.3942834241554,1138.0882432019052,0.13693101718827377,-0.25127744817106706,0.9406722785477714,0.9832368967119951,-0.12899180483473263,-0.1600861863723375,-0.13238214043871982,0.24452301300470158,-23.757721275513266
deltaRIC1,FGO-G,169,-1535.127040202243,-416.1208474185487,-616.5133591357992,1705.8312669221823,-0.881380673337972,-1.0637592209536784,1.7605622800089162,2.2378550250826943,0.13974688415840947,-0.21460414764554864,-0.12471238093778407,0.28484611596057846,22.190899231121485
deltaRIC1,FGO-G,170,152.36928972921098,178.21269558232368,1374.9850598869334,1394.8333521362242,-2.223206576907208,0.0897267888552177,0.29006781092758666,2.243844405295977,-0.14240767898227769,-0.09798316454384826,0.05970516464832257,0.18288071044489523,-91.21101424422352
deltaRIC1,FGO-G,171,514.9212560226644,-1153.0751634841295,-483.34245820099363,1352.1635124672198,1.970326884439153,1.0711991217180108,0.25920094074226935,2.257618372886528,-0.1317619391514645,-0.0747042042958084,-0.06528375075748603,0.16493603263504816,94.0198466269326
deltaRIC1,FGO-G,172,-567.9755701093026,356.69505144046144,1016.4326788790254,1217.7696821058948,0.27543629606612163,-0.6067797480758716,0.3624272344215764,0.7585514591088166,-0.011471939146907764,-0.09913403951881757,0.03723719714994336,0.10651653407191106,-80.98353975346102
deltaRIC1,FGO-G,173,1331.9577698188864,1074.497136579495,-356.5680919271449,1748.0836368088915,-0.42066115880704785,-1.5651306026859004,0.6652862205040994,1.7519119182154814,-0.04053576090966441,0.2000549923493982,-0.008095586019011723,0.2042809006966497,156.1693031616864
deltaRIC1,FGO-G,174,859.8301092402224,-2583.160313684232,-1074.326146349873,2926.807423060192,-2.8819502119321476,1.412863573535178,0.6305150999301792,3.270989115346963,-0.0460928195890449,-0.03442874264688752,-0.024132248925269825,0.062387913702134964,220.3491491107355
deltaRIC1,FGO-G,175,-467.75383943247914,238.34357705985272,-210.70363276821223,565.6830701826184,1.308223469747221,0.48656274179652603,0.2567126463492099,1.4191875602955466,0.014753403450495159,0.23778110128236898,-0.06018471466647533,0.24572284167312233,175.26676849015536
deltaRIC1,FGO-G,176,-92.50892143184898,-738.9829520904887,414.762087686398,852.4560360551369,0.271104615620222,0.3525202635807219,1.5346184062555084,1.5977552696404436,0.13379177982307838,-0.06563750439472815,-0.13217932765215407,0.19919813500625588,74.66177504771642
deltaRIC1,FGO-G,177,-743.6806931354766,384.9334421662022,250.8788293910527,874.1709874372456,-1.7906440391372076,-0.21119657544228493,1.5237085421338525,2.360656220153166,0.14402227886858313,0.06741100579081548,0.04600457661958217,0.1655387615701419,-150.44284470423617
deltaRIC1,FGO-G,178,-730.3804510342521,1400.9565648484768,716.4569069560621,1734.7753166822756,0.6502087593602076,-0.7704944066118334,0.568596448295666,1.1574692144430052,0.09300554610645581,-0.05427774100764882,0.18036128381188143,0.2100626037011908,73.04852435123601
deltaRIC1,FGO-G,179,303.3480109217989,27.927746490802463,-1780.5815751640378,1806.4525237514304,-2.5988557853518195,-1.010527598581724,-0.7709631055843851,2.8930263619131242,-0.009342009519665117,0.03666245809444294,0.07117957387332031,0.08060980531039486,26.7889168870377
deltaRIC1,FGO-G,180,-691.9178653088649,217.43766290773314,959.7041232018689,1202.9386824252604,0.22368702313362657,0.39800224659919714,-0.8792302678703279,0.9907005281898866,-0.021055553655753647,0.041541592231083016,0.09084442780034206,0.1020869741309608,-132.2131485738611
deltaRIC1,FGO-G,181,-679.7542710541388,469.8586980323128,1206.1164126720528,1462.036205451105,-1.342071039689929,-0.7678036080545463,-0.32778675730996115,1.5805445942407843,0.06263831367859075,0.04378978070328409,0.06834235879244405,0.10252697810749323,139.4645533526912
deltaRIC1,FGO-G,182,1231.375416425168,-368.2581090297571,-534.2245608356661,1391.867570008903,-1.4106760050831368,0.20600229319967236,0.852393467755744,1.6610293073854854,0.07580681533708672,-0.0020401848900891096,0.01874439291780266,0.07811650191728943,73.28105412927816
deltaRIC1,FGO-G,183,-1086.5694694543713,42.477675020348144,-1222.667290518911,1636.261858056449,-1.2668052882048815,-0.7526436185803737,-1.4598318155647245,2.0742171980167874,-0.011492203475271218,-0.18342810395264464,-0.07514832344135548,0.1985578267820884,-47.82038294552
deltaRIC1,FGO-G,184,668.2041241196555,571.512164893209,-5.836307850686519,879.2934485146392,-0.44575709767399113,0.2806134475410674,0.0037483630467599408,0.5267422019291351,0.03314295384651626,0.00497704009023236,0.0021019704506346276,0.033580419853054676,273.9627325909455
deltaRIC1,FGO-G,185,-968.047550429037,-638.2203327798873,-483.61043896278363,1256.3121864166983,2.107632395232692,-0.09404944392776002,0.11722145120966909,2.112983786014724,-0.0555275320647769,-0.02334257359056256,-0.012169286976344977,0.06145139627826446,-343.894641408114
deltaRIC1,FGO-G,186,-550.246030343344,1069.0943414884773,-1271.6652564313733,1750.1045481130434,0.5816938706687272,0.9112692454369952,-2.064265282960789,2.3302297215703995,0.05533983082923391,-0.1542088583933958,0.12560552076704146,0.20644518819861682,-128.6342338321939
deltaRIC1,FGO-G,187,1128.857745839603,100.3507302628696,1075.9404090418475,1562.7020967591677,0.19104213064829187,-0.9151652734405943,0.03489882349962034,0.9355439600980247,0.26271507500377506,0.09705927146507738,-0.14090808369207328,0.3135200166836929,177.0578026190954
deltaRIC1,FGO-G,188,1029.6251465265332,-383.58310578640214,1393.7349536181525,1774.7566205937987,0.11988002000906876,-0.3034979799630254,0.11348973344039122,0.345488295945583,0.007195442107918723,0.21984403771424962,-0.010468116773804643,0.2202107099448681,37.16343582644354
deltaRIC1,FGO-G,189,-168.7955056806049,747.0245824448056,-130.591796064214,776.9117496306028,-1.7166192130900506,-0.44426300300727906,-0.5918506530642856,1.8693416846910498,-0.05866626433219247,0.013283522041731066,-0.051771517084751376,0.07936291646471,-46.27945099576388
deltaRIC1,FGO-G,190,233.6802700064735,-782.9293598938002,949.5828342857587,1252.71401778067,-0.2659852766935525,-0.9565037124681146,-0.0958726541739046,0.9974162046013593,-0.06444442769723921,0.03341285952998414,-0.09790625247911501,0.12188165455760501,-24.277118620263874
deltaRIC1,FGO-G,191,-947.5466050429519,-67.36624733764607,2212.2116150926618,2407.542940418647,0.7026790651797807,0.11771779867480725,-0.5351144667955184,0.8910459254946543,0.0712182849533493,-0.014620603270074738,0.05593610113290974,0.09173142079804762,55.00791515990459
deltaRIC1,FGO-G,192,-84.81021575667066,-1092.1999554942674,1741.4366280623224,2057.3514636627947,-0.18320597104397085,0.15667758158884004,-0.7989057184771471,0.8344834566449945,0.0025736865309705917,0.011714061998366032,-0.06854801923927556,0.06958932427096383,116.61409883942139
deltaRIC1,FGO-G,193,-722.0301472267532,-1409.2057819707074,-453.8411848949231,1647.1673535347852,0.3245050035027806,-1.3666966856593223,-0.7804045281625837,1.606920830491403,0.006881429054718738,-0.10079027577821026,-0.02482370571136725,0.10403004432627802,97.17584192877364
deltaRIC1,FGO-G,194,1545.0912120649832,896.8644183807625,226.9601832009404,1800.8841060202922,-0.6419670984901411,1.7595862470558439,-0.23261241010798142,1.8874252434753975,-0.01677658146895273,0.16065192124042407,-0.08140741676511587,0.1808802393529849,152.87511687436816
deltaRIC1,FGO-G,195,-127.46322591691073,-244.96442189916286,-162.9225958030735,320.6216059169253,0.11824029122975836,-1.0163169874094722,1.5264470139839175,1.8376401910786513,0.07815055865666795,0.16616252375737192,-0.06907341637382204,0.1961851955916141,107.3161392662747
deltaRIC1,FGO-G,196,23.753120511423962,231.1742623292362,767.4500643616155,801.8636739409915,0.24823929972143843,1.2327999836329862,-0.21038613273733942,1.2750219113489205,0.020879381070451362,-0.12021218618765742,-0.0012665550100715395,0.12201853311482921,-54.164543793901494
deltaRIC1,FGO-G,197,1555.1983230483254,-187.83265471715467,-38.54117114318185,1566.9742665607196,-0.16862034474375734,0.4067669043277882,-1.5248113809998802,1.5871174760378255,0.029978971170807316,0.01024706514834685,-0.20667457205759174,0.20908878447158097,-86.49050030175054
deltaRIC1,FGO-G,198,477.22452332876105,-128.9368191159478,1238.0240733490284,1333.0684735533364,-0.6000075410897177,-0.7265479112577857,0.2550893765705574,0.976192351310302,0.13071940291777553,-0.04874498466631161,0.06118663740711291,0.1523398845558451,-146.22344714475912
deltaRIC1,FGO-G,199,-370.88613180654187,-970.7016453630018,-87.98113241743361,1042.8609143784768,0.00757297421832598,0.9289900466152711,-0.38702135708814667,1.006412136001502,-0.1962716145718802,0.0967330292701123,-0.01723113606445253,0.2194919991446084,-42.10347267095547
deltaRIC1,FGO-G,200,-589.5313303302888,158.42875517575644,498.4007359434328,788.0673534010245,-0.6896297948990712,0.931566414939712,0.9648842931430739,1.5081137021492683,0.08972851893467575,-0.026251164154008994,-0.09004790222367945,0.12980352624076327,-1.5124735318770928
deltaRIC0.5,FGO-B,1,947.2198307597481,1432.297234312146,-491.23526569239755,1786.0607104638489,-1.1077885172895925,0.021409503933857484,0.5722777172881751,1.2470587602843468,,,,,
deltaRIC0.5,FGO-B,2,803.8030445231689,2071.1154659226836,1137.847078814606,2496.0598114499944,0.3133048221933214,0.28992009380962747,0.802283886424877,0.9087755536001048,,,,,
deltaRIC0.5,FGO-B,3,820.4744110854978,-1551.4311746108842,-3125.434880400669,3584.474876523163,0.957497166220512,0.45647277466168595,0.595930315138343,1.2166762748687645,,,,,
deltaRIC0.5,FGO-B,4,773.6018733769457,-559.4577618345668,490.8321197215925,1073.4845203912605,1.4364246393538327,-2.280605359512699,0.4927391778047503,2.739939497091959,,,,,
deltaRIC0.5,FGO-B,5,-1540.6599158392717,361.8466922493973,283.534008333703,1607.7803142368296,0.7388732480319041,0.5813100889851551,-1.2440199666032654,1.5593077866543006,,,,,
deltaRIC0.5,FGO-B,6,192.40776696476556,-182.2315577703061,1366.3279924734825,1391.790671204681,-0.6242742096672644,-0.568511271987231,0.5973215774641251,1.0342709616616226,,,,,
deltaRIC0.5,FGO-B,7,-230.2637034216091,1702.767092776151,-1162.697336003348,2074.68123828796,-0.021531446493775978,-0.2119786262327599,1.3870886331341434,1.4033579077831815,,,,,
deltaRIC0.5,FGO-B,8,295.629630397118,944.310691235107,-224.39139849787298,1014.6285328481027,1.9817527705738536,0.46348552854702546,-1.767504154410565,2.69559526166453,,,,,
deltaRIC0.5,FGO-B,9,-318.1709402685232,-2086.697177445458,-511.6625112366583,2171.9429971790696,-0.6174348393975241,0.000182091942208307,-0.6960539446492049,0.9304390941491227,,,,,
deltaRIC0.5,FGO-B,10,1243.648747182678,241.98814186875552,208.13608363951732,1283.9552548616848,-0.11703276929818543,0.6942764679021738,0.3977054721182973,0.8086322560503991,,,,,
deltaRIC0.5,FGO-B,11,-417.02634221111344,578.5022364926981,-1109.4399714772537,1318.8756037005476,0.32690085569974897,-0.9281384829565237,-0.21294524416655067,1.0068023093016907,,,,,
deltaRIC0.5,FGO-B,12,463.5051546089132,-796.7967447666598,-427.1089516537593,1015.9449480176332,-1.0033071211252096,-1.0842813094409058,-0.438904708493236,1.5410802965585455,,,,,
deltaRIC0.5,FGO-B,13,1939.3727966474924,363.4543962533148,919.4709853969148,2176.8538847426003,0.24188709923953056,-1.166268404747802,-0.38254937867894984,1.251013744056854,,,,,
deltaRIC0.5,FGO-B,14,127.53376044619665,-781.4704480846382,-224.88711330359456,823.12522438155,-0.5764492728024521,-1.8288118635696566,-0.4088528522284743,1.9606139985277455,,,,,
deltaRIC0.5,FGO-B,15,1774.1690632004195,-525.7038550613,-2564.3228697081545,3162.2448020594534,-0.6738562790103171,-0.03541081125131881,1.0898047917972715,1.2817997872286455,,,,,
deltaRIC0.5,FGO-B,16,-755.1263659031424,522.89359329409,178.10213010508792,935.6034988915237,-0.1268558366888394,1.5684942398680817,0.4714330941923117,1.6427159663499693,,,,,
deltaRIC0.5,FGO-B,17,-772.4515168992173,522.5322681742949,170.92957864252216,948.1235352517019,-1.8456263664242931,0.41274198165275905,-1.0877620324919446,2.181723829266709,,,,,
deltaRIC0.5,FGO-B,18,1351.5227275623167,1566.5608962093336,279.8549341287663,2087.8327300830138,0.0766273145392938,0.23630887884790172,0.3526392379542836,0.43135607530303083,,,,,
deltaRIC0.5,FGO-B,19,1261.4237304341796,910.7177735460878,562.5412320368988,1654.4030127199408,-0.7600003832302542,-1.266384980594008,0.31359912447348093,1.5098595671302524,,,,,
deltaRIC0.5,FGO-B,20,-707.4443359121419,-1445.4945306844763,1295.809933516418,2066.1692356757057,-0.21207477132926097,0.5339976739658058,-0.7873895896647077,0.9747366774404286,,,,,
deltaRIC0.5,FGO-B,21,243.04503328829992,223.62062042496635,58.52073453077453,335.41280007682934,0.583135047547052,-0.7634474629272242,0.6767509213852779,1.1751128975224212,,,,,
deltaRIC0.5,FGO-B,22,-830.0320362850443,7.997979789269097,-337.99208994519466,896.24539151157,0.12817591507795573,1.0913164986408677,-0.2632607471694037,1.1299145925299074,,,,,
deltaRIC0.5,FGO-B,23,-972.2970454981921,44.34423149808912,-686.563112233714,1191.0906189840105,-0.2792061784536279,-0.28013969209636697,1.7569182167754478,1.8008875471866492,,,,,
deltaRIC0.5,FGO-B,24,-32.67594079148956,-243.8804558253842,898.6042355961278,931.6839410827619,1.015386851633404,0.5318491404004999,0.6903251168702551,1.3380667896621148,,,,,
deltaRIC0.5,FGO-B,25,-1135.4107322594898,810.1148069698759,566.1874115039037,1505.3277770463683,-0.4970541995740165,-0.1791184294389305,-0.7897238264133256,0.9501631497188995,,,,,
deltaRIC0.5,FGO-B,26,743.1106090537102,1560.020711011237,-559.0431629843806,1816.1517706821098,0.6551166664639471,-1.350728117408462,1.758081058961876,2.3118160185700662,,,,,
deltaRIC0.5,FGO-B,27,-1063.0916512668105,882.3636789890041,-1886.8538343530686,2338.5779681689214,-0.5832866835604034,-1.2954445986413814,-0.026631840061048396,1.420953665069013,,,,,
deltaRIC0.5,FGO-B,28,373.49610592395993,1347.3062143197117,-40.687693227747765,1398.709714224174,0.911444612836986,-0.6913346597810729,1.562298854741809,1.9363503313222385,,,,,
deltaRIC0.5,FGO-B,29,-1559.3195050390673,1222.3505502941812,519.9964589847143,2048.417560937323,-0.2772450034925978,0.2289878912336421,-0.5249864085070338,0.6363261549004213,,,,,
deltaRIC0.5,FGO-B,30,-322.4529178955571,-2392.3150332052624,-392.41021876829984,2445.6354761396965,-2.8287221507208904,-1.9468835109463072,-0.7218940830005133,3.509010612444025,,,,,
deltaRIC0.5,FGO-B,31,-954.4080067441171,300.30694478416956,641.859631536305,1188.7231347201089,-0.1641034285038943,-1.3338545118892189,0.6880268318913169,1.5097942626518228,,,,,
deltaRIC0.5,FGO-B,32,316.70683808867847,1580.4973714159996,713.187640967742,1762.6434051089702,0.07403663358355762,0.36867462560160646,0.06600189345055665,0.38178351537740507,,,,,
deltaRIC0.5,FGO-B,33,-163.37349666984477,-471.6171861384338,211.06801554226553,541.9071662750142,0.6256864262672479,-0.21020924780249753,1.4305449913197004,1.5754778335688044,,,,,
deltaRIC0.5,FGO-B,34,-1306.2170055125043,812.1478730899574,1695.2877026862247,2289.058196755542,0.02291395917597019,0.3731245860950278,0.18831600694526685,0.4185808461283359,,,,,
deltaRIC0.5,FGO-B,35,-255.37348050302293,-697.084352851819,321.0266530858424,808.8265089168164,0.5509783245596489,-1.3858085259105353,-0.4661070275500753,1.5624654062578331,,,,,
deltaRIC0.5,FGO-B,36,-2660.0717603440594,335.35896161726106,-1278.7524029001243,2970.4637872291582,1.089130537185866,0.07334126045627648,-0.48654152524428557,1.1951179537196837,,,,,
deltaRIC0.5,FGO-B,37,-607.0719892475477,963.9309515521527,1732.8916796623312,2073.791902031674,0.7487942238473503,-1.1009021376586994,-0.8538878390382084,1.5817088063313016,,,,,
deltaRIC0.5,FGO-B,38,-1103.4843921187594,-212.07394164503367,-1021.8417650174069,1518.8198553839288,1.3211686794941078,-1.4061442613304527,2.649000342787613,3.27718342169578,,,,,
deltaRIC0.5,FGO-B,39,2135.678944560073,-439.6139107267842,-934.1241062100449,2372.1241094311317,1.6076059930106907,1.0390614526712825,-2.270246626357835,2.9695227690119466,,,,,
deltaRIC0.5,FGO-B,40,-781.6226162240044,302.9051778451722,-482.227803768795,967.0724459346095,-0.8966811168472875,0.6970167071383236,-0.5640127298587979,1.2680613844697046,,,,,
deltaRIC0.5,FGO-B,41,189.92705566479117,-925.343712112543,-3635.246673966503,3755.975459531683,0.16343781380419506,-1.142597568584946,-1.8226389166149253,2.1573719528807622,,,,,
deltaRIC0.5,FGO-B,42,-149.58531531737617,1038.727899914912,-1238.1611443354589,1623.0756100571334,0.9963884256430094,1.8575908766496656,-0.060280749027981445,2.108807134014584,,,,,
deltaRIC0.5,FGO-B,43,547.4111440875803,493.54441359409634,-1025.1125419490427,1262.5770362724177,-0.6973072901636906,-0.08415035574279522,0.6579767907428864,0.9624199688511126,,,,,
deltaRIC0.5,FGO-B,44,-518.8814781289761,783.2115324223597,-1215.1204263993138,1535.9609186165976,-0.4169859407828422,1.1355502459847022,1.25024874682128,1.7396762816382392,,,,,
deltaRIC0.5,FGO-B,45,1272.3689317351934,247.0322468065699,-948.5604942289772,1606.14900946929,0.2607328148628533,-0.7550473259396557,0.8032568037254886,1.132828123717901,,,,,
deltaRIC0.5,FGO-B,46,-1035.826731765197,1536.8193000334056,935.1246173345413,2075.8633454877536,-0.7630893832363426,-0.14001713472661279,1.554860174808387,1.737670960806516,,,,,
deltaRIC0.5,FGO-B,47,-501.69399543367723,846.3708288598657,-885.485488857208,1323.6785848444597,-0.3768777133557882,1.4959745558211637,0.4827766130227577,1.6164930994502702,,,,,
deltaRIC0.5,FGO-B,48,177.2612753881342,-136.23968123754835,-735.7589164641187,768.9759382792096,-0.16602622931850122,-0.9349001374013437,0.4821509428741785,1.0649284048466499,,,,,
deltaRIC0.5,FGO-B,49,-1368.0967363592772,66.58163998031728,318.1035285266312,1406.1691397838554,0.899211514915243,0.4622614528047089,-0.5287509028048991,1.1409840123868005,,,,,
deltaRIC0.5,FGO-B,50,627.3140385295537,-506.21170246891177,-1081.3664073652933,1348.7499759521236,1.5810150412921338,0.0943440012330013,-0.2641310750333066,1.6057006496102784,,,,,
deltaRIC0.5,FGO-B,51,-580.0227842883056,-1131.9021306373907,644.2437067877454,1425.720455548926,-0.41668037370857125,0.27204072194791634,0.4405224412923324,0.6645966517475201,,,,,
deltaRIC0.5,FGO-B,52,-27.89486176277868,-829.8221314527466,1296.7411455557055,1539.7793646294483,-0.12913967218154898,-0.3041098138543542,0.5205947943898493,0.6165863879129164,,,,,
deltaRIC0.5,FGO-B,53,273.6715287380518,703.4407366983983,23.219803306353928,755.1583509133652,0.1342042105280051,-0.061605615239511496,-0.780764864792679,0.7946066926770843,,,,,
deltaRIC0.5,FGO-B,54,2088.525122842243,-812.2789335513572,658.9641223003717,2335.8013548060194,-0.9913149689516388,-0.45695977621088685,0.5158392721433924,1.207314275335017,,,,,
deltaRIC0.5,FGO-B,55,1208.99203199087,-1645.6501848634718,602.4658767879407,2129.035320762071,0.37478803499683244,-0.7811426616541801,0.01126041295329966,0.8664737306651844,,,,,
deltaRIC0.5,FGO-B,56,-278.46381914577825,567.8540452295919,993.6511350385003,1177.8552090219596,0.7890048791454889,-0.0499703553154511,-0.8906872668656254,1.1909448110984395,,,,,
deltaRIC0.5,FGO-B,57,-2.8663354648210033,-448.5337997308533,549.0743347926177,708.9946477287044,-1.9553325693867483,-2.047379744355586,0.7694615254007833,2.933796229047653,,,,,
deltaRIC0.5,FGO-B,58,195.13540195955625,-210.9225718343246,-269.01489932803105,393.6180540417247,-0.5911821974636295,-0.5812475901963049,-1.275778310690527,1.5214977652745048,,,,,
deltaRIC0.5,FGO-B,59,516.6480439555511,-24.494515866546237,432.5694352482281,674.2710871315813,-1.2868400030084155,0.5726015888600335,-0.2480388677923833,1.4301584013120578,,,,,
deltaRIC0.5,FGO-B,60,-1676.4253009816523,-109.41779210091664,1075.2771462604305,1994.641567868683,0.2596292473589214,-1.2888732227043023,-0.7872925543575972,1.532459166319039,,,,,
deltaRIC0.5,FGO-B,61,920.6199587716645,-235.49725760434063,-53.86023182910806,951.7883122840876,-2.319354558193065,0.3257521976860997,0.400700232802777,2.376148298712955,,,,,
deltaRIC0.5,FGO-B,62,-416.4631765908131,339.2761010993339,959.5784578835833,1099.70026237494,1.0118467649180318,-0.3356057239682466,0.8350422787353716,1.3541642016058835,,,,,
deltaRIC0.5,FGO-B,63,-605.99519012977,317.53822198446346,261.1300857563398,732.2906626255614,-1.141499537609752,-0.5736417577118413,-0.11930142301347145,1.2830895877089206,,,,,
deltaRIC0.5,FGO-B,64,102.77041800904007,-379.8151873094143,860.0365986226395,945.7717939857572,-0.4208494055751669,0.9229128239943631,-1.0145321283323123,1.4346280850048605,,,,,
deltaRIC0.5,FGO-B,65,617.9683108988283,-249.37688664943178,-528.9812906850904,850.8201165728151,0.23009371976981544,-0.09136017646305443,-0.022108791743862426,0.24855301324515114,,,,,
deltaRIC0.5,FGO-B,66,-213.25972243447518,510.8617541601297,-1622.5805991301943,1714.417464257202,-0.5659592150076278,0.020019261394899172,2.6276904065755415,2.6880229680357983,,,,,
deltaRIC0.5,FGO-B,67,494.28496630037773,1247.3192774874983,744.727093940085,1534.5166836339529,-1.092237329880666,-0.43820098791728246,1.2468132085202999,1.7145103287928054,,,,,
deltaRIC0.5,FGO-B,68,-1430.7952849544968,-617.821620269447,106.47788132365666,1562.11915074733,1.515706379636734,-0.18320289298892126,-2.6004884236962686,3.0155379571561207,,,,,
deltaRIC0.5,FGO-B,69,-996.9531522260445,122.91044914359485,1347.4537971172722,1680.670789181475,-0.5899789137935649,-1.2585006423422138,0.05991332327799579,1.3912183839365453,,,,,
deltaRIC0.5,FGO-B,70,-1175.2188141478005,672.8726421960928,-113.17908968164713,1358.9357453846299,-1.0638162897535137,-0.35650004796850954,-0.0398929383410673,1.1226704009084616,,,,,
deltaRIC0.5,FGO-B,71,-269.0942632377182,-10.002930261274296,-81.91409686443319,281.46349743151075,-0.01999566310099996,-0.29356814567511935,0.701544499389507,0.7607540780841408,,,,,
deltaRIC0.5,FGO-B,72,-370.4964591875436,1311.5982454878024,1206.128276900108,1819.97335260031,1.8729356954123781,0.3408292794107708,0.019660848819483018,1.9037960147636133,,,,,
deltaRIC0.5,FGO-B,73,-291.6109915345495,-822.2796598306188,-253.89253985605941,908.648574064518,1.7025918784537017,-0.6762628663205691,-0.4962190677752147,1.8979947134184332,,,,,
deltaRIC0.5,FGO-B,74,190.65603050297608,125.31109980855162,1470.0613611895462,1487.6602432561147,-0.712123595635985,-0.10325937732850805,0.22902450868327304,0.7551388879175869,,,,,
deltaRIC0.5,FGO-B,75,-1864.345941305499,1903.2007884207267,1537.9334193282962,3076.2311733994225,-0.2671972365603387,-0.037618583175884866,0.6877245528937391,0.7387655796519867,,,,,
deltaRIC0.5,FGO-B,76,1540.9900952608673,-2.2599971339415466,82.35314697864885,1543.1907277120445,0.1538632181862419,-3.2114961322038824,-1.5324675539857913,3.561718419680354,,,,,
deltaRIC0.5,FGO-B,77,-412.8047021080026,-489.82453645743817,-208.7799324804821,673.7394591418671,0.12504683429288005,-0.3594714740000755,-0.7404721613485878,0.8325595913318801,,,,,
deltaRIC0.5,FGO-B,78,-147.21095088570803,-2423.2929073726227,1387.1108448489867,2796.08584898261,0.3556646342794781,-1.4212314262154402,-0.6020128881468855,1.583924119531767,,,,,
deltaRIC0.5,FGO-B,79,-1363.4349494800003,1030.9921446034077,141.64556539316467,1715.2151847196942,-1.4558619237151806,-0.14031388138633993,0.09678141049389662,1.4658064564090836,,,,,
deltaRIC0.5,FGO-B,80,874.6500643154832,221.23509830481012,174.9892775234902,919.009766529829,-0.5507871385013438,0.014479412852163805,0.017689814260665928,0.5512613308256064,,,,,
deltaRIC0.5,FGO-B,81,687.4173192794883,624.9538264636282,125.6361165263466,937.4936212224328,-0.8349300835776899,-2.383757660031593,0.2618333439129553,2.539284451613679,,,,,
deltaRIC0.5,FGO-B,82,669.4244696971592,935.1757133574877,2277.139900425552,2551.0877800642415,1.1704263553068313,1.5039814301665495,-0.06239669562600208,1.9067646270863368,,,,,
deltaRIC0.5,FGO-B,83,-654.0040120907358,1842.8361153162782,-951.3781333434446,2174.6003192193334,-0.25057480045692176,-1.83839437361363,-1.83857779646671,2.6120585593012,,,,,
deltaRIC0.5,FGO-B,84,-760.5973094433344,-1373.2684555957078,2213.256464930632,2713.4624924299023,0.48437569518683554,-0.6113690079193022,-0.5913392793200173,0.9788125567230324,,,,,
deltaRIC0.5,FGO-B,85,1060.1794906297077,-583.0110870486506,590.49853065235,1346.3175682862125,0.2646945017524916,0.5146149999725633,0.6165482459482008,0.8455906320652826,,,,,
deltaRIC0.5,FGO-B,86,2690.2150219387413,-333.9251871640724,-542.1369260037552,2764.5389021361634,-0.16045083914593403,-0.8331185432545771,-1.5558504715341497,1.7721460630180288,,,,,
deltaRIC0.5,FGO-B,87,33.89948664599451,1008.5546653212576,182.3128675976269,1025.4607110113025,-0.7169696291713447,0.1737865223499981,0.277285081948266,0.7881206894731659,,,,,
deltaRIC0.5,FGO-B,88,-750.3400335635063,-996.305250372263,-40.5412018670869,1247.9094145554993,0.1905840323472764,1.06108788711859,-1.0098489517163307,1.4771677910305632,,,,,
deltaRIC0.5,FGO-B,89,-610.6834606769618,243.61303852718504,1072.8027102546516,1258.2476929502252,0.16975221297630094,-0.39965897761938274,1.326652809534554,1.3959050072437047,,,,,
deltaRIC0.5,FGO-B,90,309.4885325101981,279.7221791333138,1140.140875877518,1214.0629580467232,0.028523800791584397,0.7238053558953874,0.18929548804435142,0.7486925819242473,,,,,
deltaRIC0.5,FGO-B,91,64.29880818817169,320.0751067226199,-736.150892480286,805.29531674873,0.22885585667172492,-0.15249832791002543,-0.5562064140583013,0.620480715403708,,,,,
deltaRIC0.5,FGO-B,92,-34.988986904943104,-684.4711167866346,91.06595321247677,691.388419598039,0.1901125402189553,-0.2586358674550842,0.29391390035993936,0.4352248507467607,,,,,
deltaRIC0.5,FGO-B,93,696.6331580490992,499.70079704216135,-825.7615225307874,1190.3279949452574,-0.4668964545592211,-0.8267985093361284,1.0413886104505423,1.409282907118555,,,,,
deltaRIC0.5,FGO-B,94,324.2904551672982,-660.8552496803136,35.57968464734254,736.9938088629018,-0.29108376059478175,-0.31932405455561796,-1.1433772750745088,1.222296690929272,,,,,
deltaRIC0.5,FGO-B,95,1041.0694673085923,644.8953881455748,-133.59214160799056,1231.8938906062635,0.4773560064832158,0.15442355466848318,-0.4626688231499225,0.6824791799586184,,,,,
deltaRIC0.5,FGO-B,96,-94.85919925423907,417.7546769260256,363.531672259855,561.8474121260772,0.9771691852126387,-0.6216699211686277,1.1351280116225329,1.6216808287036835,,,,,
deltaRIC0.5,FGO-B,97,3245.6104606929384,-112.34335786477922,1619.387422224207,3628.9149777686616,1.181506684646822,1.5123638734437,-0.8995836007067949,2.1195407960743196,,,,,
deltaRIC0.5,FGO-B,98,641.9220711867242,1818.9003815240808,321.2119948730322,1955.4129203407176,0.9414621797248403,0.842160212262261,0.01977826227236554,1.2633194523272324,,,,,
deltaRIC0.5,FGO-B,99,-1406.882161889093,1532.806380841841,-1085.8559944176927,2346.8907216153093,0.22006234498591545,-0.7263891847575988,-0.5125004266275144,0.9158195077125696,,,,,
deltaRIC0.5,FGO-B,100,343.63040184654113,1552.4609646091453,730.2660040986119,1749.7157873353397,-0.5364723132357764,0.8269815303062944,1.0149593465546,1.4148651771440366,,,,,
deltaRIC0.5,FGO-B,101,128.9897599948056,-1462.5132671111087,-369.5325031353578,1513.9807414670142,-2.136065098812633,0.153870795341099,-0.8010706108633369,2.2865179753531977,,,,,
deltaRIC0.5,FGO-B,102,352.3231333055972,-1225.1891259897914,-2183.3647462580425,2528.3001403924236,-0.7821405533491244,1.6337520694438987,0.4133064113398201,1.8578783219737767,,,,,
deltaRIC0.5,FGO-B,103,-133.31736986258576,1497.9666554252067,1632.1497989600553,2219.3671593763406,-0.9604596879501548,-1.7926411115885146,-1.0088801555198086,2.2702167595488074,,,,,
deltaRIC0.5,FGO-B,104,968.8769037499255,-1444.6195423625911,1697.6087474045432,2430.5397622874566,-1.1981981285668692,-0.877335908861043,-0.026295204996264553,1.4852907089468967,,,,,
deltaRIC0.5,FGO-B,105,715.4823301317855,628.2802411273173,-808.5570852507707,1249.1659562408156,0.9079270980837958,0.14599359312070043,0.3064584345486129,0.9693103304789141,,,,,
deltaRIC0.5,FGO-B,106,1114.4829862653103,-83.97882880315876,419.2683122172973,1193.6962293613626,1.0478085749128856,1.0118264059041409,-0.08414364781334907,1.4590324324062163,,,,,
deltaRIC0.5,FGO-B,107,-338.21665352745885,187.73602075265813,-1079.9387788682761,1147.128190009669,1.6745415165969892,-1.1360747665997306,0.32058142374559284,2.0487868643083225,,,,,
deltaRIC0.5,FGO-B,108,-2015.949819005471,-642.0709145470042,-79.26816804831077,2117.2133039732093,-1.1730980457749627,0.7638038640850826,-1.6828395740020403,2.188950524708064,,,,,
deltaRIC0.5,FGO-B,109,610.7386334990999,1136.802587057224,199.0891115316767,1305.7405081863767,-1.54046518548892,0.6775360875068541,-0.7466947443416838,1.8410978189126728,,,,,
deltaRIC0.5,FGO-B,110,-512.8583545303158,131.73263115930652,283.33061330751286,600.5442651136619,-0.9994704974906152,-1.326548742374476,-0.6287870215188482,1.7759633891721942,,,,,
deltaRIC0.5,FGO-B,111,-380.98724529674655,-1033.8549068190669,1536.3679956196834,1890.6173244200181,0.00539502119213398,0.8490109017864093,0.9397412792131526,1.2664763280310485,,,,,
deltaRIC0.5,FGO-B,112,1462.369780878842,-416.77352310383617,-23.63413737799269,1520.7840471406905,0.722227629164846,-0.6600049778004071,-0.7201129601069649,1.2148176794747454,,,,,
deltaRIC0.5,FGO-B,113,33.749382332075875,-48.62205258658983,-426.2208711616656,430.3107665621892,-0.8856154990246623,-1.054438448770512,0.4468253143798306,1.4476906147132749,,,,,
deltaRIC0.5,FGO-B,114,-276.6505774552463,-189.0267618574188,-111.60108369427513,353.1592566907445,-0.4086726227663953,-0.03053554182525908,-0.8078901999252658,0.9058875796966269,,,,,
deltaRIC0.5,FGO-B,115,1454.6461010424277,-830.1117982402588,472.87201500714104,1740.3128510220588,1.3832912735266454,1.0889439576553699,0.5419161682677816,1.8420007664925504,,,,,
deltaRIC0.5,FGO-B,116,645.8715923506559,2175.605382331845,-322.21439910801473,2292.210944138738,-0.2884083142357912,1.6325812397950457,0.20388402956760238,1.670350130291186,,,,,
deltaRIC0.5,FGO-B,117,1475.7937191507667,1869.6933425652196,445.2776292132763,2423.219441939865,0.18293425899308927,-0.6924176930359662,1.22938687585943,1.42277872323071,,,,,
deltaRIC0.5,FGO-B,118,-1250.4202002800032,-1204.612451771995,681.1446264411389,1865.1004901511496,-0.280110884707347,0.9797920890370899,-2.8704308940844507,3.0459527513055185,,,,,
deltaRIC0.5,FGO-B,119,1252.09092422544,-760.2652155812546,-333.23199060129156,1502.257780845427,0.31857326075195375,0.2272916925910009,2.234732721240962,2.2687399082689157,,,,,
deltaRIC0.5,FGO-B,120,-444.1832980335017,388.9949906080127,1756.3506879721665,1852.939190613213,1.073899469816708,1.0557293288361311,-0.527204280204276,1.5955465646928337,,,,,
deltaRIC0.5,FGO-B,121,-1061.873713718752,12.881267201339183,527.7420618167297,1185.8555539112422,1.8740491319562418,0.07061405697337943,1.0863593532593145,2.1673078088822963,,,,,
deltaRIC0.5,FGO-B,122,-344.40460265806286,1545.4856065234849,1000.2345160176334,1872.8612808578087,0.2324300918919532,-0.22235155801829173,-0.5079774130319141,0.6012528711953561,,,,,
deltaRIC0.5,FGO-B,123,128.54804955201575,226.8120456617409,-46.36137760931833,264.79743660905206,0.40903992085442603,0.14991490374093897,0.2425133097130501,0.49859887745985537,,,,,
deltaRIC0.5,FGO-B,124,388.539281055861,821.9817658648757,-590.5533312798775,1084.1448396886394,-0.30014227606603316,-1.0585827000852464,0.2052133757938922,1.1192833637674575,,,,,
deltaRIC0.5,FGO-B,125,-1162.1411645740404,350.52810096458774,-1449.896272390178,1890.9366030235599,-0.7112259222190309,-0.29374937622254343,0.08813909386397369,0.7745317994340883,,,,,
deltaRIC0.5,FGO-B,126,1547.2714753755095,762.8471982743882,-510.052564122604,1798.9270370400886,1.5401296934377682,1.150007474425652,-0.5576476284857429,2.0013714151549564,,,,,
deltaRIC0.5,FGO-B,127,-86.25803757820934,-715.7805469817494,-251.1163447166147,763.4406716098964,-1.10962955561972,-0.2603285739927645,1.0145631476641386,1.5259053370835585,,,,,
deltaRIC0.5,FGO-B,128,519.213913728414,-839.7641958946606,881.9519122056194,1323.867881761217,0.3368516004623475,2.0027387051087335,0.6236202146065893,2.1244607536362303,,,,,
deltaRIC0.5,FGO-B,129,685.8799776676174,-564.7347161549197,-449.2947426077915,995.6015313020117,-1.19436858167616,-0.8491455727715629,0.48262288770909906,1.5428834578131096,,,,,
deltaRIC0.5,FGO-B,130,1077.6663144384183,-1235.191133364718,-488.1631820437176,1710.3698762317897,1.2063008153797907,-0.9148629303597202,2.172219392372944,2.6477675364603677,,,,,
deltaRIC0.5,FGO-B,131,1481.0145200977804,-852.8627281526582,597.6857663034343,1810.5267512672044,0.4621404956122197,0.27397995367960426,-0.18868360763868164,0.5694210713474995,,,,,
deltaRIC0.5,FGO-B,132,-357.54608116753377,487.4728411424653,157.82655868636505,624.8025237117313,-0.3692914519111992,1.7091874909523017,1.183241606886454,2.1113405116062505,,,,,
deltaRIC0.5,FGO-B,133,2196.0383274951287,-648.3236962994829,2491.3523937788423,3383.747139045498,-0.0029067783961533224,-0.560094896400287,-0.8529420946972319,1.0204043116533732,,,,,
deltaRIC0.5,FGO-B,134,115.98874228516469,641.1614725399072,465.33109108183817,800.6712474754232,-0.5592804620317112,-0.956758797069083,1.5008106904614482,1.8656405762050878,,,,,
deltaRIC0.5,FGO-B,135,-1263.2264415602542,1221.4577237064125,1017.5660218033706,2030.551802389629,-1.1136445568410045,-0.001800019234019449,1.3027838017101738,1.7138999600470424,,,,,
deltaRIC0.5,FGO-B,136,1627.0595405815473,509.5637852465729,-368.866985539686,1744.431383819205,-0.10754985607035442,1.8854948401148335,0.9052729316516269,2.094320138952387,,,,,
deltaRIC0.5,FGO-B,137,-598.2590230373739,1837.5576829219503,221.95649195478717,1945.1983911755622,0.6689437959118598,1.3775485621687618,-1.2059857490030428,1.9492376638113222,,,,,
deltaRIC0.5,FGO-B,138,-172.33171885569746,1421.8258181903166,1304.960823111216,1937.5782896315247,-1.9830762171909098,2.517494961376491,0.9638067960571747,3.3465348801215598,,,,,
deltaRIC0.5,FGO-B,139,1.3423838826943892,1431.304331297312,-489.25189007224617,1512.6140627153377,-0.9655896206662113,0.9763957693043389,-0.5093237367906628,1.4646237341761652,,,,,
deltaRIC0.5,FGO-B,140,1351.2430722008103,-185.23650881493236,-928.2648338381568,1649.8018081300584,-1.213857433227155,-0.39486468828905835,0.1764545551728105,1.2886055254808069,,,,,
deltaRIC0.5,FGO-B,141,228.53509515612947,-575.0069082182071,453.2985414571593,767.0337684247486,-0.0939448222726058,0.907853737503869,-1.0144373677338414,1.3645904921940284,,,,,
deltaRIC0.5,FGO-B,142,-1594.0377470880558,-1016.1089408465094,164.36699423793573,1897.485237783049,-0.8292395542793354,-0.18131926281309124,-0.9122359832529102,1.2460695817609373,,,,,
deltaRIC0.5,FGO-B,143,1072.144224612476,-235.1774663677872,-632.6546769300518,1266.9071076043922,-1.3897145539211917,0.47019467346655214,-0.18684188719621492,1.4789521503915322,,,,,
deltaRIC0.5,FGO-B,144,908.3820945689197,313.2302659616615,-142.70639146617248,971.4094622830927,0.46080847310884493,0.44992154801966405,-0.6897275711490284,0.9436620002227778,,,,,
deltaRIC0.5,FGO-B,145,555.285302673468,541.6601692417511,1079.1500428534282,1329.0230702657962,0.95319178017191,0.17397738677207544,-1.3095182328454362,1.6290121862803755,,,,,
deltaRIC0.5,FGO-B,146,-576.6406457561098,-868.3530550549646,-4.272451751107348,1042.3865484575667,0.4244161164761666,0.9522489849689838,-0.7093717420632505,1.260997794501252,,,,,
deltaRIC0.5,FGO-B,147,998.2338927500472,788.1684795589066,-160.735740531392,1281.9970495634093,1.1434391562605362,2.79291141560317,1.0109406133273247,3.1827359618967663,,,,,
deltaRIC0.5,FGO-B,148,188.86976751341345,6.628695679605062,992.1067890811871,1009.9463399745388,-0.9988364846446717,0.884534940532523,-0.527984938670986,1.4348674083494977,,,,,
deltaRIC0.5,FGO-B,149,313.46345715486154,-230.28550646990354,2.4044454777977253,388.96855248160284,0.09017330444583281,1.1424527854244038,-0.020962802835812144,1.1461976404012497,,,,,
deltaRIC0.5,FGO-B,150,-415.23935946436364,-562.8117421254641,-397.73193457759834,804.5939811516824,0.08747429726784728,0.3337426186234346,0.30961406219111515,0.46356958018685257,,,,,
deltaRIC0.5,FGO-B,151,815.0949727693725,-1406.6316357623964,-1413.6322243372144,2154.378898672673,-1.0344282883292482,-0.5711167190668037,-0.980023646210962,1.5351425137836674,,,,,
deltaRIC0.5,FGO-B,152,-1996.3041395003345,420.6059320184941,-789.4468465393559,2187.5479174057537,1.839458902676841,-0.1985688730593946,-0.2392923494774262,1.8655560780913536,,,,,
deltaRIC0.5,FGO-B,153,672.3309785944541,-568.6321704290317,-859.2842505602255,1230.3417871816987,-0.4201847520766845,-0.9041680857126025,-1.0176954986530877,1.4247032256149679,,,,,
deltaRIC0.5,FGO-B,154,-24.107304338547767,-460.8190501472281,1190.63780561466,1276.9313776628555,0.1988008474988593,-0.9796739474353915,-0.8084509823707631,1.2856421785030852,,,,,
deltaRIC0.5,FGO-B,155,-193.21388523746378,144.21894260093933,-361.14482113558756,434.2306883288471,-0.45148952866506664,-2.0446898613799163,-0.45237714799712203,2.1422522045160868,,,,,
deltaRIC0.5,FGO-B,156,170.36140058034889,918.7286966348647,-546.7009334815399,1082.5744018300463,-0.27161736008954823,-0.4096751711784373,0.8706578214202737,0.9998273741913624,,,,,
deltaRIC0.5,FGO-B,157,1277.334666396347,-519.682052231713,-529.605392707498,1477.2051845882802,1.3390462213962198,0.3655987157669639,-0.4025406147695339,1.4452495115186796,,,,,
deltaRIC0.5,FGO-B,158,-1102.524007024978,1079.9335134791363,-737.1030740117309,1710.303049555648,3.010459783885753,0.4155033909110017,1.0583248055226036,3.218005993194614,,,,,
deltaRIC0.5,FGO-B,159,1145.804139886096,62.589302410057876,-2805.4759757270704,3031.0856137922024,-1.4263310052351257,3.0827836940403417,-1.1042007347980667,3.5717271317199817,,,,,
deltaRIC0.5,FGO-B,160,-1552.0847908289143,1457.8428172554457,-853.5506332016521,2294.0840353362537,-0.11022310177417044,-1.0881178171033443,-0.45955655062000245,1.1863143509543417,,,,,
deltaRIC0.5,FGO-B,161,-691.5210023940597,2283.1913121095827,-823.3402032235324,2523.6982693438076,-0.6420151403453145,-0.5068588581487837,-0.7723522844050459,1.1249966194358967,,,,,
deltaRIC0.5,FGO-B,162,-527.6478787030298,829.3650345088502,342.0364698231327,1040.7918096597148,-0.18816685217218054,-0.7657942219332254,-0.7916661103818419,1.1174000111552784,,,,,
deltaRIC0.5,FGO-B,163,1291.3267789788915,-1116.8389464888003,334.47739678588374,1739.749755413943,-0.3480395229175667,-0.620821223127754,-0.8057168100442025,1.0750488726501384,,,,,
deltaRIC0.5,FGO-B,164,1134.9102188969437,-145.4327848928343,-151.69283825213572,1154.2021560607927,-0.21352137138410385,-0.41205089006057477,-0.6536150816514301,0.8016171074769213,,,,,
deltaRIC0.5,FGO-B,165,-2067.535933077259,810.8314852408778,-879.7405246882847,2388.7435866585593,-0.4836436592660983,0.6685568149668619,-1.3172958167896305,1.5543962406408465,,,,,
deltaRIC0.5,FGO-B,166,1016.8047344585817,-1295.079075888188,522.383628254451,1727.4276644447589,0.28203799777862804,-0.22696768538518464,-0.20466465182915758,0.4158694291582826,,,,,
deltaRIC0.5,FGO-B,167,337.76653089024654,770.2744966440927,-673.482172920704,1077.4911910600176,1.5878773760770433,-0.6495504000333855,-0.8001948304004715,1.8930351423680667,,,,,
deltaRIC0.5,FGO-B,168,-975.825045415631,-407.7731924958674,420.3942834241554,1138.0882432019052,0.13693101718827377,-0.25127744817106706,0.9406722785477714,0.9832368967119951,,,,,
deltaRIC0.5,FGO-B,169,-1535.127040202243,-416.1208474185487,-616.5133591357992,1705.8312669221823,-0.881380673337972,-1.0637592209536784,1.7605622800089162,2.2378550250826943,,,,,
deltaRIC0.5,FGO-B,170,152.36928972921098,178.21269558232368,1374.9850598869334,1394.8333521362242,-2.223206576907208,0.0897267888552177,0.29006781092758666,2.243844405295977,,,,,
deltaRIC0.5,FGO-B,171,514.9212560226644,-1153.0751634841295,-483.34245820099363,1352.1635124672198,1.970326884439153,1.0711991217180108,0.25920094074226935,2.257618372886528,,,,,
deltaRIC0.5,FGO-B,172,-567.9755701093026,356.69505144046144,1016.4326788790254,1217.7696821058948,0.27543629606612163,-0.6067797480758716,0.3624272344215764,0.7585514591088166,,,,,
deltaRIC0.5,FGO-B,173,1331.9577698188864,1074.497136579495,-356.5680919271449,1748.0836368088915,-0.42066115880704785,-1.5651306026859004,0.6652862205040994,1.7519119182154814,,,,,
deltaRIC0.5,FGO-B,174,859.8301092402224,-2583.160313684232,-1074.326146349873,2926.807423060192,-2.8819502119321476,1.412863573535178,0.6305150999301792,3.270989115346963,,,,,
deltaRIC0.5,FGO-B,175,-467.75383943247914,238.34357705985272,-210.70363276821223,565.6830701826184,1.308223469747221,0.48656274179652603,0.2567126463492099,1.4191875602955466,,,,,
deltaRIC0.5,FGO-B,176,-92.50892143184898,-738.9829520904887,414.762087686398,852.4560360551369,0.271104615620222,0.3525202635807219,1.5346184062555084,1.5977552696404436,,,,,
deltaRIC0.5,FGO-B,177,-743.6806931354766,384.9334421662022,250.8788293910527,874.1709874372456,-1.7906440391372076,-0.21119657544228493,1.5237085421338525,2.360656220153166,,,,,
deltaRIC0.5,FGO-B,178,-730.3804510342521,1400.9565648484768,716.4569069560621,1734.7753166822756,0.6502087593602076,-0.7704944066118334,0.568596448295666,1.1574692144430052,,,,,
deltaRIC0.5,FGO-B,179,303.3480109217989,27.927746490802463,-1780.5815751640378,1806.4525237514304,-2.5988557853518195,-1.010527598581724,-0.7709631055843851,2.8930263619131242,,,,,
deltaRIC0.5,FGO-B,180,-691.9178653088649,217.43766290773314,959.7041232018689,1202.9386824252604,0.22368702313362657,0.39800224659919714,-0.8792302678703279,0.9907005281898866,,,,,
deltaRIC0.5,FGO-B,181,-679.7542710541388,469.8586980323128,1206.1164126720528,1462.036205451105,-1.342071039689929,-0.7678036080545463,-0.32778675730996115,1.5805445942407843,,,,,
deltaRIC0.5,FGO-B,182,1231.375416425168,-368.2581090297571,-534.2245608356661,1391.867570008903,-1.4106760050831368,0.20600229319967236,0.852393467755744,1.6610293073854854,,,,,
deltaRIC0.5,FGO-B,183,-1086.5694694543713,42.477675020348144,-1222.667290518911,1636.261858056449,-1.2668052882048815,-0.7526436185803737,-1.4598318155647245,2.0742171980167874,,,,,
deltaRIC0.5,FGO-B,184,668.2041241196555,571.512164893209,-5.836307850686519,879.2934485146392,-0.44575709767399113,0.2806134475410674,0.0037483630467599408,0.5267422019291351,,,,,
deltaRIC0.5,FGO-B,185,-968.047550429037,-638.2203327798873,-483.61043896278363,1256.3121864166983,2.107632395232692,-0.09404944392776002,0.11722145120966909,2.112983786014724,,,,,
deltaRIC0.5,FGO-B,186,-550.246030343344,1069.0943414884773,-1271.6652564313733,1750.1045481130434,0.5816938706687272,0.9112692454369952,-2.064265282960789,2.3302297215703995,,,,,
deltaRIC0.5,FGO-B,187,1128.857745839603,100.3507302628696,1075.9404090418475,1562.7020967591677,0.19104213064829187,-0.9151652734405943,0.03489882349962034,0.9355439600980247,,,,,
deltaRIC0.5,FGO-B,188,1029.6251465265332,-383.58310578640214,1393.7349536181525,1774.7566205937987,0.11988002000906876,-0.3034979799630254,0.11348973344039122,0.345488295945583,,,,,
deltaRIC0.5,FGO-B,189,-168.7955056806049,747.0245824448056,-130.591796064214,776.9117496306028,-1.7166192130900506,-0.44426300300727906,-0.5918506530642856,1.8693416846910498,,,,,
deltaRIC0.5,FGO-B,190,233.6802700064735,-782.9293598938002,949.5828342857587,1252.71401778067,-0.2659852766935525,-0.9565037124681146,-0.0958726541739046,0.9974162046013593,,,,,
deltaRIC0.5,FGO-B,191,-947.5466050429519,-67.36624733764607,2212.2116150926618,2407.542940418647,0.7026790651797807,0.11771779867480725,-0.5351144667955184,0.8910459254946543,,,,,
deltaRIC0.5,FGO-B,192,-84.81021575667066,-1092.1999554942674,1741.4366280623224,2057.3514636627947,-0.18320597104397085,0.15667758158884004,-0.7989057184771471,0.8344834566449945,,,,,
deltaRIC0.5,FGO-B,193,-722.0301472267532,-1409.2057819707074,-453.8411848949231,1647.1673535347852,0.3245050035027806,-1.3666966856593223,-0.7804045281625837,1.606920830491403,,,,,
deltaRIC0.5,FGO-B,194,1545.0912120649832,896.8644183807625,226.9601832009404,1800.8841060202922,-0.6419670984901411,1.7595862470558439,-0.23261241010798142,1.8874252434753975,,,,,
deltaRIC0.5,FGO-B,195,-127.46322591691073,-244.96442189916286,-162.9225958030735,320.6216059169253,0.11824029122975836,-1.0163169874094722,1.5264470139839175,1.8376401910786513,,,,,
deltaRIC0.5,FGO-B,196,23.753120511423962,231.1742623292362,767.4500643616155,801.8636739409915,0.24823929972143843,1.2327999836329862,-0.21038613273733942,1.2750219113489205,,,,,
deltaRIC0.5,FGO-B,197,1555.1983230483254,-187.83265471715467,-38.54117114318185,1566.9742665607196,-0.16862034474375734,0.4067669043277882,-1.5248113809998802,1.5871174760378255,,,,,
deltaRIC0.5,FGO-B,198,477.22452332876105,-128.9368191159478,1238.0240733490284,1333.0684735533364,-0.6000075410897177,-0.7265479112577857,0.2550893765705574,0.976192351310302,,,,,
deltaRIC0.5,FGO-B,199,-370.88613180654187,-970.7016453630018,-87.98113241743361,1042.8609143784768,0.00757297421832598,0.9289900466152711,-0.38702135708814667,1.006412136001502,,,,,
deltaRIC0.5,FGO-B,200,-589.5313303302888,158.42875517575644,498.4007359434328,788.0673534010245,-0.6896297948990712,0.931566414939712,0.9648842931430739,1.5081137021492683,,,,,
deltaRIC0.5,FGO-G,1,947.2198307597481,1432.297234312146,-491.23526569239755,1786.0607104638489,-1.1077885172895925,0.021409503933857484,0.5722777172881751,1.2470587602843468,0.20092828495004567,-0.11052242918542791,-0.020729210057650934,0.23025438800515594,94.15727018896736
deltaRIC0.5,FGO-G,2,803.8030445231689,2071.1154659226836,1137.847078814606,2496.0598114499944,0.3133048221933214,0.28992009380962747,0.802283886424877,0.9087755536001048,0.02682114398923445,-0.19023921024640628,0.06332653104777708,0.20228835956281,17.372426807532392
deltaRIC0.5,FGO-G,3,820.4744110854978,-1551.4311746108842,-3125.434880400669,3584.474876523163,0.957497166220512,0.45647277466168595,0.595930315138343,1.2166762748687645,-0.148329648889348,-0.08979269682965192,0.1675418723983341,0.24111136877036451,-16.11112297825267
deltaRIC0.5,FGO-G,4,773.6018733769457,-559.4577618345668,490.8321197215925,1073.4845203912605,1.4364246393538327,-2.280605359512699,0.4927391778047503,2.739939497091959,0.20179958154304803,-0.047747104033461434,0.09674894157238402,0.22883010018331953,-252.81464789343215
deltaRIC0.5,FGO-G,5,-1540.6599158392717,361.8466922493973,283.534008333703,1607.7803142368296,0.7388732480319041,0.5813100889851551,-1.2440199666032654,1.5593077866543006,0.0038132764207404295,-0.10023023595850321,-0.07192859451734986,0.12342756574849695,-0.17114196645327134
deltaRIC0.5,FGO-G,6,192.40776696476556,-182.2315577703061,1366.3279924734825,1391.790671204681,-0.6242742096672644,-0.568511271987231,0.5973215774641251,1.0342709616616226,0.010756229399406937,0.036719943425470566,0.014447717633613967,0.0408997220147407,-102.94920622232627
deltaRIC0.5,FGO-G,7,-230.2637034216091,1702.767092776151,-1162.697336003348,2074.68123828796,-0.021531446493775978,-0.2119786262327599,1.3870886331341434,1.4033579077831815,-0.080226274699943,0.06373480749472793,-0.07246707768832819,0.12549843898354648,22.221682259558875
deltaRIC0.5,FGO-G,8,295.629630397118,944.310691235107,-224.39139849787298,1014.6285328481027,1.9817527705738536,0.46348552854702546,-1.767504154410565,2.69559526166453,-0.11827015646598481,0.02739630680946967,-0.013577535888265392,0.12215865510918274,-55.251717385141106
deltaRIC0.5,FGO-G,9,-318.1709402685232,-2086.697177445458,-511.6625112366583,2171.9429971790696,-0.6174348393975241,0.000182091942208307,-0.6960539446492049,0.9304390941491227,0.11794221451859668,-0.008077617701673277,-0.14285894350087425,0.18543001809704665,152.60554554781157
deltaRIC0.5,FGO-G,10,1243.648747182678,241.98814186875552,208.13608363951732,1283.9552548616848,-0.11703276929818543,0.6942764679021738,0.3977054721182973,0.8086322560503991,-0.10354617801666648,0.009216075840316699,0.10287999409482745,0.14625676128201864,-19.119679507382852
deltaRIC0.5,FGO-G,11,-417.02634221111344,578.5022364926981,-1109.4399714772537,1318.8756037005476,0.32690085569974897,-0.9281384829565237,-0.21294524416655067,1.0068023093016907,-0.13794462875576932,-0.004724737828340174,-0.015350661795513384,0.13887651553691072,-97.91112145594066
deltaRIC0.5,FGO-G,12,463.5051546089132,-796.7967447666598,-427.1089516537593,1015.9449480176332,-1.0033071211252096,-1.0842813094409058,-0.438904708493236,1.5410802965585455,-0.12601758317758366,0.008864032354763346,-0.033309577022109946,0.1306465853396,20.913449469976467
deltaRIC0.5,FGO-G,13,1939.3727966474924,363.4543962533148,919.4709853969148,2176.8538847426003,0.24188709923953056,-1.166268404747802,-0.38254937867894984,1.251013744056854,0.06344962026134862,0.036312673245923764,-0.03683674271900397,0.0818621412114334,116.17668149757516
deltaRIC0.5,FGO-G,14,127.53376044619665,-781.4704480846382,-224.88711330359456,823.12522438155,-0.5764492728024521,-1.8288118635696566,-0.4088528522284743,1.9606139985277455,-0.014987287572100676,0.073167123046231,0.07562799026128698,0.10629035513437929,21.923437706422167
deltaRIC0.5,FGO-G,15,1774.1690632004195,-525.7038550613,-2564.3228697081545,3162.2448020594534,-0.6738562790103171,-0.03541081125131881,1.0898047917972715,1.2817997872286455,-0.08002922716946252,0.010805079356054466,-0.32393584741283254,0.3338500564329771,-196.75307319592054
deltaRIC0.5,FGO-G,16,-755.1263659031424,522.89359329409,178.10213010508792,935.6034988915237,-0.1268558366888394,1.5684942398680817,0.4714330941923117,1.6427159663499693,0.03437099296889216,0.12822654205851067,0.03512119412715064,0.13732046287013322,-107.19281939313743
deltaRIC0.5,FGO-G,17,-772.4515168992173,522.5322681742949,170.92957864252216,948.1235352517019,-1.8456263664242931,0.41274198165275905,-1.0877620324919446,2.181723829266709,-0.05402212144229199,0.0035675681812646002,-0.048412930926555575,0.07262870664381377,140.19681346320243
deltaRIC0.5,FGO-G,18,1351.5227275623167,1566.5608962093336,279.8549341287663,2087.8327300830138,0.0766273145392938,0.23630887884790172,0.3526392379542836,0.43135607530303083,-0.06134315755173764,0.08424593090256073,0.1559331454701477,0.18755134152618205,37.754682250829234
deltaRIC0.5,FGO-G,19,1261.4237304341796,910.7177735460878,562.5412320368988,1654.4030127199408,-0.7600003832302542,-1.266384980594008,0.31359912447348093,1.5098595671302524,0.05621944231336824,-0.09676403434730457,0.003784855633190346,0.11197423439951072,69.34893762407486
deltaRIC0.5,FGO-G,20,-707.4443359121419,-1445.4945306844763,1295.809933516418,2066.1692356757057,-0.21207477132926097,0.5339976739658058,-0.7873895896647077,0.9747366774404286,-0.04009306616945678,0.0866912345945647,-0.08607844163161467,0.12857807831868379,-254.78704478395315
deltaRIC0.5,FGO-G,21,243.04503328829992,223.62062042496635,58.52073453077453,335.41280007682934,0.583135047547052,-0.7634474629272242,0.6767509213852779,1.1751128975224212,0.14188973793202078,0.10442108732163545,0.11834107654453206,0.2122288189798194,-80.16162000432139
deltaRIC0.5,FGO-G,22,-830.0320362850443,7.997979789269097,-337.99208994519466,896.24539151157,0.12817591507795573,1.0913164986408677,-0.2632607471694037,1.1299145925299074,0.14855853065482488,0.04467641426604764,-0.009566954621524683,0.15542569170739554,-16.051419465091477
deltaRIC0.5,FGO-G,23,-972.2970454981921,44.34423149808912,-686.563112233714,1191.0906189840105,-0.2792061784536279,-0.28013969209636697,1.7569182167754478,1.8008875471866492,0.04298020886486405,0.037267016970793196,0.09413968107224405,0.10999276549097467,104.57922100698977
deltaRIC0.5,FGO-G,24,-32.67594079148956,-243.8804558253842,898.6042355961278,931.6839410827619,1.015386851633404,0.5318491404004999,0.6903251168702551,1.3380667896621148,0.01635361297117587,0.010985123463976006,-0.08550748345135749,0.08774761148267218,105.53456511055803
deltaRIC0.5,FGO-G,25,-1135.4107322594898,810.1148069698759,566.1874115039037,1505.3277770463683,-0.4970541995740165,-0.1791184294389305,-0.7897238264133256,0.9501631497188995,0.06488373577890566,-0.07714832664925118,0.034463423795696384,0.10653399013051268,-140.29766429987546
deltaRIC0.5,FGO-G,26,743.1106090537102,1560.020711011237,-559.0431629843806,1816.1517706821098,0.6551166664639471,-1.350728117408462,1.758081058961876,2.3118160185700662,0.14112811194314473,-0.16553155999343797,0.08107243991298398,0.23214345101239092,-59.842945679105306
deltaRIC0.5,FGO-G,27,-1063.0916512668105,882.3636789890041,-1886.8538343530686,2338.5779681689214,-0.5832866835604034,-1.2954445986413814,-0.026631840061048396,1.420953665069013,0.09645471670900796,0.060497437230467896,0.14312133384738823,0.18288567054070948,63.09881021280346
deltaRIC0.5,FGO-G,28,373.49610592395993,1347.3062143197117,-40.687693227747765,1398.709714224174,0.911444612836986,-0.6913346597810729,1.562298854741809,1.9363503313222385,0.07354897295698763,0.01297274122924933,0.02923822589633146,0.08020359899402066,-252.56854486538407
deltaRIC0.5,FGO-G,29,-1559.3195050390673,1222.3505502941812,519.9964589847143,2048.417560937323,-0.2772450034925978,0.2289878912336421,-0.5249864085070338,0.6363261549004213,0.12125103482568159,-0.06678755320572381,0.09190151415714415,0.16615739229381823,-4.9902928885250635
deltaRIC0.5,FGO-G,30,-322.4529178955571,-2392.3150332052624,-392.41021876829984,2445.6354761396965,-2.8287221507208904,-1.9468835109463072,-0.7218940830005133,3.509010612444025,0.11753862677547741,-0.026726609562076724,0.09125557871828961,0.15118604793484952,-202.49968783233246
deltaRIC0.5,FGO-G,31,-954.4080067441171,300.30694478416956,641.859631536305,1188.7231347201089,-0.1641034285038943,-1.3338545118892189,0.6880268318913169,1.5097942626518228,0.0546106407838523,0.012757792227975502,0.14666429336790995,0.15702069385422898,188.78557194772162
deltaRIC0.5,FGO-G,32,316.70683808867847,1580.4973714159996,713.187640967742,1762.6434051089702,0.07403663358355762,0.36867462560160646,0.06600189345055665,0.38178351537740507,-0.13520032011868338,-0.03598772161016563,-0.027366408835562798,0.14255933150600986,57.330530109105865
deltaRIC0.5,FGO-G,33,-163.37349666984477,-471.6171861384338,211.06801554226553,541.9071662750142,0.6256864262672479,-0.21020924780249753,1.4305449913197004,1.5754778335688044,-0.0016508162210403065,0.07697000984700443,0.03175423294787945,0.08327928265872492,75.63140841527733
deltaRIC0.5,FGO-G,34,-1306.2170055125043,812.1478730899574,1695.2877026862247,2289.058196755542,0.02291395917597019,0.3731245860950278,0.18831600694526685,0.4185808461283359,-0.1068250301109241,0.055401482287825494,-0.03966786711501273,0.12670615998972737,-70.37731669777581
deltaRIC0.5,FGO-G,35,-255.37348050302293,-697.084352851819,321.0266530858424,808.8265089168164,0.5509783245596489,-1.3858085259105353,-0.4661070275500753,1.5624654062578331,0.08330138357036776,-0.06993828585925749,0.06509814472477003,0.12676061210121958,-145.76332734650714
deltaRIC0.5,FGO-G,36,-2660.0717603440594,335.35896161726106,-1278.7524029001243,2970.4637872291582,1.089130537185866,0.07334126045627648,-0.48654152524428557,1.1951179537196837,-0.11067063217352235,-0.03223555304971084,-0.14596328912898046,0.1859903263061231,129.93055291664848
deltaRIC0.5,FGO-G,37,-607.0719892475477,963.9309515521527,1732.8916796623312,2073.791902031674,0.7487942238473503,-1.1009021376586994,-0.8538878390382084,1.5817088063313016,0.024250227749224636,0.0005829207883704542,-0.14275963535617342,0.1448058245705689,105.97139972026572
deltaRIC0.5,FGO-G,38,-1103.4843921187594,-212.07394164503367,-1021.8417650174069,1518.8198553839288,1.3211686794941078,-1.4061442613304527,2.649000342787613,3.27718342169578,0.13558441220363035,0.06742118209325432,0.04276137919943862,0.1573444761613635,-92.24913822793073
deltaRIC0.5,FGO-G,39,2135.678944560073,-439.6139107267842,-934.1241062100449,2372.1241094311317,1.6076059930106907,1.0390614526712825,-2.270246626357835,2.9695227690119466,-0.004480294016192054,-0.06373394562646546,0.04756323201607544,0.07965142747875775,-173.778182193486
deltaRIC0.5,FGO-G,40,-781.6226162240044,302.9051778451722,-482.227803768795,967.0724459346095,-0.8966811168472875,0.6970167071383236,-0.5640127298587979,1.2680613844697046,0.06762350734420536,0.18652851036470258,-0.053498076069233104,0.20549420446211178,81.2366234010151
deltaRIC0.5,FGO-G,41,189.92705566479117,-925.343712112543,-3635.246673966503,3755.975459531683,0.16343781380419506,-1.142597568584946,-1.8226389166149253,2.1573719528807622,0.09424667476530454,-0.08304667291697504,0.127993255996556,0.179336162464507,17.922040523599204
deltaRIC0.5,FGO-G,42,-149.58531531737617,1038.727899914912,-1238.1611443354589,1623.0756100571334,0.9963884256430094,1.8575908766496656,-0.060280749027981445,2.108807134014584,-0.049400095056721244,0.08878023927326882,-0.22287625944432266,0.24494106903687055,-4.546404122621028
deltaRIC0.5,FGO-G,43,547.4111440875803,493.54441359409634,-1025.1125419490427,1262.5770362724177,-0.6973072901636906,-0.08415035574279522,0.6579767907428864,0.9624199688511126,0.1379449880112516,0.04919543056111357,0.08430743735887779,0.1689874376974182,-30.47707171309014
deltaRIC0.5,FGO-G,44,-518.8814781289761,783.2115324223597,-1215.1204263993138,1535.9609186165976,-0.4169859407828422,1.1355502459847022,1.25024874682128,1.7396762816382392,-0.1356436177863325,-0.06571869644734579,-0.019665238674845997,0.1520028280034345,-119.34341905384771
deltaRIC0.5,FGO-G,45,1272.3689317351934,247.0322468065699,-948.5604942289772,1606.14900946929,0.2607328148628533,-0.7550473259396557,0.8032568037254886,1.132828123717901,-0.07271353404293963,-0.033478188058069784,-0.01746184813848575,0.08193267510021118,31.65268024854122
deltaRIC0.5,FGO-G,46,-1035.826731765197,1536.8193000334056,935.1246173345413,2075.8633454877536,-0.7630893832363426,-0.14001713472661279,1.554860174808387,1.737670960806516,0.054388281700766775,0.11560899918626313,-0.21434157745228508,0.24953123592838086,48.265323285971085
deltaRIC0.5,FGO-G,47,-501.69399543367723,846.3708288598657,-885.485488857208,1323.6785848444597,-0.3768777133557882,1.4959745558211637,0.4827766130227577,1.6164930994502702,-0.03170841544169269,0.10513858504641385,-0.08493333293593601,0.13882801129091898,-108.94966311066278
deltaRIC0.5,FGO-G,48,177.2612753881342,-136.23968123754835,-735.7589164641187,768.9759382792096,-0.16602622931850122,-0.9349001374013437,0.4821509428741785,1.0649284048466499,-0.008869314448279412,-0.2079061672035135,-0.018232855302456934,0.20889249893789413,-71.83523482976936
deltaRIC0.5,FGO-G,49,-1368.0967363592772,66.58163998031728,318.1035285266312,1406.1691397838554,0.899211514915243,0.4622614528047089,-0.5287509028048991,1.1409840123868005,0.015479594028329791,0.08882111463241998,-0.06702012218979732,0.1123410210660503,-72.41366668097822
deltaRIC0.5,FGO-G,50,627.3140385295537,-506.21170246891177,-1081.3664073652933,1348.7499759521236,1.5810150412921338,0.0943440012330013,-0.2641310750333066,1.6057006496102784,0.03587002780562336,-0.00473122982635029,-0.06530141333789961,0.07465465835681757,122.6779482615417
deltaRIC0.5,FGO-G,51,-580.0227842883056,-1131.9021306373907,644.2437067877454,1425.720455548926,-0.41668037370857125,0.27204072194791634,0.4405224412923324,0.6645966517475201,0.04159908252874603,0.023197947326678063,-0.13351577584649738,0.14175715441309086,-59.87875450942078
deltaRIC0.5,FGO-G,52,-27.89486176277868,-829.8221314527466,1296.7411455557055,1539.7793646294483,-0.12913967218154898,-0.3041098138543542,0.5205947943898493,0.6165863879129164,-0.01639639416830186,-0.03814257591995512,-0.001018744492953533,0.04152993715229757,68.27565032980092
deltaRIC0.5,FGO-G,53,273.6715287380518,703.4407366983983,23.219803306353928,755.1583509133652,0.1342042105280051,-0.061605615239511496,-0.780764864792679,0.7946066926770843,-0.03158638378326079,0.04386010894798859,0.12051967466099207,0.13208482417683057,-57.587619226050144
deltaRIC0.5,FGO-G,54,2088.525122842243,-812.2789335513572,658.9641223003717,2335.8013548060194,-0.9913149689516388,-0.45695977621088685,0.5158392721433924,1.207314275335017,0.20015331551308477,-0.10358810418234402,0.1467154827220694,0.2689187198938417,65.31280790792583
deltaRIC0.5,FGO-G,55,1208.99203199087,-1645.6501848634718,602.4658767879407,2129.035320762071,0.37478803499683244,-0.7811426616541801,0.01126041295329966,0.8664737306651844,0.0732533100557718,-0.0042904015935023715,-0.16259606335268012,0.17838703651821042,-0.7304615917089196
deltaRIC0.5,FGO-G,56,-278.46381914577825,567.8540452295919,993.6511350385003,1177.8552090219596,0.7890048791454889,-0.0499703553154511,-0.8906872668656254,1.1909448110984395,-0.03449603499263734,0.11322389143534331,-0.17285154643107958,0.20949291903448988,-146.39687469252632
deltaRIC0.5,FGO-G,57,-2.8663354648210033,-448.5337997308533,549.0743347926177,708.9946477287044,-1.9553325693867483,-2.047379744355586,0.7694615254007833,2.933796229047653,0.14341665094783682,0.06558233623428988,0.002137137418870484,0.15771476136173257,157.64564284870482
deltaRIC0.5,FGO-G,58,195.13540195955625,-210.9225718343246,-269.01489932803105,393.6180540417247,-0.5911821974636295,-0.5812475901963049,-1.275778310690527,1.5214977652745048,0.0075065452740567425,-0.17932912188967656,0.013790315526953593,0.18001515209005844,-166.75438302274603
deltaRIC0.5,FGO-G,59,516.6480439555511,-24.494515866546237,432.5694352482281,674.2710871315813,-1.2868400030084155,0.5726015888600335,-0.2480388677923833,1.4301584013120578,-0.04541444684343338,-0.1132464189084388,-0.02742723630573736,0.1250578932696829,-108.81302478141879
deltaRIC0.5,FGO-G,60,-1676.4253009816523,-109.41779210091664,1075.2771462604305,1994.641567868683,0.2596292473589214,-1.2888732227043023,-0.7872925543575972,1.532459166319039,0.002029323001354915,-0.01560301718460631,0.05075067118682429,0.05313382089611197,239.59660223789803
deltaRIC0.5,FGO-G,61,920.6199587716645,-235.49725760434063,-53.86023182910806,951.7883122840876,-2.319354558193065,0.3257521976860997,0.400700232802777,2.376148298712955,-0.07562663657603325,-0.1495471760173083,-0.06075853341272416,0.1782564035231843,114.93330017128864
deltaRIC0.5,FGO-G,62,-416.4631765908131,339.2761010993339,959.5784578835833,1099.70026237494,1.0118467649180318,-0.3356057239682466,0.8350422787353716,1.3541642016058835,-0.13643321367159203,0.03175574901233006,-0.16083089524788263,0.21328156566925277,12.451659017959754
deltaRIC0.5,FGO-G,63,-605.99519012977,317.53822198446346,261.1300857563398,732.2906626255614,-1.141499537609752,-0.5736417577118413,-0.11930142301347145,1.2830895877089206,0.04585633590754093,0.020532243572146558,-0.10718665124572822,0.1183780164314496,126.00467102684519
deltaRIC0.5,FGO-G,64,102.77041800904007,-379.8151873094143,860.0365986226395,945.7717939857572,-0.4208494055751669,0.9229128239943631,-1.0145321283323123,1.4346280850048605,0.0734646030868884,-0.04790730597907107,0.004218934429706201,0.08780636241530879,209.52291183513958
deltaRIC0.5,FGO-G,65,617.9683108988283,-249.37688664943178,-528.9812906850904,850.8201165728151,0.23009371976981544,-0.09136017646305443,-0.022108791743862426,0.24855301324515114,0.004637324209036911,0.13166057608151888,-0.01898647466562736,0.133103336885916,-13.066586072215662
deltaRIC0.5,FGO-G,66,-213.25972243447518,510.8617541601297,-1622.5805991301943,1714.417464257202,-0.5659592150076278,0.020019261394899172,2.6276904065755415,2.6880229680357983,-0.15390289241502964,0.08549524616913513,0.06755429245266009,0.18857125931597513,-159.2756405793354
deltaRIC0.5,FGO-G,67,494.28496630037773,1247.3192774874983,744.727093940085,1534.5166836339529,-1.092237329880666,-0.43820098791728246,1.2468132085202999,1.7145103287928054,0.2049271433247481,0.03262054204735265,-0.14259879282304147,0.25178095549364665,12.940124028853056
deltaRIC0.5,FGO-G,68,-1430.7952849544968,-617.821620269447,106.47788132365666,1562.11915074733,1.515706379636734,-0.18320289298892126,-2.6004884236962686,3.0155379571561207,-0.037453977426221696,0.1137077400458234,-0.04728521942108198,0.12871729700033457,-180.9935675331556
deltaRIC0.5,FGO-G,69,-996.9531522260445,122.91044914359485,1347.4537971172722,1680.670789181475,-0.5899789137935649,-1.2585006423422138,0.05991332327799579,1.3912183839365453,-0.06641864950303204,-0.13040784946596445,0.03957267717727446,0.1516035652058389,-126.38739914156618
deltaRIC0.5,FGO-G,70,-1175.2188141478005,672.8726421960928,-113.17908968164713,1358.9357453846299,-1.0638162897535137,-0.35650004796850954,-0.0398929383410673,1.1226704009084616,0.04456026925362065,0.07615186067205183,-0.05880883938729103,0.10603397130095127,2.8939067580655666
deltaRIC0.5,FGO-G,71,-269.0942632377182,-10.002930261274296,-81.91409686443319,281.46349743151075,-0.01999566310099996,-0.29356814567511935,0.701544499389507,0.7607540780841408,-0.07160920111256638,-0.101408917807504,-0.07339363095798776,0.14421605791334882,190.99181514528613
deltaRIC0.5,FGO-G,72,-370.4964591875436,1311.5982454878024,1206.128276900108,1819.97335260031,1.8729356954123781,0.3408292794107708,0.019660848819483018,1.9037960147636133,0.11843420523501648,-0.1533424667498713,0.06375956766328846,0.20397513462967695,64.04345252588617
deltaRIC0.5,FGO-G,73,-291.6109915345495,-822.2796598306188,-253.89253985605941,908.648574064518,1.7025918784537017,-0.6762628663205691,-0.4962190677752147,1.8979947134184332,-0.13081039839208036,0.03963226248928134,0.27196674348994543,0.3043813169727075,-31.716550868247314
deltaRIC0.5,FGO-G,74,190.65603050297608,125.31109980855162,1470.0613611895462,1487.6602432561147,-0.712123595635985,-0.10325937732850805,0.22902450868327304,0.7551388879175869,0.057809180781273624,-0.06579544035622317,-0.0970410136009771,0.13072069336939854,-149.10691162073266
deltaRIC0.5,FGO-G,75,-1864.345941305499,1903.2007884207267,1537.9334193282962,3076.2311733994225,-0.2671972365603387,-0.037618583175884866,0.6877245528937391,0.7387655796519867,0.13093531969274683,0.06308817658936379,0.04587337172346937,0.15240912768496565,57.067438619135565
deltaRIC0.5,FGO-G,76,1540.9900952608673,-2.2599971339415466,82.35314697864885,1543.1907277120445,0.1538632181862419,-3.2114961322038824,-1.5324675539857913,3.561718419680354,-0.007463241146849769,-0.05995475295447148,0.18283776674861413,0.19256147413194666,36.13101212695577
deltaRIC0.5,FGO-G,77,-412.8047021080026,-489.82453645743817,-208.7799324804821,673.7394591418671,0.12504683429288005,-0.3594714740000755,-0.7404721613485878,0.8325595913318801,0.005078267100050769,-0.0330913321712311,-0.21337860375423895,0.2159890126874854,90.10942860955055
deltaRIC0.5,FGO-G,78,-147.21095088570803,-2423.2929073726227,1387.1108448489867,2796.08584898261,0.3556646342794781,-1.4212314262154402,-0.6020128881468855,1.583924119531767,-0.15624312241439733,0.069792073427913,0.04892776571958398,0.1779796984868725,26.423635793969257
deltaRIC0.5,FGO-G,79,-1363.4349494800003,1030.9921446034077,141.64556539316467,1715.2151847196942,-1.4558619237151806,-0.14031388138633993,0.09678141049389662,1.4658064564090836,0.03264334401275576,-0.007984077383256299,-0.0517357363888489,0.061692137421987626,99.425048244257
deltaRIC0.5,FGO-G,80,874.6500643154832,221.23509830481012,174.9892775234902,919.009766529829,-0.5507871385013438,0.014479412852163805,0.017689814260665928,0.5512613308256064,0.17595338539237487,-0.06770045426703837,0.02785923345444845,0.19057566011343216,152.68951811069962
deltaRIC0.5,FGO-G,81,687.4173192794883,624.9538264636282,125.6361165263466,937.4936212224328,-0.8349300835776899,-2.383757660031593,0.2618333439129553,2.539284451613679,-0.1479694544645665,0.07500309488487021,-0.08534724484500354,0.18655984535661269,-277.9081268454169
deltaRIC0.5,FGO-G,82,669.4244696971592,935.1757133574877,2277.139900425552,2551.0877800642415,1.1704263553068313,1.5039814301665495,-0.06239669562600208,1.9067646270863368,-0.0771079368675273,-0.0884573922846834,-0.03135878772674629,0.12146488276643615,-102.048795902844
deltaRIC0.5,FGO-G,83,-654.0040120907358,1842.8361153162782,-951.3781333434446,2174.6003192193334,-0.25057480045692176,-1.83839437361363,-1.83857779646671,2.6120585593012,0.10455002619218039,-0.012546087150235601,-0.1737693743685418,0.20318441807383103,40.586144036608864
deltaRIC0.5,FGO-G,84,-760.5973094433344,-1373.2684555957078,2213.256464930632,2713.4624924299023,0.48437569518683554,-0.6113690079193022,-0.5913392793200173,0.9788125567230324,0.03863803082629786,0.027879150020944703,0.09672611094850361,0.1078243245805255,148.34403306079238
deltaRIC0.5,FGO-G,85,1060.1794906297077,-583.0110870486506,590.49853065235,1346.3175682862125,0.2646945017524916,0.5146149999725633,0.6165482459482008,0.8455906320652826,-0.026409803036757013,-0.027653429831348473,-0.02084207839980958,0.04354976589950195,18.397912835562558
deltaRIC0.5,FGO-G,86,2690.2150219387413,-333.9251871640724,-542.1369260037552,2764.5389021361634,-0.16045083914593403,-0.8331185432545771,-1.5558504715341497,1.7721460630180288,0.07695319497367377,-0.10522832284632068,-0.1470555253643287,0.1965200287143386,61.35995500978618
deltaRIC0.5,FGO-G,87,33.89948664599451,1008.5546653212576,182.3128675976269,1025.4607110113025,-0.7169696291713447,0.1737865223499981,0.277285081948266,0.7881206894731659,-0.059450854251473825,-0.03341652159840922,-0.07832340783404942,0.10385385983056078,-19.74443880439792
deltaRIC0.5,FGO-G,88,-750.3400335635063,-996.305250372263,-40.5412018670869,1247.9094145554993,0.1905840323472764,1.06108788711859,-1.0098489517163307,1.4771677910305632,0.023860015998959695,-0.06899145836970597,0.07492843636744427,0.10461066995254178,-45.607202350356935
deltaRIC0.5,FGO-G,89,-610.6834606769618,243.61303852718504,1072.8027102546516,1258.2476929502252,0.16975221297630094,-0.39965897761938274,1.326652809534554,1.3959050072437047,-0.0708063127295873,-0.038491767546568675,0.15567332324749864,0.17529784271958224,27.331472423963362
deltaRIC0.5,FGO-G,90,309.4885325101981,279.7221791333138,1140.140875877518,1214.0629580467232,0.028523800791584397,0.7238053558953874,0.18929548804435142,0.7486925819242473,-0.022063621362813476,0.033032980373066734,0.11393002199931992,0.12065666617611533,-113.45414585451914
deltaRIC0.5,FGO-G,91,64.29880818817169,320.0751067226199,-736.150892480286,805.29531674873,0.22885585667172492,-0.15249832791002543,-0.5562064140583013,0.620480715403708,0.1322498159738189,0.12472446630357055,-0.015837753900569254,0.18247476748425923,137.69972274431174
deltaRIC0.5,FGO-G,92,-34.988986904943104,-684.4711167866346,91.06595321247677,691.388419598039,0.1901125402189553,-0.2586358674550842,0.29391390035993936,0.4352248507467607,-0.08260466167951637,-0.11128853868229711,0.06370379730655551,0.15253472642157,-60.19780567602547
deltaRIC0.5,FGO-G,93,696.6331580490992,499.70079704216135,-825.7615225307874,1190.3279949452574,-0.4668964545592211,-0.8267985093361284,1.0413886104505423,1.409282907118555,-0.08014990466621945,0.026485938373995228,-0.04027463435506229,0.0935283824407816,106.57844747848141
deltaRIC0.5,FGO-G,94,324.2904551672982,-660.8552496803136,35.57968464734254,736.9938088629018,-0.29108376059478175,-0.31932405455561796,-1.1433772750745088,1.222296690929272,-0.03104552401598375,-0.029191126376927456,0.054922371326472805,0.06951556151469782,-84.47833382693454
deltaRIC0.5,FGO-G,95,1041.0694673085923,644.8953881455748,-133.59214160799056,1231.8938906062635,0.4773560064832158,0.15442355466848318,-0.4626688231499225,0.6824791799586184,0.01553919529443979,0.04591749653766858,-0.010677945605802163,0.049637703422358445,-47.65793533578293
deltaRIC0.5,FGO-G,96,-94.85919925423907,417.7546769260256,363.531672259855,561.8474121260772,0.9771691852126387,-0.6216699211686277,1.1351280116225329,1.6216808287036835,0.1734663064086559,-0.11476272440046174,-0.08052758364716785,0.22303751724525997,-56.73936248174985
deltaRIC0.5,FGO-G,97,3245.6104606929384,-112.34335786477922,1619.387422224207,3628.9149777686616,1.181506684646822,1.5123638734437,-0.8995836007067949,2.1195407960743196,0.03507772454148155,0.013527407005049768,-0.18433556229165768,0.18813037241410524,-160.2593215141045
deltaRIC0.5,FGO-G,98,641.9220711867242,1818.9003815240808,321.2119948730322,1955.4129203407176,0.9414621797248403,0.842160212262261,0.01977826227236554,1.2633194523272324,0.15092760613430212,0.09037844015540164,-0.038126584913627005,0.18000289224212637,67.20880830288638
deltaRIC0.5,FGO-G,99,-1406.882161889093,1532.806380841841,-1085.8559944176927,2346.8907216153093,0.22006234498591545,-0.7263891847575988,-0.5125004266275144,0.9158195077125696,-0.08044034780630677,0.07749191929854961,0.03623454206122885,0.11742482339845989,-198.25593381515458
deltaRIC0.5,FGO-G,100,343.63040184654113,1552.4609646091453,730.2660040986119,1749.7157873353397,-0.5364723132357764,0.8269815303062944,1.0149593465546,1.4148651771440366,0.16368556769128653,-0.10379705426401575,-0.11810227845836976,0.2269690325162534,51.24494095427741
deltaRIC0.5,FGO-G,101,128.9897599948056,-1462.5132671111087,-369.5325031353578,1513.9807414670142,-2.136065098812633,0.153870795341099,-0.8010706108633369,2.2865179753531977,-0.1502987989041072,0.06432914282552515,0.044248685149848734,0.16936916397672427,-58.75035447820241
deltaRIC0.5,FGO-G,102,352.3231333055972,-1225.1891259897914,-2183.3647462580425,2528.3001403924236,-0.7821405533491244,1.6337520694438987,0.4133064113398201,1.8578783219737767,0.2727274157338196,-0.03675663107626283,0.006297218453580455,0.27526523242352324,130.0832092518449
deltaRIC0.5,FGO-G,103,-133.31736986258576,1497.9666554252067,1632.1497989600553,2219.3671593763406,-0.9604596879501548,-1.7926411115885146,-1.0088801555198086,2.2702167595488074,-0.029793665306505682,-0.09663421842137482,0.11650814303853434,0.15427242805049005,20.273828735839476
deltaRIC0.5,FGO-G,104,968.8769037499255,-1444.6195423625911,1697.6087474045432,2430.5397622874566,-1.1981981285668692,-0.877335908861043,-0.026295204996264553,1.4852907089468967,0.01162318900663209,-0.05047127292237989,0.15592394981351673,0.16430071831412466,-44.03627114418537
deltaRIC0.5,FGO-G,105,715.4823301317855,628.2802411273173,-808.5570852507707,1249.1659562408156,0.9079270980837958,0.14599359312070043,0.3064584345486129,0.9693103304789141,-0.04751066760070314,-0.020082947251036598,0.05526049569414615,0.07559305980389448,-199.36799781551963
deltaRIC0.5,FGO-G,106,1114.4829862653103,-83.97882880315876,419.2683122172973,1193.6962293613626,1.0478085749128856,1.0118264059041409,-0.08414364781334907,1.4590324324062163,-0.12609105298728407,-0.1271881715453615,0.05823587158041823,0.18832737815629821,-104.81915371872891
deltaRIC0.5,FGO-G,107,-338.21665352745885,187.73602075265813,-1079.9387788682761,1147.128190009669,1.6745415165969892,-1.1360747665997306,0.32058142374559284,2.0487868643083225,0.022612106417169202,0.03375310683650257,-0.20096567605849922,0.20503117453545297,-44.800831377166666
deltaRIC0.5,FGO-G,108,-2015.949819005471,-642.0709145470042,-79.26816804831077,2117.2133039732093,-1.1730980457749627,0.7638038640850826,-1.6828395740020403,2.188950524708064,0.1569951133423911,0.04167056015647796,-0.0019170720586607615,0.16244253249202617,83.59081929476048
deltaRIC0.5,FGO-G,109,610.7386334990999,1136.802587057224,199.0891115316767,1305.7405081863767,-1.54046518548892,0.6775360875068541,-0.7466947443416838,1.8410978189126728,-0.06025638526201738,0.13312517927811943,-0.06517825576848067,0.16000421978090948,-191.51086566867647
deltaRIC0.5,FGO-G,110,-512.8583545303158,131.73263115930652,283.33061330751286,600.5442651136619,-0.9994704974906152,-1.326548742374476,-0.6287870215188482,1.7759633891721942,0.01893204364798647,-0.03096574001826706,-0.036328167411860575,0.05135206986161647,-216.39754361265526
deltaRIC0.5,FGO-G,111,-380.98724529674655,-1033.8549068190669,1536.3679956196834,1890.6173244200181,0.00539502119213398,0.8490109017864093,0.9397412792131526,1.2664763280310485,-0.002290363293997516,0.05670817492206549,-0.1115314643777865,0.12514124185600656,-48.114607824269655
deltaRIC0.5,FGO-G,112,1462.369780878842,-416.77352310383617,-23.63413737799269,1520.7840471406905,0.722227629164846,-0.6600049778004071,-0.7201129601069649,1.2148176794747454,-0.013470113939360777,0.12784363746701913,0.16788150786826564,0.21144654240365465,-143.42755200987634
deltaRIC0.5,FGO-G,113,33.749382332075875,-48.62205258658983,-426.2208711616656,430.3107665621892,-0.8856154990246623,-1.054438448770512,0.4468253143798306,1.4476906147132749,-0.2323033946405485,-0.07138732705681065,-0.02424202403156964,0.24423081983031067,-220.08234257134305
deltaRIC0.5,FGO-G,114,-276.6505774552463,-189.0267618574188,-111.60108369427513,353.1592566907445,-0.4086726227663953,-0.03053554182525908,-0.8078901999252658,0.9058875796966269,0.06975898034046393,0.07437886495263184,0.15546982869191267,0.1859284769024792,-114.97802393764451
deltaRIC0.5,FGO-G,115,1454.6461010424277,-830.1117982402588,472.87201500714104,1740.3128510220588,1.3832912735266454,1.0889439576553699,0.5419161682677816,1.8420007664925504,-0.013916031490602299,0.1122536084143615,-0.044596230189936796,0.12158680965321063,50.09966771320455
deltaRIC0.5,FGO-G,116,645.8715923506559,2175.605382331845,-322.21439910801473,2292.210944138738,-0.2884083142357912,1.6325812397950457,0.20388402956760238,1.670350130291186,0.06193086964640313,0.1300959342094287,0.04787841686453349,0.1518312468315986,-289.9307429901528
deltaRIC0.5,FGO-G,117,1475.7937191507667,1869.6933425652196,445.2776292132763,2423.219441939865,0.18293425899308927,-0.6924176930359662,1.22938687585943,1.42277872323071,0.15355929470651883,0.02828045932669753,0.06206510872700363,0.16802475737755815,-110.12346428600671
deltaRIC0.5,FGO-G,118,-1250.4202002800032,-1204.612451771995,681.1446264411389,1865.1004901511496,-0.280110884707347,0.9797920890370899,-2.8704308940844507,3.0459527513055185,0.07347130118040932,0.030165561182111993,-0.064898486797475,0.10256610925240459,37.765315641727454
deltaRIC0.5,FGO-G,119,1252.09092422544,-760.2652155812546,-333.23199060129156,1502.257780845427,0.31857326075195375,0.2272916925910009,2.234732721240962,2.2687399082689157,-0.012493822035353529,0.03920820029213836,-0.0366430852452469,0.055100764563569854,36.43817530910232
deltaRIC0.5,FGO-G,120,-444.1832980335017,388.9949906080127,1756.3506879721665,1852.939190613213,1.073899469816708,1.0557293288361311,-0.527204280204276,1.5955465646928337,-0.030753950369615382,0.09296980123686521,-0.22769890947292373,0.2478628305747308,-28.828526546050462
deltaRIC0.5,FGO-G,121,-1061.873713718752,12.881267201339183,527.7420618167297,1185.8555539112422,1.8740491319562418,0.07061405697337943,1.0863593532593145,2.1673078088822963,-0.00035673692500232823,-0.13443988943870344,-0.16022787097821367,0.2091582696709254,138.6462445699693
deltaRIC0.5,FGO-G,122,-344.40460265806286,1545.4856065234849,1000.2345160176334,1872.8612808578087,0.2324300918919532,-0.22235155801829173,-0.5079774130319141,0.6012528711953561,0.11766331710111187,-0.12302324214960347,-0.1308756890818959,0.21472731613117568,132.8233915838531
deltaRIC0.5,FGO-G,123,128.54804955201575,226.8120456617409,-46.36137760931833,264.79743660905206,0.40903992085442603,0.14991490374093897,0.2425133097130501,0.49859887745985537,-0.028079957438678194,-0.048798745787927464,-0.0011864029138367142,0.056313489965608664,6.196369604300224
deltaRIC0.5,FGO-G,124,388.539281055861,821.9817658648757,-590.5533312798775,1084.1448396886394,-0.30014227606603316,-1.0585827000852464,0.2052133757938922,1.1192833637674575,0.09019734285290988,0.04679492617138191,0.05121430509393974,0.1137902931684667,69.50852884844728
deltaRIC0.5,FGO-G,125,-1162.1411645740404,350.52810096458774,-1449.896272390178,1890.9366030235599,-0.7112259222190309,-0.29374937622254343,0.08813909386397369,0.7745317994340883,0.010903497196459453,-0.06700604937126074,0.06931796046809997,0.09702410291733751,132.48252468570325
deltaRIC0.5,FGO-G,126,1547.2714753755095,762.8471982743882,-510.052564122604,1798.9270370400886,1.5401296934377682,1.150007474425652,-0.5576476284857429,2.0013714151549564,-0.16266600044033122,0.015697294206877644,0.002614415078631736,0.16344255232611393,24.256906989458933
deltaRIC0.5,FGO-G,127,-86.25803757820934,-715.7805469817494,-251.1163447166147,763.4406716098964,-1.10962955561972,-0.2603285739927645,1.0145631476641386,1.5259053370835585,-0.11485982497499195,-0.04427386830734362,-0.20964563979376474,0.24311365468175322,94.75393844672693
deltaRIC0.5,FGO-G,128,519.213913728414,-839.7641958946606,881.9519122056194,1323.867881761217,0.3368516004623475,2.0027387051087335,0.6236202146065893,2.1244607536362303,0.057855867895220854,-0.07399529513593107,0.10458416507399683,0.1405718774733688,-70.25085307633226
deltaRIC0.5,FGO-G,129,685.8799776676174,-564.7347161549197,-449.2947426077915,995.6015313020117,-1.19436858167616,-0.8491455727715629,0.48262288770909906,1.5428834578131096,0.0027526670267068,0.13458234497632837,-0.07492630970854267,0.154058224842518,33.7932023677093
deltaRIC0.5,FGO-G,130,1077.6663144384183,-1235.191133364718,-488.1631820437176,1710.3698762317897,1.2063008153797907,-0.9148629303597202,2.172219392372944,2.6477675364603677,-0.08835010183899104,-0.09152471189468872,0.1341397558995759,0.18486748631158395,-80.9923420798266
deltaRIC0.5,FGO-G,131,1481.0145200977804,-852.8627281526582,597.6857663034343,1810.5267512672044,0.4621404956122197,0.27397995367960426,-0.18868360763868164,0.5694210713474995,-0.019260693915120353,0.16870494685033838,-0.045491780657739206,0.17578917921555726,-98.48290997221783
deltaRIC0.5,FGO-G,132,-357.54608116753377,487.4728411424653,157.82655868636505,624.8025237117313,-0.3692914519111992,1.7091874909523017,1.183241606886454,2.1113405116062505,-0.10788399163143049,-0.07872615808904983,-0.04449396962744852,0.14077100891519156,129.74714472561197
deltaRIC0.5,FGO-G,133,2196.0383274951287,-648.3236962994829,2491.3523937788423,3383.747139045498,-0.0029067783961533224,-0.560094896400287,-0.8529420946972319,1.0204043116533732,-0.051340969282464094,0.16327628723093007,-0.13191562101084314,0.21609435940222155,-41.63016705374575
deltaRIC0.5,FGO-G,134,115.98874228516469,641.1614725399072,465.33109108183817,800.6712474754232,-0.5592804620317112,-0.956758797069083,1.5008106904614482,1.8656405762050878,0.025352403579068476,0.08917135113101211,0.048935137353202686,0.10482805873211157,165.63302018803188
deltaRIC0.5,FGO-G,135,-1263.2264415602542,1221.4577237064125,1017.5660218033706,2030.551802389629,-1.1136445568410045,-0.001800019234019449,1.3027838017101738,1.7138999600470424,-0.09129078378931367,0.09591838849884593,-0.011633242879902094,0.13292733653009656,79.11047598696942
deltaRIC0.5,FGO-G,136,1627.0595405815473,509.5637852465729,-368.866985539686,1744.431383819205,-0.10754985607035442,1.8854948401148335,0.9052729316516269,2.094320138952387,-0.010315450093999852,-0.15932158617646322,0.06709044587599464,0.1731788216274316,144.21540361429177
deltaRIC0.5,FGO-G,137,-598.2590230373739,1837.5576829219503,221.95649195478717,1945.1983911755622,0.6689437959118598,1.3775485621687618,-1.2059857490030428,1.9492376638113222,-0.1781751902120138,0.18867926669223967,-0.06428810409188174,0.2673559881774433,180.80326096019363
deltaRIC0.5,FGO-G,138,-172.33171885569746,1421.8258181903166,1304.960823111216,1937.5782896315247,-1.9830762171909098,2.517494961376491,0.9638067960571747,3.3465348801215598,-0.018658675428911642,-0.01771319331593473,-0.11959206119948787,0.12232810179247938,42.48786136960362
deltaRIC0.5,FGO-G,139,1.3423838826943892,1431.304331297312,-489.25189007224617,1512.6140627153377,-0.9655896206662113,0.9763957693043389,-0.5093237367906628,1.4646237341761652,-0.00809696646762532,0.22305717033659664,0.040510368930769036,0.2268505060506905,-160.11890078006533
deltaRIC0.5,FGO-G,140,1351.2430722008103,-185.23650881493236,-928.2648338381568,1649.8018081300584,-1.213857433227155,-0.39486468828905835,0.1764545551728105,1.2886055254808069,-0.08784819348049396,-0.1655147989947901,0.011519175774385207,0.1877369041893289,71.06060532136223
deltaRIC0.5,FGO-G,141,228.53509515612947,-575.0069082182071,453.2985414571593,767.0337684247486,-0.0939448222726058,0.907853737503869,-1.0144373677338414,1.3645904921940284,-0.10115257395627307,0.09688171530872328,-0.019152708759514903,0.14136738036749,-89.92686481488519
deltaRIC0.5,FGO-G,142,-1594.0377470880558,-1016.1089408465094,164.36699423793573,1897.485237783049,-0.8292395542793354,-0.18131926281309124,-0.9122359832529102,1.2460695817609373,0.11079085249194859,-0.034941916421235786,-0.00165162370309631,0.11618209147686216,-25.240332924375547
deltaRIC0.5,FGO-G,143,1072.144224612476,-235.1774663677872,-632.6546769300518,1266.9071076043922,-1.3897145539211917,0.47019467346655214,-0.18684188719621492,1.4789521503915322,0.06056264955302173,-0.1359574312751767,0.05806761462525306,0.15976265367129272,75.32548452268706
deltaRIC0.5,FGO-G,144,908.3820945689197,313.2302659616615,-142.70639146617248,971.4094622830927,0.46080847310884493,0.44992154801966405,-0.6897275711490284,0.9436620002227778,0.11193656959565995,-0.14666831834849162,-0.03733572569683779,0.18824278906063843,-214.12770036700076
deltaRIC0.5,FGO-G,145,555.285302673468,541.6601692417511,1079.1500428534282,1329.0230702657962,0.95319178017191,0.17397738677207544,-1.3095182328454362,1.6290121862803755,0.06601331439828959,-0.04303319167677841,0.13905526464566395,0.15983109800477946,-28.437787123280636
deltaRIC0.5,FGO-G,146,-576.6406457561098,-868.3530550549646,-4.272451751107348,1042.3865484575667,0.4244161164761666,0.9522489849689838,-0.7093717420632505,1.260997794501252,-0.048386973913769615,-0.053831619029851216,0.10808510410756776,0.13008278972197138,-41.59616648485111
deltaRIC0.5,FGO-G,147,998.2338927500472,788.1684795589066,-160.735740531392,1281.9970495634093,1.1434391562605362,2.79291141560317,1.0109406133273247,3.1827359618967663,-0.013255814552669188,-0.08447585901625623,0.010247930672986695,0.08612146921103643,-114.22620367719784
deltaRIC0.5,FGO-G,148,188.86976751341345,6.628695679605062,992.1067890811871,1009.9463399745388,-0.9988364846446717,0.884534940532523,-0.527984938670986,1.4348674083494977,0.10571656525166677,0.024696012244086164,0.0865525632866144,0.13884246973045877,-103.77920807662392
deltaRIC0.5,FGO-G,149,313.46345715486154,-230.28550646990354,2.4044454777977253,388.96855248160284,0.09017330444583281,1.1424527854244038,-0.020962802835812144,1.1461976404012497,-0.01600734182683996,-0.15848959728437126,0.1525665538233515,0.22057139611757706,116.5667318011928
deltaRIC0.5,FGO-G,150,-415.23935946436364,-562.8117421254641,-397.73193457759834,804.5939811516824,0.08747429726784728,0.3337426186234346,0.30961406219111515,0.46356958018685257,0.0314472134195993,-0.14152343698420228,0.01010133267767614,0.14532669186885244,174.83796784980112
deltaRIC0.5,FGO-G,151,815.0949727693725,-1406.6316357623964,-1413.6322243372144,2154.378898672673,-1.0344282883292482,-0.5711167190668037,-0.980023646210962,1.5351425137836674,-0.04384087660527877,-0.12109128602300757,0.02981016322019953,0.13218838013774148,-5.513117294798352
deltaRIC0.5,FGO-G,152,-1996.3041395003345,420.6059320184941,-789.4468465393559,2187.5479174057537,1.839458902676841,-0.1985688730593946,-0.2392923494774262,1.8655560780913536,-0.07075978479307135,0.023661604431709386,-0.027233122736424576,0.07942582478150055,113.18543553627806
deltaRIC0.5,FGO-G,153,672.3309785944541,-568.6321704290317,-859.2842505602255,1230.3417871816987,-0.4201847520766845,-0.9041680857126025,-1.0176954986530877,1.4247032256149679,0.004506288457198735,-0.0070753664864898575,0.1127682667295816,0.113079836521688,80.61167243619387
deltaRIC0.5,FGO-G,154,-24.107304338547767,-460.8190501472281,1190.63780561466,1276.9313776628555,0.1988008474988593,-0.9796739474353915,-0.8084509823707631,1.2856421785030852,0.05452922840631931,-0.04981795672089879,-0.18123563695851372,0.19570800102753097,39.67067238825189
deltaRIC0.5,FGO-G,155,-193.21388523746378,144.21894260093933,-361.14482113558756,434.2306883288471,-0.45148952866506664,-2.0446898613799163,-0.45237714799712203,2.1422522045160868,0.08060744743565654,-0.10715187548453016,0.052641696867815856,0.14404941253287845,-377.7721105095873
deltaRIC0.5,FGO-G,156,170.36140058034889,918.7286966348647,-546.7009334815399,1082.5744018300463,-0.27161736008954823,-0.4096751711784373,0.8706578214202737,0.9998273741913624,-0.10453493962222192,0.1020715207291887,-0.08029616548844815,0.16671419597004639,-200.20154036844423
deltaRIC0.5,FGO-G,157,1277.334666396347,-519.682052231713,-529.605392707498,1477.2051845882802,1.3390462213962198,0.3655987157669639,-0.4025406147695339,1.4452495115186796,0.09763336267642891,0.004417906197185904,0.06291642625338013,0.11623367883350874,25.21300867252843
deltaRIC0.5,FGO-G,158,-1102.524007024978,1079.9335134791363,-737.1030740117309,1710.303049555648,3.010459783885753,0.4155033909110017,1.0583248055226036,3.218005993194614,-0.10340983633664992,-0.08271845868686364,-0.03073436602124301,0.13594314588617856,-173.5626333858542
deltaRIC0.5,FGO-G,159,1145.804139886096,62.589302410057876,-2805.4759757270704,3031.0856137922024,-1.4263310052351257,3.0827836940403417,-1.1042007347980667,3.5717271317199817,-0.2228851508249397,-0.06445337024042962,0.02608069763575921,0.23347854330274959,-30.49572784410585
deltaRIC0.5,FGO-G,160,-1552.0847908289143,1457.8428172554457,-853.5506332016521,2294.0840353362537,-0.11022310177417044,-1.0881178171033443,-0.45955655062000245,1.1863143509543417,-0.013816847955584499,0.08460400687966053,-0.009813873231319313,0.08628473431217015,59.541317711119625
deltaRIC0.5,FGO-G,161,-691.5210023940597,2283.1913121095827,-823.3402032235324,2523.6982693438076,-0.6420151403453145,-0.5068588581487837,-0.7723522844050459,1.1249966194358967,0.05643456846907875,-0.02097465488352652,0.1843108246650018,0.1938950147746641,14.864446121313701
deltaRIC0.5,FGO-G,162,-527.6478787030298,829.3650345088502,342.0364698231327,1040.7918096597148,-0.18816685217218054,-0.7657942219332254,-0.7916661103818419,1.1174000111552784,0.020383457990500772,-0.15964291767077363,0.04929647723353092,0.16831960429410459,18.346644086185655
deltaRIC0.5,FGO-G,163,1291.3267789788915,-1116.8389464888003,334.47739678588374,1739.749755413943,-0.3480395229175667,-0.620821223127754,-0.8057168100442025,1.0750488726501384,0.1066114899425456,0.10087462093344374,-0.08941167864522633,0.17186083676740518,30.48311517981801
deltaRIC0.5,FGO-G,164,1134.9102188969437,-145.4327848928343,-151.69283825213572,1154.2021560607927,-0.21352137138410385,-0.41205089006057477,-0.6536150816514301,0.8016171074769213,-0.04230438749937664,0.06431693453638467,0.025544426738857942,0.08111009189534854,41.7221570371433
deltaRIC0.5,FGO-G,165,-2067.535933077259,810.8314852408778,-879.7405246882847,2388.7435866585593,-0.4836436592660983,0.6685568149668619,-1.3172958167896305,1.5543962406408465,-0.02990706641265925,0.07392793340858055,-0.004138403644383971,0.0798554841209956,72.45027080550432
deltaRIC0.5,FGO-G,166,1016.8047344585817,-1295.079075888188,522.383628254451,1727.4276644447589,0.28203799777862804,-0.22696768538518464,-0.20466465182915758,0.4158694291582826,-0.13743833700336186,-0.08312876404129506,-0.010138356678231018,0.16094245606867694,130.1311153027198
deltaRIC0.5,FGO-G,167,337.76653089024654,770.2744966440927,-673.482172920704,1077.4911910600176,1.5878773760770433,-0.6495504000333855,-0.8001948304004715,1.8930351423680667,0.12812564155589043,0.07479825011169962,-0.06938913055258254,0.16378586533252565,53.43243055810636
deltaRIC0.5,FGO-G,168,-975.825045415631,-407.7731924958674,420.3942834241554,1138.0882432019052,0.13693101718827377,-0.25127744817106706,0.9406722785477714,0.9832368967119951,-0.12899180483473263,-0.1600861863723375,-0.13238214043871982,0.24452301300470158,-23.757721275513266
deltaRIC0.5,FGO-G,169,-1535.127040202243,-416.1208474185487,-616.5133591357992,1705.8312669221823,-0.881380673337972,-1.0637592209536784,1.7605622800089162,2.2378550250826943,0.13974688415840947,-0.21460414764554864,-0.12471238093778407,0.28484611596057846,22.190899231121485
deltaRIC0.5,FGO-G,170,152.36928972921098,178.21269558232368,1374.9850598869334,1394.8333521362242,-2.223206576907208,0.0897267888552177,0.29006781092758666,2.243844405295977,-0.14240767898227769,-0.09798316454384826,0.05970516464832257,0.18288071044489523,-91.21101424422352
deltaRIC0.5,FGO-G,171,514.9212560226644,-1153.0751634841295,-483.34245820099363,1352.1635124672198,1.970326884439153,1.0711991217180108,0.25920094074226935,2.257618372886528,-0.1317619391514645,-0.0747042042958084,-0.06528375075748603,0.16493603263504816,94.0198466269326
deltaRIC0.5,FGO-G,172,-567.9755701093026,356.69505144046144,1016.4326788790254,1217.7696821058948,0.27543629606612163,-0.6067797480758716,0.3624272344215764,0.7585514591088166,-0.011471939146907764,-0.09913403951881757,0.03723719714994336,0.10651653407191106,-80.98353975346102
deltaRIC0.5,FGO-G,173,1331.9577698188864,1074.497136579495,-356.5680919271449,1748.0836368088915,-0.42066115880704785,-1.5651306026859004,0.6652862205040994,1.7519119182154814,-0.04053576090966441,0.2000549923493982,-0.008095586019011723,0.2042809006966497,156.1693031616864
deltaRIC0.5,FGO-G,174,859.8301092402224,-2583.160313684232,-1074.326146349873,2926.807423060192,-2.8819502119321476,1.412863573535178,0.6305150999301792,3.270989115346963,-0.0460928195890449,-0.03442874264688752,-0.024132248925269825,0.062387913702134964,220.3491491107355
deltaRIC0.5,FGO-G,175,-467.75383943247914,238.34357705985272,-210.70363276821223,565.6830701826184,1.308223469747221,0.48656274179652603,0.2567126463492099,1.4191875602955466,0.014753403450495159,0.23778110128236898,-0.06018471466647533,0.24572284167312233,175.26676849015536
deltaRIC0.5,FGO-G,176,-92.50892143184898,-738.9829520904887,414.762087686398,852.4560360551369,0.271104615620222,0.3525202635807219,1.5346184062555084,1.5977552696404436,0.13379177982307838,-0.06563750439472815,-0.13217932765215407,0.19919813500625588,74.66177504771642
deltaRIC0.5,FGO-G,177,-743.6806931354766,384.9334421662022,250.8788293910527,874.1709874372456,-1.7906440391372076,-0.21119657544228493,1.5237085421338525,2.360656220153166,0.14402227886858313,0.06741100579081548,0.04600457661958217,0.1655387615701419,-150.44284470423617
deltaRIC0.5,FGO-G,178,-730.3804510342521,1400.9565648484768,716.4569069560621,1734.7753166822756,0.6502087593602076,-0.7704944066118334,0.568596448295666,1.1574692144430052,0.09300554610645581,-0.05427774100764882,0.18036128381188143,0.2100626037011908,73.04852435123601
deltaRIC0.5,FGO-G,179,303.3480109217989,27.927746490802463,-1780.5815751640378,1806.4525237514304,-2.5988557853518195,-1.010527598581724,-0.7709631055843851,2.8930263619131242,-0.009342009519665117,0.03666245809444294,0.07117957387332031,0.08060980531039486,26.7889168870377
deltaRIC0.5,FGO-G,180,-691.9178653088649,217.43766290773314,959.7041232018689,1202.9386824252604,0.22368702313362657,0.39800224659919714,-0.8792302678703279,0.9907005281898866,-0.021055553655753647,0.041541592231083016,0.09084442780034206,0.1020869741309608,-132.2131485738611
deltaRIC0.5,FGO-G,181,-679.7542710541388,469.8586980323128,1206.1164126720528,1462.036205451105,-1.342071039689929,-0.7678036080545463,-0.32778675730996115,1.5805445942407843,0.06263831367859075,0.04378978070328409,0.06834235879244405,0.10252697810749323,139.4645533526912
deltaRIC0.5,FGO-G,182,1231.375416425168,-368.2581090297571,-534.2245608356661,1391.867570008903,-1.4106760050831368,0.20600229319967236,0.852393467755744,1.6610293073854854,0.07580681533708672,-0.0020401848900891096,0.01874439291780266,0.07811650191728943,73.28105412927816
deltaRIC0.5,FGO-G,183,-1086.5694694543713,42.477675020348144,-1222.667290518911,1636.261858056449,-1.2668052882048815,-0.7526436185803737,-1.4598318155647245,2.0742171980167874,-0.011492203475271218,-0.18342810395264464,-0.07514832344135548,0.1985578267820884,-47.82038294552
deltaRIC0.5,FGO-G,184,668.2041241196555,571.512164893209,-5.836307850686519,879.2934485146392,-0.44575709767399113,0.2806134475410674,0.0037483630467599408,0.5267422019291351,0.03314295384651626,0.00497704009023236,0.0021019704506346276,0.033580419853054676,273.9627325909455
deltaRIC0.5,FGO-G,185,-968.047550429037,-638.2203327798873,-483.61043896278363,1256.3121864166983,2.107632395232692,-0.09404944392776002,0.11722145120966909,2.112983786014724,-0.0555275320647769,-0.02334257359056256,-0.012169286976344977,0.06145139627826446,-343.894641408114
deltaRIC0.5,FGO-G,186,-550.246030343344,1069.0943414884773,-1271.6652564313733,1750.1045481130434,0.5816938706687272,0.9112692454369952,-2.064265282960789,2.3302297215703995,0.05533983082923391,-0.1542088583933958,0.12560552076704146,0.20644518819861682,-128.6342338321939
deltaRIC0.5,FGO-G,187,1128.857745839603,100.3507302628696,1075.9404090418475,1562.7020967591677,0.19104213064829187,-0.9151652734405943,0.03489882349962034,0.9355439600980247,0.26271507500377506,0.09705927146507738,-0.14090808369207328,0.3135200166836929,177.0578026190954
deltaRIC0.5,FGO-G,188,1029.6251465265332,-383.58310578640214,1393.7349536181525,1774.7566205937987,0.11988002000906876,-0.3034979799630254,0.11348973344039122,0.345488295945583,0.007195442107918723,0.21984403771424962,-0.010468116773804643,0.2202107099448681,37.16343582644354
deltaRIC0.5,FGO-G,189,-168.7955056806049,747.0245824448056,-130.591796064214,776.9117496306028,-1.7166192130900506,-0.44426300300727906,-0.5918506530642856,1.8693416846910498,-0.05866626433219247,0.013283522041731066,-0.051771517084751376,0.07936291646471,-46.27945099576388
deltaRIC0.5,FGO-G,190,233.6802700064735,-782.9293598938002,949.5828342857587,1252.71401778067,-0.2659852766935525,-0.9565037124681146,-0.0958726541739046,0.9974162046013593,-0.06444442769723921,0.03341285952998414,-0.09790625247911501,0.12188165455760501,-24.277118620263874
deltaRIC0.5,FGO-G,191,-947.5466050429519,-67.36624733764607,2212.2116150926618,2407.542940418647,0.7026790651797807,0.11771779867480725,-0.5351144667955184,0.8910459254946543,0.0712182849533493,-0.014620603270074738,0.05593610113290974,0.09173142079804762,55.00791515990459
deltaRIC0.5,FGO-G,192,-84.81021575667066,-1092.1999554942674,1741.4366280623224,2057.3514636627947,-0.18320597104397085,0.15667758158884004,-0.7989057184771471,0.8344834566449945,0.0025736865309705917,0.011714061998366032,-0.06854801923927556,0.06958932427096383,116.61409883942139
deltaRIC0.5,FGO-G,193,-722.0301472267532,-1409.2057819707074,-453.8411848949231,1647.1673535347852,0.3245050035027806,-1.3666966856593223,-0.7804045281625837,1.606920830491403,0.006881429054718738,-0.10079027577821026,-0.02482370571136725,0.10403004432627802,97.17584192877364
deltaRIC0.5,FGO-G,194,1545.0912120649832,896.8644183807625,226.9601832009404,1800.8841060202922,-0.6419670984901411,1.7595862470558439,-0.23261241010798142,1.8874252434753975,-0.01677658146895273,0.16065192124042407,-0.08140741676511587,0.1808802393529849,152.87511687436816
deltaRIC0.5,FGO-G,195,-127.46322591691073,-244.96442189916286,-162.9225958030735,320.6216059169253,0.11824029122975836,-1.0163169874094722,1.5264470139839175,1.8376401910786513,0.07815055865666795,0.16616252375737192,-0.06907341637382204,0.1961851955916141,107.3161392662747
deltaRIC0.5,FGO-G,196,23.753120511423962,231.1742623292362,767.4500643616155,801.8636739409915,0.24823929972143843,1.2327999836329862,-0.21038613273733942,1.2750219113489205,0.020879381070451362,-0.12021218618765742,-0.0012665550100715395,0.12201853311482921,-54.164543793901494
deltaRIC0.5,FGO-G,197,1555.1983230483254,-187.83265471715467,-38.54117114318185,1566.9742665607196,-0.16862034474375734,0.4067669043277882,-1.5248113809998802,1.5871174760378255,0.029978971170807316,0.01024706514834685,-0.20667457205759174,0.20908878447158097,-86.49050030175054
deltaRIC0.5,FGO-G,198,477.22452332876105,-128.9368191159478,1238.0240733490284,1333.0684735533364,-0.6000075410897177,-0.7265479112577857,0.2550893765705574,0.976192351310302,0.13071940291777553,-0.04874498466631161,0.06118663740711291,0.1523398845558451,-146.22344714475912
deltaRIC0.5,FGO-G,199,-370.88613180654187,-970.7016453630018,-87.98113241743361,1042.8609143784768,0.00757297421832598,0.9289900466152711,-0.38702135708814667,1.006412136001502,-0.1962716145718802,0.0967330292701123,-0.01723113606445253,0.2194919991446084,-42.10347267095547
deltaRIC0.5,FGO-G,200,-589.5313303302888,158.42875517575644,498.4007359434328,788.0673534010245,-0.6896297948990712,0.931566414939712,0.9648842931430739,1.5081137021492683,0.08972851893467575,-0.026251164154008994,-0.09004790222367945,0.12980352624076327,-1.5124735318770928
deltaI0.2,FGO-B,1,947.2198307597481,1432.297234312146,-491.23526569239755,1786.0607104638489,-1.1077885172895925,0.021409503933857484,0.5722777172881751,1.2470587602843468,,,,,
deltaI0.2,FGO-B,2,803.8030445231689,2071.1154659226836,1137.847078814606,2496.0598114499944,0.3133048221933214,0.28992009380962747,0.802283886424877,0.9087755536001048,,,,,
deltaI0.2,FGO-B,3,820.4744110854978,-1551.4311746108842,-3125.434880400669,3584.474876523163,0.957497166220512,0.45647277466168595,0.595930315138343,1.2166762748687645,,,,,
deltaI0.2,FGO-B,4,773.6018733769457,-559.4577618345668,490.8321197215925,1073.4845203912605,1.4364246393538327,-2.280605359512699,0.4927391778047503,2.739939497091959,,,,,
deltaI0.2,FGO-B,5,-1540.6599158392717,361.8466922493973,283.534008333703,1607.7803142368296,0.7388732480319041,0.5813100889851551,-1.2440199666032654,1.5593077866543006,,,,,
deltaI0.2,FGO-B,6,192.40776696476556,-182.2315577703061,1366.3279924734825,1391.790671204681,-0.6242742096672644,-0.568511271987231,0.5973215774641251,1.0342709616616226,,,,,
deltaI0.2,FGO-B,7,-230.2637034216091,1702.767092776151,-1162.697336003348,2074.68123828796,-0.021531446493775978,-0.2119786262327599,1.3870886331341434,1.4033579077831815,,,,,
deltaI0.2,FGO-B,8,295.629630397118,944.310691235107,-224.39139849787298,1014.6285328481027,1.9817527705738536,0.46348552854702546,-1.767504154410565,2.69559526166453,,,,,
deltaI0.2,FGO-B,9,-318.1709402685232,-2086.697177445458,-511.6625112366583,2171.9429971790696,-0.6174348393975241,0.000182091942208307,-0.6960539446492049,0.9304390941491227,,,,,
deltaI0.2,FGO-B,10,1243.648747182678,241.98814186875552,208.13608363951732,1283.9552548616848,-0.11703276929818543,0.6942764679021738,0.3977054721182973,0.8086322560503991,,,,,
deltaI0.2,FGO-B,11,-417.02634221111344,578.5022364926981,-1109.4399714772537,1318.8756037005476,0.32690085569974897,-0.9281384829565237,-0.21294524416655067,1.0068023093016907,,,,,
deltaI0.2,FGO-B,12,463.5051546089132,-796.7967447666598,-427.1089516537593,1015.9449480176332,-1.0033071211252096,-1.0842813094409058,-0.438904708493236,1.5410802965585455,,,,,
deltaI0.2,FGO-B,13,1939.3727966474924,363.4543962533148,919.4709853969148,2176.8538847426003,0.24188709923953056,-1.166268404747802,-0.38254937867894984,1.251013744056854,,,,,
deltaI0.2,FGO-B,14,127.53376044619665,-781.4704480846382,-224.88711330359456,823.12522438155,-0.5764492728024521,-1.8288118635696566,-0.4088528522284743,1.9606139985277455,,,,,
deltaI0.2,FGO-B,15,1774.1690632004195,-525.7038550613,-2564.3228697081545,3162.2448020594534,-0.6738562790103171,-0.03541081125131881,1.0898047917972715,1.2817997872286455,,,,,
deltaI0.2,FGO-B,16,-755.1263659031424,522.89359329409,178.10213010508792,935.6034988915237,-0.1268558366888394,1.5684942398680817,0.4714330941923117,1.6427159663499693,,,,,
deltaI0.2,FGO-B,17,-772.4515168992173,522.5322681742949,170.92957864252216,948.1235352517019,-1.8456263664242931,0.41274198165275905,-1.0877620324919446,2.181723829266709,,,,,
deltaI0.2,FGO-B,18,1351.5227275623167,1566.5608962093336,279.8549341287663,2087.8327300830138,0.0766273145392938,0.23630887884790172,0.3526392379542836,0.43135607530303083,,,,,
deltaI0.2,FGO-B,19,1261.4237304341796,910.7177735460878,562.5412320368988,1654.4030127199408,-0.7600003832302542,-1.266384980594008,0.31359912447348093,1.5098595671302524,,,,,
deltaI0.2,FGO-B,20,-707.4443359121419,-1445.4945306844763,1295.809933516418,2066.1692356757057,-0.21207477132926097,0.5339976739658058,-0.7873895896647077,0.9747366774404286,,,,,
deltaI0.2,FGO-B,21,243.04503328829992,223.62062042496635,58.52073453077453,335.41280007682934,0.583135047547052,-0.7634474629272242,0.6767509213852779,1.1751128975224212,,,,,
deltaI0.2,FGO-B,22,-830.0320362850443,7.997979789269097,-337.99208994519466,896.24539151157,0.12817591507795573,1.0913164986408677,-0.2632607471694037,1.1299145925299074,,,,,
deltaI0.2,FGO-B,23,-972.2970454981921,44.34423149808912,-686.563112233714,1191.0906189840105,-0.2792061784536279,-0.28013969209636697,1.7569182167754478,1.8008875471866492,,,,,
deltaI0.2,FGO-B,24,-32.67594079148956,-243.8804558253842,898.6042355961278,931.6839410827619,1.015386851633404,0.5318491404004999,0.6903251168702551,1.3380667896621148,,,,,
deltaI0.2,FGO-B,25,-1135.4107322594898,810.1148069698759,566.1874115039037,1505.3277770463683,-0.4970541995740165,-0.1791184294389305,-0.7897238264133256,0.9501631497188995,,,,,
deltaI0.2,FGO-B,26,743.1106090537102,1560.020711011237,-559.0431629843806,1816.1517706821098,0.6551166664639471,-1.350728117408462,1.758081058961876,2.3118160185700662,,,,,
deltaI0.2,FGO-B,27,-1063.0916512668105,882.3636789890041,-1886.8538343530686,2338.5779681689214,-0.5832866835604034,-1.2954445986413814,-0.026631840061048396,1.420953665069013,,,,,
deltaI0.2,FGO-B,28,373.49610592395993,1347.3062143197117,-40.687693227747765,1398.709714224174,0.911444612836986,-0.6913346597810729,1.562298854741809,1.9363503313222385,,,,,
deltaI0.2,FGO-B,29,-1559.3195050390673,1222.3505502941812,519.9964589847143,2048.417560937323,-0.2772450034925978,0.2289878912336421,-0.5249864085070338,0.6363261549004213,,,,,
deltaI0.2,FGO-B,30,-322.4529178955571,-2392.3150332052624,-392.41021876829984,2445.6354761396965,-2.8287221507208904,-1.9468835109463072,-0.7218940830005133,3.509010612444025,,,,,
deltaI0.2,FGO-B,31,-954.4080067441171,300.30694478416956,641.859631536305,1188.7231347201089,-0.1641034285038943,-1.3338545118892189,0.6880268318913169,1.5097942626518228,,,,,
deltaI0.2,FGO-B,32,316.70683808867847,1580.4973714159996,713.187640967742,1762.6434051089702,0.07403663358355762,0.36867462560160646,0.06600189345055665,0.38178351537740507,,,,,
deltaI0.2,FGO-B,33,-163.37349666984477,-471.6171861384338,211.06801554226553,541.9071662750142,0.6256864262672479,-0.21020924780249753,1.4305449913197004,1.5754778335688044,,,,,
deltaI0.2,FGO-B,34,-1306.2170055125043,812.1478730899574,1695.2877026862247,2289.058196755542,0.02291395917597019,0.3731245860950278,0.18831600694526685,0.4185808461283359,,,,,
deltaI0.2,FGO-B,35,-255.37348050302293,-697.084352851819,321.0266530858424,808.8265089168164,0.5509783245596489,-1.3858085259105353,-0.4661070275500753,1.5624654062578331,,,,,
deltaI0.2,FGO-B,36,-2660.0717603440594,335.35896161726106,-1278.7524029001243,2970.4637872291582,1.089130537185866,0.07334126045627648,-0.48654152524428557,1.1951179537196837,,,,,
deltaI0.2,FGO-B,37,-607.0719892475477,963.9309515521527,1732.8916796623312,2073.791902031674,0.7487942238473503,-1.1009021376586994,-0.8538878390382084,1.5817088063313016,,,,,
deltaI0.2,FGO-B,38,-1103.4843921187594,-212.07394164503367,-1021.8417650174069,1518.8198553839288,1.3211686794941078,-1.4061442613304527,2.649000342787613,3.27718342169578,,,,,
deltaI0.2,FGO-B,39,2135.678944560073,-439.6139107267842,-934.1241062100449,2372.1241094311317,1.6076059930106907,1.0390614526712825,-2.270246626357835,2.9695227690119466,,,,,
deltaI0.2,FGO-B,40,-781.6226162240044,302.9051778451722,-482.227803768795,967.0724459346095,-0.8966811168472875,0.6970167071383236,-0.5640127298587979,1.2680613844697046,,,,,
deltaI0.2,FGO-B,41,189.92705566479117,-925.343712112543,-3635.246673966503,3755.975459531683,0.16343781380419506,-1.142597568584946,-1.8226389166149253,2.1573719528807622,,,,,
deltaI0.2,FGO-B,42,-149.58531531737617,1038.727899914912,-1238.1611443354589,1623.0756100571334,0.9963884256430094,1.8575908766496656,-0.060280749027981445,2.108807134014584,,,,,
deltaI0.2,FGO-B,43,547.4111440875803,493.54441359409634,-1025.1125419490427,1262.5770362724177,-0.6973072901636906,-0.08415035574279522,0.6579767907428864,0.9624199688511126,,,,,
deltaI0.2,FGO-B,44,-518.8814781289761,783.2115324223597,-1215.1204263993138,1535.9609186165976,-0.4169859407828422,1.1355502459847022,1.25024874682128,1.7396762816382392,,,,,
deltaI0.2,FGO-B,45,1272.3689317351934,247.0322468065699,-948.5604942289772,1606.14900946929,0.2607328148628533,-0.7550473259396557,0.8032568037254886,1.132828123717901,,,,,
deltaI0.2,FGO-B,46,-1035.826731765197,1536.8193000334056,935.1246173345413,2075.8633454877536,-0.7630893832363426,-0.14001713472661279,1.554860174808387,1.737670960806516,,,,,
deltaI0.2,FGO-B,47,-501.69399543367723,846.3708288598657,-885.485488857208,1323.6785848444597,-0.3768777133557882,1.4959745558211637,0.4827766130227577,1.6164930994502702,,,,,
deltaI0.2,FGO-B,48,177.2612753881342,-136.23968123754835,-735.7589164641187,768.9759382792096,-0.16602622931850122,-0.9349001374013437,0.4821509428741785,1.0649284048466499,,,,,
deltaI0.2,FGO-B,49,-1368.0967363592772,66.58163998031728,318.1035285266312,1406.1691397838554,0.899211514915243,0.4622614528047089,-0.5287509028048991,1.1409840123868005,,,,,
deltaI0.2,FGO-B,50,627.3140385295537,-506.21170246891177,-1081.3664073652933,1348.7499759521236,1.5810150412921338,0.0943440012330013,-0.2641310750333066,1.6057006496102784,,,,,
deltaI0.2,FGO-B,51,-580.0227842883056,-1131.9021306373907,644.2437067877454,1425.720455548926,-0.41668037370857125,0.27204072194791634,0.4405224412923324,0.6645966517475201,,,,,
deltaI0.2,FGO-B,52,-27.89486176277868,-829.8221314527466,1296.7411455557055,1539.7793646294483,-0.12913967218154898,-0.3041098138543542,0.5205947943898493,0.6165863879129164,,,,,
deltaI0.2,FGO-B,53,273.6715287380518,703.4407366983983,23.219803306353928,755.1583509133652,0.1342042105280051,-0.061605615239511496,-0.780764864792679,0.7946066926770843,,,,,
deltaI0.2,FGO-B,54,2088.525122842243,-812.2789335513572,658.9641223003717,2335.8013548060194,-0.9913149689516388,-0.45695977621088685,0.5158392721433924,1.207314275335017,,,,,
deltaI0.2,FGO-B,55,1208.99203199087,-1645.6501848634718,602.4658767879407,2129.035320762071,0.37478803499683244,-0.7811426616541801,0.01126041295329966,0.8664737306651844,,,,,
deltaI0.2,FGO-B,56,-278.46381914577825,567.8540452295919,993.6511350385003,1177.8552090219596,0.7890048791454889,-0.0499703553154511,-0.8906872668656254,1.1909448110984395,,,,,
deltaI0.2,FGO-B,57,-2.8663354648210033,-448.5337997308533,549.0743347926177,708.9946477287044,-1.9553325693867483,-2.047379744355586,0.7694615254007833,2.933796229047653,,,,,
deltaI0.2,FGO-B,58,195.13540195955625,-210.9225718343246,-269.01489932803105,393.6180540417247,-0.5911821974636295,-0.5812475901963049,-1.275778310690527,1.5214977652745048,,,,,
deltaI0.2,FGO-B,59,516.6480439555511,-24.494515866546237,432.5694352482281,674.2710871315813,-1.2868400030084155,0.5726015888600335,-0.2480388677923833,1.4301584013120578,,,,,
deltaI0.2,FGO-B,60,-1676.4253009816523,-109.41779210091664,1075.2771462604305,1994.641567868683,0.2596292473589214,-1.2888732227043023,-0.7872925543575972,1.532459166319039,,,,,
deltaI0.2,FGO-B,61,920.6199587716645,-235.49725760434063,-53.86023182910806,951.7883122840876,-2.319354558193065,0.3257521976860997,0.400700232802777,2.376148298712955,,,,,
deltaI0.2,FGO-B,62,-416.4631765908131,339.2761010993339,959.5784578835833,1099.70026237494,1.0118467649180318,-0.3356057239682466,0.8350422787353716,1.3541642016058835,,,,,
deltaI0.2,FGO-B,63,-605.99519012977,317.53822198446346,261.1300857563398,732.2906626255614,-1.141499537609752,-0.5736417577118413,-0.11930142301347145,1.2830895877089206,,,,,
deltaI0.2,FGO-B,64,102.77041800904007,-379.8151873094143,860.0365986226395,945.7717939857572,-0.4208494055751669,0.9229128239943631,-1.0145321283323123,1.4346280850048605,,,,,
deltaI0.2,FGO-B,65,617.9683108988283,-249.37688664943178,-528.9812906850904,850.8201165728151,0.23009371976981544,-0.09136017646305443,-0.022108791743862426,0.24855301324515114,,,,,
deltaI0.2,FGO-B,66,-213.25972243447518,510.8617541601297,-1622.5805991301943,1714.417464257202,-0.5659592150076278,0.020019261394899172,2.6276904065755415,2.6880229680357983,,,,,
deltaI0.2,FGO-B,67,494.28496630037773,1247.3192774874983,744.727093940085,1534.5166836339529,-1.092237329880666,-0.43820098791728246,1.2468132085202999,1.7145103287928054,,,,,
deltaI0.2,FGO-B,68,-1430.7952849544968,-617.821620269447,106.47788132365666,1562.11915074733,1.515706379636734,-0.18320289298892126,-2.6004884236962686,3.0155379571561207,,,,,
deltaI0.2,FGO-B,69,-996.9531522260445,122.91044914359485,1347.4537971172722,1680.670789181475,-0.5899789137935649,-1.2585006423422138,0.05991332327799579,1.3912183839365453,,,,,
deltaI0.2,FGO-B,70,-1175.2188141478005,672.8726421960928,-113.17908968164713,1358.9357453846299,-1.0638162897535137,-0.35650004796850954,-0.0398929383410673,1.1226704009084616,,,,,
deltaI0.2,FGO-B,71,-269.0942632377182,-10.002930261274296,-81.91409686443319,281.46349743151075,-0.01999566310099996,-0.29356814567511935,0.701544499389507,0.7607540780841408,,,,,
deltaI0.2,FGO-B,72,-370.4964591875436,1311.5982454878024,1206.128276900108,1819.97335260031,1.8729356954123781,0.3408292794107708,0.019660848819483018,1.9037960147636133,,,,,
deltaI0.2,FGO-B,73,-291.6109915345495,-822.2796598306188,-253.89253985605941,908.648574064518,1.7025918784537017,-0.6762628663205691,-0.4962190677752147,1.8979947134184332,,,,,
deltaI0.2,FGO-B,74,190.65603050297608,125.31109980855162,1470.0613611895462,1487.6602432561147,-0.712123595635985,-0.10325937732850805,0.22902450868327304,0.7551388879175869,,,,,
deltaI0.2,FGO-B,75,-1864.345941305499,1903.2007884207267,1537.9334193282962,3076.2311733994225,-0.2671972365603387,-0.037618583175884866,0.6877245528937391,0.7387655796519867,,,,,
deltaI0.2,FGO-B,76,1540.9900952608673,-2.2599971339415466,82.35314697864885,1543.1907277120445,0.1538632181862419,-3.2114961322038824,-1.5324675539857913,3.561718419680354,,,,,
deltaI0.2,FGO-B,77,-412.8047021080026,-489.82453645743817,-208.7799324804821,673.7394591418671,0.12504683429288005,-0.3594714740000755,-0.7404721613485878,0.8325595913318801,,,,,
deltaI0.2,FGO-B,78,-147.21095088570803,-2423.2929073726227,1387.1108448489867,2796.08584898261,0.3556646342794781,-1.4212314262154402,-0.6020128881468855,1.583924119531767,,,,,
deltaI0.2,FGO-B,79,-1363.4349494800003,1030.9921446034077,141.64556539316467,1715.2151847196942,-1.4558619237151806,-0.14031388138633993,0.09678141049389662,1.4658064564090836,,,,,
deltaI0.2,FGO-B,80,874.6500643154832,221.23509830481012,174.9892775234902,919.009766529829,-0.5507871385013438,0.014479412852163805,0.017689814260665928,0.5512613308256064,,,,,
deltaI0.2,FGO-B,81,687.4173192794883,624.9538264636282,125.6361165263466,937.4936212224328,-0.8349300835776899,-2.383757660031593,0.2618333439129553,2.539284451613679,,,,,
deltaI0.2,FGO-B,82,669.4244696971592,935.1757133574877,2277.139900425552,2551.0877800642415,1.1704263553068313,1.5039814301665495,-0.06239669562600208,1.9067646270863368,,,,,
deltaI0.2,FGO-B,83,-654.0040120907358,1842.8361153162782,-951.3781333434446,2174.6003192193334,-0.25057480045692176,-1.83839437361363,-1.83857779646671,2.6120585593012,,,,,
deltaI0.2,FGO-B,84,-760.5973094433344,-1373.2684555957078,2213.256464930632,2713.4624924299023,0.48437569518683554,-0.6113690079193022,-0.5913392793200173,0.9788125567230324,,,,,
deltaI0.2,FGO-B,85,1060.1794906297077,-583.0110870486506,590.49853065235,1346.3175682862125,0.2646945017524916,0.5146149999725633,0.6165482459482008,0.8455906320652826,,,,,
deltaI0.2,FGO-B,86,2690.2150219387413,-333.9251871640724,-542.1369260037552,2764.5389021361634,-0.16045083914593403,-0.8331185432545771,-1.5558504715341497,1.7721460630180288,,,,,
deltaI0.2,FGO-B,87,33.89948664599451,1008.5546653212576,182.3128675976269,1025.4607110113025,-0.7169696291713447,0.1737865223499981,0.277285081948266,0.7881206894731659,,,,,
deltaI0.2,FGO-B,88,-750.3400335635063,-996.305250372263,-40.5412018670869,1247.9094145554993,0.1905840323472764,1.06108788711859,-1.0098489517163307,1.4771677910305632,,,,,
deltaI0.2,FGO-B,89,-610.6834606769618,243.61303852718504,1072.8027102546516,1258.2476929502252,0.16975221297630094,-0.39965897761938274,1.326652809534554,1.3959050072437047,,,,,
deltaI0.2,FGO-B,90,309.4885325101981,279.7221791333138,1140.140875877518,1214.0629580467232,0.028523800791584397,0.7238053558953874,0.18929548804435142,0.7486925819242473,,,,,
deltaI0.2,FGO-B,91,64.29880818817169,320.0751067226199,-736.150892480286,805.29531674873,0.22885585667172492,-0.15249832791002543,-0.5562064140583013,0.620480715403708,,,,,
deltaI0.2,FGO-B,92,-34.988986904943104,-684.4711167866346,91.06595321247677,691.388419598039,0.1901125402189553,-0.2586358674550842,0.29391390035993936,0.4352248507467607,,,,,
deltaI0.2,FGO-B,93,696.6331580490992,499.70079704216135,-825.7615225307874,1190.3279949452574,-0.4668964545592211,-0.8267985093361284,1.0413886104505423,1.409282907118555,,,,,
deltaI0.2,FGO-B,94,324.2904551672982,-660.8552496803136,35.57968464734254,736.9938088629018,-0.29108376059478175,-0.31932405455561796,-1.1433772750745088,1.222296690929272,,,,,
deltaI0.2,FGO-B,95,1041.0694673085923,644.8953881455748,-133.59214160799056,1231.8938906062635,0.4773560064832158,0.15442355466848318,-0.4626688231499225,0.6824791799586184,,,,,
deltaI0.2,FGO-B,96,-94.85919925423907,417.7546769260256,363.531672259855,561.8474121260772,0.9771691852126387,-0.6216699211686277,1.1351280116225329,1.6216808287036835,,,,,
deltaI0.2,FGO-B,97,3245.6104606929384,-112.34335786477922,1619.387422224207,3628.9149777686616,1.181506684646822,1.5123638734437,-0.8995836007067949,2.1195407960743196,,,,,
deltaI0.2,FGO-B,98,641.9220711867242,1818.9003815240808,321.2119948730322,1955.4129203407176,0.9414621797248403,0.842160212262261,0.01977826227236554,1.2633194523272324,,,,,
deltaI0.2,FGO-B,99,-1406.882161889093,1532.806380841841,-1085.8559944176927,2346.8907216153093,0.22006234498591545,-0.7263891847575988,-0.5125004266275144,0.9158195077125696,,,,,
deltaI0.2,FGO-B,100,343.63040184654113,1552.4609646091453,730.2660040986119,1749.7157873353397,-0.5364723132357764,0.8269815303062944,1.0149593465546,1.4148651771440366,,,,,
deltaI0.2,FGO-B,101,128.9897599948056,-1462.5132671111087,-369.5325031353578,1513.9807414670142,-2.136065098812633,0.153870795341099,-0.8010706108633369,2.2865179753531977,,,,,
deltaI0.2,FGO-B,102,352.3231333055972,-1225.1891259897914,-2183.3647462580425,2528.3001403924236,-0.7821405533491244,1.6337520694438987,0.4133064113398201,1.8578783219737767,,,,,
deltaI0.2,FGO-B,103,-133.31736986258576,1497.9666554252067,1632.1497989600553,2219.3671593763406,-0.9604596879501548,-1.7926411115885146,-1.0088801555198086,2.2702167595488074,,,,,
deltaI0.2,FGO-B,104,968.8769037499255,-1444.6195423625911,1697.6087474045432,2430.5397622874566,-1.1981981285668692,-0.877335908861043,-0.026295204996264553,1.4852907089468967,,,,,
deltaI0.2,FGO-B,105,715.4823301317855,628.2802411273173,-808.5570852507707,1249.1659562408156,0.9079270980837958,0.14599359312070043,0.3064584345486129,0.9693103304789141,,,,,
deltaI0.2,FGO-B,106,1114.4829862653103,-83.97882880315876,419.2683122172973,1193.6962293613626,1.0478085749128856,1.0118264059041409,-0.08414364781334907,1.4590324324062163,,,,,
deltaI0.2,FGO-B,107,-338.21665352745885,187.73602075265813,-1079.9387788682761,1147.128190009669,1.6745415165969892,-1.1360747665997306,0.32058142374559284,2.0487868643083225,,,,,
deltaI0.2,FGO-B,108,-2015.949819005471,-642.0709145470042,-79.26816804831077,2117.2133039732093,-1.1730980457749627,0.7638038640850826,-1.6828395740020403,2.188950524708064,,,,,
deltaI0.2,FGO-B,109,610.7386334990999,1136.802587057224,199.0891115316767,1305.7405081863767,-1.54046518548892,0.6775360875068541,-0.7466947443416838,1.8410978189126728,,,,,
deltaI0.2,FGO-B,110,-512.8583545303158,131.73263115930652,283.33061330751286,600.5442651136619,-0.9994704974906152,-1.326548742374476,-0.6287870215188482,1.7759633891721942,,,,,
deltaI0.2,FGO-B,111,-380.98724529674655,-1033.8549068190669,1536.3679956196834,1890.6173244200181,0.00539502119213398,0.8490109017864093,0.9397412792131526,1.2664763280310485,,,,,
deltaI0.2,FGO-B,112,1462.369780878842,-416.77352310383617,-23.63413737799269,1520.7840471406905,0.722227629164846,-0.6600049778004071,-0.7201129601069649,1.2148176794747454,,,,,
deltaI0.2,FGO-B,113,33.749382332075875,-48.62205258658983,-426.2208711616656,430.3107665621892,-0.8856154990246623,-1.054438448770512,0.4468253143798306,1.4476906147132749,,,,,
deltaI0.2,FGO-B,114,-276.6505774552463,-189.0267618574188,-111.60108369427513,353.1592566907445,-0.4086726227663953,-0.03053554182525908,-0.8078901999252658,0.9058875796966269,,,,,
deltaI0.2,FGO-B,115,1454.6461010424277,-830.1117982402588,472.87201500714104,1740.3128510220588,1.3832912735266454,1.0889439576553699,0.5419161682677816,1.8420007664925504,,,,,
deltaI0.2,FGO-B,116,645.8715923506559,2175.605382331845,-322.21439910801473,2292.210944138738,-0.2884083142357912,1.6325812397950457,0.20388402956760238,1.670350130291186,,,,,
deltaI0.2,FGO-B,117,1475.7937191507667,1869.6933425652196,445.2776292132763,2423.219441939865,0.18293425899308927,-0.6924176930359662,1.22938687585943,1.42277872323071,,,,,
deltaI0.2,FGO-B,118,-1250.4202002800032,-1204.612451771995,681.1446264411389,1865.1004901511496,-0.280110884707347,0.9797920890370899,-2.8704308940844507,3.0459527513055185,,,,,
deltaI0.2,FGO-B,119,1252.09092422544,-760.2652155812546,-333.23199060129156,1502.257780845427,0.31857326075195375,0.2272916925910009,2.234732721240962,2.2687399082689157,,,,,
deltaI0.2,FGO-B,120,-444.1832980335017,388.9949906080127,1756.3506879721665,1852.939190613213,1.073899469816708,1.0557293288361311,-0.527204280204276,1.5955465646928337,,,,,
deltaI0.2,FGO-B,121,-1061.873713718752,12.881267201339183,527.7420618167297,1185.8555539112422,1.8740491319562418,0.07061405697337943,1.0863593532593145,2.1673078088822963,,,,,
deltaI0.2,FGO-B,122,-344.40460265806286,1545.4856065234849,1000.2345160176334,1872.8612808578087,0.2324300918919532,-0.22235155801829173,-0.5079774130319141,0.6012528711953561,,,,,
deltaI0.2,FGO-B,123,128.54804955201575,226.8120456617409,-46.36137760931833,264.79743660905206,0.40903992085442603,0.14991490374093897,0.2425133097130501,0.49859887745985537,,,,,
deltaI0.2,FGO-B,124,388.539281055861,821.9817658648757,-590.5533312798775,1084.1448396886394,-0.30014227606603316,-1.0585827000852464,0.2052133757938922,1.1192833637674575,,,,,
deltaI0.2,FGO-B,125,-1162.1411645740404,350.52810096458774,-1449.896272390178,1890.9366030235599,-0.7112259222190309,-0.29374937622254343,0.08813909386397369,0.7745317994340883,,,,,
deltaI0.2,FGO-B,126,1547.2714753755095,762.8471982743882,-510.052564122604,1798.9270370400886,1.5401296934377682,1.150007474425652,-0.5576476284857429,2.0013714151549564,,,,,
deltaI0.2,FGO-B,127,-86.25803757820934,-715.7805469817494,-251.1163447166147,763.4406716098964,-1.10962955561972,-0.2603285739927645,1.0145631476641386,1.5259053370835585,,,,,
deltaI0.2,FGO-B,128,519.213913728414,-839.7641958946606,881.9519122056194,1323.867881761217,0.3368516004623475,2.0027387051087335,0.6236202146065893,2.1244607536362303,,,,,
deltaI0.2,FGO-B,129,685.8799776676174,-564.7347161549197,-449.2947426077915,995.6015313020117,-1.19436858167616,-0.8491455727715629,0.48262288770909906,1.5428834578131096,,,,,
deltaI0.2,FGO-B,130,1077.6663144384183,-1235.191133364718,-488.1631820437176,1710.3698762317897,1.2063008153797907,-0.9148629303597202,2.172219392372944,2.6477675364603677,,,,,
deltaI0.2,FGO-B,131,1481.0145200977804,-852.8627281526582,597.6857663034343,1810.5267512672044,0.4621404956122197,0.27397995367960426,-0.18868360763868164,0.5694210713474995,,,,,
deltaI0.2,FGO-B,132,-357.54608116753377,487.4728411424653,157.82655868636505,624.8025237117313,-0.3692914519111992,1.7091874909523017,1.183241606886454,2.1113405116062505,,,,,
deltaI0.2,FGO-B,133,2196.0383274951287,-648.3236962994829,2491.3523937788423,3383.747139045498,-0.0029067783961533224,-0.560094896400287,-0.8529420946972319,1.0204043116533732,,,,,
deltaI0.2,FGO-B,134,115.98874228516469,641.1614725399072,465.33109108183817,800.6712474754232,-0.5592804620317112,-0.956758797069083,1.5008106904614482,1.8656405762050878,,,,,
deltaI0.2,FGO-B,135,-1263.2264415602542,1221.4577237064125,1017.5660218033706,2030.551802389629,-1.1136445568410045,-0.001800019234019449,1.3027838017101738,1.7138999600470424,,,,,
deltaI0.2,FGO-B,136,1627.0595405815473,509.5637852465729,-368.866985539686,1744.431383819205,-0.10754985607035442,1.8854948401148335,0.9052729316516269,2.094320138952387,,,,,
deltaI0.2,FGO-B,137,-598.2590230373739,1837.5576829219503,221.95649195478717,1945.1983911755622,0.6689437959118598,1.3775485621687618,-1.2059857490030428,1.9492376638113222,,,,,
deltaI0.2,FGO-B,138,-172.33171885569746,1421.8258181903166,1304.960823111216,1937.5782896315247,-1.9830762171909098,2.517494961376491,0.9638067960571747,3.3465348801215598,,,,,
deltaI0.2,FGO-B,139,1.3423838826943892,1431.304331297312,-489.25189007224617,1512.6140627153377,-0.9655896206662113,0.9763957693043389,-0.5093237367906628,1.4646237341761652,,,,,
deltaI0.2,FGO-B,140,1351.2430722008103,-185.23650881493236,-928.2648338381568,1649.8018081300584,-1.213857433227155,-0.39486468828905835,0.1764545551728105,1.2886055254808069,,,,,
deltaI0.2,FGO-B,141,228.53509515612947,-575.0069082182071,453.2985414571593,767.0337684247486,-0.0939448222726058,0.907853737503869,-1.0144373677338414,1.3645904921940284,,,,,
deltaI0.2,FGO-B,142,-1594.0377470880558,-1016.1089408465094,164.36699423793573,1897.485237783049,-0.8292395542793354,-0.18131926281309124,-0.9122359832529102,1.2460695817609373,,,,,
deltaI0.2,FGO-B,143,1072.144224612476,-235.1774663677872,-632.6546769300518,1266.9071076043922,-1.3897145539211917,0.47019467346655214,-0.18684188719621492,1.4789521503915322,,,,,
deltaI0.2,FGO-B,144,908.3820945689197,313.2302659616615,-142.70639146617248,971.4094622830927,0.46080847310884493,0.44992154801966405,-0.6897275711490284,0.9436620002227778,,,,,
deltaI0.2,FGO-B,145,555.285302673468,541.6601692417511,1079.1500428534282,1329.0230702657962,0.95319178017191,0.17397738677207544,-1.3095182328454362,1.6290121862803755,,,,,
deltaI0.2,FGO-B,146,-576.6406457561098,-868.3530550549646,-4.272451751107348,1042.3865484575667,0.4244161164761666,0.9522489849689838,-0.7093717420632505,1.260997794501252,,,,,
deltaI0.2,FGO-B,147,998.2338927500472,788.1684795589066,-160.735740531392,1281.9970495634093,1.1434391562605362,2.79291141560317,1.0109406133273247,3.1827359618967663,,,,,
deltaI0.2,FGO-B,148,188.86976751341345,6.628695679605062,992.1067890811871,1009.9463399745388,-0.9988364846446717,0.884534940532523,-0.527984938670986,1.4348674083494977,,,,,
deltaI0.2,FGO-B,149,313.46345715486154,-230.28550646990354,2.4044454777977253,388.96855248160284,0.09017330444583281,1.1424527854244038,-0.020962802835812144,1.1461976404012497,,,,,
deltaI0.2,FGO-B,150,-415.23935946436364,-562.8117421254641,-397.73193457759834,804.5939811516824,0.08747429726784728,0.3337426186234346,0.30961406219111515,0.46356958018685257,,,,,
deltaI0.2,FGO-B,151,815.0949727693725,-1406.6316357623964,-1413.6322243372144,2154.378898672673,-1.0344282883292482,-0.5711167190668037,-0.980023646210962,1.5351425137836674,,,,,
deltaI0.2,FGO-B,152,-1996.3041395003345,420.6059320184941,-789.4468465393559,2187.5479174057537,1.839458902676841,-0.1985688730593946,-0.2392923494774262,1.8655560780913536,,,,,
deltaI0.2,FGO-B,153,672.3309785944541,-568.6321704290317,-859.2842505602255,1230.3417871816987,-0.4201847520766845,-0.9041680857126025,-1.0176954986530877,1.4247032256149679,,,,,
deltaI0.2,FGO-B,154,-24.107304338547767,-460.8190501472281,1190.63780561466,1276.9313776628555,0.1988008474988593,-0.9796739474353915,-0.8084509823707631,1.2856421785030852,,,,,
deltaI0.2,FGO-B,155,-193.21388523746378,144.21894260093933,-361.14482113558756,434.2306883288471,-0.45148952866506664,-2.0446898613799163,-0.45237714799712203,2.1422522045160868,,,,,
deltaI0.2,FGO-B,156,170.36140058034889,918.7286966348647,-546.7009334815399,1082.5744018300463,-0.27161736008954823,-0.4096751711784373,0.8706578214202737,0.9998273741913624,,,,,
deltaI0.2,FGO-B,157,1277.334666396347,-519.682052231713,-529.605392707498,1477.2051845882802,1.3390462213962198,0.3655987157669639,-0.4025406147695339,1.4452495115186796,,,,,
deltaI0.2,FGO-B,158,-1102.524007024978,1079.9335134791363,-737.1030740117309,1710.303049555648,3.010459783885753,0.4155033909110017,1.0583248055226036,3.218005993194614,,,,,
deltaI0.2,FGO-B,159,1145.804139886096,62.589302410057876,-2805.4759757270704,3031.0856137922024,-1.4263310052351257,3.0827836940403417,-1.1042007347980667,3.5717271317199817,,,,,
deltaI0.2,FGO-B,160,-1552.0847908289143,1457.8428172554457,-853.5506332016521,2294.0840353362537,-0.11022310177417044,-1.0881178171033443,-0.45955655062000245,1.1863143509543417,,,,,
deltaI0.2,FGO-B,161,-691.5210023940597,2283.1913121095827,-823.3402032235324,2523.6982693438076,-0.6420151403453145,-0.5068588581487837,-0.7723522844050459,1.1249966194358967,,,,,
deltaI0.2,FGO-B,162,-527.6478787030298,829.3650345088502,342.0364698231327,1040.7918096597148,-0.18816685217218054,-0.7657942219332254,-0.7916661103818419,1.1174000111552784,,,,,
deltaI0.2,FGO-B,163,1291.3267789788915,-1116.8389464888003,334.47739678588374,1739.749755413943,-0.3480395229175667,-0.620821223127754,-0.8057168100442025,1.0750488726501384,,,,,
deltaI0.2,FGO-B,164,1134.9102188969437,-145.4327848928343,-151.69283825213572,1154.2021560607927,-0.21352137138410385,-0.41205089006057477,-0.6536150816514301,0.8016171074769213,,,,,
deltaI0.2,FGO-B,165,-2067.535933077259,810.8314852408778,-879.7405246882847,2388.7435866585593,-0.4836436592660983,0.6685568149668619,-1.3172958167896305,1.5543962406408465,,,,,
deltaI0.2,FGO-B,166,1016.8047344585817,-1295.079075888188,522.383628254451,1727.4276644447589,0.28203799777862804,-0.22696768538518464,-0.20466465182915758,0.4158694291582826,,,,,
deltaI0.2,FGO-B,167,337.76653089024654,770.2744966440927,-673.482172920704,1077.4911910600176,1.5878773760770433,-0.6495504000333855,-0.8001948304004715,1.8930351423680667,,,,,
deltaI0.2,FGO-B,168,-975.825045415631,-407.7731924958674,420.3942834241554,1138.0882432019052,0.13693101718827377,-0.25127744817106706,0.9406722785477714,0.9832368967119951,,,,,
deltaI0.2,FGO-B,169,-1535.127040202243,-416.1208474185487,-616.5133591357992,1705.8312669221823,-0.881380673337972,-1.0637592209536784,1.7605622800089162,2.2378550250826943,,,,,
deltaI0.2,FGO-B,170,152.36928972921098,178.21269558232368,1374.9850598869334,1394.8333521362242,-2.223206576907208,0.0897267888552177,0.29006781092758666,2.243844405295977,,,,,
deltaI0.2,FGO-B,171,514.9212560226644,-1153.0751634841295,-483.34245820099363,1352.1635124672198,1.970326884439153,1.0711991217180108,0.25920094074226935,2.257618372886528,,,,,
deltaI0.2,FGO-B,172,-567.9755701093026,356.69505144046144,1016.4326788790254,1217.7696821058948,0.27543629606612163,-0.6067797480758716,0.3624272344215764,0.7585514591088166,,,,,
deltaI0.2,FGO-B,173,1331.9577698188864,1074.497136579495,-356.5680919271449,1748.0836368088915,-0.42066115880704785,-1.5651306026859004,0.6652862205040994,1.7519119182154814,,,,,
deltaI0.2,FGO-B,174,859.8301092402224,-2583.160313684232,-1074.326146349873,2926.807423060192,-2.8819502119321476,1.412863573535178,0.6305150999301792,3.270989115346963,,,,,
deltaI0.2,FGO-B,175,-467.75383943247914,238.34357705985272,-210.70363276821223,565.6830701826184,1.308223469747221,0.48656274179652603,0.2567126463492099,1.4191875602955466,,,,,
deltaI0.2,FGO-B,176,-92.50892143184898,-738.9829520904887,414.762087686398,852.4560360551369,0.271104615620222,0.3525202635807219,1.5346184062555084,1.5977552696404436,,,,,
deltaI0.2,FGO-B,177,-743.6806931354766,384.9334421662022,250.8788293910527,874.1709874372456,-1.7906440391372076,-0.21119657544228493,1.5237085421338525,2.360656220153166,,,,,
deltaI0.2,FGO-B,178,-730.3804510342521,1400.9565648484768,716.4569069560621,1734.7753166822756,0.6502087593602076,-0.7704944066118334,0.568596448295666,1.1574692144430052,,,,,
deltaI0.2,FGO-B,179,303.3480109217989,27.927746490802463,-1780.5815751640378,1806.4525237514304,-2.5988557853518195,-1.010527598581724,-0.7709631055843851,2.8930263619131242,,,,,
deltaI0.2,FGO-B,180,-691.9178653088649,217.43766290773314,959.7041232018689,1202.9386824252604,0.22368702313362657,0.39800224659919714,-0.8792302678703279,0.9907005281898866,,,,,
deltaI0.2,FGO-B,181,-679.7542710541388,469.8586980323128,1206.1164126720528,1462.036205451105,-1.342071039689929,-0.7678036080545463,-0.32778675730996115,1.5805445942407843,,,,,
deltaI0.2,FGO-B,182,1231.375416425168,-368.2581090297571,-534.2245608356661,1391.867570008903,-1.4106760050831368,0.20600229319967236,0.852393467755744,1.6610293073854854,,,,,
deltaI0.2,FGO-B,183,-1086.5694694543713,42.477675020348144,-1222.667290518911,1636.261858056449,-1.2668052882048815,-0.7526436185803737,-1.4598318155647245,2.0742171980167874,,,,,
deltaI0.2,FGO-B,184,668.2041241196555,571.512164893209,-5.836307850686519,879.2934485146392,-0.44575709767399113,0.2806134475410674,0.0037483630467599408,0.5267422019291351,,,,,
deltaI0.2,FGO-B,185,-968.047550429037,-638.2203327798873,-483.61043896278363,1256.3121864166983,2.107632395232692,-0.09404944392776002,0.11722145120966909,2.112983786014724,,,,,
deltaI0.2,FGO-B,186,-550.246030343344,1069.0943414884773,-1271.6652564313733,1750.1045481130434,0.5816938706687272,0.9112692454369952,-2.064265282960789,2.3302297215703995,,,,,
deltaI0.2,FGO-B,187,1128.857745839603,100.3507302628696,1075.9404090418475,1562.7020967591677,0.19104213064829187,-0.9151652734405943,0.03489882349962034,0.9355439600980247,,,,,
deltaI0.2,FGO-B,188,1029.6251465265332,-383.58310578640214,1393.7349536181525,1774.7566205937987,0.11988002000906876,-0.3034979799630254,0.11348973344039122,0.345488295945583,,,,,
deltaI0.2,FGO-B,189,-168.7955056806049,747.0245824448056,-130.591796064214,776.9117496306028,-1.7166192130900506,-0.44426300300727906,-0.5918506530642856,1.8693416846910498,,,,,
deltaI0.2,FGO-B,190,233.6802700064735,-782.9293598938002,949.5828342857587,1252.71401778067,-0.2659852766935525,-0.9565037124681146,-0.0958726541739046,0.9974162046013593,,,,,
deltaI0.2,FGO-B,191,-947.5466050429519,-67.36624733764607,2212.2116150926618,2407.542940418647,0.7026790651797807,0.11771779867480725,-0.5351144667955184,0.8910459254946543,,,,,
deltaI0.2,FGO-B,192,-84.81021575667066,-1092.1999554942674,1741.4366280623224,2057.3514636627947,-0.18320597104397085,0.15667758158884004,-0.7989057184771471,0.8344834566449945,,,,,
deltaI0.2,FGO-B,193,-722.0301472267532,-1409.2057819707074,-453.8411848949231,1647.1673535347852,0.3245050035027806,-1.3666966856593223,-0.7804045281625837,1.606920830491403,,,,,
deltaI0.2,FGO-B,194,1545.0912120649832,896.8644183807625,226.9601832009404,1800.8841060202922,-0.6419670984901411,1.7595862470558439,-0.23261241010798142,1.8874252434753975,,,,,
deltaI0.2,FGO-B,195,-127.46322591691073,-244.96442189916286,-162.9225958030735,320.6216059169253,0.11824029122975836,-1.0163169874094722,1.5264470139839175,1.8376401910786513,,,,,
deltaI0.2,FGO-B,196,23.753120511423962,231.1742623292362,767.4500643616155,801.8636739409915,0.24823929972143843,1.2327999836329862,-0.21038613273733942,1.2750219113489205,,,,,
deltaI0.2,FGO-B,197,1555.1983230483254,-187.83265471715467,-38.54117114318185,1566.9742665607196,-0.16862034474375734,0.4067669043277882,-1.5248113809998802,1.5871174760378255,,,,,
deltaI0.2,FGO-B,198,477.22452332876105,-128.9368191159478,1238.0240733490284,1333.0684735533364,-0.6000075410897177,-0.7265479112577857,0.2550893765705574,0.976192351310302,,,,,
deltaI0.2,FGO-B,199,-370.88613180654187,-970.7016453630018,-87.98113241743361,1042.8609143784768,0.00757297421832598,0.9289900466152711,-0.38702135708814667,1.006412136001502,,,,,
deltaI0.2,FGO-B,200,-589.5313303302888,158.42875517575644,498.4007359434328,788.0673534010245,-0.6896297948990712,0.931566414939712,0.9648842931430739,1.5081137021492683,,,,,
deltaI0.2,FGO-G,1,947.2198307597481,1432.297234312146,-491.23526569239755,1786.0607104638489,-1.1077885172895925,0.021409503933857484,0.5722777172881751,1.2470587602843468,0.20092828495004567,-0.11052242918542791,-0.020729210057650934,0.23025438800515594,94.15727018896736
deltaI0.2,FGO-G,2,803.8030445231689,2071.1154659226836,1137.847078814606,2496.0598114499944,0.3133048221933214,0.28992009380962747,0.802283886424877,0.9087755536001048,0.02682114398923445,-0.19023921024640628,0.06332653104777708,0.20228835956281,17.372426807532392
deltaI0.2,FGO-G,3,820.4744110854978,-1551.4311746108842,-3125.434880400669,3584.474876523163,0.957497166220512,0.45647277466168595,0.595930315138343,1.2166762748687645,-0.148329648889348,-0.08979269682965192,0.1675418723983341,0.24111136877036451,-16.11112297825267
deltaI0.2,FGO-G,4,773.6018733769457,-559.4577618345668,490.8321197215925,1073.4845203912605,1.4364246393538327,-2.280605359512699,0.4927391778047503,2.739939497091959,0.20179958154304803,-0.047747104033461434,0.09674894157238402,0.22883010018331953,-252.81464789343215
deltaI0.2,FGO-G,5,-1540.6599158392717,361.8466922493973,283.534008333703,1607.7803142368296,0.7388732480319041,0.5813100889851551,-1.2440199666032654,1.5593077866543006,0.0038132764207404295,-0.10023023595850321,-0.07192859451734986,0.12342756574849695,-0.17114196645327134
deltaI0.2,FGO-G,6,192.40776696476556,-182.2315577703061,1366.3279924734825,1391.790671204681,-0.6242742096672644,-0.568511271987231,0.5973215774641251,1.0342709616616226,0.010756229399406937,0.036719943425470566,0.014447717633613967,0.0408997220147407,-102.94920622232627
deltaI0.2,FGO-G,7,-230.2637034216091,1702.767092776151,-1162.697336003348,2074.68123828796,-0.021531446493775978,-0.2119786262327599,1.3870886331341434,1.4033579077831815,-0.080226274699943,0.06373480749472793,-0.07246707768832819,0.12549843898354648,22.221682259558875
deltaI0.2,FGO-G,8,295.629630397118,944.310691235107,-224.39139849787298,1014.6285328481027,1.9817527705738536,0.46348552854702546,-1.767504154410565,2.69559526166453,-0.11827015646598481,0.02739630680946967,-0.013577535888265392,0.12215865510918274,-55.251717385141106
deltaI0.2,FGO-G,9,-318.1709402685232,-2086.697177445458,-511.6625112366583,2171.9429971790696,-0.6174348393975241,0.000182091942208307,-0.6960539446492049,0.9304390941491227,0.11794221451859668,-0.008077617701673277,-0.14285894350087425,0.18543001809704665,152.60554554781157
deltaI0.2,FGO-G,10,1243.648747182678,241.98814186875552,208.13608363951732,1283.9552548616848,-0.11703276929818543,0.6942764679021738,0.3977054721182973,0.8086322560503991,-0.10354617801666648,0.009216075840316699,0.10287999409482745,0.14625676128201864,-19.119679507382852
deltaI0.2,FGO-G,11,-417.02634221111344,578.5022364926981,-1109.4399714772537,1318.8756037005476,0.32690085569974897,-0.9281384829565237,-0.21294524416655067,1.0068023093016907,-0.13794462875576932,-0.004724737828340174,-0.015350661795513384,0.13887651553691072,-97.91112145594066
deltaI0.2,FGO-G,12,463.5051546089132,-796.7967447666598,-427.1089516537593,1015.9449480176332,-1.0033071211252096,-1.0842813094409058,-0.438904708493236,1.5410802965585455,-0.12601758317758366,0.008864032354763346,-0.033309577022109946,0.1306465853396,20.913449469976467
deltaI0.2,FGO-G,13,1939.3727966474924,363.4543962533148,919.4709853969148,2176.8538847426003,0.24188709923953056,-1.166268404747802,-0.38254937867894984,1.251013744056854,0.06344962026134862,0.036312673245923764,-0.03683674271900397,0.0818621412114334,116.17668149757516
deltaI0.2,FGO-G,14,127.53376044619665,-781.4704480846382,-224.88711330359456,823.12522438155,-0.5764492728024521,-1.8288118635696566,-0.4088528522284743,1.9606139985277455,-0.014987287572100676,0.073167123046231,0.07562799026128698,0.10629035513437929,21.923437706422167
deltaI0.2,FGO-G,15,1774.1690632004195,-525.7038550613,-2564.3228697081545,3162.2448020594534,-0.6738562790103171,-0.03541081125131881,1.0898047917972715,1.2817997872286455,-0.08002922716946252,0.010805079356054466,-0.32393584741283254,0.3338500564329771,-196.75307319592054
deltaI0.2,FGO-G,16,-755.1263659031424,522.89359329409,178.10213010508792,935.6034988915237,-0.1268558366888394,1.5684942398680817,0.4714330941923117,1.6427159663499693,0.03437099296889216,0.12822654205851067,0.03512119412715064,0.13732046287013322,-107.19281939313743
deltaI0.2,FGO-G,17,-772.4515168992173,522.5322681742949,170.92957864252216,948.1235352517019,-1.8456263664242931,0.41274198165275905,-1.0877620324919446,2.181723829266709,-0.05402212144229199,0.0035675681812646002,-0.048412930926555575,0.07262870664381377,140.19681346320243
deltaI0.2,FGO-G,18,1351.5227275623167,1566.5608962093336,279.8549341287663,2087.8327300830138,0.0766273145392938,0.23630887884790172,0.3526392379542836,0.43135607530303083,-0.06134315755173764,0.08424593090256073,0.1559331454701477,0.18755134152618205,37.754682250829234
deltaI0.2,FGO-G,19,1261.4237304341796,910.7177735460878,562.5412320368988,1654.4030127199408,-0.7600003832302542,-1.266384980594008,0.31359912447348093,1.5098595671302524,0.05621944231336824,-0.09676403434730457,0.003784855633190346,0.11197423439951072,69.34893762407486
deltaI0.2,FGO-G,20,-707.4443359121419,-1445.4945306844763,1295.809933516418,2066.1692356757057,-0.21207477132926097,0.5339976739658058,-0.7873895896647077,0.9747366774404286,-0.04009306616945678,0.0866912345945647,-0.08607844163161467,0.12857807831868379,-254.78704478395315
deltaI0.2,FGO-G,21,243.04503328829992,223.62062042496635,58.52073453077453,335.41280007682934,0.583135047547052,-0.7634474629272242,0.6767509213852779,1.1751128975224212,0.14188973793202078,0.10442108732163545,0.11834107654453206,0.2122288189798194,-80.16162000432139
deltaI0.2,FGO-G,22,-830.0320362850443,7.997979789269097,-337.99208994519466,896.24539151157,0.12817591507795573,1.0913164986408677,-0.2632607471694037,1.1299145925299074,0.14855853065482488,0.04467641426604764,-0.009566954621524683,0.15542569170739554,-16.051419465091477
deltaI0.2,FGO-G,23,-972.2970454981921,44.34423149808912,-686.563112233714,1191.0906189840105,-0.2792061784536279,-0.28013969209636697,1.7569182167754478,1.8008875471866492,0.04298020886486405,0.037267016970793196,0.09413968107224405,0.10999276549097467,104.57922100698977
deltaI0.2,FGO-G,24,-32.67594079148956,-243.8804558253842,898.6042355961278,931.6839410827619,1.015386851633404,0.5318491404004999,0.6903251168702551,1.3380667896621148,0.01635361297117587,0.010985123463976006,-0.08550748345135749,0.08774761148267218,105.53456511055803
deltaI0.2,FGO-G,25,-1135.4107322594898,810.1148069698759,566.1874115039037,1505.3277770463683,-0.4970541995740165,-0.1791184294389305,-0.7897238264133256,0.9501631497188995,0.06488373577890566,-0.07714832664925118,0.034463423795696384,0.10653399013051268,-140.29766429987546
deltaI0.2,FGO-G,26,743.1106090537102,1560.020711011237,-559.0431629843806,1816.1517706821098,0.6551166664639471,-1.350728117408462,1.758081058961876,2.3118160185700662,0.14112811194314473,-0.16553155999343797,0.08107243991298398,0.23214345101239092,-59.842945679105306
deltaI0.2,FGO-G,27,-1063.0916512668105,882.3636789890041,-1886.8538343530686,2338.5779681689214,-0.5832866835604034,-1.2954445986413814,-0.026631840061048396,1.420953665069013,0.09645471670900796,0.060497437230467896,0.14312133384738823,0.18288567054070948,63.09881021280346
deltaI0.2,FGO-G,28,373.49610592395993,1347.3062143197117,-40.687693227747765,1398.709714224174,0.911444612836986,-0.6913346597810729,1.562298854741809,1.9363503313222385,0.07354897295698763,0.01297274122924933,0.02923822589633146,0.08020359899402066,-252.56854486538407
deltaI0.2,FGO-G,29,-1559.3195050390673,1222.3505502941812,519.9964589847143,2048.417560937323,-0.2772450034925978,0.2289878912336421,-0.5249864085070338,0.6363261549004213,0.12125103482568159,-0.06678755320572381,0.09190151415714415,0.16615739229381823,-4.9902928885250635
deltaI0.2,FGO-G,30,-322.4529178955571,-2392.3150332052624,-392.41021876829984,2445.6354761396965,-2.8287221507208904,-1.9468835109463072,-0.7218940830005133,3.509010612444025,0.11753862677547741,-0.026726609562076724,0.09125557871828961,0.15118604793484952,-202.49968783233246
deltaI0.2,FGO-G,31,-954.4080067441171,300.30694478416956,641.859631536305,1188.7231347201089,-0.1641034285038943,-1.3338545118892189,0.6880268318913169,1.5097942626518228,0.0546106407838523,0.012757792227975502,0.14666429336790995,0.15702069385422898,188.78557194772162
deltaI0.2,FGO-G,32,316.70683808867847,1580.4973714159996,713.187640967742,1762.6434051089702,0.07403663358355762,0.36867462560160646,0.06600189345055665,0.38178351537740507,-0.13520032011868338,-0.03598772161016563,-0.027366408835562798,0.14255933150600986,57.330530109105865
deltaI0.2,FGO-G,33,-163.37349666984477,-471.6171861384338,211.06801554226553,541.9071662750142,0.6256864262672479,-0.21020924780249753,1.4305449913197004,1.5754778335688044,-0.0016508162210403065,0.07697000984700443,0.03175423294787945,0.08327928265872492,75.63140841527733
deltaI0.2,FGO-G,34,-1306.2170055125043,812.1478730899574,1695.2877026862247,2289.058196755542,0.02291395917597019,0.3731245860950278,0.18831600694526685,0.4185808461283359,-0.1068250301109241,0.055401482287825494,-0.03966786711501273,0.12670615998972737,-70.37731669777581
deltaI0.2,FGO-G,35,-255.37348050302293,-697.084352851819,321.0266530858424,808.8265089168164,0.5509783245596489,-1.3858085259105353,-0.4661070275500753,1.5624654062578331,0.08330138357036776,-0.06993828585925749,0.06509814472477003,0.12676061210121958,-145.76332734650714
deltaI0.2,FGO-G,36,-2660.0717603440594,335.35896161726106,-1278.7524029001243,2970.4637872291582,1.089130537185866,0.07334126045627648,-0.48654152524428557,1.1951179537196837,-0.11067063217352235,-0.03223555304971084,-0.14596328912898046,0.1859903263061231,129.93055291664848
deltaI0.2,FGO-G,37,-607.0719892475477,963.9309515521527,1732.8916796623312,2073.791902031674,0.7487942238473503,-1.1009021376586994,-0.8538878390382084,1.5817088063313016,0.024250227749224636,0.0005829207883704542,-0.14275963535617342,0.1448058245705689,105.97139972026572
deltaI0.2,FGO-G,38,-1103.4843921187594,-212.07394164503367,-1021.8417650174069,1518.8198553839288,1.3211686794941078,-1.4061442613304527,2.649000342787613,3.27718342169578,0.13558441220363035,0.06742118209325432,0.04276137919943862,0.1573444761613635,-92.24913822793073
deltaI0.2,FGO-G,39,2135.678944560073,-439.6139107267842,-934.1241062100449,2372.1241094311317,1.6076059930106907,1.0390614526712825,-2.270246626357835,2.9695227690119466,-0.004480294016192054,-0.06373394562646546,0.04756323201607544,0.07965142747875775,-173.778182193486
deltaI0.2,FGO-G,40,-781.6226162240044,302.9051778451722,-482.227803768795,967.0724459346095,-0.8966811168472875,0.6970167071383236,-0.5640127298587979,1.2680613844697046,0.06762350734420536,0.18652851036470258,-0.053498076069233104,0.20549420446211178,81.2366234010151
deltaI0.2,FGO-G,41,189.92705566479117,-925.343712112543,-3635.246673966503,3755.975459531683,0.16343781380419506,-1.142597568584946,-1.8226389166149253,2.1573719528807622,0.09424667476530454,-0.08304667291697504,0.127993255996556,0.179336162464507,17.922040523599204
deltaI0.2,FGO-G,42,-149.58531531737617,1038.727899914912,-1238.1611443354589,1623.0756100571334,0.9963884256430094,1.8575908766496656,-0.060280749027981445,2.108807134014584,-0.049400095056721244,0.08878023927326882,-0.22287625944432266,0.24494106903687055,-4.546404122621028
deltaI0.2,FGO-G,43,547.4111440875803,493.54441359409634,-1025.1125419490427,1262.5770362724177,-0.6973072901636906,-0.08415035574279522,0.6579767907428864,0.9624199688511126,0.1379449880112516,0.04919543056111357,0.08430743735887779,0.1689874376974182,-30.47707171309014
deltaI0.2,FGO-G,44,-518.8814781289761,783.2115324223597,-1215.1204263993138,1535.9609186165976,-0.4169859407828422,1.1355502459847022,1.25024874682128,1.7396762816382392,-0.1356436177863325,-0.06571869644734579,-0.019665238674845997,0.1520028280034345,-119.34341905384771
deltaI0.2,FGO-G,45,1272.3689317351934,247.0322468065699,-948.5604942289772,1606.14900946929,0.2607328148628533,-0.7550473259396557,0.8032568037254886,1.132828123717901,-0.07271353404293963,-0.033478188058069784,-0.01746184813848575,0.08193267510021118,31.65268024854122
deltaI0.2,FGO-G,46,-1035.826731765197,1536.8193000334056,935.1246173345413,2075.8633454877536,-0.7630893832363426,-0.14001713472661279,1.554860174808387,1.737670960806516,0.054388281700766775,0.11560899918626313,-0.21434157745228508,0.24953123592838086,48.265323285971085
deltaI0.2,FGO-G,47,-501.69399543367723,846.3708288598657,-885.485488857208,1323.6785848444597,-0.3768777133557882,1.4959745558211637,0.4827766130227577,1.6164930994502702,-0.03170841544169269,0.10513858504641385,-0.08493333293593601,0.13882801129091898,-108.94966311066278
deltaI0.2,FGO-G,48,177.2612753881342,-136.23968123754835,-735.7589164641187,768.9759382792096,-0.16602622931850122,-0.9349001374013437,0.4821509428741785,1.0649284048466499,-0.008869314448279412,-0.2079061672035135,-0.018232855302456934,0.20889249893789413,-71.83523482976936
deltaI0.2,FGO-G,49,-1368.0967363592772,66.58163998031728,318.1035285266312,1406.1691397838554,0.899211514915243,0.4622614528047089,-0.5287509028048991,1.1409840123868005,0.015479594028329791,0.08882111463241998,-0.06702012218979732,0.1123410210660503,-72.41366668097822
deltaI0.2,FGO-G,50,627.3140385295537,-506.21170246891177,-1081.3664073652933,1348.7499759521236,1.5810150412921338,0.0943440012330013,-0.2641310750333066,1.6057006496102784,0.03587002780562336,-0.00473122982635029,-0.06530141333789961,0.07465465835681757,122.6779482615417
deltaI0.2,FGO-G,51,-580.0227842883056,-1131.9021306373907,644.2437067877454,1425.720455548926,-0.41668037370857125,0.27204072194791634,0.4405224412923324,0.6645966517475201,0.04159908252874603,0.023197947326678063,-0.13351577584649738,0.14175715441309086,-59.87875450942078
deltaI0.2,FGO-G,52,-27.89486176277868,-829.8221314527466,1296.7411455557055,1539.7793646294483,-0.12913967218154898,-0.3041098138543542,0.5205947943898493,0.6165863879129164,-0.01639639416830186,-0.03814257591995512,-0.001018744492953533,0.04152993715229757,68.27565032980092
deltaI0.2,FGO-G,53,273.6715287380518,703.4407366983983,23.219803306353928,755.1583509133652,0.1342042105280051,-0.061605615239511496,-0.780764864792679,0.7946066926770843,-0.03158638378326079,0.04386010894798859,0.12051967466099207,0.13208482417683057,-57.587619226050144
deltaI0.2,FGO-G,54,2088.525122842243,-812.2789335513572,658.9641223003717,2335.8013548060194,-0.9913149689516388,-0.45695977621088685,0.5158392721433924,1.207314275335017,0.20015331551308477,-0.10358810418234402,0.1467154827220694,0.2689187198938417,65.31280790792583
deltaI0.2,FGO-G,55,1208.99203199087,-1645.6501848634718,602.4658767879407,2129.035320762071,0.37478803499683244,-0.7811426616541801,0.01126041295329966,0.8664737306651844,0.0732533100557718,-0.0042904015935023715,-0.16259606335268012,0.17838703651821042,-0.7304615917089196
deltaI0.2,FGO-G,56,-278.46381914577825,567.8540452295919,993.6511350385003,1177.8552090219596,0.7890048791454889,-0.0499703553154511,-0.8906872668656254,1.1909448110984395,-0.03449603499263734,0.11322389143534331,-0.17285154643107958,0.20949291903448988,-146.39687469252632
deltaI0.2,FGO-G,57,-2.8663354648210033,-448.5337997308533,549.0743347926177,708.9946477287044,-1.9553325693867483,-2.047379744355586,0.7694615254007833,2.933796229047653,0.14341665094783682,0.06558233623428988,0.002137137418870484,0.15771476136173257,157.64564284870482
deltaI0.2,FGO-G,58,195.13540195955625,-210.9225718343246,-269.01489932803105,393.6180540417247,-0.5911821974636295,-0.5812475901963049,-1.275778310690527,1.5214977652745048,0.0075065452740567425,-0.17932912188967656,0.013790315526953593,0.18001515209005844,-166.75438302274603
deltaI0.2,FGO-G,59,516.6480439555511,-24.494515866546237,432.5694352482281,674.2710871315813,-1.2868400030084155,0.5726015888600335,-0.2480388677923833,1.4301584013120578,-0.04541444684343338,-0.1132464189084388,-0.02742723630573736,0.1250578932696829,-108.81302478141879
deltaI0.2,FGO-G,60,-1676.4253009816523,-109.41779210091664,1075.2771462604305,1994.641567868683,0.2596292473589214,-1.2888732227043023,-0.7872925543575972,1.532459166319039,0.002029323001354915,-0.01560301718460631,0.05075067118682429,0.05313382089611197,239.59660223789803
deltaI0.2,FGO-G,61,920.6199587716645,-235.49725760434063,-53.86023182910806,951.7883122840876,-2.319354558193065,0.3257521976860997,0.400700232802777,2.376148298712955,-0.07562663657603325,-0.1495471760173083,-0.06075853341272416,0.1782564035231843,114.93330017128864
deltaI0.2,FGO-G,62,-416.4631765908131,339.2761010993339,959.5784578835833,1099.70026237494,1.0118467649180318,-0.3356057239682466,0.8350422787353716,1.3541642016058835,-0.13643321367159203,0.03175574901233006,-0.16083089524788263,0.21328156566925277,12.451659017959754
deltaI0.2,FGO-G,63,-605.99519012977,317.53822198446346,261.1300857563398,732.2906626255614,-1.141499537609752,-0.5736417577118413,-0.11930142301347145,1.2830895877089206,0.04585633590754093,0.020532243572146558,-0.10718665124572822,0.1183780164314496,126.00467102684519
deltaI0.2,FGO-G,64,102.77041800904007,-379.8151873094143,860.0365986226395,945.7717939857572,-0.4208494055751669,0.9229128239943631,-1.0145321283323123,1.4346280850048605,0.0734646030868884,-0.04790730597907107,0.004218934429706201,0.08780636241530879,209.52291183513958
deltaI0.2,FGO-G,65,617.9683108988283,-249.37688664943178,-528.9812906850904,850.8201165728151,0.23009371976981544,-0.09136017646305443,-0.022108791743862426,0.24855301324515114,0.004637324209036911,0.13166057608151888,-0.01898647466562736,0.133103336885916,-13.066586072215662
deltaI0.2,FGO-G,66,-213.25972243447518,510.8617541601297,-1622.5805991301943,1714.417464257202,-0.5659592150076278,0.020019261394899172,2.6276904065755415,2.6880229680357983,-0.15390289241502964,0.08549524616913513,0.06755429245266009,0.18857125931597513,-159.2756405793354
deltaI0.2,FGO-G,67,494.28496630037773,1247.3192774874983,744.727093940085,1534.5166836339529,-1.092237329880666,-0.43820098791728246,1.2468132085202999,1.7145103287928054,0.2049271433247481,0.03262054204735265,-0.14259879282304147,0.25178095549364665,12.940124028853056
deltaI0.2,FGO-G,68,-1430.7952849544968,-617.821620269447,106.47788132365666,1562.11915074733,1.515706379636734,-0.18320289298892126,-2.6004884236962686,3.0155379571561207,-0.037453977426221696,0.1137077400458234,-0.04728521942108198,0.12871729700033457,-180.9935675331556
deltaI0.2,FGO-G,69,-996.9531522260445,122.91044914359485,1347.4537971172722,1680.670789181475,-0.5899789137935649,-1.2585006423422138,0.05991332327799579,1.3912183839365453,-0.06641864950303204,-0.13040784946596445,0.03957267717727446,0.1516035652058389,-126.38739914156618
deltaI0.2,FGO-G,70,-1175.2188141478005,672.8726421960928,-113.17908968164713,1358.9357453846299,-1.0638162897535137,-0.35650004796850954,-0.0398929383410673,1.1226704009084616,0.04456026925362065,0.07615186067205183,-0.05880883938729103,0.10603397130095127,2.8939067580655666
deltaI0.2,FGO-G,71,-269.0942632377182,-10.002930261274296,-81.91409686443319,281.46349743151075,-0.01999566310099996,-0.29356814567511935,0.701544499389507,0.7607540780841408,-0.07160920111256638,-0.101408917807504,-0.07339363095798776,0.14421605791334882,190.99181514528613
deltaI0.2,FGO-G,72,-370.4964591875436,1311.5982454878024,1206.128276900108,1819.97335260031,1.8729356954123781,0.3408292794107708,0.019660848819483018,1.9037960147636133,0.11843420523501648,-0.1533424667498713,0.06375956766328846,0.20397513462967695,64.04345252588617
deltaI0.2,FGO-G,73,-291.6109915345495,-822.2796598306188,-253.89253985605941,908.648574064518,1.7025918784537017,-0.6762628663205691,-0.4962190677752147,1.8979947134184332,-0.13081039839208036,0.03963226248928134,0.27196674348994543,0.3043813169727075,-31.716550868247314
deltaI0.2,FGO-G,74,190.65603050297608,125.31109980855162,1470.0613611895462,1487.6602432561147,-0.712123595635985,-0.10325937732850805,0.22902450868327304,0.7551388879175869,0.057809180781273624,-0.06579544035622317,-0.0970410136009771,0.13072069336939854,-149.10691162073266
deltaI0.2,FGO-G,75,-1864.345941305499,1903.2007884207267,1537.9334193282962,3076.2311733994225,-0.2671972365603387,-0.037618583175884866,0.6877245528937391,0.7387655796519867,0.13093531969274683,0.06308817658936379,0.04587337172346937,0.15240912768496565,57.067438619135565
deltaI0.2,FGO-G,76,1540.9900952608673,-2.2599971339415466,82.35314697864885,1543.1907277120445,0.1538632181862419,-3.2114961322038824,-1.5324675539857913,3.561718419680354,-0.007463241146849769,-0.05995475295447148,0.18283776674861413,0.19256147413194666,36.13101212695577
deltaI0.2,FGO-G,77,-412.8047021080026,-489.82453645743817,-208.7799324804821,673.7394591418671,0.12504683429288005,-0.3594714740000755,-0.7404721613485878,0.8325595913318801,0.005078267100050769,-0.0330913321712311,-0.21337860375423895,0.2159890126874854,90.10942860955055
deltaI0.2,FGO-G,78,-147.21095088570803,-2423.2929073726227,1387.1108448489867,2796.08584898261,0.3556646342794781,-1.4212314262154402,-0.6020128881468855,1.583924119531767,-0.15624312241439733,0.069792073427913,0.04892776571958398,0.1779796984868725,26.423635793969257
deltaI0.2,FGO-G,79,-1363.4349494800003,1030.9921446034077,141.64556539316467,1715.2151847196942,-1.4558619237151806,-0.14031388138633993,0.09678141049389662,1.4658064564090836,0.03264334401275576,-0.007984077383256299,-0.0517357363888489,0.061692137421987626,99.425048244257
deltaI0.2,FGO-G,80,874.6500643154832,221.23509830481012,174.9892775234902,919.009766529829,-0.5507871385013438,0.014479412852163805,0.017689814260665928,0.5512613308256064,0.17595338539237487,-0.06770045426703837,0.02785923345444845,0.19057566011343216,152.68951811069962
deltaI0.2,FGO-G,81,687.4173192794883,624.9538264636282,125.6361165263466,937.4936212224328,-0.8349300835776899,-2.383757660031593,0.2618333439129553,2.539284451613679,-0.1479694544645665,0.07500309488487021,-0.08534724484500354,0.18655984535661269,-277.9081268454169
deltaI0.2,FGO-G,82,669.4244696971592,935.1757133574877,2277.139900425552,2551.0877800642415,1.1704263553068313,1.5039814301665495,-0.06239669562600208,1.9067646270863368,-0.0771079368675273,-0.0884573922846834,-0.03135878772674629,0.12146488276643615,-102.048795902844
deltaI0.2,FGO-G,83,-654.0040120907358,1842.8361153162782,-951.3781333434446,2174.6003192193334,-0.25057480045692176,-1.83839437361363,-1.83857779646671,2.6120585593012,0.10455002619218039,-0.012546087150235601,-0.1737693743685418,0.20318441807383103,40.586144036608864
deltaI0.2,FGO-G,84,-760.5973094433344,-1373.2684555957078,2213.256464930632,2713.4624924299023,0.48437569518683554,-0.6113690079193022,-0.5913392793200173,0.9788125567230324,0.03863803082629786,0.027879150020944703,0.09672611094850361,0.1078243245805255,148.34403306079238
deltaI0.2,FGO-G,85,1060.1794906297077,-583.0110870486506,590.49853065235,1346.3175682862125,0.2646945017524916,0.5146149999725633,0.6165482459482008,0.8455906320652826,-0.026409803036757013,-0.027653429831348473,-0.02084207839980958,0.04354976589950195,18.397912835562558
deltaI0.2,FGO-G,86,2690.2150219387413,-333.9251871640724,-542.1369260037552,2764.5389021361634,-0.16045083914593403,-0.8331185432545771,-1.5558504715341497,1.7721460630180288,0.07695319497367377,-0.10522832284632068,-0.1470555253643287,0.1965200287143386,61.35995500978618
deltaI0.2,FGO-G,87,33.89948664599451,1008.5546653212576,182.3128675976269,1025.4607110113025,-0.7169696291713447,0.1737865223499981,0.277285081948266,0.7881206894731659,-0.059450854251473825,-0.03341652159840922,-0.07832340783404942,0.10385385983056078,-19.74443880439792
deltaI0.2,FGO-G,88,-750.3400335635063,-996.305250372263,-40.5412018670869,1247.9094145554993,0.1905840323472764,1.06108788711859,-1.0098489517163307,1.4771677910305632,0.023860015998959695,-0.06899145836970597,0.07492843636744427,0.10461066995254178,-45.607202350356935
deltaI0.2,FGO-G,89,-610.6834606769618,243.61303852718504,1072.8027102546516,1258.2476929502252,0.16975221297630094,-0.39965897761938274,1.326652809534554,1.3959050072437047,-0.0708063127295873,-0.038491767546568675,0.15567332324749864,0.17529784271958224,27.331472423963362
deltaI0.2,FGO-G,90,309.4885325101981,279.7221791333138,1140.140875877518,1214.0629580467232,0.028523800791584397,0.7238053558953874,0.18929548804435142,0.7486925819242473,-0.022063621362813476,0.033032980373066734,0.11393002199931992,0.12065666617611533,-113.45414585451914
deltaI0.2,FGO-G,91,64.29880818817169,320.0751067226199,-736.150892480286,805.29531674873,0.22885585667172492,-0.15249832791002543,-0.5562064140583013,0.620480715403708,0.1322498159738189,0.12472446630357055,-0.015837753900569254,0.18247476748425923,137.69972274431174
deltaI0.2,FGO-G,92,-34.988986904943104,-684.4711167866346,91.06595321247677,691.388419598039,0.1901125402189553,-0.2586358674550842,0.29391390035993936,0.4352248507467607,-0.08260466167951637,-0.11128853868229711,0.06370379730655551,0.15253472642157,-60.19780567602547
deltaI0.2,FGO-G,93,696.6331580490992,499.70079704216135,-825.7615225307874,1190.3279949452574,-0.4668964545592211,-0.8267985093361284,1.0413886104505423,1.409282907118555,-0.08014990466621945,0.026485938373995228,-0.04027463435506229,0.0935283824407816,106.57844747848141
deltaI0.2,FGO-G,94,324.2904551672982,-660.8552496803136,35.57968464734254,736.9938088629018,-0.29108376059478175,-0.31932405455561796,-1.1433772750745088,1.222296690929272,-0.03104552401598375,-0.029191126376927456,0.054922371326472805,0.06951556151469782,-84.47833382693454
deltaI0.2,FGO-G,95,1041.0694673085923,644.8953881455748,-133.59214160799056,1231.8938906062635,0.4773560064832158,0.15442355466848318,-0.4626688231499225,0.6824791799586184,0.01553919529443979,0.04591749653766858,-0.010677945605802163,0.049637703422358445,-47.65793533578293
deltaI0.2,FGO-G,96,-94.85919925423907,417.7546769260256,363.531672259855,561.8474121260772,0.9771691852126387,-0.6216699211686277,1.1351280116225329,1.6216808287036835,0.1734663064086559,-0.11476272440046174,-0.08052758364716785,0.22303751724525997,-56.73936248174985
deltaI0.2,FGO-G,97,3245.6104606929384,-112.34335786477922,1619.387422224207,3628.9149777686616,1.181506684646822,1.5123638734437,-0.8995836007067949,2.1195407960743196,0.03507772454148155,0.013527407005049768,-0.18433556229165768,0.18813037241410524,-160.2593215141045
deltaI0.2,FGO-G,98,641.9220711867242,1818.9003815240808,321.2119948730322,1955.4129203407176,0.9414621797248403,0.842160212262261,0.01977826227236554,1.2633194523272324,0.15092760613430212,0.09037844015540164,-0.038126584913627005,0.18000289224212637,67.20880830288638
deltaI0.2,FGO-G,99,-1406.882161889093,1532.806380841841,-1085.8559944176927,2346.8907216153093,0.22006234498591545,-0.7263891847575988,-0.5125004266275144,0.9158195077125696,-0.08044034780630677,0.07749191929854961,0.03623454206122885,0.11742482339845989,-198.25593381515458
deltaI0.2,FGO-G,100,343.63040184654113,1552.4609646091453,730.2660040986119,1749.7157873353397,-0.5364723132357764,0.8269815303062944,1.0149593465546,1.4148651771440366,0.16368556769128653,-0.10379705426401575,-0.11810227845836976,0.2269690325162534,51.24494095427741
deltaI0.2,FGO-G,101,128.9897599948056,-1462.5132671111087,-369.5325031353578,1513.9807414670142,-2.136065098812633,0.153870795341099,-0.8010706108633369,2.2865179753531977,-0.1502987989041072,0.06432914282552515,0.044248685149848734,0.16936916397672427,-58.75035447820241
deltaI0.2,FGO-G,102,352.3231333055972,-1225.1891259897914,-2183.3647462580425,2528.3001403924236,-0.7821405533491244,1.6337520694438987,0.4133064113398201,1.8578783219737767,0.2727274157338196,-0.03675663107626283,0.006297218453580455,0.27526523242352324,130.0832092518449
deltaI0.2,FGO-G,103,-133.31736986258576,1497.9666554252067,1632.1497989600553,2219.3671593763406,-0.9604596879501548,-1.7926411115885146,-1.0088801555198086,2.2702167595488074,-0.029793665306505682,-0.09663421842137482,0.11650814303853434,0.15427242805049005,20.273828735839476
deltaI0.2,FGO-G,104,968.8769037499255,-1444.6195423625911,1697.6087474045432,2430.5397622874566,-1.1981981285668692,-0.877335908861043,-0.026295204996264553,1.4852907089468967,0.01162318900663209,-0.05047127292237989,0.15592394981351673,0.16430071831412466,-44.03627114418537
deltaI0.2,FGO-G,105,715.4823301317855,628.2802411273173,-808.5570852507707,1249.1659562408156,0.9079270980837958,0.14599359312070043,0.3064584345486129,0.9693103304789141,-0.04751066760070314,-0.020082947251036598,0.05526049569414615,0.07559305980389448,-199.36799781551963
deltaI0.2,FGO-G,106,1114.4829862653103,-83.97882880315876,419.2683122172973,1193.6962293613626,1.0478085749128856,1.0118264059041409,-0.08414364781334907,1.4590324324062163,-0.12609105298728407,-0.1271881715453615,0.05823587158041823,0.18832737815629821,-104.81915371872891
deltaI0.2,FGO-G,107,-338.21665352745885,187.73602075265813,-1079.9387788682761,1147.128190009669,1.6745415165969892,-1.1360747665997306,0.32058142374559284,2.0487868643083225,0.022612106417169202,0.03375310683650257,-0.20096567605849922,0.20503117453545297,-44.800831377166666
deltaI0.2,FGO-G,108,-2015.949819005471,-642.0709145470042,-79.26816804831077,2117.2133039732093,-1.1730980457749627,0.7638038640850826,-1.6828395740020403,2.188950524708064,0.1569951133423911,0.04167056015647796,-0.0019170720586607615,0.16244253249202617,83.59081929476048
deltaI0.2,FGO-G,109,610.7386334990999,1136.802587057224,199.0891115316767,1305.7405081863767,-1.54046518548892,0.6775360875068541,-0.7466947443416838,1.8410978189126728,-0.06025638526201738,0.13312517927811943,-0.06517825576848067,0.16000421978090948,-191.51086566867647
deltaI0.2,FGO-G,110,-512.8583545303158,131.73263115930652,283.33061330751286,600.5442651136619,-0.9994704974906152,-1.326548742374476,-0.6287870215188482,1.7759633891721942,0.01893204364798647,-0.03096574001826706,-0.036328167411860575,0.05135206986161647,-216.39754361265526
deltaI0.2,FGO-G,111,-380.98724529674655,-1033.8549068190669,1536.3679956196834,1890.6173244200181,0.00539502119213398,0.8490109017864093,0.9397412792131526,1.2664763280310485,-0.002290363293997516,0.05670817492206549,-0.1115314643777865,0.12514124185600656,-48.114607824269655
deltaI0.2,FGO-G,112,1462.369780878842,-416.77352310383617,-23.63413737799269,1520.7840471406905,0.722227629164846,-0.6600049778004071,-0.7201129601069649,1.2148176794747454,-0.013470113939360777,0.12784363746701913,0.16788150786826564,0.21144654240365465,-143.42755200987634
deltaI0.2,FGO-G,113,33.749382332075875,-48.62205258658983,-426.2208711616656,430.3107665621892,-0.8856154990246623,-1.054438448770512,0.4468253143798306,1.4476906147132749,-0.2323033946405485,-0.07138732705681065,-0.02424202403156964,0.24423081983031067,-220.08234257134305
deltaI0.2,FGO-G,114,-276.6505774552463,-189.0267618574188,-111.60108369427513,353.1592566907445,-0.4086726227663953,-0.03053554182525908,-0.8078901999252658,0.9058875796966269,0.06975898034046393,0.07437886495263184,0.15546982869191267,0.1859284769024792,-114.97802393764451
deltaI0.2,FGO-G,115,1454.6461010424277,-830.1117982402588,472.87201500714104,1740.3128510220588,1.3832912735266454,1.0889439576553699,0.5419161682677816,1.8420007664925504,-0.013916031490602299,0.1122536084143615,-0.044596230189936796,0.12158680965321063,50.09966771320455
deltaI0.2,FGO-G,116,645.8715923506559,2175.605382331845,-322.21439910801473,2292.210944138738,-0.2884083142357912,1.6325812397950457,0.20388402956760238,1.670350130291186,0.06193086964640313,0.1300959342094287,0.04787841686453349,0.1518312468315986,-289.9307429901528
deltaI0.2,FGO-G,117,1475.7937191507667,1869.6933425652196,445.2776292132763,2423.219441939865,0.18293425899308927,-0.6924176930359662,1.22938687585943,1.42277872323071,0.15355929470651883,0.02828045932669753,0.06206510872700363,0.16802475737755815,-110.12346428600671
deltaI0.2,FGO-G,118,-1250.4202002800032,-1204.612451771995,681.1446264411389,1865.1004901511496,-0.280110884707347,0.9797920890370899,-2.8704308940844507,3.0459527513055185,0.07347130118040932,0.030165561182111993,-0.064898486797475,0.10256610925240459,37.765315641727454
deltaI0.2,FGO-G,119,1252.09092422544,-760.2652155812546,-333.23199060129156,1502.257780845427,0.31857326075195375,0.2272916925910009,2.234732721240962,2.2687399082689157,-0.012493822035353529,0.03920820029213836,-0.0366430852452469,0.055100764563569854,36.43817530910232
deltaI0.2,FGO-G,120,-444.1832980335017,388.9949906080127,1756.3506879721665,1852.939190613213,1.073899469816708,1.0557293288361311,-0.527204280204276,1.5955465646928337,-0.030753950369615382,0.09296980123686521,-0.22769890947292373,0.2478628305747308,-28.828526546050462
deltaI0.2,FGO-G,121,-1061.873713718752,12.881267201339183,527.7420618167297,1185.8555539112422,1.8740491319562418,0.07061405697337943,1.0863593532593145,2.1673078088822963,-0.00035673692500232823,-0.13443988943870344,-0.16022787097821367,0.2091582696709254,138.6462445699693
deltaI0.2,FGO-G,122,-344.40460265806286,1545.4856065234849,1000.2345160176334,1872.8612808578087,0.2324300918919532,-0.22235155801829173,-0.5079774130319141,0.6012528711953561,0.11766331710111187,-0.12302324214960347,-0.1308756890818959,0.21472731613117568,132.8233915838531
deltaI0.2,FGO-G,123,128.54804955201575,226.8120456617409,-46.36137760931833,264.79743660905206,0.40903992085442603,0.14991490374093897,0.2425133097130501,0.49859887745985537,-0.028079957438678194,-0.048798745787927464,-0.0011864029138367142,0.056313489965608664,6.196369604300224
deltaI0.2,FGO-G,124,388.539281055861,821.9817658648757,-590.5533312798775,1084.1448396886394,-0.30014227606603316,-1.0585827000852464,0.2052133757938922,1.1192833637674575,0.09019734285290988,0.04679492617138191,0.05121430509393974,0.1137902931684667,69.50852884844728
deltaI0.2,FGO-G,125,-1162.1411645740404,350.52810096458774,-1449.896272390178,1890.9366030235599,-0.7112259222190309,-0.29374937622254343,0.08813909386397369,0.7745317994340883,0.010903497196459453,-0.06700604937126074,0.06931796046809997,0.09702410291733751,132.48252468570325
deltaI0.2,FGO-G,126,1547.2714753755095,762.8471982743882,-510.052564122604,1798.9270370400886,1.5401296934377682,1.150007474425652,-0.5576476284857429,2.0013714151549564,-0.16266600044033122,0.015697294206877644,0.002614415078631736,0.16344255232611393,24.256906989458933
deltaI0.2,FGO-G,127,-86.25803757820934,-715.7805469817494,-251.1163447166147,763.4406716098964,-1.10962955561972,-0.2603285739927645,1.0145631476641386,1.5259053370835585,-0.11485982497499195,-0.04427386830734362,-0.20964563979376474,0.24311365468175322,94.75393844672693
deltaI0.2,FGO-G,128,519.213913728414,-839.7641958946606,881.9519122056194,1323.867881761217,0.3368516004623475,2.0027387051087335,0.6236202146065893,2.1244607536362303,0.057855867895220854,-0.07399529513593107,0.10458416507399683,0.1405718774733688,-70.25085307633226
deltaI0.2,FGO-G,129,685.8799776676174,-564.7347161549197,-449.2947426077915,995.6015313020117,-1.19436858167616,-0.8491455727715629,0.48262288770909906,1.5428834578131096,0.0027526670267068,0.13458234497632837,-0.07492630970854267,0.154058224842518,33.7932023677093
deltaI0.2,FGO-G,130,1077.6663144384183,-1235.191133364718,-488.1631820437176,1710.3698762317897,1.2063008153797907,-0.9148629303597202,2.172219392372944,2.6477675364603677,-0.08835010183899104,-0.09152471189468872,0.1341397558995759,0.18486748631158395,-80.9923420798266
deltaI0.2,FGO-G,131,1481.0145200977804,-852.8627281526582,597.6857663034343,1810.5267512672044,0.4621404956122197,0.27397995367960426,-0.18868360763868164,0.5694210713474995,-0.019260693915120353,0.16870494685033838,-0.045491780657739206,0.17578917921555726,-98.48290997221783
deltaI0.2,FGO-G,132,-357.54608116753377,487.4728411424653,157.82655868636505,624.8025237117313,-0.3692914519111992,1.7091874909523017,1.183241606886454,2.1113405116062505,-0.10788399163143049,-0.07872615808904983,-0.04449396962744852,0.14077100891519156,129.74714472561197
deltaI0.2,FGO-G,133,2196.0383274951287,-648.3236962994829,2491.3523937788423,3383.747139045498,-0.0029067783961533224,-0.560094896400287,-0.8529420946972319,1.0204043116533732,-0.051340969282464094,0.16327628723093007,-0.13191562101084314,0.21609435940222155,-41.63016705374575
deltaI0.2,FGO-G,134,115.98874228516469,641.1614725399072,465.33109108183817,800.6712474754232,-0.5592804620317112,-0.956758797069083,1.5008106904614482,1.8656405762050878,0.025352403579068476,0.08917135113101211,0.048935137353202686,0.10482805873211157,165.63302018803188
deltaI0.2,FGO-G,135,-1263.2264415602542,1221.4577237064125,1017.5660218033706,2030.551802389629,-1.1136445568410045,-0.001800019234019449,1.3027838017101738,1.7138999600470424,-0.09129078378931367,0.09591838849884593,-0.011633242879902094,0.13292733653009656,79.11047598696942
deltaI0.2,FGO-G,136,1627.0595405815473,509.5637852465729,-368.866985539686,1744.431383819205,-0.10754985607035442,1.8854948401148335,0.9052729316516269,2.094320138952387,-0.010315450093999852,-0.15932158617646322,0.06709044587599464,0.1731788216274316,144.21540361429177
deltaI0.2,FGO-G,137,-598.2590230373739,1837.5576829219503,221.95649195478717,1945.1983911755622,0.6689437959118598,1.3775485621687618,-1.2059857490030428,1.9492376638113222,-0.1781751902120138,0.18867926669223967,-0.06428810409188174,0.2673559881774433,180.80326096019363
deltaI0.2,FGO-G,138,-172.33171885569746,1421.8258181903166,1304.960823111216,1937.5782896315247,-1.9830762171909098,2.517494961376491,0.9638067960571747,3.3465348801215598,-0.018658675428911642,-0.01771319331593473,-0.11959206119948787,0.12232810179247938,42.48786136960362
deltaI0.2,FGO-G,139,1.3423838826943892,1431.304331297312,-489.25189007224617,1512.6140627153377,-0.9655896206662113,0.9763957693043389,-0.5093237367906628,1.4646237341761652,-0.00809696646762532,0.22305717033659664,0.040510368930769036,0.2268505060506905,-160.11890078006533
deltaI0.2,FGO-G,140,1351.2430722008103,-185.23650881493236,-928.2648338381568,1649.8018081300584,-1.213857433227155,-0.39486468828905835,0.1764545551728105,1.2886055254808069,-0.08784819348049396,-0.1655147989947901,0.011519175774385207,0.1877369041893289,71.06060532136223
deltaI0.2,FGO-G,141,228.53509515612947,-575.0069082182071,453.2985414571593,767.0337684247486,-0.0939448222726058,0.907853737503869,-1.0144373677338414,1.3645904921940284,-0.10115257395627307,0.09688171530872328,-0.019152708759514903,0.14136738036749,-89.92686481488519
deltaI0.2,FGO-G,142,-1594.0377470880558,-1016.1089408465094,164.36699423793573,1897.485237783049,-0.8292395542793354,-0.18131926281309124,-0.9122359832529102,1.2460695817609373,0.11079085249194859,-0.034941916421235786,-0.00165162370309631,0.11618209147686216,-25.240332924375547
deltaI0.2,FGO-G,143,1072.144224612476,-235.1774663677872,-632.6546769300518,1266.9071076043922,-1.3897145539211917,0.47019467346655214,-0.18684188719621492,1.4789521503915322,0.06056264955302173,-0.1359574312751767,0.05806761462525306,0.15976265367129272,75.32548452268706
deltaI0.2,FGO-G,144,908.3820945689197,313.2302659616615,-142.70639146617248,971.4094622830927,0.46080847310884493,0.44992154801966405,-0.6897275711490284,0.9436620002227778,0.11193656959565995,-0.14666831834849162,-0.03733572569683779,0.18824278906063843,-214.12770036700076
deltaI0.2,FGO-G,145,555.285302673468,541.6601692417511,1079.1500428534282,1329.0230702657962,0.95319178017191,0.17397738677207544,-1.3095182328454362,1.6290121862803755,0.06601331439828959,-0.04303319167677841,0.13905526464566395,0.15983109800477946,-28.437787123280636
deltaI0.2,FGO-G,146,-576.6406457561098,-868.3530550549646,-4.272451751107348,1042.3865484575667,0.4244161164761666,0.9522489849689838,-0.7093717420632505,1.260997794501252,-0.048386973913769615,-0.053831619029851216,0.10808510410756776,0.13008278972197138,-41.59616648485111
deltaI0.2,FGO-G,147,998.2338927500472,788.1684795589066,-160.735740531392,1281.9970495634093,1.1434391562605362,2.79291141560317,1.0109406133273247,3.1827359618967663,-0.013255814552669188,-0.08447585901625623,0.010247930672986695,0.08612146921103643,-114.22620367719784
deltaI0.2,FGO-G,148,188.86976751341345,6.628695679605062,992.1067890811871,1009.9463399745388,-0.9988364846446717,0.884534940532523,-0.527984938670986,1.4348674083494977,0.10571656525166677,0.024696012244086164,0.0865525632866144,0.13884246973045877,-103.77920807662392
deltaI0.2,FGO-G,149,313.46345715486154,-230.28550646990354,2.4044454777977253,388.96855248160284,0.09017330444583281,1.1424527854244038,-0.020962802835812144,1.1461976404012497,-0.01600734182683996,-0.15848959728437126,0.1525665538233515,0.22057139611757706,116.5667318011928
deltaI0.2,FGO-G,150,-415.23935946436364,-562.8117421254641,-397.73193457759834,804.5939811516824,0.08747429726784728,0.3337426186234346,0.30961406219111515,0.46356958018685257,0.0314472134195993,-0.14152343698420228,0.01010133267767614,0.14532669186885244,174.83796784980112
deltaI0.2,FGO-G,151,815.0949727693725,-1406.6316357623964,-1413.6322243372144,2154.378898672673,-1.0344282883292482,-0.5711167190668037,-0.980023646210962,1.5351425137836674,-0.04384087660527877,-0.12109128602300757,0.02981016322019953,0.13218838013774148,-5.513117294798352
deltaI0.2,FGO-G,152,-1996.3041395003345,420.6059320184941,-789.4468465393559,2187.5479174057537,1.839458902676841,-0.1985688730593946,-0.2392923494774262,1.8655560780913536,-0.07075978479307135,0.023661604431709386,-0.027233122736424576,0.07942582478150055,113.18543553627806
deltaI0.2,FGO-G,153,672.3309785944541,-568.6321704290317,-859.2842505602255,1230.3417871816987,-0.4201847520766845,-0.9041680857126025,-1.0176954986530877,1.4247032256149679,0.004506288457198735,-0.0070753664864898575,0.1127682667295816,0.113079836521688,80.61167243619387
deltaI0.2,FGO-G,154,-24.107304338547767,-460.8190501472281,1190.63780561466,1276.9313776628555,0.1988008474988593,-0.9796739474353915,-0.8084509823707631,1.2856421785030852,0.05452922840631931,-0.04981795672089879,-0.18123563695851372,0.19570800102753097,39.67067238825189
deltaI0.2,FGO-G,155,-193.21388523746378,144.21894260093933,-361.14482113558756,434.2306883288471,-0.45148952866506664,-2.0446898613799163,-0.45237714799712203,2.1422522045160868,0.08060744743565654,-0.10715187548453016,0.052641696867815856,0.14404941253287845,-377.7721105095873
deltaI0.2,FGO-G,156,170.36140058034889,918.7286966348647,-546.7009334815399,1082.5744018300463,-0.27161736008954823,-0.4096751711784373,0.8706578214202737,0.9998273741913624,-0.10453493962222192,0.1020715207291887,-0.08029616548844815,0.16671419597004639,-200.20154036844423
deltaI0.2,FGO-G,157,1277.334666396347,-519.682052231713,-529.605392707498,1477.2051845882802,1.3390462213962198,0.3655987157669639,-0.4025406147695339,1.4452495115186796,0.09763336267642891,0.004417906197185904,0.06291642625338013,0.11623367883350874,25.21300867252843
deltaI0.2,FGO-G,158,-1102.524007024978,1079.9335134791363,-737.1030740117309,1710.303049555648,3.010459783885753,0.4155033909110017,1.0583248055226036,3.218005993194614,-0.10340983633664992,-0.08271845868686364,-0.03073436602124301,0.13594314588617856,-173.5626333858542
deltaI0.2,FGO-G,159,1145.804139886096,62.589302410057876,-2805.4759757270704,3031.0856137922024,-1.4263310052351257,3.0827836940403417,-1.1042007347980667,3.5717271317199817,-0.2228851508249397,-0.06445337024042962,0.02608069763575921,0.23347854330274959,-30.49572784410585
deltaI0.2,FGO-G,160,-1552.0847908289143,1457.8428172554457,-853.5506332016521,2294.0840353362537,-0.11022310177417044,-1.0881178171033443,-0.45955655062000245,1.1863143509543417,-0.013816847955584499,0.08460400687966053,-0.009813873231319313,0.08628473431217015,59.541317711119625
deltaI0.2,FGO-G,161,-691.5210023940597,2283.1913121095827,-823.3402032235324,2523.6982693438076,-0.6420151403453145,-0.5068588581487837,-0.7723522844050459,1.1249966194358967,0.05643456846907875,-0.02097465488352652,0.1843108246650018,0.1938950147746641,14.864446121313701
deltaI0.2,FGO-G,162,-527.6478787030298,829.3650345088502,342.0364698231327,1040.7918096597148,-0.18816685217218054,-0.7657942219332254,-0.7916661103818419,1.1174000111552784,0.020383457990500772,-0.15964291767077363,0.04929647723353092,0.16831960429410459,18.346644086185655
deltaI0.2,FGO-G,163,1291.3267789788915,-1116.8389464888003,334.47739678588374,1739.749755413943,-0.3480395229175667,-0.620821223127754,-0.8057168100442025,1.0750488726501384,0.1066114899425456,0.10087462093344374,-0.08941167864522633,0.17186083676740518,30.48311517981801
deltaI0.2,FGO-G,164,1134.9102188969437,-145.4327848928343,-151.69283825213572,1154.2021560607927,-0.21352137138410385,-0.41205089006057477,-0.6536150816514301,0.8016171074769213,-0.04230438749937664,0.06431693453638467,0.025544426738857942,0.08111009189534854,41.7221570371433
deltaI0.2,FGO-G,165,-2067.535933077259,810.8314852408778,-879.7405246882847,2388.7435866585593,-0.4836436592660983,0.6685568149668619,-1.3172958167896305,1.5543962406408465,-0.02990706641265925,0.07392793340858055,-0.004138403644383971,0.0798554841209956,72.45027080550432
deltaI0.2,FGO-G,166,1016.8047344585817,-1295.079075888188,522.383628254451,1727.4276644447589,0.28203799777862804,-0.22696768538518464,-0.20466465182915758,0.4158694291582826,-0.13743833700336186,-0.08312876404129506,-0.010138356678231018,0.16094245606867694,130.1311153027198
deltaI0.2,FGO-G,167,337.76653089024654,770.2744966440927,-673.482172920704,1077.4911910600176,1.5878773760770433,-0.6495504000333855,-0.8001948304004715,1.8930351423680667,0.12812564155589043,0.07479825011169962,-0.06938913055258254,0.16378586533252565,53.43243055810636
deltaI0.2,FGO-G,168,-975.825045415631,-407.7731924958674,420.3942834241554,1138.0882432019052,0.13693101718827377,-0.25127744817106706,0.9406722785477714,0.9832368967119951,-0.12899180483473263,-0.1600861863723375,-0.13238214043871982,0.24452301300470158,-23.757721275513266
deltaI0.2,FGO-G,169,-1535.127040202243,-416.1208474185487,-616.5133591357992,1705.8312669221823,-0.881380673337972,-1.0637592209536784,1.7605622800089162,2.2378550250826943,0.13974688415840947,-0.21460414764554864,-0.12471238093778407,0.28484611596057846,22.190899231121485
deltaI0.2,FGO-G,170,152.36928972921098,178.21269558232368,1374.9850598869334,1394.8333521362242,-2.223206576907208,0.0897267888552177,0.29006781092758666,2.243844405295977,-0.14240767898227769,-0.09798316454384826,0.05970516464832257,0.18288071044489523,-91.21101424422352
deltaI0.2,FGO-G,171,514.9212560226644,-1153.0751634841295,-483.34245820099363,1352.1635124672198,1.970326884439153,1.0711991217180108,0.25920094074226935,2.257618372886528,-0.1317619391514645,-0.0747042042958084,-0.06528375075748603,0.16493603263504816,94.0198466269326
deltaI0.2,FGO-G,172,-567.9755701093026,356.69505144046144,1016.4326788790254,1217.7696821058948,0.27543629606612163,-0.6067797480758716,0.3624272344215764,0.7585514591088166,-0.011471939146907764,-0.09913403951881757,0.03723719714994336,0.10651653407191106,-80.98353975346102
deltaI0.2,FGO-G,173,1331.9577698188864,1074.497136579495,-356.5680919271449,1748.0836368088915,-0.42066115880704785,-1.5651306026859004,0.6652862205040994,1.7519119182154814,-0.04053576090966441,0.2000549923493982,-0.008095586019011723,0.2042809006966497,156.1693031616864
deltaI0.2,FGO-G,174,859.8301092402224,-2583.160313684232,-1074.326146349873,2926.807423060192,-2.8819502119321476,1.412863573535178,0.6305150999301792,3.270989115346963,-0.0460928195890449,-0.03442874264688752,-0.024132248925269825,0.062387913702134964,220.3491491107355
deltaI0.2,FGO-G,175,-467.75383943247914,238.34357705985272,-210.70363276821223,565.6830701826184,1.308223469747221,0.48656274179652603,0.2567126463492099,1.4191875602955466,0.014753403450495159,0.23778110128236898,-0.06018471466647533,0.24572284167312233,175.26676849015536
deltaI0.2,FGO-G,176,-92.50892143184898,-738.9829520904887,414.762087686398,852.4560360551369,0.271104615620222,0.3525202635807219,1.5346184062555084,1.5977552696404436,0.13379177982307838,-0.06563750439472815,-0.13217932765215407,0.19919813500625588,74.66177504771642
deltaI0.2,FGO-G,177,-743.6806931354766,384.9334421662022,250.8788293910527,874.1709874372456,-1.7906440391372076,-0.21119657544228493,1.5237085421338525,2.360656220153166,0.14402227886858313,0.06741100579081548,0.04600457661958217,0.1655387615701419,-150.44284470423617
deltaI0.2,FGO-G,178,-730.3804510342521,1400.9565648484768,716.4569069560621,1734.7753166822756,0.6502087593602076,-0.7704944066118334,0.568596448295666,1.1574692144430052,0.09300554610645581,-0.05427774100764882,0.18036128381188143,0.2100626037011908,73.04852435123601
deltaI0.2,FGO-G,179,303.3480109217989,27.927746490802463,-1780.5815751640378,1806.4525237514304,-2.5988557853518195,-1.010527598581724,-0.7709631055843851,2.8930263619131242,-0.009342009519665117,0.03666245809444294,0.07117957387332031,0.08060980531039486,26.7889168870377
deltaI0.2,FGO-G,180,-691.9178653088649,217.43766290773314,959.7041232018689,1202.9386824252604,0.22368702313362657,0.39800224659919714,-0.8792302678703279,0.9907005281898866,-0.021055553655753647,0.041541592231083016,0.09084442780034206,0.1020869741309608,-132.2131485738611
deltaI0.2,FGO-G,181,-679.7542710541388,469.8586980323128,1206.1164126720528,1462.036205451105,-1.342071039689929,-0.7678036080545463,-0.32778675730996115,1.5805445942407843,0.06263831367859075,0.04378978070328409,0.06834235879244405,0.10252697810749323,139.4645533526912
deltaI0.2,FGO-G,182,1231.375416425168,-368.2581090297571,-534.2245608356661,1391.867570008903,-1.4106760050831368,0.20600229319967236,0.852393467755744,1.6610293073854854,0.07580681533708672,-0.0020401848900891096,0.01874439291780266,0.07811650191728943,73.28105412927816
deltaI0.2,FGO-G,183,-1086.5694694543713,42.477675020348144,-1222.667290518911,1636.261858056449,-1.2668052882048815,-0.7526436185803737,-1.4598318155647245,2.0742171980167874,-0.011492203475271218,-0.18342810395264464,-0.07514832344135548,0.1985578267820884,-47.82038294552
deltaI0.2,FGO-G,184,668.2041241196555,571.512164893209,-5.836307850686519,879.2934485146392,-0.44575709767399113,0.2806134475410674,0.0037483630467599408,0.5267422019291351,0.03314295384651626,0.00497704009023236,0.0021019704506346276,0.033580419853054676,273.9627325909455
deltaI0.2,FGO-G,185,-968.047550429037,-638.2203327798873,-483.61043896278363,1256.3121864166983,2.107632395232692,-0.09404944392776002,0.11722145120966909,2.112983786014724,-0.0555275320647769,-0.02334257359056256,-0.012169286976344977,0.06145139627826446,-343.894641408114
deltaI0.2,FGO-G,186,-550.246030343344,1069.0943414884773,-1271.6652564313733,1750.1045481130434,0.5816938706687272,0.9112692454369952,-2.064265282960789,2.3302297215703995,0.05533983082923391,-0.1542088583933958,0.12560552076704146,0.20644518819861682,-128.6342338321939
deltaI0.2,FGO-G,187,1128.857745839603,100.3507302628696,1075.9404090418475,1562.7020967591677,0.19104213064829187,-0.9151652734405943,0.03489882349962034,0.9355439600980247,0.26271507500377506,0.09705927146507738,-0.14090808369207328,0.3135200166836929,177.0578026190954
deltaI0.2,FGO-G,188,1029.6251465265332,-383.58310578640214,1393.7349536181525,1774.7566205937987,0.11988002000906876,-0.3034979799630254,0.11348973344039122,0.345488295945583,0.007195442107918723,0.21984403771424962,-0.010468116773804643,0.2202107099448681,37.16343582644354
deltaI0.2,FGO-G,189,-168.7955056806049,747.0245824448056,-130.591796064214,776.9117496306028,-1.7166192130900506,-0.44426300300727906,-0.5918506530642856,1.8693416846910498,-0.05866626433219247,0.013283522041731066,-0.051771517084751376,0.07936291646471,-46.27945099576388
deltaI0.2,FGO-G,190,233.6802700064735,-782.9293598938002,949.5828342857587,1252.71401778067,-0.2659852766935525,-0.9565037124681146,-0.0958726541739046,0.9974162046013593,-0.06444442769723921,0.03341285952998414,-0.09790625247911501,0.12188165455760501,-24.277118620263874
deltaI0.2,FGO-G,191,-947.5466050429519,-67.36624733764607,2212.2116150926618,2407.542940418647,0.7026790651797807,0.11771779867480725,-0.5351144667955184,0.8910459254946543,0.0712182849533493,-0.014620603270074738,0.05593610113290974,0.09173142079804762,55.00791515990459
deltaI0.2,FGO-G,192,-84.81021575667066,-1092.1999554942674,1741.4366280623224,2057.3514636627947,-0.18320597104397085,0.15667758158884004,-0.7989057184771471,0.8344834566449945,0.0025736865309705917,0.011714061998366032,-0.06854801923927556,0.06958932427096383,116.61409883942139
deltaI0.2,FGO-G,193,-722.0301472267532,-1409.2057819707074,-453.8411848949231,1647.1673535347852,0.3245050035027806,-1.3666966856593223,-0.7804045281625837,1.606920830491403,0.006881429054718738,-0.10079027577821026,-0.02482370571136725,0.10403004432627802,97.17584192877364
deltaI0.2,FGO-G,194,1545.0912120649832,896.8644183807625,226.9601832009404,1800.8841060202922,-0.6419670984901411,1.7595862470558439,-0.23261241010798142,1.8874252434753975,-0.01677658146895273,0.16065192124042407,-0.08140741676511587,0.1808802393529849,152.87511687436816
deltaI0.2,FGO-G,195,-127.46322591691073,-244.96442189916286,-162.9225958030735,320.6216059169253,0.11824029122975836,-1.0163169874094722,1.5264470139839175,1.8376401910786513,0.07815055865666795,0.16616252375737192,-0.06907341637382204,0.1961851955916141,107.3161392662747
deltaI0.2,FGO-G,196,23.753120511423962,231.1742623292362,767.4500643616155,801.8636739409915,0.24823929972143843,1.2327999836329862,-0.21038613273733942,1.2750219113489205,0.020879381070451362,-0.12021218618765742,-0.0012665550100715395,0.12201853311482921,-54.164543793901494
deltaI0.2,FGO-G,197,1555.1983230483254,-187.83265471715467,-38.54117114318185,1566.9742665607196,-0.16862034474375734,0.4067669043277882,-1.5248113809998802,1.5871174760378255,0.029978971170807316,0.01024706514834685,-0.20667457205759174,0.20908878447158097,-86.49050030175054
deltaI0.2,FGO-G,198,477.22452332876105,-128.9368191159478,1238.0240733490284,1333.0684735533364,-0.6000075410897177,-0.7265479112577857,0.2550893765705574,0.976192351310302,0.13071940291777553,-0.04874498466631161,0.06118663740711291,0.1523398845558451,-146.22344714475912
deltaI0.2,FGO-G,199,-370.88613180654187,-970.7016453630018,-87.98113241743361,1042.8609143784768,0.00757297421832598,0.9289900466152711,-0.38702135708814667,1.006412136001502,-0.1962716145718802,0.0967330292701123,-0.01723113606445253,0.2194919991446084,-42.10347267095547
deltaI0.2,FGO-G,200,-589.5313303302888,158.42875517575644,498.4007359434328,788.0673534010245,-0.6896297948990712,0.931566414939712,0.9648842931430739,1.5081137021492683,0.08972851893467575,-0.026251164154008994,-0.09004790222367945,0.12980352624076327,-1.5124735318770928
deltaC0.2,FGO-B,1,947.2198307597481,1432.297234312146,-491.23526569239755,1786.0607104638489,-1.1077885172895925,0.021409503933857484,0.5722777172881751,1.2470587602843468,,,,,
deltaC0.2,FGO-B,2,803.8030445231689,2071.1154659226836,1137.847078814606,2496.0598114499944,0.3133048221933214,0.28992009380962747,0.802283886424877,0.9087755536001048,,,,,
deltaC0.2,FGO-B,3,820.4744110854978,-1551.4311746108842,-3125.434880400669,3584.474876523163,0.957497166220512,0.45647277466168595,0.595930315138343,1.2166762748687645,,,,,
deltaC0.2,FGO-B,4,773.6018733769457,-559.4577618345668,490.8321197215925,1073.4845203912605,1.4364246393538327,-2.280605359512699,0.4927391778047503,2.739939497091959,,,,,
deltaC0.2,FGO-B,5,-1540.6599158392717,361.8466922493973,283.534008333703,1607.7803142368296,0.7388732480319041,0.5813100889851551,-1.2440199666032654,1.5593077866543006,,,,,
deltaC0.2,FGO-B,6,192.40776696476556,-182.2315577703061,1366.3279924734825,1391.790671204681,-0.6242742096672644,-0.568511271987231,0.5973215774641251,1.0342709616616226,,,,,
deltaC0.2,FGO-B,7,-230.2637034216091,1702.767092776151,-1162.697336003348,2074.68123828796,-0.021531446493775978,-0.2119786262327599,1.3870886331341434,1.4033579077831815,,,,,
deltaC0.2,FGO-B,8,295.629630397118,944.310691235107,-224.39139849787298,1014.6285328481027,1.9817527705738536,0.46348552854702546,-1.767504154410565,2.69559526166453,,,,,
deltaC0.2,FGO-B,9,-318.1709402685232,-2086.697177445458,-511.6625112366583,2171.9429971790696,-0.6174348393975241,0.000182091942208307,-0.6960539446492049,0.9304390941491227,,,,,
deltaC0.2,FGO-B,10,1243.648747182678,241.98814186875552,208.13608363951732,1283.9552548616848,-0.11703276929818543,0.6942764679021738,0.3977054721182973,0.8086322560503991,,,,,
deltaC0.2,FGO-B,11,-417.02634221111344,578.5022364926981,-1109.4399714772537,1318.8756037005476,0.32690085569974897,-0.9281384829565237,-0.21294524416655067,1.0068023093016907,,,,,
deltaC0.2,FGO-B,12,463.5051546089132,-796.7967447666598,-427.1089516537593,1015.9449480176332,-1.0033071211252096,-1.0842813094409058,-0.438904708493236,1.5410802965585455,,,,,
deltaC0.2,FGO-B,13,1939.3727966474924,363.4543962533148,919.4709853969148,2176.8538847426003,0.24188709923953056,-1.166268404747802,-0.38254937867894984,1.251013744056854,,,,,
deltaC0.2,FGO-B,14,127.53376044619665,-781.4704480846382,-224.88711330359456,823.12522438155,-0.5764492728024521,-1.8288118635696566,-0.4088528522284743,1.9606139985277455,,,,,
deltaC0.2,FGO-B,15,1774.1690632004195,-525.7038550613,-2564.3228697081545,3162.2448020594534,-0.6738562790103171,-0.03541081125131881,1.0898047917972715,1.2817997872286455,,,,,
deltaC0.2,FGO-B,16,-755.1263659031424,522.89359329409,178.10213010508792,935.6034988915237,-0.1268558366888394,1.5684942398680817,0.4714330941923117,1.6427159663499693,,,,,
deltaC0.2,FGO-B,17,-772.4515168992173,522.5322681742949,170.92957864252216,948.1235352517019,-1.8456263664242931,0.41274198165275905,-1.0877620324919446,2.181723829266709,,,,,
deltaC0.2,FGO-B,18,1351.5227275623167,1566.5608962093336,279.8549341287663,2087.8327300830138,0.0766273145392938,0.23630887884790172,0.3526392379542836,0.43135607530303083,,,,,
deltaC0.2,FGO-B,19,1261.4237304341796,910.7177735460878,562.5412320368988,1654.4030127199408,-0.7600003832302542,-1.266384980594008,0.31359912447348093,1.5098595671302524,,,,,
deltaC0.2,FGO-B,20,-707.4443359121419,-1445.4945306844763,1295.809933516418,2066.1692356757057,-0.21207477132926097,0.5339976739658058,-0.7873895896647077,0.9747366774404286,,,,,
deltaC0.2,FGO-B,21,243.04503328829992,223.62062042496635,58.52073453077453,335.41280007682934,0.583135047547052,-0.7634474629272242,0.6767509213852779,1.1751128975224212,,,,,
deltaC0.2,FGO-B,22,-830.0320362850443,7.997979789269097,-337.99208994519466,896.24539151157,0.12817591507795573,1.0913164986408677,-0.2632607471694037,1.1299145925299074,,,,,
deltaC0.2,FGO-B,23,-972.2970454981921,44.34423149808912,-686.563112233714,1191.0906189840105,-0.2792061784536279,-0.28013969209636697,1.7569182167754478,1.8008875471866492,,,,,
deltaC0.2,FGO-B,24,-32.67594079148956,-243.8804558253842,898.6042355961278,931.6839410827619,1.015386851633404,0.5318491404004999,0.6903251168702551,1.3380667896621148,,,,,
deltaC0.2,FGO-B,25,-1135.4107322594898,810.1148069698759,566.1874115039037,1505.3277770463683,-0.4970541995740165,-0.1791184294389305,-0.7897238264133256,0.9501631497188995,,,,,
deltaC0.2,FGO-B,26,743.1106090537102,1560.020711011237,-559.0431629843806,1816.1517706821098,0.6551166664639471,-1.350728117408462,1.758081058961876,2.3118160185700662,,,,,
deltaC0.2,FGO-B,27,-1063.0916512668105,882.3636789890041,-1886.8538343530686,2338.5779681689214,-0.5832866835604034,-1.2954445986413814,-0.026631840061048396,1.420953665069013,,,,,
deltaC0.2,FGO-B,28,373.49610592395993,1347.3062143197117,-40.687693227747765,1398.709714224174,0.911444612836986,-0.6913346597810729,1.562298854741809,1.9363503313222385,,,,,
deltaC0.2,FGO-B,29,-1559.3195050390673,1222.3505502941812,519.9964589847143,2048.417560937323,-0.2772450034925978,0.2289878912336421,-0.5249864085070338,0.6363261549004213,,,,,
deltaC0.2,FGO-B,30,-322.4529178955571,-2392.3150332052624,-392.41021876829984,2445.6354761396965,-2.8287221507208904,-1.9468835109463072,-0.7218940830005133,3.509010612444025,,,,,
deltaC0.2,FGO-B,31,-954.4080067441171,300.30694478416956,641.859631536305,1188.7231347201089,-0.1641034285038943,-1.3338545118892189,0.6880268318913169,1.5097942626518228,,,,,
deltaC0.2,FGO-B,32,316.70683808867847,1580.4973714159996,713.187640967742,1762.6434051089702,0.07403663358355762,0.36867462560160646,0.06600189345055665,0.38178351537740507,,,,,
deltaC0.2,FGO-B,33,-163.37349666984477,-471.6171861384338,211.06801554226553,541.9071662750142,0.6256864262672479,-0.21020924780249753,1.4305449913197004,1.5754778335688044,,,,,
deltaC0.2,FGO-B,34,-1306.2170055125043,812.1478730899574,1695.2877026862247,2289.058196755542,0.02291395917597019,0.3731245860950278,0.18831600694526685,0.4185808461283359,,,,,
deltaC0.2,FGO-B,35,-255.37348050302293,-697.084352851819,321.0266530858424,808.8265089168164,0.5509783245596489,-1.3858085259105353,-0.4661070275500753,1.5624654062578331,,,,,
deltaC0.2,FGO-B,36,-2660.0717603440594,335.35896161726106,-1278.7524029001243,2970.4637872291582,1.089130537185866,0.07334126045627648,-0.48654152524428557,1.1951179537196837,,,,,
deltaC0.2,FGO-B,37,-607.0719892475477,963.9309515521527,1732.8916796623312,2073.791902031674,0.7487942238473503,-1.1009021376586994,-0.8538878390382084,1.5817088063313016,,,,,
deltaC0.2,FGO-B,38,-1103.4843921187594,-212.07394164503367,-1021.8417650174069,1518.8198553839288,1.3211686794941078,-1.4061442613304527,2.649000342787613,3.27718342169578,,,,,
deltaC0.2,FGO-B,39,2135.678944560073,-439.6139107267842,-934.1241062100449,2372.1241094311317,1.6076059930106907,1.0390614526712825,-2.270246626357835,2.9695227690119466,,,,,
deltaC0.2,FGO-B,40,-781.6226162240044,302.9051778451722,-482.227803768795,967.0724459346095,-0.8966811168472875,0.6970167071383236,-0.5640127298587979,1.2680613844697046,,,,,
deltaC0.2,FGO-B,41,189.92705566479117,-925.343712112543,-3635.246673966503,3755.975459531683,0.16343781380419506,-1.142597568584946,-1.8226389166149253,2.1573719528807622,,,,,
deltaC0.2,FGO-B,42,-149.58531531737617,1038.727899914912,-1238.1611443354589,1623.0756100571334,0.9963884256430094,1.8575908766496656,-0.060280749027981445,2.108807134014584,,,,,
deltaC0.2,FGO-B,43,547.4111440875803,493.54441359409634,-1025.1125419490427,1262.5770362724177,-0.6973072901636906,-0.08415035574279522,0.6579767907428864,0.9624199688511126,,,,,
deltaC0.2,FGO-B,44,-518.8814781289761,783.2115324223597,-1215.1204263993138,1535.9609186165976,-0.4169859407828422,1.1355502459847022,1.25024874682128,1.7396762816382392,,,,,
deltaC0.2,FGO-B,45,1272.3689317351934,247.0322468065699,-948.5604942289772,1606.14900946929,0.2607328148628533,-0.7550473259396557,0.8032568037254886,1.132828123717901,,,,,
deltaC0.2,FGO-B,46,-1035.826731765197,1536.8193000334056,935.1246173345413,2075.8633454877536,-0.7630893832363426,-0.14001713472661279,1.554860174808387,1.737670960806516,,,,,
deltaC0.2,FGO-B,47,-501.69399543367723,846.3708288598657,-885.485488857208,1323.6785848444597,-0.3768777133557882,1.4959745558211637,0.4827766130227577,1.6164930994502702,,,,,
deltaC0.2,FGO-B,48,177.2612753881342,-136.23968123754835,-735.7589164641187,768.9759382792096,-0.16602622931850122,-0.9349001374013437,0.4821509428741785,1.0649284048466499,,,,,
deltaC0.2,FGO-B,49,-1368.0967363592772,66.58163998031728,318.1035285266312,1406.1691397838554,0.899211514915243,0.4622614528047089,-0.5287509028048991,1.1409840123868005,,,,,
deltaC0.2,FGO-B,50,627.3140385295537,-506.21170246891177,-1081.3664073652933,1348.7499759521236,1.5810150412921338,0.0943440012330013,-0.2641310750333066,1.6057006496102784,,,,,
deltaC0.2,FGO-B,51,-580.0227842883056,-1131.9021306373907,644.2437067877454,1425.720455548926,-0.41668037370857125,0.27204072194791634,0.4405224412923324,0.6645966517475201,,,,,
deltaC0.2,FGO-B,52,-27.89486176277868,-829.8221314527466,1296.7411455557055,1539.7793646294483,-0.12913967218154898,-0.3041098138543542,0.5205947943898493,0.6165863879129164,,,,,
deltaC0.2,FGO-B,53,273.6715287380518,703.4407366983983,23.219803306353928,755.1583509133652,0.1342042105280051,-0.061605615239511496,-0.780764864792679,0.7946066926770843,,,,,
deltaC0.2,FGO-B,54,2088.525122842243,-812.2789335513572,658.9641223003717,2335.8013548060194,-0.9913149689516388,-0.45695977621088685,0.5158392721433924,1.207314275335017,,,,,
deltaC0.2,FGO-B,55,1208.99203199087,-1645.6501848634718,602.4658767879407,2129.035320762071,0.37478803499683244,-0.7811426616541801,0.01126041295329966,0.8664737306651844,,,,,
deltaC0.2,FGO-B,56,-278.46381914577825,567.8540452295919,993.6511350385003,1177.8552090219596,0.7890048791454889,-0.0499703553154511,-0.8906872668656254,1.1909448110984395,,,,,
deltaC0.2,FGO-B,57,-2.8663354648210033,-448.5337997308533,549.0743347926177,708.9946477287044,-1.9553325693867483,-2.047379744355586,0.7694615254007833,2.933796229047653,,,,,
deltaC0.2,FGO-B,58,195.13540195955625,-210.9225718343246,-269.01489932803105,393.6180540417247,-0.5911821974636295,-0.5812475901963049,-1.275778310690527,1.5214977652745048,,,,,
deltaC0.2,FGO-B,59,516.6480439555511,-24.494515866546237,432.5694352482281,674.2710871315813,-1.2868400030084155,0.5726015888600335,-0.2480388677923833,1.4301584013120578,,,,,
deltaC0.2,FGO-B,60,-1676.4253009816523,-109.41779210091664,1075.2771462604305,1994.641567868683,0.2596292473589214,-1.2888732227043023,-0.7872925543575972,1.532459166319039,,,,,
deltaC0.2,FGO-B,61,920.6199587716645,-235.49725760434063,-53.86023182910806,951.7883122840876,-2.319354558193065,0.3257521976860997,0.400700232802777,2.376148298712955,,,,,
deltaC0.2,FGO-B,62,-416.4631765908131,339.2761010993339,959.5784578835833,1099.70026237494,1.0118467649180318,-0.3356057239682466,0.8350422787353716,1.3541642016058835,,,,,
deltaC0.2,FGO-B,63,-605.99519012977,317.53822198446346,261.1300857563398,732.2906626255614,-1.141499537609752,-0.5736417577118413,-0.11930142301347145,1.2830895877089206,,,,,
deltaC0.2,FGO-B,64,102.77041800904007,-379.8151873094143,860.0365986226395,945.7717939857572,-0.4208494055751669,0.9229128239943631,-1.0145321283323123,1.4346280850048605,,,,,
deltaC0.2,FGO-B,65,617.9683108988283,-249.37688664943178,-528.9812906850904,850.8201165728151,0.23009371976981544,-0.09136017646305443,-0.022108791743862426,0.24855301324515114,,,,,
deltaC0.2,FGO-B,66,-213.25972243447518,510.8617541601297,-1622.5805991301943,1714.417464257202,-0.5659592150076278,0.020019261394899172,2.6276904065755415,2.6880229680357983,,,,,
deltaC0.2,FGO-B,67,494.28496630037773,1247.3192774874983,744.727093940085,1534.5166836339529,-1.092237329880666,-0.43820098791728246,1.2468132085202999,1.7145103287928054,,,,,
deltaC0.2,FGO-B,68,-1430.7952849544968,-617.821620269447,106.47788132365666,1562.11915074733,1.515706379636734,-0.18320289298892126,-2.6004884236962686,3.0155379571561207,,,,,
deltaC0.2,FGO-B,69,-996.9531522260445,122.91044914359485,1347.4537971172722,1680.670789181475,-0.5899789137935649,-1.2585006423422138,0.05991332327799579,1.3912183839365453,,,,,
deltaC0.2,FGO-B,70,-1175.2188141478005,672.8726421960928,-113.17908968164713,1358.9357453846299,-1.0638162897535137,-0.35650004796850954,-0.0398929383410673,1.1226704009084616,,,,,
deltaC0.2,FGO-B,71,-269.0942632377182,-10.002930261274296,-81.91409686443319,281.46349743151075,-0.01999566310099996,-0.29356814567511935,0.701544499389507,0.7607540780841408,,,,,
deltaC0.2,FGO-B,72,-370.4964591875436,1311.5982454878024,1206.128276900108,1819.97335260031,1.8729356954123781,0.3408292794107708,0.019660848819483018,1.9037960147636133,,,,,
deltaC0.2,FGO-B,73,-291.6109915345495,-822.2796598306188,-253.89253985605941,908.648574064518,1.7025918784537017,-0.6762628663205691,-0.4962190677752147,1.8979947134184332,,,,,
deltaC0.2,FGO-B,74,190.65603050297608,125.31109980855162,1470.0613611895462,1487.6602432561147,-0.712123595635985,-0.10325937732850805,0.22902450868327304,0.7551388879175869,,,,,
deltaC0.2,FGO-B,75,-1864.345941305499,1903.2007884207267,1537.9334193282962,3076.2311733994225,-0.2671972365603387,-0.037618583175884866,0.6877245528937391,0.7387655796519867,,,,,
deltaC0.2,FGO-B,76,1540.9900952608673,-2.2599971339415466,82.35314697864885,1543.1907277120445,0.1538632181862419,-3.2114961322038824,-1.5324675539857913,3.561718419680354,,,,,
deltaC0.2,FGO-B,77,-412.8047021080026,-489.82453645743817,-208.7799324804821,673.7394591418671,0.12504683429288005,-0.3594714740000755,-0.7404721613485878,0.8325595913318801,,,,,
deltaC0.2,FGO-B,78,-147.21095088570803,-2423.2929073726227,1387.1108448489867,2796.08584898261,0.3556646342794781,-1.4212314262154402,-0.6020128881468855,1.583924119531767,,,,,
deltaC0.2,FGO-B,79,-1363.4349494800003,1030.9921446034077,141.64556539316467,1715.2151847196942,-1.4558619237151806,-0.14031388138633993,0.09678141049389662,1.4658064564090836,,,,,
deltaC0.2,FGO-B,80,874.6500643154832,221.23509830481012,174.9892775234902,919.009766529829,-0.5507871385013438,0.014479412852163805,0.017689814260665928,0.5512613308256064,,,,,
deltaC0.2,FGO-B,81,687.4173192794883,624.9538264636282,125.6361165263466,937.4936212224328,-0.8349300835776899,-2.383757660031593,0.2618333439129553,2.539284451613679,,,,,
deltaC0.2,FGO-B,82,669.4244696971592,935.1757133574877,2277.139900425552,2551.0877800642415,1.1704263553068313,1.5039814301665495,-0.06239669562600208,1.9067646270863368,,,,,
deltaC0.2,FGO-B,83,-654.0040120907358,1842.8361153162782,-951.3781333434446,2174.6003192193334,-0.25057480045692176,-1.83839437361363,-1.83857779646671,2.6120585593012,,,,,
deltaC0.2,FGO-B,84,-760.5973094433344,-1373.2684555957078,2213.256464930632,2713.4624924299023,0.48437569518683554,-0.6113690079193022,-0.5913392793200173,0.9788125567230324,,,,,
deltaC0.2,FGO-B,85,1060.1794906297077,-583.0110870486506,590.49853065235,1346.3175682862125,0.2646945017524916,0.5146149999725633,0.6165482459482008,0.8455906320652826,,,,,
deltaC0.2,FGO-B,86,2690.2150219387413,-333.9251871640724,-542.1369260037552,2764.5389021361634,-0.16045083914593403,-0.8331185432545771,-1.5558504715341497,1.7721460630180288,,,,,
deltaC0.2,FGO-B,87,33.89948664599451,1008.5546653212576,182.3128675976269,1025.4607110113025,-0.7169696291713447,0.1737865223499981,0.277285081948266,0.7881206894731659,,,,,
deltaC0.2,FGO-B,88,-750.3400335635063,-996.305250372263,-40.5412018670869,1247.9094145554993,0.1905840323472764,1.06108788711859,-1.0098489517163307,1.4771677910305632,,,,,
deltaC0.2,FGO-B,89,-610.6834606769618,243.61303852718504,1072.8027102546516,1258.2476929502252,0.16975221297630094,-0.39965897761938274,1.326652809534554,1.3959050072437047,,,,,
deltaC0.2,FGO-B,90,309.4885325101981,279.7221791333138,1140.140875877518,1214.0629580467232,0.028523800791584397,0.7238053558953874,0.18929548804435142,0.7486925819242473,,,,,
deltaC0.2,FGO-B,91,64.29880818817169,320.0751067226199,-736.150892480286,805.29531674873,0.22885585667172492,-0.15249832791002543,-0.5562064140583013,0.620480715403708,,,,,
deltaC0.2,FGO-B,92,-34.988986904943104,-684.4711167866346,91.06595321247677,691.388419598039,0.1901125402189553,-0.2586358674550842,0.29391390035993936,0.4352248507467607,,,,,
deltaC0.2,FGO-B,93,696.6331580490992,499.70079704216135,-825.7615225307874,1190.3279949452574,-0.4668964545592211,-0.8267985093361284,1.0413886104505423,1.409282907118555,,,,,
deltaC0.2,FGO-B,94,324.2904551672982,-660.8552496803136,35.57968464734254,736.9938088629018,-0.29108376059478175,-0.31932405455561796,-1.1433772750745088,1.222296690929272,,,,,
deltaC0.2,FGO-B,95,1041.0694673085923,644.8953881455748,-133.59214160799056,1231.8938906062635,0.4773560064832158,0.15442355466848318,-0.4626688231499225,0.6824791799586184,,,,,
deltaC0.2,FGO-B,96,-94.85919925423907,417.7546769260256,363.531672259855,561.8474121260772,0.9771691852126387,-0.6216699211686277,1.1351280116225329,1.6216808287036835,,,,,
deltaC0.2,FGO-B,97,3245.6104606929384,-112.34335786477922,1619.387422224207,3628.9149777686616,1.181506684646822,1.5123638734437,-0.8995836007067949,2.1195407960743196,,,,,
deltaC0.2,FGO-B,98,641.9220711867242,1818.9003815240808,321.2119948730322,1955.4129203407176,0.9414621797248403,0.842160212262261,0.01977826227236554,1.2633194523272324,,,,,
deltaC0.2,FGO-B,99,-1406.882161889093,1532.806380841841,-1085.8559944176927,2346.8907216153093,0.22006234498591545,-0.7263891847575988,-0.5125004266275144,0.9158195077125696,,,,,
deltaC0.2,FGO-B,100,343.63040184654113,1552.4609646091453,730.2660040986119,1749.7157873353397,-0.5364723132357764,0.8269815303062944,1.0149593465546,1.4148651771440366,,,,,
deltaC0.2,FGO-B,101,128.9897599948056,-1462.5132671111087,-369.5325031353578,1513.9807414670142,-2.136065098812633,0.153870795341099,-0.8010706108633369,2.2865179753531977,,,,,
deltaC0.2,FGO-B,102,352.3231333055972,-1225.1891259897914,-2183.3647462580425,2528.3001403924236,-0.7821405533491244,1.6337520694438987,0.4133064113398201,1.8578783219737767,,,,,
deltaC0.2,FGO-B,103,-133.31736986258576,1497.9666554252067,1632.1497989600553,2219.3671593763406,-0.9604596879501548,-1.7926411115885146,-1.0088801555198086,2.2702167595488074,,,,,
deltaC0.2,FGO-B,104,968.8769037499255,-1444.6195423625911,1697.6087474045432,2430.5397622874566,-1.1981981285668692,-0.877335908861043,-0.026295204996264553,1.4852907089468967,,,,,
deltaC0.2,FGO-B,105,715.4823301317855,628.2802411273173,-808.5570852507707,1249.1659562408156,0.9079270980837958,0.14599359312070043,0.3064584345486129,0.9693103304789141,,,,,
deltaC0.2,FGO-B,106,1114.4829862653103,-83.97882880315876,419.2683122172973,1193.6962293613626,1.0478085749128856,1.0118264059041409,-0.08414364781334907,1.4590324324062163,,,,,
deltaC0.2,FGO-B,107,-338.21665352745885,187.73602075265813,-1079.9387788682761,1147.128190009669,1.6745415165969892,-1.1360747665997306,0.32058142374559284,2.0487868643083225,,,,,
deltaC0.2,FGO-B,108,-2015.949819005471,-642.0709145470042,-79.26816804831077,2117.2133039732093,-1.1730980457749627,0.7638038640850826,-1.6828395740020403,2.188950524708064,,,,,
deltaC0.2,FGO-B,109,610.7386334990999,1136.802587057224,199.0891115316767,1305.7405081863767,-1.54046518548892,0.6775360875068541,-0.7466947443416838,1.8410978189126728,,,,,
deltaC0.2,FGO-B,110,-512.8583545303158,131.73263115930652,283.33061330751286,600.5442651136619,-0.9994704974906152,-1.326548742374476,-0.6287870215188482,1.7759633891721942,,,,,
deltaC0.2,FGO-B,111,-380.98724529674655,-1033.8549068190669,1536.3679956196834,1890.6173244200181,0.00539502119213398,0.8490109017864093,0.9397412792131526,1.2664763280310485,,,,,
deltaC0.2,FGO-B,112,1462.369780878842,-416.77352310383617,-23.63413737799269,1520.7840471406905,0.722227629164846,-0.6600049778004071,-0.7201129601069649,1.2148176794747454,,,,,
deltaC0.2,FGO-B,113,33.749382332075875,-48.62205258658983,-426.2208711616656,430.3107665621892,-0.8856154990246623,-1.054438448770512,0.4468253143798306,1.4476906147132749,,,,,
deltaC0.2,FGO-B,114,-276.6505774552463,-189.0267618574188,-111.60108369427513,353.1592566907445,-0.4086726227663953,-0.03053554182525908,-0.8078901999252658,0.9058875796966269,,,,,
deltaC0.2,FGO-B,115,1454.6461010424277,-830.1117982402588,472.87201500714104,1740.3128510220588,1.3832912735266454,1.0889439576553699,0.5419161682677816,1.8420007664925504,,,,,
deltaC0.2,FGO-B,116,645.8715923506559,2175.605382331845,-322.21439910801473,2292.210944138738,-0.2884083142357912,1.6325812397950457,0.20388402956760238,1.670350130291186,,,,,
deltaC0.2,FGO-B,117,1475.7937191507667,1869.6933425652196,445.2776292132763,2423.219441939865,0.18293425899308927,-0.6924176930359662,1.22938687585943,1.42277872323071,,,,,
deltaC0.2,FGO-B,118,-1250.4202002800032,-1204.612451771995,681.1446264411389,1865.1004901511496,-0.280110884707347,0.9797920890370899,-2.8704308940844507,3.0459527513055185,,,,,
deltaC0.2,FGO-B,119,1252.09092422544,-760.2652155812546,-333.23199060129156,1502.257780845427,0.31857326075195375,0.2272916925910009,2.234732721240962,2.2687399082689157,,,,,
deltaC0.2,FGO-B,120,-444.1832980335017,388.9949906080127,1756.3506879721665,1852.939190613213,1.073899469816708,1.0557293288361311,-0.527204280204276,1.5955465646928337,,,,,
deltaC0.2,FGO-B,121,-1061.873713718752,12.881267201339183,527.7420618167297,1185.8555539112422,1.8740491319562418,0.07061405697337943,1.0863593532593145,2.1673078088822963,,,,,
deltaC0.2,FGO-B,122,-344.40460265806286,1545.4856065234849,1000.2345160176334,1872.8612808578087,0.2324300918919532,-0.22235155801829173,-0.5079774130319141,0.6012528711953561,,,,,
deltaC0.2,FGO-B,123,128.54804955201575,226.8120456617409,-46.36137760931833,264.79743660905206,0.40903992085442603,0.14991490374093897,0.2425133097130501,0.49859887745985537,,,,,
deltaC0.2,FGO-B,124,388.539281055861,821.9817658648757,-590.5533312798775,1084.1448396886394,-0.30014227606603316,-1.0585827000852464,0.2052133757938922,1.1192833637674575,,,,,
deltaC0.2,FGO-B,125,-1162.1411645740404,350.52810096458774,-1449.896272390178,1890.9366030235599,-0.7112259222190309,-0.29374937622254343,0.08813909386397369,0.7745317994340883,,,,,
deltaC0.2,FGO-B,126,1547.2714753755095,762.8471982743882,-510.052564122604,1798.9270370400886,1.5401296934377682,1.150007474425652,-0.5576476284857429,2.0013714151549564,,,,,
deltaC0.2,FGO-B,127,-86.25803757820934,-715.7805469817494,-251.1163447166147,763.4406716098964,-1.10962955561972,-0.2603285739927645,1.0145631476641386,1.5259053370835585,,,,,
deltaC0.2,FGO-B,128,519.213913728414,-839.7641958946606,881.9519122056194,1323.867881761217,0.3368516004623475,2.0027387051087335,0.6236202146065893,2.1244607536362303,,,,,
deltaC0.2,FGO-B,129,685.8799776676174,-564.7347161549197,-449.2947426077915,995.6015313020117,-1.19436858167616,-0.8491455727715629,0.48262288770909906,1.5428834578131096,,,,,
deltaC0.2,FGO-B,130,1077.6663144384183,-1235.191133364718,-488.1631820437176,1710.3698762317897,1.2063008153797907,-0.9148629303597202,2.172219392372944,2.6477675364603677,,,,,
deltaC0.2,FGO-B,131,1481.0145200977804,-852.8627281526582,597.6857663034343,1810.5267512672044,0.4621404956122197,0.27397995367960426,-0.18868360763868164,0.5694210713474995,,,,,
deltaC0.2,FGO-B,132,-357.54608116753377,487.4728411424653,157.82655868636505,624.8025237117313,-0.3692914519111992,1.7091874909523017,1.183241606886454,2.1113405116062505,,,,,
deltaC0.2,FGO-B,133,2196.0383274951287,-648.3236962994829,2491.3523937788423,3383.747139045498,-0.0029067783961533224,-0.560094896400287,-0.8529420946972319,1.0204043116533732,,,,,
deltaC0.2,FGO-B,134,115.98874228516469,641.1614725399072,465.33109108183817,800.6712474754232,-0.5592804620317112,-0.956758797069083,1.5008106904614482,1.8656405762050878,,,,,
deltaC0.2,FGO-B,135,-1263.2264415602542,1221.4577237064125,1017.5660218033706,2030.551802389629,-1.1136445568410045,-0.001800019234019449,1.3027838017101738,1.7138999600470424,,,,,
deltaC0.2,FGO-B,136,1627.0595405815473,509.5637852465729,-368.866985539686,1744.431383819205,-0.10754985607035442,1.8854948401148335,0.9052729316516269,2.094320138952387,,,,,
deltaC0.2,FGO-B,137,-598.2590230373739,1837.5576829219503,221.95649195478717,1945.1983911755622,0.6689437959118598,1.3775485621687618,-1.2059857490030428,1.9492376638113222,,,,,
deltaC0.2,FGO-B,138,-172.33171885569746,1421.8258181903166,1304.960823111216,1937.5782896315247,-1.9830762171909098,2.517494961376491,0.9638067960571747,3.3465348801215598,,,,,
deltaC0.2,FGO-B,139,1.3423838826943892,1431.304331297312,-489.25189007224617,1512.6140627153377,-0.9655896206662113,0.9763957693043389,-0.5093237367906628,1.4646237341761652,,,,,
deltaC0.2,FGO-B,140,1351.2430722008103,-185.23650881493236,-928.2648338381568,1649.8018081300584,-1.213857433227155,-0.39486468828905835,0.1764545551728105,1.2886055254808069,,,,,
deltaC0.2,FGO-B,141,228.53509515612947,-575.0069082182071,453.2985414571593,767.0337684247486,-0.0939448222726058,0.907853737503869,-1.0144373677338414,1.3645904921940284,,,,,
deltaC0.2,FGO-B,142,-1594.0377470880558,-1016.1089408465094,164.36699423793573,1897.485237783049,-0.8292395542793354,-0.18131926281309124,-0.9122359832529102,1.2460695817609373,,,,,
deltaC0.2,FGO-B,143,1072.144224612476,-235.1774663677872,-632.6546769300518,1266.9071076043922,-1.3897145539211917,0.47019467346655214,-0.18684188719621492,1.4789521503915322,,,,,
deltaC0.2,FGO-B,144,908.3820945689197,313.2302659616615,-142.70639146617248,971.4094622830927,0.46080847310884493,0.44992154801966405,-0.6897275711490284,0.9436620002227778,,,,,
deltaC0.2,FGO-B,145,555.285302673468,541.6601692417511,1079.1500428534282,1329.0230702657962,0.95319178017191,0.17397738677207544,-1.3095182328454362,1.6290121862803755,,,,,
deltaC0.2,FGO-B,146,-576.6406457561098,-868.3530550549646,-4.272451751107348,1042.3865484575667,0.4244161164761666,0.9522489849689838,-0.7093717420632505,1.260997794501252,,,,,
deltaC0.2,FGO-B,147,998.2338927500472,788.1684795589066,-160.735740531392,1281.9970495634093,1.1434391562605362,2.79291141560317,1.0109406133273247,3.1827359618967663,,,,,
deltaC0.2,FGO-B,148,188.86976751341345,6.628695679605062,992.1067890811871,1009.9463399745388,-0.9988364846446717,0.884534940532523,-0.527984938670986,1.4348674083494977,,,,,
deltaC0.2,FGO-B,149,313.46345715486154,-230.28550646990354,2.4044454777977253,388.96855248160284,0.09017330444583281,1.1424527854244038,-0.020962802835812144,1.1461976404012497,,,,,
deltaC0.2,FGO-B,150,-415.23935946436364,-562.8117421254641,-397.73193457759834,804.5939811516824,0.08747429726784728,0.3337426186234346,0.30961406219111515,0.46356958018685257,,,,,
deltaC0.2,FGO-B,151,815.0949727693725,-1406.6316357623964,-1413.6322243372144,2154.378898672673,-1.0344282883292482,-0.5711167190668037,-0.980023646210962,1.5351425137836674,,,,,
deltaC0.2,FGO-B,152,-1996.3041395003345,420.6059320184941,-789.4468465393559,2187.5479174057537,1.839458902676841,-0.1985688730593946,-0.2392923494774262,1.8655560780913536,,,,,
deltaC0.2,FGO-B,153,672.3309785944541,-568.6321704290317,-859.2842505602255,1230.3417871816987,-0.4201847520766845,-0.9041680857126025,-1.0176954986530877,1.4247032256149679,,,,,
deltaC0.2,FGO-B,154,-24.107304338547767,-460.8190501472281,1190.63780561466,1276.9313776628555,0.1988008474988593,-0.9796739474353915,-0.8084509823707631,1.2856421785030852,,,,,
deltaC0.2,FGO-B,155,-193.21388523746378,144.21894260093933,-361.14482113558756,434.2306883288471,-0.45148952866506664,-2.0446898613799163,-0.45237714799712203,2.1422522045160868,,,,,
deltaC0.2,FGO-B,156,170.36140058034889,918.7286966348647,-546.7009334815399,1082.5744018300463,-0.27161736008954823,-0.4096751711784373,0.8706578214202737,0.9998273741913624,,,,,
deltaC0.2,FGO-B,157,1277.334666396347,-519.682052231713,-529.605392707498,1477.2051845882802,1.3390462213962198,0.3655987157669639,-0.4025406147695339,1.4452495115186796,,,,,
deltaC0.2,FGO-B,158,-1102.524007024978,1079.9335134791363,-737.1030740117309,1710.303049555648,3.010459783885753,0.4155033909110017,1.0583248055226036,3.218005993194614,,,,,
deltaC0.2,FGO-B,159,1145.804139886096,62.589302410057876,-2805.4759757270704,3031.0856137922024,-1.4263310052351257,3.0827836940403417,-1.1042007347980667,3.5717271317199817,,,,,
deltaC0.2,FGO-B,160,-1552.0847908289143,1457.8428172554457,-853.5506332016521,2294.0840353362537,-0.11022310177417044,-1.0881178171033443,-0.45955655062000245,1.1863143509543417,,,,,
deltaC0.2,FGO-B,161,-691.5210023940597,2283.1913121095827,-823.3402032235324,2523.6982693438076,-0.6420151403453145,-0.5068588581487837,-0.7723522844050459,1.1249966194358967,,,,,
deltaC0.2,FGO-B,162,-527.6478787030298,829.3650345088502,342.0364698231327,1040.7918096597148,-0.18816685217218054,-0.7657942219332254,-0.7916661103818419,1.1174000111552784,,,,,
deltaC0.2,FGO-B,163,1291.3267789788915,-1116.8389464888003,334.47739678588374,1739.749755413943,-0.3480395229175667,-0.620821223127754,-0.8057168100442025,1.0750488726501384,,,,,
deltaC0.2,FGO-B,164,1134.9102188969437,-145.4327848928343,-151.69283825213572,1154.2021560607927,-0.21352137138410385,-0.41205089006057477,-0.6536150816514301,0.8016171074769213,,,,,
deltaC0.2,FGO-B,165,-2067.535933077259,810.8314852408778,-879.7405246882847,2388.7435866585593,-0.4836436592660983,0.6685568149668619,-1.3172958167896305,1.5543962406408465,,,,,
deltaC0.2,FGO-B,166,1016.8047344585817,-1295.079075888188,522.383628254451,1727.4276644447589,0.28203799777862804,-0.22696768538518464,-0.20466465182915758,0.4158694291582826,,,,,
deltaC0.2,FGO-B,167,337.76653089024654,770.2744966440927,-673.482172920704,1077.4911910600176,1.5878773760770433,-0.6495504000333855,-0.8001948304004715,1.8930351423680667,,,,,
deltaC0.2,FGO-B,168,-975.825045415631,-407.7731924958674,420.3942834241554,1138.0882432019052,0.13693101718827377,-0.25127744817106706,0.9406722785477714,0.9832368967119951,,,,,
deltaC0.2,FGO-B,169,-1535.127040202243,-416.1208474185487,-616.5133591357992,1705.8312669221823,-0.881380673337972,-1.0637592209536784,1.7605622800089162,2.2378550250826943,,,,,
deltaC0.2,FGO-B,170,152.36928972921098,178.21269558232368,1374.9850598869334,1394.8333521362242,-2.223206576907208,0.0897267888552177,0.29006781092758666,2.243844405295977,,,,,
deltaC0.2,FGO-B,171,514.9212560226644,-1153.0751634841295,-483.34245820099363,1352.1635124672198,1.970326884439153,1.0711991217180108,0.25920094074226935,2.257618372886528,,,,,
deltaC0.2,FGO-B,172,-567.9755701093026,356.69505144046144,1016.4326788790254,1217.7696821058948,0.27543629606612163,-0.6067797480758716,0.3624272344215764,0.7585514591088166,,,,,
deltaC0.2,FGO-B,173,1331.9577698188864,1074.497136579495,-356.5680919271449,1748.0836368088915,-0.42066115880704785,-1.5651306026859004,0.6652862205040994,1.7519119182154814,,,,,
deltaC0.2,FGO-B,174,859.8301092402224,-2583.160313684232,-1074.326146349873,2926.807423060192,-2.8819502119321476,1.412863573535178,0.6305150999301792,3.270989115346963,,,,,
deltaC0.2,FGO-B,175,-467.75383943247914,238.34357705985272,-210.70363276821223,565.6830701826184,1.308223469747221,0.48656274179652603,0.2567126463492099,1.4191875602955466,,,,,
deltaC0.2,FGO-B,176,-92.50892143184898,-738.9829520904887,414.762087686398,852.4560360551369,0.271104615620222,0.3525202635807219,1.5346184062555084,1.5977552696404436,,,,,
deltaC0.2,FGO-B,177,-743.6806931354766,384.9334421662022,250.8788293910527,874.1709874372456,-1.7906440391372076,-0.21119657544228493,1.5237085421338525,2.360656220153166,,,,,
deltaC0.2,FGO-B,178,-730.3804510342521,1400.9565648484768,716.4569069560621,1734.7753166822756,0.6502087593602076,-0.7704944066118334,0.568596448295666,1.1574692144430052,,,,,
deltaC0.2,FGO-B,179,303.3480109217989,27.927746490802463,-1780.5815751640378,1806.4525237514304,-2.5988557853518195,-1.010527598581724,-0.7709631055843851,2.8930263619131242,,,,,
deltaC0.2,FGO-B,180,-691.9178653088649,217.43766290773314,959.7041232018689,1202.9386824252604,0.22368702313362657,0.39800224659919714,-0.8792302678703279,0.9907005281898866,,,,,
deltaC0.2,FGO-B,181,-679.7542710541388,469.8586980323128,1206.1164126720528,1462.036205451105,-1.342071039689929,-0.7678036080545463,-0.32778675730996115,1.5805445942407843,,,,,
deltaC0.2,FGO-B,182,1231.375416425168,-368.2581090297571,-534.2245608356661,1391.867570008903,-1.4106760050831368,0.20600229319967236,0.852393467755744,1.6610293073854854,,,,,
deltaC0.2,FGO-B,183,-1086.5694694543713,42.477675020348144,-1222.667290518911,1636.261858056449,-1.2668052882048815,-0.7526436185803737,-1.4598318155647245,2.0742171980167874,,,,,
deltaC0.2,FGO-B,184,668.2041241196555,571.512164893209,-5.836307850686519,879.2934485146392,-0.44575709767399113,0.2806134475410674,0.0037483630467599408,0.5267422019291351,,,,,
deltaC0.2,FGO-B,185,-968.047550429037,-638.2203327798873,-483.61043896278363,1256.3121864166983,2.107632395232692,-0.09404944392776002,0.11722145120966909,2.112983786014724,,,,,
deltaC0.2,FGO-B,186,-550.246030343344,1069.0943414884773,-1271.6652564313733,1750.1045481130434,0.5816938706687272,0.9112692454369952,-2.064265282960789,2.3302297215703995,,,,,
deltaC0.2,FGO-B,187,1128.857745839603,100.3507302628696,1075.9404090418475,1562.7020967591677,0.19104213064829187,-0.9151652734405943,0.03489882349962034,0.9355439600980247,,,,,
deltaC0.2,FGO-B,188,1029.6251465265332,-383.58310578640214,1393.7349536181525,1774.7566205937987,0.11988002000906876,-0.3034979799630254,0.11348973344039122,0.345488295945583,,,,,
deltaC0.2,FGO-B,189,-168.7955056806049,747.0245824448056,-130.591796064214,776.9117496306028,-1.7166192130900506,-0.44426300300727906,-0.5918506530642856,1.8693416846910498,,,,,
deltaC0.2,FGO-B,190,233.6802700064735,-782.9293598938002,949.5828342857587,1252.71401778067,-0.2659852766935525,-0.9565037124681146,-0.0958726541739046,0.9974162046013593,,,,,
deltaC0.2,FGO-B,191,-947.5466050429519,-67.36624733764607,2212.2116150926618,2407.542940418647,0.7026790651797807,0.11771779867480725,-0.5351144667955184,0.8910459254946543,,,,,
deltaC0.2,FGO-B,192,-84.81021575667066,-1092.1999554942674,1741.4366280623224,2057.3514636627947,-0.18320597104397085,0.15667758158884004,-0.7989057184771471,0.8344834566449945,,,,,
deltaC0.2,FGO-B,193,-722.0301472267532,-1409.2057819707074,-453.8411848949231,1647.1673535347852,0.3245050035027806,-1.3666966856593223,-0.7804045281625837,1.606920830491403,,,,,
deltaC0.2,FGO-B,194,1545.0912120649832,896.8644183807625,226.9601832009404,1800.8841060202922,-0.6419670984901411,1.7595862470558439,-0.23261241010798142,1.8874252434753975,,,,,
deltaC0.2,FGO-B,195,-127.46322591691073,-244.96442189916286,-162.9225958030735,320.6216059169253,0.11824029122975836,-1.0163169874094722,1.5264470139839175,1.8376401910786513,,,,,
deltaC0.2,FGO-B,196,23.753120511423962,231.1742623292362,767.4500643616155,801.8636739409915,0.24823929972143843,1.2327999836329862,-0.21038613273733942,1.2750219113489205,,,,,
deltaC0.2,FGO-B,197,1555.1983230483254,-187.83265471715467,-38.54117114318185,1566.9742665607196,-0.16862034474375734,0.4067669043277882,-1.5248113809998802,1.5871174760378255,,,,,
deltaC0.2,FGO-B,198,477.22452332876105,-128.9368191159478,1238.0240733490284,1333.0684735533364,-0.6000075410897177,-0.7265479112577857,0.2550893765705574,0.976192351310302,,,,,
deltaC0.2,FGO-B,199,-370.88613180654187,-970.7016453630018,-87.98113241743361,1042.8609143784768,0.00757297421832598,0.9289900466152711,-0.38702135708814667,1.006412136001502,,,,,
deltaC0.2,FGO-B,200,-589.5313303302888,158.42875517575644,498.4007359434328,788.0673534010245,-0.6896297948990712,0.931566414939712,0.9648842931430739,1.5081137021492683,,,,,
deltaC0.2,FGO-G,1,947.2198307597481,1432.297234312146,-491.23526569239755,1786.0607104638489,-1.1077885172895925,0.021409503933857484,0.5722777172881751,1.2470587602843468,0.20092828495004567,-0.11052242918542791,-0.020729210057650934,0.23025438800515594,94.15727018896736
deltaC0.2,FGO-G,2,803.8030445231689,2071.1154659226836,1137.847078814606,2496.0598114499944,0.3133048221933214,0.28992009380962747,0.802283886424877,0.9087755536001048,0.02682114398923445,-0.19023921024640628,0.06332653104777708,0.20228835956281,17.372426807532392
deltaC0.2,FGO-G,3,820.4744110854978,-1551.4311746108842,-3125.434880400669,3584.474876523163,0.957497166220512,0.45647277466168595,0.595930315138343,1.2166762748687645,-0.148329648889348,-0.08979269682965192,0.1675418723983341,0.24111136877036451,-16.11112297825267
deltaC0.2,FGO-G,4,773.6018733769457,-559.4577618345668,490.8321197215925,1073.4845203912605,1.4364246393538327,-2.280605359512699,0.4927391778047503,2.739939497091959,0.20179958154304803,-0.047747104033461434,0.09674894157238402,0.22883010018331953,-252.81464789343215
deltaC0.2,FGO-G,5,-1540.6599158392717,361.8466922493973,283.534008333703,1607.7803142368296,0.7388732480319041,0.5813100889851551,-1.2440199666032654,1.5593077866543006,0.0038132764207404295,-0.10023023595850321,-0.07192859451734986,0.12342756574849695,-0.17114196645327134
deltaC0.2,FGO-G,6,192.40776696476556,-182.2315577703061,1366.3279924734825,1391.790671204681,-0.6242742096672644,-0.568511271987231,0.5973215774641251,1.0342709616616226,0.010756229399406937,0.036719943425470566,0.014447717633613967,0.0408997220147407,-102.94920622232627
deltaC0.2,FGO-G,7,-230.2637034216091,1702.767092776151,-1162.697336003348,2074.68123828796,-0.021531446493775978,-0.2119786262327599,1.3870886331341434,1.4033579077831815,-0.080226274699943,0.06373480749472793,-0.07246707768832819,0.12549843898354648,22.221682259558875
deltaC0.2,FGO-G,8,295.629630397118,944.310691235107,-224.39139849787298,1014.6285328481027,1.9817527705738536,0.46348552854702546,-1.767504154410565,2.69559526166453,-0.11827015646598481,0.02739630680946967,-0.013577535888265392,0.12215865510918274,-55.251717385141106
deltaC0.2,FGO-G,9,-318.1709402685232,-2086.697177445458,-511.6625112366583,2171.9429971790696,-0.6174348393975241,0.000182091942208307,-0.6960539446492049,0.9304390941491227,0.11794221451859668,-0.008077617701673277,-0.14285894350087425,0.18543001809704665,152.60554554781157
deltaC0.2,FGO-G,10,1243.648747182678,241.98814186875552,208.13608363951732,1283.9552548616848,-0.11703276929818543,0.6942764679021738,0.3977054721182973,0.8086322560503991,-0.10354617801666648,0.009216075840316699,0.10287999409482745,0.14625676128201864,-19.119679507382852
deltaC0.2,FGO-G,11,-417.02634221111344,578.5022364926981,-1109.4399714772537,1318.8756037005476,0.32690085569974897,-0.9281384829565237,-0.21294524416655067,1.0068023093016907,-0.13794462875576932,-0.004724737828340174,-0.015350661795513384,0.13887651553691072,-97.91112145594066
deltaC0.2,FGO-G,12,463.5051546089132,-796.7967447666598,-427.1089516537593,1015.9449480176332,-1.0033071211252096,-1.0842813094409058,-0.438904708493236,1.5410802965585455,-0.12601758317758366,0.008864032354763346,-0.033309577022109946,0.1306465853396,20.913449469976467
deltaC0.2,FGO-G,13,1939.3727966474924,363.4543962533148,919.4709853969148,2176.8538847426003,0.24188709923953056,-1.166268404747802,-0.38254937867894984,1.251013744056854,0.06344962026134862,0.036312673245923764,-0.03683674271900397,0.0818621412114334,116.17668149757516
deltaC0.2,FGO-G,14,127.53376044619665,-781.4704480846382,-224.88711330359456,823.12522438155,-0.5764492728024521,-1.8288118635696566,-0.4088528522284743,1.9606139985277455,-0.014987287572100676,0.073167123046231,0.07562799026128698,0.10629035513437929,21.923437706422167
deltaC0.2,FGO-G,15,1774.1690632004195,-525.7038550613,-2564.3228697081545,3162.2448020594534,-0.6738562790103171,-0.03541081125131881,1.0898047917972715,1.2817997872286455,-0.08002922716946252,0.010805079356054466,-0.32393584741283254,0.3338500564329771,-196.75307319592054
deltaC0.2,FGO-G,16,-755.1263659031424,522.89359329409,178.10213010508792,935.6034988915237,-0.1268558366888394,1.5684942398680817,0.4714330941923117,1.6427159663499693,0.03437099296889216,0.12822654205851067,0.03512119412715064,0.13732046287013322,-107.19281939313743
deltaC0.2,FGO-G,17,-772.4515168992173,522.5322681742949,170.92957864252216,948.1235352517019,-1.8456263664242931,0.41274198165275905,-1.0877620324919446,2.181723829266709,-0.05402212144229199,0.0035675681812646002,-0.048412930926555575,0.07262870664381377,140.19681346320243
deltaC0.2,FGO-G,18,1351.5227275623167,1566.5608962093336,279.8549341287663,2087.8327300830138,0.0766273145392938,0.23630887884790172,0.3526392379542836,0.43135607530303083,-0.06134315755173764,0.08424593090256073,0.1559331454701477,0.18755134152618205,37.754682250829234
deltaC0.2,FGO-G,19,1261.4237304341796,910.7177735460878,562.5412320368988,1654.4030127199408,-0.7600003832302542,-1.266384980594008,0.31359912447348093,1.5098595671302524,0.05621944231336824,-0.09676403434730457,0.003784855633190346,0.11197423439951072,69.34893762407486
deltaC0.2,FGO-G,20,-707.4443359121419,-1445.4945306844763,1295.809933516418,2066.1692356757057,-0.21207477132926097,0.5339976739658058,-0.7873895896647077,0.9747366774404286,-0.04009306616945678,0.0866912345945647,-0.08607844163161467,0.12857807831868379,-254.78704478395315
deltaC0.2,FGO-G,21,243.04503328829992,223.62062042496635,58.52073453077453,335.41280007682934,0.583135047547052,-0.7634474629272242,0.6767509213852779,1.1751128975224212,0.14188973793202078,0.10442108732163545,0.11834107654453206,0.2122288189798194,-80.16162000432139
deltaC0.2,FGO-G,22,-830.0320362850443,7.997979789269097,-337.99208994519466,896.24539151157,0.12817591507795573,1.0913164986408677,-0.2632607471694037,1.1299145925299074,0.14855853065482488,0.04467641426604764,-0.009566954621524683,0.15542569170739554,-16.051419465091477
deltaC0.2,FGO-G,23,-972.2970454981921,44.34423149808912,-686.563112233714,1191.0906189840105,-0.2792061784536279,-0.28013969209636697,1.7569182167754478,1.8008875471866492,0.04298020886486405,0.037267016970793196,0.09413968107224405,0.10999276549097467,104.57922100698977
deltaC0.2,FGO-G,24,-32.67594079148956,-243.8804558253842,898.6042355961278,931.6839410827619,1.015386851633404,0.5318491404004999,0.6903251168702551,1.3380667896621148,0.01635361297117587,0.010985123463976006,-0.08550748345135749,0.08774761148267218,105.53456511055803
deltaC0.2,FGO-G,25,-1135.4107322594898,810.1148069698759,566.1874115039037,1505.3277770463683,-0.4970541995740165,-0.1791184294389305,-0.7897238264133256,0.9501631497188995,0.06488373577890566,-0.07714832664925118,0.034463423795696384,0.10653399013051268,-140.29766429987546
deltaC0.2,FGO-G,26,743.1106090537102,1560.020711011237,-559.0431629843806,1816.1517706821098,0.6551166664639471,-1.350728117408462,1.758081058961876,2.3118160185700662,0.14112811194314473,-0.16553155999343797,0.08107243991298398,0.23214345101239092,-59.842945679105306
deltaC0.2,FGO-G,27,-1063.0916512668105,882.3636789890041,-1886.8538343530686,2338.5779681689214,-0.5832866835604034,-1.2954445986413814,-0.026631840061048396,1.420953665069013,0.09645471670900796,0.060497437230467896,0.14312133384738823,0.18288567054070948,63.09881021280346
deltaC0.2,FGO-G,28,373.49610592395993,1347.3062143197117,-40.687693227747765,1398.709714224174,0.911444612836986,-0.6913346597810729,1.562298854741809,1.9363503313222385,0.07354897295698763,0.01297274122924933,0.02923822589633146,0.08020359899402066,-252.56854486538407
deltaC0.2,FGO-G,29,-1559.3195050390673,1222.3505502941812,519.9964589847143,2048.417560937323,-0.2772450034925978,0.2289878912336421,-0.5249864085070338,0.6363261549004213,0.12125103482568159,-0.06678755320572381,0.09190151415714415,0.16615739229381823,-4.9902928885250635
deltaC0.2,FGO-G,30,-322.4529178955571,-2392.3150332052624,-392.41021876829984,2445.6354761396965,-2.8287221507208904,-1.9468835109463072,-0.7218940830005133,3.509010612444025,0.11753862677547741,-0.026726609562076724,0.09125557871828961,0.15118604793484952,-202.49968783233246
deltaC0.2,FGO-G,31,-954.4080067441171,300.30694478416956,641.859631536305,1188.7231347201089,-0.1641034285038943,-1.3338545118892189,0.6880268318913169,1.5097942626518228,0.0546106407838523,0.012757792227975502,0.14666429336790995,0.15702069385422898,188.78557194772162
deltaC0.2,FGO-G,32,316.70683808867847,1580.4973714159996,713.187640967742,1762.6434051089702,0.07403663358355762,0.36867462560160646,0.06600189345055665,0.38178351537740507,-0.13520032011868338,-0.03598772161016563,-0.027366408835562798,0.14255933150600986,57.330530109105865
deltaC0.2,FGO-G,33,-163.37349666984477,-471.6171861384338,211.06801554226553,541.9071662750142,0.6256864262672479,-0.21020924780249753,1.4305449913197004,1.5754778335688044,-0.0016508162210403065,0.07697000984700443,0.03175423294787945,0.08327928265872492,75.63140841527733
deltaC0.2,FGO-G,34,-1306.2170055125043,812.1478730899574,1695.2877026862247,2289.058196755542,0.02291395917597019,0.3731245860950278,0.18831600694526685,0.4185808461283359,-0.1068250301109241,0.055401482287825494,-0.03966786711501273,0.12670615998972737,-70.37731669777581
deltaC0.2,FGO-G,35,-255.37348050302293,-697.084352851819,321.0266530858424,808.8265089168164,0.5509783245596489,-1.3858085259105353,-0.4661070275500753,1.5624654062578331,0.08330138357036776,-0.06993828585925749,0.06509814472477003,0.12676061210121958,-145.76332734650714
deltaC0.2,FGO-G,36,-2660.0717603440594,335.35896161726106,-1278.7524029001243,2970.4637872291582,1.089130537185866,0.07334126045627648,-0.48654152524428557,1.1951179537196837,-0.11067063217352235,-0.03223555304971084,-0.14596328912898046,0.1859903263061231,129.93055291664848
deltaC0.2,FGO-G,37,-607.0719892475477,963.9309515521527,1732.8916796623312,2073.791902031674,0.7487942238473503,-1.1009021376586994,-0.8538878390382084,1.5817088063313016,0.024250227749224636,0.0005829207883704542,-0.14275963535617342,0.1448058245705689,105.97139972026572
deltaC0.2,FGO-G,38,-1103.4843921187594,-212.07394164503367,-1021.8417650174069,1518.8198553839288,1.3211686794941078,-1.4061442613304527,2.649000342787613,3.27718342169578,0.13558441220363035,0.06742118209325432,0.04276137919943862,0.1573444761613635,-92.24913822793073
deltaC0.2,FGO-G,39,2135.678944560073,-439.6139107267842,-934.1241062100449,2372.1241094311317,1.6076059930106907,1.0390614526712825,-2.270246626357835,2.9695227690119466,-0.004480294016192054,-0.06373394562646546,0.04756323201607544,0.07965142747875775,-173.778182193486
deltaC0.2,FGO-G,40,-781.6226162240044,302.9051778451722,-482.227803768795,967.0724459346095,-0.8966811168472875,0.6970167071383236,-0.5640127298587979,1.2680613844697046,0.06762350734420536,0.18652851036470258,-0.053498076069233104,0.20549420446211178,81.2366234010151
deltaC0.2,FGO-G,41,189.92705566479117,-925.343712112543,-3635.246673966503,3755.975459531683,0.16343781380419506,-1.142597568584946,-1.8226389166149253,2.1573719528807622,0.09424667476530454,-0.08304667291697504,0.127993255996556,0.179336162464507,17.922040523599204
deltaC0.2,FGO-G,42,-149.58531531737617,1038.727899914912,-1238.1611443354589,1623.0756100571334,0.9963884256430094,1.8575908766496656,-0.060280749027981445,2.108807134014584,-0.049400095056721244,0.08878023927326882,-0.22287625944432266,0.24494106903687055,-4.546404122621028
deltaC0.2,FGO-G,43,547.4111440875803,493.54441359409634,-1025.1125419490427,1262.5770362724177,-0.6973072901636906,-0.08415035574279522,0.6579767907428864,0.9624199688511126,0.1379449880112516,0.04919543056111357,0.08430743735887779,0.1689874376974182,-30.47707171309014
deltaC0.2,FGO-G,44,-518.8814781289761,783.2115324223597,-1215.1204263993138,1535.9609186165976,-0.4169859407828422,1.1355502459847022,1.25024874682128,1.7396762816382392,-0.1356436177863325,-0.06571869644734579,-0.019665238674845997,0.1520028280034345,-119.34341905384771
deltaC0.2,FGO-G,45,1272.3689317351934,247.0322468065699,-948.5604942289772,1606.14900946929,0.2607328148628533,-0.7550473259396557,0.8032568037254886,1.132828123717901,-0.07271353404293963,-0.033478188058069784,-0.01746184813848575,0.08193267510021118,31.65268024854122
deltaC0.2,FGO-G,46,-1035.826731765197,1536.8193000334056,935.1246173345413,2075.8633454877536,-0.7630893832363426,-0.14001713472661279,1.554860174808387,1.737670960806516,0.054388281700766775,0.11560899918626313,-0.21434157745228508,0.24953123592838086,48.265323285971085
deltaC0.2,FGO-G,47,-501.69399543367723,846.3708288598657,-885.485488857208,1323.6785848444597,-0.3768777133557882,1.4959745558211637,0.4827766130227577,1.6164930994502702,-0.03170841544169269,0.10513858504641385,-0.08493333293593601,0.13882801129091898,-108.94966311066278
deltaC0.2,FGO-G,48,177.2612753881342,-136.23968123754835,-735.7589164641187,768.9759382792096,-0.16602622931850122,-0.9349001374013437,0.4821509428741785,1.0649284048466499,-0.008869314448279412,-0.2079061672035135,-0.018232855302456934,0.20889249893789413,-71.83523482976936
deltaC0.2,FGO-G,49,-1368.0967363592772,66.58163998031728,318.1035285266312,1406.1691397838554,0.899211514915243,0.4622614528047089,-0.5287509028048991,1.1409840123868005,0.015479594028329791,0.08882111463241998,-0.06702012218979732,0.1123410210660503,-72.41366668097822
deltaC0.2,FGO-G,50,627.3140385295537,-506.21170246891177,-1081.3664073652933,1348.7499759521236,1.5810150412921338,0.0943440012330013,-0.2641310750333066,1.6057006496102784,0.03587002780562336,-0.00473122982635029,-0.06530141333789961,0.07465465835681757,122.6779482615417
deltaC0.2,FGO-G,51,-580.0227842883056,-1131.9021306373907,644.2437067877454,1425.720455548926,-0.41668037370857125,0.27204072194791634,0.4405224412923324,0.6645966517475201,0.04159908252874603,0.023197947326678063,-0.13351577584649738,0.14175715441309086,-59.87875450942078
deltaC0.2,FGO-G,52,-27.89486176277868,-829.8221314527466,1296.7411455557055,1539.7793646294483,-0.12913967218154898,-0.3041098138543542,0.5205947943898493,0.6165863879129164,-0.01639639416830186,-0.03814257591995512,-0.001018744492953533,0.04152993715229757,68.27565032980092
deltaC0.2,FGO-G,53,273.6715287380518,703.4407366983983,23.219803306353928,755.1583509133652,0.1342042105280051,-0.061605615239511496,-0.780764864792679,0.7946066926770843,-0.03158638378326079,0.04386010894798859,0.12051967466099207,0.13208482417683057,-57.587619226050144
deltaC0.2,FGO-G,54,2088.525122842243,-812.2789335513572,658.9641223003717,2335.8013548060194,-0.9913149689516388,-0.45695977621088685,0.5158392721433924,1.207314275335017,0.20015331551308477,-0.10358810418234402,0.1467154827220694,0.2689187198938417,65.31280790792583
deltaC0.2,FGO-G,55,1208.99203199087,-1645.6501848634718,602.4658767879407,2129.035320762071,0.37478803499683244,-0.7811426616541801,0.01126041295329966,0.8664737306651844,0.0732533100557718,-0.0042904015935023715,-0.16259606335268012,0.17838703651821042,-0.7304615917089196
deltaC0.2,FGO-G,56,-278.46381914577825,567.8540452295919,993.6511350385003,1177.8552090219596,0.7890048791454889,-0.0499703553154511,-0.8906872668656254,1.1909448110984395,-0.03449603499263734,0.11322389143534331,-0.17285154643107958,0.20949291903448988,-146.39687469252632
deltaC0.2,FGO-G,57,-2.8663354648210033,-448.5337997308533,549.0743347926177,708.9946477287044,-1.9553325693867483,-2.047379744355586,0.7694615254007833,2.933796229047653,0.14341665094783682,0.06558233623428988,0.002137137418870484,0.15771476136173257,157.64564284870482
deltaC0.2,FGO-G,58,195.13540195955625,-210.9225718343246,-269.01489932803105,393.6180540417247,-0.5911821974636295,-0.5812475901963049,-1.275778310690527,1.5214977652745048,0.0075065452740567425,-0.17932912188967656,0.013790315526953593,0.18001515209005844,-166.75438302274603
deltaC0.2,FGO-G,59,516.6480439555511,-24.494515866546237,432.5694352482281,674.2710871315813,-1.2868400030084155,0.5726015888600335,-0.2480388677923833,1.4301584013120578,-0.04541444684343338,-0.1132464189084388,-0.02742723630573736,0.1250578932696829,-108.81302478141879
deltaC0.2,FGO-G,60,-1676.4253009816523,-109.41779210091664,1075.2771462604305,1994.641567868683,0.2596292473589214,-1.2888732227043023,-0.7872925543575972,1.532459166319039,0.002029323001354915,-0.01560301718460631,0.05075067118682429,0.05313382089611197,239.59660223789803
deltaC0.2,FGO-G,61,920.6199587716645,-235.49725760434063,-53.86023182910806,951.7883122840876,-2.319354558193065,0.3257521976860997,0.400700232802777,2.376148298712955,-0.07562663657603325,-0.1495471760173083,-0.06075853341272416,0.1782564035231843,114.93330017128864
deltaC0.2,FGO-G,62,-416.4631765908131,339.2761010993339,959.5784578835833,1099.70026237494,1.0118467649180318,-0.3356057239682466,0.8350422787353716,1.3541642016058835,-0.13643321367159203,0.03175574901233006,-0.16083089524788263,0.21328156566925277,12.451659017959754
deltaC0.2,FGO-G,63,-605.99519012977,317.53822198446346,261.1300857563398,732.2906626255614,-1.141499537609752,-0.5736417577118413,-0.11930142301347145,1.2830895877089206,0.04585633590754093,0.020532243572146558,-0.10718665124572822,0.1183780164314496,126.00467102684519
deltaC0.2,FGO-G,64,102.77041800904007,-379.8151873094143,860.0365986226395,945.7717939857572,-0.4208494055751669,0.9229128239943631,-1.0145321283323123,1.4346280850048605,0.0734646030868884,-0.04790730597907107,0.004218934429706201,0.08780636241530879,209.52291183513958
deltaC0.2,FGO-G,65,617.9683108988283,-249.37688664943178,-528.9812906850904,850.8201165728151,0.23009371976981544,-0.09136017646305443,-0.022108791743862426,0.24855301324515114,0.004637324209036911,0.13166057608151888,-0.01898647466562736,0.133103336885916,-13.066586072215662
deltaC0.2,FGO-G,66,-213.25972243447518,510.8617541601297,-1622.5805991301943,1714.417464257202,-0.5659592150076278,0.020019261394899172,2.6276904065755415,2.6880229680357983,-0.15390289241502964,0.08549524616913513,0.06755429245266009,0.18857125931597513,-159.2756405793354
deltaC0.2,FGO-G,67,494.28496630037773,1247.3192774874983,744.727093940085,1534.5166836339529,-1.092237329880666,-0.43820098791728246,1.2468132085202999,1.7145103287928054,0.2049271433247481,0.03262054204735265,-0.14259879282304147,0.25178095549364665,12.940124028853056
deltaC0.2,FGO-G,68,-1430.7952849544968,-617.821620269447,106.47788132365666,1562.11915074733,1.515706379636734,-0.18320289298892126,-2.6004884236962686,3.0155379571561207,-0.037453977426221696,0.1137077400458234,-0.04728521942108198,0.12871729700033457,-180.9935675331556
deltaC0.2,FGO-G,69,-996.9531522260445,122.91044914359485,1347.4537971172722,1680.670789181475,-0.5899789137935649,-1.2585006423422138,0.05991332327799579,1.3912183839365453,-0.06641864950303204,-0.13040784946596445,0.03957267717727446,0.1516035652058389,-126.38739914156618
deltaC0.2,FGO-G,70,-1175.2188141478005,672.8726421960928,-113.17908968164713,1358.9357453846299,-1.0638162897535137,-0.35650004796850954,-0.0398929383410673,1.1226704009084616,0.04456026925362065,0.07615186067205183,-0.05880883938729103,0.10603397130095127,2.8939067580655666
deltaC0.2,FGO-G,71,-269.0942632377182,-10.002930261274296,-81.91409686443319,281.46349743151075,-0.01999566310099996,-0.29356814567511935,0.701544499389507,0.7607540780841408,-0.07160920111256638,-0.101408917807504,-0.07339363095798776,0.14421605791334882,190.99181514528613
deltaC0.2,FGO-G,72,-370.4964591875436,1311.5982454878024,1206.128276900108,1819.97335260031,1.8729356954123781,0.3408292794107708,0.019660848819483018,1.9037960147636133,0.11843420523501648,-0.1533424667498713,0.06375956766328846,0.20397513462967695,64.04345252588617
deltaC0.2,FGO-G,73,-291.6109915345495,-822.2796598306188,-253.89253985605941,908.648574064518,1.7025918784537017,-0.6762628663205691,-0.4962190677752147,1.8979947134184332,-0.13081039839208036,0.03963226248928134,0.27196674348994543,0.3043813169727075,-31.716550868247314
deltaC0.2,FGO-G,74,190.65603050297608,125.31109980855162,1470.0613611895462,1487.6602432561147,-0.712123595635985,-0.10325937732850805,0.22902450868327304,0.7551388879175869,0.057809180781273624,-0.06579544035622317,-0.0970410136009771,0.13072069336939854,-149.10691162073266
deltaC0.2,FGO-G,75,-1864.345941305499,1903.2007884207267,1537.9334193282962,3076.2311733994225,-0.2671972365603387,-0.037618583175884866,0.6877245528937391,0.7387655796519867,0.13093531969274683,0.06308817658936379,0.04587337172346937,0.15240912768496565,57.067438619135565
deltaC0.2,FGO-G,76,1540.9900952608673,-2.2599971339415466,82.35314697864885,1543.1907277120445,0.1538632181862419,-3.2114961322038824,-1.5324675539857913,3.561718419680354,-0.007463241146849769,-0.05995475295447148,0.18283776674861413,0.19256147413194666,36.13101212695577
deltaC0.2,FGO-G,77,-412.8047021080026,-489.82453645743817,-208.7799324804821,673.7394591418671,0.12504683429288005,-0.3594714740000755,-0.7404721613485878,0.8325595913318801,0.005078267100050769,-0.0330913321712311,-0.21337860375423895,0.2159890126874854,90.10942860955055
deltaC0.2,FGO-G,78,-147.21095088570803,-2423.2929073726227,1387.1108448489867,2796.08584898261,0.3556646342794781,-1.4212314262154402,-0.6020128881468855,1.583924119531767,-0.15624312241439733,0.069792073427913,0.04892776571958398,0.1779796984868725,26.423635793969257
deltaC0.2,FGO-G,79,-1363.4349494800003,1030.9921446034077,141.64556539316467,1715.2151847196942,-1.4558619237151806,-0.14031388138633993,0.09678141049389662,1.4658064564090836,0.03264334401275576,-0.007984077383256299,-0.0517357363888489,0.061692137421987626,99.425048244257
deltaC0.2,FGO-G,80,874.6500643154832,221.23509830481012,174.9892775234902,919.009766529829,-0.5507871385013438,0.014479412852163805,0.017689814260665928,0.5512613308256064,0.17595338539237487,-0.06770045426703837,0.02785923345444845,0.19057566011343216,152.68951811069962
deltaC0.2,FGO-G,81,687.4173192794883,624.9538264636282,125.6361165263466,937.4936212224328,-0.8349300835776899,-2.383757660031593,0.2618333439129553,2.539284451613679,-0.1479694544645665,0.07500309488487021,-0.08534724484500354,0.18655984535661269,-277.9081268454169
deltaC0.2,FGO-G,82,669.4244696971592,935.1757133574877,2277.139900425552,2551.0877800642415,1.1704263553068313,1.5039814301665495,-0.06239669562600208,1.9067646270863368,-0.0771079368675273,-0.0884573922846834,-0.03135878772674629,0.12146488276643615,-102.048795902844
deltaC0.2,FGO-G,83,-654.0040120907358,1842.8361153162782,-951.3781333434446,2174.6003192193334,-0.25057480045692176,-1.83839437361363,-1.83857779646671,2.6120585593012,0.10455002619218039,-0.012546087150235601,-0.1737693743685418,0.20318441807383103,40.586144036608864
deltaC0.2,FGO-G,84,-760.5973094433344,-1373.2684555957078,2213.256464930632,2713.4624924299023,0.48437569518683554,-0.6113690079193022,-0.5913392793200173,0.9788125567230324,0.03863803082629786,0.027879150020944703,0.09672611094850361,0.1078243245805255,148.34403306079238
deltaC0.2,FGO-G,85,1060.1794906297077,-583.0110870486506,590.49853065235,1346.3175682862125,0.2646945017524916,0.5146149999725633,0.6165482459482008,0.8455906320652826,-0.026409803036757013,-0.027653429831348473,-0.02084207839980958,0.04354976589950195,18.397912835562558
deltaC0.2,FGO-G,86,2690.2150219387413,-333.9251871640724,-542.1369260037552,2764.5389021361634,-0.16045083914593403,-0.8331185432545771,-1.5558504715341497,1.7721460630180288,0.07695319497367377,-0.10522832284632068,-0.1470555253643287,0.1965200287143386,61.35995500978618
deltaC0.2,FGO-G,87,33.89948664599451,1008.5546653212576,182.3128675976269,1025.4607110113025,-0.7169696291713447,0.1737865223499981,0.277285081948266,0.7881206894731659,-0.059450854251473825,-0.03341652159840922,-0.07832340783404942,0.10385385983056078,-19.74443880439792
deltaC0.2,FGO-G,88,-750.3400335635063,-996.305250372263,-40.5412018670869,1247.9094145554993,0.1905840323472764,1.06108788711859,-1.0098489517163307,1.4771677910305632,0.023860015998959695,-0.06899145836970597,0.07492843636744427,0.10461066995254178,-45.607202350356935
deltaC0.2,FGO-G,89,-610.6834606769618,243.61303852718504,1072.8027102546516,1258.2476929502252,0.16975221297630094,-0.39965897761938274,1.326652809534554,1.3959050072437047,-0.0708063127295873,-0.038491767546568675,0.15567332324749864,0.17529784271958224,27.331472423963362
deltaC0.2,FGO-G,90,309.4885325101981,279.7221791333138,1140.140875877518,1214.0629580467232,0.028523800791584397,0.7238053558953874,0.18929548804435142,0.7486925819242473,-0.022063621362813476,0.033032980373066734,0.11393002199931992,0.12065666617611533,-113.45414585451914
deltaC0.2,FGO-G,91,64.29880818817169,320.0751067226199,-736.150892480286,805.29531674873,0.22885585667172492,-0.15249832791002543,-0.5562064140583013,0.620480715403708,0.1322498159738189,0.12472446630357055,-0.015837753900569254,0.18247476748425923,137.69972274431174
deltaC0.2,FGO-G,92,-34.988986904943104,-684.4711167866346,91.06595321247677,691.388419598039,0.1901125402189553,-0.2586358674550842,0.29391390035993936,0.4352248507467607,-0.08260466167951637,-0.11128853868229711,0.06370379730655551,0.15253472642157,-60.19780567602547
deltaC0.2,FGO-G,93,696.6331580490992,499.70079704216135,-825.7615225307874,1190.3279949452574,-0.4668964545592211,-0.8267985093361284,1.0413886104505423,1.409282907118555,-0.08014990466621945,0.026485938373995228,-0.04027463435506229,0.0935283824407816,106.57844747848141
deltaC0.2,FGO-G,94,324.2904551672982,-660.8552496803136,35.57968464734254,736.9938088629018,-0.29108376059478175,-0.31932405455561796,-1.1433772750745088,1.222296690929272,-0.03104552401598375,-0.029191126376927456,0.054922371326472805,0.06951556151469782,-84.47833382693454
deltaC0.2,FGO-G,95,1041.0694673085923,644.8953881455748,-133.59214160799056,1231.8938906062635,0.4773560064832158,0.15442355466848318,-0.4626688231499225,0.6824791799586184,0.01553919529443979,0.04591749653766858,-0.010677945605802163,0.049637703422358445,-47.65793533578293
deltaC0.2,FGO-G,96,-94.85919925423907,417.7546769260256,363.531672259855,561.8474121260772,0.9771691852126387,-0.6216699211686277,1.1351280116225329,1.6216808287036835,0.1734663064086559,-0.11476272440046174,-0.08052758364716785,0.22303751724525997,-56.73936248174985
deltaC0.2,FGO-G,97,3245.6104606929384,-112.34335786477922,1619.387422224207,3628.9149777686616,1.181506684646822,1.5123638734437,-0.8995836007067949,2.1195407960743196,0.03507772454148155,0.013527407005049768,-0.18433556229165768,0.18813037241410524,-160.2593215141045
deltaC0.2,FGO-G,98,641.9220711867242,1818.9003815240808,321.2119948730322,1955.4129203407176,0.9414621797248403,0.842160212262261,0.01977826227236554,1.2633194523272324,0.15092760613430212,0.09037844015540164,-0.038126584913627005,0.18000289224212637,67.20880830288638
deltaC0.2,FGO-G,99,-1406.882161889093,1532.806380841841,-1085.8559944176927,2346.8907216153093,0.22006234498591545,-0.7263891847575988,-0.5125004266275144,0.9158195077125696,-0.08044034780630677,0.07749191929854961,0.03623454206122885,0.11742482339845989,-198.25593381515458
deltaC0.2,FGO-G,100,343.63040184654113,1552.4609646091453,730.2660040986119,1749.7157873353397,-0.5364723132357764,0.8269815303062944,1.0149593465546,1.4148651771440366,0.16368556769128653,-0.10379705426401575,-0.11810227845836976,0.2269690325162534,51.24494095427741
deltaC0.2,FGO-G,101,128.9897599948056,-1462.5132671111087,-369.5325031353578,1513.9807414670142,-2.136065098812633,0.153870795341099,-0.8010706108633369,2.2865179753531977,-0.1502987989041072,0.06432914282552515,0.044248685149848734,0.16936916397672427,-58.75035447820241
deltaC0.2,FGO-G,102,352.3231333055972,-1225.1891259897914,-2183.3647462580425,2528.3001403924236,-0.7821405533491244,1.6337520694438987,0.4133064113398201,1.8578783219737767,0.2727274157338196,-0.03675663107626283,0.006297218453580455,0.27526523242352324,130.0832092518449
deltaC0.2,FGO-G,103,-133.31736986258576,1497.9666554252067,1632.1497989600553,2219.3671593763406,-0.9604596879501548,-1.7926411115885146,-1.0088801555198086,2.2702167595488074,-0.029793665306505682,-0.09663421842137482,0.11650814303853434,0.15427242805049005,20.273828735839476
deltaC0.2,FGO-G,104,968.8769037499255,-1444.6195423625911,1697.6087474045432,2430.5397622874566,-1.1981981285668692,-0.877335908861043,-0.026295204996264553,1.4852907089468967,0.01162318900663209,-0.05047127292237989,0.15592394981351673,0.16430071831412466,-44.03627114418537
deltaC0.2,FGO-G,105,715.4823301317855,628.2802411273173,-808.5570852507707,1249.1659562408156,0.9079270980837958,0.14599359312070043,0.3064584345486129,0.9693103304789141,-0.04751066760070314,-0.020082947251036598,0.05526049569414615,0.07559305980389448,-199.36799781551963
deltaC0.2,FGO-G,106,1114.4829862653103,-83.97882880315876,419.2683122172973,1193.6962293613626,1.0478085749128856,1.0118264059041409,-0.08414364781334907,1.4590324324062163,-0.12609105298728407,-0.1271881715453615,0.05823587158041823,0.18832737815629821,-104.81915371872891
deltaC0.2,FGO-G,107,-338.21665352745885,187.73602075265813,-1079.9387788682761,1147.128190009669,1.6745415165969892,-1.1360747665997306,0.32058142374559284,2.0487868643083225,0.022612106417169202,0.03375310683650257,-0.20096567605849922,0.20503117453545297,-44.800831377166666
deltaC0.2,FGO-G,108,-2015.949819005471,-642.0709145470042,-79.26816804831077,2117.2133039732093,-1.1730980457749627,0.7638038640850826,-1.6828395740020403,2.188950524708064,0.1569951133423911,0.04167056015647796,-0.0019170720586607615,0.16244253249202617,83.59081929476048
deltaC0.2,FGO-G,109,610.7386334990999,1136.802587057224,199.0891115316767,1305.7405081863767,-1.54046518548892,0.6775360875068541,-0.7466947443416838,1.8410978189126728,-0.06025638526201738,0.13312517927811943,-0.06517825576848067,0.16000421978090948,-191.51086566867647
deltaC0.2,FGO-G,110,-512.8583545303158,131.73263115930652,283.33061330751286,600.5442651136619,-0.9994704974906152,-1.326548742374476,-0.6287870215188482,1.7759633891721942,0.01893204364798647,-0.03096574001826706,-0.036328167411860575,0.05135206986161647,-216.39754361265526
deltaC0.2,FGO-G,111,-380.98724529674655,-1033.8549068190669,1536.3679956196834,1890.6173244200181,0.00539502119213398,0.8490109017864093,0.9397412792131526,1.2664763280310485,-0.002290363293997516,0.05670817492206549,-0.1115314643777865,0.12514124185600656,-48.114607824269655
deltaC0.2,FGO-G,112,1462.369780878842,-416.77352310383617,-23.63413737799269,1520.7840471406905,0.722227629164846,-0.6600049778004071,-0.7201129601069649,1.2148176794747454,-0.013470113939360777,0.12784363746701913,0.16788150786826564,0.21144654240365465,-143.42755200987634
deltaC0.2,FGO-G,113,33.749382332075875,-48.62205258658983,-426.2208711616656,430.3107665621892,-0.8856154990246623,-1.054438448770512,0.4468253143798306,1.4476906147132749,-0.2323033946405485,-0.07138732705681065,-0.02424202403156964,0.24423081983031067,-220.08234257134305
deltaC0.2,FGO-G,114,-276.6505774552463,-189.0267618574188,-111.60108369427513,353.1592566907445,-0.4086726227663953,-0.03053554182525908,-0.8078901999252658,0.9058875796966269,0.06975898034046393,0.07437886495263184,0.15546982869191267,0.1859284769024792,-114.97802393764451
deltaC0.2,FGO-G,115,1454.6461010424277,-830.1117982402588,472.87201500714104,1740.3128510220588,1.3832912735266454,1.0889439576553699,0.5419161682677816,1.8420007664925504,-0.013916031490602299,0.1122536084143615,-0.044596230189936796,0.12158680965321063,50.09966771320455
deltaC0.2,FGO-G,116,645.8715923506559,2175.605382331845,-322.21439910801473,2292.210944138738,-0.2884083142357912,1.6325812397950457,0.20388402956760238,1.670350130291186,0.06193086964640313,0.1300959342094287,0.04787841686453349,0.1518312468315986,-289.9307429901528
deltaC0.2,FGO-G,117,1475.7937191507667,1869.6933425652196,445.2776292132763,2423.219441939865,0.18293425899308927,-0.6924176930359662,1.22938687585943,1.42277872323071,0.15355929470651883,0.02828045932669753,0.06206510872700363,0.16802475737755815,-110.12346428600671
deltaC0.2,FGO-G,118,-1250.4202002800032,-1204.612451771995,681.1446264411389,1865.1004901511496,-0.280110884707347,0.9797920890370899,-2.8704308940844507,3.0459527513055185,0.07347130118040932,0.030165561182111993,-0.064898486797475,0.10256610925240459,37.765315641727454
deltaC0.2,FGO-G,119,1252.09092422544,-760.2652155812546,-333.23199060129156,1502.257780845427,0.31857326075195375,0.2272916925910009,2.234732721240962,2.2687399082689157,-0.012493822035353529,0.03920820029213836,-0.0366430852452469,0.055100764563569854,36.43817530910232
deltaC0.2,FGO-G,120,-444.1832980335017,388.9949906080127,1756.3506879721665,1852.939190613213,1.073899469816708,1.0557293288361311,-0.527204280204276,1.5955465646928337,-0.030753950369615382,0.09296980123686521,-0.22769890947292373,0.2478628305747308,-28.828526546050462
deltaC0.2,FGO-G,121,-1061.873713718752,12.881267201339183,527.7420618167297,1185.8555539112422,1.8740491319562418,0.07061405697337943,1.0863593532593145,2.1673078088822963,-0.00035673692500232823,-0.13443988943870344,-0.16022787097821367,0.2091582696709254,138.6462445699693
deltaC0.2,FGO-G,122,-344.40460265806286,1545.4856065234849,1000.2345160176334,1872.8612808578087,0.2324300918919532,-0.22235155801829173,-0.5079774130319141,0.6012528711953561,0.11766331710111187,-0.12302324214960347,-0.1308756890818959,0.21472731613117568,132.8233915838531
deltaC0.2,FGO-G,123,128.54804955201575,226.8120456617409,-46.36137760931833,264.79743660905206,0.40903992085442603,0.14991490374093897,0.2425133097130501,0.49859887745985537,-0.028079957438678194,-0.048798745787927464,-0.0011864029138367142,0.056313489965608664,6.196369604300224
deltaC0.2,FGO-G,124,388.539281055861,821.9817658648757,-590.5533312798775,1084.1448396886394,-0.30014227606603316,-1.0585827000852464,0.2052133757938922,1.1192833637674575,0.09019734285290988,0.04679492617138191,0.05121430509393974,0.1137902931684667,69.50852884844728
deltaC0.2,FGO-G,125,-1162.1411645740404,350.52810096458774,-1449.896272390178,1890.9366030235599,-0.7112259222190309,-0.29374937622254343,0.08813909386397369,0.7745317994340883,0.010903497196459453,-0.06700604937126074,0.06931796046809997,0.09702410291733751,132.48252468570325
deltaC0.2,FGO-G,126,1547.2714753755095,762.8471982743882,-510.052564122604,1798.9270370400886,1.5401296934377682,1.150007474425652,-0.5576476284857429,2.0013714151549564,-0.16266600044033122,0.015697294206877644,0.002614415078631736,0.16344255232611393,24.256906989458933
deltaC0.2,FGO-G,127,-86.25803757820934,-715.7805469817494,-251.1163447166147,763.4406716098964,-1.10962955561972,-0.2603285739927645,1.0145631476641386,1.5259053370835585,-0.11485982497499195,-0.04427386830734362,-0.20964563979376474,0.24311365468175322,94.75393844672693
deltaC0.2,FGO-G,128,519.213913728414,-839.7641958946606,881.9519122056194,1323.867881761217,0.3368516004623475,2.0027387051087335,0.6236202146065893,2.1244607536362303,0.057855867895220854,-0.07399529513593107,0.10458416507399683,0.1405718774733688,-70.25085307633226
deltaC0.2,FGO-G,129,685.8799776676174,-564.7347161549197,-449.2947426077915,995.6015313020117,-1.19436858167616,-0.8491455727715629,0.48262288770909906,1.5428834578131096,0.0027526670267068,0.13458234497632837,-0.07492630970854267,0.154058224842518,33.7932023677093
deltaC0.2,FGO-G,130,1077.6663144384183,-1235.191133364718,-488.1631820437176,1710.3698762317897,1.2063008153797907,-0.9148629303597202,2.172219392372944,2.6477675364603677,-0.08835010183899104,-0.09152471189468872,0.1341397558995759,0.18486748631158395,-80.9923420798266
deltaC0.2,FGO-G,131,1481.0145200977804,-852.8627281526582,597.6857663034343,1810.5267512672044,0.4621404956122197,0.27397995367960426,-0.18868360763868164,0.5694210713474995,-0.019260693915120353,0.16870494685033838,-0.045491780657739206,0.17578917921555726,-98.48290997221783
deltaC0.2,FGO-G,132,-357.54608116753377,487.4728411424653,157.82655868636505,624.8025237117313,-0.3692914519111992,1.7091874909523017,1.183241606886454,2.1113405116062505,-0.10788399163143049,-0.07872615808904983,-0.04449396962744852,0.14077100891519156,129.74714472561197
deltaC0.2,FGO-G,133,2196.0383274951287,-648.3236962994829,2491.3523937788423,3383.747139045498,-0.0029067783961533224,-0.560094896400287,-0.8529420946972319,1.0204043116533732,-0.051340969282464094,0.16327628723093007,-0.13191562101084314,0.21609435940222155,-41.63016705374575
deltaC0.2,FGO-G,134,115.98874228516469,641.1614725399072,465.33109108183817,800.6712474754232,-0.5592804620317112,-0.956758797069083,1.5008106904614482,1.8656405762050878,0.025352403579068476,0.08917135113101211,0.048935137353202686,0.10482805873211157,165.63302018803188
deltaC0.2,FGO-G,135,-1263.2264415602542,1221.4577237064125,1017.5660218033706,2030.551802389629,-1.1136445568410045,-0.001800019234019449,1.3027838017101738,1.7138999600470424,-0.09129078378931367,0.09591838849884593,-0.011633242879902094,0.13292733653009656,79.11047598696942
deltaC0.2,FGO-G,136,1627.0595405815473,509.5637852465729,-368.866985539686,1744.431383819205,-0.10754985607035442,1.8854948401148335,0.9052729316516269,2.094320138952387,-0.010315450093999852,-0.15932158617646322,0.06709044587599464,0.1731788216274316,144.21540361429177
deltaC0.2,FGO-G,137,-598.2590230373739,1837.5576829219503,221.95649195478717,1945.1983911755622,0.6689437959118598,1.3775485621687618,-1.2059857490030428,1.9492376638113222,-0.1781751902120138,0.18867926669223967,-0.06428810409188174,0.2673559881774433,180.80326096019363
deltaC0.2,FGO-G,138,-172.33171885569746,1421.8258181903166,1304.960823111216,1937.5782896315247,-1.9830762171909098,2.517494961376491,0.9638067960571747,3.3465348801215598,-0.018658675428911642,-0.01771319331593473,-0.11959206119948787,0.12232810179247938,42.48786136960362
deltaC0.2,FGO-G,139,1.3423838826943892,1431.304331297312,-489.25189007224617,1512.6140627153377,-0.9655896206662113,0.9763957693043389,-0.5093237367906628,1.4646237341761652,-0.00809696646762532,0.22305717033659664,0.040510368930769036,0.2268505060506905,-160.11890078006533
deltaC0.2,FGO-G,140,1351.2430722008103,-185.23650881493236,-928.2648338381568,1649.8018081300584,-1.213857433227155,-0.39486468828905835,0.1764545551728105,1.2886055254808069,-0.08784819348049396,-0.1655147989947901,0.011519175774385207,0.1877369041893289,71.06060532136223
deltaC0.2,FGO-G,141,228.53509515612947,-575.0069082182071,453.2985414571593,767.0337684247486,-0.0939448222726058,0.907853737503869,-1.0144373677338414,1.3645904921940284,-0.10115257395627307,0.09688171530872328,-0.019152708759514903,0.14136738036749,-89.92686481488519
deltaC0.2,FGO-G,142,-1594.0377470880558,-1016.1089408465094,164.36699423793573,1897.485237783049,-0.8292395542793354,-0.18131926281309124,-0.9122359832529102,1.2460695817609373,0.11079085249194859,-0.034941916421235786,-0.00165162370309631,0.11618209147686216,-25.240332924375547
deltaC0.2,FGO-G,143,1072.144224612476,-235.1774663677872,-632.6546769300518,1266.9071076043922,-1.3897145539211917,0.47019467346655214,-0.18684188719621492,1.4789521503915322,0.06056264955302173,-0.1359574312751767,0.05806761462525306,0.15976265367129272,75.32548452268706
deltaC0.2,FGO-G,144,908.3820945689197,313.2302659616615,-142.70639146617248,971.4094622830927,0.46080847310884493,0.44992154801966405,-0.6897275711490284,0.9436620002227778,0.11193656959565995,-0.14666831834849162,-0.03733572569683779,0.18824278906063843,-214.12770036700076
deltaC0.2,FGO-G,145,555.285302673468,541.6601692417511,1079.1500428534282,1329.0230702657962,0.95319178017191,0.17397738677207544,-1.3095182328454362,1.6290121862803755,0.06601331439828959,-0.04303319167677841,0.13905526464566395,0.15983109800477946,-28.437787123280636
deltaC0.2,FGO-G,146,-576.6406457561098,-868.3530550549646,-4.272451751107348,1042.3865484575667,0.4244161164761666,0.9522489849689838,-0.7093717420632505,1.260997794501252,-0.048386973913769615,-0.053831619029851216,0.10808510410756776,0.13008278972197138,-41.59616648485111
deltaC0.2,FGO-G,147,998.2338927500472,788.1684795589066,-160.735740531392,1281.9970495634093,1.1434391562605362,2.79291141560317,1.0109406133273247,3.1827359618967663,-0.013255814552669188,-0.08447585901625623,0.010247930672986695,0.08612146921103643,-114.22620367719784
deltaC0.2,FGO-G,148,188.86976751341345,6.628695679605062,992.1067890811871,1009.9463399745388,-0.9988364846446717,0.884534940532523,-0.527984938670986,1.4348674083494977,0.10571656525166677,0.024696012244086164,0.0865525632866144,0.13884246973045877,-103.77920807662392
deltaC0.2,FGO-G,149,313.46345715486154,-230.28550646990354,2.4044454777977253,388.96855248160284,0.09017330444583281,1.1424527854244038,-0.020962802835812144,1.1461976404012497,-0.01600734182683996,-0.15848959728437126,0.1525665538233515,0.22057139611757706,116.5667318011928
deltaC0.2,FGO-G,150,-415.23935946436364,-562.8117421254641,-397.73193457759834,804.5939811516824,0.08747429726784728,0.3337426186234346,0.30961406219111515,0.46356958018685257,0.0314472134195993,-0.14152343698420228,0.01010133267767614,0.14532669186885244,174.83796784980112
deltaC0.2,FGO-G,151,815.0949727693725,-1406.6316357623964,-1413.6322243372144,2154.378898672673,-1.0344282883292482,-0.5711167190668037,-0.980023646210962,1.5351425137836674,-0.04384087660527877,-0.12109128602300757,0.02981016322019953,0.13218838013774148,-5.513117294798352
deltaC0.2,FGO-G,152,-1996.3041395003345,420.6059320184941,-789.4468465393559,2187.5479174057537,1.839458902676841,-0.1985688730593946,-0.2392923494774262,1.8655560780913536,-0.07075978479307135,0.023661604431709386,-0.027233122736424576,0.07942582478150055,113.18543553627806
deltaC0.2,FGO-G,153,672.3309785944541,-568.6321704290317,-859.2842505602255,1230.3417871816987,-0.4201847520766845,-0.9041680857126025,-1.0176954986530877,1.4247032256149679,0.004506288457198735,-0.0070753664864898575,0.1127682667295816,0.113079836521688,80.61167243619387
deltaC0.2,FGO-G,154,-24.107304338547767,-460.8190501472281,1190.63780561466,1276.9313776628555,0.1988008474988593,-0.9796739474353915,-0.8084509823707631,1.2856421785030852,0.05452922840631931,-0.04981795672089879,-0.18123563695851372,0.19570800102753097,39.67067238825189
deltaC0.2,FGO-G,155,-193.21388523746378,144.21894260093933,-361.14482113558756,434.2306883288471,-0.45148952866506664,-2.0446898613799163,-0.45237714799712203,2.1422522045160868,0.08060744743565654,-0.10715187548453016,0.052641696867815856,0.14404941253287845,-377.7721105095873
deltaC0.2,FGO-G,156,170.36140058034889,918.7286966348647,-546.7009334815399,1082.5744018300463,-0.27161736008954823,-0.4096751711784373,0.8706578214202737,0.9998273741913624,-0.10453493962222192,0.1020715207291887,-0.08029616548844815,0.16671419597004639,-200.20154036844423
deltaC0.2,FGO-G,157,1277.334666396347,-519.682052231713,-529.605392707498,1477.2051845882802,1.3390462213962198,0.3655987157669639,-0.4025406147695339,1.4452495115186796,0.09763336267642891,0.004417906197185904,0.06291642625338013,0.11623367883350874,25.21300867252843
deltaC0.2,FGO-G,158,-1102.524007024978,1079.9335134791363,-737.1030740117309,1710.303049555648,3.010459783885753,0.4155033909110017,1.0583248055226036,3.218005993194614,-0.10340983633664992,-0.08271845868686364,-0.03073436602124301,0.13594314588617856,-173.5626333858542
deltaC0.2,FGO-G,159,1145.804139886096,62.589302410057876,-2805.4759757270704,3031.0856137922024,-1.4263310052351257,3.0827836940403417,-1.1042007347980667,3.5717271317199817,-0.2228851508249397,-0.06445337024042962,0.02608069763575921,0.23347854330274959,-30.49572784410585
deltaC0.2,FGO-G,160,-1552.0847908289143,1457.8428172554457,-853.5506332016521,2294.0840353362537,-0.11022310177417044,-1.0881178171033443,-0.45955655062000245,1.1863143509543417,-0.013816847955584499,0.08460400687966053,-0.009813873231319313,0.08628473431217015,59.541317711119625
deltaC0.2,FGO-G,161,-691.5210023940597,2283.1913121095827,-823.3402032235324,2523.6982693438076,-0.6420151403453145,-0.5068588581487837,-0.7723522844050459,1.1249966194358967,0.05643456846907875,-0.02097465488352652,0.1843108246650018,0.1938950147746641,14.864446121313701
deltaC0.2,FGO-G,162,-527.6478787030298,829.3650345088502,342.0364698231327,1040.7918096597148,-0.18816685217218054,-0.7657942219332254,-0.7916661103818419,1.1174000111552784,0.020383457990500772,-0.15964291767077363,0.04929647723353092,0.16831960429410459,18.346644086185655
deltaC0.2,FGO-G,163,1291.3267789788915,-1116.8389464888003,334.47739678588374,1739.749755413943,-0.3480395229175667,-0.620821223127754,-0.8057168100442025,1.0750488726501384,0.1066114899425456,0.10087462093344374,-0.08941167864522633,0.17186083676740518,30.48311517981801
deltaC0.2,FGO-G,164,1134.9102188969437,-145.4327848928343,-151.69283825213572,1154.2021560607927,-0.21352137138410385,-0.41205089006057477,-0.6536150816514301,0.8016171074769213,-0.04230438749937664,0.06431693453638467,0.025544426738857942,0.08111009189534854,41.7221570371433
deltaC0.2,FGO-G,165,-2067.535933077259,810.8314852408778,-879.7405246882847,2388.7435866585593,-0.4836436592660983,0.6685568149668619,-1.3172958167896305,1.5543962406408465,-0.02990706641265925,0.07392793340858055,-0.004138403644383971,0.0798554841209956,72.45027080550432
deltaC0.2,FGO-G,166,1016.8047344585817,-1295.079075888188,522.383628254451,1727.4276644447589,0.28203799777862804,-0.22696768538518464,-0.20466465182915758,0.4158694291582826,-0.13743833700336186,-0.08312876404129506,-0.010138356678231018,0.16094245606867694,130.1311153027198
deltaC0.2,FGO-G,167,337.76653089024654,770.2744966440927,-673.482172920704,1077.4911910600176,1.5878773760770433,-0.6495504000333855,-0.8001948304004715,1.8930351423680667,0.12812564155589043,0.07479825011169962,-0.06938913055258254,0.16378586533252565,53.43243055810636
deltaC0.2,FGO-G,168,-975.825045415631,-407.7731924958674,420.3942834241554,1138.0882432019052,0.13693101718827377,-0.25127744817106706,0.9406722785477714,0.9832368967119951,-0.12899180483473263,-0.1600861863723375,-0.13238214043871982,0.24452301300470158,-23.757721275513266
deltaC0.2,FGO-G,169,-1535.127040202243,-416.1208474185487,-616.5133591357992,1705.8312669221823,-0.881380673337972,-1.0637592209536784,1.7605622800089162,2.2378550250826943,0.13974688415840947,-0.21460414764554864,-0.12471238093778407,0.28484611596057846,22.190899231121485
deltaC0.2,FGO-G,170,152.36928972921098,178.21269558232368,1374.9850598869334,1394.8333521362242,-2.223206576907208,0.0897267888552177,0.29006781092758666,2.243844405295977,-0.14240767898227769,-0.09798316454384826,0.05970516464832257,0.18288071044489523,-91.21101424422352
deltaC0.2,FGO-G,171,514.9212560226644,-1153.0751634841295,-483.34245820099363,1352.1635124672198,1.970326884439153,1.0711991217180108,0.25920094074226935,2.257618372886528,-0.1317619391514645,-0.0747042042958084,-0.06528375075748603,0.16493603263504816,94.0198466269326
deltaC0.2,FGO-G,172,-567.9755701093026,356.69505144046144,1016.4326788790254,1217.7696821058948,0.27543629606612163,-0.6067797480758716,0.3624272344215764,0.7585514591088166,-0.011471939146907764,-0.09913403951881757,0.03723719714994336,0.10651653407191106,-80.98353975346102
deltaC0.2,FGO-G,173,1331.9577698188864,1074.497136579495,-356.5680919271449,1748.0836368088915,-0.42066115880704785,-1.5651306026859004,0.6652862205040994,1.7519119182154814,-0.04053576090966441,0.2000549923493982,-0.008095586019011723,0.2042809006966497,156.1693031616864
deltaC0.2,FGO-G,174,859.8301092402224,-2583.160313684232,-1074.326146349873,2926.807423060192,-2.8819502119321476,1.412863573535178,0.6305150999301792,3.270989115346963,-0.0460928195890449,-0.03442874264688752,-0.024132248925269825,0.062387913702134964,220.3491491107355
deltaC0.2,FGO-G,175,-467.75383943247914,238.34357705985272,-210.70363276821223,565.6830701826184,1.308223469747221,0.48656274179652603,0.2567126463492099,1.4191875602955466,0.014753403450495159,0.23778110128236898,-0.06018471466647533,0.24572284167312233,175.26676849015536
deltaC0.2,FGO-G,176,-92.50892143184898,-738.9829520904887,414.762087686398,852.4560360551369,0.271104615620222,0.3525202635807219,1.5346184062555084,1.5977552696404436,0.13379177982307838,-0.06563750439472815,-0.13217932765215407,0.19919813500625588,74.66177504771642
deltaC0.2,FGO-G,177,-743.6806931354766,384.9334421662022,250.8788293910527,874.1709874372456,-1.7906440391372076,-0.21119657544228493,1.5237085421338525,2.360656220153166,0.14402227886858313,0.06741100579081548,0.04600457661958217,0.1655387615701419,-150.44284470423617
deltaC0.2,FGO-G,178,-730.3804510342521,1400.9565648484768,716.4569069560621,1734.7753166822756,0.6502087593602076,-0.7704944066118334,0.568596448295666,1.1574692144430052,0.09300554610645581,-0.05427774100764882,0.18036128381188143,0.2100626037011908,73.04852435123601
deltaC0.2,FGO-G,179,303.3480109217989,27.927746490802463,-1780.5815751640378,1806.4525237514304,-2.5988557853518195,-1.010527598581724,-0.7709631055843851,2.8930263619131242,-0.009342009519665117,0.03666245809444294,0.07117957387332031,0.08060980531039486,26.7889168870377
deltaC0.2,FGO-G,180,-691.9178653088649,217.43766290773314,959.7041232018689,1202.9386824252604,0.22368702313362657,0.39800224659919714,-0.8792302678703279,0.9907005281898866,-0.021055553655753647,0.041541592231083016,0.09084442780034206,0.1020869741309608,-132.2131485738611
deltaC0.2,FGO-G,181,-679.7542710541388,469.8586980323128,1206.1164126720528,1462.036205451105,-1.342071039689929,-0.7678036080545463,-0.32778675730996115,1.5805445942407843,0.06263831367859075,0.04378978070328409,0.06834235879244405,0.10252697810749323,139.4645533526912
deltaC0.2,FGO-G,182,1231.375416425168,-368.2581090297571,-534.2245608356661,1391.867570008903,-1.4106760050831368,0.20600229319967236,0.852393467755744,1.6610293073854854,0.07580681533708672,-0.0020401848900891096,0.01874439291780266,0.07811650191728943,73.28105412927816
deltaC0.2,FGO-G,183,-1086.5694694543713,42.477675020348144,-1222.667290518911,1636.261858056449,-1.2668052882048815,-0.7526436185803737,-1.4598318155647245,2.0742171980167874,-0.011492203475271218,-0.18342810395264464,-0.07514832344135548,0.1985578267820884,-47.82038294552
deltaC0.2,FGO-G,184,668.2041241196555,571.512164893209,-5.836307850686519,879.2934485146392,-0.44575709767399113,0.2806134475410674,0.0037483630467599408,0.5267422019291351,0.03314295384651626,0.00497704009023236,0.0021019704506346276,0.033580419853054676,273.9627325909455
deltaC0.2,FGO-G,185,-968.047550429037,-638.2203327798873,-483.61043896278363,1256.3121864166983,2.107632395232692,-0.09404944392776002,0.11722145120966909,2.112983786014724,-0.0555275320647769,-0.02334257359056256,-0.012169286976344977,0.06145139627826446,-343.894641408114
deltaC0.2,FGO-G,186,-550.246030343344,1069.0943414884773,-1271.6652564313733,1750.1045481130434,0.5816938706687272,0.9112692454369952,-2.064265282960789,2.3302297215703995,0.05533983082923391,-0.1542088583933958,0.12560552076704146,0.20644518819861682,-128.6342338321939
deltaC0.2,FGO-G,187,1128.857745839603,100.3507302628696,1075.9404090418475,1562.7020967591677,0.19104213064829187,-0.9151652734405943,0.03489882349962034,0.9355439600980247,0.26271507500377506,0.09705927146507738,-0.14090808369207328,0.3135200166836929,177.0578026190954
deltaC0.2,FGO-G,188,1029.6251465265332,-383.58310578640214,1393.7349536181525,1774.7566205937987,0.11988002000906876,-0.3034979799630254,0.11348973344039122,0.345488295945583,0.007195442107918723,0.21984403771424962,-0.010468116773804643,0.2202107099448681,37.16343582644354
deltaC0.2,FGO-G,189,-168.7955056806049,747.0245824448056,-130.591796064214,776.9117496306028,-1.7166192130900506,-0.44426300300727906,-0.5918506530642856,1.8693416846910498,-0.05866626433219247,0.013283522041731066,-0.051771517084751376,0.07936291646471,-46.27945099576388
deltaC0.2,FGO-G,190,233.6802700064735,-782.9293598938002,949.5828342857587,1252.71401778067,-0.2659852766935525,-0.9565037124681146,-0.0958726541739046,0.9974162046013593,-0.06444442769723921,0.03341285952998414,-0.09790625247911501,0.12188165455760501,-24.277118620263874
deltaC0.2,FGO-G,191,-947.5466050429519,-67.36624733764607,2212.2116150926618,2407.542940418647,0.7026790651797807,0.11771779867480725,-0.5351144667955184,0.8910459254946543,0.0712182849533493,-0.014620603270074738,0.05593610113290974,0.09173142079804762,55.00791515990459
deltaC0.2,FGO-G,192,-84.81021575667066,-1092.1999554942674,1741.4366280623224,2057.3514636627947,-0.18320597104397085,0.15667758158884004,-0.7989057184771471,0.8344834566449945,0.0025736865309705917,0.011714061998366032,-0.06854801923927556,0.06958932427096383,116.61409883942139
deltaC0.2,FGO-G,193,-722.0301472267532,-1409.2057819707074,-453.8411848949231,1647.1673535347852,0.3245050035027806,-1.3666966856593223,-0.7804045281625837,1.606920830491403,0.006881429054718738,-0.10079027577821026,-0.02482370571136725,0.10403004432627802,97.17584192877364
deltaC0.2,FGO-G,194,1545.0912120649832,896.8644183807625,226.9601832009404,1800.8841060202922,-0.6419670984901411,1.7595862470558439,-0.23261241010798142,1.8874252434753975,-0.01677658146895273,0.16065192124042407,-0.08140741676511587,0.1808802393529849,152.87511687436816
deltaC0.2,FGO-G,195,-127.46322591691073,-244.96442189916286,-162.9225958030735,320.6216059169253,0.11824029122975836,-1.0163169874094722,1.5264470139839175,1.8376401910786513,0.07815055865666795,0.16616252375737192,-0.06907341637382204,0.1961851955916141,107.3161392662747
deltaC0.2,FGO-G,196,23.753120511423962,231.1742623292362,767.4500643616155,801.8636739409915,0.24823929972143843,1.2327999836329862,-0.21038613273733942,1.2750219113489205,0.020879381070451362,-0.12021218618765742,-0.0012665550100715395,0.12201853311482921,-54.164543793901494
deltaC0.2,FGO-G,197,1555.1983230483254,-187.83265471715467,-38.54117114318185,1566.9742665607196,-0.16862034474375734,0.4067669043277882,-1.5248113809998802,1.5871174760378255,0.029978971170807316,0.01024706514834685,-0.20667457205759174,0.20908878447158097,-86.49050030175054
deltaC0.2,FGO-G,198,477.22452332876105,-128.9368191159478,1238.0240733490284,1333.0684735533364,-0.6000075410897177,-0.7265479112577857,0.2550893765705574,0.976192351310302,0.13071940291777553,-0.04874498466631161,0.06118663740711291,0.1523398845558451,-146.22344714475912
deltaC0.2,FGO-G,199,-370.88613180654187,-970.7016453630018,-87.98113241743361,1042.8609143784768,0.00757297421832598,0.9289900466152711,-0.38702135708814667,1.006412136001502,-0.1962716145718802,0.0967330292701123,-0.01723113606445253,0.2194919991446084,-42.10347267095547
deltaC0.2,FGO-G,200,-589.5313303302888,158.42875517575644,498.4007359434328,788.0673534010245,-0.6896297948990712,0.931566414939712,0.9648842931430739,1.5081137021492683,0.08972851893467575,-0.026251164154008994,-0.09004790222367945,0.12980352624076327,-1.5124735318770928
