seed,pos_rms,pos_mean,pos_std,pos_max,vel_rms,vel_mean,vel_std,vel_max,runtime_s,dv_err_R,dv_err_I,dv_err_C,dv_err_norm,t_star_error,config,mode
1,480.61403876144396,445.5784795618088,180.13792717241287,848.2383266948968,0.036044733258730886,0.03354337955848153,0.013193349972190693,0.0630816234230105,7.5783087289999,,,,,,deltaRIC0,BLS-B
2,481.34519349246654,446.0022664408242,181.03914943444715,850.1664275115475,0.03610497708196084,0.033584376596896094,0.013253641714139373,0.06323260581861918,6.4986017119999815,,,,,,deltaRIC0,BLS-B
3,487.0222000321472,451.23236423634387,183.24840187524768,858.7709558737967,0.03650908094907378,0.03395212187910423,0.013422608228376258,0.06385193662564596,5.691508540000086,,,,,,deltaRIC0,BLS-B
4,479.0967421404653,444.0826983786434,179.78944721632138,845.6751282783413,0.035933896733299914,0.03343419368721223,0.013168129211298021,0.06290585486622112,5.563335722000147,,,,,,deltaRIC0,BLS-B
5,490.6142916345817,454.8243059089257,183.94899812330144,864.674329355268,0.03676503460780936,0.034204068421757314,0.013481449221547521,0.06424704696638994,6.637067868000031,,,,,,deltaRIC0,BLS-B
6,484.33060814647746,448.7392330419613,182.23402184128247,855.1525626283913,0.03629675943593991,0.033751038786102174,0.013353730804891911,0.06354733375789794,6.661291882000114,,,,,,deltaRIC0,BLS-B
7,486.412092735165,450.87364574163627,182.50939574347467,857.4105259610909,0.03645858650088513,0.03391676158212577,0.013374670591224323,0.06373585640521653,6.43762353499983,,,,,,deltaRIC0,BLS-B
8,481.81884290344516,446.4505398923187,181.1941301661615,850.6132767334121,0.03612724277199289,0.033605435066848356,0.013260935271478827,0.06325552405279557,4.992028053000013,,,,,,deltaRIC0,BLS-B
9,482.7277346571418,447.6121356165729,180.74689998997673,852.3629776694113,0.03620682936427573,0.033700568741590345,0.013236546343632217,0.06338251156318793,4.099347755000053,,,,,,deltaRIC0,BLS-B
10,488.9995098253769,453.3693683005597,183.2395604017056,860.9694349385621,0.03665047792740942,0.034112368367458686,0.013401636343011584,0.06402118910004018,5.47132733300009,,,,,,deltaRIC0,BLS-B
11,483.41206224995824,448.2121571705416,181.0886084028679,852.8715435709646,0.03624516980304314,0.03373385965610631,0.013256660467612234,0.06340711985730074,6.633416942999929,,,,,,deltaRIC0,BLS-B
12,489.6782617935198,453.8593181791521,183.8382968129277,863.0223681728494,0.036703035478196755,0.034146864189787324,0.013457506430167136,0.06414853914469025,4.79433683100001,,,,,,deltaRIC0,BLS-B
13,487.2788056968626,451.38259895478024,183.56030028900238,860.2993214730642,0.03652088887228481,0.03395568259964177,0.013445703522469966,0.06391695914747551,4.298779183000079,,,,,,deltaRIC0,BLS-B
14,484.78098414508815,449.125473667934,182.47989338892677,855.8714719451843,0.03634482787084336,0.033799249076660515,0.013362532500057598,0.06362809094194073,5.312735552000049,,,,,,deltaRIC0,BLS-B
15,487.2551407697936,451.7518694689587,182.58647441114655,859.3207848007607,0.036514564580782324,0.03397767914275641,0.013372761367646533,0.06383783800759872,5.809074890999909,,,,,,deltaRIC0,BLS-B
16,489.4546262525976,453.9058130168913,183.12657936396056,863.5905721643763,0.03667630177108812,0.03413168820954727,0.01342307608449616,0.06413793899118285,4.722370369999908,,,,,,deltaRIC0,BLS-B
17,475.4292912550257,440.7397077980214,178.27372479804967,840.6777291433257,0.03567440322683809,0.03318902106862945,0.013082504580435143,0.06251595386576814,6.280660962999946,,,,,,deltaRIC0,BLS-B
18,486.94735968213956,451.5220034091702,182.33379154390525,858.6126250416295,0.03650299559701437,0.033970705456507634,0.013358886867656773,0.06381223324027169,6.469266456000014,,,,,,deltaRIC0,BLS-B
19,488.05685261166497,452.43552900484474,183.0343778510222,861.6447991049791,0.03657488345114791,0.03402431030880704,0.013418957018899077,0.06398826366193267,7.078713650000054,,,,,,deltaRIC0,BLS-B
20,485.2671747015046,449.64602029762267,182.49023884386392,856.1017225516302,0.03637622319500162,0.03383593517086774,0.013355115313819246,0.06365640438005558,7.537398447999976,,,,,,deltaRIC0,BLS-B
21,486.0046683008946,450.2609982488207,182.93597531988644,859.0249086057025,0.03642755914416353,0.033876724310000515,0.013391587479673632,0.06381330078928711,5.306696353999996,,,,,,deltaRIC0,BLS-B
22,481.6896996895611,446.42973377820533,180.90179541878592,850.4851958745429,0.03612503747186906,0.0336080383783155,0.013248323996099147,0.06324292822585136,4.077572351000072,,,,,,deltaRIC0,BLS-B
23,484.81228219649046,449.6723336626973,181.2118685597422,855.066020211012,0.03635077947337294,0.033840288785416235,0.013274563015083531,0.06355268877605448,3.998283317999949,,,,,,deltaRIC0,BLS-B
24,486.64572300339256,451.2986353567044,182.0813044842085,858.016515653549,0.03647869431306641,0.03395054094804289,0.013343759145061298,0.0637639061908185,4.915965648999872,,,,,,deltaRIC0,BLS-B
25,487.3915252326854,452.27620268515585,181.65003537940547,857.8209735032261,0.0365393077257304,0.034025155268295595,0.013319527695980738,0.06377915128898215,4.889995554000052,,,,,,deltaRIC0,BLS-B
26,487.0535586941612,451.73702146276474,182.08468490402015,858.1791186979177,0.03651994484293666,0.03399881127762449,0.013333686775967456,0.06380159691868215,4.6992037279999295,,,,,,deltaRIC0,BLS-B
27,485.1995539123123,449.84838866545255,181.8104351565189,856.0038728138904,0.03637298941717707,0.03384588076450701,0.013321062811084174,0.06362842647766709,6.109021358000064,,,,,,deltaRIC0,BLS-B
28,482.2454443963921,446.6149030447418,181.92250278459127,851.3902382546564,0.036168468473162824,0.03362283545656723,0.013329030255602914,0.06333864962187426,7.529922826000075,,,,,,deltaRIC0,BLS-B
29,489.5995670027364,453.7691964702318,183.85116900370045,863.4914082413441,0.03668610075409358,0.03412482583199848,0.013467228760040972,0.06415655791767617,4.7090963990001455,,,,,,deltaRIC0,BLS-B
30,479.99486839141065,444.7375501213369,180.56462885670334,848.1461064140734,0.03600029747431834,0.03348405854882253,0.013222679052992087,0.06309120517073062,6.5277917109999635,,,,,,deltaRIC0,BLS-B
31,480.88356933367396,445.23550377068466,181.69852348645819,850.5375569083832,0.03605850483841966,0.033513225926557165,0.013307120619347768,0.06322801655361342,5.037189119999994,,,,,,deltaRIC0,BLS-B
32,487.3779441461558,451.612831312575,183.25695357604596,860.98374501263,0.036532570256364354,0.033975329130153074,0.01342779579953349,0.06395924836836639,4.541764216000047,,,,,,deltaRIC0,BLS-B
33,479.8472903018339,444.5707742560723,180.58307973719167,847.8298689009987,0.03598493146080446,0.03346964864625885,0.013217333760436632,0.06303916905076098,4.1647306540000955,,,,,,deltaRIC0,BLS-B
34,483.1243915411821,447.8271271808447,181.27338983697803,853.3695125638144,0.03622133899740336,0.03370028398935492,0.01327690693654367,0.06342701996869746,4.257052202000068,,,,,,deltaRIC0,BLS-B
35,481.1979061313859,445.962004995918,180.74654897189836,849.2550177557133,0.03608840786798421,0.03356812643452334,0.013249681887571491,0.06315522967984345,8.467221965999897,,,,,,deltaRIC0,BLS-B
36,486.73244463108955,451.0912733594803,182.82542425898885,858.9417471277106,0.03648531926514351,0.03393987942031566,0.013388917312982593,0.06383552171653388,4.349535016000118,,,,,,deltaRIC0,BLS-B
37,488.02882887753793,452.2366272345646,183.4507312688797,861.2339820589388,0.03657993260091965,0.03402610676313811,0.013428161736862995,0.06400608397513992,6.91427786700001,,,,,,deltaRIC0,BLS-B
38,478.7372174376733,443.56736697831246,180.1036210404809,847.3375559780619,0.03590965134504084,0.033398061160589465,0.013193656446789812,0.06298836102777779,6.391258654000012,,,,,,deltaRIC0,BLS-B
39,486.8142654176531,451.42105716507336,182.22831328335542,858.4470471256672,0.03649225975383358,0.03396109962512948,0.01335397821599589,0.06380806230478188,6.094124049999891,,,,,,deltaRIC0,BLS-B
40,480.8637212427461,445.450224993348,181.11878826007268,849.9542992074158,0.036053335940948436,0.03352176683010788,0.013271555336838409,0.06317303652250106,7.162985691000131,,,,,,deltaRIC0,BLS-B
41,484.7639055610228,449.2500119106401,182.1276226525398,855.805894610992,0.036342530116926106,0.03380624892122684,0.013338554238587106,0.0636082778169544,8.164025880000054,,,,,,deltaRIC0,BLS-B
42,478.3500790638272,443.27120422195196,179.8038866320478,845.811466914133,0.03587144149750544,0.03336571514533195,0.01317153627901928,0.06287080783816165,5.610966289999851,,,,,,deltaRIC0,BLS-B
43,483.8567860298417,448.4807783376933,181.61051965330842,854.0659201968896,0.03627527404354875,0.033747088043605475,0.013305245413433833,0.06348021129784093,5.21254229200008,,,,,,deltaRIC0,BLS-B
44,491.1644989446242,455.49945220226755,183.7466028718843,864.603413669565,0.03681143340649961,0.034268275662435635,0.013444958630076798,0.06425912816138228,4.944261666999864,,,,,,deltaRIC0,BLS-B
45,479.5763292918849,444.4036861295565,180.27428926927178,847.1434262134921,0.03597162322783177,0.03346515093700071,0.013192473248365758,0.06301589712536075,5.275887459999922,,,,,,deltaRIC0,BLS-B
46,488.3162433836732,452.7472256580046,182.95546783663676,861.2014108572673,0.036599552484084724,0.03405484592543089,0.013408755014185163,0.06398259517890385,5.685443632999977,,,,,,deltaRIC0,BLS-B
47,481.2759749516993,445.93759002175835,181.01444658174353,849.2754597914659,0.036089113769875704,0.03356993774425102,0.013247015231445263,0.06316497197551396,5.474955206999994,,,,,,deltaRIC0,BLS-B
48,479.16129574884405,444.0065716418926,180.14913733494282,846.3094972118706,0.03593305864617183,0.033422370629457146,0.013195826809125073,0.06292015795410007,4.863917555000171,,,,,,deltaRIC0,BLS-B
49,486.2597798795413,450.6004804944083,182.7779541047233,859.0994308839162,0.036453588142518034,0.033908147557953655,0.013382885251408719,0.06381706010026285,4.16904803400007,,,,,,deltaRIC0,BLS-B
50,482.602730008173,447.0896897838021,181.70361664085027,853.1725037856447,0.03617059639316435,0.03362919655932225,0.01331875302765474,0.06338805877281442,4.2638681000000815,,,,,,deltaRIC0,BLS-B
51,488.6207447872845,452.90610423907833,183.37473375430366,862.1580372420568,0.036614480398319466,0.034064178011532754,0.013425794249783855,0.06403357784753869,6.439294408000023,,,,,,deltaRIC0,BLS-B
52,484.14373224944904,448.81781388553753,181.54262148441416,854.3981082117834,0.0362936712043189,0.03377119577836073,0.01329424331005106,0.06350779903869537,7.0955785189999006,,,,,,deltaRIC0,BLS-B
53,482.25530378892205,446.95976749187196,181.09981854258507,851.5681083717446,0.03616057053900108,0.03363403046251769,0.01327926415704218,0.06330228757755489,3.3959390630000144,,,,,,deltaRIC0,BLS-B
54,482.49029770418804,447.12087504843737,181.32790870297828,851.8206809611144,0.03618626207349795,0.03366254077659175,0.01327700686586302,0.06334492736924242,4.273333649000051,,,,,,deltaRIC0,BLS-B
55,485.5974976613396,449.9586150183665,182.5983967774861,857.0185266849226,0.03640733066086864,0.03386811215368995,0.013358319692046036,0.0637122596175304,4.878457420999894,,,,,,deltaRIC0,BLS-B
56,484.21376809609194,448.7473558521391,181.90322655062923,854.4987699140634,0.03630643802383195,0.033775572446682216,0.013317963353203498,0.06352390387472917,6.673597329999893,,,,,,deltaRIC0,BLS-B
57,484.91464726519024,449.4958057826022,181.9223342972849,855.5078016511117,0.0363553065412468,0.033824969585150945,0.013325905082643934,0.06359807090338775,5.554885694999939,,,,,,deltaRIC0,BLS-B
58,485.98267422618403,450.42384956481067,182.47606799591594,857.5636061021054,0.03641878961080284,0.03386982809697143,0.013385177675231869,0.06371792494889345,5.105620022000039,,,,,,deltaRIC0,BLS-B
59,487.11285605781353,451.36082532168376,183.17297808827757,860.432496785229,0.03651177604266885,0.03395396875837426,0.013425267049312338,0.06391366328119477,4.624546298000041,,,,,,deltaRIC0,BLS-B
60,482.0224398786559,447.17826546421406,179.9367428931327,850.6134886176067,0.03614371211225858,0.03365600938037758,0.013177289472488809,0.06325113437028043,6.841261368999994,,,,,,deltaRIC0,BLS-B
61,484.0275730814019,448.6632293637702,181.6149721800071,854.0908915500673,0.036291760619727866,0.03376803564472395,0.013297054469929907,0.06349883778331858,4.914547510000148,,,,,,deltaRIC0,BLS-B
62,486.10234875188064,450.56765661511326,182.4397990419316,857.0189014548641,0.036447232564174405,0.03391149232858628,0.013357074890680566,0.06373545214376508,5.556800810000141,,,,,,deltaRIC0,BLS-B
63,479.51104826342987,444.3218081168223,180.30245766070718,847.6536567912101,0.03595854992304369,0.03344601345541052,0.01320535862854637,0.06301042779874054,4.952789332000066,,,,,,deltaRIC0,BLS-B
64,484.41175072718414,449.1038887868278,181.5501069102527,855.1612368300881,0.036322948617281164,0.03380049110645168,0.013299751772733513,0.06356843268019832,4.360925121000037,,,,,,deltaRIC0,BLS-B
65,481.8061870003905,446.76254100003587,180.389672074225,850.9809730578861,0.036135450251259776,0.03362859897409487,0.013224526301564678,0.06326548554020286,4.441881831000046,,,,,,deltaRIC0,BLS-B
66,489.00577259086947,453.3551818048684,183.29136574827493,862.0729447354852,0.0366513730132059,0.03410857649486513,0.013413730027367171,0.06406536875906918,4.892519042999993,,,,,,deltaRIC0,BLS-B
67,488.8073011815553,453.3673151306152,182.73110096437654,861.3878310861242,0.036637270766974754,0.03410541755295419,0.013383202262211666,0.06399566925686624,6.079573868999887,,,,,,deltaRIC0,BLS-B
68,481.1434097627709,445.9869982669081,180.53968576193617,848.8976727389366,0.03608412382854701,0.03357817681786713,0.013212495376043278,0.06314412333829765,6.5230928789999325,,,,,,deltaRIC0,BLS-B
69,488.32448705534784,452.83842726968595,182.7516441671209,861.152333839111,0.03659990373616696,0.034062506661511525,0.01339024247096262,0.0639687547973202,4.432477542000015,,,,,,deltaRIC0,BLS-B
70,485.1278309303274,449.28603880539055,183.00564930549388,857.9764636147258,0.03636126626127434,0.03380114627565443,0.013402395105916707,0.06372745450672591,4.439362488999905,,,,,,deltaRIC0,BLS-B
71,482.91170145550825,446.9705638352442,182.81418562972007,853.7550846800868,0.03620817165644143,0.033642055199148334,0.01338819691667949,0.0634689939425425,6.350355002000015,,,,,,deltaRIC0,BLS-B
72,485.91556862073384,450.0411506470994,183.24001351300402,858.1826213676652,0.03642883272037552,0.033871368460695085,0.01340858873889913,0.06379211382384051,3.4706083749999834,,,,,,deltaRIC0,BLS-B
73,486.9376872135774,451.5679199811144,182.19419549710608,858.7429362908651,0.03650143583774974,0.033968332182234884,0.0133606596758808,0.06380015216778999,4.882008788000121,,,,,,deltaRIC0,BLS-B
74,480.77687690356316,445.18927726820044,181.52937164701794,850.2349023045957,0.036053126467862975,0.033513758835099945,0.01329119621593488,0.0632122033611189,9.706459597000048,,,,,,deltaRIC0,BLS-B
75,480.27541362680137,444.77339124597944,181.22114494160462,849.6362553060465,0.03601393203769226,0.033479989819434064,0.013270025716105749,0.06316498667929285,4.2401153729999805,,,,,,deltaRIC0,BLS-B
76,485.10849115327545,449.5875517526962,182.21218811601022,856.418013491229,0.036365394866311594,0.033824342276764695,0.013354992075139186,0.06364426660616324,6.796264994000012,,,,,,deltaRIC0,BLS-B
77,480.3214816954571,445.009781276151,180.76233110543708,849.579595478757,0.036016400553378694,0.03349039148990606,0.013250463639972945,0.06314965532243659,5.998649786999977,,,,,,deltaRIC0,BLS-B
78,480.0993379863756,444.6917641129664,180.9547160619307,849.4850153664839,0.03599775700154841,0.03347005062512913,0.013251196938156965,0.06312857142120165,4.901631471999963,,,,,,deltaRIC0,BLS-B
79,479.2117268876338,444.0443376991312,180.1901921414372,846.7319033096685,0.03593474544670341,0.03342278516439264,0.013199369764281422,0.06296843996466774,6.185495043999936,,,,,,deltaRIC0,BLS-B
80,477.61584288672356,442.6291947352448,179.4332448138421,844.4233301151154,0.03582073038363187,0.03331767254537975,0.013155129090043016,0.06278146464238453,6.280176090000168,,,,,,deltaRIC0,BLS-B
81,482.7493434203247,447.2109362637508,181.7946838025085,852.8353939486872,0.03619319705126705,0.03365306069256366,0.013319873078016659,0.06338657211314534,5.225017593000075,,,,,,deltaRIC0,BLS-B
82,486.87772366348304,451.23895787642937,182.84780746382756,859.3403493805425,0.036496108986380886,0.03394684782890627,0.013400652731373681,0.06387199313473828,5.907346491999988,,,,,,deltaRIC0,BLS-B
83,484.833964535363,449.7161784093125,181.16106657889023,855.4286537072227,0.036347115289626225,0.033833264646923704,0.013282431750572013,0.06356450767185735,5.734801773000072,,,,,,deltaRIC0,BLS-B
84,491.3001148579795,455.54963711687725,183.98459441525347,865.0567222103091,0.03682219821532118,0.034271113409836115,0.013467184823063564,0.0642950208428087,7.2793573720000495,,,,,,deltaRIC0,BLS-B
85,484.62622999658316,449.31319964950217,181.60460187293623,855.1598108649142,0.036335986249607696,0.033812240820433735,0.01330549763942238,0.06357320557303557,5.125832935000062,,,,,,deltaRIC0,BLS-B
86,483.46109056872257,448.54015395640107,180.40608743239952,852.2887600039136,0.036258137958591063,0.03375897271260303,0.013228164257142638,0.06338378288458127,5.197074680000014,,,,,,deltaRIC0,BLS-B
87,487.0606732828867,451.44053674763774,182.83747219807978,859.102556253615,0.036512605230794845,0.033966170155611486,0.013396627400204687,0.06384888482672584,6.827645992000043,,,,,,deltaRIC0,BLS-B
88,483.595053777831,448.0401902288237,182.0004504887359,853.990703451018,0.036258457160291795,0.03372284424677614,0.01332086677181303,0.0635002774804088,5.7412066270001105,,,,,,deltaRIC0,BLS-B
89,487.09534144667424,451.9156854033111,181.75281275817366,858.2425138847473,0.036511371340636145,0.033994361564400354,0.013321547170004182,0.06380120623166405,4.1599507280000125,,,,,,deltaRIC0,BLS-B
90,481.1780899162357,446.20286311207263,180.09819312260174,850.1191742615488,0.036084971731399906,0.033579642146731904,0.013211086940647881,0.06319140593743473,5.051679466999985,,,,,,deltaRIC0,BLS-B
91,487.2154514346527,451.63035666365823,182.78106317813467,858.966887192827,0.03652244864359694,0.03398596336024728,0.013373240048698205,0.06384755471491955,6.422096796999995,,,,,,deltaRIC0,BLS-B
92,484.6966100565984,449.15589026909157,182.18065220252657,854.8667379616895,0.0363354629358158,0.033795828596117544,0.013345704787004972,0.06355384497062838,6.296204328000158,,,,,,deltaRIC0,BLS-B
93,480.83717046438795,445.67717574302156,180.4888903005467,849.6773159056162,0.03606143436403633,0.0335451689047953,0.01323437537401954,0.06316290926674906,6.266065772000047,,,,,,deltaRIC0,BLS-B
94,487.4435139427243,451.877736521635,182.77770794304948,860.2146910253039,0.03653512540323802,0.033990534866011377,0.013396228116630186,0.06390519484630972,6.289272715999914,,,,,,deltaRIC0,BLS-B
95,484.1318697402599,448.91026248151604,181.28222068635515,854.4914162766103,0.036304491001488956,0.033789741476209785,0.013276650098880413,0.0635013805145581,3.4708322459998726,,,,,,deltaRIC0,BLS-B
96,485.0851939121657,449.763654896759,181.71488680543604,855.139500098472,0.03636250010287534,0.03383849757186224,0.013311179354613267,0.06356557326547703,6.616183929000044,,,,,,deltaRIC0,BLS-B
97,483.30885776927056,448.1717765727339,180.91299202068524,852.7949418902699,0.03624665458942608,0.033738276911162025,0.013249476970466204,0.06340551464360332,6.901889670000173,,,,,,deltaRIC0,BLS-B
98,479.5877564918648,444.5882878562226,179.84902134282726,847.3290503634092,0.03596834044440121,0.03347120294262403,0.013168146714630152,0.06299140654367164,4.8000212190002,,,,,,deltaRIC0,BLS-B
99,482.9473036677338,447.4485464798288,181.73578726553228,853.6405399232026,0.03620453183888151,0.03366036185355461,0.013332222828934074,0.06342972773558696,7.268641140999989,,,,,,deltaRIC0,BLS-B
100,484.2271556422616,448.8506123565367,181.68397300961098,854.6917381116554,0.03630772137706696,0.03378141733440107,0.013306632724838842,0.06354849574715801,5.035053460999961,,,,,,deltaRIC0,BLS-B
101,482.2829621251244,447.0392963844462,180.97713403710273,851.6567783022558,0.03616805046252595,0.033647565674476194,0.013265338233216482,0.0633204442296227,4.2420385759999135,,,,,,deltaRIC0,BLS-B
102,486.5016026794904,451.05858621590903,182.29086979500133,857.3198904727313,0.03647084999747753,0.03394120464484383,0.013346067840204423,0.06374126586514485,5.56945858999984,,,,,,deltaRIC0,BLS-B
103,481.91781136293883,446.7135876684349,180.8085935492022,850.8997909871626,0.036134505515321345,0.03361503251169815,0.01325639762809887,0.0632610043244399,5.637276870000051,,,,,,deltaRIC0,BLS-B
104,490.16583880577326,454.2699209816731,184.1232967972053,863.7599658202604,0.03673578135460636,0.03417148202041223,0.013484340853823298,0.06420052917318565,5.280408120999937,,,,,,deltaRIC0,BLS-B
105,486.8052259197985,451.45297326772715,182.12506941811944,858.6093372029554,0.036481325867550624,0.03395193470319399,0.013347406750544093,0.06379285417840223,6.542893952999975,,,,,,deltaRIC0,BLS-B
106,480.73482685864076,445.2858086492905,181.18091061244473,850.147522882525,0.036055618446978306,0.0335234415173282,0.013273525922992663,0.0631969723812242,5.618327061999935,,,,,,deltaRIC0,BLS-B
107,485.2591875902478,450.0150791943161,181.55689917621052,856.1304737065092,0.03638322576071549,0.033863749121812295,0.01330359395690307,0.06362646730686039,5.174165226000014,,,,,,deltaRIC0,BLS-B
108,488.08078650522475,452.65523294549496,182.55435969217083,860.4228738849176,0.03657657035334954,0.034042217346963645,0.013378076727079118,0.06392575884904134,7.269981599999937,,,,,,deltaRIC0,BLS-B
109,481.95021148472244,446.5552552262543,181.28543896293374,851.4938852946399,0.03614079243550082,0.033612794520610896,0.013279191330090243,0.0633018914094199,5.527843215000075,,,,,,deltaRIC0,BLS-B
110,482.9904567176787,447.42854756180816,181.89963195972268,853.4787513675169,0.036222368717860186,0.03368717829077701,0.013312926588020305,0.06345882407857961,4.332736185000158,,,,,,deltaRIC0,BLS-B
111,482.87576044109926,447.3075009999648,181.89282440694686,852.6268865010493,0.03621132086829755,0.03367511768284222,0.013313384546144856,0.06340394038338316,4.800237286000083,,,,,,deltaRIC0,BLS-B
112,485.4573346728433,450.2366416682846,181.53729723372436,855.8874679834139,0.03640236319744081,0.033892318342266255,0.0132831774717074,0.06363133954571357,5.768136335000008,,,,,,deltaRIC0,BLS-B
113,484.73445902157897,449.45337753996137,181.5465702811917,855.0661708092798,0.036345113002115716,0.03382816263668893,0.013289945513894456,0.06356794734533706,4.086763612000141,,,,,,deltaRIC0,BLS-B
114,482.4251094042641,447.1836114017837,180.99945822398118,851.2522812351425,0.03617106654025294,0.03365191868008975,0.013262519512069816,0.06328562125639317,3.2061402589999943,,,,,,deltaRIC0,BLS-B
115,482.83689364238523,447.5364382526785,181.22528051663897,853.1108249774593,0.03620083799132556,0.03367448212636974,0.013286456442370372,0.06340078599836273,4.909714320000148,,,,,,deltaRIC0,BLS-B
116,485.2690786861347,449.50398068801894,182.84487981487231,857.278693928162,0.03637777836093278,0.033821487517407295,0.013395885211027006,0.06370802224973961,4.365033785999913,,,,,,deltaRIC0,BLS-B
117,483.0351927248258,447.77699966137027,181.1594766634381,852.8610628235372,0.03622420250954577,0.033703940303945475,0.013275438050801273,0.06339269172098567,5.958751475000099,,,,,,deltaRIC0,BLS-B
118,487.4037092148652,451.7387343002224,183.01500400033314,860.3585834742655,0.0365347161708997,0.033987094508155034,0.01340383872560165,0.06393251987338175,4.921415139999908,,,,,,deltaRIC0,BLS-B
119,484.22839278580307,448.9437385158322,181.45703631259383,854.362271413493,0.036316982479145325,0.03379643658407648,0.013293761341661185,0.06351772027768769,5.832238405999988,,,,,,deltaRIC0,BLS-B
120,485.29684644797743,449.5500203948876,182.80538377002998,857.3696348999578,0.036374256619941245,0.03381876640751649,0.013393191678131596,0.06371863428586043,3.8857645549999233,,,,,,deltaRIC0,BLS-B
121,486.8544698071816,451.16938514750063,182.95753790663608,858.716950544669,0.03649445593182476,0.03394306888880883,0.013405722217377085,0.0638232538829617,6.070878536000009,,,,,,deltaRIC0,BLS-B
122,482.90242668127917,447.5758626424851,181.30251204686448,852.4929458614364,0.036203336918147346,0.033681906534723006,0.01327444071119662,0.06334941226904432,3.4674048909998874,,,,,,deltaRIC0,BLS-B
123,479.95547975643854,444.716860254569,180.5108771059275,847.843931841256,0.03599673103810593,0.033478827117504,0.013226215644167358,0.0630457185374055,6.632238663999942,,,,,,deltaRIC0,BLS-B
124,479.6356840344583,444.6937476213536,179.71605444611382,847.0518637334696,0.03596472543222765,0.0334622370482913,0.013181053339528048,0.0629596782167787,6.8165696070000195,,,,,,deltaRIC0,BLS-B
125,482.4163335363022,447.2573807449731,180.79367862775229,852.4211127170779,0.036172503019112526,0.03365964982455341,0.013246808987682539,0.06334274237434578,6.049004374000106,,,,,,deltaRIC0,BLS-B
126,479.0404169988021,443.9666487441351,179.9259178697942,846.3989103514833,0.035926622101779486,0.03342203255451509,0.01317914699701781,0.06293202922093215,6.744963114000029,,,,,,deltaRIC0,BLS-B
127,489.8307042090581,454.3800191135209,182.95605214460141,863.5380342164508,0.036702906057607794,0.034167604659805575,0.013404406174270292,0.0641277573662247,5.894637273999933,,,,,,deltaRIC0,BLS-B
128,480.5655153128899,445.48881590148716,180.23021226929276,847.821292807838,0.03604899031558751,0.03355060417681007,0.013186609198134937,0.0630672748409996,5.491952581000078,,,,,,deltaRIC0,BLS-B
129,488.6627571061632,452.9765528414971,183.3126639335959,861.0699155268533,0.03662895837488222,0.03408454586958858,0.013413587308873248,0.06402008994029541,5.119460747999938,,,,,,deltaRIC0,BLS-B
130,488.1347607040036,452.28182424313985,183.62106651158624,862.0284210173687,0.03658625558250672,0.0340248458541771,0.013448567289789312,0.06402698337097511,4.728645271999994,,,,,,deltaRIC0,BLS-B
131,491.325717799004,455.8381023674878,183.33735407906983,864.2455198332395,0.03681573546683394,0.03427637041980039,0.013436100952602571,0.06422700878287722,4.545700976000035,,,,,,deltaRIC0,BLS-B
132,485.96024627651394,450.44650268368156,182.36038270734724,858.1572114442163,0.03643154742963022,0.03389769814130803,0.013349296192614735,0.06375084159717066,3.9885777310000776,,,,,,deltaRIC0,BLS-B
133,486.22300299138243,450.84658402069135,182.07187128942127,857.1064615350381,0.03646047607162671,0.033940313703297066,0.013319963254132849,0.06373094720673624,5.711430643999847,,,,,,deltaRIC0,BLS-B
134,479.6043126633866,444.46358215706397,180.20105677112542,847.2724295819347,0.03597057623669748,0.03345904284046955,0.013205105338454835,0.0630170492896863,7.473360758999888,,,,,,deltaRIC0,BLS-B
135,484.3351882333652,449.07786677927675,181.4101544291925,855.181733299637,0.036315456691397886,0.033791851656638304,0.013301246419811449,0.06354581657106785,4.54395829300006,,,,,,deltaRIC0,BLS-B
136,491.15268470749214,455.49425420065734,183.72790774829008,864.6631090252065,0.036812988201700286,0.034272673489193696,0.013438004027445608,0.06426388602676658,4.901112136999927,,,,,,deltaRIC0,BLS-B
137,481.72617908748396,446.3986062356533,181.07566365774528,852.384915890167,0.03612028734281229,0.03359044860986838,0.013279944273795632,0.06333137565589246,6.372061465999877,,,,,,deltaRIC0,BLS-B
138,488.13807355152466,452.22491344987696,183.76998260283162,862.1320958056142,0.03658445298693056,0.03401892551373921,0.013458636901395168,0.06404477618729829,5.711459529999956,,,,,,deltaRIC0,BLS-B
139,487.4639171246819,451.59927801084984,183.51883445199275,862.0560860192984,0.03653193443766029,0.03396234459651618,0.013458877489040379,0.06400574414382768,4.362979699999869,,,,,,deltaRIC0,BLS-B
140,480.1013341369503,445.3351637029088,179.37079753901696,847.326010750847,0.03600641790533508,0.03351900377779847,0.013150608963753955,0.06299877578746191,4.883208730999968,,,,,,deltaRIC0,BLS-B
141,487.3164035715987,451.78607170962516,182.6653294939756,860.0653724541647,0.03652127902366412,0.03397783918222345,0.013390678326033011,0.06389222542627257,5.036739485999988,,,,,,deltaRIC0,BLS-B
142,477.9927456504289,442.7862125858757,180.04842359290802,845.2026497852793,0.03585826017187766,0.03334996395847857,0.013175535151266066,0.06286717742419376,6.797701446000019,,,,,,deltaRIC0,BLS-B
143,482.7779217516728,446.98286297609735,182.43037558629257,854.2428884662376,0.036193044164917226,0.03362965675187833,0.013378439097088008,0.06347974302580002,4.126366937000057,,,,,,deltaRIC0,BLS-B
144,485.614523853944,449.84985127535566,182.91139134956325,857.5241237547266,0.03639637118287875,0.033841339336925604,0.013396252728466212,0.06373901572365862,3.7111382230000345,,,,,,deltaRIC0,BLS-B
145,486.77458215304813,451.5954702050959,181.68936435717112,857.8905782986475,0.036488330092608566,0.03397259116953305,0.013313950659925446,0.06375381107716245,8.27570575100026,,,,,,deltaRIC0,BLS-B
146,481.57308845509306,446.1655060609707,181.24287772360825,850.801474918576,0.036115760151496194,0.033590312127973164,0.013267971301813212,0.0632566354787718,4.078987846000018,,,,,,deltaRIC0,BLS-B
147,481.76251868878217,446.556150542465,180.7836519878235,849.8248927862608,0.036123508684207266,0.03360955281727088,0.013240311139889294,0.06319680883852308,5.531322831000125,,,,,,deltaRIC0,BLS-B
148,486.1978828846778,450.94099847569294,181.77072705825861,856.7838059707029,0.03645423144978841,0.03394099261715935,0.013301128176086327,0.06370183135373371,6.456751633999829,,,,,,deltaRIC0,BLS-B
149,485.6555973957223,449.9928863286649,182.66844701642677,857.7677322926481,0.036401179615293176,0.03384982109935329,0.013387885902061337,0.06372107944176109,4.166352092999659,,,,,,deltaRIC0,BLS-B
150,484.69060945609596,449.10935103213967,182.27939464023905,855.7870662417167,0.03633534166119343,0.03378885743449473,0.013363014888379373,0.06360814838565577,6.575082274000124,,,,,,deltaRIC0,BLS-B
151,483.17200006704303,447.7987370457502,181.47030817469195,853.2959203148209,0.03622583997641949,0.03369489364849933,0.013302842704229505,0.06342431757656304,5.118725994000215,,,,,,deltaRIC0,BLS-B
152,487.8186526059075,452.1775955706353,183.03677197274337,860.1617886008612,0.03656588086278801,0.03402136021973293,0.013401891361698911,0.06392599616765801,5.206474515000082,,,,,,deltaRIC0,BLS-B
153,486.1910197074434,450.5730288354072,182.66267634700574,858.7091485860144,0.036439600439437586,0.03389249878319259,0.01338443149398392,0.06378194596977656,4.90364352000006,,,,,,deltaRIC0,BLS-B
154,489.39856178761113,453.54826424465415,183.86115489804692,862.7396386214509,0.036679928101257926,0.03412036731669018,0.013461710875204222,0.06412485270549419,4.719074229999933,,,,,,deltaRIC0,BLS-B
155,485.5459104338457,450.1077605807881,182.09292958261724,857.4398286827275,0.03639372125078412,0.033854055808827895,0.01335686534230775,0.06370082926835482,6.346137247000115,,,,,,deltaRIC0,BLS-B
156,483.54367069774605,448.24342745550575,181.36237541119428,854.4826117287078,0.036257149364686825,0.0337340493962122,0.0132888972976363,0.06348778908540928,6.443590969999605,,,,,,deltaRIC0,BLS-B
157,485.8143594988611,450.1856328942783,182.61568341976206,857.44877658028,0.036417824230228275,0.03387792955083181,0.013362028701236877,0.0637214054471766,6.4542184000001726,,,,,,deltaRIC0,BLS-B
158,486.5791578215518,450.76646541261323,183.21809541022415,859.6565183237902,0.036475266444674345,0.03391597715841143,0.013422054820335814,0.0638805475160457,4.766075799000191,,,,,,deltaRIC0,BLS-B
159,483.22264360571177,447.64051940045573,181.9947490566224,853.7927177691164,0.036231183731462356,0.03369506453049937,0.013316955390346026,0.06347252402927128,6.030475491999823,,,,,,deltaRIC0,BLS-B
160,484.59734974248744,448.8772328821796,182.60290572025463,856.2401016623037,0.03632992063286739,0.03377728934085156,0.013377513146128452,0.06362580016654244,5.586630146000061,,,,,,deltaRIC0,BLS-B
161,482.20264511200554,447.063144755201,180.70399983012288,851.0315161220217,0.036152696529204865,0.03363714331883476,0.013249907761224282,0.06328845733249143,6.086006404999807,,,,,,deltaRIC0,BLS-B
162,485.1479888718612,449.4786902820999,182.5855363622752,856.6603786454818,0.03636434915202188,0.03381343404446753,0.013379744667615994,0.06367291706731922,4.721399030000157,,,,,,deltaRIC0,BLS-B
163,484.1165629987875,448.93165404134095,181.18834556743633,854.6386503292676,0.03629180529505687,0.03377438056167289,0.013281052264395719,0.06351350368368056,4.084098239000014,,,,,,deltaRIC0,BLS-B
164,485.8140309685225,450.1854040240825,182.61537363967514,857.8965554638048,0.03641306144091579,0.03386467638528122,0.013382628173123717,0.06373847028401895,5.364904404000299,,,,,,deltaRIC0,BLS-B
165,482.08831033758406,446.7711585916637,181.12059743389003,851.5501152583131,0.036145862290526826,0.033627346315872435,0.013256128412100927,0.06331098395377159,5.615364859000238,,,,,,deltaRIC0,BLS-B
166,485.79456245381346,450.42762319131896,181.96514274967976,857.0292851900696,0.0364192331003769,0.03389158980655858,0.013331191994850392,0.06368743633618507,3.3791595899997446,,,,,,deltaRIC0,BLS-B
167,487.80492796129425,452.20263890875515,182.93829863448897,860.9531361442125,0.03656648778984186,0.034022848433067805,0.013399769169099485,0.06396835945516141,5.281611984999927,,,,,,deltaRIC0,BLS-B
168,481.6366892043816,446.29654100126635,181.08919867861525,851.2443807716821,0.03611434736524859,0.03358922728155685,0.01326687213497422,0.06327291118243342,6.923839344000044,,,,,,deltaRIC0,BLS-B
169,480.12898837114403,444.850033352373,180.64410674220954,848.5275869853265,0.03600468423659695,0.0334849821022103,0.013232281004864916,0.06308966831280353,5.122016755999994,,,,,,deltaRIC0,BLS-B
170,487.83446671557965,452.4989565685776,182.28318962543537,859.2392658544521,0.036560214441353274,0.034030681815354666,0.013362708377414581,0.06384691799022103,5.902003366999907,,,,,,deltaRIC0,BLS-B
171,485.92282893816804,450.3539463735803,182.48922891232377,858.1825423730535,0.03642961136030675,0.03388669509341762,0.013371928787902559,0.06377311164964222,4.17004701299993,,,,,,deltaRIC0,BLS-B
172,487.8563723643655,452.0650385743155,183.4149420176042,861.0199053055757,0.03656934917658428,0.0340193314327736,0.013416496862670508,0.06397356794163139,3.985770915000103,,,,,,deltaRIC0,BLS-B
173,488.62939468664166,452.8768777763432,183.4699401193148,862.4961609323063,0.03661961235477042,0.03405922726424934,0.013452324972876196,0.06407180635001025,7.194753218000187,,,,,,deltaRIC0,BLS-B
174,487.79714614480304,451.98433296596255,183.45631234800373,861.227986858013,0.03656084137191901,0.03400004149958255,0.01344218359677062,0.06398388249801124,5.90511024899979,,,,,,deltaRIC0,BLS-B
175,487.935251237495,452.49932149055627,182.55183770859045,859.2270461462014,0.03657127113359636,0.034037952396365215,0.013374440885128385,0.06387237645168703,4.428568910999729,,,,,,deltaRIC0,BLS-B
176,483.9648039564366,448.6132212547521,181.571223446963,854.47307135194,0.03628284634073433,0.03375318237657876,0.013310432676616918,0.06349351098233327,4.444089802000235,,,,,,deltaRIC0,BLS-B
177,486.37880674969233,451.07986825527007,181.91013196098427,857.6475760893193,0.03646477678091868,0.03393957316975087,0.013333616116318673,0.06374306804720078,8.995823980000296,,,,,,deltaRIC0,BLS-B
178,484.5219486740605,448.7870826464205,182.62440471257904,856.344814507102,0.03632263032017504,0.03376429884722597,0.01339050397600158,0.06364059545560911,7.277136544999848,,,,,,deltaRIC0,BLS-B
179,479.6380115242718,444.6981437213808,179.71138825827248,846.149273380563,0.035976027178548184,0.03348372519348122,0.013157305146536232,0.06293623444412286,5.239526043999831,,,,,,deltaRIC0,BLS-B
180,482.9457052928637,447.5328277285912,181.52388924346207,852.0287865914322,0.03620505809553226,0.03367124638760684,0.013306141379300732,0.0633468589160045,5.259837910999977,,,,,,deltaRIC0,BLS-B
181,484.0585529184133,448.4760837664784,182.1589551544227,854.3873459099685,0.036291709977123,0.03375702791668625,0.013324836933173878,0.06350740780981508,5.440322579000167,,,,,,deltaRIC0,BLS-B
182,478.77940084405907,443.5389479037562,180.28565213301158,847.4987519651229,0.03591472888613423,0.033397126292972895,0.013209833698262183,0.06300308021622654,6.826346898999873,,,,,,deltaRIC0,BLS-B
183,487.24951488011897,451.6926038396156,182.71803793686962,859.7842374373031,0.036526615081007685,0.033988218781062986,0.013378886103360597,0.0638907887733681,6.27812153099967,,,,,,deltaRIC0,BLS-B
184,480.09354969715866,444.82661670233034,180.60757883869718,848.5253523307977,0.036005534334010575,0.03348902869287436,0.01322435101944335,0.06308452720564778,5.117531513999893,,,,,,deltaRIC0,BLS-B
185,481.92809355877074,446.7066922496781,180.8530300010001,851.3646238455243,0.03614093242446524,0.033625011644429104,0.01324860703703489,0.06329780208548279,5.208098453000275,,,,,,deltaRIC0,BLS-B
186,490.0514104836526,454.4998314046862,183.24925148586348,863.5499951684283,0.036728109471255946,0.03419022818555977,0.013415749026868196,0.06416956612659841,7.101190475999829,,,,,,deltaRIC0,BLS-B
187,489.9632626074022,454.106248803713,183.98780802626703,863.8633709740196,0.03671596559382463,0.03415701318497163,0.013467018221142662,0.06418547726799835,5.6815902129997085,,,,,,deltaRIC0,BLS-B
188,479.358062026267,444.08793238451045,180.4717704795654,847.3723353360881,0.03595560419244027,0.0334398693308917,0.013212895669622058,0.0630272654332617,6.175596987000063,,,,,,deltaRIC0,BLS-B
189,482.79570706779066,447.6233397892179,180.90063692268828,852.2924143458985,0.03620124051838218,0.03368447004804431,0.013262212962102565,0.06334291908603921,4.818091693000042,,,,,,deltaRIC0,BLS-B
190,485.33960042114285,449.8900237366911,182.08101021016498,856.1358879693578,0.036377578273357476,0.03384404886445734,0.013338236671107376,0.06363384165201334,6.188923688000159,,,,,,deltaRIC0,BLS-B
191,490.6668560310362,454.8778349995821,183.95683959416849,865.2896535856161,0.0367728850353605,0.03421526848071852,0.013474437896112397,0.06428505014835659,3.3764270940000642,,,,,,deltaRIC0,BLS-B
192,488.48487797151927,453.04971692546127,182.6565903563554,860.1978149642416,0.03660928266013928,0.03408095283423176,0.013368927810443328,0.06394940736362804,5.293190603999847,,,,,,deltaRIC0,BLS-B
193,486.90708491259375,451.659508323095,181.88512275450074,858.4518292529119,0.03649863194441029,0.03397588244096182,0.013333774640793569,0.06380050930427356,4.612593604999802,,,,,,deltaRIC0,BLS-B
194,481.30170659348835,446.0276730443992,180.86085161914653,850.7388627972074,0.03609381173250478,0.03357954931472659,0.013235449112189008,0.0632397137088208,6.638429768000151,,,,,,deltaRIC0,BLS-B
195,482.43982114975324,446.94660615008075,181.6229949151002,852.7397750343966,0.03617588451471794,0.03364090283254779,0.013303543777253027,0.06339585385047813,4.945056415999716,,,,,,deltaRIC0,BLS-B
196,487.05146580512945,451.50346847735,182.65746164843054,859.1884116955372,0.03650974831564121,0.03397025796359642,0.013378463886342853,0.06385756425883203,6.357795799000087,,,,,,deltaRIC0,BLS-B
197,488.7530176327929,453.15996063767693,183.09986979793356,862.5551905391114,0.03662549505974163,0.034077716881974654,0.013421479072111926,0.06406973017764238,4.073439236000013,,,,,,deltaRIC0,BLS-B
198,486.81157920085934,451.4245373416296,182.21251529445018,858.7596556873871,0.03649001045394905,0.0339611967594896,0.013347583211673331,0.06380607675214846,4.561261872999694,,,,,,deltaRIC0,BLS-B
199,490.32821061624213,454.4088271965123,184.21284399307274,864.7747656405792,0.03674304833815861,0.034181208853807855,0.013479486728827188,0.06423717265667049,4.943046723999942,,,,,,deltaRIC0,BLS-B
200,489.69597420242417,453.89041575244573,183.8086984833231,862.9874633285552,0.03669964862984194,0.03414434223189033,0.013454668450222394,0.06413548410937628,4.686484347999794,,,,,,deltaRIC0,BLS-B
1,245.31597283488296,232.87019922174025,77.14529695549845,402.8584383523881,0.018474253876918638,0.01770671070637211,0.005269767762405721,0.030165462990473426,24.838985074999982,-0.002240413261460497,-0.0016285492805540815,0.005623019462042448,0.006268171361077281,9986.792729505218,deltaRIC0,BLS-G
2,319.11983761112805,294.1656421701423,123.70952155586295,529.3668665962064,0.024018416195915795,0.022320022294720455,0.008871353973515664,0.04079091886071426,10.604123418999734,-0.0031250016079757727,-0.0011710838357845562,0.00481979361451526,0.005862378603161784,-2916.787461850912,deltaRIC0,BLS-G
3,175.66519848079392,166.21226314890166,56.8484435689931,291.0806163797271,0.013362650411819355,0.012697344601258403,0.004163876331663814,0.0234506061279954,18.355086740999923,-0.001165682037816383,-0.007463841533959807,0.012267524920745121,0.014406939742306616,60965.81546219395,deltaRIC0,BLS-G
4,153.81294415946564,139.32365313080797,65.1716308625862,265.5607872271043,0.011480844453819297,0.010627518651285538,0.0043434590696093105,0.02007876845282294,13.406082808000065,-0.0014798609380026356,-0.0017855773296332972,0.005287109387516177,0.005773369940640224,20329.249260550612,deltaRIC0,BLS-G
5,231.79360672883777,192.1509979184721,129.63899922206446,416.44932943603897,0.016835262319943485,0.013348019958223883,0.010259455179304884,0.033139938506045886,14.079134810999676,-0.00561730755691351,-0.0031684240450545794,0.008921304314940712,0.011008302584777429,3084.3264077148706,deltaRIC0,BLS-G
6,297.5667971399016,236.9151374976568,180.0478169391835,569.287001919574,0.02167621826523811,0.017373671570535962,0.012962020461386128,0.043396101634381526,10.770764162999967,-0.0026084558329607533,-0.0019213401120704839,0.008445925572477706,0.00904595204688765,626.6067723987253,deltaRIC0,BLS-G
7,443.5551236834719,442.4780198945435,30.892550170940094,542.4774316787159,0.03377030246186606,0.03364202167256174,0.0029406982417112255,0.04256275288834247,11.950723345999904,-0.003624636617163159,-0.0023021455757614474,0.015238315582990604,0.015831744271093198,-2045.0814881304686,deltaRIC0,BLS-G
8,308.72263250709256,284.35955052793554,120.20528210382376,532.6272867889866,0.023416570861350613,0.021826119065361835,0.008482706964719656,0.039699336753091855,14.063419317999887,-0.0022247397171913574,-0.0007410448286274988,0.012800069830315909,0.013013085795008338,2431.2038613380482,deltaRIC0,BLS-G
9,255.65506541393148,240.5093225932794,86.6878204681802,424.733465996858,0.01908059449943172,0.018153743980364026,0.005874577937787617,0.031227270874283505,21.062112120000165,-0.0024914842651987917,-0.002024066155265285,0.008814014711542233,0.009380362092153292,11757.16665080572,deltaRIC0,BLS-G
10,54.37078172489297,50.34869888592862,20.52292439858524,86.44765335624395,0.003845365379515945,0.0036183752712769185,0.0013016125760730384,0.006481561509165377,9.865064074999736,-0.010302668843990696,-0.00479847330325573,0.0008318965767296099,0.011395717759990766,1045.8111362146283,deltaRIC0,BLS-G
11,300.41771862206457,268.0455623877653,135.65538008613063,526.6455303595536,0.02239793992079009,0.020083389788780506,0.00991590476392494,0.040523542899233926,10.54512058299997,-0.002094861038537964,-0.0011678786874247135,0.002623619995642854,0.0035546821631282648,-1537.664445258668,deltaRIC0,BLS-G
12,292.94900441099594,272.0883219079945,108.56824704620266,472.90474160817337,0.021648884847076773,0.02055359253290679,0.0067988270395141406,0.036401141943339155,9.096447908999835,-0.0031625478464754053,-0.0019390394832920193,0.006387767078504427,0.007386822811482389,7413.145879742322,deltaRIC0,BLS-G
13,208.01325286412546,197.6018042555378,64.98492380599309,334.06371271720246,0.015490114540301015,0.0148395431289245,0.00444202748713181,0.026085662942556927,17.646571830000084,-0.002589500801780517,-0.0029160950252136355,0.010224206607472046,0.01094273847584656,11129.54568074971,deltaRIC0,BLS-G
14,373.80110615925474,302.6015126697784,219.45293685855367,681.0076256530375,0.028235381018366573,0.023102898253059976,0.016232462338200384,0.05788845849583373,10.693386639000437,-0.020808658398262424,-0.010889964582713834,0.02977530512458099,0.03792308516207823,-4897.60142117107,deltaRIC0,BLS-G
15,288.0393566728077,271.15080344024756,97.17979618312228,474.094810462443,0.02178246219395861,0.020665777630515407,0.006884859777608055,0.035190365214686235,28.64594464200036,-0.0032561383713454795,-0.0020321386269434023,0.008194995215623955,0.009049307767810934,7617.011352026664,deltaRIC0,BLS-G
16,385.0248337232664,375.8702626094002,83.46057913511927,492.41055688027484,0.0268165118056599,0.025580566437487205,0.008047355227675744,0.04149944411531082,9.96494217199961,-0.004033725866906526,-0.004539831522583267,-0.022734866260795978,0.023532002858215675,10109.304584753903,deltaRIC0,BLS-G
17,366.3205139385918,361.87971559969253,56.86642568088525,492.94175098598356,0.02790131226542188,0.027507999299817038,0.0046683188252139565,0.04105544867784172,11.079183905999798,-0.009650220407400817,-0.006599384604883066,0.016826519819779277,0.02048927525121393,-247.2663170731139,deltaRIC0,BLS-G
18,290.4811449883559,280.60228112571104,75.11095406659176,461.7183241714843,0.02190705329574607,0.021294374796110932,0.005144762982433133,0.03419862954445495,9.081436095999834,-0.00180299276531762,-0.0008975309834108388,0.005322127302292751,0.005690464286838116,6215.289009883483,deltaRIC0,BLS-G
19,369.72399094294366,342.72685620138844,138.68717142220012,574.646463483581,0.027962618746004007,0.026075206524638746,0.010099091633994204,0.049238951949201165,14.051082132000374,-0.010263998821750601,-0.006335244408045723,0.01740038605101151,0.021172114401892133,-7828.778183007205,deltaRIC0,BLS-G
20,279.65306187995327,239.35091277443485,144.62702227757393,526.3169715052032,0.020250715608638812,0.017357906956518166,0.010430462537722186,0.03939620027615026,9.241827664999619,0.0003828899469092801,-0.0007032202343780858,0.0022174777203068847,0.002357611259207162,3875.487295966752,deltaRIC0,BLS-G
21,274.64777868971504,232.5395747733602,146.13948304075637,488.7747141732024,0.02041897788196759,0.01770627768486468,0.010169679851929693,0.039381639591880895,13.336083391000102,-0.00712796692453964,-0.004403870797401214,0.010143835442216724,0.013156724058682179,-1357.5086745080425,deltaRIC0,BLS-G
22,271.06371427190624,249.1862941179371,106.68518181383274,427.43863831620746,0.02013579897765483,0.018959812684532652,0.00678055332815546,0.034662722181875716,12.107126992999838,-0.003913722089125502,-0.0025994092629610817,0.0010118943250015699,0.004806046112164046,6619.475110716023,deltaRIC0,BLS-G
23,328.2476053251253,315.7392340306356,89.7509136188971,476.4937591533724,0.0240391777030223,0.023178103289906566,0.006376330647002789,0.03558658385093772,9.897472866000044,-0.004689577845034542,-0.002518993022442091,0.021720888377145933,0.02236368614750672,6653.592693825602,deltaRIC0,BLS-G
24,269.97604084718034,245.53527528526536,112.24745530348268,462.43394234537556,0.02015045866903169,0.018655199260993877,0.007617383087712472,0.03482854516810254,12.047780185000192,-0.0025469869291806432,-0.0016593709242338501,0.007553810216402425,0.008142524366990582,8179.681546445889,deltaRIC0,BLS-G
25,260.1360774626667,238.21843812807973,104.51198272677047,453.99637117868906,0.019303364740965622,0.018010441890729822,0.0069457809656941535,0.033957984839137485,10.486517101000118,-0.00039626534710630976,-0.0003066023972112572,-0.00043502841456910985,0.0006635367184832253,9022.94070801109,deltaRIC0,BLS-G
26,189.23131858256986,182.66321491561817,49.423090243212584,265.6825662091756,0.013100151916644431,0.012781291586197714,0.002872727907016995,0.017832033343081168,29.22270893799987,0.00682049427671699,0.009135498512008377,-0.015220042658026083,0.0190164711172649,-3178.2635332933296,deltaRIC0,BLS-G
27,448.17931321448265,391.6449978823117,217.89651770317352,775.5381003771495,0.032662865356819525,0.02813420337197437,0.016593051977924586,0.06461390955802637,11.886058309999953,0.014866589856661172,0.017952100055639898,-0.009576408213050053,0.025199225873761666,-568.9623149583167,deltaRIC0,BLS-G
28,284.5874776454176,269.3206380188747,91.95882975379435,459.33495776318586,0.021254511020729883,0.020300833377993946,0.006295268293667485,0.03371686887414293,16.540827702000115,-0.0027057531749637297,-0.001993262292681159,0.00911822546267128,0.009717830539753084,11576.079738111992,deltaRIC0,BLS-G
29,309.0879697333259,273.90977374110065,143.2089692825433,456.59444898315655,0.023017870632002675,0.020870300012024473,0.009708395636751858,0.037678568353039996,11.290611404999709,-0.010192763169938049,-0.0046171072582993486,0.012316830674971744,0.01664074572695019,209.893922988349,deltaRIC0,BLS-G
30,228.16860306415967,212.48193428819357,83.14047765918751,370.03299075188943,0.01689032012729244,0.016005125619287335,0.005396190129457292,0.02776800793103729,15.237444876000154,-0.0024041080085461753,-0.0018120620966208777,0.007565549758587768,0.008142533236556872,13729.635243864886,deltaRIC0,BLS-G
31,246.13486693354224,214.16071219096324,121.31595968483276,450.2276375224362,0.018035116376368416,0.015424703577464961,0.00934579810698325,0.033355849219094305,13.090471089999937,-0.0024482438116792855,-0.0023227670489467623,0.00435347224951322,0.005508345046597976,13318.16588953651,deltaRIC0,BLS-G
32,195.58278979562243,182.86146416242298,69.38524762954677,298.12101122896667,0.013107529241525202,0.011627037483348448,0.0060513901029638165,0.026178027251326636,12.51750844199978,-0.006200130127012852,-0.003719932787382978,0.007445052177073969,0.010378261677848229,806.5439113243501,deltaRIC0,BLS-G
33,308.99769163209976,286.10935642017705,116.70908106397866,528.5723972075342,0.02338898768019294,0.02185595454204407,0.008328384943091937,0.041170196890684276,11.658723192000252,-0.003864020574999439,-0.0031426768638003044,0.010966441870531269,0.012044497506082438,171.23342752231292,deltaRIC0,BLS-G
34,151.69062692310058,147.54495402877987,35.22119868727523,226.2931534192641,0.011368388175126797,0.011174444025306386,0.002090944864327421,0.017248035079142875,28.202732925999953,-0.001701106084737169,-0.0018351184954070092,0.006057760674042375,0.0065542265895900354,18380.817027690442,deltaRIC0,BLS-G
35,367.5109273979135,351.8121573681616,106.26611729443366,590.7748846020745,0.02846642361852374,0.027046474593180603,0.008878371793841607,0.04872691399558242,15.403674977000264,-0.008185867593442215,-0.0062848827958867474,0.02844604999218901,0.030260303041666933,-0.19240587837521161,deltaRIC0,BLS-G
36,359.5020189668635,334.9689453427613,130.52780277477007,561.1144771357488,0.02723730997433606,0.025500806031967593,0.009569741185530146,0.047003665961778844,9.773702474999936,-0.01357857708459999,-0.008219130184144018,0.01992784431876128,0.025476476126401734,-2009.2635015087526,deltaRIC0,BLS-G
37,369.1822582527679,324.7079246937713,175.67100913263278,593.2615541712933,0.026861958697831954,0.02422792189995373,0.011600544189553023,0.046336632913405396,11.88301181099996,-0.007183626306764195,-0.002838921738827286,0.019465794378864542,0.020942328293545948,-1413.159128006031,deltaRIC0,BLS-G
38,419.7439892252533,392.109249071659,149.78435593608955,648.2729621561871,0.03242939128351925,0.030172368427488102,0.011886698553236465,0.05751140746067026,39.02781392599991,-0.019305260861847435,-0.009833556510037821,0.027444664869856188,0.0349657197895139,-4192.6129056205355,deltaRIC0,BLS-G
39,299.8552437979534,277.9440983069943,112.51775615182679,496.3226141174117,0.022632172418181787,0.021050723250054023,0.008311575002124658,0.03733251351449648,15.486415729999862,-0.0035860338795221055,-0.0014905018948348726,0.0059582108318903156,0.007112067997484402,1941.373517606913,deltaRIC0,BLS-G
40,222.84198329363315,198.3582999675081,101.55064919654599,395.63097627998235,0.01664448153847464,0.01510238673842033,0.006996905064941843,0.02963795805129505,20.627170891999867,-0.002018582458868672,-0.0019752475972531617,0.007705934990196721,0.008207174439893722,13615.89123802214,deltaRIC0,BLS-G
41,179.08773688869215,173.28377542745446,45.2233421754845,261.5138554398059,0.013283002670267227,0.013013592317104418,0.0026616864846422386,0.01949360436437445,21.579612071000156,-0.0019091312228994783,-0.002283456497677999,0.00810064316434476,0.008630143410111039,19019.477169786373,deltaRIC0,BLS-G
42,337.0184139271097,313.47444548498714,123.75452861945888,509.8201291918011,0.025136666422837052,0.023798880748632626,0.008091061362104912,0.0411607793732213,10.05378730099983,-0.008584524800038469,-0.0051031438564425515,0.02108413257618524,0.023329740456168358,-219.26010518491603,deltaRIC0,BLS-G
43,140.20981774019873,131.2278657068564,49.3765151946045,229.8044961144879,0.010568909043263514,0.010085706343931524,0.0031591717124519656,0.01731165932708768,32.20330761099967,-0.0015774327528632244,-0.0020042125960625834,0.005483958296212124,0.006048054299906323,19925.53721863168,deltaRIC0,BLS-G
44,146.5030416146109,133.14474824645015,61.11969581666637,224.67102527487586,0.009820469180885328,0.00925380399768693,0.003287662772413241,0.01630741994650026,12.265538668000318,-0.01146998342797288,-0.004497966411890297,-0.003038385928280886,0.012689523660470518,685.4859254383318,deltaRIC0,BLS-G
45,873.0146324108151,741.9897772408901,460.0062161247444,1326.6513193400826,0.061835034470636666,0.05185561445852422,0.03368333025568759,0.10691061635112672,13.973561576000066,0.0032718456064330906,0.009130644821858196,-0.00719535637353305,0.012076704926320096,751.4592035058395,deltaRIC0,BLS-G
46,309.56030854450466,301.0862151636456,71.9352185275047,461.68419797264926,0.02317368738342773,0.022662221509416092,0.0048418491512020765,0.03410946438904194,14.73979039400001,-0.0034220143172586067,-0.0023082940654224958,0.011039243705035853,0.011785724630210962,8752.911747307811,deltaRIC0,BLS-G
47,305.2444434699504,293.7829255544726,82.85989935991334,473.1146141688567,0.02050090314712125,0.01890586628883112,0.007928130278728084,0.035081217412896874,12.708177657000306,0.0007867912521389926,0.0022983621657163378,-0.010261227704288868,0.010544870938921164,11105.00872506596,deltaRIC0,BLS-G
48,479.1419532329162,443.98330890457095,180.1550242485685,846.2823125080689,0.03593193639386082,0.033421237742135554,0.01319564021925853,0.06291861394839889,15.283827100000053,-0.02657444733106599,0.0194831876505322,-0.0467554560364047,0.05720024931020514,-13579.626851107323,deltaRIC0,BLS-G
49,199.26171382898767,163.69942321242914,113.6121887738432,350.431741528434,0.014798352416630372,0.012641780806617296,0.0076926336377233315,0.029624999000453903,10.470759317000102,-0.006162883592077374,-0.004683700900553454,0.008391750776639397,0.01141664002202792,1941.5765647633125,deltaRIC0,BLS-G
50,300.37366617775615,275.68133378918475,119.26500548476987,521.2484008452071,0.019983366631717594,0.017656200093720886,0.009359142064747965,0.040265371286399246,12.728578106999976,-0.0018277792532595018,-0.0019532590578908403,0.002108603853109218,0.0034062014261087843,3562.983016869668,deltaRIC0,BLS-G
51,254.46589984532585,222.89781859273728,122.75771523896401,454.9291904902627,0.01893088006112196,0.016976321070508397,0.008377514118137763,0.03436385557060151,12.504585589000271,-0.003060115558891211,-0.0019140092066222913,0.006997938953472451,0.007873937266281085,5544.066045897325,deltaRIC0,BLS-G
52,339.66263922329165,333.88718610897484,62.37030893271877,502.02514342485136,0.025555721101936723,0.025190155783612087,0.0043070793627850105,0.0373469036955117,14.440643433999867,-0.0019612777093089865,-0.001752684601777697,0.005206252918161722,0.005832973771088671,3652.681587741754,deltaRIC0,BLS-G
53,361.1830289527763,315.26716382182366,176.23789552546702,557.7334430298972,0.02680979375978387,0.024081267309640914,0.011783785733106572,0.045209541061459274,14.256631109999944,-0.009037578943384486,-0.003188652934698604,0.018507507156141124,0.020841620902187132,-3990.95195432782,deltaRIC0,BLS-G
54,314.9484307090543,283.12515522765216,137.9589086772358,537.2300771934678,0.02330938108437279,0.02139655896641377,0.00924740563257039,0.04309001286969496,16.962554973999886,-0.0085374279192864,-0.006338980579468388,0.019337288181608975,0.02206810060885355,82.37605538636672,deltaRIC0,BLS-G
55,299.6519664629836,276.30218756880276,115.96724602156931,581.713524159428,0.022839046734423375,0.020325734830293245,0.010415688135969646,0.04593023787966096,13.73714520500016,0.008582524397244391,0.012412214908390631,-0.007539650365711935,0.01686917696861794,-630.0028436458397,deltaRIC0,BLS-G
56,179.26284515275069,174.14596341645438,42.52471138072543,282.03183750340423,0.01349338744998425,0.013178719041350543,0.0028970449262200005,0.021187696773043094,15.486250629000097,-0.0015562491983383566,-0.002743753154632883,0.003891675245969518,0.005009513864735637,18152.36338553125,deltaRIC0,BLS-G
57,416.98827443480434,385.45667321141514,159.06719992790482,620.4834560958899,0.02840014076922992,0.02751113079936317,0.007050225376000856,0.03748655724133111,9.700431757999922,0.008404526033179012,0.010362711691945692,-0.010961013325413332,0.017267474180454427,-892.3586076078755,deltaRIC0,BLS-G
58,312.87243390240775,270.05849916216437,157.97964086013033,544.7350403592203,0.02315851815061018,0.020446724792925593,0.010874208393005123,0.041059706828934436,10.01579632000039,-0.00403362484697377,-0.0013978144954082217,0.009426434280063017,0.010348027735082888,1763.6155655355615,deltaRIC0,BLS-G
59,295.8500379844282,283.8029292233987,83.56519813658171,412.4870955505531,0.022265872331202485,0.02160904092050788,0.005368279162378227,0.03221765073541977,11.532090345999677,-0.007249839095417911,-0.003450950724731148,0.011441145621621528,0.013977447583486832,3051.458556373962,deltaRIC0,BLS-G
60,482.03256611817284,447.1904434814041,179.93360458062244,850.6296410143373,0.036144182428037595,0.03365641012953642,0.013177555941209272,0.06325166106995127,7.743538770000214,0.04374761063690452,0.03597937972025321,0.04060971899621256,0.06969590001172032,-20465.403757719643,deltaRIC0,BLS-G
61,290.67811679953957,272.95284860035594,99.9525388725966,488.8206076445791,0.01956969978784889,0.017562820200393237,0.008632525493457418,0.036374528667845386,11.275567440999566,-0.0017055804115172614,0.0006890417104687239,0.015065750492059342,0.015177635550635131,2341.612229169041,deltaRIC0,BLS-G
62,333.6994288394681,289.440531828952,166.07072993866404,600.5765971929387,0.024552391061108677,0.02058521317918445,0.013381663020160842,0.04926176154886004,10.375427424999998,-0.0037665353267581536,-0.002163891198040399,0.012274589463875683,0.013020551447283705,-2312.5855149022063,deltaRIC0,BLS-G
63,260.4844191601472,220.42446597529047,138.7990901436579,554.4143778305163,0.018977873541496177,0.01619487886896049,0.00989371429629528,0.037013870278634085,10.776302760999897,0.006223542867312624,0.004328982239039357,0.005110548564234905,0.009142771990736698,-1734.4570267341587,deltaRIC0,BLS-G
64,251.62722342624778,232.20742482666572,96.93281913042259,418.82531268855047,0.0186457721126284,0.017439124827250612,0.006598616744109505,0.030980096584796078,12.408768825000152,-0.0028864110151266493,-0.0021299910598194536,0.005442069473501335,0.006518002041850735,11690.154883418545,deltaRIC0,BLS-G
65,389.0755906836807,385.02558128102663,55.992115740187614,514.1413479660068,0.029352660432861118,0.029045225227356638,0.004237164851522327,0.04131410783044621,12.15533728499986,-0.010014660924773119,-0.005952805181520871,0.01490322946549134,0.018916542270415292,-65.01803597300022,deltaRIC0,BLS-G
66,317.34411504327545,286.3827611028705,136.719426182587,538.3230601107289,0.023835104887508913,0.021773999031159272,0.00969562742630028,0.04240044869660733,10.048733086000084,-0.006487200750835049,-0.004266390162117924,0.01314453881668432,0.015266458636513323,1281.6586405480411,deltaRIC0,BLS-G
67,467.3427789789284,454.99456549561023,106.72028126466091,566.5419055065686,0.034030758017404246,0.033383835783583254,0.006603938189737225,0.04913992849256866,9.66866623399983,-0.008558062091205737,-0.005454596807935944,0.03431753842421846,0.03578668043548868,2752.797004822465,deltaRIC0,BLS-G
68,363.8160446184857,342.2234214813364,123.47163282085293,562.8484105035164,0.02484251016506894,0.0229916480695426,0.009409273635507228,0.04538900898296129,10.530335513999944,-0.01033707252131116,-0.005582940564936859,-0.00044844950508276393,0.011756929897769773,-5131.879447548211,deltaRIC0,BLS-G
69,918.5791036391721,762.5029610378796,512.2272972529001,1633.3823766732064,0.06651960620021119,0.05434032698865387,0.0383664810974026,0.13705820955466128,12.547520018999876,0.01256189987527612,0.0216684755161372,-0.04414794542865144,0.050757908203954635,-29.61352563856235,deltaRIC0,BLS-G
70,429.2335992988248,415.5653822249602,107.45648357938587,627.0469075650324,0.032232492029576856,0.03152699371564331,0.006706877790039301,0.04405427008496163,9.849093953000192,-0.00198291264360223,0.0017715084325830308,0.013390029295817415,0.013651485971194454,2127.8049663100155,deltaRIC0,BLS-G
71,36.48869797468349,31.704584488794474,18.062236912424893,65.57604366020541,0.002921609412249353,0.002565255542727856,0.0013983081056219415,0.006197288657802156,28.45726439500004,-0.0008031925153682441,-0.0013011495837919882,0.002891040362858169,0.0032705080394062214,34576.26192403553,deltaRIC0,BLS-G
72,148.50136988449378,141.58977761893593,44.77713402386872,237.11319991896173,0.011152792517437287,0.010771437356194185,0.002891525240870219,0.018034645882167365,31.968820757999765,-0.0015334932689899765,-0.0017443231130743271,0.00429412351538355,0.00488198335660957,19823.027071013334,deltaRIC0,BLS-G
73,303.7404650978005,274.18639491253,130.6908221058324,526.3809767139708,0.022675065851762738,0.020767412196055535,0.009103471978366296,0.03924065201876549,9.853480413999932,-0.003603075080804646,-0.0019828194091436936,0.008889431304122683,0.009794677726087197,5308.212410170938,deltaRIC0,BLS-G
74,279.0366912303972,250.18205909144214,123.57350995085541,486.50369957161064,0.02068330278242536,0.01893201662474657,0.008329331336296097,0.036454566098886504,22.735781406000115,-0.0027136398813573945,-0.0018685859937506502,0.00881470822883548,0.009410341980036346,8361.846429219411,deltaRIC0,BLS-G
75,221.66023667324393,214.66350283732464,55.25252095287964,343.4892477696737,0.016621022129859615,0.016215344760212632,0.0036497905349112563,0.025628434325158905,15.867338870999902,-0.0021647724722462626,-0.002073111386373931,0.006686641291223254,0.007327701033366483,13958.262385928883,deltaRIC0,BLS-G
76,485.1104443852991,449.5908015122202,182.20936981204298,856.4198809967103,0.03636546115340956,0.03382442318837283,0.013354967647808294,0.06364424768927253,8.623930700000074,0.16905667682025116,0.5046741553388682,-1.1783783073189071,1.2930010047189753,-22541.66913247679,deltaRIC0,BLS-G
77,276.04707486153814,256.7836697570373,101.31206485764898,432.2865677530226,0.0204463302833948,0.01944996171236886,0.0063048720403393235,0.03515495822516961,11.672623961999761,-0.003199703904266654,-0.001767982989898627,0.003681373158805667,0.005188099580956881,-692.2684382324023,deltaRIC0,BLS-G
78,480.1304803930481,444.7241602812663,180.9577283914168,849.531288438708,0.03599988193660094,0.033472154003456156,0.013251656719750954,0.06313168496277695,7.6918397419999565,-0.014349802595592855,-0.014447177584939701,0.023042536788568165,0.030750549204132675,-13309.182694050345,deltaRIC0,BLS-G
79,242.49847451882044,208.2399027077033,124.26444811063729,444.3857513469378,0.017871227863576197,0.015612252483643785,0.008697031547535098,0.03283243317084908,11.153329160999874,-0.0024227671235185796,-0.001816492278512606,0.006076072316960682,0.00678882166017302,11216.823110336689,deltaRIC0,BLS-G
80,315.2920190210332,294.0307859315448,113.81983211566255,520.8777338397854,0.023831943771523405,0.022425488868881994,0.008065915504188167,0.039431933664717395,12.22096273499983,-0.004374912233775686,-0.002294746193186313,0.011415141194538393,0.012438294321796321,2334.9743557839956,deltaRIC0,BLS-G
81,332.38884018412085,322.15516041077905,81.843715089494,514.3597536301917,0.024924435513749073,0.02416863307289823,0.006091359541731695,0.038749563596327634,9.21920604099978,-0.004407476501840067,-0.004146035566499025,0.015253186403403764,0.016409605586056256,7851.77901790481,deltaRIC0,BLS-G
82,296.40734516167316,277.01761463056596,105.44456102702748,493.1365629209042,0.022377562073805913,0.021113668116631266,0.0074140611696819105,0.03842236702195935,11.654342925000037,-0.0046316430773508345,-0.0027097757078911504,0.008205599243195517,0.009804430678166873,-1926.5410351247665,deltaRIC0,BLS-G
83,607.3470557698602,576.6819245094462,190.54764258945596,874.8416109254043,0.04438514718307234,0.04319629186710189,0.010204002126378705,0.06224768369636886,18.384090603999994,-0.004927961981981913,-0.007844984827169483,0.02107450919848287,0.023020936866064285,-246.4123072225011,deltaRIC0,BLS-G
84,437.87146933301096,420.19589081095404,123.1537129015556,630.8798280763491,0.03248196537733003,0.03140579534481558,0.00829180882157971,0.05028685518239049,9.75245424700006,-0.012737570158119568,-0.006570265120568444,0.010740162523759955,0.017909918155155097,-1447.2858089956626,deltaRIC0,BLS-G
85,313.63151143444395,300.6749829335151,89.21479475167862,487.45539709302227,0.023084634573773632,0.02181898469445432,0.007538717417958636,0.036839876951958506,14.407692194999981,-0.003674790293761881,-0.0032398000849204536,0.022737065457088115,0.023258859256061692,9111.309430642155,deltaRIC0,BLS-G
86,367.51295426058437,357.93640654709714,83.35046741016859,577.1737298723525,0.0282226837672163,0.027417691329943646,0.006692539216188973,0.04507116328705224,11.70043234800005,-0.002212973170984488,-0.001588522131711088,0.01650122931768314,0.016724569405912923,-4326.794857910625,deltaRIC0,BLS-G
87,375.02667469181415,373.2207124803508,36.760121137709824,498.13629962009605,0.028336093003961012,0.028202348475372903,0.002749855851269287,0.03726597981320097,11.034545841000181,-0.0031319378912307333,-0.002153994486978178,0.010246330458220853,0.01092867855980418,3656.6741607098156,deltaRIC0,BLS-G
88,303.27149371026974,274.5824051402399,128.7559772774037,525.9853130455172,0.022861472148040428,0.02097832612700993,0.009086074052330891,0.03874834983145447,9.91807874999995,-0.0033592728839103208,-0.0016803294012312675,0.010761855147482891,0.011398497594885978,6241.646854571562,deltaRIC0,BLS-G
89,248.83052925373204,244.74307747926025,44.916125330144354,327.1653688707187,0.016014673965015373,0.015439360910727914,0.004253929580285524,0.020767165502401517,12.928302451000036,0.006523417288117003,0.006701313587416653,-0.013736879486957891,0.016618195899405067,541.7311042756082,deltaRIC0,BLS-G
90,379.99192768997324,353.7744270580361,138.69938669403035,582.6809739226251,0.029011972858966686,0.027048521453308272,0.010491523071477365,0.050082346244095424,9.319243902999915,-0.014746437894736772,-0.007929449750648966,0.01808874406091637,0.024648250762127785,-3504.3886745839554,deltaRIC0,BLS-G
91,414.62255866813626,392.3775335286191,133.98409360259703,610.6322044744228,0.03160619196309564,0.029951929043245496,0.01009124952602193,0.04864473981418126,11.426073161000204,-0.008656831023017989,-0.0035379260864060913,0.025321097791008804,0.02699288124109374,1079.6346741500947,deltaRIC0,BLS-G
92,170.89848450074433,160.01352728451874,60.01635685892412,284.6696914998777,0.012775866406175796,0.012086057159403365,0.004141254009124038,0.021470676056655456,15.842027772000165,-0.0010988137371440647,-0.0018205907335688087,0.004711414403311852,0.005169078053949998,23449.388600323844,deltaRIC0,BLS-G
93,228.7520446744706,206.78641539609973,97.81041023522327,391.5615203311955,0.016267556206760726,0.01432233954490703,0.007713881960498991,0.029393182135700167,15.79859470800011,-0.002224232423554983,-0.0006977202790207187,-0.0003590445409682692,0.0023585878071738474,12172.907486194315,deltaRIC0,BLS-G
94,487.4389755180927,451.8626749678895,182.80283866776037,860.2313150625381,0.036534818585599586,0.033989587626312046,0.013397794672106606,0.06390672229604966,8.59709037599987,0.00490600778821009,0.01725479874902489,-0.08658854660111305,0.08842722089255353,-38587.92590435433,deltaRIC0,BLS-G
95,266.03299778224505,242.1534843723881,110.16009220820202,459.20031375557386,0.019794607492856598,0.01815950235906497,0.007877750939663463,0.03450112843761463,9.092385172999911,-0.0012394067774047486,-0.00036052446919365,1.525616142294446e-05,0.001290867848861978,3802.134550748822,deltaRIC0,BLS-G
96,388.77693094409585,365.175874896216,133.39446175945028,608.0231629263781,0.029308907447228194,0.027625550034181323,0.009789843770925689,0.04710800360417249,9.48690849600007,-0.008361370601737831,-0.00423117214605686,0.019952355540526545,0.022043407805617383,1554.997350274829,deltaRIC0,BLS-G
97,238.428455404691,209.9832690397805,112.9387226332664,427.71504606486803,0.01731715525027722,0.01568529095270994,0.007338631595266225,0.031743056071289924,11.721928450000178,0.00033426050395643985,0.0008915581330804278,-0.002060023616696112,0.002269427965482227,12114.109799144131,deltaRIC0,BLS-G
98,361.44367858215537,352.53144631382247,79.76911775170215,510.34649710320184,0.026918616193032704,0.02640046704536951,0.005256161863390527,0.03976845648468213,10.769888113999968,-0.0064301924870409895,-0.004464689869537321,0.02147879685295742,0.022860873677577616,2100.3557691988735,deltaRIC0,BLS-G
99,803.8276281847985,714.3838940657771,368.50306339651434,1321.1769341420736,0.0570550816206603,0.05284507573305204,0.021510004870018154,0.09325213049411919,12.423200750999968,-0.0015212691016769381,-0.007994490204755416,0.013125817722350263,0.015443873354635212,1798.1922535991362,deltaRIC0,BLS-G
100,109.48686526472733,99.98413171189975,44.6155474169491,219.05342594166814,0.008416066316794441,0.007126694792627528,0.0044766498167064205,0.016944522399430274,11.475058476999948,-0.009731644539322067,-0.006018800263725177,0.001235909414514586,0.011509054441404865,1014.6080913272399,deltaRIC0,BLS-G
101,482.29131966635606,447.0480706247372,180.97773226619688,851.6668827982822,0.036168710911059276,0.03364830205213578,0.013265271123351144,0.06332123512704808,15.828103971000019,-0.0148751451702436,0.006166435656212221,-0.05670455017230989,0.05894659347903012,-110726.49599719411,deltaRIC0,BLS-G
102,262.55734660500684,214.32033471334648,151.667908222606,490.6146034790777,0.018862619407385317,0.015757903219125492,0.010367588776786226,0.039433138326596284,9.801296053999977,-0.0027712095144699486,-0.00406882767043057,0.01655879170146382,0.01727508446859862,2369.6036880350784,deltaRIC0,BLS-G
103,327.8550881985872,289.4130640040522,154.04232289046348,560.6841564321956,0.02493035740964169,0.02219027952809699,0.011362843615811843,0.04732382684530713,11.26838344900034,-0.015719908689709957,-0.009896503060736027,0.018100082766631078,0.025935868950217798,-2794.9709367367213,deltaRIC0,BLS-G
104,514.6000347125381,511.86996346664984,52.937096886738765,592.4176533235319,0.039051777983305475,0.03888285553321726,0.003628348004304119,0.04631975213348352,9.683384812999975,-0.005267150585476663,-0.003700798280550852,0.02080403186643803,0.021777201957624958,-3122.644204094353,deltaRIC0,BLS-G
105,337.78904213074026,328.7541076989936,77.60266525475483,494.296381847497,0.025240060850969886,0.024683189064869035,0.005272651074041678,0.036791565162387276,10.93970112399984,-0.004917609425662121,-0.0035546054952219157,0.01269619133789179,0.014071651544093226,7192.925229867487,deltaRIC0,BLS-G
106,263.26936516457073,249.25044752253274,84.76422030534603,428.3403170434089,0.01968716024019035,0.01883913094455734,0.0057158921942907235,0.0321007150828268,20.110949864000304,-0.0024452783994022903,-0.0017816988033915755,0.007013094014973928,0.007637887452656887,10680.384634503742,deltaRIC0,BLS-G
107,279.28075098959374,223.79450544386796,167.07410692996692,527.3552611350567,0.02036445239238496,0.016330703526434457,0.012166307721466473,0.03965222913018484,12.899236207000286,-0.002872293155226081,-0.0018780018090279508,0.007701156713464607,0.00843117865364101,6262.341116724274,deltaRIC0,BLS-G
108,129.59295237746448,123.88856605287043,38.02573480251682,195.38252928477445,0.008041940791988599,0.007684245045919291,0.0023717482531067707,0.010980494758303984,11.316084692999993,-0.0068563728518472745,-0.003568425437455313,-0.00437405881610945,0.008881210464402432,1766.1152760119057,deltaRIC0,BLS-G
109,308.0315941136278,294.0993129823971,91.59179589605604,470.7849693290088,0.022887436745136738,0.021887172012328208,0.006692268827938117,0.03523114217213885,8.988985644999957,-0.00428375651928791,-0.003442877273538887,0.015585804983035545,0.01652638166104147,9599.82740350052,deltaRIC0,BLS-G
110,336.77399226525586,286.2067758127359,177.48916402179867,593.3677087201502,0.02505976862923443,0.02165261027677083,0.01261572320372639,0.046496707070588034,9.911494165000022,-0.005766698207143526,-0.0028841729177723624,0.011464162567651532,0.013152957272394161,-1350.983968764389,deltaRIC0,BLS-G
111,284.0516088556581,254.51970091683177,126.11517885922495,492.1403405467971,0.021229802671095636,0.01931658580458399,0.008807612293227012,0.03662640083490855,12.40305814300018,-0.0036967944150350877,-0.001969935723851698,0.010762840127073538,0.011549271115706222,6714.816623516999,deltaRIC0,BLS-G
112,247.6775749724098,216.0019850643935,121.19126863126397,437.4668477122771,0.01843413697961194,0.0165656319402948,0.008086856286702589,0.0324721845165735,13.006908065000061,-0.001924993457949676,-0.00026573489555345816,0.009082926586696342,0.009288475129276018,6657.154709770879,deltaRIC0,BLS-G
113,94.50657667454323,67.54594861303546,66.09869787451558,283.6122172263219,0.007756970866172465,0.005903509178278295,0.005031816411658153,0.02046915575393626,13.513276502999815,0.00569869425123357,0.00650921088850842,0.004323149261518125,0.009671326801296905,-2241.467322629882,deltaRIC0,BLS-G
114,339.66501078791543,314.5967159710401,128.06727081417574,560.9934237223957,0.026081899473185007,0.024250815335517106,0.009600178940622754,0.044873594156677715,19.196333603999847,-0.006549983742635936,-0.003467490028279894,0.01630857327100869,0.017913551748909948,-987.1580973546843,deltaRIC0,BLS-G
115,241.6809152157196,226.93691564315918,83.12220580493225,391.44890427178353,0.018842257102642423,0.017876131522798155,0.005956053601311942,0.030345618339972433,9.387255548000212,-0.003584181161143431,-0.0029870603716290324,0.009301525058257352,0.010406116118371998,9289.793893393893,deltaRIC0,BLS-G
116,331.98854362840405,321.2453038066624,83.772596251244,509.56774513255925,0.024888703903616385,0.024227229862697142,0.0056999048397254224,0.038698147266513425,16.76674421000007,-0.003105639398499301,-0.0017832481907517916,0.004240306567221238,0.00555024053238688,3774.665362085285,deltaRIC0,BLS-G
117,286.56107939652514,258.6645036559031,123.32853187055655,521.2803087079981,0.02155509120539597,0.01967577116982906,0.00880261243867196,0.03948204202198319,11.65969768199966,-0.002095468724699433,-0.0013795665496297853,0.005844085569638536,0.006359837198097784,-1231.3034872258868,deltaRIC0,BLS-G
118,286.76502856626854,266.72327777136167,105.32271693948027,474.3610794148901,0.02082725665568695,0.019156493183847403,0.008173334001438125,0.03542084095960479,10.008638748000067,-0.002020038701068039,-0.0012108119543267747,-0.005226378478074256,0.005732508520589485,8850.063178583594,deltaRIC0,BLS-G
119,339.95176907479276,304.74442148604504,150.6586966298891,558.6729282146855,0.024614993392179083,0.021284633480274238,0.012363748513594452,0.04503216397389889,9.689665306999814,-0.005273519038233351,-0.0012580643129212568,0.006513385509645472,0.008474486395016235,-4594.378318475719,deltaRIC0,BLS-G
120,260.6338172755569,251.18527427843014,69.54095694839269,395.5441804777211,0.018942433930337663,0.018162111283641938,0.0053808472312279676,0.030152122553174964,10.601001039000039,-0.0028545723694569946,-0.002739729651422789,0.018904136965356776,0.019313754072689263,11091.746392327743,deltaRIC0,BLS-G
121,271.86071315502585,225.99590121516752,151.10956287112836,514.278389629177,0.019724890271002053,0.01675926138506979,0.01040184858714931,0.03869664947181605,9.498917541000083,-0.0009833021282869797,-0.0010906510103534022,0.0027174835290937104,0.0030888702518516715,2903.206108696664,deltaRIC0,BLS-G
122,263.8034084311856,258.9609357003066,50.31373650537807,379.8426442120183,0.019492959111052983,0.01921957369844976,0.0032532202131183205,0.0292816128399729,12.319952182999714,-0.004403571915382735,-0.005452736253058386,0.009414148051406524,0.01173669296663954,10559.783946929248,deltaRIC0,BLS-G
123,301.39489209557865,297.8493374634691,46.09396005853655,400.232516812327,0.022529628430228824,0.02237440138603394,0.0026401363261803605,0.03062439295995733,11.634397865999745,-0.003670947906531251,-0.0042631865834886085,0.006395661087640199,0.008517928100545254,8275.501331882471,deltaRIC0,BLS-G
124,253.6414381028912,227.69755869601553,111.74882946490922,459.2450252216861,0.018860862060887912,0.01716327471532072,0.007820109892212107,0.03382845802315746,17.316570170999967,-0.0015554013426857494,-0.0011081222905879723,0.0033273004663734685,0.0038364223882747413,9928.466181992102,deltaRIC0,BLS-G
125,482.4706424211061,447.3087274476613,180.81156806849685,852.5073523018539,0.03617641416152681,0.033663307186042456,0.013248195759591557,0.06334879611722176,17.40376277999985,0.003452595441216231,-0.0018743728153157884,-0.003126955014191845,0.005021109079902711,-22824.512279642273,deltaRIC0,BLS-G
126,226.03789150013856,205.4808060001965,94.18474801865752,392.8584938130913,0.016784418254462953,0.01556164278539688,0.006289035694003843,0.029726993402064607,10.981724456999927,-0.0023712588531476066,-0.0020912997852592353,0.007296232674409202,0.007951818319074743,11304.55234199567,deltaRIC0,BLS-G
127,230.33123660866056,203.68678080936755,107.53684894579824,417.8313400089656,0.016895794507866636,0.014946002544179646,0.00787939591602249,0.030850658877416785,24.53140876099951,-0.0010356924916079346,-0.0006331950770249409,0.0005709861142076043,0.0013414991932012377,13521.787612012675,deltaRIC0,BLS-G
128,284.63959362816894,264.40367128815967,105.40586734215502,468.4269351892361,0.021388436458499763,0.020020331524081142,0.007526721717000359,0.03778881386913809,19.940771374000178,-0.006388272360283647,-0.005065699497956787,0.006466433259452037,0.01040606045781549,1739.5979501473594,deltaRIC0,BLS-G
129,148.22919169846097,137.4978042732391,55.37370397234695,232.04458752267175,0.008615913238029963,0.008108815302915719,0.002912228581080101,0.011833269596034916,11.297516571000415,-0.00041132178175859875,0.002868451375950458,0.0034545750453820003,0.004509022915057895,14049.482910638613,deltaRIC0,BLS-G
130,249.47053405925604,224.61847754744886,108.5453219078401,446.4140810252719,0.018541433649819423,0.01720448799390487,0.006913056824461897,0.03322534160901083,9.619504694999705,0.000580548097058454,-5.9870173300132465e-05,0.0026019142325940507,0.002666566744790887,5944.070185028158,deltaRIC0,BLS-G
131,291.4046937489748,244.6385765660999,158.3308636831312,526.9799422653151,0.021600346201018118,0.0186175787783808,0.010952657962094077,0.03912068727265271,14.47795189000044,-0.003508451316852266,-0.001635148699379452,0.011886146617083437,0.01250053692105298,5001.851578595331,deltaRIC0,BLS-G
132,227.73494963798538,197.3358342192115,113.67398919552181,400.2293467319131,0.016760382974848706,0.014787987993954208,0.007888336234863754,0.030146262554074328,15.781556447000185,-0.002672984694090607,-0.0024312610924496726,0.006367693122527218,0.0073214338334224305,12830.129333672092,deltaRIC0,BLS-G
133,288.52901929505543,274.7983215624708,87.9481520090978,467.22589582319256,0.0215935643251993,0.020707332769311963,0.006122776318591011,0.034604646736038594,9.477459327999895,-0.004183817481895951,-0.0027546401031004132,0.009934596035065866,0.011126031152184216,7012.3179844044535,deltaRIC0,BLS-G
134,210.03085747506367,179.7456258840061,108.64838271818599,395.3265972412065,0.015492215529648207,0.013423111853357152,0.007734908544342063,0.02948228962333266,13.477878613999565,-0.0008131143340424994,-0.001033461829526816,0.002510614397551771,0.0028341458901243125,18321.50469211109,deltaRIC0,BLS-G
135,315.8246383955747,291.8150337583414,120.7857122772127,526.0331353707668,0.023558436706412725,0.022026672644420816,0.008356173302749176,0.038943256647047314,13.255600841999694,-0.004005279300740737,-0.0024225353446186175,0.011640186591691805,0.012546110300099802,6659.6088240765675,deltaRIC0,BLS-G
136,963.339301453595,879.9186195877793,392.1298670438623,1389.194245643254,0.06450614058295019,0.05730188641603521,0.02962323388948503,0.10062929231837921,10.6950057439999,-0.01008829785063519,-0.008133950850806228,0.007129862534780442,0.014790870485922312,-3630.8647399659076,deltaRIC0,BLS-G
137,432.55573698872195,420.8189745352051,100.07924996219144,586.680933811682,0.0328413219688336,0.032238453861699025,0.006263746583930098,0.04383563145666172,12.047093529999984,-0.002310559060680586,-0.004719839681922629,0.03689706782516135,0.037269413516857246,716.0312554692973,deltaRIC0,BLS-G
138,294.83487202014254,272.79049009675407,111.86129925897788,472.79942247765246,0.022249794863970683,0.020757658017431076,0.00801080552255238,0.03792009735903363,9.7600237810002,-0.007599669224295583,-0.005297951177639838,0.013254123271449288,0.016170808350052707,2676.4539570001634,deltaRIC0,BLS-G
139,275.6983653571234,240.8086845389934,134.24144706903854,488.33436171120684,0.02005846277871962,0.01792303637839511,0.009005925606177627,0.03783500053576393,10.360666704999858,-0.003937222889972778,-0.003609318436202319,0.016942019497062165,0.01776403468523044,4941.946164826502,deltaRIC0,BLS-G
140,186.11730055836176,177.29564200660752,56.620710809706594,308.670182953888,0.01376582581744221,0.013145783429913793,0.004084891485702204,0.023175070355569365,17.031637301000046,-0.00042307198983482523,-0.0010212153284433721,0.0020983389736212543,0.0023716865526136463,42695.3754462004,deltaRIC0,BLS-G
141,65.89780539984993,53.06563534659113,39.07120553270795,116.53721749559583,0.0040975800335823105,0.0035408714634864685,0.0020621327335260467,0.007743922853132644,10.277993214000162,-0.009320042970392059,-0.0039497476774645116,-0.002345781394867946,0.010390688044499235,861.4534774500935,deltaRIC0,BLS-G
142,368.4089992657825,362.3769444804629,66.39383140788675,535.3541850538082,0.027620109673329403,0.027246987158730376,0.004524615910630016,0.0408003459229921,12.486719975999222,-0.002487334225148861,-0.0026149898679316197,0.0052533801767149476,0.006373618033588418,4315.680357292622,deltaRIC0,BLS-G
143,223.871670322484,218.710692108525,47.792864848101885,346.8263763349533,0.016909294010426523,0.016595555125959813,0.0032421866066399104,0.025668697277908405,12.5510509679998,-0.001071418209606839,-0.0011628543962245842,0.0045415721627297964,0.004808954671857301,17250.293093345917,deltaRIC0,BLS-G
144,219.95245753800882,211.3210543023222,61.01225766650972,356.1630685999826,0.016893148143810006,0.016442569655368163,0.0038756105760354037,0.026336003547783354,13.08231235599942,-0.010294142766521632,-0.008732555201940075,0.002827579372135315,0.013792102840328063,-241.57895336496767,deltaRIC0,BLS-G
145,311.8777349621746,285.15371328243447,126.3134251232844,492.2326659061535,0.023692873954750192,0.021867617769238717,0.009119186879001616,0.04097708645292385,11.852394675000141,-0.00859830722787179,-0.005241458590651367,0.01282619265730762,0.01630690017829131,-32.863236991532176,deltaRIC0,BLS-G
146,298.6724425279677,285.37169054090003,88.13754116975876,480.4976843928777,0.022869544542346007,0.021908277234584213,0.0065607511907515,0.03614562233182379,19.82536862699999,-0.002476829878812884,-0.0016665666176278193,0.005118866943825883,0.00592578512335412,8068.171678105213,deltaRIC0,BLS-G
147,481.7659744428875,446.5603201372685,180.782561686146,849.8283400548592,0.03612375498067438,0.033609848825651115,0.013240231713254691,0.06319706916613073,9.25952726899959,0.07270573788535288,-0.5048012438968551,-0.1564190868456272,0.5334579185754821,-23466.271345874105,deltaRIC0,BLS-G
148,321.45391093109106,305.9927317125263,98.49398454727958,510.84526987351853,0.02443699612263637,0.023352385897643945,0.007199503620755064,0.03878398567752154,8.893489398000384,-0.005045045393022786,-0.003113907363016135,0.011568975731447839,0.012999619285115067,4127.709502579848,deltaRIC0,BLS-G
149,405.2307986355969,399.3303182917797,68.90063175203571,552.9699659159478,0.03139407721755759,0.030881149438291296,0.0056517867716227264,0.04482872116669655,12.379665628000112,-0.003070419289944529,-0.004101960566512481,0.030735079874855843,0.03115924726335756,2038.2491199512042,deltaRIC0,BLS-G
150,922.954409967953,891.4784960438221,238.97894043353966,1271.9292859459208,0.07311536160112254,0.06926970922557113,0.023400074484234683,0.64099642814584,15.658027952000339,-0.02329474514329431,-0.02568483865845988,-5.381967067495476,5.382078768625935,-12993.068295193358,deltaRIC0,BLS-G
151,274.4365674865795,255.68216903323525,99.70986918192227,398.0301807118117,0.020288044948012927,0.01936935676646779,0.00603595777535606,0.028149001557535136,10.210855665000054,-0.0018712009394988897,0.002166512992543065,0.002435668487256298,0.0037586769590712125,5037.222864462121,deltaRIC0,BLS-G
152,289.37011893935187,275.11054593433505,89.71763065689383,462.3110136064331,0.021743554852081997,0.020854694550103896,0.006153364350285563,0.03455956674699207,19.008691961000295,-0.0032336189568912053,-0.0017980563057194102,0.00793557510397283,0.00875572100216178,6832.441286164383,deltaRIC0,BLS-G
153,410.0408295887351,384.2004861462501,143.260142310425,568.4655414260817,0.03189015096593039,0.029803298986391533,0.01134658971486958,0.05147295360700491,11.88709553300032,-0.009991498066781174,-0.006927001981116248,0.05760343924584071,0.05887248595918251,-2971.245089812335,deltaRIC0,BLS-G
154,242.15550691703294,223.84863926546123,92.36382532813705,401.3562262390757,0.01796555260871708,0.016850719325872513,0.006230115467408899,0.030596586743870332,11.892201903999194,-0.0032558068154079477,-0.002848698485882041,0.007990548084787786,0.009086485557025292,10495.97780142042,deltaRIC0,BLS-G
155,308.13773563599386,288.0240472919023,109.50348078700334,506.19478386878916,0.0230674117053022,0.02178694199577657,0.007578564590645124,0.039383573755761146,11.127163788999496,-0.005943572608699504,-0.0037653628664284324,0.00939877884256709,0.011740573095136708,594.9398000097462,deltaRIC0,BLS-G
156,149.72328074796465,138.13179905644242,57.76388912949372,246.72177807060635,0.010700420102341419,0.009615661874090126,0.004694468776098298,0.01947745951586684,15.339616845999444,-0.0017797250994938856,-0.00128989880877614,0.007923347605881434,0.008222572447250172,21953.215280703604,deltaRIC0,BLS-G
157,194.98563081604289,157.49713759508938,114.95237219859213,351.7657263404933,0.014380270122814268,0.012097467229145469,0.007774538921688932,0.03024374649537306,22.89128837000044,-0.006192167031678672,-0.00578393261195195,0.00963866833628154,0.012833578468402565,622.155673084013,deltaRIC0,BLS-G
158,306.39415623418245,291.4658997023757,94.47226198806337,429.93673468892206,0.022460857250239594,0.02147040841430843,0.006596337691358315,0.03411868188928033,23.681221371999527,-0.005508206385857339,-0.0034993500171659033,0.02240532004332068,0.023336326925535344,4226.928734079036,deltaRIC0,BLS-G
159,168.57855988089744,159.55857118967637,54.40398157696093,271.17998685907867,0.01261233920573136,0.012106865617496278,0.003534813313361085,0.020581984421558674,23.56603293900025,-0.0017930469352971192,-0.0020145024585154973,0.006289683097729471,0.006843489675407362,17514.48445357878,deltaRIC0,BLS-G
160,245.34746654395374,208.08883441473404,129.97852257759325,461.7865592653464,0.018199235473081204,0.01566000032183285,0.009272354702277757,0.03494519279325406,14.09495305100063,-0.0013117807275333305,-0.0008299317045387008,0.005504074949297873,0.005718775774483099,1588.7878567721982,deltaRIC0,BLS-G
161,322.3472517825888,285.49481766515214,149.66783160762787,575.7344270528043,0.02368593901524699,0.020744485062031987,0.011431974743898426,0.04292392185884765,11.272311773999718,-0.0019767074536617218,-0.0008965387292605019,0.0017764628373712439,0.0028048126965961443,987.3433764002493,deltaRIC0,BLS-G
162,293.99178464764935,253.39418766228425,149.0723149994019,528.9355844751715,0.021744275808643018,0.01912981716150581,0.010337486435768404,0.039210104394115465,8.673570375000054,-0.0027128534384097116,-0.0014655527862458665,0.007918215553206707,0.008497385262220904,7595.133449335095,deltaRIC0,BLS-G
163,317.9788838265861,295.15437950057805,118.29819449691658,517.198479038575,0.024301391177574006,0.022827141598692008,0.008335419581444998,0.04024673964921553,14.077602460999515,-0.0066328736378949696,-0.0015525346111979566,0.023927592938968473,0.02487840590287536,-3544.605090107918,deltaRIC0,BLS-G
164,263.62035913112834,224.89524406374179,137.54207700167638,481.8648217842129,0.019252313729612485,0.017025178339528126,0.008988597579750004,0.03661924974065497,10.356921543999306,-0.0018631535573000824,-0.001595277428573398,0.007470348162921288,0.007862719181520931,8248.108699949214,deltaRIC0,BLS-G
165,162.9933960633824,146.55351649185775,71.33662428336102,288.90369152911524,0.01220917142955278,0.011231138948795037,0.004788046042914267,0.021800259990681692,17.322289998999622,-0.0016281071158179333,-0.0018039506771335744,0.005492926738429442,0.00600643113503025,16885.614855393567,deltaRIC0,BLS-G
166,452.79020673965584,450.2373637683555,48.013410483549876,569.7064628208867,0.03417439555842692,0.034004366902356545,0.003404753053269527,0.04451672692488327,9.114580423000007,-0.00776841550815508,-0.003974589947642637,0.014112366649570664,0.01659230355349011,539.1827391114675,deltaRIC0,BLS-G
167,338.58602530293274,323.13104897485533,101.12774949957041,537.7293659697464,0.025355806500481373,0.024254746154089086,0.007390819460016215,0.03964793944916004,10.341963382000358,-0.0042445867753044195,-0.003064949722291776,0.01624915065847598,0.017071769996550325,7915.024085145393,deltaRIC0,BLS-G
168,244.56131951338062,224.89701981776568,96.08105681773772,419.2709380069098,0.018390103993827074,0.017128369191367954,0.006694392709422682,0.031367757931180636,10.55797171499944,-0.002221107529133293,-0.0017632783622048827,0.0054878655833861464,0.006177308305395377,10639.92770341511,deltaRIC0,BLS-G
169,560.9069617411935,551.4384099020195,102.62699359558826,712.787002639015,0.04194075654451834,0.04147384227526983,0.006240790531062444,0.05430858670048578,11.087944664999668,-0.00301570682205786,-0.0027043555891231807,0.02030205586840187,0.020702210009386414,-3724.844390111268,deltaRIC0,BLS-G
170,452.0414535555826,440.51152857843033,101.44490584617192,627.5287526644154,0.03400928434753739,0.03321464946738055,0.007308794879505685,0.049812974456819856,12.560441110999818,-0.008963237468884524,-0.005518074305309979,0.01958400050719952,0.02223334985620765,716.5838833225498,deltaRIC0,BLS-G
171,256.80820023445057,244.6130077133008,78.19800614536366,417.7342804722732,0.019197446462514523,0.018259553984696506,0.0059271105069051465,0.030912107452279857,12.243835068000408,-0.002385572352542416,-0.0015686040926435223,-0.00014510338195553718,0.002858763585910472,8426.139702124561,deltaRIC0,BLS-G
172,199.2565918774302,177.71046251007877,90.12314309356205,358.9548586835396,0.01455726889699516,0.012759464513597406,0.007007862945696867,0.026767626925303344,17.795110799000213,-0.0016572014097144432,-0.0024670100608624704,0.0015459021937109319,0.0033499654841918085,18175.233503653857,deltaRIC0,BLS-G
173,488.6638974712225,452.92404916669904,183.44538799928176,862.5397842925248,0.036621311312227685,0.03406104905459843,0.013452337325808278,0.06407325730875306,8.849640010000257,-0.03245611505363567,0.04389451288561806,0.015064168276033704,0.05663088231423899,-15879.22510525985,deltaRIC0,BLS-G
174,198.98893665885262,173.54805707829013,97.35331939369809,365.67461714922075,0.014716410195660388,0.012900988346728998,0.007080764699133821,0.027121296471513987,10.73456599399924,-0.0014052834703479117,-0.0012277751684919315,0.002687818135078964,0.003272097159874355,16436.000580830558,deltaRIC0,BLS-G
175,487.93509311557216,452.4982240518696,182.55413532321347,859.2298750115219,0.036571205559694384,0.03403774845811014,0.013374780596026316,0.06387238073610213,13.367241316999753,-0.03216036273269886,0.07605927727446697,-0.1542109207357067,0.1749294448192397,115812.13874071548,deltaRIC0,BLS-G
176,281.9291107185443,246.59522289167523,136.65584333483224,513.407596409783,0.020918132791745713,0.018664834304170017,0.009444164329943936,0.038314684525565426,18.100575520999882,-0.001162071807887251,-0.0005582665754650108,0.0036054534528950125,0.00382901646078472,6625.8637297862515,deltaRIC0,BLS-G
177,400.45147780128997,377.0316761197118,134.93887977746726,655.0496190698004,0.029787227704887766,0.028007360629913325,0.010142321474337824,0.04919571524446963,10.352201692000563,-0.0054662709752637045,-0.0032135507966634335,0.0018805943267698275,0.0066138991615858084,1699.2361556989617,deltaRIC0,BLS-G
178,296.1036253378852,271.79392626090834,117.4964620144736,493.83798971810404,0.02180587612804072,0.020372478491526663,0.007775497014579817,0.038391399249197655,11.184200632999818,-0.006361710133529789,-0.004971487358794829,0.013035523174785691,0.015333359280408427,4707.70821830754,deltaRIC0,BLS-G
179,138.4458624534277,130.79976142271914,45.37267065352419,223.97842528394366,0.010419556081115272,0.0099991428584765,0.0029298960772158236,0.017226475297022422,14.689201213999695,-0.001436686121052721,-0.0018000322686420036,0.0046960728088019064,0.005230419008468309,20317.249626831865,deltaRIC0,BLS-G
180,168.18828091633821,159.50825207943473,53.33306062993754,275.24410860841164,0.012444531332805025,0.011886433955105418,0.003684975973338634,0.021258138673063615,12.514797460999944,-0.0020649334796596264,-0.0032777400505903825,0.007988519723436793,0.00887828685537937,16494.33650868453,deltaRIC0,BLS-G
181,347.41823990581156,329.94964635374714,108.77805059059136,562.9857295682747,0.026097821694150848,0.024959587321599058,0.00762333902664457,0.04195671011879928,17.133744783999646,-0.005136458471255501,-0.0021964439144293176,0.013384425430980491,0.01450346219402951,591.8690171757171,deltaRIC0,BLS-G
182,307.8154898832166,272.6876744168647,142.79988807126796,556.1445154433494,0.021329639135609084,0.018296507156607238,0.010963180721101282,0.0438775351468514,11.45330580100017,-0.0017429128402429441,-0.0018763397521798304,0.006037702348762164,0.0065583721826793385,-1116.960999361032,deltaRIC0,BLS-G
183,330.91732112892,301.12712170830855,137.21781952359643,583.3371129636208,0.0247746051660919,0.02284670731100573,0.009581702676507172,0.0457079104780431,13.743756378000398,-0.004133991843790045,-0.004326914191638541,0.011634851386550234,0.013083647877157024,-1.376068957039024,deltaRIC0,BLS-G
184,284.4174273270471,261.93790175335323,110.82332151847268,499.7760236409726,0.021181953378653372,0.01971017522388218,0.00775784387438328,0.03667015213748395,10.058039284999722,-1.3367499193713104e-05,-2.2909926551533906e-05,0.0002789284061949409,0.00028018674228403554,4808.489194795711,deltaRIC0,BLS-G
185,141.35957050738295,127.94354662341372,60.108044814767794,252.0492768064829,0.01046027675712789,0.009435743860369036,0.004514878474246902,0.019058809686564964,22.266377340999497,-0.0010666741764360438,-0.0012624145427304683,0.0015620890614363955,0.002274116644376917,25128.394034111494,deltaRIC0,BLS-G
186,245.01886181579923,211.0829445776529,124.4115475104189,448.5443675276006,0.01788926208673019,0.01579322249220278,0.008402369982302753,0.03380302120880354,14.769719625000107,-0.002139115173333826,-0.0012774450250440514,0.0018552450338449108,0.0031063827279334084,3689.2253179136933,deltaRIC0,BLS-G
187,489.9822857805152,454.12685578576406,183.98760619355426,863.892060666809,0.03671714342557713,0.034158123868161555,0.013467412340228324,0.06418721072167247,8.614483174999805,-0.019601950408501552,-0.025824516188874783,0.00965649364040074,0.0338288333472189,-13711.347110429711,deltaRIC0,BLS-G
188,479.2652740268543,443.99095786961925,180.4639360594071,847.2289625344223,0.03594886152489616,0.033432976418787286,0.013211992004121601,0.06301774011360727,10.711292232000233,0.0030492258268679305,0.0018259377517010483,0.026028646524572804,0.026270178277230657,-26933.913474170513,deltaRIC0,BLS-G
189,290.8942979869359,271.41868575286344,104.64888735911425,487.33723076355795,0.02184310210197047,0.02059821756034448,0.0072687373576036515,0.0361035911487442,15.668664642999829,-0.002924746615311652,-0.0017260907711196122,0.008588058075268707,0.009235165056354397,7371.632374855479,deltaRIC0,BLS-G
190,371.03443721921377,331.5312183594951,166.59413211649286,642.4427070957294,0.028663044194811072,0.025559048736963602,0.012973246709101466,0.05697429289591919,10.451248104000115,-0.012251690631737536,-0.008475057756373864,0.029871926310940523,0.03338057082849152,-3754.822718438636,deltaRIC0,BLS-G
191,303.1339869452631,284.30739824546987,105.164239854728,493.50188355416424,0.022778724355399137,0.021568034023214964,0.007327359117219233,0.037132519339719,18.15649482400022,-0.0042579447189685414,-0.002313431773260598,0.009586751093990074,0.010741873967676386,4670.255068102691,deltaRIC0,BLS-G
192,368.4401405765903,361.7220336159535,70.03790105961663,524.618326210176,0.028003721739725405,0.027495991967200747,0.005308376118513207,0.04121430209932931,18.163633176000076,-0.004807395315949721,-0.0028331379584089233,0.009845025696113131,0.011316459312537674,-5048.486148414463,deltaRIC0,BLS-G
193,414.027344950403,401.8446461002353,99.69715526160518,594.0652087428551,0.031173721869563662,0.03036559235873672,0.007052073163541448,0.045930908395297274,15.961830690999705,-0.008103085850278045,-0.0036436035585749853,0.01660364290023835,0.0188312719896366,-428.7854658833003,deltaRIC0,BLS-G
194,213.9734474184179,184.44149757726944,108.47105683811026,389.3805475616802,0.015410439722742272,0.01377110024465423,0.006916534573032729,0.029169899403297887,21.94309030399927,-0.003119191122442965,-0.0015975226163814668,0.0013140944800321202,0.00374276315983635,-6994.138163145834,deltaRIC0,BLS-G
195,482.3805925394526,446.8783254170641,181.63369272013918,852.6583170039826,0.03617222261405324,0.03363708454924642,0.013303241404540206,0.06339068400171512,8.656272145000003,-0.009261332892334254,0.016473209635167678,-0.07551922143150638,0.07784787555384994,-14883.94506561889,deltaRIC0,BLS-G
196,280.7107831817176,264.6158679189557,93.68557114087018,461.8971584300509,0.021154195862793126,0.020126716608035736,0.006512701527110886,0.03406782339624219,17.813010474000293,-0.00302185669388286,-0.0017364247697985843,0.00863727688959774,0.009313932624145073,7621.076644010547,deltaRIC0,BLS-G
197,127.52789211789491,121.89084711275598,37.496461942004544,188.41491412885762,0.009679490218706899,0.009092136511392448,0.0033204795666058337,0.016530341769634842,12.012375952000184,-0.00949901097928495,-0.004697632974087191,-0.0005459630663449176,0.010611175279563526,204.7141770285216,deltaRIC0,BLS-G
198,237.2672238544936,209.91007514802394,110.60513490326444,378.6832778854054,0.01758086878402682,0.017102812682593026,0.004071946161886689,0.024999408527622335,11.969320275000428,0.00508258218784085,0.01230073502261904,0.009607214159313005,0.016414605925691547,-627.2082283986565,deltaRIC0,BLS-G
199,510.85218935353856,507.0706737388352,62.04265630473529,581.358132929478,0.038487980494634914,0.03835548346682606,0.003190851074780948,0.044454105840990216,11.834964891999334,-0.005271668023926105,-0.0031118284808231696,0.018450579435389726,0.01943959469099532,658.0188782244186,deltaRIC0,BLS-G
200,65.43250876646127,58.54410531450714,29.223294413822092,107.8355610261223,0.005384930842484189,0.005249910266581817,0.0011982997835167533,0.009361651130378483,10.464451636000376,-0.010524396092083062,-0.0040758413008636285,0.001510852970283792,0.011386749848428843,959.5030109878808,deltaRIC0,BLS-G
1,6372.091937409062,4529.504287931598,4481.868646491421,23862.815262928973,0.6550326139407974,0.41284558747558564,0.5085530908647121,1.9101466469221615,7.002472176999618,,,,,,deltaRIC1,BLS-B
2,6371.1179352254585,4527.777984249319,4482.228270614815,23862.746271371372,0.6549855819755315,0.412732483105817,0.5085843194448018,1.910194493924695,7.160963502000413,,,,,,deltaRIC1,BLS-B
3,6366.920606390382,4523.575406730131,4480.5070636820565,23853.24811265903,0.6546763244733407,0.41241601545994266,0.5084428384961943,1.9094780338351174,4.315147736000654,,,,,,deltaRIC1,BLS-B
4,6372.80187188842,4531.34822127515,4481.014058881214,23861.376436937528,0.6550279022385671,0.4129559919089958,0.5084573742778398,1.9099487896990812,4.385855891000574,,,,,,deltaRIC1,BLS-B
5,6363.108230357444,4520.114103875989,4478.584021672923,23844.202880586447,0.654509382767617,0.41219730829783513,0.5084052627214499,1.9090362598349082,5.65933873800077,,,,,,deltaRIC1,BLS-B
6,6368.580629936002,4527.311489526403,4479.092532734535,23852.411891732903,0.6548018565794592,0.4126901130793674,0.5083820826371102,1.909449721778109,7.423700932999964,,,,,,deltaRIC1,BLS-B
7,6367.268088966465,4524.508232099997,4480.05894765125,23852.32414219673,0.6546841473047742,0.4124742799921043,0.5084056461893145,1.9093772723663174,8.595622991999335,,,,,,deltaRIC1,BLS-B
8,6370.729392127392,4528.085285335346,4481.3654879339365,23860.7923396489,0.6549880271544952,0.4127641146382362,0.5085617970145329,1.9100880955661865,6.138701660000152,,,,,,deltaRIC1,BLS-B
9,6370.444869479966,4527.060290646975,4481.996537251111,23861.607029954266,0.6550209705805489,0.41271081245675184,0.5086474783006126,1.9102826185772404,4.300551681999423,,,,,,deltaRIC1,BLS-B
10,6365.405439003762,4521.8123844207885,4480.133833156937,23852.10267646101,0.6547607097347596,0.41235803390226633,0.5085985046071445,1.909708795473844,5.4892230149998795,,,,,,deltaRIC1,BLS-B
11,6369.681258164829,4526.870691141113,4481.102662995334,23858.608724005186,0.6549476721198281,0.4126854422574835,0.5085736711273277,1.9100001658268608,5.094690693999837,,,,,,deltaRIC1,BLS-B
12,6364.82271814605,4520.715240495754,4480.413144764386,23851.109732643323,0.6546454590572012,0.4122522811629674,0.5085358726187793,1.9095332779707062,7.550097896000807,,,,,,deltaRIC1,BLS-B
13,6366.34355615523,4523.109344556732,4480.157601266142,23851.467200037456,0.6546238880836339,0.41237962945141354,0.5084048348149818,1.909350098878079,6.713587170999745,,,,,,deltaRIC1,BLS-B
14,6368.554425932112,4525.585752896437,4480.798932025436,23856.43003349562,0.6548278023715313,0.4125793701332429,0.5085053727338441,1.9097853333816563,8.758146863000547,,,,,,deltaRIC1,BLS-B
15,6366.778916838795,4524.093768191951,4479.782288516902,23851.508686730525,0.6547216786549553,0.412472272524695,0.5084556036657245,1.909457013914705,8.611000000999411,,,,,,deltaRIC1,BLS-B
16,6364.523433207592,4522.377418929263,4478.310062133621,23845.667422730297,0.6546649456179177,0.41238451792540537,0.5084537347648673,1.9092723974888446,5.857070062000275,,,,,,deltaRIC1,BLS-B
17,6376.327744554074,4533.62204802263,4483.729098825344,23869.91123998677,0.6550736178299222,0.4130510830100267,0.5084390303674837,1.9102262850007052,6.700753514000098,,,,,,deltaRIC1,BLS-B
18,6366.682097021381,4523.332633041108,4480.4132415880995,23852.620126767168,0.6547160743911821,0.4124176123056828,0.5084927247525567,1.9095468789777517,7.546352620000107,,,,,,deltaRIC1,BLS-B
19,6365.721441846476,4523.007884664107,4479.375977795377,23848.738675116612,0.654627608489735,0.4123871618174803,0.5084035154924808,1.9092653721632835,6.384714332999465,,,,,,deltaRIC1,BLS-B
20,6368.004378400895,4525.454676429586,4480.149521490835,23854.978110032385,0.6548555958448425,0.4125929763845284,0.5085301242281126,1.9097843855853647,5.3019463560003715,,,,,,deltaRIC1,BLS-B
21,6367.485534967462,4524.376576294686,4480.500935598143,23854.994244554604,0.6548374219052033,0.4125271347709919,0.5085601362720924,1.9098590785162946,4.835312254999735,,,,,,deltaRIC1,BLS-B
22,6371.142642211114,4528.029206754627,4482.009601749854,23861.998836754123,0.6549674822462681,0.4127413699471755,0.5085537968928602,1.9101001895067686,3.4331990740001856,,,,,,deltaRIC1,BLS-B
23,6369.382555333936,4526.252864010363,4481.30217093539,23857.939662908477,0.6548858016140705,0.4126240881561811,0.5085437788715774,1.909892044034352,6.503069098000196,,,,,,deltaRIC1,BLS-B
24,6366.828395354194,4523.7419396136065,4480.207883532793,23852.269011004726,0.6547253723390732,0.41244576874389666,0.5084818590960688,1.9095193189722746,7.164109985999858,,,,,,deltaRIC1,BLS-B
25,6367.854963917476,4524.705143785225,4480.694165337774,23854.142130974884,0.6547508839398082,0.41249460310568403,0.5084750951901622,1.9095528945144855,9.595043371999964,,,,,,deltaRIC1,BLS-B
26,6367.136888160213,4522.50651503393,4481.893235458222,23856.854847662395,0.6547835549100575,0.41237290377303965,0.5086158589883366,1.9098940368202098,6.57385699400038,,,,,,deltaRIC1,BLS-B
27,6368.299924871484,4525.575083460727,4480.447979508028,23855.228955917733,0.6548481547373552,0.41258950769700287,0.5085233562986698,1.9097699889718833,6.709859728000083,,,,,,deltaRIC1,BLS-B
28,6370.989984204749,4527.3645007100495,4482.464060820529,23862.331430238388,0.6548487756755603,0.41265436887568885,0.5084715241304936,1.9099246356633397,4.834863023000253,,,,,,deltaRIC1,BLS-B
29,6364.465923097884,4521.9209718592665,4478.689229063961,23846.78226574462,0.6546294260998886,0.41234112245054516,0.5084431966818851,1.909264399076715,6.311488183999245,,,,,,deltaRIC1,BLS-B
30,6372.617139706556,4530.23441127643,4481.87744011019,23864.34615686976,0.6551085538786651,0.41291910184550373,0.5085912235736066,1.9103474915686884,4.750812124000731,,,,,,deltaRIC1,BLS-B
31,6371.715656675179,4529.122542695992,4481.719469440562,23861.95928459126,0.6549327111496895,0.41279730948883997,0.5084636048063397,1.909978588777696,4.82636945700051,,,,,,deltaRIC1,BLS-B
32,6366.316939528073,4522.999026863711,4480.231152241143,23851.837088733224,0.6546837925823196,0.4123964970464414,0.5084682856322449,1.9095170579652423,8.25541153299946,,,,,,deltaRIC1,BLS-B
33,6373.046764307646,4530.749720653537,4481.967428356664,23864.39167583941,0.6550626721539916,0.41292619067289515,0.5085263665788625,1.910195172658772,6.739987250000013,,,,,,deltaRIC1,BLS-B
34,6369.694384167384,4527.645382244934,4480.338585456419,23856.78846503224,0.6549378584942568,0.4127389969831512,0.5085175698620309,1.9098839139474146,9.240570656999807,,,,,,deltaRIC1,BLS-B
35,6371.686851340681,4528.448332547589,4482.359761442032,23862.147155550072,0.6548605271551512,0.4127148598560809,0.5084375620269395,1.9098406745657186,6.195084981000036,,,,,,deltaRIC1,BLS-B
36,6366.788483649981,4523.996002057807,4479.894615825578,23852.023742853642,0.6547400629455865,0.4124742439894059,0.5084776770629748,1.9095454500356095,5.661226991000149,,,,,,deltaRIC1,BLS-B
37,6366.118651333454,4522.757909698848,4480.192805350255,23852.513342897364,0.6547467731114952,0.4124075757696089,0.5085403900849472,1.9096743946600467,6.158354279999912,,,,,,deltaRIC1,BLS-B
38,6373.271584482153,4531.099702879764,4481.933307416629,23864.42621520999,0.6551041744813856,0.41296441685950785,0.5085487880536383,1.910299634528041,7.116419674000099,,,,,,deltaRIC1,BLS-B
39,6366.580380311081,4523.445570415671,4480.154674835327,23852.37592195487,0.6547529419115357,0.4124431302448767,0.5085194974193401,1.9096158861555903,6.3216248209992045,,,,,,deltaRIC1,BLS-B
40,6371.4694839916465,4529.444043942482,4481.044525356869,23859.643214113657,0.6549028666147866,0.4128110375011475,0.5084140163464135,1.909786937325026,6.340636388999883,,,,,,deltaRIC1,BLS-B
41,6368.483398591155,4525.645430786686,4480.63770382417,23855.69675913567,0.6548234759092412,0.41258232849853366,0.5084974009890204,1.9097385681657013,5.431833948000531,,,,,,deltaRIC1,BLS-B
42,6375.051348134645,4533.832424659919,4481.700931170632,23865.97917470006,0.6551531154270734,0.41313263394016225,0.5084752023722142,1.9102425248327493,6.071096375999332,,,,,,deltaRIC1,BLS-B
43,6369.278880711432,4526.4614567415465,4480.944112674232,23857.096025185827,0.6548467008417305,0.4126285536349622,0.5084898015972573,1.9097722523935292,5.149316377000105,,,,,,deltaRIC1,BLS-B
44,6363.779399715048,4519.159424867702,4480.500679708355,23850.17186564236,0.6546283272164977,0.412157556951196,0.5085905966907879,1.9095464503311588,6.048665412999981,,,,,,deltaRIC1,BLS-B
45,6372.741765359753,4530.289250464253,4481.999209626055,23864.714745642214,0.655121771386828,0.41292321699361745,0.5086049077748437,1.9103676344061455,5.338765761999639,,,,,,deltaRIC1,BLS-B
46,6365.843227142251,4522.328171587567,4480.235250633421,23850.920757872263,0.6546394404956837,0.412338474798613,0.5084582374721206,1.9094017726216241,6.6500731120004275,,,,,,deltaRIC1,BLS-B
47,6371.586235004852,4528.440043140567,4482.225108780723,23863.53754652974,0.6549984960379074,0.4127714037888741,0.5085693640262681,1.9101728300063259,6.768711290000283,,,,,,deltaRIC1,BLS-B
48,6373.3684045251075,4530.230997686644,4482.949021280299,23866.053164991616,0.6549882216647129,0.41285119457413194,0.5084913584892228,1.9101210778222741,5.744917902999987,,,,,,deltaRIC1,BLS-B
49,6367.006484283427,4523.062153863553,4481.147210614085,23855.00701321589,0.6547498686364516,0.4124098215515318,0.5085425543327563,1.9097608449279562,8.06942555600017,,,,,,deltaRIC1,BLS-B
50,6369.854255998432,4529.136102525183,4479.05898682573,23853.776086035927,0.6548741834322522,0.4128183318453858,0.508371144950667,1.9095426147457608,6.991882088999773,,,,,,deltaRIC1,BLS-B
51,6365.357203717223,4522.190172526258,4479.6839592120405,23849.820439170882,0.654665041042829,0.4123524978995698,0.5084798259907607,1.9094253059729163,5.064858316000027,,,,,,deltaRIC1,BLS-B
52,6369.907046268918,4528.101984455515,4480.179482618572,23856.75782496692,0.6549391320989384,0.41276569688842096,0.5084975380734177,1.9098407027868944,4.565923766000196,,,,,,deltaRIC1,BLS-B
53,6371.041182374575,4528.476767205275,4481.413160644184,23859.548120482923,0.6548665269136923,0.41273640024013025,0.5084278041067588,1.909769513789243,4.071238638999603,,,,,,deltaRIC1,BLS-B
54,6370.748317686349,4527.009539824121,4482.47908568962,23862.655329601806,0.6549428626009126,0.4126701337336878,0.5085798993236934,1.9101498017190628,6.694670091000262,,,,,,deltaRIC1,BLS-B
55,6368.032347647994,4524.342621352709,4481.312288303788,23857.557319455023,0.6548641708830955,0.41251812872006377,0.508601883385916,1.9099852617489168,7.460336395000013,,,,,,deltaRIC1,BLS-B
56,6369.304722924092,4525.475346667724,4481.976744714968,23859.67693741637,0.6548529628896749,0.4125612852997122,0.5085524445691273,1.9099498712473448,4.217455015000269,,,,,,deltaRIC1,BLS-B
57,6368.319016326983,4525.457293006931,4480.594088163116,23855.29144313684,0.6548131342749106,0.4125669417184922,0.5084965677563443,1.909704316970163,4.484922911000467,,,,,,deltaRIC1,BLS-B
58,6367.3814239198055,4526.043165423269,4478.669385253205,23849.280015436205,0.6546882395076278,0.41258383215798733,0.5083220164339005,1.9091848808334968,6.491843337999853,,,,,,deltaRIC1,BLS-B
59,6366.49227762292,4522.873382757998,4480.607133477727,23852.46912188521,0.6546468625633249,0.4123686009654799,0.5084433612525369,1.9094649998215878,5.813022424000337,,,,,,deltaRIC1,BLS-B
60,6370.798079538644,4529.2813902238895,4480.254262698137,23858.434007732543,0.6550920332686277,0.4128840945850175,0.5085983646166542,1.910137955234367,6.396933908999927,,,,,,deltaRIC1,BLS-B
61,6369.092055573372,4526.062277493948,4481.081774818903,23857.709452835905,0.6548884733523039,0.41262069599246515,0.5085499717514542,1.909908532190373,9.41133272299976,,,,,,deltaRIC1,BLS-B
62,6368.324363674705,4524.868337786513,4481.196461512254,23857.186116041434,0.6548430283219928,0.4125372870794793,0.5085591199762537,1.9098809527215976,8.38083194399951,,,,,,deltaRIC1,BLS-B
63,6372.6894909957255,4530.582905423474,4481.628039644962,23862.842526728535,0.6550312113055837,0.4129109184339764,0.508498241120331,1.9100907144600645,7.2732723749995785,,,,,,deltaRIC1,BLS-B
64,6368.549222598175,4525.963396244391,4480.410085752391,23855.25166397077,0.6548687046769053,0.4126192028440095,0.5085257258090115,1.9097989552382824,4.191949563999515,,,,,,deltaRIC1,BLS-B
65,6371.02343679216,4528.305798812464,4481.560690718848,23860.405683235662,0.6549719530080422,0.41276475211027885,0.5085405771838754,1.9100443560493297,4.394890110000233,,,,,,deltaRIC1,BLS-B
66,6365.410160845213,4521.75185079562,4480.201637830362,23851.68126127526,0.6547322166811255,0.412344862738227,0.5085725019439931,1.90966188686156,6.693340005000209,,,,,,deltaRIC1,BLS-B
67,6366.6880377145835,4522.895552589514,4480.862906845507,23853.674969241627,0.6547173070324164,0.4123875522848394,0.5085186907561,1.909614988747758,4.769588621000366,,,,,,deltaRIC1,BLS-B
68,6371.5617004608275,4528.860132844705,4481.765768077256,23862.491496611252,0.6550383841398676,0.4128153643470293,0.5085850564611571,1.91018791172266,7.081850428000507,,,,,,deltaRIC1,BLS-B
69,6365.716821544895,4522.1957348471815,4480.189324998397,23850.590138371517,0.654642899892389,0.412332519344211,0.5084675209595716,1.9093985804456233,4.490460869999879,,,,,,deltaRIC1,BLS-B
70,6370.026351360839,4528.248448027451,4480.201079189246,23856.559906065053,0.654855624328714,0.4127495820024291,0.5084030598568128,1.9097002556517226,3.535127843000737,,,,,,deltaRIC1,BLS-B
71,6370.322838313967,4526.636556753275,4482.251058052123,23861.07441226578,0.6547873148625104,0.4126002576936759,0.5084362841654484,1.9098215166942545,4.391478649999954,,,,,,deltaRIC1,BLS-B
72,6367.756592503043,4524.526722081389,4480.734533816682,23855.75649538289,0.6548139872891363,0.4125207228617511,0.5085351621659172,1.909818257851518,4.829970093000156,,,,,,deltaRIC1,BLS-B
73,6367.141964986662,4523.4921401727825,4480.905674089701,23853.039984917315,0.654631647169121,0.4123848717989219,0.508410573244443,1.9093748454674568,7.887601465999978,,,,,,deltaRIC1,BLS-B
74,6372.803615917875,4530.187782489802,4482.189708438953,23864.638258785893,0.6550178934552149,0.412879802631661,0.508506351312693,1.9101842346491065,4.060740142000213,,,,,,deltaRIC1,BLS-B
75,6372.377415272791,4531.031062220981,4480.731127379476,23861.050449933588,0.6550426860566473,0.41295847599838953,0.5084744021653351,1.910045984192939,5.645472883999901,,,,,,deltaRIC1,BLS-B
76,6368.126670642629,4525.771341197331,4480.003466577554,23853.154236300514,0.6547441524774251,0.41256863892607404,0.508406356547662,1.9094709287491607,5.151384277000034,,,,,,deltaRIC1,BLS-B
77,6372.260776181418,4531.4278207689185,4480.163981912007,23859.04550721652,0.6550073110256133,0.41297430003269897,0.5084159763515568,1.909871190362872,5.406756780000251,,,,,,deltaRIC1,BLS-B
78,6372.04135289349,4530.186079812091,4481.107573498037,23861.135854276494,0.655004888474812,0.412891747667509,0.508479899931129,1.9100214343215853,8.879047735000313,,,,,,deltaRIC1,BLS-B
79,6372.742379947327,4531.4886843209,4480.787402348874,23861.626696806517,0.6550815943227075,0.4129923794312671,0.508496990897764,1.910084688243499,4.297930814999745,,,,,,deltaRIC1,BLS-B
80,6374.33305214956,4532.819027943703,4481.704309706055,23864.5525876068,0.6550855784768101,0.4130491767158065,0.5084559889928444,1.9101099991019101,4.941044227999555,,,,,,deltaRIC1,BLS-B
81,6370.3708264315355,4526.978487584832,4481.973922190329,23860.503555398092,0.6548422716250677,0.412640335053251,0.5084745368199077,1.909866341218585,4.3817310520007595,,,,,,deltaRIC1,BLS-B
82,6367.3974190809895,4525.035929562962,4479.709781747418,23852.378275246807,0.6547735459474116,0.4125471104162012,0.5084616781624648,1.9095713990072392,3.607664940000177,,,,,,deltaRIC1,BLS-B
83,6368.423111576278,4525.938666404903,4480.255809214455,23854.0942429752,0.6548190115789613,0.4125988154475845,0.5084782742817023,1.9096365313019652,7.539077700999769,,,,,,deltaRIC1,BLS-B
84,6363.49134817927,4519.058934892341,4480.192906708607,23848.93567994056,0.6545909174480155,0.41214354399986003,0.5085538008359295,1.9094385927537836,5.160826119999911,,,,,,deltaRIC1,BLS-B
85,6368.434261923206,4525.719419041766,4480.4931300634335,23855.294404696524,0.6548470204875148,0.4125958354149825,0.5085167616112454,1.9097643279425431,4.824389722999513,,,,,,deltaRIC1,BLS-B
86,6369.731945862039,4526.781920275968,4481.26438724586,23858.03526294004,0.6549023817472113,0.4126565383780148,0.5085387998491796,1.9098892067934279,4.887413241999639,,,,,,deltaRIC1,BLS-B
87,6366.848909344642,4523.074846524163,4480.910506488998,23853.64900116778,0.6546724863823928,0.41238022061998775,0.5084669291778124,1.9095207168838875,5.600347084000532,,,,,,deltaRIC1,BLS-B
88,6369.324917657529,4526.896977387856,4480.569569017958,23857.484111609552,0.6549344398705876,0.41269510007860033,0.5085487930373196,1.9099574656588243,8.498076556000342,,,,,,deltaRIC1,BLS-B
89,6366.41598110407,4524.74200091111,4478.611645325838,23848.685100369858,0.6547802497370884,0.4125455622973613,0.5084715670266311,1.9094310018075102,4.664090205999855,,,,,,deltaRIC1,BLS-B
90,6371.2388256225095,4529.471651195065,4480.688645079007,23858.409762986874,0.6549633142004652,0.41283831413040034,0.5084697329580455,1.909871792845381,7.70970196899998,,,,,,deltaRIC1,BLS-B
91,6366.968993483604,4522.784912551218,4481.373762450604,23856.205755434014,0.6547975370484764,0.4124053331925387,0.5086075654953452,1.9098841988062423,4.824493658999927,,,,,,deltaRIC1,BLS-B
92,6369.282014709494,4527.472485075592,4479.927039560498,23854.30738869632,0.6547694533116116,0.4126690597966473,0.5083574373180132,1.909425953703054,3.431508723000661,,,,,,deltaRIC1,BLS-B
93,6371.711761444928,4529.1016864253625,4481.735008337126,23861.132361352356,0.6549310479996417,0.4127898003189347,0.5084675588339566,1.909930099527077,6.119103350999467,,,,,,deltaRIC1,BLS-B
94,6366.227226663614,4523.1701024823815,4479.930950977103,23850.740724932188,0.6546660876348794,0.4124001098016102,0.508442558933435,1.9094008848766093,5.746586354000101,,,,,,deltaRIC1,BLS-B
95,6369.345179505585,4524.901020675549,4482.614055300815,23860.72637179196,0.6548650066683596,0.41252303645173327,0.5085989789169779,1.910054234275306,6.326419265999903,,,,,,deltaRIC1,BLS-B
96,6367.887386280238,4525.057081093811,4480.384824676306,23854.058572598802,0.6547658880121259,0.41252837470418763,0.5084670177781733,1.90956397508151,7.6628803369994785,,,,,,deltaRIC1,BLS-B
97,6370.018630234591,4526.515495783242,4481.9409652482,23860.32187212334,0.6549305369563415,0.41264521022162387,0.5085842493816277,1.9100617190156757,6.106299729999591,,,,,,deltaRIC1,BLS-B
98,6372.487940241223,4529.832228408112,4482.100236607278,23863.949406235784,0.6550758823426813,0.41287810356066174,0.5085824252047981,1.9102676838398769,6.604710588999296,,,,,,deltaRIC1,BLS-B
99,6369.3472751097115,4528.575998427678,4478.904345642164,23851.49932927969,0.6547461558589799,0.4127396597389456,0.5082701072173054,1.909233036281652,4.294201458999851,,,,,,deltaRIC1,BLS-B
100,6368.908192672509,4526.37096834855,4480.508612153582,23856.245835655267,0.6548921211913505,0.4126492092400697,0.5085315334490592,1.9098556007454195,8.08695616499972,,,,,,deltaRIC1,BLS-B
101,6370.501251930283,4527.808941316445,4481.32038486205,23859.13514653964,0.654901328112486,0.41271536891859695,0.5084896988355659,1.9098800284447535,6.511736720000044,,,,,,deltaRIC1,BLS-B
102,6367.715475408134,4524.186719436987,4481.019404490704,23855.9470260996,0.6548091322173117,0.41248893222049093,0.508554697580101,1.9097934261051746,7.366761639999822,,,,,,deltaRIC1,BLS-B
103,6370.734650871031,4528.856675054116,4480.593399163397,23857.859678835008,0.6549115086724321,0.41278732729374695,0.5084443987470864,1.9097733720742172,5.08104106600058,,,,,,deltaRIC1,BLS-B
104,6364.397274457267,4520.556468706369,4479.968959753638,23849.144859227312,0.6545689913684085,0.41222157894827643,0.5084623233932338,1.9093103881269193,4.680017226000018,,,,,,deltaRIC1,BLS-B
105,6366.735311925645,4524.9982212173945,4478.806719439939,23849.548422912518,0.6547720563131741,0.41255609270664684,0.5084524718193502,1.9094353481132862,5.866259441999318,,,,,,deltaRIC1,BLS-B
106,6371.558548028862,4528.073759372503,4482.555784442825,23863.260193838938,0.6549266053974264,0.4127229339677389,0.5085161140361804,1.9100874381116406,5.8556183479995525,,,,,,deltaRIC1,BLS-B
107,6368.370818637943,4524.701459663749,4481.43097510115,23856.96924460542,0.6548269412915044,0.4125168415706077,0.5085549905976713,1.9098492803930966,5.940249202999439,,,,,,deltaRIC1,BLS-B
108,6365.808517852358,4523.28602825443,4479.218859640585,23849.13412862196,0.6546995498332728,0.4124286161177318,0.5084625228658477,1.9093814790390482,6.523401443999319,,,,,,deltaRIC1,BLS-B
109,6370.795093349499,4527.823349351728,4481.723534368374,23860.81874868063,0.6549278404017389,0.41272190856480745,0.508518536853779,1.9100007669662147,6.673534589000155,,,,,,deltaRIC1,BLS-B
110,6370.005627285586,4526.809769233675,4481.625263765433,23860.434003277114,0.6549563808988681,0.4126822747654948,0.5085874565642765,1.9101327934749632,5.930000626000037,,,,,,deltaRIC1,BLS-B
111,6370.194967705223,4526.643184310639,4482.062628802834,23861.250375500906,0.6549037764794047,0.41264392560372015,0.5085508304086599,1.9100443315419906,4.305914684000527,,,,,,deltaRIC1,BLS-B
112,6367.984424743237,4523.963269586624,4481.627156424724,23857.93191288621,0.6548979147200382,0.41250057831750575,0.5086595635514758,1.9100723678139038,6.474204897000163,,,,,,deltaRIC1,BLS-B
113,6368.689841139606,4525.43589649484,4481.14273811388,23857.380115780983,0.6548889111308936,0.41258539937907324,0.5085791719500692,1.909938136314096,6.766789954999695,,,,,,deltaRIC1,BLS-B
114,6371.014635270469,4528.371271319427,4481.482021822622,23860.041432152117,0.6548939583856334,0.4127386810736172,0.5084612845395551,1.9098335916701323,4.648176730999694,,,,,,deltaRIC1,BLS-B
115,6369.789295150716,4527.746151456878,4480.371686878675,23856.224814690406,0.6548733702507984,0.41271890153055857,0.5084508229741086,1.9097274913705653,6.315734840999539,,,,,,deltaRIC1,BLS-B
116,6369.305729161677,4526.792245879093,4480.64810425687,23856.48566097393,0.6548057585143129,0.4126409624374425,0.5084270031206111,1.9096763924037075,8.240548669000418,,,,,,deltaRIC1,BLS-B
117,6370.204348942114,4526.3494582632975,4482.372589261247,23860.863142360246,0.6548622286449302,0.4126042054379811,0.5085295548546781,1.9099592702529815,6.845300567999402,,,,,,deltaRIC1,BLS-B
118,6365.9971862399325,4523.741795272018,4479.02671848738,23849.13632007487,0.6547176276053017,0.4124670439010702,0.5084546288437418,1.9094193910906982,3.269542900000488,,,,,,deltaRIC1,BLS-B
119,6369.476300941153,4524.919527438482,4482.781683113387,23861.0090559876,0.6548347698196542,0.4125091522413805,0.5085713077650537,1.9100045558576695,7.309213855000053,,,,,,deltaRIC1,BLS-B
120,6367.817439961045,4526.021057932696,4479.311591285188,23852.33068951034,0.6547999017663473,0.41261920091368876,0.5084371213734958,1.9095613558710702,7.9298947820007015,,,,,,deltaRIC1,BLS-B
121,6367.05552682115,4523.341718792715,4480.934698994522,23853.924570468844,0.6546576203247045,0.41238897972657934,0.50844068410118,1.9094789266126408,6.480560269999842,,,,,,deltaRIC1,BLS-B
122,6370.133406831339,4526.7350533365225,4481.882347599392,23860.104448591268,0.6548710751847542,0.41263669615752213,0.5085145839578651,1.9099019275394027,4.658338514999741,,,,,,deltaRIC1,BLS-B
123,6372.436208180841,4529.526717782232,4482.335433703188,23863.613884061277,0.6549570914706555,0.41281236687366113,0.508482783802821,1.9100326901076792,7.792681677000473,,,,,,deltaRIC1,BLS-B
124,6372.679268619278,4530.935045731008,4481.257487810368,23860.877014073736,0.6549461608448501,0.4128992249540826,0.5083981743060514,1.9097946434316753,7.399239391000265,,,,,,deltaRIC1,BLS-B
125,6370.173921503037,4527.72354891043,4480.94133579534,23858.2205049732,0.6549432172035762,0.4127343071499499,0.5085282779378366,1.9099429099083705,9.217158122999535,,,,,,deltaRIC1,BLS-B
126,6372.9979600031675,4530.295256994346,4482.357402378692,23864.923165778862,0.6550526399339935,0.4128902559782365,0.5085426212253212,1.9102240863598061,3.694655622999562,,,,,,deltaRIC1,BLS-B
127,6365.35988444224,4522.516263680999,4479.358559348358,23848.90437886721,0.6546842032853096,0.4123807768576078,0.5084815639820547,1.90940427359628,9.362598532999982,,,,,,deltaRIC1,BLS-B
128,6372.484049207796,4528.486010145961,4483.454852378923,23867.21857972739,0.6550695581332092,0.412778690587773,0.5086549700823552,1.9104523415807122,5.78714048799975,,,,,,deltaRIC1,BLS-B
129,6365.527038436831,4521.90708778126,4480.21101808207,23852.085954947983,0.65474302566464,0.41235644863958026,0.5085770235882081,1.9096828650271718,5.625256035999882,,,,,,deltaRIC1,BLS-B
130,6365.890050565998,4521.916054963716,4480.71772462365,23852.379791725845,0.6546463252879526,0.4123154473823644,0.5084857746907976,1.9095233258575643,6.5155116519999865,,,,,,deltaRIC1,BLS-B
131,6363.4584955753035,4520.095354363633,4479.100580738257,23845.636828688373,0.6545319375786847,0.4121906675889656,0.508439682620338,1.9090953608136843,8.16846530299972,,,,,,deltaRIC1,BLS-B
132,6367.769917730343,4523.666382698877,4481.622048231149,23857.184471759796,0.6548199967842414,0.41245939533248865,0.5085926418957237,1.9099300400098984,5.682556357000067,,,,,,deltaRIC1,BLS-B
133,6367.717246440966,4523.399983576256,4481.81609609364,23858.133282512237,0.6548710405204149,0.4124577893719748,0.5086596619535252,1.9100683561188783,6.070275687000503,,,,,,deltaRIC1,BLS-B
134,6372.503689527527,4531.332699459289,4480.605677790999,23860.27457719311,0.6550286364391341,0.41296520161854744,0.5084508401089173,1.909938118738284,4.019588467999711,,,,,,deltaRIC1,BLS-B
135,6369.670072949676,4526.20647633011,4481.75766545427,23858.627722492696,0.6548271728011735,0.4125939171976039,0.5084927587786425,1.9098213286151056,4.505822480999996,,,,,,deltaRIC1,BLS-B
136,6363.78451237586,4518.867061932472,4480.802807147023,23851.198522307866,0.6546654286092096,0.41215156993177127,0.5086432018801161,1.9096846131102365,7.307713700000022,,,,,,deltaRIC1,BLS-B
137,6371.191497080121,4529.527174198387,4480.565217767107,23858.19576285674,0.6549380498307352,0.41283930832545807,0.5084363820749298,1.9098391184464987,3.873033867000231,,,,,,deltaRIC1,BLS-B
138,6365.767909316376,4522.472383094019,4479.982658385418,23851.030840016545,0.6546707186559662,0.4123680781799704,0.50847450079987,1.9094919862269102,5.266493312999955,,,,,,deltaRIC1,BLS-B
139,6366.02219968121,4523.728173547761,4479.076027339146,23848.23558694904,0.6546099289641324,0.412428753415885,0.5083470098803038,1.909196669603766,5.33798698100054,,,,,,deltaRIC1,BLS-B
140,6372.43052861022,4530.1327851333535,4481.714827052637,23862.166920998403,0.6550232499041526,0.41287620689481064,0.5085161705345774,1.9100556925627343,4.28695874099958,,,,,,deltaRIC1,BLS-B
141,6366.232820005408,4524.137251048702,4478.962207050591,23848.87025996058,0.654697305495059,0.4124805316062514,0.5084175182547458,1.9093318162151138,6.727384777000225,,,,,,deltaRIC1,BLS-B
142,6374.321415175571,4531.026218840181,4483.500296436786,23869.978290489795,0.6551821993224163,0.41296361303713514,0.5086499470326068,1.9106529322929522,4.824712829999953,,,,,,deltaRIC1,BLS-B
143,6369.871852113743,4528.159582585846,4480.0712278921355,23855.334293653006,0.6547816112634112,0.41271655645692185,0.508334537952173,1.9095068956694337,8.431269248999342,,,,,,deltaRIC1,BLS-B
144,6367.368772692039,4525.719433386659,4478.978532848764,23851.265095538514,0.6547885467567925,0.4126035556522535,0.5084351943237113,1.9095104607263573,4.921472860999529,,,,,,deltaRIC1,BLS-B
145,6366.904683463065,4523.9932341206395,4480.062551564944,23852.120857107373,0.6547619623765597,0.41247413972742,0.5085059600745386,1.9095642041159373,6.488784048000525,,,,,,deltaRIC1,BLS-B
146,6371.521906912626,4527.701573419148,4482.879640624458,23864.651124652035,0.654984756989621,0.4127185583116844,0.5085945571020966,1.910268233845132,4.829436191000241,,,,,,deltaRIC1,BLS-B
147,6371.078706731055,4528.625689369288,4481.31601797356,23860.093341997203,0.6549256922259011,0.41276627891511347,0.5084797550818975,1.9098737068915579,5.733401096999842,,,,,,deltaRIC1,BLS-B
148,6367.755581087557,4523.529399667173,4481.739942345882,23857.992067371764,0.6548809270224346,0.4124685825607523,0.5086636383486509,1.9100641874671385,7.0998878390000755,,,,,,deltaRIC1,BLS-B
149,6367.918884328109,4524.979371568883,4480.508074343647,23853.816173376967,0.6546931415919899,0.41250018615905865,0.508396209728526,1.9094504568896886,7.174263464000433,,,,,,deltaRIC1,BLS-B
150,6368.429822361849,4525.97225458896,4480.231417353202,23854.008698124137,0.6547386297430062,0.4125743357005957,0.5083946211349621,1.9094825217540508,8.359292924000329,,,,,,deltaRIC1,BLS-B
151,6369.7177661996775,4527.407871397407,4480.611831775724,23856.526520469655,0.6548377274628577,0.41268222795772447,0.5084346841400267,1.909678486841676,6.624790400000165,,,,,,deltaRIC1,BLS-B
152,6366.176452847812,4522.386793619519,4480.649541940288,23852.899980493326,0.6546932962693001,0.41235598875222657,0.5085133731969446,1.9095796154282905,4.818851732999974,,,,,,deltaRIC1,BLS-B
153,6367.309959040998,4524.475243389755,4480.151770471163,23852.613191097396,0.6547108645416269,0.41248576219865496,0.5084307348422585,1.9094783411035268,6.601188890999765,,,,,,deltaRIC1,BLS-B
154,6364.952920236206,4521.259890828799,4480.048512729095,23850.39973068617,0.6546410701701012,0.41228656634966704,0.5085024267012467,1.9094632142184012,6.73855577500035,,,,,,deltaRIC1,BLS-B
155,6367.7718728109685,4525.91406694389,4479.354918155284,23851.204254879318,0.6547412909277553,0.4125864939737078,0.5083881814482188,1.9093928656856287,4.833949948999361,,,,,,deltaRIC1,BLS-B
156,6370.219351235261,4527.1375069513815,4481.597993573967,23859.618742154173,0.6549152240233966,0.4126832003430119,0.5085337027299817,1.9099912494855678,4.9186081560001185,,,,,,deltaRIC1,BLS-B
157,6367.783208851784,4524.192963496017,4481.10935193372,23856.326636227463,0.6548092577079457,0.41249184734059435,0.508552494692116,1.9098276618586425,9.148938786999679,,,,,,deltaRIC1,BLS-B
158,6367.08303098868,4523.838954715646,4480.47178713372,23853.82801586444,0.6547537124608092,0.4124653251561063,0.5085024872358831,1.909681470971309,6.78903756300042,,,,,,deltaRIC1,BLS-B
159,6369.663076374411,4526.967367149536,4480.979152293694,23858.80575670812,0.6549498419269977,0.41269922749446714,0.5085652790602886,1.9100391996041777,6.745136239999738,,,,,,deltaRIC1,BLS-B
160,6368.7909257045785,4525.321756303131,4481.401662121633,23857.11497740095,0.6547480831409447,0.4125259217974694,0.5084460799552788,1.909672792784558,4.192036747999737,,,,,,deltaRIC1,BLS-B
161,6370.585342067987,4529.430994947874,4479.800493613193,23856.597282940453,0.654969726235983,0.41285384562074173,0.5084653817535695,1.9098113965829553,4.10790326499955,,,,,,deltaRIC1,BLS-B
162,6367.901002916776,4526.579711458517,4478.865849605299,23850.90472123205,0.6547631052713893,0.4126400395003322,0.508372817748743,1.9093790562617032,4.205509735000305,,,,,,deltaRIC1,BLS-B
163,6368.979199683784,4527.100176177586,4479.872770610518,23854.57982384847,0.6548946530461964,0.41269904556913817,0.5084943503863346,1.9097444199455116,6.661021702999278,,,,,,deltaRIC1,BLS-B
164,6367.785605295667,4524.83813452175,4480.461290022315,23854.06873013796,0.6547382283310605,0.4125106701976708,0.5084457636869093,1.9095643744328659,4.189036368000416,,,,,,deltaRIC1,BLS-B
165,6370.394075962715,4528.405232957779,4480.565447483325,23858.84161389188,0.6550227293666153,0.41280918938204997,0.5085699058621389,1.9100799798210133,7.660117905000334,,,,,,deltaRIC1,BLS-B
166,6367.622682305047,4524.38680617214,4480.685511430275,23854.16898949136,0.6547533083555845,0.4124842344324866,0.5084866282875377,1.909610120457783,5.134207620999405,,,,,,deltaRIC1,BLS-B
167,6365.935229113291,4522.515205982317,4480.177178742424,23851.514649409015,0.6547128999164713,0.41237969810821856,0.5085193859679391,1.909581385872312,6.904350691999753,,,,,,deltaRIC1,BLS-B
168,6370.988516964736,4528.843854936919,4480.9673086172625,23859.224733400846,0.6549358385873119,0.4127927673506127,0.5084713206161074,1.9098909454159738,5.332106578999628,,,,,,deltaRIC1,BLS-B
169,6372.264516005791,4530.307668902272,4481.3019856992205,23861.73857154787,0.6550108220381814,0.4128940036345542,0.5084857114509345,1.9100308197531592,5.5505874410000615,,,,,,deltaRIC1,BLS-B
170,6366.084868910975,4523.167093359494,4479.731688809845,23849.88835786416,0.6546416665367045,0.41238820550411337,0.5084207701570137,1.909273614178659,6.9000335820001055,,,,,,deltaRIC1,BLS-B
171,6367.5904866294895,4524.5544727671595,4480.470447216127,23853.986419058863,0.654768361220387,0.412506732978899,0.5084877600319466,1.9096562734349833,5.823377701000027,,,,,,deltaRIC1,BLS-B
172,6366.096432220751,4522.120984383451,4480.804122803475,23853.79150341386,0.6547453274987118,0.4123622102984722,0.5085753153655357,1.909754502196698,5.14072873600071,,,,,,deltaRIC1,BLS-B
173,6365.25776866447,4522.608504509188,4479.120312794083,23847.827193263984,0.6546089083473214,0.41236345298412724,0.5083986679080497,1.9092288169219267,5.264587726999707,,,,,,deltaRIC1,BLS-B
174,6365.989436755067,4522.6597758591215,4480.108264395295,23851.113496506765,0.6546441474442053,0.4123641852847844,0.5084434466854366,1.9094193656929213,8.462324592000186,,,,,,deltaRIC1,BLS-B
175,6366.056451850684,4522.820978724628,4480.0407523322965,23851.128263381193,0.6546737042930344,0.4123775921434348,0.5084706290345061,1.9094142500317552,5.996246290000272,,,,,,deltaRIC1,BLS-B
176,6368.926893373194,4526.090455163462,4480.818559684216,23855.5894184181,0.6547668435991079,0.41257963240206236,0.5084266578413428,1.9095779096207761,6.538863733000653,,,,,,deltaRIC1,BLS-B
177,6367.34157882748,4523.916880677399,4480.760520066576,23853.932655573815,0.6547450195328793,0.41245336272567695,0.5085009972255626,1.909616499525414,8.821443733999331,,,,,,deltaRIC1,BLS-B
178,6368.718324271504,4526.296231289644,4480.314221181902,23854.678268994856,0.6547547319557316,0.41259975035972435,0.5083947334714584,1.909541820348045,5.089285573999405,,,,,,deltaRIC1,BLS-B
179,6372.919295515217,4529.6053390009865,4482.942763413773,23866.103031545663,0.6550571226892593,0.4128407622469236,0.5085885753861468,1.910294999979077,4.846603688999494,,,,,,deltaRIC1,BLS-B
180,6369.804758125308,4527.5473163408105,4480.59459836872,23856.42383306745,0.6547881337061532,0.41266894661468895,0.5083815894997677,1.9095346825260464,5.459330333999787,,,,,,deltaRIC1,BLS-B
181,6369.444915161698,4525.430462157343,4482.221286310793,23860.857548230975,0.6548802534761684,0.4125665876940154,0.5085832843414408,1.9100488378005251,5.6768145449996155,,,,,,deltaRIC1,BLS-B
182,6373.4442973958685,4531.001010092498,4482.278668104949,23865.191030304803,0.6550829519132134,0.4129455968760451,0.5085367321128499,1.9102954400038588,6.496266046000528,,,,,,deltaRIC1,BLS-B
183,6366.701311520093,4523.078172607289,4480.6974272533935,23853.827883702135,0.6547641699411435,0.41242068011935046,0.5085521613842646,1.909728232786657,7.370577818999664,,,,,,deltaRIC1,BLS-B
184,6372.293507141527,4529.740343008989,4481.916662107282,23863.10037322142,0.6550150058415105,0.4128547325167245,0.5085229864186062,1.9101279271619127,4.660786528000244,,,,,,deltaRIC1,BLS-B
185,6370.744491074827,4528.380127861433,4481.089018101507,23859.578222924985,0.6549823685300131,0.4127824812882672,0.5085396014340351,1.9100326610985945,5.32731522999984,,,,,,deltaRIC1,BLS-B
186,6364.382808789917,4520.871964726405,4479.63003108197,23848.919558156646,0.6546859939315011,0.4122876979451952,0.50855934243029,1.9095205734076242,8.622007742999813,,,,,,deltaRIC1,BLS-B
187,6364.377173928108,4520.882700346753,4479.611190909606,23848.804902072367,0.6546252143839479,0.41226792983894556,0.508497124213638,1.9093939469869667,6.38885789699998,,,,,,deltaRIC1,BLS-B
188,6373.097643374557,4530.646770662297,4482.143841006627,23865.291648554157,0.6551135179018173,0.4129389195650889,0.5085815274330279,1.9103648973877456,6.425640624999687,,,,,,deltaRIC1,BLS-B
189,6370.274347303604,4527.246749224523,4481.56581247563,23858.784880222116,0.6548386633589502,0.412655529466198,0.5084575587310196,1.909760278400757,8.089056284000435,,,,,,deltaRIC1,BLS-B
190,6368.027700376559,4525.882709568665,4479.750271163624,23853.290686337336,0.6548082614919738,0.4126023575156011,0.508461555961421,1.9095847471873357,7.619021493999753,,,,,,deltaRIC1,BLS-B
191,6364.053801868394,4519.7646350852965,4480.2799506847605,23849.713132286925,0.6546199720435446,0.4121948618807103,0.5085496078431615,1.909509925574296,5.173739116999968,,,,,,deltaRIC1,BLS-B
192,6365.56405325118,4522.884644518466,4479.276750595195,23850.029873545358,0.6547716483484585,0.41243274559165416,0.5085520050542395,1.909578577469339,4.828152111999771,,,,,,deltaRIC1,BLS-B
193,6366.732062770627,4524.297469012778,4479.509969962797,23850.843399645637,0.6547695056586734,0.4125039938028821,0.508491455815312,1.9095279466760804,6.584845899999891,,,,,,deltaRIC1,BLS-B
194,6371.181763479173,4528.703160904219,4481.384244148869,23861.29586178287,0.6550466158696221,0.41282135412212,0.5085907967541522,1.9102084575295242,7.068004411999937,,,,,,deltaRIC1,BLS-B
195,6370.380578320078,4527.951477159259,4481.004812888392,23859.11511433161,0.6549430845081953,0.4127487687484059,0.5085163692958015,1.9099782784170463,6.707311125999695,,,,,,deltaRIC1,BLS-B
196,6367.009589912518,4523.303261894813,4480.908247104567,23854.768432231867,0.6547711206738117,0.41243183135506484,0.5085520671018324,1.9097586740164947,4.833615190999808,,,,,,deltaRIC1,BLS-B
197,6365.113388498684,4522.697270198833,4478.825499009893,23847.64167638592,0.654685172852055,0.41240197021434416,0.5084656237305057,1.9093702937815809,3.6083698020001975,,,,,,deltaRIC1,BLS-B
198,6366.976851384851,4523.775791338205,4480.384672745517,23853.17983585223,0.6547671994118163,0.41246260325629774,0.5085220608200113,1.909648109906647,5.750183132000529,,,,,,deltaRIC1,BLS-B
199,6364.083740399922,4519.982608255644,4480.102574259786,23849.546211160447,0.654608181593989,0.4122059647106754,0.5085254310914354,1.9094531810902637,6.31433233000007,,,,,,deltaRIC1,BLS-B
200,6364.775357136113,4520.7528596627335,4480.307905563896,23850.86603001116,0.6546437192717327,0.4122551737100576,0.5085312880553343,1.9095099998340863,3.782040555000094,,,,,,deltaRIC1,BLS-B
1,303.66041742003586,281.75278046332323,113.24760398744328,511.7326523387738,0.04264357239555191,0.022762438420853105,0.03606030593036541,1.4317693771871032,10.735966295000253,-0.009824271930506945,-0.007245124962793947,0.01089503804966463,0.016361846130393928,-29.286970194434616,deltaRIC1,BLS-G
2,298.3631972562892,276.6343024737009,111.77683199967804,504.65793373867893,0.04298512104284929,0.02247595823992581,0.03664085059418676,1.4529731279057143,7.494272803000058,-0.009886902865865466,-0.007232793669284976,0.012436229905741225,0.017456344600458598,-30.829928076032957,deltaRIC1,BLS-G
3,309.00082557764307,286.20467814225333,116.48344267385897,529.9754281881985,0.04314397884177032,0.023249864682614002,0.03634345474138725,1.4382886936549482,17.356873028000336,-0.009826182290266217,-0.0072615584620491225,0.014875827954567988,0.019250307712688777,-29.807599424837463,deltaRIC1,BLS-G
4,302.3575892546549,280.08399560886005,113.89937306088497,521.880014804309,0.043090928245021705,0.022772949404036704,0.036581701333573795,1.4491265568511453,9.192679789999602,-0.009380635629653966,-0.006844877638558566,0.01368697249453632,0.017949425917543053,-30.580860717665928,deltaRIC1,BLS-G
5,316.6392148131001,293.52350343388866,118.76171642980121,543.3323004364489,0.043953801619943174,0.02374967017032605,0.03698499484447774,1.461452301990412,18.85170753300008,-0.00914711947775293,-0.006786186700354024,0.012952496465896468,0.01724787782225423,-31.61157874705168,deltaRIC1,BLS-G
6,309.3916197502295,286.46061744095954,116.8909279072368,530.6050832758611,0.042944707063413856,0.02318679779477024,0.03614720283489258,1.4316223527592462,8.073709172000235,-0.009793746877148068,-0.007297273095364432,0.013247567083265688,0.018018482348621974,-29.342600037281954,deltaRIC1,BLS-G
7,301.9496568664599,279.98570568402755,113.05573799851996,514.7280367533247,0.04422330851185718,0.02279490732814131,0.03789582055631398,1.495937724802029,7.851854360999823,-0.008745249094641583,-0.006250975263973224,0.01185960523905627,0.01600638341113899,-34.40169559014066,deltaRIC1,BLS-G
8,310.6881834289043,287.78960430684424,117.06532780999896,532.3486867590068,0.04262464411488328,0.023233774862055728,0.03573586422041255,1.4170174251161365,7.5638155320002625,-0.009499840404083248,-0.006982356416657454,0.013081544944766543,0.01761042551939723,-28.274553096203817,deltaRIC1,BLS-G
9,306.40380857240206,283.69386065987044,115.76306548969416,542.2141101507016,0.04390770598914685,0.023188627727363628,0.037285039752575105,1.4720834872980744,8.758143527000357,-0.00882310256519181,-0.00639429200093089,0.01748968162932929,0.02060638426712366,-32.37941012946612,deltaRIC1,BLS-G
10,313.3960431505869,290.58266509748825,117.38311040045534,537.0793094010203,0.04376351475834349,0.023556296748787262,0.0368828701091282,1.458626914164252,14.715303887999653,-0.009461338265203456,-0.007078349406212325,0.014492282133198309,0.01869882866687773,-31.342646867004078,deltaRIC1,BLS-G
11,305.7335697949633,283.8342594771143,113.62714836978826,513.2305116657179,0.04311459095882196,0.02293715656605709,0.03650691444385182,1.4480817701945277,8.186915116999444,-0.009855196615751738,-0.007374229284432876,0.010857375409715653,0.016413005777797376,-30.494934066349742,deltaRIC1,BLS-G
12,308.5343856963313,285.7737970084603,116.30478967084647,533.3205054107304,0.04347050089394531,0.023233894900230125,0.03674058485837643,1.4531579050990178,8.711892385999818,-0.009514384678064647,-0.0068730719672668306,0.015367713668543281,0.019337250514686738,-30.909771078311678,deltaRIC1,BLS-G
13,308.5382155975601,285.77424877421583,116.3138393384858,528.7807856915233,0.043525350405742756,0.023206321506863584,0.03682285662550873,1.456200542472154,11.356843401000333,-0.0095061598466335,-0.00698387932543354,0.013587754926596807,0.017993574670065446,-31.161128801702944,deltaRIC1,BLS-G
14,302.4834763859077,280.0063694317856,114.42327806934392,518.2289633138611,0.04275368110121118,0.022688792409855912,0.036236665777724726,1.436878722424804,11.17567227499967,-0.009641192037240898,-0.00684643817040953,0.012699323882481073,0.017352208118632972,-29.665084290634695,deltaRIC1,BLS-G
15,307.26612737331294,284.8208023496608,115.2804561922289,526.5729010688981,0.043509716955491474,0.02309283027046278,0.036875691988715015,1.4594585747781874,7.621184352000455,-0.009420599605890478,-0.0068607383908305675,0.01281176222307967,0.01731931521344454,-31.407046088699644,deltaRIC1,BLS-G
16,309.96983072799276,287.4411905403216,116.01231806279456,530.4002596462113,0.043560361202521686,0.023250927502716637,0.036836115951027905,1.458101844971416,7.5228046310003265,-0.009502497449054848,-0.006969934270562361,0.012356665383625343,0.017075263421339606,-31.31500655601667,deltaRIC1,BLS-G
17,296.4989608760915,274.915576019895,111.0543104172521,507.30155276645945,0.04250360130859575,0.02238506066577412,0.03613122172290434,1.4334945517222868,7.683616971000447,-0.009826401998979994,-0.007182445887699673,0.013126639316975997,0.017901239201051754,-29.41010598273715,deltaRIC1,BLS-G
18,308.0791622332799,285.74393898533566,115.16584361478161,524.6071204820595,0.04314702089483996,0.023115525689081907,0.03643264860282808,1.4438792207299849,8.060901814000317,-0.00962063126729018,-0.00700832324688605,0.012307594264273192,0.01712162425963072,-30.20907183604504,deltaRIC1,BLS-G
19,311.6986776805325,288.97602958358505,116.82859236462393,531.4693381427204,0.04260114398314585,0.023357640801907897,0.03562692920870071,1.4119821978841516,7.660560133000217,-0.010105395089930025,-0.007505420871445678,0.014065424870620902,0.0188755537447831,-27.954854125824568,deltaRIC1,BLS-G
20,310.36670457018033,287.4220062164815,117.11567635567177,535.2849928489293,0.04341801145887168,0.02333788518590974,0.036612386347956175,1.4482949191789878,7.608286446999955,-0.009633032140649811,-0.0072189436880996105,0.015057240380756953,0.01927767994543543,-30.55223406042751,deltaRIC1,BLS-G
21,302.5167431386212,280.4056799548061,113.52988385566758,510.99560115619,0.043242313800736,0.02270481039147747,0.03680202831269468,1.458444947116461,14.40515865100042,-0.009806445074623582,-0.0071759058955027655,0.011262493376980709,0.016568154619306726,-31.280834239852993,deltaRIC1,BLS-G
22,301.01444314591714,279.2010128973208,112.50106390411008,510.85599259826176,0.043544512640434255,0.022731900670743918,0.03714007637294748,1.4698986512724628,9.454537135000464,-0.009642511713261803,-0.007200546471941016,0.013088726152736596,0.017780344595544378,-32.18191385638784,deltaRIC1,BLS-G
23,310.10056455158815,287.6684133093496,115.79829065791466,532.0532612597318,0.042643006062476514,0.023291944330745124,0.03571990055050376,1.4161332677141403,8.769785639000474,-0.009842575885698035,-0.007267668064720567,0.014961088087627417,0.019326910149592733,-28.214331429959202,deltaRIC1,BLS-G
24,302.9756273462259,281.23899308228596,112.68921659103431,512.3221949392746,0.04402468592847514,0.022860370947343472,0.03762414665146217,1.487139261151226,7.744537142999434,-0.009249730532187583,-0.006783271177387418,0.011794308571487333,0.01645223381378704,-33.63149869368317,deltaRIC1,BLS-G
25,313.6231751519034,291.2278379406688,116.38660748026399,531.7865650080832,0.04296777160354995,0.023504715362002857,0.03596884418946571,1.4260616465098395,7.4938754269996934,-0.009774243836577767,-0.007281058281073616,0.012568314805254444,0.01750748952058082,-28.940079265097665,deltaRIC1,BLS-G
26,304.83423921438236,283.0638353282465,113.13168666061075,515.068397328767,0.04346547455385298,0.022970857762649535,0.036899690674039066,1.4616547490599772,11.814562585999738,-0.00973206825803663,-0.007167420732508312,0.012790295931374152,0.017597634572521396,-31.53337729998566,deltaRIC1,BLS-G
27,306.8378633627175,284.5768934809514,114.74086495111025,521.0660835178695,0.04310523021454711,0.02303753757474934,0.036432577926096825,1.4439900631930913,10.525603984000554,-0.00986879368775928,-0.007340365615687072,0.012490259909234691,0.017529422375644723,-30.214845907295967,deltaRIC1,BLS-G
28,307.03909165928525,284.120824685884,116.3974260315586,529.9874255114628,0.04283840286740794,0.02307706087751795,0.03609124577353454,1.4290071272671805,7.5552823430007265,-0.00948385474373703,-0.006882297092823619,0.014560510383915926,0.018690050206308043,-29.121640859932086,deltaRIC1,BLS-G
29,313.6452062518884,290.5385293936856,118.15531449132591,536.5270166797965,0.04283498327155378,0.02344358613726267,0.03585016123951241,1.4204435059623512,8.852207990999887,-0.009777947010210286,-0.007165111780111588,0.01335602278061554,0.0180369182254701,-28.545442489888956,deltaRIC1,BLS-G
30,301.2734233006818,278.8603765792933,114.02879443967893,519.7662762584972,0.04321804716938772,0.022627752116778945,0.03682097819554808,1.4586721265245584,8.67836416299997,-0.009105355845629881,-0.0065061937395957115,0.01220432530387372,0.016558490818171595,-31.29595716282529,deltaRIC1,BLS-G
31,306.2881001249768,283.3420729168733,116.31710963283541,531.8391228155272,0.043878520148730414,0.02307522513730015,0.037321019751682186,1.4737192206892158,9.14347263199943,-0.00879653069255859,-0.006447698370119714,0.013889994133274408,0.017660229429981005,-32.5352929632445,deltaRIC1,BLS-G
32,305.7393247174085,283.28126953167117,115.0141600464119,528.6704955116127,0.04430553415032386,0.023158026194070782,0.037771499561709825,1.489238279562381,9.53689020099955,-0.009122491139940347,-0.006755159427969448,0.01581504435026493,0.019467091495557864,-33.825846018993616,deltaRIC1,BLS-G
33,302.36445430982053,280.1418059386453,113.77535671449235,517.7978058471991,0.043003383968752744,0.022777122779785035,0.03647593330729972,1.445175272209479,7.587656759999845,-0.009753698524410437,-0.007240560050522427,0.013943919498268897,0.018493059122938832,-30.274141623145624,deltaRIC1,BLS-G
34,297.98816812378664,275.95878137539165,112.44420538017486,515.8845333905975,0.04371731463879769,0.022507205522556972,0.03747838442079668,1.481766472974095,7.5280435300001045,-0.009072006585197467,-0.0064486483333050515,0.013757995426784575,0.017696576136979985,-33.15091185300662,deltaRIC1,BLS-G
35,307.76566007769094,285.2572207130658,115.53362953752496,526.8750268289725,0.04247748264420097,0.02315269372880387,0.035613049643194,1.4112453158043123,7.64349260400013,-0.009892525156175336,-0.0073504223999912854,0.014890782759492627,0.019329412164219024,-27.88370849357125,deltaRIC1,BLS-G
36,305.23412654623854,283.1110679812026,114.08766451719491,514.5776316705168,0.043502748937907364,0.02293291613325582,0.03696715464814212,1.463881850014565,7.553166032000263,-0.009681052788366062,-0.007154419160129266,0.01134992493723086,0.01654476632324343,-31.724777884517607,deltaRIC1,BLS-G
37,311.27245443041534,288.62844997838954,116.5510993093041,529.7474739021252,0.043877333728386265,0.023407514598292746,0.03711210955258262,1.4671839749646873,8.211836651999874,-0.00952748632055711,-0.007194533954957949,0.013459043348095445,0.017991113424781636,-32.011145954209496,deltaRIC1,BLS-G
38,304.4761508684818,282.2868531870819,114.10459660075652,520.1102675333603,0.043253785669411286,0.022937606127062957,0.03667091763093873,1.452225347461736,11.45084958499956,-0.009750655596558078,-0.007424316478729209,0.013599408015655623,0.018306819989154257,-30.813176552634104,deltaRIC1,BLS-G
39,307.5419326190186,285.1827380592269,115.12100691048248,528.8859811343975,0.04359180636761769,0.023249166113328466,0.03687440653660386,1.4578908186569028,7.574930944999323,-0.010053236650604647,-0.007656197057302694,0.01613146485232142,0.02049168316207803,-31.286098676186157,deltaRIC1,BLS-G
40,303.60474191082915,281.10289693723735,114.70396960974854,522.053871564306,0.04346707033075133,0.022833103850707352,0.03698696488874555,1.463411596332329,8.082477361999736,-0.00915715518108795,-0.0066766449620006,0.012156191611608191,0.016619388480244007,-31.70759746161457,deltaRIC1,BLS-G
41,308.6815707483899,285.8045892695973,116.61924743424652,536.2866032758736,0.04360351100868126,0.023211895296721793,0.036911706666289665,1.4595468533604556,7.660908466999899,-0.009017593982266092,-0.006521203660673658,0.014110311167611522,0.017970642160474056,-31.41230668679782,deltaRIC1,BLS-G
42,302.240863474185,279.95724329629473,113.90119173898138,521.9104795729443,0.04347602811973306,0.022780818258669545,0.037029708890744584,1.4651278920600663,9.456054275000497,-0.009199869113278747,-0.006793227472808749,0.013245063956991432,0.01749906427279977,-31.82760607496857,deltaRIC1,BLS-G
43,308.09231693977614,285.3104720125881,116.2704189261982,537.810915359624,0.04372760615213189,0.02327913417083655,0.03701601615587708,1.4620270272781075,6.805200576000061,-0.009320233872497141,-0.006932701428924659,0.01627590881950658,0.01999585748202735,-31.616681184093977,deltaRIC1,BLS-G
44,315.12302358566484,292.4357057105518,117.40476148497127,535.9345593694746,0.04357490208029337,0.023606713563118765,0.036626427153846425,1.450217261105718,17.230167246000747,-0.009346542739723573,-0.006842403497866023,0.01243175882310843,0.016991909081943174,-30.69727781279107,deltaRIC1,BLS-G
45,303.80908804966003,281.60240796776094,114.01774339252992,518.1136940797802,0.04340110012429798,0.022813721288953606,0.036921397765378325,1.462651366964788,9.057505759000378,-0.00913707115130713,-0.006694937709060489,0.011263933757463818,0.0159744941655372,-31.60306423705879,deltaRIC1,BLS-G
46,311.77697986541693,289.13700281034636,116.63909627500686,531.7170139524487,0.04304189994681755,0.023381287276096632,0.03613752283077098,1.431630301076456,8.761300348999612,-0.009790823114246727,-0.007228334105549461,0.013269633499598754,0.018005338219805562,-29.335373601707033,deltaRIC1,BLS-G
47,307.5384195757355,284.8216426529986,116.00220425314627,529.6520290432454,0.042633772314216306,0.023112762593757736,0.03582511335676456,1.4195328627996626,7.578765188999569,-0.009738179989830509,-0.007196209836764944,0.015237883735835789,0.019463059530195573,-28.44233864403941,deltaRIC1,BLS-G
48,306.7196521505387,283.9935455417683,115.8646240487708,534.8474916916571,0.04349344633636658,0.023144972235235702,0.03682377132294527,1.4556088569883026,9.412704035999923,-0.00907195192779231,-0.0066951250086344505,0.015055672407439102,0.018809526371005206,-31.1124253331036,deltaRIC1,BLS-G
49,301.4678826723929,279.6360768957903,112.63458075257034,511.87607941536425,0.04369381862866837,0.022776356976657447,0.03728789816048679,1.4748178085698538,8.170262485000421,-0.009667910631407262,-0.007119317760599597,0.013660846912196822,0.018187136105273526,-32.575910554180155,deltaRIC1,BLS-G
50,302.3656948742306,279.8152682784704,114.57935710687136,522.8102834834052,0.04385333979022483,0.02276254614681473,0.037483088235510234,1.480849625022881,7.6588378930000545,-0.008921961312713722,-0.006458255616263897,0.012465064255943403,0.016633949806806634,-33.12853742961852,deltaRIC1,BLS-G
51,309.6220101103387,286.84912471962116,116.54771036941881,537.4425213510051,0.0444617530969261,0.02335858753804103,0.037831519618959156,1.4914804465724676,11.657178037000449,-0.008534940155668913,-0.0061683869127158175,0.014559774845609663,0.017968896574933627,-34.03883643276458,deltaRIC1,BLS-G
52,302.19201567693574,280.1110246696838,113.3923639289223,517.0724329559782,0.043363060356941624,0.022777479392782882,0.03689907093723517,1.460994510048091,7.789468257999943,-0.009734154784399984,-0.007180406142294871,0.013619051801581739,0.018215119371256666,-31.493753352549902,deltaRIC1,BLS-G
53,299.02925810074396,276.9760899518128,112.70644522513639,514.8770475517758,0.04343380696782928,0.022587228280315903,0.03709868874140369,1.4677332713298248,7.64734339899951,-0.00940862298070777,-0.006792163093792936,0.01339982602921852,0.017725997954956087,-32.03474909396937,deltaRIC1,BLS-G
54,301.78938471430877,279.7835728162501,113.12817999249854,517.0605569070252,0.04405206090175587,0.02282953244964148,0.03767487913481309,1.4879244698579344,8.650665567999567,-0.008964436789379526,-0.006568104063063407,0.013851719347891533,0.017758694964066582,-33.669690619359244,deltaRIC1,BLS-G
55,307.3336452354671,284.8767758794202,115.32212302184944,524.9220476689493,0.04370140344922363,0.02311138774224309,0.0370901121602444,1.467355286168096,10.4794778280002,-0.009253837321303582,-0.006792914878901213,0.013027300944358666,0.017363403111603344,-31.991598675627756,deltaRIC1,BLS-G
56,307.96117715330615,285.4302345852842,115.6272797320757,528.1051458483057,0.04338409459748851,0.023155187815867034,0.036688103538555304,1.4522756273119264,7.714802426999995,-0.009359975165610157,-0.006865288633347566,0.013418271010374072,0.01774235948310865,-30.834961131085947,deltaRIC1,BLS-G
57,302.7317966463815,280.64386901639426,113.51457828955286,516.1433126227091,0.043491225770138385,0.022792575908537845,0.03704031860611744,1.4663278784913176,12.465618729999733,-0.009447477664808357,-0.006864851211385137,0.012389412057641325,0.017025820024760538,-31.91434824692442,deltaRIC1,BLS-G
58,300.4280836572508,278.34134997023045,113.06248868089622,511.8614524272467,0.043628959475895165,0.022622721362111645,0.037305476583493195,1.475575528408383,7.681123273000594,-0.009466861732768672,-0.0068550834866720756,0.0115150595816913,0.016407627428927825,-32.693479638368444,deltaRIC1,BLS-G
59,313.49027627379405,290.4547587348181,117.9499319479173,541.5619307632553,0.043872944319717985,0.02358299344336463,0.0369956438453407,1.4612760694458093,7.725334376000319,-0.009188626141551137,-0.006838033112051334,0.014291091345669527,0.018314607259261057,-31.582666417383734,deltaRIC1,BLS-G
60,298.3573574598538,276.96824354316516,110.93108139309244,505.89884052984286,0.0431658371244987,0.022501586944342834,0.03683704765103918,1.46079860585245,8.866013873000156,-0.01005242414708607,-0.007494280625971794,0.012853635205306801,0.01795637522789156,-31.445591096171484,deltaRIC1,BLS-G
61,304.7869773844729,282.3344516904743,114.81445454211087,527.3440368992433,0.04305410757368602,0.02298082423187268,0.036407937274587535,1.441579340069987,7.328031948999524,-0.009793437532458982,-0.007195022601641621,0.01570994045255225,0.019861570883569296,-30.023789705195668,deltaRIC1,BLS-G
62,309.8594416467648,287.43307483521176,115.73720693199924,524.2746547971175,0.0432451297402783,0.023261530519210136,0.036456034399771985,1.4443537380321168,9.298870734000047,-0.009812067211109055,-0.007354236056875241,0.012792384101620646,0.017720229737194775,-30.236552903568736,deltaRIC1,BLS-G
63,302.1733859939769,279.69000247499775,114.37769764512989,526.6478864756484,0.043210949753861055,0.022803378153432075,0.03670411589212143,1.4523973366864864,8.698312387999977,-0.009402997488967446,-0.006879773676454426,0.015218413345082338,0.019166318174301072,-30.83590688941331,deltaRIC1,BLS-G
64,303.59074336171307,281.2085739433542,114.40750585369204,528.0580329916176,0.04376531863261369,0.02290272056695974,0.037294349513645665,1.4742767169686584,23.099674700999458,-0.008925110002387715,-0.006362810592180912,0.014368477132102875,0.01807196951863449,-32.554508812416316,deltaRIC1,BLS-G
65,302.659574555308,280.49789814811413,113.68266008714885,523.0760266532934,0.0435174445220852,0.022791771999738402,0.037071594339125796,1.467319926045376,8.388029448000452,-0.009001479535860613,-0.006449663265265859,0.012750362906360557,0.01688776315305649,-31.99295898339369,deltaRIC1,BLS-G
66,318.99325375965276,295.9541859394434,119.02863424021801,543.8260348803318,0.0435605695470463,0.02389182983045607,0.03642394386410658,1.4413829123470663,8.344778493999911,-0.00953888007823156,-0.007249875812494921,0.013557188776353923,0.0180927692728664,-30.056971547304784,deltaRIC1,BLS-G
67,306.4714250302397,284.24316089980624,114.58865494346594,527.2594944289343,0.044096308005484655,0.023087247368184113,0.0375694475428485,1.4843713351223415,7.58278886700009,-0.008656273164621031,-0.00608652101005569,0.01266161056361681,0.01650130858965677,-33.405695140108946,deltaRIC1,BLS-G
68,307.46731787743903,284.9120109698236,115.59107910162125,530.585974530229,0.043422366800211165,0.0231291147509716,0.03674977536487086,1.4546603092916672,7.78974798299987,-0.009165281331688924,-0.006751878099838238,0.01384786162102758,0.017926335689125352,-31.010233786460958,deltaRIC1,BLS-G
69,309.5525534469095,286.97415821949124,116.05436596576685,536.3713759202376,0.043904644456361254,0.02330709712563111,0.03720748618780757,1.4704332397417508,7.874011539000094,-0.008880162504523281,-0.006351393872513267,0.013789551493982755,0.017588326260214254,-32.2859770383875,deltaRIC1,BLS-G
70,317.82205701793305,294.04058607447354,120.62749963457928,558.3495768989449,0.04419317122403431,0.02391301557539715,0.03716455393150344,1.4650660107724849,7.561306825000429,-0.008756731890765868,-0.006611519157429635,0.016193455251724442,0.019560688432808723,-31.901440816413015,deltaRIC1,BLS-G
71,307.144892983381,284.2528424467187,116.35423003369267,529.5208228835809,0.04332584155607459,0.02318163163740244,0.036602465779915196,1.4466341003970455,7.683978187999855,-0.009738357096472194,-0.007301367041755102,0.01581186986092331,0.019953966726333212,-30.422044608319993,deltaRIC1,BLS-G
72,304.7942850724973,282.6272952399907,114.11120978318418,506.6559007692238,0.04239694376903699,0.022784647391489776,0.035754170165176014,1.4201113814486626,7.77123323700016,-0.010298555995124636,-0.007587628889281328,0.01066233237361569,0.016652858595197023,-28.443042272076127,deltaRIC1,BLS-G
73,307.5122613597154,285.12880647562844,115.17532116017541,529.2008113585867,0.04323307746581396,0.02316415104177559,0.036503713423142,1.444980612164632,19.22286952900049,-0.009641543233565808,-0.007029531890280327,0.014204162571723522,0.01855079267538555,-30.313141866095975,deltaRIC1,BLS-G
74,299.78009887196293,277.5696924215307,113.23945217414607,514.2160232994573,0.0435584962396656,0.022644228703644884,0.03720996507762386,1.4714256325264663,10.760947140999633,-0.009458892923690287,-0.0069798697548290045,0.0139019780584273,0.01820588451773791,-32.306511675502406,deltaRIC1,BLS-G
75,297.4040848816244,275.2431939031494,112.65155975071865,509.74628444468453,0.04334929022686972,0.022388710015450817,0.037120164695451374,1.4695565070503678,8.352449224999873,-0.009331801847048515,-0.006725627468556095,0.01207719747399949,0.016678587751496048,-32.14592806721157,deltaRIC1,BLS-G
76,301.54961854916775,279.5575728874714,113.04749395017443,507.6120226794028,0.042637547217652345,0.02260205255621308,0.03615394380954468,1.43500704111392,7.648286807999284,-0.010045667607233466,-0.007275286144886484,0.010729571508709679,0.016400272282054085,-29.532885833104956,deltaRIC1,BLS-G
77,302.22973534526596,279.7935526522449,114.27327255795632,520.2216241975311,0.04304773890512364,0.022707030579051525,0.036571827779394814,1.4488607795550812,8.770845717999691,-0.0095287970972745,-0.006969922925628702,0.012621433299482288,0.01728231403034651,-30.57307465500162,deltaRIC1,BLS-G
78,302.2145100547833,280.1174028598632,113.43654923655711,508.10887210118796,0.042283301376067596,0.02263403757150691,0.035715233703154936,1.4183379152610696,7.669593802000236,-0.010208810275589397,-0.007594815322180204,0.011460057096819964,0.01712407473948232,-28.331953766048173,deltaRIC1,BLS-G
79,304.9039753156116,282.2182139941836,115.40933174226546,525.8963761972877,0.04251589952935976,0.02284809760671273,0.03585479254639108,1.4219730324641173,8.66256572400016,-0.009569599868949341,-0.006979670337866284,0.013339616471256921,0.017839237855842235,-28.61392638406869,deltaRIC1,BLS-G
80,303.2584728043319,280.97327723012785,114.10398244661508,521.0734925928181,0.04263143233766357,0.022809234615257034,0.036016355165770834,1.4279338353108182,8.11790798400034,-0.009798025698355861,-0.0072953553046413155,0.013674617417961388,0.01833626674473877,-29.039390688845742,deltaRIC1,BLS-G
81,306.86825192053806,284.2808356059697,115.55315029863277,525.8687128390345,0.04321667263191856,0.0231095103960382,0.036518917325542674,1.4451823579071212,7.531480939000176,-0.009766029137000976,-0.007324262736527309,0.014122340037973302,0.018667100414541577,-30.318457016344837,deltaRIC1,BLS-G
82,310.61310576055644,287.94535299184014,116.48165160497683,527.3705828769952,0.043303269605972305,0.023249505737427924,0.03653263803139368,1.4471946195838075,8.84687498600033,-0.009581798712481437,-0.007092965992762323,0.011270453321788887,0.016405613405771083,-30.47315029886704,deltaRIC1,BLS-G
83,307.8461548839166,285.44446741204706,115.28534642644398,532.3675122222413,0.043261085032984065,0.023212476362611645,0.03650619699922568,1.4448569862733451,7.679031909000514,-0.009777621108915557,-0.007296913299611685,0.015377235070840323,0.019629217423917912,-30.298498579219086,deltaRIC1,BLS-G
84,310.6294173574746,288.37183177296225,115.46567268132333,522.7979978163576,0.043722257764280584,0.023329305277579468,0.03697809269380584,1.4637095537476394,9.274536230000194,-0.009623115481312006,-0.007115062738413003,0.011918744014697724,0.016890379753756655,-31.724941794242113,deltaRIC1,BLS-G
85,303.65160919591307,281.65703038020166,113.46196280989341,512.9106961314664,0.04309784712996499,0.022752860234240686,0.036602346624211676,1.4518318842967681,7.838594604000718,-0.009557651718652749,-0.0069073792678112644,0.009991316869177425,0.015455969963246049,-30.780050274230234,deltaRIC1,BLS-G
86,308.0037349623815,285.6949270587439,115.0856611558364,533.5589902371476,0.04425354068211819,0.023236944093047548,0.03766192098287703,1.4870260839220477,7.640461407000657,-0.008421218655192964,-0.006105625385487756,0.013343185153466441,0.016918515745365188,-33.64323988421165,deltaRIC1,BLS-G
87,313.2964407393737,290.6706000796905,116.89851166406059,528.8268129359036,0.04263738149107804,0.02347235680689652,0.03559486994421335,1.4110356991680064,9.147491491999972,-0.010060979127106795,-0.007542459726847306,0.013434983973978465,0.018401380222913995,-27.876858370447735,deltaRIC1,BLS-G
88,314.15445260868427,290.6144697941843,119.31575771920149,550.6309830148397,0.04331077773218055,0.023559233247264444,0.03634261956116173,1.4371737666983884,7.688333119000163,-0.00902621736033149,-0.0066108554988079105,0.015579938753056188,0.01918099324360056,-29.738606458686263,deltaRIC1,BLS-G
89,312.91864716104044,290.3355342820663,116.71913842315162,536.0827863711111,0.043327606424199694,0.023500412488215664,0.036400715533270324,1.4414296319931306,8.757467970000107,-0.009799826208285567,-0.007408410635099338,0.014158386493740904,0.018745160707686625,-30.05500212241168,deltaRIC1,BLS-G
90,306.8905031823572,284.253165524252,115.68024391814954,537.2893848368559,0.04379247936774118,0.023139234871883966,0.037180062650805555,1.4692048742267627,7.841510475000177,-0.008814138888542766,-0.0064385525574407465,0.014485500955849107,0.01813763328892042,-32.18379132546397,deltaRIC1,BLS-G
91,311.4909651579087,288.75629230860795,116.81791398236496,536.013172558731,0.04322123144457734,0.02344115044460635,0.03631235758552524,1.4371606088857802,18.897871761000715,-0.009784441106832076,-0.007294761013048823,0.015867812253131053,0.020018398829855958,-29.71523996704127,deltaRIC1,BLS-G
92,304.57276131088435,282.27193315551864,114.3989627801902,518.5290096125738,0.04315363248967177,0.022941019454093516,0.03655058991946036,1.4473688309819857,9.553743650000797,-0.009901759252928466,-0.007337742445539641,0.013535250512628938,0.018305472049080035,-30.469966775786816,deltaRIC1,BLS-G
93,299.18814119338504,277.2544429736959,112.44339768122663,515.0009755598709,0.04356960324188383,0.022627394288320404,0.037233202311593605,1.4725465820940227,10.354663684000116,-0.009366717599680663,-0.006855486349597206,0.013771169466373134,0.018010502495856378,-32.410992018561956,deltaRIC1,BLS-G
94,307.27118691461953,284.94272245241683,114.9922920430932,522.6341016700428,0.04307078440633883,0.02308942882082231,0.036358915634346144,1.4405658695442871,9.875967132999904,-0.00997418426419916,-0.0073711315649177545,0.013180326268501297,0.018098036711966033,-29.969940587448946,deltaRIC1,BLS-G
95,301.869873326242,280.55592152798755,111.4172128424647,504.1501713755952,0.04363763179771884,0.022800047350228163,0.037207536195516054,1.473229317236313,11.775405452999621,-0.009870911705671781,-0.007443125000793471,0.012004255426840027,0.01723186455469701,-32.43950289319582,deltaRIC1,BLS-G
96,310.4710642748315,287.73143513643583,116.6314836837532,534.8780727780724,0.043067199972064985,0.023317916378792606,0.03620854166057325,1.4338543644564905,12.166376653000043,-0.009600651716552555,-0.007067460426942063,0.014286967896140146,0.018607497465652784,-29.495946391407415,deltaRIC1,BLS-G
97,305.29632207927256,283.21853924419054,113.98729448284062,522.7925299187618,0.043148489192051345,0.023006105021722827,0.036503578609309424,1.4462815391506367,7.563513615999909,-0.009724834506765645,-0.007194667319342818,0.014310922286858485,0.018738680335618683,-30.362254091216528,deltaRIC1,BLS-G
98,303.26602520331267,281.11485947613414,113.7748558528185,524.284394253309,0.043766719277734574,0.022891993111818262,0.037302578566427394,1.4749375895680914,13.278108348999922,-0.008943957859273044,-0.006569943698011893,0.013802500151086416,0.017710662122129676,-32.60155173979365,deltaRIC1,BLS-G
99,303.9103643580674,281.2945388206797,115.0430006298269,529.0810600792439,0.0442453573509447,0.023000703415552208,0.037797080436226836,1.4899901960714064,10.462545309999769,-0.008776974417504912,-0.0064435472043337105,0.014715041180221933,0.018305382198567713,-33.918289971828926,deltaRIC1,BLS-G
100,310.55898552785965,287.44672027437537,117.56388261536092,548.0227052939313,0.044043157824886846,0.023479117518976605,0.03726299493757817,1.4699630530410814,7.64741602399954,-0.008984377123832377,-0.0066818428664167095,0.017590505884031327,0.020851665488657425,-32.24726672291581,deltaRIC1,BLS-G
101,304.0937429407387,282.00989085894986,113.76917839833105,514.4237948172067,0.04263749571410821,0.022815034617143782,0.03601985891406471,1.429343283453631,13.58102431000043,-0.009954537002094921,-0.0073407752698060325,0.011893925415861872,0.017159407049369677,-29.126317231439316,deltaRIC1,BLS-G
102,312.7768523146978,290.31298574545553,116.39471487764915,525.4002196589081,0.04305547126682681,0.023372491427731307,0.03615937292693522,1.4341931081139476,9.597005925000303,-0.009662107716521207,-0.0071889382803597135,0.010346682579702726,0.015877373823450898,-29.498793227498027,deltaRIC1,BLS-G
103,311.556970423322,288.68290331919826,117.1747718178157,535.9700257249887,0.042829649216320376,0.02336292374835801,0.03589641550240723,1.4219553353532608,13.569342513000265,-0.009649740471253332,-0.007239359354781483,0.013977095076401103,0.01846307129935219,-28.649490482286637,deltaRIC1,BLS-G
104,311.0525583113489,288.3695938393684,116.60476568713995,526.8265476045195,0.043443398931747354,0.023302809423376182,0.036664805791395624,1.4517607326271287,9.441415131000213,-0.009537850199951792,-0.006965765449807981,0.011558993301158615,0.016525822245040903,-30.816519584637717,deltaRIC1,BLS-G
105,306.58429933832394,284.38357308803666,114.54220164835479,522.0629462714927,0.04346161029858143,0.02305741938512653,0.03684110450358609,1.458634515858201,7.875439800000095,-0.009821550275907365,-0.007337965308261474,0.012843731643363165,0.017755844874692762,-31.34317668814947,deltaRIC1,BLS-G
106,305.7513068830746,283.2644867650462,115.08732423009515,524.5470641951471,0.04353740333894068,0.023000229721100798,0.03696613209782969,1.4624893166398159,7.752566086000115,-0.009091110067942276,-0.0066730138087260915,0.012479963665568583,0.016820430691655983,-31.619302102264555,deltaRIC1,BLS-G
107,310.32408128521,287.9455212239691,115.70830667055162,529.7715540512602,0.043056240661377344,0.023321429680838716,0.03619324215281271,1.4340406194421154,8.826446490000308,-0.009815596568187201,-0.0073401267091410816,0.01393937852930427,0.01856151044174163,-29.491252874344354,deltaRIC1,BLS-G
108,308.45885489855675,286.21018205114405,115.02433158066977,524.8497538782799,0.04373507345003662,0.02320992706659763,0.037068260483104916,1.466431144876155,9.828528392999942,-0.009621693243987317,-0.007190817944701888,0.012744143070801517,0.017512796070425083,-31.966399738372274,deltaRIC1,BLS-G
109,306.53606225584696,284.1421527714687,115.01127980209492,524.7458603029041,0.04366315321833014,0.02311371168300932,0.037043586235704716,1.4648310742020505,8.628543906000232,-0.009452714407094387,-0.007130878676314456,0.013809033868017906,0.01819045509948752,-31.812639235764436,deltaRIC1,BLS-G
110,300.196856608166,278.2527978143174,112.66558137216711,510.19562094079345,0.043366975338499494,0.02265384727282898,0.03697969380280699,1.4641524001833706,7.534326727999542,-0.009816427182172793,-0.007270553268586943,0.01365630660813566,0.01832260619097815,-31.70697276541614,deltaRIC1,BLS-G
111,308.4521374157636,285.60609293394276,116.49841524828217,529.2147431775531,0.04242187616183095,0.023083350030152966,0.03559177613543833,1.4115078068137812,8.191234210000403,-0.00946231337398129,-0.006779890979583203,0.013620793409700349,0.01791726288226512,-27.87588384713854,deltaRIC1,BLS-G
112,302.7054062862373,281.07733967560335,112.36588501765789,512.6983355035537,0.0438520059176633,0.022830265842796595,0.037440317634202996,1.4814834356964934,7.7572466479996365,-0.00922256361708318,-0.00671111671903879,0.012289527503833053,0.01676684983994243,-33.11094568887165,deltaRIC1,BLS-G
113,308.9615123166109,286.49994829773465,115.65031655106998,531.5375887145749,0.043515978635865545,0.023256921421721054,0.03677983146536969,1.4555843558200958,8.843558653999935,-0.009408592267882487,-0.006976548542188876,0.01437256074620974,0.018540882946296407,-31.087062501639593,deltaRIC1,BLS-G
114,308.67892897002815,285.898128162919,116.3827371349499,534.500634110948,0.042951854893571506,0.02320029138669996,0.036147037477096765,1.4313254144332372,10.344150991000788,-0.009464242578999582,-0.006938373828418554,0.014569030491484947,0.01870747359850737,-29.30612115920303,deltaRIC1,BLS-G
115,302.52923479555415,280.55001101130995,113.20613599773388,512.7786786141052,0.042930403428205074,0.022781391164986328,0.03638719218483785,1.4423440963971519,9.998730408000483,-0.010249780352506788,-0.0077195252534270065,0.01319496883356619,0.018405332649308857,-30.081580422149273,deltaRIC1,BLS-G
116,308.99171452363413,286.0868520682604,116.74841634012978,529.8749948239523,0.042978666833090234,0.02315313888347219,0.03620908674065695,1.4342001921346739,8.973377807999896,-0.009536062278298951,-0.006939876197034178,0.012921411282087014,0.017494605880859486,-29.507519061118728,deltaRIC1,BLS-G
117,307.25540806270095,285.02502298953544,114.74590212112878,521.7033532692764,0.04271427897951943,0.023045515240921372,0.03596406339696164,1.4265951344600578,12.228311519000272,-0.009708138284038048,-0.007115846512580903,0.012315886579796098,0.01722104186102039,-28.936274846610104,deltaRIC1,BLS-G
118,309.75712571170163,287.1017711318688,116.28434951496672,530.7774552727881,0.04353591714181744,0.023285991158264307,0.03678503360276338,1.4554000199986796,7.667656036999688,-0.0096114275547593,-0.007150714471651831,0.013863386735450511,0.018322274664247955,-31.090661998556243,deltaRIC1,BLS-G
119,309.0788321384498,286.76159947105504,115.31482794883858,529.497855742071,0.043629021748570584,0.02327156121016172,0.03690428129064351,1.460210745106083,10.716870879999988,-0.009162018196876343,-0.0067342439768975915,0.013351994054351612,0.017537627108811373,-31.44449481443371,deltaRIC1,BLS-G
120,309.1802758519868,286.03637386637877,117.36965451633478,536.6765304113861,0.043411931683338234,0.023232516063163927,0.03667214214977979,1.4501059533194383,24.910673070000485,-0.0094783299152571,-0.007006205024667866,0.014706093157078604,0.018846613031916717,-30.702679811320195,deltaRIC1,BLS-G
121,303.04869361866815,280.90443122418145,113.7154836537246,512.7574315572969,0.042680437070606383,0.02278610136038169,0.036088963594600544,1.431090625416283,8.208240285000102,-0.010197091459336005,-0.007431063429395479,0.013104037061767881,0.01819112875106843,-29.258593569558798,deltaRIC1,BLS-G
122,305.60345179223776,283.4812060993125,114.15724040029048,517.8326567328106,0.043198817481435614,0.02296874673661458,0.036586534478461386,1.4497136019949834,7.967878873999325,-0.009667941601423813,-0.007176730549723898,0.01198752061771624,0.016990444571936707,-30.6351206213385,deltaRIC1,BLS-G
123,295.02291286857445,273.37877730496746,110.91692042560264,501.93128679257376,0.04330642462783892,0.022259601566035875,0.03714776644925003,1.471226636928437,9.052196890000232,-0.00937696667690624,-0.006709135217014106,0.011506252215464974,0.01628907116645641,-32.273033186995235,deltaRIC1,BLS-G
124,302.7669496677501,280.4753129587222,114.02378976257876,523.43995617213,0.0430858476212091,0.022777036141628394,0.036573171722466234,1.4487220110577606,7.979145330999927,-0.009296504551313145,-0.006732676637592916,0.012683676606274785,0.017106419374946287,-30.581066727587313,deltaRIC1,BLS-G
125,303.8729432395758,281.83134977523343,113.62154688681406,521.1695369500422,0.04385135964971804,0.02292784669648719,0.03737988214255499,1.477863836635252,7.577577179999935,-0.009177437663309251,-0.006800729535945682,0.013168206428183948,0.017432066567687154,-32.852791561299455,deltaRIC1,BLS-G
126,299.83765890731115,277.7620380324208,112.91975879841883,515.5455251831198,0.04314122991021383,0.022574444811716013,0.0367635710943417,1.456572377420821,27.828954259000056,-0.009330042483126522,-0.0067466593487146564,0.012559710289614667,0.017038586433844715,-31.13791093105283,deltaRIC1,BLS-G
127,306.1398501108657,283.9578623762126,114.40952853952,527.9777941982543,0.04444551391183073,0.0231261748182708,0.03795502266053225,1.4970467588835976,8.843944667999494,-0.008675828321909052,-0.006225362263489909,0.013933492466262187,0.01755469580170242,-34.510286939444995,deltaRIC1,BLS-G
128,305.92011239856373,283.66565451854694,114.54654781578634,530.0430548173223,0.04416032846398468,0.023145437124378384,0.03760882011401666,1.4847924081204953,7.689911150000626,-0.008590563240563731,-0.006312895428916776,0.015110752387391901,0.018492843567164928,-33.40974514614027,deltaRIC1,BLS-G
129,308.60608574918353,286.27134419921356,115.26679336134846,518.4302177590673,0.04249514874576875,0.02305867943022044,0.03569502724273144,1.4174686329216668,6.675514423000095,-0.009993928459214763,-0.007239568300043464,0.011614876220570114,0.0169468376058208,-28.27831168213379,deltaRIC1,BLS-G
130,309.49602949954283,287.03810828918193,115.74505028617736,523.0961593096774,0.043053749039737556,0.02323025741868538,0.03624886821182582,1.4361470940234502,15.608586563000244,-0.010034056696995086,-0.007473003277893242,0.013006665324731603,0.018047199634832284,-29.639156888868456,deltaRIC1,BLS-G
131,313.08895475191997,290.2636196936943,117.35299173844763,543.1905118920095,0.0439166468748789,0.02361052739783693,0.03702991856227614,1.462575323569163,9.160488374999659,-0.009378675193063124,-0.006916217074921183,0.01575985337882635,0.01960016799740536,-31.692324591427678,deltaRIC1,BLS-G
132,310.63206312825264,288.1467036987338,116.0334253173147,535.6895277498645,0.04363072073554062,0.02349349154476548,0.036765413732729395,1.4529177807374605,18.71675926700027,-0.009929471836900072,-0.007613718607574982,0.01716838112342023,0.02124420938500977,-30.896304824371327,deltaRIC1,BLS-G
133,308.238389259609,285.91019381476247,115.17927628772102,526.3411937875682,0.04299520945079818,0.023122046621391112,0.03624857232714444,1.437445246725055,9.536829517000115,-0.009505099995780864,-0.0068523938822452335,0.01323152020071472,0.017674143675696058,-29.698609733826743,deltaRIC1,BLS-G
134,304.2408176387988,281.93860488090405,114.33764994670065,517.9042494340529,0.04247526914509022,0.022816307920008123,0.03582686955131899,1.4216803694234885,10.083733622999716,-0.009872993735904778,-0.007305980070422824,0.012631757177868463,0.017618587897424185,-28.58204495980499,deltaRIC1,BLS-G
135,303.6347140292007,281.4035990031631,114.0440881048268,527.2488639762884,0.043716642969057196,0.022975882742002865,0.03719211858323955,1.469740099569722,8.684547184000621,-0.009309840454625462,-0.006798863054142235,0.01536439622320751,0.019208392421628476,-32.20642949521789,deltaRIC1,BLS-G
136,309.4440115701311,287.41771214610543,114.6588637712493,518.4028070654305,0.04305792306800967,0.023230966377223217,0.03625337143095748,1.4378598032114804,20.164019026999995,-0.010206757360313956,-0.0075741263335912246,0.01300177343572173,0.018182172532548536,-29.734504709585963,deltaRIC1,BLS-G
137,304.23863428027914,281.5720201017549,115.23169739505869,530.7891950605137,0.04322589097103049,0.02293457813939569,0.0366399068749822,1.4494986500750147,10.996602473000166,-0.00956151952380968,-0.007048333390872963,0.01522419253308449,0.0193100413639514,-30.639397385621123,deltaRIC1,BLS-G
138,310.4755632886039,287.5126074435178,117.18180729279393,535.6772345898019,0.04362033419508706,0.023353732334501387,0.03684205126400464,1.4563112618204035,9.444766028000231,-0.009479778687419671,-0.006999750191214016,0.014701205891357594,0.018841129513963436,-31.171100653591566,deltaRIC1,BLS-G
139,304.2600051037348,281.6772888727071,115.03067260103373,526.686304480653,0.044065244536583836,0.02298352503728124,0.03759658698511871,1.4835030851687248,8.674880417000168,-0.009158002540225474,-0.006666813545273653,0.014400112669594067,0.01832153536882824,-33.35912771069161,deltaRIC1,BLS-G
140,303.2714218691498,281.03227312037507,113.9930558732887,529.5131961846196,0.04319918327181609,0.02292383725231238,0.03661512147981283,1.4491427338097025,8.599619740999515,-0.009520846096673363,-0.007021024467729453,0.01587660748918318,0.019799190901109657,-30.60068709413099,deltaRIC1,BLS-G
141,310.0031548604396,287.34984647238883,116.32721846464064,531.4989214297066,0.04334013564721887,0.02329087803455091,0.03654999806154586,1.4466585062473138,11.382815616000698,-0.009796438596338719,-0.007320034537814379,0.013741685423108496,0.018395299211328497,-30.44760461352962,deltaRIC1,BLS-G
142,295.6841583975646,274.16349022882895,110.74069781621795,500.6579755622865,0.043951054314189456,0.022347764527111357,0.0378453774716228,1.495740380182844,8.326337026000147,-0.008875488688209865,-0.006481071487707157,0.01147999529105248,0.015892415768721226,-34.29534865133428,deltaRIC1,BLS-G
143,306.7147606694493,283.56112328408994,116.90608955218146,532.2491717073332,0.04283711360326941,0.023044626587584934,0.03611043460411662,1.4289486649576097,8.478221826999288,-0.009722077668388396,-0.007142437285533765,0.014793050898208149,0.01908841427266645,-29.14476139409453,deltaRIC1,BLS-G
144,300.6643635692545,278.33312223832144,113.70898199162822,515.3554350205787,0.04368659949805303,0.022679363245930565,0.03733852512435943,1.4760545180911482,7.638456636000228,-0.009584820850867648,-0.007029662113069324,0.013648207576400617,0.018098577574374972,-32.705958030795955,deltaRIC1,BLS-G
145,306.66310974564897,284.6725365271791,114.03424847848935,521.6963829621443,0.04352611802942029,0.023082336485690615,0.03690160827216588,1.4612256104293728,8.714096030000292,-0.00963016238870007,-0.00712648251329262,0.012683841414591335,0.017447252324520938,-31.53364638093626,deltaRIC1,BLS-G
146,307.18269772095954,284.61795227178595,115.55877735482389,528.1012721769775,0.0432520708032516,0.023108927570532796,0.03656116922787562,1.4474082067218428,9.192789395000545,-0.009415774139438393,-0.006968019938600856,0.014011713781198143,0.018263028981958987,-30.457376674396073,deltaRIC1,BLS-G
147,305.4422679492786,283.18846209784004,114.45205976590849,520.0308008869629,0.04325890735750049,0.022953135433234226,0.03666724204993359,1.4525873836673622,7.786801805999858,-0.009479318683560778,-0.007010777428320791,0.011983105582100917,0.016810809089563027,-30.85869232056757,deltaRIC1,BLS-G
148,310.47255888568435,287.96949775047915,116.04644840046387,537.0782189514747,0.0438904612228929,0.023416931799788966,0.03712169030960601,1.4673175741094682,7.699016371000653,-0.009142332736594594,-0.0067627624998005675,0.015401044684299592,0.01914443474911471,-32.00860655123688,deltaRIC1,BLS-G
149,310.8960546336949,287.9121885619717,117.31550820012289,537.8082838205728,0.04355689905768335,0.023386256947252795,0.03674624391034118,1.4525020227383527,16.757198098999652,-0.009334911649534705,-0.0069034492429831396,0.014317105115641438,0.018433059589970123,-30.89848964405246,deltaRIC1,BLS-G
150,303.0460308067606,280.7750593685442,114.02746521922944,516.4553912509178,0.043372445837404155,0.02281181136161706,0.03688889155722297,1.4601680207582666,8.544766281000193,-0.009670858844389896,-0.007098841835415981,0.012459973717269257,0.01729653176875084,-31.451646446617815,deltaRIC1,BLS-G
151,302.6058996553245,280.68373258095073,113.07949756977882,513.7148088698541,0.04401053861158335,0.022863870039313842,0.03760546443945395,1.4856317647707038,8.091614984999978,-0.009335810243943699,-0.007006396108300228,0.012604404393966595,0.017178997335815994,-33.51243716420686,deltaRIC1,BLS-G
152,309.2957250673152,286.875014041178,115.6138913097821,522.8845323749862,0.043009511167670024,0.023165368849191847,0.0362378771034235,1.4367894781470438,7.673308281000573,-0.009749336828464128,-0.007129583218664859,0.011746099901988272,0.016847889730592477,-29.679300502712067,deltaRIC1,BLS-G
153,303.9910334117684,281.66099053800167,114.35748687299241,521.4544404801294,0.04363288311537567,0.022894556713971614,0.037143879197396354,1.4690411514689536,9.079533695999999,-0.009360228155208428,-0.006791696967997085,0.012941021609469638,0.01735543312969796,-32.152854439520524,deltaRIC1,BLS-G
154,310.6719630081478,288.05885039771385,116.35792756354613,525.8216016624629,0.04356356552311418,0.023286951889710954,0.036817144277808286,1.4574716933202414,8.882072450000123,-0.009508954197450348,-0.006995820869289293,0.011568124312586026,0.016528255191514806,-31.247859010940374,deltaRIC1,BLS-G
155,308.39485302441886,285.77962508250505,115.91976216183221,529.3707567311382,0.043326710655300894,0.023148391084058025,0.03662452520412609,1.449883731462809,7.600787674999992,-0.009528875023470884,-0.007021623651987663,0.012565615303384847,0.01726259962681575,-30.690847373325596,deltaRIC1,BLS-G
156,301.11792793492333,279.14792980711115,112.90898904970238,517.0824342612268,0.04347446129841264,0.02271775103361673,0.03706659646044919,1.4670524988034934,8.159803713000656,-0.009423384298531512,-0.006835244599986301,0.013435558482173482,0.017777372474788167,-31.961644061364495,deltaRIC1,BLS-G
157,306.7380973846266,284.49462257080836,114.67811524189763,519.9623707302115,0.04355588696580796,0.023084987204106566,0.03693505997239583,1.4618689000013543,7.999766036999972,-0.009685254380291441,-0.007239601551781383,0.013027281534351065,0.017774308628319534,-31.564586209169647,deltaRIC1,BLS-G
158,308.9101755944154,286.22845701805204,116.18419418680712,524.9392895959362,0.042925157810221194,0.023150331123574536,0.03614735594619956,1.4324665990471432,7.608118056999956,-0.009912054883581933,-0.007337399997855432,0.012875914401118127,0.017829061736630746,-29.370049315912183,deltaRIC1,BLS-G
159,301.9087653494933,279.5052896526598,114.1301697669733,524.2739077462975,0.044157423782410436,0.02285890614652592,0.03778026581277197,1.4905000483078965,12.702047793999554,-0.00889363015729383,-0.0064941493119279325,0.015634718176982032,0.019123677604843497,-33.89491086853923,deltaRIC1,BLS-G
160,304.8249809536891,282.49623431782624,114.51701449856579,517.5193901050939,0.04316115036693359,0.02293439016768564,0.036563624664869,1.447971010578754,7.585541210999509,-0.00987104217160828,-0.007316425389652825,0.012957964960931712,0.017857110907556116,-30.50681651564082,deltaRIC1,BLS-G
161,304.32056240521223,281.7008940452898,115.13301436472987,536.5906979029044,0.044322190435757976,0.023019631808293067,0.03787549493319154,1.4932879618758785,8.681059099000777,-0.00833245054711318,-0.005981100431846076,0.015461988631436219,0.018554686387394936,-34.18605297873364,deltaRIC1,BLS-G
162,308.11045933208726,285.25196107053466,116.46189872762677,529.7593120951219,0.043558260128480325,0.023122746654568017,0.03691423319763019,1.4601885991656036,9.477259008000146,-0.00926138681455635,-0.0067879732392880365,0.012476075212280557,0.01695589334504703,-31.47453155387484,deltaRIC1,BLS-G
163,305.74904942520544,283.4704044437146,114.57316888754372,520.7533021260506,0.04251379187546262,0.022874080973762954,0.035835721274112615,1.422644948957295,9.089122536000104,-0.009782616202418826,-0.007084748194962076,0.011776287555414378,0.01686932676005931,-28.657868558968403,deltaRIC1,BLS-G
164,301.5290466105888,279.25418579027917,113.74034318788956,518.1262088258347,0.04330066131065466,0.022742679481047176,0.0368472224185539,1.4582109234159761,7.7830677100000685,-0.009794709808626623,-0.0071390526006110955,0.014066527593964873,0.018567972717054324,-31.29301426523307,deltaRIC1,BLS-G
165,299.8099526993082,277.74664769134336,112.88404419483864,514.6128598684843,0.043299181237450766,0.02261564791495715,0.03692359090365268,1.4620717377502621,7.813356354999996,-0.009735030854282956,-0.007175323859367033,0.014095369915582578,0.01857244063869241,-31.55702177656167,deltaRIC1,BLS-G
166,304.66904041757925,282.5653533490732,113.93000164874032,521.1894596010329,0.04393499715952985,0.022951845005721304,0.03746327249775761,1.4810172648412527,7.616036374000032,-0.00891713167039554,-0.0064110797231624606,0.012124607321364778,0.016359195675252753,-33.1180258780023,deltaRIC1,BLS-G
167,310.6735545495519,287.7191998302315,117.19948611450789,545.0510125875558,0.04410400348034729,0.023447896479630425,0.037354508077004855,1.4740699872690812,6.8664353190006295,-0.008794516129489005,-0.0063510207382242445,0.016229390492500606,0.019521067955602885,-32.5771710068002,deltaRIC1,BLS-G
168,295.9693553083181,274.4799423296057,110.71865488867608,501.1302026064073,0.04393056555384375,0.022425860925885638,0.03777532728664835,1.492464300116582,8.208699316999628,-0.00945432728152329,-0.007032146456257493,0.013003735678788209,0.0175480064318486,-34.04677625734075,deltaRIC1,BLS-G
169,300.7730461329133,278.30325875303066,114.06893287620095,523.5997839933588,0.0431904325345785,0.02269404433952985,0.036747704881249794,1.4542822209445945,7.684074318999592,-0.009443339449392463,-0.006863461732708687,0.014959496609318279,0.01897551858888219,-30.975455129550028,deltaRIC1,BLS-G
170,307.58016372704736,285.5694742103747,114.26124678808385,521.0791938569976,0.04382729794538781,0.023202905880298958,0.037181409385656464,1.470326705373763,8.20926420700016,-0.009698462578365707,-0.007301075251491929,0.012948666715541401,0.017749192824522406,-32.28279164361993,deltaRIC1,BLS-G
171,309.8081378595634,287.2157283704473,116.13874315078353,529.668918409346,0.043574137949866545,0.023277941106914286,0.03683534927073489,1.4574904815674516,12.308992964999561,-0.009454138699251713,-0.007035913581034281,0.01297283740637556,0.01752653213949435,-31.251949970130227,deltaRIC1,BLS-G
172,311.49455665564636,288.81674654868584,116.67795738326008,534.0269836784282,0.04362753501562822,0.023450806084424066,0.03678887747037962,1.4548613617246942,21.915441856000143,-0.009593766667791881,-0.007174004426333869,0.015134312995403798,0.01930166128155659,-31.03563503006626,deltaRIC1,BLS-G
173,315.1229166745472,292.0909483114509,118.25958958152579,536.1073268654789,0.04279572424407467,0.023537821314887433,0.0357413623316643,1.4163427581328398,10.448875244000192,-0.009788452801389735,-0.007249639095950999,0.012478002024867152,0.01743764920507247,-28.26787787088324,deltaRIC1,BLS-G
174,309.86722787164234,287.1415939439716,116.47919958589891,528.330760828007,0.04310267370677776,0.023248638370242304,0.03629519657754519,1.4373603336698313,8.641190512000321,-0.009835056241058404,-0.007268497106492577,0.013275904330268373,0.018050180532014393,-29.743212506855343,deltaRIC1,BLS-G
175,310.2832800821598,287.6624835230897,116.3013734737135,530.1802736435437,0.04288321297833201,0.023249494476496126,0.0360337475421633,1.4283581174133795,9.76432030199976,-0.009668838706983318,-0.007012967463947861,0.012983663919867938,0.017642099743968423,-29.093390256080966,deltaRIC1,BLS-G
176,305.6755112428792,283.4549747570327,114.41501413313524,521.8581620192929,0.04373629321177656,0.023005829821109897,0.03719670870048346,1.471224636979543,8.649943102999714,-0.009159565761620136,-0.006707505875011566,0.011762377842631677,0.016347532306669136,-32.33742265161527,deltaRIC1,BLS-G
177,307.2548534605117,284.97225266350887,114.87541158544676,525.6141744287726,0.0429779872236926,0.023095805921591314,0.03624487735711175,1.4364764526127678,9.031481865999922,-0.00977747615419533,-0.007142594458366958,0.013647752107093458,0.01824491252703686,-29.662694341624956,deltaRIC1,BLS-G
178,305.48215130246643,282.79200781538066,115.53365345270036,526.869444060878,0.043803350747281186,0.02304869736214289,0.0372490414185075,1.4712242392084849,8.824833634000242,-0.00937282613842294,-0.006956868356777335,0.014192555819768637,0.018375976922381097,-32.348944465504246,deltaRIC1,BLS-G
179,297.2442733068998,275.7338303101637,111.01807436734255,508.00005254669776,0.043661985877543406,0.02252084928801579,0.03740561933877419,1.4796120164160103,8.179926446000536,-0.009311589078666027,-0.006828491398960024,0.013742743022446158,0.017949846008715395,-32.95488291900256,deltaRIC1,BLS-G
180,305.96265746097106,283.50936419704016,115.04602632498697,519.8606331263608,0.04301788358311962,0.022946829274752726,0.03638655430521258,1.4419500021117573,9.41772401399976,-0.009631920045827691,-0.007072462831398618,0.011313429597218372,0.016455616169622725,-30.081682346750313,deltaRIC1,BLS-G
181,304.51757657363606,282.1053353506631,114.66269754793944,523.1594203275324,0.043417583539194934,0.022916206155243007,0.03687728373719212,1.4596260823869007,8.657897465999667,-0.009234964306232052,-0.006643050566256803,0.013456531337334265,0.017620809351329012,-31.377760196557574,deltaRIC1,BLS-G
182,297.80042272178446,276.1429050704329,111.49075186998883,502.4692175541157,0.04295614262211162,0.02243739323698192,0.03663050059308817,1.4525529971549511,8.76288878000014,-0.010032145506906676,-0.007499781290994267,0.012005211917106351,0.017349806225405738,-30.80441423882621,deltaRIC1,BLS-G
183,310.18766338903055,287.75205890393687,115.82374158734369,528.374521937515,0.04342852236447866,0.023324978150570174,0.03663307179363269,1.4502342153528096,7.569161290000011,-0.009769070835856986,-0.0073235597330522095,0.013833058653413222,0.018450549690140552,-30.685583440868868,deltaRIC1,BLS-G
184,307.3342903648383,284.5562381159336,116.11250313108759,536.2021255511119,0.04372667982632054,0.023174567654894226,0.03708047926662058,1.4652445633479179,7.609405973999856,-0.008871448627039924,-0.0065290426848381156,0.014958001062845394,0.018576135090990552,-31.84774078796181,deltaRIC1,BLS-G
185,306.6269935385268,284.1049046981596,115.34520489784319,530.7286894382083,0.04361953502413702,0.023110419179297185,0.03699422064429914,1.4630373613034,7.762535169999865,-0.009261510328917977,-0.006884298758152663,0.014491660359063685,0.018525046907541542,-31.67003301043951,deltaRIC1,BLS-G
186,316.1758432669418,293.40862011776903,117.80723876803341,537.8856633825387,0.04304304958193617,0.023671126553462107,0.035949713281234905,1.424597238021041,7.853321473000506,-0.00986559840674095,-0.007381971529259901,0.0138241489220583,0.018518386241817588,-28.82684203363533,deltaRIC1,BLS-G
187,311.0560881167002,288.2422897293544,116.92849253301469,533.542923430309,0.0431743638678986,0.023385870001054174,0.036292241315348694,1.436418435194294,7.63694057199973,-0.009992814652056037,-0.0074202242499030735,0.01540581759573234,0.01980543582913973,-29.67238788911527,deltaRIC1,BLS-G
188,305.52982728860707,283.0269401934477,115.08356306502097,521.994901416214,0.0430256383451804,0.02287521308461033,0.03644077635484637,1.444866260369488,10.236366567000005,-0.00921743100521788,-0.006716126399888167,0.010948531842599918,0.015809419270284758,-30.252713306983424,deltaRIC1,BLS-G
189,308.92341545878287,286.39787910082737,115.80125847877316,531.4128850567398,0.04301731742134998,0.023222671547342855,0.03621045600836052,1.434205710627984,10.851848720999442,-0.009557277883694093,-0.007066133389661111,0.01384259352301176,0.01824525135672181,-29.51449852834412,deltaRIC1,BLS-G
190,308.306606541688,285.89713898876573,115.39406204519183,522.5986505096159,0.042976235018502076,0.023147899368632274,0.03620955027593132,1.4350201804860507,7.725071594000838,-0.010125728090321418,-0.007645465314545574,0.01316660028784744,0.018285045047113993,-29.566027152419338,deltaRIC1,BLS-G
191,308.0935252162784,285.62199924698245,115.50625016141029,525.4807320175148,0.04329623240157377,0.02312711328363067,0.03660191759098422,1.4496912936760584,8.643583160999697,-0.009703518787310017,-0.007019968011837907,0.01299973503710583,0.017675727390346993,-30.643192090801676,deltaRIC1,BLS-G
192,308.6348626173439,286.0589628921228,115.86953081768253,533.9126289754672,0.044157422416207806,0.02323152844782174,0.037552284090604404,1.4832607652602958,7.917301896000026,-0.008712652383506714,-0.006245195910682955,0.01361287784787768,0.01732695088063319,-33.3251922896161,deltaRIC1,BLS-G
193,309.13338028571286,286.75102871987394,115.48720420447093,529.3823565028838,0.043418693297021374,0.023216284528025478,0.03669042191546145,1.4529663812999096,7.838816741000301,-0.009511558338569204,-0.0070005896526740274,0.012785999777335189,0.01740574008248852,-30.91030110835345,deltaRIC1,BLS-G
194,299.6684197326526,277.815614985392,112.33719711366169,510.18973713418234,0.04306887110665958,0.02256967910214486,0.03668156544680531,1.454151406552861,7.5523798470003385,-0.009809674430115045,-0.007215828320704998,0.013036886118099167,0.017839795134334587,-30.92617873180643,deltaRIC1,BLS-G
195,302.49581592156494,279.9587398553878,114.57234670127247,525.9900465648356,0.04374351309048645,0.02284796163782886,0.03730235363209486,1.4738487148716748,8.730803705000653,-0.009148399028240717,-0.006671566661693773,0.015038902593905501,0.018824760230353985,-32.51945448546212,deltaRIC1,BLS-G
196,307.2990266732415,284.63857486893306,115.81698273959802,532.7995399691474,0.0436743605768912,0.02315461227096028,0.037031253049036886,1.464010030697936,9.143829290999747,-0.009277927374579997,-0.006738603709399049,0.014844193536619699,0.018757366501535592,-31.75639665883682,deltaRIC1,BLS-G
197,310.9227110141953,288.36654403477354,116.26550866812475,528.2649518403379,0.04350880588918255,0.023254471570312914,0.0367728941190121,1.4564168807796865,7.206768206999186,-0.009387232346627528,-0.00687019350292517,0.010322730867047936,0.015552442330730875,-31.185087010613643,deltaRIC1,BLS-G
198,311.1008044311466,288.1168418264947,117.3558518934321,546.3680621570461,0.043431924661043966,0.023469223970764248,0.036544871130881056,1.4443018244776815,8.865519895000034,-0.009497843576246057,-0.0069992140361807564,0.01739573097974212,0.021019264640863816,-30.26836016296329,deltaRIC1,BLS-G
199,313.60709994871246,290.55611044769887,118.01084619536617,541.8558254424581,0.043856875117394535,0.023573866354500685,0.03698240554862379,1.46125407673907,8.803049856000143,-0.009182139053996785,-0.006715945757479469,0.014749439659143215,0.01862690460820171,-31.559443133328386,deltaRIC1,BLS-G
200,315.44434606050305,292.2566839318822,118.70621786022106,545.4976668251735,0.04378170860204567,0.023704147744331737,0.03680966432649627,1.454533081992898,17.493915012000798,-0.0092434314950538,-0.006829857809084183,0.015018176970128971,0.01891120363705528,-31.0520014950489,deltaRIC1,BLS-G
1,2995.193669612831,2053.8959049200116,2180.0680563325504,11558.844398133411,0.3177887820254485,0.19194117964363216,0.25327513407010366,0.9369466891307048,5.125368839000657,,,,,,deltaRIC0.5,BLS-B
2,2994.329026494097,2052.2205478426367,2180.458011959312,11558.861720066889,0.31775253230007094,0.19183296906671468,0.25331163368893367,0.9370037019923558,3.3547003530002257,,,,,,deltaRIC0.5,BLS-B
3,2990.3119246834235,2047.8947024480015,2179.011861966174,11549.94822954232,0.3174550848790677,0.1915075382956046,0.2531849002044427,0.9363251378130577,7.096221329999025,,,,,,deltaRIC0.5,BLS-B
4,2996.422422673735,2055.241644762951,2180.4882748444247,11561.283198672045,0.31782946040590204,0.19202289578966403,0.25326423631152245,0.9370311026187852,4.742614745000537,,,,,,deltaRIC0.5,BLS-B
5,2987.135794735211,2044.9970997161672,2177.376200462572,11542.240556315932,0.3173227339634285,0.19132623871237736,0.2531560543818757,0.9359547085346154,5.745229517999178,,,,,,deltaRIC0.5,BLS-B
6,2991.8937767273874,2052.0131425153604,2177.308070568863,11548.629563176144,0.31757292697150774,0.19180829297452026,0.2531050032920155,0.9362639509731309,4.3084011179998924,,,,,,deltaRIC0.5,BLS-B
7,2990.7786694009887,2049.4764232342013,2178.165154424956,11548.440205959456,0.3174750699849292,0.19161347050516714,0.25312980461198387,0.9361957536392238,6.180924083000718,,,,,,deltaRIC0.5,BLS-B
8,2993.8927038996817,2053.01896461966,2179.106847627203,11555.716536821112,0.317747930685099,0.19189747082996267,0.25325700018701575,0.9368120180019939,5.0468719719992805,,,,,,deltaRIC0.5,BLS-B
9,2993.4686449172077,2051.863612359046,2179.612406915356,11556.204880355635,0.31778821428684256,0.19184100150404235,0.25335030941671693,0.937009751834786,5.541122032000203,,,,,,deltaRIC0.5,BLS-B
10,2988.710169494588,2046.5811060483907,2178.0482670515166,11547.430455432064,0.31754875177579645,0.19148627114055106,0.25331841172534963,0.9364852061385873,6.481303424001453,,,,,,deltaRIC0.5,BLS-B
11,2993.0260326604566,2051.340062928267,2179.4973682958757,11555.349030413805,0.3177268838403685,0.1917893003762373,0.2533125282651935,0.936856139801333,4.566860364000604,,,,,,deltaRIC0.5,BLS-B
12,2988.288850359355,2045.2831118911276,2178.689341185425,11547.305734364127,0.3174355924339728,0.19136309417941322,0.2532696616849091,0.9363523367508626,7.441802532999645,,,,,,deltaRIC0.5,BLS-B
13,2989.9341219823195,2047.547784909095,2178.8194331582513,11548.763042672552,0.3174125496123235,0.19147837182819705,0.25315362879765013,0.9362307493654962,5.737053378999917,,,,,,deltaRIC0.5,BLS-B
14,2991.9116501740114,2049.9579799262483,2179.2676758451835,11553.099556401803,0.3175984573038107,0.19167263419465663,0.253239770538993,0.9366195689689383,4.1126011190008285,,,,,,deltaRIC0.5,BLS-B
15,2989.7884839711205,2048.4418175499172,2177.7789830465167,11546.756699454507,0.31748714087409224,0.19156910804618857,0.2531785169851372,0.9362269981828539,5.90944933100036,,,,,,deltaRIC0.5,BLS-B
16,2987.9174799079683,2047.009866117339,2176.557252809551,11541.929898528919,0.31744753141089627,0.19149937243921372,0.2531816058766104,0.936091469289192,6.999028246000307,,,,,,deltaRIC0.5,BLS-B
17,2999.210138226028,2057.940343848208,2181.7751933688564,11565.556240591002,0.3178199661014297,0.19214343191225175,0.253160882495096,0.9370176444042948,6.019160038998962,,,,,,deltaRIC0.5,BLS-B
18,2990.004556630425,2047.860103940068,2178.622556424421,11548.746901513705,0.31750228095403765,0.19152789794186115,0.25322867673505833,0.936374858816714,6.783771022999645,,,,,,deltaRIC0.5,BLS-B
19,2988.9895252572414,2047.8086147005836,2177.277717622533,11544.045878567671,0.3174064075394567,0.19151496795126455,0.253118242325064,0.9360321973683834,6.846844564999628,,,,,,deltaRIC0.5,BLS-B
20,2991.1995083725465,2050.1280040938886,2178.1298551092345,11550.45318197053,0.31763022592942036,0.19171274857795534,0.25324924966652973,0.9365641934325829,5.0236755030000495,,,,,,deltaRIC0.5,BLS-B
21,2990.583589953187,2049.2611836895962,2178.099816243601,11549.312341133014,0.31759655623122784,0.1916572950589666,0.2532489956162031,0.936542014225189,7.459954288000517,,,,,,deltaRIC0.5,BLS-B
22,2994.767989631257,2053.7884513033073,2179.5844349355234,11557.067085481458,0.3177397982308593,0.19192716238515847,0.2532242952770689,0.9368041767661497,3.5351459069988778,,,,,,deltaRIC0.5,BLS-B
23,2991.675276030899,2050.1597812772234,2178.753273881163,11551.095448232365,0.3176102049497723,0.19169049416553144,0.2532409854956554,0.936532588361458,4.038907201998882,,,,,,deltaRIC0.5,BLS-B
24,2989.979206539381,2048.2242383089824,2178.245423532769,11547.750293749332,0.31749312619771647,0.1915499468513736,0.25320051943871497,0.9362923291974544,4.479849432000265,,,,,,deltaRIC0.5,BLS-B
25,2990.020631332367,2048.076173112047,2178.4414990822956,11547.800732579306,0.31747574360003394,0.19152670488451132,0.25319630544396937,0.936243833308943,5.409915777001515,,,,,,deltaRIC0.5,BLS-B
26,2990.6062563310306,2046.849391159762,2180.397521167921,11553.686031400968,0.3175682137413682,0.19146593357390984,0.2533581785921947,0.9367468021750118,4.386662134000289,,,,,,deltaRIC0.5,BLS-B
27,2991.362379506729,2050.390056272099,2178.1068620865826,11549.738469823631,0.31760161312870816,0.19171410347710224,0.25321233617248695,0.9364640392544352,7.5407217659994785,,,,,,deltaRIC0.5,BLS-B
28,2994.254537764462,2051.6836255239896,2180.8609624824344,11558.76424809644,0.31761777276998526,0.19174573071074028,0.25320865769868584,0.9367562807270728,4.389286838000771,,,,,,deltaRIC0.5,BLS-B
29,2987.8750731745686,2046.707615507705,2176.783266547384,11542.596031874185,0.31741381230948573,0.19146699193585934,0.2531638189865902,0.9360559570794325,6.833789632999469,,,,,,deltaRIC0.5,BLS-B
30,2995.3092228585956,2055.240733895815,2178.959124508112,11557.279161571527,0.31784327715619365,0.19205937431144673,0.25325391521649676,0.9369496596074814,4.103896698999961,,,,,,deltaRIC0.5,BLS-B
31,2994.7968602217265,2053.5583692939,2179.8408790315157,11557.684390653285,0.31769282236890245,0.19189782984397405,0.2531875831984898,0.9367685476782974,7.290507169000193,,,,,,deltaRIC0.5,BLS-B
32,2989.5591841081305,2047.8836031107965,2177.9891788976392,11546.71555912555,0.31746047175435543,0.1915298819846465,0.25317475275675755,0.9362527768683444,4.112358182999742,,,,,,deltaRIC0.5,BLS-B
33,2995.942978621248,2054.541179388368,2180.4895948725393,11560.960567255215,0.317814045682385,0.19198253697509005,0.25327548860798454,0.9370478559374926,4.06538134999937,,,,,,deltaRIC0.5,BLS-B
34,2992.7650818551406,2052.1676433106977,2178.3596578434936,11552.373710701819,0.3177028735436262,0.19184764936764923,0.25323821846234995,0.9366700499852507,8.49040941199928,,,,,,deltaRIC0.5,BLS-B
35,2994.8332872271426,2053.1050017982952,2180.3179286229233,11557.512357864254,0.31761598285657344,0.19182748907872177,0.2531444785092103,0.9365935847468932,5.082373306000591,,,,,,deltaRIC0.5,BLS-B
36,2990.117295933703,2048.2155624468173,2178.443125994467,11548.955106292742,0.31752522576021464,0.19156276424484364,0.2532310730320229,0.9364238072601893,6.2619564380001975,,,,,,deltaRIC0.5,BLS-B
37,2989.2827618088427,2047.2498544490552,2178.205560434052,11547.935468848435,0.31752872846429114,0.19151737578824218,0.25326979324691434,0.9364630313929703,6.910566784001276,,,,,,deltaRIC0.5,BLS-B
38,2996.460377642545,2055.48395769671,2180.312017678473,11561.146054541588,0.31787378018127693,0.1920630379576548,0.2532894186049058,0.9371587636299192,4.844609456999024,,,,,,deltaRIC0.5,BLS-B
39,2990.20103188139,2048.9235521831743,2177.8922122946324,11547.73001856305,0.3175462461351821,0.19161610130672327,0.25321707713848457,0.9363694420042263,6.8392438249993575,,,,,,deltaRIC0.5,BLS-B
40,2994.8392291463033,2054.059821830564,2179.4265889850517,11556.32724566824,0.3176681184044204,0.19191967968950444,0.25314002053899515,0.9366180465263089,7.29309745899991,,,,,,deltaRIC0.5,BLS-B
41,2991.7790622957564,2050.1658191149168,2178.8901008825887,11551.892429947084,0.31759631464245974,0.19168815828262725,0.2532253325571648,0.9365524695701197,4.21340449499985,,,,,,deltaRIC0.5,BLS-B
42,2996.7176652231537,2056.321952056335,2179.875408034077,11560.206585314289,0.3178378709450749,0.19209905269165906,0.2532170337119232,0.9369622412304232,3.9414386819989886,,,,,,deltaRIC0.5,BLS-B
43,2992.7229502322266,2051.3932407567754,2179.0310756444246,11553.069350070833,0.3176173663855259,0.1917591237456868,0.25319800530407777,0.9365523430318144,6.198030997000387,,,,,,deltaRIC0.5,BLS-B
44,2987.2201437788262,2043.5935139483113,2178.80924753554,11546.377672264834,0.3174201131116078,0.19125962144669165,0.2533284141423029,0.9363694650709369,4.117491111999698,,,,,,deltaRIC0.5,BLS-B
45,2995.941715700471,2054.824912018854,2180.2204807819303,11560.899213168419,0.317878723030793,0.19202734826489362,0.25332267974668365,0.9371670416555967,7.821422818000428,,,,,,deltaRIC0.5,BLS-B
46,2989.0681680573084,2046.917171277868,2178.223727540696,11546.286849801654,0.31741439048548176,0.19145070887853702,0.2531768578625929,0.9361700391694767,6.854575909999767,,,,,,deltaRIC0.5,BLS-B
47,2994.8039495564144,2052.9123921214455,2180.4589898810073,11559.582477910955,0.3177543338364507,0.19186948343117985,0.2532862372883666,0.9369594361358896,4.4924204270009795,,,,,,deltaRIC0.5,BLS-B
48,2996.311467367922,2054.878380977207,2180.6781626074503,11560.682456339884,0.3177268615812781,0.19196134808042828,0.25318214671147987,0.9368195337270359,5.766617203998976,,,,,,deltaRIC0.5,BLS-B
49,2990.551869989429,2047.6524788284935,2179.5687217990626,11551.69639969505,0.31753497029367844,0.19151829361501255,0.2532769246698189,0.9365953921548138,9.38932350200048,,,,,,deltaRIC0.5,BLS-B
50,2992.7979287321086,2053.4895198093964,2177.158752653599,11549.387586764433,0.31762426498258245,0.19191303068317406,0.2530900281712515,0.9363232007062073,7.496758085999318,,,,,,deltaRIC0.5,BLS-B
51,2988.6408240849732,2046.7676237557887,2177.7778283682637,11545.526720513113,0.3174465467707882,0.19146488035353962,0.25320645656835644,0.9362191130252699,6.353245023999989,,,,,,deltaRIC0.5,BLS-B
52,2992.9452681558537,2051.595832084517,2179.1456858021115,11554.521437468997,0.3177123405946796,0.19180567692263664,0.2532818857841967,0.9367896622900733,3.454393718000574,,,,,,deltaRIC0.5,BLS-B
53,2993.743028418695,2052.751515526343,2179.153169400866,11553.858955584701,0.3175970826387139,0.19182290020743217,0.25312424193789024,0.9364577327540953,6.938481584000328,,,,,,deltaRIC0.5,BLS-B
54,2994.2561212917344,2052.747097737996,2179.8621682623093,11557.095355481413,0.31771550802503357,0.19185689133121564,0.25324706767962246,0.9368246131092353,3.4495099550003943,,,,,,deltaRIC0.5,BLS-B
55,2991.2310166015363,2048.9511876608753,2179.2801621779035,11552.902341855197,0.3176368610745751,0.19163193847704738,0.25331872348651624,0.9367499429076467,4.131146121000711,,,,,,deltaRIC0.5,BLS-B
56,2992.4880212043054,2049.957943884423,2180.058940798714,11555.27283497616,0.3176191189415312,0.19166408025224096,0.2532721561053584,0.9367251661622569,4.13942796900119,,,,,,deltaRIC0.5,BLS-B
57,2991.8415419990993,2050.0587511119547,2179.0766231183425,11552.304059641641,0.31759789400600036,0.19167788033899003,0.25323509327460614,0.9365678139908694,4.1239327379989845,,,,,,deltaRIC0.5,BLS-B
58,2990.612725978927,2050.737987067686,2176.7494539300296,11545.029746588802,0.3174554074586153,0.19170185613255342,0.2530382067594719,0.9359708184290003,6.579176744000506,,,,,,deltaRIC0.5,BLS-B
59,2989.682513941274,2047.452877450191,2178.5633451398994,11547.617565829001,0.3174106794372117,0.19147673795153536,0.25315251972720204,0.9362034166295365,3.7191484030008723,,,,,,deltaRIC0.5,BLS-B
60,2993.757052700835,2054.0934446669526,2177.9075763613682,11553.26254428808,0.317854325646609,0.19201536649149603,0.25330114757615485,0.9368819605632382,5.847087553000165,,,,,,deltaRIC0.5,BLS-B
61,2991.935176074185,2050.4887902727774,2178.8005458957796,11552.174297294327,0.31763957733645115,0.19172222078169712,0.25325380776804424,0.936621404184851,4.400375612000062,,,,,,deltaRIC0.5,BLS-B
62,2991.1540623713786,2048.842542507586,2179.2766829505263,11552.400018183489,0.31760373596908414,0.19161053338200357,0.2532933804871019,0.9366597380500031,6.792010941999251,,,,,,deltaRIC0.5,BLS-B
63,2995.7764968391357,2055.095662004852,2179.738204239812,11558.736510142711,0.3177914825248353,0.19201697681851088,0.2532210634580231,0.936892227468674,4.943707865000761,,,,,,deltaRIC0.5,BLS-B
64,2992.0550733008067,2050.46108787534,2178.9912548640878,11552.57032220546,0.31765520479468845,0.19172416522553204,0.25327193607213644,0.9366863141675276,8.279868786999941,,,,,,deltaRIC0.5,BLS-B
65,2994.137123409984,2053.1754656448375,2179.2952120022464,11555.343831830076,0.3177289215737048,0.19189378244681912,0.25323594504462105,0.9367696659196387,3.8115254509993974,,,,,,deltaRIC0.5,BLS-B
66,2988.5869763080145,2046.0613756766134,2178.367499280644,11547.410355952337,0.31751183992407456,0.1914402192292813,0.2533069500693099,0.9364631632173299,4.663420168999437,,,,,,deltaRIC0.5,BLS-B
67,2988.855753463882,2045.9003850608851,2178.887406320453,11547.708734452777,0.31744150703125223,0.19139163618397545,0.2532555073144379,0.9363225215571175,4.219952790999741,,,,,,deltaRIC0.5,BLS-B
68,2994.840049137398,2053.3102302112516,2180.1339450655573,11559.05479765076,0.31780127194649754,0.19191356778865254,0.2533117268296949,0.9370136096652179,7.365047964000041,,,,,,deltaRIC0.5,BLS-B
69,2989.143882937905,2046.6613047100682,2178.56802893726,11547.155640761583,0.31743133709822197,0.1914364820615227,0.2532088606425007,0.9362467573979019,8.001184559001558,,,,,,deltaRIC0.5,BLS-B
70,2991.3312594532945,2049.9544876729647,2178.4740765618267,11550.412829369447,0.31755117139159433,0.19167210227767398,0.25318086748534263,0.9364484554697946,6.374581022999337,,,,,,deltaRIC0.5,BLS-B
71,2993.810772237635,2051.4515276601346,2180.4700341043454,11557.335319124191,0.3175711460306889,0.19172655538828476,0.25316469096259875,0.9366416722192713,6.147267399999691,,,,,,deltaRIC0.5,BLS-B
72,2991.124870518332,2048.6796552343367,2179.3897451493685,11552.87003922693,0.31759496305219775,0.19160204106822556,0.25328880436098405,0.9366964175576348,5.656150005999734,,,,,,deltaRIC0.5,BLS-B
73,2990.388727875083,2047.5753116624967,2179.4173732611634,11549.856699988368,0.3174245027177506,0.1914680272205007,0.2531764394210109,0.9362722967311004,4.570163119999052,,,,,,deltaRIC0.5,BLS-B
74,2995.1732131396893,2053.8718169197327,2180.0626450568725,11559.004516579302,0.3177528211110346,0.19193380844840482,0.25323559879786295,0.9369199780087826,6.972029763999672,,,,,,deltaRIC0.5,BLS-B
75,2995.264064293157,2054.867078357951,2179.2494361882073,11557.635267696305,0.3177957668545877,0.19201922050277137,0.2532247388945313,0.9369021044010944,4.069609902999218,,,,,,deltaRIC0.5,BLS-B
76,2991.5383504903684,2050.0360592297507,2178.6816789775394,11550.561708081035,0.3175307122152141,0.1916593005182493,0.2531648982871767,0.9363783637906187,5.614681818000463,,,,,,deltaRIC0.5,BLS-B
77,2994.9452018942084,2055.1289313972034,2178.564168823891,11555.113322252028,0.31775104558302764,0.19202616634101177,0.25316334333682944,0.9366999149984196,7.652130559001307,,,,,,deltaRIC0.5,BLS-B
78,2995.0570241735654,2054.8988569053563,2178.934892542793,11556.305301884078,0.3177671190081543,0.19201418489089025,0.25319260400617843,0.9367853511275044,5.9368938989991875,,,,,,deltaRIC0.5,BLS-B
79,2995.92198292966,2056.324625217654,2178.7789157059183,11557.31447062369,0.31783293669655793,0.19211633731135963,0.2531977262678835,0.9368467971648505,5.298181812999246,,,,,,deltaRIC0.5,BLS-B
80,2997.411606247056,2057.114342024943,2180.0818611005975,11561.086873991566,0.3178333875735213,0.1921361008331932,0.2531832952883685,0.9369367066040521,4.074780783999813,,,,,,deltaRIC0.5,BLS-B
81,2993.3677281185237,2052.002903453525,2179.3426623548107,11554.146159325926,0.31758310582955623,0.19177607602210145,0.2531421848959835,0.9364921666998655,5.444494639999903,,,,,,deltaRIC0.5,BLS-B
82,2990.083894963956,2048.9695958697193,2177.688061712306,11547.180287043588,0.3175214388822089,0.19161625272783325,0.2531858523700949,0.9363170654945834,4.664317351000136,,,,,,deltaRIC0.5,BLS-B
83,2991.7166200916763,2050.553443858946,2178.439558218446,11550.27575523518,0.31759497290146216,0.19171260242646884,0.2532051438718242,0.9364559322318183,6.7026758510000946,,,,,,deltaRIC0.5,BLS-B
84,2987.030549441213,2043.5351140455994,2178.604080818201,11545.497460612636,0.3173882626970823,0.1912486436299842,0.2532967935200986,0.9362844106330818,7.656965330001185,,,,,,deltaRIC0.5,BLS-B
85,2991.77062787311,2050.6899993414604,2178.385185499842,11550.749886731328,0.317621155795044,0.19173294065242966,0.25322258603322,0.9365261686687408,3.349954039000295,,,,,,deltaRIC0.5,BLS-B
86,2993.0821114255264,2051.3437777543377,2179.570882353692,11554.605133829004,0.3176816506493753,0.19176696937715418,0.2532727000985565,0.9367345756845584,4.850106830999721,,,,,,deltaRIC0.5,BLS-B
87,2990.27352793161,2047.3901617844572,2179.433251392841,11550.426672184329,0.31745076994479476,0.1914701201479758,0.2532077890371122,0.9363670605750857,4.579940042000089,,,,,,deltaRIC0.5,BLS-B
88,2992.8959753169665,2051.9457515304716,2178.7484829242094,11553.923504335755,0.31772046985647345,0.19183745835396443,0.2532680132549494,0.9367793648948959,8.369911026000409,,,,,,deltaRIC0.5,BLS-B
89,2989.877059751886,2049.3563181590657,2177.040080855679,11545.767168965205,0.317582171133195,0.19166591133574762,0.253224433760866,0.9363348120537833,5.257911501999843,,,,,,deltaRIC0.5,BLS-B
90,2994.39426526081,2054.2130085605127,2178.6706798613673,11554.115481017494,0.3177265282525912,0.19196025812004905,0.2531825548056753,0.9366566074105869,5.9303625660013495,,,,,,deltaRIC0.5,BLS-B
91,2990.0923262460497,2047.859821986788,2178.7432774348963,11549.89633454225,0.317555102010249,0.19154720892534685,0.2532802984159036,0.9365201448415267,3.3542816979988856,,,,,,deltaRIC0.5,BLS-B
92,2992.1846216075314,2050.900947017586,2178.7551756236808,11551.438333960583,0.3175284855122967,0.19170214627933685,0.2531296628679234,0.9363274759547413,3.443443484000454,,,,,,deltaRIC0.5,BLS-B
93,2994.846185703745,2053.7622835091784,2179.716531767247,11556.650236130145,0.3176873997111423,0.19190351906350164,0.2531764667307595,0.9366937044003771,6.204896518000169,,,,,,deltaRIC0.5,BLS-B
94,2989.6172975528193,2047.7866915385475,2178.160061103093,11546.943757573983,0.3174508706378644,0.19151453721890827,0.25317432196525286,0.9362237260423463,5.492325224999149,,,,,,deltaRIC0.5,BLS-B
95,2992.510147912684,2049.3871171162173,2180.6259260951824,11556.106700820268,0.3176250361438088,0.19162375763676742,0.2533100848654102,0.9368048325051347,8.37411235699983,,,,,,deltaRIC0.5,BLS-B
96,2991.173247151651,2049.8126509389394,2178.3905734570258,11549.711440024932,0.31754243571352886,0.1916522102073041,0.25318496954111613,0.9363511882254737,7.396911974999966,,,,,,deltaRIC0.5,BLS-B
97,2993.2453815681083,2050.8768011804714,2180.234450846644,11556.685281578531,0.31770832152792466,0.19174337694732524,0.25332401182068603,0.936903432275343,5.0799788430012995,,,,,,deltaRIC0.5,BLS-B
98,2996.2035202773795,2054.841164941445,2180.5649088675723,11561.339779856002,0.31785895275459886,0.19201297315370064,0.25330876808141983,0.9371339989704832,3.8079016840001714,,,,,,deltaRIC0.5,BLS-B
99,2993.0335723471676,2052.757430996344,2178.1728339795573,11550.751959379111,0.3175423246971923,0.19182282695827085,0.2530555888176239,0.9362532288456604,5.271960860000036,,,,,,deltaRIC0.5,BLS-B
100,2992.5502946553165,2051.5719959014446,2178.6256244877377,11552.681557296255,0.317685109281926,0.19180325381944008,0.2532495616654542,0.9366814819100306,3.6159518559998105,,,,,,deltaRIC0.5,BLS-B
101,2993.567064097439,2052.0333025034515,2179.5878263253676,11555.244767494309,0.31766518058699283,0.19180281028803906,0.2532248979128578,0.9367018707576406,4.087678411000525,,,,,,deltaRIC0.5,BLS-B
102,2990.8082102102985,2048.136238894218,2179.4659201716318,11552.274261820501,0.3175787316264707,0.19155752874378104,0.25330211993398993,0.9366315229716203,4.49549308099995,,,,,,deltaRIC0.5,BLS-B
103,2993.892906269875,2053.5927490067434,2178.5663991349925,11553.440292452016,0.3176742125892132,0.1919084933951262,0.2531561484676787,0.9365495359675552,6.4971008419997816,,,,,,deltaRIC0.5,BLS-B
104,2987.6991647923096,2045.3089051107506,2177.856235378112,11544.225375528478,0.3173510292700367,0.19134607239807006,0.25317653200204837,0.936061868237788,4.216842785999688,,,,,,deltaRIC0.5,BLS-B
105,2989.934585028074,2049.737917088982,2176.759815412514,11545.034855906883,0.3175437623920514,0.19167927561302212,0.2531661437368091,0.9362104941991576,6.947774959999151,,,,,,deltaRIC0.5,BLS-B
106,2995.785899738203,2053.7662136731356,2181.0037818960673,11560.991902852262,0.31772827136891424,0.19190096750649535,0.2532296844707378,0.9369508752423236,5.857783821000339,,,,,,deltaRIC0.5,BLS-B
107,2991.5602935346287,2049.4535846748972,2179.2597353496453,11551.975193296046,0.317586806953242,0.19163598107419252,0.2532528987168508,0.936571853358389,4.722396353001386,,,,,,deltaRIC0.5,BLS-B
108,2989.0233141598064,2048.18063139918,2176.9741555085425,11544.029316819588,0.3174688162764862,0.19156080619719276,0.25316181946943517,0.9361099824828417,4.9054003870005545,,,,,,deltaRIC0.5,BLS-B
109,2994.01626061466,2052.472194117519,2179.7915637049814,11556.548791113137,0.3176919029130707,0.19183535832913085,0.2532337664515969,0.9367793270458051,8.211034848000054,,,,,,deltaRIC0.5,BLS-B
110,2993.3277073897098,2051.273576109065,2179.9741924581735,11556.848197291562,0.3177234526065733,0.19178161538854704,0.2533140429095885,0.9369467369637923,5.074099112000113,,,,,,deltaRIC0.5,BLS-B
111,2993.535311510794,2051.0970705289574,2180.425295333356,11557.728083289809,0.3176791074416207,0.19174498503360965,0.2532861544170262,0.9368774103787254,5.619167603999813,,,,,,deltaRIC0.5,BLS-B
112,2991.2754663959613,2048.451967093837,2179.8104170711185,11553.927308189806,0.3176728031530281,0.19160458968815042,0.2533844728343433,0.9368723696115084,4.923586766999506,,,,,,deltaRIC0.5,BLS-B
113,2991.967575822762,2049.9697028389087,2179.333428417343,11553.578705833037,0.31767604522184595,0.1916980246506705,0.2533178577456063,0.9367780677726324,5.585649139000452,,,,,,deltaRIC0.5,BLS-B
114,2993.8725811537884,2052.5778903084843,2179.4946745521584,11555.323694088565,0.3176492127077216,0.19182603080968047,0.25318727503103095,0.9366113115542766,6.4014057489985134,,,,,,deltaRIC0.5,BLS-B
115,2993.0655338450315,2052.5703312447504,2178.3930603049716,11552.053840160568,0.31764777259986815,0.1918476060409396,0.25316912034056993,0.936524586982973,6.456175971999983,,,,,,deltaRIC0.5,BLS-B
116,2991.3678166025925,2049.572744418641,2178.8834249546258,11550.964338038388,0.31751609228719885,0.1916279217479994,0.2531703151395827,0.9364068914278103,5.515390487998957,,,,,,deltaRIC0.5,BLS-B
117,2993.269367369186,2051.113927499231,2180.044302772172,11555.400138795922,0.31761594747999206,0.1917248565472873,0.25322217413871,0.9366573643672561,4.025935996000044,,,,,,deltaRIC0.5,BLS-B
118,2989.696928474715,2047.8722897660693,2178.188882750856,11548.010976609321,0.3175288907893986,0.19155092412117497,0.2532446247292718,0.9364295247513708,7.377570717999333,,,,,,deltaRIC0.5,BLS-B
119,2992.692971858114,2049.29838370825,2180.9601918282924,11556.90504491943,0.31760865070351035,0.19160666939612753,0.25330246592685896,0.9368091690045527,5.644284565998532,,,,,,deltaRIC0.5,BLS-B
120,2991.194384524586,2050.594385844799,2177.6837490217,11548.910658055784,0.3175774514159227,0.19172914507299912,0.25317063924833305,0.936399634911178,4.841935090000334,,,,,,deltaRIC0.5,BLS-B
121,2990.364818670431,2047.9940607687863,2178.9910683152452,11549.497318515523,0.3174322906540919,0.19150383673125485,0.2531591192651625,0.9362535790815923,7.0757012119993306,,,,,,deltaRIC0.5,BLS-B
122,2993.5894742604564,2051.4292925057994,2180.1871016617242,11556.615224818584,0.3176459700928983,0.19175142742123383,0.2532397133116718,0.9367245721491365,4.554391630999817,,,,,,deltaRIC0.5,BLS-B
123,2995.5892110605523,2053.9914183490246,2180.5214914719245,11559.585782118358,0.31771319236848133,0.19191178280365603,0.2532025675740551,0.9368253104050297,6.578308746000403,,,,,,deltaRIC0.5,BLS-B
124,2995.7016380724117,2055.6417442282136,2179.1203096057184,11556.225053251324,0.3177070782152282,0.1920208363368415,0.25311220033921134,0.9365725783961605,7.072768669999277,,,,,,deltaRIC0.5,BLS-B
125,2993.4921983361446,2052.332889119997,2179.202894118794,11554.603912165645,0.31771055222342653,0.1918441134534157,0.25325053035953865,0.9367577945290079,6.317058955000903,,,,,,deltaRIC0.5,BLS-B
126,2996.2016851146623,2055.4312494581836,2180.00617353133,11559.802074661777,0.31781200050408653,0.19203675511706078,0.2532318154350269,0.936942783853666,6.773446391998732,,,,,,deltaRIC0.5,BLS-B
127,2987.6850654009468,2046.145709342988,2177.0507082190666,11542.514906654922,0.31742292625911445,0.19143118506450754,0.2532023212762819,0.9360908320857265,6.658545256999787,,,,,,deltaRIC0.5,BLS-B
128,2995.3868565157554,2052.9467149908114,2181.227224659498,11561.927489123733,0.3178186833904594,0.19188045264302006,0.25335865370173327,0.9371733544869109,4.382595785000376,,,,,,deltaRIC0.5,BLS-B
129,2988.798789297827,2046.7948240389396,2177.9690427541814,11546.93497063702,0.3175210388408589,0.19148993768420952,0.25328089914613733,0.9364134983208365,4.290349721999519,,,,,,deltaRIC0.5,BLS-B
130,2989.3034818060783,2046.3150808389141,2179.1121807445274,11548.722986486733,0.31741873702186896,0.19140878856660787,0.2532140009399599,0.9363286576284063,4.837903085001017,,,,,,deltaRIC0.5,BLS-B
131,2986.877545645382,2044.6632525468149,2177.335448745843,11541.832464273637,0.31732972559893347,0.1913055209142071,0.2531804740031076,0.9359357632221769,5.342338153999663,,,,,,deltaRIC0.5,BLS-B
132,2991.042631479249,2048.121520015258,2179.801427326971,11553.01154794354,0.31758599310724195,0.1915576285284202,0.253311148531763,0.936705675978139,7.28185548699912,,,,,,deltaRIC0.5,BLS-B
133,2991.064320094511,2047.8574172179165,2180.0793026144725,11554.386669481963,0.317657648172705,0.19156273648778607,0.2533971180418693,0.9368994435151815,7.375842244000523,,,,,,deltaRIC0.5,BLS-B
134,2995.693198090833,2055.43465409396,2179.3040448357183,11557.733143061763,0.3177947635482401,0.1920432652772829,0.2532052448120319,0.9368434880392272,5.071210637999684,,,,,,deltaRIC0.5,BLS-B
135,2992.223896796491,2050.306733287243,2179.368291041459,11552.477501545167,0.3175658290786196,0.19167367670966096,0.25319805973780957,0.9365048876171647,5.430188930999066,,,,,,deltaRIC0.5,BLS-B
136,2987.2500688678524,2043.2580566820905,2179.1648601596708,11547.54814997507,0.317458442628596,0.1912504995984753,0.25338332462793833,0.936514978293417,4.118224759000441,,,,,,deltaRIC0.5,BLS-B
137,2993.8960981424593,2053.548760956922,2178.6122493103107,11553.531847023189,0.3176906411896084,0.19191679792730637,0.25317046860325937,0.9366316647240198,4.478712489000827,,,,,,deltaRIC0.5,BLS-B
138,2989.124003103319,2047.0041705442727,2178.2185913499966,11547.078119781958,0.31745115375167277,0.1914755322782536,0.2532041776057964,0.9362984284736909,7.472564355999566,,,,,,deltaRIC0.5,BLS-B
139,2989.3234745070185,2048.3810310372637,2177.1977372130054,11544.066076549238,0.31738681543105257,0.19154501733311527,0.2530709326341561,0.935991621362761,5.979449997999836,,,,,,deltaRIC0.5,BLS-B
140,2995.3741019671893,2054.9375934259974,2179.3341868241123,11556.808958384534,0.3177760013836122,0.19200317327070626,0.25321210182243786,0.9367775090015349,4.393909370999609,,,,,,deltaRIC0.5,BLS-B
141,2990.043890203848,2049.3792851021853,2177.247576905166,11545.801491020236,0.3174990759766659,0.1916363751910574,0.25314257435221943,0.9361857042074416,5.378731171998879,,,,,,deltaRIC0.5,BLS-B
142,2997.1460607755394,2055.809631485199,2180.9473328613467,11563.885576610535,0.317919923955913,0.1920860206959113,0.2533299009223811,0.9373105630039718,9.010208215000603,,,,,,deltaRIC0.5,BLS-B
143,2993.022479969672,2052.3884842148727,2178.505238797002,11551.851543417451,0.3175471208208913,0.1918033386657693,0.25307637823056894,0.936351259850725,3.3617663599998195,,,,,,deltaRIC0.5,BLS-B
144,2990.8021095359795,2050.653770497753,2177.0889673938937,11547.357348618865,0.3175757341830135,0.19174118583652425,0.25315936600466427,0.9363268823177989,5.273160780998296,,,,,,deltaRIC0.5,BLS-B
145,2990.2118995867727,2048.7180963350115,2178.100403144856,11547.923373088757,0.31754454894969275,0.19159746226929306,0.25322905247943145,0.9363663885213912,4.1278744130013365,,,,,,deltaRIC0.5,BLS-B
146,2994.9699985093544,2052.5358765842593,2181.0414409876785,11560.858202596637,0.31776156314634924,0.19184456898238086,0.2533141771894653,0.9370745809025128,3.7177652189984656,,,,,,deltaRIC0.5,BLS-B
147,2994.312643154906,2052.9178863076636,2179.778969766291,11556.938977503463,0.3177031588720207,0.19185981522904447,0.25322935939092317,0.9367517869452344,6.384860256999673,,,,,,deltaRIC0.5,BLS-B
148,2990.9758326416604,2048.3162749028456,2179.526753544127,11552.931921917943,0.31765098009076476,0.1915930874299162,0.2533658106408517,0.9367933381389848,8.202707164000458,,,,,,deltaRIC0.5,BLS-B
149,2991.0863814490363,2049.3766879183513,2178.681466462387,11549.63962299436,0.3174640858102193,0.19159923503518347,0.25312680401974574,0.9362528983401025,6.508578746001149,,,,,,deltaRIC0.5,BLS-B
150,2991.675296229264,2050.572907507288,2178.364484898145,11549.927939141067,0.31751601098892324,0.1916889461140657,0.2531240114489276,0.9362949135447108,5.711729148000813,,,,,,deltaRIC0.5,BLS-B
151,2992.85938876973,2052.123917492078,2178.5304102087007,11551.865558410609,0.31760059991405765,0.19180203607704824,0.25314446472808366,0.9364394596754062,5.354519046999485,,,,,,deltaRIC0.5,BLS-B
152,2989.549224453857,2047.1500128973253,2178.665047713195,11548.434163184162,0.3174733471965444,0.1914787119438745,0.2532295975048975,0.93634949961649,4.30547007000132,,,,,,deltaRIC0.5,BLS-B
153,2990.5727289829592,2049.026477821317,2178.305704102101,11548.523457157178,0.3174874077032334,0.19159544847450685,0.25315891881182406,0.9362834103143987,4.754942423000102,,,,,,deltaRIC0.5,BLS-B
154,2988.3919265450045,2045.6206920196062,2178.513780314596,11547.017836047906,0.31742925391070087,0.1913828573579097,0.25324678309472404,0.93631061101992,4.565934696000113,,,,,,deltaRIC0.5,BLS-B
155,2990.967132798588,2050.4754840686915,2177.483565658917,11547.05557822319,0.3175080893522517,0.19169557438645665,0.253109054687429,0.9361864454946793,5.56860990199857,,,,,,deltaRIC0.5,BLS-B
156,2993.5496766170677,2051.5520617356497,2180.0169275403246,11556.265991680699,0.31768630768540507,0.19177957786213976,0.2532689945607345,0.9368268167108661,4.070571767999354,,,,,,deltaRIC0.5,BLS-B
157,2990.8028568763834,2048.1287871886184,2179.4655766469946,11552.456756790922,0.31758474464538167,0.19156349994093924,0.25330514310185265,0.9366713556048478,3.4424602700000833,,,,,,deltaRIC0.5,BLS-B
158,2990.323260489166,2048.509137820204,2178.4497961829825,11549.120804677648,0.31751798774655704,0.1915793606557609,0.2532094412010592,0.936423398211933,6.650997437000115,,,,,,deltaRIC0.5,BLS-B
159,2992.8177900988826,2051.8270456824275,2178.7528770694666,11553.72493732284,0.3177100680308586,0.19182751740831638,0.25326249405139895,0.9367614622716021,4.814542710000751,,,,,,deltaRIC0.5,BLS-B
160,2991.955456340867,2049.8734810675064,2179.407296570347,11552.499451690452,0.3175158146978014,0.19163462643974838,0.2531648919824916,0.9364404414142621,5.813767742998607,,,,,,deltaRIC0.5,BLS-B
161,2993.5058192684646,2054.5247547989857,2177.15528199353,11550.573621408295,0.3177251349371496,0.1920033371431291,0.25314813824464877,0.9364951272979519,4.552699815998494,,,,,,deltaRIC0.5,BLS-B
162,2991.224688629554,2050.9473396701005,2177.3929704504667,11547.947062419156,0.317549941011542,0.19174064070532787,0.253127421940698,0.936273330211579,6.532011928000429,,,,,,deltaRIC0.5,BLS-B
163,2992.0551533453786,2051.817127062593,2177.714517046081,11549.76959554542,0.3176591789506041,0.19182112365954748,0.25320349620327226,0.9365028203671812,7.013305422000485,,,,,,deltaRIC0.5,BLS-B
164,2991.250007528849,2050.0825050955814,2178.2420273795024,11549.333476371681,0.31751679894910934,0.19166565382597478,0.2531426371798135,0.936308023440735,4.747571275000155,,,,,,deltaRIC0.5,BLS-B
165,2993.768874817064,2053.0840962644393,2178.875345101105,11555.448413628084,0.3177965556061052,0.1919255597291531,0.253296723780146,0.9369143261087273,4.070459506998304,,,,,,deltaRIC0.5,BLS-B
166,2991.080716420087,2048.8856891606797,2179.135444366106,11551.061277505816,0.3175433231683444,0.19159097260445526,0.2532324254618166,0.9364814492340762,5.609957774999202,,,,,,deltaRIC0.5,BLS-B
167,2989.3985514662563,2047.7215785025403,2177.9210354013335,11546.621389244883,0.31749609518458083,0.19153325507981683,0.2532168688219374,0.9363184868413277,3.264448641999479,,,,,,deltaRIC0.5,BLS-B
168,2994.0709821950327,2053.3333624153806,2179.0555635903993,11555.124206420222,0.3177136658980145,0.19190389184599715,0.2532091423955995,0.9367224899785815,4.313040201999684,,,,,,deltaRIC0.5,BLS-B
169,2995.246878254965,2054.8146812811883,2179.275220638137,11557.175923567562,0.3177676428395364,0.1920009545235822,0.25320329440555955,0.936807860597659,6.16950785500012,,,,,,deltaRIC0.5,BLS-B
170,2989.525643038925,2047.9350036379142,2177.8948072076105,11545.915389851918,0.3174152541793557,0.19150794541298843,0.2531346488125259,0.9360617734024969,7.499959131000651,,,,,,deltaRIC0.5,BLS-B
171,2990.9656790989666,2049.279731935503,2178.6069571692583,11550.071568039082,0.31755653740253986,0.19163094511717269,0.253218749938842,0.936479350691998,6.902687089999745,,,,,,deltaRIC0.5,BLS-B
172,2989.493381497811,2046.5248482720942,2179.1756981537997,11550.215340913519,0.31753155314451154,0.19146159343236335,0.25331550580788803,0.9365895505077474,4.318007560999831,,,,,,deltaRIC0.5,BLS-B
173,2988.603477290071,2047.2583414413868,2177.2652635517265,11543.705670092895,0.3173885485085525,0.19147940747370362,0.25312275132410594,0.9360252562628951,5.24215829700006,,,,,,deltaRIC0.5,BLS-B
174,2989.464680494561,2047.458601546806,2178.2590183163356,11547.07403323446,0.31742572557329785,0.1914880250911267,0.25316284779255155,0.9362096937202671,5.829808036000031,,,,,,deltaRIC0.5,BLS-B
175,2989.33141184776,2047.40592782703,2178.125629195539,11546.820474348693,0.31745082797340324,0.19148966937482076,0.25319307791430845,0.936204091083282,6.362350527000672,,,,,,deltaRIC0.5,BLS-B
176,2992.2376167012394,2050.642356776399,2179.0713341688584,11551.77451928415,0.31753205720810446,0.19168438495873255,0.2531475931503267,0.9363788913169614,6.993608378001227,,,,,,deltaRIC0.5,BLS-B
177,2990.9092295669743,2048.7772922952877,2179.0019793667243,11550.377043861312,0.3175314126986704,0.1915815541636314,0.25322461601246615,0.9364382638070553,8.325911056999757,,,,,,deltaRIC0.5,BLS-B
178,2991.859482996732,2050.8134785243733,2178.3909755368136,11550.240107718433,0.3175168893819752,0.19170519003369393,0.2531128111276684,0.9363149737761611,5.3695659969998815,,,,,,deltaRIC0.5,BLS-B
179,2996.0931877843254,2054.108283763743,2181.1037454602683,11562.081922619296,0.3178135836853738,0.19194232032489528,0.2533053881054159,0.9370850109146895,5.899520552999093,,,,,,deltaRIC0.5,BLS-B
180,2992.9857224588013,2052.3112697149645,2178.5274813605597,11551.68066697907,0.31753900980373767,0.1917867291285107,0.2530787886752374,0.9362675155049344,4.031364100001156,,,,,,deltaRIC0.5,BLS-B
181,2992.6467250801247,2049.8007703139965,2180.424551125982,11556.652914812565,0.317639419244229,0.191658192519335,0.25330206848352543,0.9368224448171623,7.516043237001213,,,,,,deltaRIC0.5,BLS-B
182,2996.3734839865742,2055.329964254282,2180.3377705246353,11560.735932633112,0.3178308980276153,0.19203786922042096,0.2532546870767073,0.9370685581299404,4.396988276999764,,,,,,deltaRIC0.5,BLS-B
183,2991.0615781899105,2048.733193290143,2179.2525478326493,11552.119885991302,0.31759572891570487,0.19160543375660766,0.2532871982166492,0.9366626221386161,4.389910808999048,,,,,,deltaRIC0.5,BLS-B
184,2995.4952228707066,2054.071271066239,2180.317142899525,11559.734397099282,0.3177809469623538,0.19194744866247754,0.2532605520096959,0.9369741839287331,5.219523873000071,,,,,,deltaRIC0.5,BLS-B
185,2993.8919563907,2053.0513111387977,2179.0753452719796,11555.197601348791,0.3177487368935156,0.1919006180541648,0.25325562696187853,0.9368155730350937,6.432768458000282,,,,,,deltaRIC0.5,BLS-B
186,2987.7184042705208,2045.4418042434456,2177.757812216526,11544.798329884203,0.3174767346431479,0.19140206691021422,0.2532917800130387,0.9363330396866261,6.459993815000416,,,,,,deltaRIC0.5,BLS-B
187,2987.9224266205483,2045.1731701870137,2178.2899557793553,11546.187227067387,0.3174334128607869,0.19136438486060395,0.2532659546946045,0.936314814982704,6.37818060599966,,,,,,deltaRIC0.5,BLS-B
188,2996.006873120427,2055.1678890501735,2179.9867273912223,11560.265036256134,0.31785935424001516,0.19204444423604786,0.2532854131527257,0.937098143311697,6.824765732999367,,,,,,deltaRIC0.5,BLS-B
189,2993.4258180013526,2051.7806431701897,2179.631693701757,11554.48215226005,0.3176028054072516,0.1917623810075406,0.2531772723466216,0.9365465339532248,7.687974245000078,,,,,,deltaRIC0.5,BLS-B
190,2991.19521223533,2050.5659182434742,2177.711691808137,11548.781017394933,0.31758323052886517,0.19172359021701912,0.253182095076739,0.936371518008162,7.333878769000876,,,,,,deltaRIC0.5,BLS-B
191,2987.2460028111627,2044.8231421229557,2177.6907491077955,11543.483216074952,0.31738492937569,0.19133667180944036,0.25322612704003955,0.9361529777412225,4.418295661000229,,,,,,deltaRIC0.5,BLS-B
192,2988.8547725848775,2047.6734057659132,2177.219895858575,11545.482836069981,0.31755188779338095,0.19156013830770244,0.2532664897941967,0.9363525891903276,4.596869963999779,,,,,,deltaRIC0.5,BLS-B
193,2990.0660974127068,2048.9985771569663,2177.6363557090012,11546.821117875284,0.31754423779258495,0.19162245309486095,0.2532097518366572,0.9363243669553766,6.397146498000438,,,,,,deltaRIC0.5,BLS-B
194,2994.3712257039965,2053.2739114251885,2179.524095298045,11557.28914087616,0.31781048888048663,0.19193035762790422,0.25331056958460835,0.937005809133995,6.115576494999914,,,,,,deltaRIC0.5,BLS-B
195,2993.621443538719,2052.4645965646414,2179.2563931450536,11555.366251368812,0.31771374477172093,0.1918551957745072,0.25324614009140556,0.936799708346896,6.924285170998701,,,,,,deltaRIC0.5,BLS-B
196,2990.0473973512735,2048.292050765553,2178.275261113198,11548.55755527265,0.3175418952808695,0.19157503597600334,0.25324269160108,0.9364352627851368,4.2096727450007165,,,,,,deltaRIC0.5,BLS-B
197,2988.2660749932634,2048.030636766006,2176.075514733685,11541.222855167265,0.3174468309454184,0.19156349736692094,0.2531322123986647,0.9360030347463792,4.294282470998951,,,,,,deltaRIC0.5,BLS-B
198,2990.2088581966486,2048.44564905374,2178.352459660858,11548.608422310286,0.31753963814445535,0.19157966797548737,0.25323635720668874,0.9364148165715028,4.392716271999234,,,,,,deltaRIC0.5,BLS-B
199,2988.0061006710785,2044.8868966118534,2178.6734582568192,11546.977012050636,0.31742375184059274,0.19133918570534367,0.25327288494067857,0.9363455443756905,4.072920774999147,,,,,,deltaRIC0.5,BLS-B
200,2988.173971938631,2045.3530484857347,2178.4661102761293,11546.692302542246,0.3174282891298286,0.19136754142323695,0.25325714763756574,0.9363027292844833,5.526021663001302,,,,,,deltaRIC0.5,BLS-B
1,303.8839743876497,281.8371171430936,113.63674269400661,513.627557883392,0.032394412417371704,0.02250862939370849,0.02329720066195611,0.8214192203678414,8.558458548999624,-0.0027370352743169013,-0.00014472550822069996,0.018668714221025118,0.01886884199498979,-58.45949089488931,deltaRIC0.5,BLS-G
2,297.9774474553153,276.2275540723085,111.75373623828018,503.2746275829771,0.03247397301292972,0.02216207765311274,0.023736074598422734,0.8266168026249726,7.829186823999407,-0.0028231293575999294,-0.00013637187437465226,0.019501193133269146,0.01970495344523622,-61.37733443649813,deltaRIC0.5,BLS-G
3,309.43400090449524,286.49467941153,116.9196287397792,531.9904428732415,0.03291099674152906,0.02300680808021241,0.023533390926111973,0.8219431445386316,7.56829678000031,-0.0027551252856007347,-0.00016664362926305243,0.022690562047026464,0.02285782341887539,-58.9500892307442,deltaRIC0.5,BLS-G
4,302.4654553685144,280.0976847358266,114.15182301177785,522.4953427762305,0.03267140090930068,0.022499974598999595,0.023689060353264887,0.8250047462886171,16.83785124300084,-0.0022932211219716114,0.00026902103294179636,0.021212822938148634,0.021338113610056223,-60.58237146460306,deltaRIC0.5,BLS-G
5,301.2983553747345,278.2443986714895,115.58872591849527,510.5092196939602,0.03212212371016261,0.022240569672456585,0.023177314173467026,0.819011180668809,21.65678698299962,-0.0029480510871920385,-0.0004165748610113762,0.018395695537040013,0.01863507859170427,-57.24744555325742,deltaRIC0.5,BLS-G
6,309.33671965429573,286.33271801599346,117.05887715185857,530.6647507007045,0.032748672830559954,0.02290309305573738,0.023407774363302672,0.8207037027585841,9.476949287000025,-0.0027312954116049393,-0.00020959412301446712,0.020627061772238053,0.020808161419923213,-58.45879213720036,deltaRIC0.5,BLS-G
7,301.361770737252,279.2778459160186,113.23781012718602,513.8767873527121,0.03350058131828554,0.02246376998859831,0.024852927122623037,0.833933934047424,7.730100399001458,-0.0029512094152874813,-0.00044292696017167454,0.01762378252328456,0.01787466172359518,-68.45333149440194,deltaRIC0.5,BLS-G
8,310.5321217549678,287.56761388048614,117.19669828423412,532.3109033189286,0.032572615152084226,0.022946999992159458,0.023117319247819824,0.8178319975007723,7.585236589999113,-0.0026033902316317525,-6.436742249094074e-05,0.02026932488892874,0.020435931965931475,-56.64244871063602,deltaRIC0.5,BLS-G
9,306.5360398877228,283.72694207390833,116.03174605010739,543.1095025271593,0.03341610067539486,0.0229178270843115,0.024318901827215047,0.829894387100107,9.077723731001242,-0.0020565720615359218,0.00039366459217982097,0.0247262824513661,0.0248147839869736,-63.97708948110812,deltaRIC0.5,BLS-G
10,313.6409476629492,290.705192507552,117.73332196137159,538.810108984441,0.03344169571007366,0.02330004800836436,0.023988638451839545,0.8268542209857972,13.17631057700055,-0.002443347977335475,-4.473309155211824e-05,0.0221484153405499,0.022282824158650433,-62.132456801431545,deltaRIC0.5,BLS-G
11,305.8253480092784,283.8248080203825,113.89741804443723,514.3161576521517,0.032748503797261894,0.022669027744077766,0.02363429038700991,0.8249810808215738,14.602523200999713,-0.0027429934741965423,-0.0002446634799071479,0.018481499349089048,0.018685547666800244,-60.68892851930832,deltaRIC0.5,BLS-G
12,308.3954886822693,285.5773828121988,116.41879515658343,532.7295705196606,0.033092548040087474,0.022937593057271524,0.02385337629193206,0.8258112873091118,9.573403112999586,-0.0024626951364982164,0.00021178067873228734,0.02264442962259028,0.022778935693391393,-61.230559615185484,deltaRIC0.5,BLS-G
13,308.6296235809892,285.79849283057104,116.49663534848162,528.2449062289564,0.033059001236040275,0.02291791631711432,0.023825756533765247,0.8252933549363882,9.070784431998618,-0.0025149162065610797,4.9866404434051326e-05,0.0208436520155737,0.02099488317497014,-61.14007608215252,deltaRIC0.5,BLS-G
14,302.6253128030024,280.03736198321695,114.72208088504905,519.6342462802062,0.03245858175515114,0.02242867966039382,0.023463031736058054,0.8227408686336393,12.474200250999274,-0.002522958059855973,0.0002903206435219685,0.02039926358723565,0.020556739973774187,-59.177561146225344,deltaRIC0.5,BLS-G
15,307.77524605267223,285.1678187388905,115.77960631512872,529.555083109083,0.03311248451718699,0.022861350260024754,0.0239540246136096,0.8268378138292736,7.976763972999834,-0.002403730960148287,0.00016703891525982062,0.02070939133503824,0.020849093841117976,-62.21394601207794,deltaRIC0.5,BLS-G
16,309.9041344930137,287.29326350171294,116.20306933295369,531.0889275886988,0.033198179785325826,0.02297203562325555,0.02396674196428656,0.8269592128951958,7.8239969669994025,-0.0024775820779068813,6.991277248535877e-05,0.019769086678082193,0.019923857277998374,-62.440968064094704,deltaRIC0.5,BLS-G
17,296.3425911050811,274.70291245148735,111.16312875024609,506.97314959940394,0.03215212795882562,0.022093393749086452,0.02335896583602372,0.8220708098388649,8.67544640000051,-0.0027453760130875526,-7.429570135331076e-05,0.020427583642186553,0.02061137508180868,-58.713960848439456,deltaRIC0.5,BLS-G
18,307.97131034658725,285.56824703240045,115.31307073977294,524.0211268476513,0.03280014949817835,0.02281971329833752,0.02356078292596677,0.8235214334211904,8.219568579001134,-0.0025344747585676064,0.0001118821208029308,0.019570261997173488,0.019734012124978148,-59.89321566262515,deltaRIC0.5,BLS-G
19,311.417305735336,288.6193119069624,116.95995513767645,531.8112599456182,0.03267093682414987,0.023070785308015932,0.023132854952189284,0.8172147827482655,7.994875521999347,-0.0032090980687162207,-0.0005981642989121294,0.02128920195824191,0.02153801826914311,-56.552180804734235,deltaRIC0.5,BLS-G
20,309.96613612367463,287.0095332630881,117.06636305764665,533.5777977126738,0.03309509240423415,0.02302115731636283,0.023776279293869166,0.8249002763316852,8.786592278998796,-0.0025496117224890202,-0.00010315403694410863,0.022141680331284386,0.022288229373002625,-60.74934332713201,deltaRIC0.5,BLS-G
21,303.11270329858496,280.8293555932316,114.07096009969553,514.4431488224548,0.03278667458081747,0.022482702985856532,0.023864075438159757,0.8269944949342337,9.095996862999527,-0.002765303813349884,-0.00012695793223421736,0.019317876669821543,0.01951520900546853,-62.007191881237304,deltaRIC0.5,BLS-G
22,300.9386853865488,279.08362071095183,112.5896310192454,509.6847418141064,0.032888989253608246,0.02242984260120624,0.024053851562880157,0.8288055904172669,9.058015696000439,-0.0028469242391244154,-0.0003641359303404035,0.019982657465614673,0.02018772329875672,-63.2243329038065,deltaRIC0.5,BLS-G
23,309.82770851730874,287.36083595862715,115.83159725327712,530.9914365108297,0.03258163311680592,0.022989766604105042,0.0230875171477342,0.8174403729256475,7.697741019001114,-0.0029985798773792816,-0.0003936398718864531,0.021925904264191276,0.022133497496605547,-56.396868366422495,deltaRIC0.5,BLS-G
24,303.3875516734366,281.5127970523626,113.11300370053593,514.5119851954527,0.033353865526979845,0.02261409571551753,0.02451699452545654,0.8319099552773401,7.5997914359995775,-0.002966008379205576,-0.00048673793689191225,0.018775831370737572,0.01901488793517071,-66.28666720330875,deltaRIC0.5,BLS-G
25,313.31861553914695,290.9104787096976,116.35999407125449,529.9365502359002,0.032813237623968906,0.023191300962539605,0.023213619343651647,0.8190329852286075,8.246489484999984,-0.002814496556423185,-0.0002823698101600547,0.01946409729130949,0.019668558842512313,-57.51978651576428,deltaRIC0.5,BLS-G
26,304.89838981374123,283.05197887850846,113.33404327020418,515.1913249065766,0.032956932212976804,0.022689739176485785,0.023902617367012217,0.8274727729401278,20.933174967000014,-0.002773799842393343,-0.0001783891744648325,0.020079349176270855,0.02027081773401943,-62.272241243965254,deltaRIC0.5,BLS-G
27,306.8242609642906,284.4939787435585,114.9099785699344,521.4292980048533,0.03278787215352806,0.02275918276311837,0.0236022066830853,0.8239578554467734,11.361267009000585,-0.002752291304514931,-0.00020210445127322174,0.019958889265034196,0.02014877699335695,-60.17087350089423,deltaRIC0.5,BLS-G
28,306.78930767490743,283.84402686649736,116.41412163419072,528.529388687461,0.032607792805562565,0.022768832136148567,0.023341988664344473,0.820227805171967,7.781707679001556,-0.002489560098205612,0.00015053405377540852,0.021606844191260244,0.021750316914687016,-57.840192603089235,deltaRIC0.5,BLS-G
29,309.06907675034387,285.6193955980048,118.0900294755673,523.2276832458357,0.032145932406114054,0.022751765954200052,0.02270942791493781,0.811652896831589,9.934701563999624,-0.0036884252536035222,-0.0008565978763784843,0.01941147530158549,0.01977735103994718,-53.81505106243458,deltaRIC0.5,BLS-G
30,301.64106919716136,279.0941231919353,114.42816535334089,521.6934857314669,0.03271193374120169,0.022378334251425682,0.023859605303110897,0.8270229082476862,7.567099142001098,-0.002078369456997242,0.0005402764661304182,0.019918312258838444,0.020033738580210816,-61.8789282147045,deltaRIC0.5,BLS-G
31,305.95893798084154,282.98454962149816,116.32117780474148,530.4868616823354,0.03331186766661436,0.022759846796676857,0.02432426568737123,0.8297875597296603,7.694673464000516,-0.00209860913023846,0.00028055446590569133,0.020599848712143487,0.020708371207148562,-64.32821192354095,deltaRIC0.5,BLS-G
32,305.68224273109996,283.17070206212975,115.13464732544945,528.053906912687,0.03363183943576072,0.022861403834203507,0.024666917897505053,0.8322161579514563,10.168569161998676,-0.002945423387504975,-0.0005473422984104692,0.02218440444693004,0.02238577457199683,-66.47371262371598,deltaRIC0.5,BLS-G
33,302.2412716812246,279.9505081960489,113.9188275407441,517.3670599515223,0.03260386177757857,0.0224833593252722,0.02361165721126208,0.8243126785804704,7.741060850999929,-0.0026649084163083425,-0.00012081152732468237,0.021285043300500073,0.021451559397782916,-60.065800339218185,deltaRIC0.5,BLS-G
34,297.8051335930683,275.72980137727046,112.52099460472377,515.3717841013207,0.03300739367636362,0.022208350133136875,0.02441878829242861,0.8316994717063543,8.82260479299839,-0.0026071444489076945,4.280188221306158e-05,0.020391878948184616,0.020557912374947175,-65.56769492673811,deltaRIC0.5,BLS-G
35,307.74233319944943,285.1684703053514,115.69048010422848,526.6669344671033,0.032432901584305535,0.022869862387382513,0.022997010665724255,0.8155769103868226,24.839257087000078,-0.003186188982972904,-0.000614027895900815,0.021904924603172282,0.022143950694553684,-55.54846650491527,deltaRIC0.5,BLS-G
36,305.4960718609886,283.24399983153785,114.45823029352717,516.7567497203495,0.03304940120165987,0.02268339388310927,0.024035943121333884,0.8282116161627098,7.8216973440012225,-0.0027323637615604968,-0.00019689734172517737,0.01901399406426174,0.01921032406193212,-63.07060784652458,deltaRIC0.5,BLS-G
37,311.17431058412427,288.4803208142923,116.65571597820659,528.9335591997535,0.03339171605869333,0.0231088289146438,0.02410370775499322,0.828129442923322,7.610167091999756,-0.0026798641867720185,-0.00031336733618475554,0.02045412385083334,0.020631312455880263,-63.106783186565735,deltaRIC0.5,BLS-G
38,304.7115424526112,282.41374111110514,114.41854279564642,520.7925572705204,0.03281004891226719,0.022668821980164386,0.023719692655196467,0.8251920802747914,10.871922541000458,-0.0027017122457987375,-0.0003462718992968128,0.02111991086174958,0.02129483007904945,-60.73136655510825,deltaRIC0.5,BLS-G
39,307.36731981223596,284.9143618046522,115.31901719146369,528.1990767818248,0.03316671122095933,0.022945597741246278,0.023948492176156373,0.826497770695443,8.357573618999595,-0.003061810693532896,-0.0006324041158803362,0.02335629122098437,0.02356461243662298,-61.851038653810974,deltaRIC0.5,BLS-G
40,303.2309471575184,280.6972927644654,114.7084876926976,519.9705675789529,0.032873738512082584,0.022505007765143855,0.023962623171339077,0.8273086413036668,9.29156570899977,-0.0022489769430155127,0.00027556319473875934,0.0189556332676305,0.0190905700528143,-62.46274261907092,deltaRIC0.5,BLS-G
41,308.5470944064616,285.60414184619736,116.75437305286304,536.238072377928,0.03320345910557259,0.022921589876012186,0.024022289943536338,0.8273035764683311,10.532707160000427,-0.002016902313651203,0.0005023752621980959,0.021382975341074473,0.02148375922141838,-62.406779107006514,deltaRIC0.5,BLS-G
42,302.1356335484324,279.7864504651988,114.04158537918302,521.8566348446336,0.032943296831669126,0.02249098820216472,0.024071066777971193,0.8283964954267907,7.620146344001114,-0.0022924038001088665,0.00013726182884721272,0.02042645488742556,0.020555145712459536,-63.09763137037589,deltaRIC0.5,BLS-G
43,308.3770764094538,285.4783341489304,116.61278654758989,539.1750283503809,0.033309268741774,0.023019735450333513,0.024074865812884216,0.8271612580347213,6.12250277900057,-0.002364462485349106,4.711035219928661e-05,0.023822452471922162,0.023939551875649178,-62.341119638147575,deltaRIC0.5,BLS-G
44,315.01769688537587,292.2716340548377,117.53059719869363,535.0859227753847,0.03325101324321875,0.023307989241673,0.02371428934652616,0.8246694673295457,12.03814757299915,-0.0022856497351642635,0.0002545828475113421,0.019608127001291553,0.019742534073337252,-60.69611505249304,deltaRIC0.5,BLS-G
45,303.9756599085603,281.6749850861637,114.28212718336229,518.7951824969904,0.032863156341988255,0.02254254343998129,0.02391277441064753,0.8276757781924698,7.840507402001094,-0.002177677539453249,0.00028983350579292466,0.01866386598144476,0.01879271604372956,-62.37369284680608,deltaRIC0.5,BLS-G
46,311.32937439746644,288.6511961417817,116.64675875752596,530.8323671555049,0.03290390573107343,0.02307245316113293,0.0234590902953779,0.8215942051824964,9.546991151999464,-0.002681872699226706,-9.717400868147763e-05,0.020495680285021578,0.02067062636469062,-58.89683317207346,deltaRIC0.5,BLS-G
47,307.282895706833,284.53381064533244,116.03141209871809,528.4806450018698,0.032508879277837514,0.022809799984877283,0.0231633386313568,0.818280248865447,7.936195783000585,-0.002851846000600511,-0.0002772447930884381,0.0222380287210161,0.02242186012986373,-56.739868751454196,deltaRIC0.5,BLS-G
48,306.11500293548426,283.4219893698084,115.6649080916582,531.632013088637,0.03303664957593772,0.022800346542327203,0.023907413343000828,0.8261844435957763,8.914793457999622,-0.0020608588163980035,0.00035947620996346075,0.0217744713286927,0.02187473345782105,-61.59673931256475,deltaRIC0.5,BLS-G
49,301.5441230219389,279.61512932956225,112.89037859393683,512.7198946411361,0.03309754177349672,0.022503456022994913,0.0242701820856271,0.8303787245001816,9.072564701999,-0.0029787489767285624,-0.0004091059699526389,0.020818679684844188,0.021034679388599115,-64.44195203114032,deltaRIC0.5,BLS-G
50,302.0531928004276,279.46483187945205,114.61037921376007,521.7064666183288,0.03314808226701083,0.022446283330717166,0.02439179621548374,0.8306213544400418,5.028145509000751,-0.0024243767441116115,7.720209417705348e-05,0.019015927721067083,0.019170004430192032,-65.24161681059013,deltaRIC0.5,BLS-G
51,309.42777809955277,286.62837874582107,116.57496453856731,535.9754761875478,0.03377830268507442,0.023045463500151683,0.024695755593779307,0.8322972247192756,10.964783408000585,-0.0024570356555369544,-5.46333049364911e-05,0.020629064591070834,0.02077494440216774,-66.79779456016149,deltaRIC0.5,BLS-G
52,302.21528642667164,280.05850952389466,113.58393633436792,517.0661870354428,0.03283832403505219,0.022493217906063054,0.02392510550993351,0.8273839544463872,8.69517090500085,-0.00276760320476116,-0.0001842293263316641,0.020883759924875345,0.021067154448181045,-62.27972005358242,deltaRIC0.5,BLS-G
53,298.844483748404,276.7214872015624,112.8416766438963,515.0422688392974,0.03288185404408945,0.022296423586285474,0.02416786752358872,0.8292432281184283,7.435769645000619,-0.0025565657043688517,7.85906804348091e-05,0.020537261706340515,0.020695925277467705,-63.77687540911393,deltaRIC0.5,BLS-G
54,301.0796608064021,279.11467002646043,112.8891630198322,513.4781902362635,0.03329319842231591,0.02247317320940922,0.024564070246756543,0.832626073304433,8.241476029001205,-0.002752109002095271,-0.00031345005224553413,0.019591884426994333,0.019786720048946202,-66.43775024785646,deltaRIC0.5,BLS-G
55,307.3027352402571,284.77702884217086,115.48599451868158,524.7440409300385,0.03318217421690134,0.022822572890684435,0.024087068157212236,0.8286422675055377,8.091356109998742,-0.002391135541887579,9.904699582707899e-05,0.020154532482364318,0.020296120788705876,-63.17316249675059,deltaRIC0.5,BLS-G
56,307.79852221564823,285.21427255773676,115.72704527247684,527.5420227398331,0.03299568264139025,0.022858289479491818,0.02379524479897393,0.8256454615566357,6.782598462999886,-0.0022954682853528197,0.00022946444526072973,0.02068672313916675,0.02081495478777786,-61.14100251297714,deltaRIC0.5,BLS-G
57,302.57172797092227,280.402203708925,113.68489223502098,516.186641712825,0.0329517138702399,0.02249926948473533,0.024074848278637567,0.8287275475703096,14.412222938000923,-0.0025637495999217275,4.223170822237332e-05,0.019561725292388865,0.019729057046477524,-63.3363743490936,deltaRIC0.5,BLS-G
58,300.4014539616967,278.2510788920581,113.21382706059815,511.7939102297051,0.032969841288331136,0.02233474027612748,0.024252212504752502,0.8297407628777089,11.500757817999329,-0.0028216619823183686,-0.0001823235319145522,0.018405597860198797,0.018621521173204546,-64.59014993949313,deltaRIC0.5,BLS-G
59,313.3130859719871,290.24813344521255,117.98775730074664,539.8427336712551,0.033433360561582776,0.02326987241871325,0.024006304089917857,0.8263964085583313,9.721613900999728,-0.002256223306163596,0.0001374240058297227,0.021216509561159058,0.02133658142541602,-62.08703038101885,deltaRIC0.5,BLS-G
60,298.01818461944345,276.62657322137835,110.87189613092252,504.02952254003,0.03256420808223552,0.022185863764708505,0.02383726278407249,0.8277440903114458,7.53975994099892,-0.0030940903683447374,-0.0004983600208612327,0.019746788518918534,0.01999393444844634,-62.2974045081246,deltaRIC0.5,BLS-G
61,304.21814886174093,281.7825848912604,114.66148851669418,524.7623465320994,0.03271733278867593,0.022648977396840207,0.023610330105324463,0.8239181423965505,9.480451036000886,-0.002698174771978201,-6.208171308985655e-05,0.022651020127263943,0.022811240958022342,-59.86173751038223,deltaRIC0.5,BLS-G
62,309.5337569415434,287.06930760596987,115.76855927658215,523.4842592011269,0.03296613193858351,0.022957811207451027,0.023658080217023786,0.8244445013727131,9.093164128000353,-0.002691073876897654,-0.00020915103426194515,0.020026976768695803,0.020208053376313494,-60.406200326162434,deltaRIC0.5,BLS-G
63,302.079807749127,279.5234345310098,114.53759119929931,526.7205688815827,0.032795397900435994,0.02251668206247753,0.023844017118456035,0.8260893909811508,9.190809190000437,-0.0023250738111524893,0.0002224435517981238,0.022622095876075443,0.022742354125890162,-61.28992526695038,deltaRIC0.5,BLS-G
64,303.7026683035883,281.2288127402343,114.65454905688497,528.5918881131503,0.03316677834726788,0.02262602188280098,0.02425073853918286,0.8298827804941388,43.64199637999991,-0.0022157486977452123,0.0003741115686995977,0.021495536575375063,0.021612672079608333,-64.13459499861165,deltaRIC0.5,BLS-G
65,302.3224169780093,280.16346947930367,113.61018518048735,520.823332179129,0.032890409630405716,0.022468214622487444,0.024019957896168894,0.8284326300577227,9.513799881999148,-0.0021565955744736187,0.0004395028677678381,0.01943805432223389,0.01956226017301505,-63.03254707933411,deltaRIC0.5,BLS-G
66,318.6249648786308,295.55045090275536,119.0453662058575,542.7782104120918,0.03340804818660708,0.023582617583302833,0.02366342814467838,0.8233645928355052,11.38882112400097,-0.0024176724037689445,-0.00010426096512511362,0.020743540492665025,0.020884216106227888,-60.007021468130915,deltaRIC0.5,BLS-G
67,306.1221069817772,283.86330536975083,114.59654553049259,526.2909561538248,0.03347698720462881,0.022775992939779048,0.024534930566561947,0.8319624658722894,8.243100415998924,-0.0023122306048483088,0.00028120813356091734,0.019022507662762034,0.019164584163613316,-66.23923836802533,deltaRIC0.5,BLS-G
68,307.5363771598406,284.88407374212056,115.84337617962328,531.7686148752455,0.03305975506936311,0.02286152566898801,0.023880913913258885,0.8265102460713007,9.7685817269994,-0.0020905354443462865,0.00033763797856001254,0.02145927100099876,0.021563502724347462,-61.64540317825413,deltaRIC0.5,BLS-G
69,308.95372570134555,286.33780613868214,116.03045031554741,533.1195884646887,0.0333169361769426,0.022951464098456463,0.02415053895787277,0.8285608990988376,8.248460681999859,-0.002119197527879313,0.0004605874876650873,0.020207179788916618,0.02032321957804825,-63.483686448058506,deltaRIC0.5,BLS-G
70,317.88494286814455,294.01432829356173,120.85698846309724,558.9358777061636,0.033876747789292,0.023636303546749587,0.024268481522856208,0.827624392958949,9.199246147998565,-0.0018562262626322656,0.000308497204125735,0.02351726072651461,0.02359242036209735,-63.06265355340474,deltaRIC0.5,BLS-G
71,307.05052216143525,284.0820831528389,116.5220716909615,529.5979022450057,0.0330344863399719,0.02289591065623388,0.02381290748664567,0.8246759800312097,10.265488552999159,-0.0026334344662616305,-0.0001729091105726055,0.02325579483086293,0.023405060731897378,-60.541505312750814,deltaRIC0.5,BLS-G
72,304.7088256053283,282.4641916250651,114.2866958634156,507.1392448596299,0.03225426851679962,0.022506946774753026,0.02310357514395219,0.8191570256602251,8.370862539999507,-0.003337024414687473,-0.0006080320052432309,0.01799095374444759,0.01830791772699651,-57.14064411045183,deltaRIC0.5,BLS-G
73,307.18016846242557,284.7537330178483,115.21704487185993,528.4383394725425,0.032937709031503636,0.022859510167816725,0.023713613624487512,0.824365087337841,9.168690163000065,-0.0025216855101982683,0.00011586828005771821,0.021469950778912228,0.021617842392791683,-60.52640021392472,deltaRIC0.5,BLS-G
74,300.6508443392874,278.03361324617254,114.40384655772813,518.3697226917806,0.03305754243861386,0.02242366127844082,0.024289514753294474,0.8300044344002198,8.08766571599881,-0.0026859037059542845,-0.00020110079086455013,0.02152755444493637,0.021695393995626006,-64.20670933015208,deltaRIC0.5,BLS-G
75,297.655010137768,275.38508508980453,112.96707471735262,510.9644810196442,0.032709255451460806,0.022126666306905053,0.024089541928641798,0.8291906503383278,7.612652695999714,-0.0024987762624169574,0.0001301999929110842,0.0194359005111302,0.019596302292175523,-63.47338235785901,deltaRIC0.5,BLS-G
76,301.28081190616535,279.26228308983605,113.06062473863507,506.57214535420115,0.03228117359192155,0.02229836501480533,0.02334217398055029,0.8219587128842655,9.208326895000937,-0.002972104552178445,-0.00016799538442768824,0.017868528347071866,0.018114798734967488,-58.86590791781964,deltaRIC0.5,BLS-G
77,301.75361413460416,279.3303429938374,114.1481630436546,517.7204006435887,0.03256710445214908,0.022377002349334783,0.023661911551162863,0.824821463827399,8.398299405000216,-0.0024657237913410235,0.00013554281826322345,0.01948866479161948,0.019644495947488107,-60.615561325495946,deltaRIC0.5,BLS-G
78,302.18318549644675,280.0361124598102,113.55374637226413,507.1731683675898,0.032026263616419186,0.02234058663164101,0.02294732555620629,0.8170293655223296,7.88784404999933,-0.003433394206738327,-0.0007783093345457015,0.018375807107125053,0.018710003956102544,-56.10651885700281,deltaRIC0.5,BLS-G
79,304.693050250445,281.9660942261402,115.46850903071197,525.0474105809881,0.032323750026055816,0.022549867896358062,0.023158762350431072,0.8188355121118458,9.64447440999902,-0.002631962288399514,-1.1271138254886903e-05,0.020417456243936316,0.020586400170966482,-57.09805441693243,deltaRIC0.5,BLS-G
80,303.36299658327073,280.90295832765264,114.5540732525673,522.5984661349675,0.03242494722747457,0.022541895184085853,0.023307513042240217,0.8203436073128457,9.060135673000332,-0.0027578779779888207,-0.0002394704986348195,0.021319646113783675,0.021498617338753752,-57.95070458186092,deltaRIC0.5,BLS-G
81,306.7616572276003,284.12785804646575,115.64633425643547,524.9403821931579,0.03284919744673034,0.02281128436782306,0.02363715461692854,0.8235004163341588,8.872951226998339,-0.002702549886170691,-0.00022347655569987523,0.02136050569508474,0.021531951170480033,-59.91723055167313,deltaRIC0.5,BLS-G
82,310.2482313284416,287.5616421638616,116.45714661818498,525.5349883699589,0.03292826414620326,0.02293014080567966,0.023632164994215814,0.8239848427510066,7.571189876998687,-0.0025143285365165635,1.431341346436188e-05,0.018259084072204668,0.018431391809062732,-60.36241969166622,deltaRIC0.5,BLS-G
83,307.5810665353521,285.1566269511531,115.29011491392306,531.1138942692968,0.03294285915279326,0.022906652865229266,0.023675244954860734,0.8240142806875828,7.578218452999863,-0.0026865057067690934,-0.00017361963198669894,0.022562802666959647,0.022722841390928103,-60.21417698480036,deltaRIC0.5,BLS-G
84,310.5299809378347,288.232183799442,115.54686185031886,521.5717830515898,0.033210077287666916,0.023026076412676746,0.02393134008973132,0.8271682323630435,8.762867088998973,-0.0027215610168908055,-0.00017098446465418915,0.01889907714590655,0.019094796333628178,-62.35820359503123,deltaRIC0.5,BLS-G
85,267.0933238686442,246.0322745231957,103.95654644197879,442.9343276539226,0.029997903263709748,0.019778136696470727,0.02255436784825959,0.8161981544554243,10.112174519999826,-0.003786473038199123,-0.0007648052337571043,0.015151103290358625,0.015635799820594633,-54.695195094143855,deltaRIC0.5,BLS-G
86,307.9113669636783,285.53113824413765,115.24486538865006,533.3420194328879,0.03361229519336116,0.022941159990322563,0.02456602463696707,0.8318705744078658,9.17317589799859,-0.0021496746638905995,0.00019021038366495713,0.01983339057147604,0.019950455200604865,-66.26910012869303,deltaRIC0.5,BLS-G
87,313.32796598977717,290.55627839676197,117.2666335984551,529.8055397060177,0.03267981025573879,0.02319913870401219,0.02301673221252517,0.8157461123327145,9.788703146999978,-0.0033022901133034077,-0.0007649961561423946,0.020703849098004046,0.020979506824142864,-55.755293062315104,deltaRIC0.5,BLS-G
88,314.00683790419856,290.3776561103493,119.50360280114326,550.0890410750392,0.033110406366332105,0.023260568877669186,0.023563636078306194,0.8219572660277327,9.18150753899863,-0.0019529232731370638,0.0004940330677467575,0.022900250609255157,0.022988681039796063,-58.94336774174735,deltaRIC0.5,BLS-G
89,286.1924600086208,264.6520299817772,108.92854167898562,497.4044277800535,0.0325979256947591,0.02142808719226134,0.02456546028231266,0.8336582716087628,8.686249657001099,-0.002824772415179033,-8.994410487606075e-05,0.0199420506946123,0.020141321084925022,-66.87524228330585,deltaRIC0.5,BLS-G
90,306.9809167843855,284.25363882717426,115.91873051104461,538.0146412628956,0.033298980831276144,0.0228649131129409,0.02420780602903451,0.8288092513285885,10.385535571998844,-0.001988492379345508,0.0004076760566211757,0.021734637176832994,0.021829217918157954,-63.63323740728629,deltaRIC0.5,BLS-G
91,312.3891843793019,289.3729131696254,117.68738097557414,542.2378426940468,0.03315531421128403,0.023260815117665454,0.023626454251765308,0.8227426642289074,7.632693804000155,-0.0026214549582529445,-0.00014081185790298933,0.024498846299827237,0.02463910152785677,-59.314873130000706,deltaRIC0.5,BLS-G
92,304.62671654705747,282.2449387638371,114.6090353176359,518.8266554521708,0.03277904360553441,0.02266359436553012,0.02368179026442549,0.8244070263663086,8.874884082999415,-0.0028155600773883682,-0.00022350377675145472,0.020997433134585686,0.02118654126394873,-60.43290994696872,deltaRIC0.5,BLS-G
93,299.2089138668223,277.2110372613677,112.60557249905553,514.5283618378343,0.03290108147496759,0.02233617189877856,0.024157329884129795,0.8293108159687745,9.464299454999491,-0.002626678032980556,-7.909209180428922e-05,0.020741465565400907,0.0209072735393365,-63.722765571999844,deltaRIC0.5,BLS-G
94,307.13623487261555,284.3314376237134,116.13914219830812,525.60338200668,0.032825700417978325,0.022793237315004062,0.02362191653174587,0.8233972565155302,7.955405212000187,-0.0028168468828465576,-0.00020700330499417996,0.021188661156503863,0.021376080986345847,-59.87665834490144,deltaRIC0.5,BLS-G
95,302.0011451560505,280.5980269544306,111.66664204159851,504.60102574146134,0.033007406226522706,0.022524434794577886,0.024127550704277856,0.8296595929608244,7.8500880770006916,-0.0031380959655606944,-0.0006825401400784581,0.019147442137284698,0.019414892421348934,-63.89436384048713,deltaRIC0.5,BLS-G
96,309.7677227297919,287.05991577424317,116.41583569637612,531.3427287075392,0.03280620635423711,0.022967405900694342,0.0234253162529247,0.8213357933897648,9.588697236000371,-0.002559810470097401,1.9341583140541907e-05,0.020966644601742468,0.021122338639351354,-58.66891160688283,deltaRIC0.5,BLS-G
97,304.8798899072965,282.7828965928766,113.95429199651807,521.2800820965047,0.03279328682756662,0.022690756036145607,0.023675498969676988,0.8250481082172588,8.762009691001367,-0.0026199241106199533,-5.961102094598214e-05,0.021416717666781993,0.021576453634410773,-60.552006443493156,deltaRIC0.5,BLS-G
98,303.1645671126271,280.95383942582066,113.90212844577032,523.8568268627766,0.03315062128135533,0.02259628942012102,0.024256368149044402,0.8301306130997865,8.849436622000212,-0.0022600982568952155,0.00014253053637192092,0.020704397200559943,0.020827876092467366,-64.31021065052664,deltaRIC0.5,BLS-G
99,303.8592734720005,281.18380080952045,115.17867961234793,528.7868661996862,0.03355104229210669,0.022706860553587668,0.02469961381654895,0.8321060667566047,9.141491455000505,-0.0026431986499365623,-0.00028335765926507106,0.021073750081310627,0.021240756416748212,-66.7304946364693,deltaRIC0.5,BLS-G
100,310.2205887960419,287.0791822120403,117.56851982324649,546.9506469388534,0.033618905076781565,0.02316979481770417,0.024359626160250045,0.829485677102803,24.596822646000874,-0.002198028363152804,0.0001278941688120927,0.024483429590199557,0.024582229559214103,-64.03106506847507,deltaRIC0.5,BLS-G
101,303.7706000681232,281.66248984151684,113.76651212911928,513.1123633109382,0.03236659690259808,0.02250657060734213,0.023260500307430935,0.820718606061152,7.649633664999783,-0.0029261200820966393,-0.00027925605112361085,0.01894703581252355,0.019173688449486925,-58.12047784070455,deltaRIC0.5,BLS-G
102,312.74839008975755,290.19540996914236,116.6112324631576,525.9512252258014,0.03287868900854934,0.02309449095032504,0.023401980229592913,0.8217117371771535,12.738909561001492,-0.002555465784211397,-6.386451847290031e-05,0.01782845730385718,0.01801078493254676,-58.92008597224594,deltaRIC0.5,BLS-G
103,311.4412248108135,288.49660617708776,117.32580592504776,536.2011054463395,0.03277498598273671,0.023080225800496422,0.023270214506245696,0.8189457109306002,9.562508985000022,-0.0026546494678036936,-0.0002263453225386236,0.021293355547097104,0.02145938923774478,-57.42274061314674,deltaRIC0.5,BLS-G
104,311.1756622130404,288.37954932893825,116.90820451346734,528.1988498213622,0.03313654842138609,0.023039108571475155,0.023816597521783934,0.8255233754220639,7.775423379000131,-0.0024407608369161338,0.0001465050023611303,0.019207736530624908,0.019362745668128862,-61.36274718597451,deltaRIC0.5,BLS-G
105,306.8740710236658,284.53836022815,114.93309804104923,524.2078850819886,0.03306142908291939,0.02280719904056054,0.02393511572834279,0.8268453384712386,8.666612806999183,-0.0028013961274404586,-0.0003056518080921111,0.020555890847999025,0.020748153938253844,-62.25887023475843,deltaRIC0.5,BLS-G
106,305.38571822525785,282.866902702874,115.09453614850446,523.0789055460574,0.033033098203538926,0.022682348472877745,0.02401450904514992,0.8278255478229656,7.578930638999736,-0.0021483644946070912,0.00030237982215530756,0.019384594488604634,0.01950562501039575,-62.67135743750441,deltaRIC0.5,BLS-G
107,310.3888589582448,287.9248793002295,115.93320337741652,530.2788232396169,0.03286267473352269,0.023047658397705235,0.023425644772855192,0.8214793074411354,7.566073537998818,-0.0027438668150882584,-0.00024428415151134253,0.021422973959175362,0.02159935862707798,-58.66500550782075,deltaRIC0.5,BLS-G
108,308.18199199401914,285.89852616552866,115.05725933542915,523.9888457659914,0.033263966350376324,0.022904945897827156,0.024121668905293,0.8284085048060389,7.670296349999262,-0.0027617158020056265,-0.00030587860296221736,0.019678353796452996,0.01987355640113701,-63.52012774963259,deltaRIC0.5,BLS-G
109,306.4370548910376,283.97730460831076,115.15450090070934,524.6752035011712,0.03319480022300562,0.02282427182379885,0.02410284998830212,0.8282727842930447,8.558993012000428,-0.0025453153429914055,-0.00020088658123562642,0.02098850781271855,0.02114323640832537,-63.079675413004225,deltaRIC0.5,BLS-G
110,299.93492342091724,277.9625234265166,112.68448809785112,508.9508830109915,0.03278984598417773,0.022345408434495756,0.023997014846885895,0.8285221094220241,8.781303376999858,-0.0029021947218019206,-0.00032242102168728026,0.020621110382385455,0.020826830841993365,-62.79641279169664,deltaRIC0.5,BLS-G
111,308.50949316710637,285.56961486922324,116.73946392573664,530.05251266292,0.03240384983210362,0.022815685676100712,0.023009866819929548,0.8164832112650228,7.6766220680001425,-0.002686276292808487,1.5954064647272226e-05,0.02086712855428341,0.02103932957473868,-55.81848628027183,deltaRIC0.5,BLS-G
112,302.76406951499166,281.0513156316272,112.58880837370195,513.4544162345443,0.03321104922582163,0.02255545546475795,0.02437673520915523,0.8316997043614794,13.377061965999019,-0.0027312997101709424,-0.0002013441434274288,0.01918970770644257,0.019384153822892908,-65.50347674793375,deltaRIC0.5,BLS-G
113,309.1367228167276,286.5829046912055,115.91269185303968,532.1297384182835,0.033113506506734586,0.022985652398768885,0.023836193005061103,0.8259964626372589,8.480996553000296,-0.002376786208040882,8.37297121729641e-05,0.021851769788851727,0.02198080904444618,-61.34017560333996,deltaRIC0.5,BLS-G
114,308.61113466470215,285.7733778339668,116.50926555600546,533.9014359180627,0.032727522174874235,0.02290824303115984,0.023373127923583554,0.8204628978564728,8.019523523998942,-0.00244564532961028,0.00011485960014856467,0.02180941417361726,0.02194641019397861,-58.11389472218434,deltaRIC0.5,BLS-G
115,302.9093923344297,280.7833730913076,113.64328999057095,515.1809662407567,0.03260713911110732,0.02254012827552974,0.023562006245941132,0.8235035107113385,8.96514080400084,-0.0031326914849501564,-0.0005884012328965516,0.021086898608805305,0.02132644520047325,-59.810854563022076,deltaRIC0.5,BLS-G
116,307.71955320488854,284.9462117760755,116.17650286990111,523.3469064405982,0.032632228969329324,0.02274577592137093,0.02339854793019256,0.8215137782525314,7.570164614000532,-0.0025240671865879305,0.0001373972785547739,0.018890179136826002,0.01905855873343891,-58.697772251081915,deltaRIC0.5,BLS-G
117,307.5530893688122,285.19429333827657,115.12218651320698,523.1492403706213,0.03252367545248131,0.02279073302052337,0.023202843647397213,0.8193934900325373,16.911988181000197,-0.00273259641901219,-0.00011706605654188129,0.019920274017912742,0.020107165503857622,-57.41933173670441,deltaRIC0.5,BLS-G
118,308.8397357066052,286.264805438232,115.90704688989781,525.9469302734718,0.033072549126867114,0.022912711002514713,0.02384955304118465,0.8261282025175012,31.152205430000322,-0.002618634358856564,-0.00010456994243857043,0.020217212756023062,0.020386364864794983,-61.599541568366476,deltaRIC0.5,BLS-G
119,308.7662188363336,286.39227923375955,115.39514846725132,528.697600995724,0.03321590650284595,0.022963648248857826,0.02399931882176102,0.8276122305636082,8.228765773001214,-0.0021747768028990144,0.0002789796924471677,0.02044620831867705,0.020563436444864077,-62.50095357543978,deltaRIC0.5,BLS-G
120,309.0048042704463,285.80421831145014,117.47305162290544,536.1947271852408,0.03307448316309568,0.022936192130627475,0.02382965646107475,0.8250682969962798,56.71880495200094,-0.002395549690520471,0.00010397838207143462,0.022008476582767722,0.022138710696829798,-60.990553436371556,deltaRIC0.5,BLS-G
121,302.82610169808595,280.6228415570486,113.81769926556719,512.1713799017601,0.03241038070327728,0.02248841417666406,0.023338894685699732,0.8211612521997289,7.5747756639993895,-0.003146083214576323,-0.0003490843719782255,0.02035881897121261,0.020603427127407828,-58.388116276697474,deltaRIC0.5,BLS-G
122,305.37961582860873,283.17709549518185,114.3129141896983,517.6168860275225,0.03281668420936594,0.02267132937907844,0.02372647438374658,0.8253572863697731,10.461941165998724,-0.002571084623679387,-5.6197794947421276e-05,0.019329136279249814,0.019499465214104946,-61.00505537517347,deltaRIC0.5,BLS-G
123,294.9305938185394,273.20885805937786,111.08994125503442,502.1805102961667,0.0326465554446371,0.021972905716275498,0.02414516508089004,0.8299750115008294,8.217607227999906,-0.0025945860487540107,9.58656235370281e-05,0.01858868759766974,0.018769133533168916,-64.06430898401413,deltaRIC0.5,BLS-G
124,302.53196629748277,280.17009617503857,114.15037381056123,523.6041527533231,0.032716594589352575,0.02248584729873841,0.02376472665068699,0.8254105400996171,7.816369598000165,-0.002171179265084422,0.00040969600500095904,0.020104141414096666,0.02022519152481981,-61.15930773242144,deltaRIC0.5,BLS-G
125,303.85462993549845,281.7504170012163,113.77318951703609,521.0111418170947,0.033222665116551656,0.022639056984581987,0.024314986660399125,0.830462568296887,7.920864208999774,-0.002583148044279615,-0.00017967335191704237,0.02000809151080596,0.02017495135649254,-64.7895940487142,deltaRIC0.5,BLS-G
126,299.84300112759854,277.6927885923107,113.10411349297294,515.5752592579393,0.03260993459123379,0.022290010676661552,0.023802589314586342,0.8265633641441956,7.776870552999753,-0.002300866548238689,0.0003125947507411908,0.0199041018684315,0.020039086145328414,-61.58798242892044,deltaRIC0.5,BLS-G
127,305.92154277764774,283.689854593122,114.4904220290476,527.7706364474261,0.03376448174079272,0.02282844497999208,0.02487774762754457,0.8338276675447833,8.673152716000914,-0.002906058762879582,-0.0004399164420988422,0.01987219965937448,0.0200883803058231,-68.33609271631212,deltaRIC0.5,BLS-G
128,302.92809365511715,279.4886741884393,116.83968044252713,527.4926530620377,0.03321578337131984,0.02254103131920369,0.02439651967058265,0.8307824590649643,11.085967480001273,-0.002045372613672325,0.0002760749711127053,0.021909236115010944,0.022006235335961837,-64.55798323831368,deltaRIC0.5,BLS-G
129,308.60513798986455,286.1204496554374,115.63831321285201,519.8686516013304,0.03243833545669385,0.022789124754832604,0.023084657244795227,0.8184553591834856,10.683892959999866,-0.0030527408848797233,-0.00028608282193604007,0.019121286260393555,0.01936555340141713,-56.85951585343173,deltaRIC0.5,BLS-G
130,309.47820459794485,286.8510102384038,116.16047970964388,525.1467262261742,0.03278503626692649,0.022959739565124485,0.02340318273494745,0.8210709533585808,9.446142048998809,-0.0029343886453619406,-0.0003671040431831307,0.020992606021528526,0.021199879944840874,-58.42536396457035,deltaRIC0.5,BLS-G
131,313.0108970450249,290.1120689595344,117.51939887928941,543.1782606788796,0.03354716004381444,0.02332201759223066,0.024114216604173223,0.8272546417767519,9.591292305000024,-0.002444877948355517,4.3865273711030106e-05,0.023025489307407776,0.0231549672897662,-62.73454773427147,deltaRIC0.5,BLS-G
132,309.36138041630306,287.02256402526484,115.42318412452221,528.1145486989819,0.03316658729087477,0.02307573661571337,0.0238229488553672,0.8255293386661279,18.79083936800089,-0.002951874730670101,-0.0005675306279205872,0.02314244062097004,0.02333684240282564,-61.00892384609688,deltaRIC0.5,BLS-G
133,307.96194667629294,285.61731864260844,115.1664356141086,524.5316993923278,0.03266858250732272,0.022808673369549125,0.02338804613812305,0.8222846137453478,8.579817841000477,-0.0024646528336489393,0.00023209606761842583,0.0202404035572622,0.02039123140803051,-58.78971234148594,deltaRIC0.5,BLS-G
134,304.3534852285695,281.9526459305865,114.60257162698576,518.7031689824483,0.03229425813305764,0.022547753277981503,0.023119643822512363,0.8186124641405881,8.774004463999518,-0.00294614229164597,-0.0003557302362613979,0.020031093868461358,0.020249716540503122,-56.96106613948905,deltaRIC0.5,BLS-G
135,303.7677919390445,281.41527780523563,114.36919531641664,529.1510601137044,0.033260942170234946,0.022717847480999056,0.024293819787793318,0.829668669336896,7.5810320019991195,-0.0024945549791025035,2.443572204458011e-05,0.02278702678522737,0.022923175856738233,-64.1274703223462,deltaRIC0.5,BLS-G
136,309.5691210444718,287.4498561424391,114.91571218914274,519.5235075425257,0.032839586834618816,0.022968257512255532,0.02347120811375475,0.822938932604684,26.701654804999635,-0.003094690774761377,-0.00044302329067602564,0.02064027663978618,0.020875689219625248,-59.311999879319046,deltaRIC0.5,BLS-G
137,303.97073516061823,281.30806391669995,115.16935794526495,528.1847301150257,0.03274795883050666,0.02261148772564902,0.0236885928327831,0.8242637464305459,19.68524726400028,-0.002537661987196571,2.6198960356493828e-05,0.022123834364481287,0.022268912450629227,-60.29296008358506,deltaRIC0.5,BLS-G
138,310.5429610731082,287.49253252667364,117.40943068362748,536.2809731801697,0.03326409582432262,0.023079145076648853,0.023955231861551924,0.8262497698093028,7.982945740999639,-0.0024475097548671276,5.6295988746568604e-05,0.022170265874737027,0.022305025491916566,-61.754813607389224,deltaRIC0.5,BLS-G
139,304.4650659013694,281.7663158916344,115.35475535573262,528.2842719767273,0.033471808098055694,0.0227225015879429,0.024577425799684544,0.8313650050415139,7.624208395000096,-0.0027651208495763635,-0.0002602145130502498,0.021349713066346365,0.021529604105066227,-65.955608917071,deltaRIC0.5,BLS-G
140,303.3952156878434,281.05757242243595,114.25978245332082,530.3501798355522,0.03281884690177953,0.022653949188600128,0.02374605858079963,0.82496703714158,9.080020208999485,-0.002433601581172451,9.108114653788579e-05,0.023456132369440885,0.023582214869767262,-60.62742525894282,deltaRIC0.5,BLS-G
141,309.72344495208597,287.0484198632402,116.3263384062473,530.0352156516167,0.03299762583921558,0.02298095674151385,0.023679504603549815,0.823917853522159,19.655966139000157,-0.0027242100588655838,-0.0002114543739933361,0.020869187266096767,0.0210473041158368,-60.352025188711195,deltaRIC0.5,BLS-G
142,295.71519264585925,274.11259648032467,110.94935607020153,500.97888850332384,0.033102982137916605,0.022065201741669135,0.02467659414349287,0.8340578916804542,8.699939100000847,-0.0029450900412315573,-0.000530046680149221,0.017719271454186725,0.017970172111063797,-67.55427204492298,deltaRIC0.5,BLS-G
143,306.4944623430916,283.29266696738597,116.9791446775302,531.6306810108754,0.0326538163989697,0.022748092290250915,0.023426395851087488,0.8205174770636269,7.7651504059995204,-0.0026708716855579073,-6.414575773483477e-05,0.022032901793298754,0.0221942882668514,-58.23106497986555,deltaRIC0.5,BLS-G
144,300.79517139077507,278.3478101039079,114.01855876288118,516.7783117310667,0.03308660235832821,0.022412984204851584,0.02433888647106114,0.8304357697437721,9.308649829999922,-0.0029371626367872272,-0.00036653909600214973,0.02083301403261484,0.021042237260970226,-64.79736362368749,deltaRIC0.5,BLS-G
145,306.65281077668885,284.5714126600329,114.25873031815566,522.5774463819059,0.03310414055034593,0.0228070069891717,0.023994260850731194,0.8277223934470608,8.66372993799996,-0.0026502065155867283,-0.00013107830520475705,0.02009542994645963,0.020269856458061567,-62.77713713864614,deltaRIC0.5,BLS-G
146,307.01915958966777,284.3959053485318,115.67079742153943,527.6762844359489,0.03291058215895639,0.0228144170817911,0.023719375861508185,0.8248982245418454,8.660347601999092,-0.002315877103268249,0.00015885158791528742,0.02133510989097942,0.02146102128615023,-60.541259844249,deltaRIC0.5,BLS-G
147,305.4181910084175,283.09073085211253,114.62944431720393,520.0868099912334,0.0328384202968051,0.02266861534413667,0.0237591187961421,0.8256138300293094,40.54061985699991,-0.0024105344266741047,8.364858322551516e-05,0.019343342103080752,0.01949314128160141,-61.214484662115865,deltaRIC0.5,BLS-G
148,310.16664689909993,287.62528891350235,116.08204868133231,536.3200506759213,0.03346306351211011,0.0231121900302409,0.024199241550543447,0.8291267825936607,8.668344675999833,-0.0022856628301344273,0.00011672962106201723,0.022399805245925553,0.022516419685040635,-63.59846874514005,deltaRIC0.5,BLS-G
149,310.5640567303025,287.55227975508626,117.31888057953492,536.5468151104183,0.033209499498050604,0.023075127288375494,0.023883244284148085,0.825371361730148,15.676090136001221,-0.002278829177453645,0.00018410827051673628,0.02146065397949415,0.021582090434034994,-61.31871162101015,deltaRIC0.5,BLS-G
150,303.11370470037696,280.7484262753905,114.27265255116362,517.254676384689,0.032890692491198775,0.02253850674821848,0.02395440181075515,0.8271487459061917,8.972707831000662,-0.0026833444040004206,-8.932536231948118e-05,0.019897259086384955,0.020077580416015334,-62.37543660730262,deltaRIC0.5,BLS-G
151,301.6034620495272,279.7574499682979,112.69612907059364,507.9581459297754,0.03318874603206901,0.022467910266629396,0.024427154386703866,0.8313584144493443,6.767004586999974,-0.0030518594842031677,-0.0006605931712596047,0.0179923329102053,0.01826127797282798,-65.76392025172936,deltaRIC0.5,BLS-G
152,308.87513856680357,286.45151536042044,115.53951952635478,520.4900324808912,0.032690101411383385,0.02283857138518091,0.02338893728604457,0.8218337961317529,9.492172377000315,-0.00270993666689362,-4.4229671968043505e-05,0.018590201786474525,0.018786732431806695,-58.84352160054732,deltaRIC0.5,BLS-G
153,304.342334868467,281.8725685664239,114.76982130750561,523.4472066521613,0.033107870294187894,0.022644554161431525,0.024152748130321804,0.8287262982544802,7.675812469000448,-0.0025236980108702123,6.21794277976262e-05,0.020459661924811523,0.020614817098603952,-63.538218355019126,deltaRIC0.5,BLS-G
154,310.8327709002478,288.1236438568661,116.62665782816403,526.5554041769624,0.03316477469937305,0.023017085781569805,0.023877102901818537,0.8262820100376459,9.28947209099897,-0.002488720411922718,4.877482802412292e-05,0.019021741899541755,0.01918391965072185,-61.827280715509914,deltaRIC0.5,BLS-G
155,308.21905134307895,285.56551698882015,115.97982202838305,528.4735679862621,0.032938962909326734,0.022847699187186495,0.02372673427578772,0.824551217331309,8.750371445999917,-0.0024621207881173612,7.876451079480429e-05,0.019766884564067055,0.019919788352103365,-60.80116255438588,deltaRIC0.5,BLS-G
156,301.23275304559746,279.1684496288681,113.1642533631714,517.8689745014788,0.03291459647994835,0.02244600058918072,0.024073797352896505,0.8287612910901926,9.068326270000398,-0.0025468393179118864,6.48642413905165e-05,0.020765373432127143,0.0209210738648083,-63.21177517769502,deltaRIC0.5,BLS-G
157,306.7755774647691,284.4480189385589,114.89377463888884,520.4931026104936,0.03310050360392264,0.022807927708679464,0.023988367440677304,0.8276734364183397,11.91699144300037,-0.002722110566416913,-0.0002541045903428074,0.020397106150337962,0.020579513949235698,-62.54224034079198,deltaRIC0.5,BLS-G
158,309.3668964337385,286.5380058545903,116.63553407910567,527.3114369178156,0.032735413489565934,0.022912415166501922,0.023380088271234306,0.8208746173343378,17.954425183999774,-0.002851938924145092,-0.0002600942992617705,0.02072444009929375,0.020921367596330242,-58.32567626718992,deltaRIC0.5,BLS-G
159,301.4279202632439,279.0413620140192,113.9943393313263,521.6406429918527,0.03340258302002445,0.022523789388852314,0.024665998134603222,0.8329898624037779,52.43125669499932,-0.0027736318471938137,-0.0003363935395795381,0.02154006139145148,0.02172050733718569,-66.75366609576122,deltaRIC0.5,BLS-G
160,304.93788805184937,282.49876250419925,114.81099578489082,518.9837000672434,0.032831610539964445,0.022673004510597134,0.023745515726350246,0.825063844051426,7.866990267000801,-0.002750155718112046,-0.0001808770688809247,0.020664306510992603,0.020847293267188493,-60.81764545871374,deltaRIC0.5,BLS-G
161,304.42478540550917,281.60635271500155,115.63871358565197,535.5829629487795,0.033491046213129205,0.02271033248087793,0.024614852732810263,0.8318910940757787,9.775627745999373,-0.0023028480841569277,8.867054352368342e-05,0.021787042299841963,0.021908586990928854,-66.26693369117311,deltaRIC0.5,BLS-G
162,308.1842132770737,285.23311620548554,116.70295083208828,530.4040241520507,0.033121368022627815,0.022847280654265098,0.023979716145017142,0.8268611131460408,9.455715549998786,-0.002274725998626548,0.00022136453882903862,0.019880621550672495,0.020011559006457798,-62.32081161976021,deltaRIC0.5,BLS-G
163,305.90372114057817,283.5221052541359,114.85774871516195,521.7817374343775,0.03233547618934313,0.022609774853211435,0.02311668448282894,0.8187827247922457,8.274636780999572,-0.0028297478593334313,-0.0001094246980201663,0.019235545534838527,0.01944288195548143,-57.132630668162165,deltaRIC0.5,BLS-G
164,301.4189438184324,279.08468913818024,113.86446320632531,517.6521053076228,0.032804629455668255,0.022448997466512334,0.02392041442935761,0.8268949095955581,10.747468284000206,-0.002793741897707147,-0.00010713837943138182,0.021276106515241255,0.02145901164712026,-62.046874005753125,deltaRIC0.5,BLS-G
165,299.8614189971638,277.72401343736897,113.0762705576759,514.5694908484462,0.032721961051907375,0.022332181168132095,0.02391653025328443,0.8276180452037677,8.672115911000219,-0.0027863400609299815,-0.00019334592039832454,0.021379284814389443,0.021560957602918776,-62.2309324380567,deltaRIC0.5,BLS-G
166,304.71642388052385,282.52349476387764,114.16029909272442,521.9134951102451,0.03332186875369223,0.02267530393479749,0.02441674689025646,0.8311716266607009,8.903180090001115,-0.002423625438822241,0.00010055917451579077,0.019013476700878384,0.019167586407008337,-65.50094170413468,deltaRIC0.5,BLS-G
167,311.0113345619531,287.95070042480995,117.52635598396002,544.9500260855314,0.03355820479433938,0.023173240111249285,0.024272495787726677,0.828958124952552,9.786848988000202,-0.002107669333550999,0.0003691985405884779,0.023259899938550155,0.02335811470845474,-63.67149340889591,deltaRIC0.5,BLS-G
168,296.1777737617734,274.55123099766405,111.09858337597089,503.78925918666164,0.033234798859825096,0.022178179977983967,0.024752377423536163,0.8338811205805416,8.270892435999485,-0.003437279003502658,-0.0010189085826147748,0.01972565726944464,0.020048805858684963,-67.76604365822277,deltaRIC0.5,BLS-G
169,300.46781802003767,277.9603890942553,114.10053356708148,522.8104290319973,0.03274094999227794,0.022390219764921615,0.02388823696456811,0.8267269165127589,9.378571389999706,-0.0023821475482982968,0.00022421458898358448,0.022172038732133692,0.022300766817825196,-61.70229112393645,deltaRIC0.5,BLS-G
170,307.5525313968986,285.45938398484884,114.46178254610106,521.2036477492933,0.0333209829165195,0.022916239364198773,0.024189540630729863,0.8288028082568247,7.791722125999513,-0.0029203698790538635,-0.0004995234624157741,0.020012897516491712,0.020231019522643664,-63.900739317447005,deltaRIC0.5,BLS-G
171,309.9102344311175,287.2335795695769,116.36676575722876,529.8833681383345,0.033153475543339854,0.02299916827641697,0.02387867666341435,0.8261298455643364,12.964705395999772,-0.0024474875028752674,5.42894688981832e-07,0.020343248862976893,0.020489948015367826,-61.6688481027868,deltaRIC0.5,BLS-G
172,311.1880165411878,288.4838888008485,116.68345015973026,532.5674597068673,0.033264360520621906,0.023138988799876116,0.023897800697242344,0.8262685624147182,8.015115184000024,-0.0025613379131485536,-0.00010776713594651266,0.022208493930420237,0.022355967174748553,-61.52497290435895,deltaRIC0.5,BLS-G
173,315.2953250432771,292.16165277500255,118.54412951270345,536.9174320412237,0.032780145010768695,0.023271956632289634,0.02308579523065763,0.8163843988857762,9.853968050998446,-0.0029581965627326623,-0.0003949485979655165,0.019784010064914037,0.020007847599065178,-56.25412642619631,deltaRIC0.5,BLS-G
174,310.21283489406926,287.34053368927516,116.90774410695653,530.835470792817,0.032922116018853156,0.023007999588404122,0.02354777437676061,0.8223511466652075,9.110288605999813,-0.0027080709116574786,-0.0001303112723197164,0.02119483796581001,0.021367540464152637,-59.297909135742884,deltaRIC0.5,BLS-G
175,309.93892881819977,287.28825293195723,116.30820832717215,528.8009715656743,0.03270090262678765,0.022938850195993375,0.023305754317172862,0.8202202511412564,7.692584675000035,-0.00264156144374722,4.7728202867025615e-05,0.020035165800915578,0.02020861186505936,-58.058181933356536,deltaRIC0.5,BLS-G
176,305.73378832479176,283.427070805508,114.63963039908207,522.3857988840199,0.033184800293058654,0.02272738170584936,0.0241805105671243,0.8290109196461128,8.860986900999706,-0.002384386356587498,9.005967659614367e-05,0.018915348931475506,0.019065252010983247,-63.90056751763041,deltaRIC0.5,BLS-G
177,306.67935692414244,284.41943690641125,114.7075057406686,522.7379501677956,0.032661068486336195,0.022759097833860882,0.023425816110818686,0.8220832319724901,19.312982298999486,-0.0027249148642557453,-4.537267559856506e-05,0.020477019872611413,0.020657578816513218,-58.955134161527894,deltaRIC0.5,BLS-G
178,304.889167207967,282.20870450843637,115.393463334964,524.306885016539,0.033254758500509844,0.022710356063090777,0.024292358683645102,0.8294436574860163,8.953473084000507,-0.0026370850865470863,-0.00018777876781722602,0.020681101727838547,0.020849399207088403,-64.23582510557208,deltaRIC0.5,BLS-G
179,297.16304450756866,275.5805247005719,111.18115589777202,508.2688371052734,0.03299072501035581,0.022234855226073977,0.024372097771518303,0.8315753943677748,7.749247240000841,-0.0027675913644448213,-0.00026472756828782584,0.020600394255323007,0.02078715675893907,-65.30140176461464,deltaRIC0.5,BLS-G
180,305.79698319167414,283.2895294617217,115.14702526112144,519.6715034219942,0.03270256879930121,0.022655717615119055,0.023583393848575177,0.8234452081479487,8.187842246999935,-0.0025072839115875545,7.556405697417556e-05,0.018652690780747827,0.01882060190063557,-60.037519408191656,deltaRIC0.5,BLS-G
181,304.2212535352251,281.78039356816555,114.67511021626898,521.7347700597618,0.03290859133064349,0.022603190858396415,0.02391800882987981,0.8273131541851484,8.442492744999981,-0.002253207925284717,0.0003761202113815587,0.020465967047179512,0.020593062412963575,-62.07915267427779,deltaRIC0.5,BLS-G
182,297.7093161684266,275.9825420656976,111.64440607763393,502.69671589777346,0.03247352571987368,0.02215368223910363,0.023743298758346982,0.8264557416735013,10.35392986700026,-0.0029497374924749575,-0.0003961991780800922,0.019407409450283297,0.019634293127947573,-61.380005573983,deltaRIC0.5,BLS-G
183,310.33838679825703,287.82090243648855,116.05620380311376,528.6405462861516,0.033071789486238394,0.023050659985955194,0.023715192051382433,0.824681934152253,8.56920327700027,-0.002709690722695224,-0.0002334185961107571,0.021280674450857684,0.02145376454464479,-60.5778024086012,deltaRIC0.5,BLS-G
184,307.1364388107398,284.31077418443505,116.19025659662883,535.4771138381196,0.03326611333184012,0.022874795722818607,0.024153219595866523,0.8285077870079004,10.654958265999085,-0.001975244525114661,0.0003914684353011344,0.022008634756574996,0.022100562036250423,-63.15406623214585,deltaRIC0.5,BLS-G
185,306.4346285585397,283.85570810403846,115.44747098384234,530.4454836299036,0.03317522768190301,0.02281504536254735,0.024084630718593347,0.8282000893260937,8.663938718998907,-0.00231775627000963,8.112176929131465e-05,0.02165456920474329,0.02177840541250985,-62.944937331172696,deltaRIC0.5,BLS-G
186,316.22689962865525,293.3790872231068,118.01763948193626,538.2168531250333,0.03298103554950715,0.02339576894499597,0.023246219077308384,0.8189839980823171,7.681733017001534,-0.00289646659958831,-0.0003874235153706884,0.02118049736416172,0.021381138518237388,-57.3858007992676,deltaRIC0.5,BLS-G
187,311.41771138229007,288.4514337783523,117.37444915225878,535.8518635867844,0.03300941225034365,0.02314223572497064,0.023538441383469503,0.8219729744973896,8.085550927999066,-0.002897779257424571,-0.0003079376735581896,0.023267616128343382,0.023449390408526647,-58.9694219704179,deltaRIC0.5,BLS-G
188,305.27565743589014,282.7332462948684,115.13096222337519,520.8011962475485,0.03261987996068615,0.022567279555516254,0.02355365071730393,0.8240655881118605,8.231159484001182,-0.0021277845123512384,0.00040843069514928665,0.018057607259677644,0.018187123535856477,-60.009920302451064,deltaRIC0.5,BLS-G
189,308.5379814654095,285.9687497042773,115.8341927037167,530.5483101545165,0.03282585707357507,0.022915539382013437,0.02350350925811228,0.8221754359340707,11.374800179000886,-0.0024408521841625674,7.327602086582008e-05,0.021070437875585823,0.02121147050605136,-59.13866958061408,deltaRIC0.5,BLS-G
190,308.1363137686389,285.67970661631693,115.47767355874544,521.8982701154436,0.032725141612695456,0.022852051926157652,0.023424743677043006,0.8216493963352857,7.817899437999586,-0.0030566236258257606,-0.0005465073790749675,0.020415251330222817,0.02065003886634367,-58.85055622491927,deltaRIC0.5,BLS-G
191,308.4044154748452,285.8160150094837,115.85546620025987,526.7204792069716,0.03292102645214776,0.022868779483746746,0.023681488711370678,0.8245286700192113,8.221017826999741,-0.002632343909293844,7.97506702738815e-05,0.02065152903709111,0.02081877148623383,-60.49793107182268,deltaRIC0.5,BLS-G
192,307.83324839764094,285.3083507157584,115.58742938095608,530.2027975453964,0.03351400418661682,0.022872392696310615,0.024495757366660993,0.8315839302552372,8.58044282300034,-0.0023481425220926444,0.0001595087925380101,0.01947326364214974,0.019614974209405108,-65.95282078257878,deltaRIC0.5,BLS-G
193,309.09226509002633,286.62069127179166,115.70050852681422,530.2838509052435,0.03309436813107902,0.022941122195485393,0.023852507507748248,0.8260685100222471,8.972401245999208,-0.0024216074854099823,0.00010318963877142817,0.020316999349353715,0.020461067750158657,-61.692270065330376,deltaRIC0.5,BLS-G
194,299.6656851913892,277.7263910188192,112.55032035888078,510.5076093144541,0.032573477871440076,0.022288507758665504,0.02375402876425605,0.8265199507144328,14.135835088000022,-0.0027508238072844193,-0.00013061434052336063,0.02047007335939821,0.020654490917566024,-61.343326963540676,deltaRIC0.5,BLS-G
195,302.37126056579194,279.75009438781376,114.75305619527231,526.6967873538547,0.033226244728020826,0.02256647978226074,0.02438723700961528,0.8307063262729666,8.402342519999365,-0.0024462902558918254,4.179222741440558e-05,0.022120607882064713,0.022255502143928522,-64.80891890423482,deltaRIC0.5,BLS-G
196,306.9701129285567,284.3019619824421,115.77151914138858,530.94830717319,0.03317072161037847,0.022836492003408385,0.02405808398712362,0.8278724264340362,7.573058702999333,-0.0023739533520269473,0.00020408070256805466,0.02170879828296235,0.021839167253837992,-62.760314813403966,deltaRIC0.5,BLS-G
197,310.16920166706615,287.66153164992045,115.99903823569831,524.6854726835039,0.03304066846891204,0.022900500085781317,0.023817070951183076,0.8259919321109604,24.823194026999772,-0.002394092931272185,0.00017102684534042734,0.01680027563029085,0.01697086304225979,-61.81474518161849,deltaRIC0.5,BLS-G
198,310.6676821966933,287.6933577136528,117.2473483235755,543.8974583881089,0.03313520029070747,0.023143149300665848,0.023713627701226772,0.8236663372916836,13.42943023800035,-0.0024301982768861197,0.0001104425672434628,0.024403773712634136,0.02452472696368081,-59.956358721494325,deltaRIC0.5,BLS-G
199,313.041405634978,289.99053804086213,117.89999783161208,539.1813092448497,0.03344195429130904,0.023235230847348822,0.024051784846293903,0.8272739088458545,11.972959163998894,-0.0022406160400466613,0.0002662506452808522,0.021485029147086165,0.021603187891979483,-62.47968895876693,deltaRIC0.5,BLS-G
200,315.3420718323304,292.1008866117719,118.81790398809193,544.9313486234249,0.03346699400290904,0.023409521571488217,0.023917232017622303,0.8255767399545891,10.062228016000518,-0.0022084915228747226,0.00023676090647173353,0.02228116688408699,0.022391603074589757,-61.3986580435012,deltaRIC0.5,BLS-G
1,1500.037204536871,1278.996830342676,783.7593527149639,3629.016142123067,0.5639510227570435,0.4641156839885009,0.3203707039424819,0.9228725593481171,0.8045765639999445,,,,,,deltaRIC0.5_short,BLS-B
2,1501.5635783256296,1267.1597331977832,805.6049840437881,3685.432705663247,0.5646807497241435,0.4639921792034172,0.3218316434831802,0.9252802451256111,0.5344418650001899,,,,,,deltaRIC0.5_short,BLS-B
3,1499.468267461902,1281.4292054227326,778.6811135598851,3625.7407834290243,0.5639454176205752,0.46413601241466246,0.3203313847175473,0.9227683406206122,0.4390309949994844,,,,,,deltaRIC0.5_short,BLS-B
4,1498.9943357166815,1277.3179394506178,784.5016890155962,3639.2507798257598,0.5640583957099303,0.46373157937066334,0.3211150822761997,0.9235870417761379,0.5522547739983565,,,,,,deltaRIC0.5_short,BLS-B
5,1501.1331225008662,1285.518319528851,775.1408269630235,3616.1206862895474,0.564349190067445,0.4637390564519577,0.3216148252970146,0.9240724381091621,0.5286632429997553,,,,,,deltaRIC0.5_short,BLS-B
6,1501.720285756613,1287.463920725172,773.0462272619219,3614.9859228280984,0.5644033845453703,0.4642815173288381,0.32092655414144355,0.9236270587731819,0.831172330001209,,,,,,deltaRIC0.5_short,BLS-B
7,1497.1430458010886,1271.2555015819482,790.7886881387406,3644.1573862492223,0.5634520467393144,0.4634245973757544,0.3204931380261399,0.9225052576549103,1.0356283900000562,,,,,,deltaRIC0.5_short,BLS-B
8,1499.7476510268802,1277.2475215675051,786.0545689774409,3641.0029639426143,0.5641631526292796,0.46395567724048026,0.32097537653367625,0.9236385585705523,0.6922209429994837,,,,,,deltaRIC0.5_short,BLS-B
9,1492.942737472118,1284.3310365079883,761.1647693062641,3581.9939184198943,0.5622557479451917,0.463382808518136,0.31844606900894756,0.9190342702025237,0.5621311929990043,,,,,,deltaRIC0.5_short,BLS-B
10,1497.761504830627,1279.77185981353,778.1217849295329,3621.290621549652,0.5635010503518453,0.46391186460023226,0.3198737495181007,0.921888503405602,0.7879023719997349,,,,,,deltaRIC0.5_short,BLS-B
11,1501.9161990566454,1280.3512007742888,785.1452551372888,3637.1853612698637,0.5645194279929464,0.464226152211116,0.3212106227769331,0.9242011578526529,0.7786031750001712,,,,,,deltaRIC0.5_short,BLS-B
12,1496.9812001196065,1271.6432147180922,789.8583720977916,3649.729829864794,0.5635397866465564,0.4636837027199541,0.3202725635541695,0.922468943727015,0.5631904400015628,,,,,,deltaRIC0.5_short,BLS-B
13,1499.0489668765554,1274.8309963737252,788.6404350389618,3644.8151187580306,0.5639744303296009,0.46377248577622754,0.32090845969300463,0.9234043647921528,0.8150197659997502,,,,,,deltaRIC0.5_short,BLS-B
14,1499.436127644041,1279.0161631268668,782.5767408659584,3631.154219060729,0.5639933461005382,0.46379685874340976,0.32090647900194696,0.9232851998334469,0.5337525009999808,,,,,,deltaRIC0.5_short,BLS-B
15,1498.4223433197492,1270.6190939728435,794.2270689113271,3660.2850100171263,0.5639546777923014,0.463644956766853,0.32105798957272713,0.9236190470380657,0.6083521079999628,,,,,,deltaRIC0.5_short,BLS-B
16,1499.2841450817593,1280.2437701644478,780.2748468640152,3627.119128301703,0.5639546391991818,0.4638451000304639,0.3207686989904222,0.9231096609915634,0.5519658909997815,,,,,,deltaRIC0.5_short,BLS-B
17,1497.1582753154812,1266.6955287929375,798.1010829973901,3663.5008407930263,0.5635186261423442,0.4639138130162808,0.3199018851180005,0.9223543141881452,0.8611612919994514,,,,,,deltaRIC0.5_short,BLS-B
18,1499.4950553520584,1276.5926422648902,786.636286183405,3640.038987530534,0.5640470914147954,0.4638337617105111,0.3209476013790527,0.9234730232930253,0.6035663689999637,,,,,,deltaRIC0.5_short,BLS-B
19,1501.2607259560596,1278.556982717347,786.8137068219063,3645.8578160671314,0.5644363392464421,0.46449369294819304,0.32067739283160335,0.9237840368490693,0.48287988000083715,,,,,,deltaRIC0.5_short,BLS-B
20,1500.272365778742,1280.1680048526318,782.2960123067073,3637.6244741630867,0.5642971346256498,0.4640856200547081,0.32102304186016906,0.9237782310373366,0.6192103490011505,,,,,,deltaRIC0.5_short,BLS-B
21,1500.8019967917994,1279.7746738859316,783.9537088721561,3632.758826477566,0.5642171834408733,0.4640460759606079,0.3209396664102366,0.9236042062619357,0.7539828249991842,,,,,,deltaRIC0.5_short,BLS-B
22,1499.3593499971562,1270.5198998031406,796.151772357578,3662.292385087344,0.5640653616667408,0.46399768231493704,0.3207427053552394,0.9235744203527669,0.7978203990005568,,,,,,deltaRIC0.5_short,BLS-B
23,1499.8512345583686,1278.0493227872782,784.9481857608445,3641.6050100806424,0.5641646003538496,0.4642158656931552,0.320601507063166,0.9233679050971669,0.46055341299870634,,,,,,deltaRIC0.5_short,BLS-B
24,1500.8335577033672,1278.4717938936365,786.1369092893003,3640.035457410534,0.5643528831143653,0.4638837172111992,0.32141262200762505,0.9241647845488546,0.44853073700141977,,,,,,deltaRIC0.5_short,BLS-B
25,1501.4827802055954,1282.7938260460676,780.3143847911664,3627.7495159176087,0.5644077540553766,0.4641986021457067,0.3210541552508025,0.9238615973512158,0.5320080990004499,,,,,,deltaRIC0.5_short,BLS-B
26,1500.8735994645997,1279.0798410189718,785.2237400058059,3636.7553933364957,0.5642799337302257,0.4640505303113912,0.32104353120457735,0.9237890480339135,0.5258451360004983,,,,,,deltaRIC0.5_short,BLS-B
27,1503.8323378121288,1280.1429076477305,789.1424689171826,3655.236536243453,0.5652401567075929,0.4642882717876578,0.3223861588766708,0.9260218939892947,1.053033713998957,,,,,,deltaRIC0.5_short,BLS-B
28,1497.8794947509832,1273.2436879752333,788.98256750494,3646.3563054461224,0.5637621394803143,0.4637571284071107,0.3205574453401637,0.922921519358852,0.7248739240003488,,,,,,deltaRIC0.5_short,BLS-B
29,1501.2149091249962,1285.2925971312527,775.6733482199649,3618.63966356623,0.564285166380573,0.46420233451246673,0.3208331990775376,0.9234567908864181,0.6591906049998215,,,,,,deltaRIC0.5_short,BLS-B
30,1498.2643180958119,1273.9371960479982,788.5936770000582,3647.9818015724877,0.564028798985268,0.4633641460781027,0.32159315013550044,0.9239733765067428,0.5251967200001673,,,,,,deltaRIC0.5_short,BLS-B
31,1498.4770124686506,1270.992163765543,793.7331267772282,3658.9739315812308,0.5641109332193273,0.46333568314019496,0.3217781684741668,0.9243153887702203,0.8647874350008351,,,,,,deltaRIC0.5_short,BLS-B
32,1496.5463241437196,1274.0616129836505,785.1228608501841,3638.1625314235,0.5633770349422181,0.46374733847251026,0.3198938723388559,0.9219170641592768,0.8437464810012898,,,,,,deltaRIC0.5_short,BLS-B
33,1498.7636095533537,1273.6184716667665,790.0559131799519,3649.57152700605,0.563906641417436,0.4640186747978023,0.32043309703210154,0.9230352818649747,1.1477450210004463,,,,,,deltaRIC0.5_short,BLS-B
34,1497.2550274169973,1273.1546643596228,787.9402374195708,3646.2262163744895,0.5636870871536382,0.46347818257243717,0.3208287806651765,0.9230046381794275,0.6485782159998053,,,,,,deltaRIC0.5_short,BLS-B
35,1496.7074758260621,1276.6731946354482,781.1778429352316,3625.075389086437,0.5631599045639222,0.46428332687045676,0.31873197282128196,0.9207294160777713,0.8762134419994254,,,,,,deltaRIC0.5_short,BLS-B
36,1500.9475020336351,1277.2018554181898,788.4153882169867,3643.9485979133938,0.5643533905694973,0.4640009097527682,0.3212443076474523,0.9240897796534576,0.7070945880004729,,,,,,deltaRIC0.5_short,BLS-B
37,1500.9364850741408,1282.8047958486238,779.2446265291063,3625.237057612128,0.5642740898787426,0.46408832235227265,0.3209786247785611,0.9236279585111657,0.6983678460001101,,,,,,deltaRIC0.5_short,BLS-B
38,1500.297140260058,1275.3558978604894,790.1638076152137,3652.914295532551,0.5643716850165842,0.46414622808011863,0.3210664694536896,0.924073047867441,1.0354445239991037,,,,,,deltaRIC0.5_short,BLS-B
39,1499.334086724497,1286.269715586197,770.3978987379086,3608.4387662783115,0.5637098624749795,0.46452344556072894,0.319353687274703,0.9216372758909889,0.7523067709989846,,,,,,deltaRIC0.5_short,BLS-B
40,1497.9047119830273,1280.336587587946,777.4681656920818,3614.9106190920143,0.5635061787773263,0.4635657396031145,0.320384173433148,0.9222152496466695,0.9909389080003166,,,,,,deltaRIC0.5_short,BLS-B
41,1497.5967619917544,1278.2403412653614,780.3189677881735,3627.785800835715,0.5637053707845172,0.46340936972602526,0.32096027963197876,0.9229513269266184,0.608254353999655,,,,,,deltaRIC0.5_short,BLS-B
42,1499.073471998938,1279.8050276746276,780.5897549863798,3629.6537245589534,0.5640226663986304,0.46370913353709864,0.32108473598988474,0.9234394018346676,0.5486392000002525,,,,,,deltaRIC0.5_short,BLS-B
43,1497.2691332010877,1276.783089092234,782.0740378281515,3636.578673203144,0.5636573669201812,0.46374576872552503,0.3203895898317603,0.9225631857900711,0.8224623590012925,,,,,,deltaRIC0.5_short,BLS-B
44,1502.0059104346321,1288.779585495275,771.4071136508887,3603.746666152765,0.5643008900796558,0.46382694669332075,0.3214032639315337,0.9237533947242296,0.6316620799989323,,,,,,deltaRIC0.5_short,BLS-B
45,1497.503533356521,1271.0147480492703,791.857526741089,3647.549567571788,0.5636399414690334,0.4634587107774119,0.32077407473758646,0.9229687901782407,0.9892849850002676,,,,,,deltaRIC0.5_short,BLS-B
46,1501.9067854577977,1276.0595809076517,792.0832899247174,3657.9431840868765,0.5647507192092599,0.46412149027169364,0.321767955389219,0.9250410880877146,0.42499566299920843,,,,,,deltaRIC0.5_short,BLS-B
47,1500.6642962622482,1274.1833087794842,792.7485261443471,3662.7926862354693,0.5645121123976505,0.46414448329370894,0.3213157694102075,0.9244736380176108,0.7722415600001113,,,,,,deltaRIC0.5_short,BLS-B
48,1497.781011725255,1279.6145887275698,778.4179233549934,3623.8845530071567,0.5637015082080639,0.4635571114182871,0.3207400735947716,0.9227598505539938,0.8371059319997585,,,,,,deltaRIC0.5_short,BLS-B
49,1501.2623112831063,1272.5286832096795,796.5295209141553,3666.5579745936793,0.5645908780324477,0.4640133991172214,0.32164331952821984,0.9248510522371037,0.43696209299923794,,,,,,deltaRIC0.5_short,BLS-B
50,1496.106832574725,1269.068001895628,792.3396121874857,3652.4235418155517,0.5633900665597673,0.46338512044863905,0.3204412539686788,0.9224599068814499,0.9853990639985568,,,,,,deltaRIC0.5_short,BLS-B
51,1496.9452814143249,1282.7646169129102,771.5958223998407,3604.886288464467,0.563301359130188,0.4633481956418702,0.3203386813879026,0.92182468353711,0.5264814199999819,,,,,,deltaRIC0.5_short,BLS-B
52,1499.4202621433187,1278.2805197121695,783.7474309050868,3638.018960293555,0.564031264553699,0.46406971390508694,0.32057848965595886,0.9231590880078572,0.6746317950000957,,,,,,deltaRIC0.5_short,BLS-B
53,1498.6861730592746,1267.254835543205,800.0783881042016,3673.3578150521253,0.5640530954621938,0.46364595481444576,0.32122939324520683,0.923987358854986,0.6448131819997798,,,,,,deltaRIC0.5_short,BLS-B
54,1495.6983203689183,1274.2642182193533,783.1756940305442,3625.6537971902126,0.5629962431642273,0.4635677715400136,0.31948347532612603,0.9210879731571485,0.6727736489992822,,,,,,deltaRIC0.5_short,BLS-B
55,1498.5473921748662,1281.1213518307432,777.4138977902705,3615.1288051889424,0.5636123243851672,0.4636948229659477,0.32038408723503925,0.922340415546482,1.0474346589999186,,,,,,deltaRIC0.5_short,BLS-B
56,1495.9539759961604,1280.7256384422744,773.0589481633016,3599.6299073065093,0.5627772758452139,0.4636826528338363,0.3189304934758292,0.9201941463276414,0.4501498449990322,,,,,,deltaRIC0.5_short,BLS-B
57,1498.799115429084,1268.4745113082895,798.3553109813953,3666.442465182573,0.5639957034891374,0.46367545631023355,0.321086008368013,0.9237647377969521,0.6497504750004737,,,,,,deltaRIC0.5_short,BLS-B
58,1500.4479650023745,1269.9962224121894,799.0329722474136,3672.1465525746758,0.564446480986262,0.46380275214431305,0.3216937005928709,0.9247641987395303,0.43508925000060117,,,,,,deltaRIC0.5_short,BLS-B
59,1498.8876336657713,1277.8485021998285,783.433049967788,3634.1874047219653,0.5639800087315713,0.4636440449813023,0.32110379910901,0.9234508638415122,0.7009885919997032,,,,,,deltaRIC0.5_short,BLS-B
60,1503.8541790495258,1271.0111048498059,803.8085364022945,3692.2250179628504,0.5653396555285897,0.46437540769743185,0.3224351203560624,0.9265157598558313,0.8309295750004821,,,,,,deltaRIC0.5_short,BLS-B
61,1498.404070985545,1276.1160863813145,785.3295448567387,3642.523052965277,0.5638378465011217,0.4640490921225005,0.32026794601911923,0.9227475991882896,0.6598178520016518,,,,,,deltaRIC0.5_short,BLS-B
62,1499.3253304536033,1279.5098060286546,781.5568455437658,3625.2410496087546,0.5637760078865994,0.46413171383219387,0.3200392777203157,0.9223914387842073,0.6192548819999502,,,,,,deltaRIC0.5_short,BLS-B
63,1496.150612697259,1279.626240764769,775.2569508366948,3616.451381531505,0.5632065658774039,0.46374636660572627,0.3195949675877358,0.9212898395104182,0.64240599599907,,,,,,deltaRIC0.5_short,BLS-B
64,1496.40707185115,1284.3575144280728,767.8931565122034,3596.2257145945737,0.563121658335748,0.4633862159481689,0.31996752484594415,0.9212691938710726,0.4780279869992228,,,,,,deltaRIC0.5_short,BLS-B
65,1498.0486421633375,1270.3592751450933,793.9376841668701,3659.7415786032616,0.5640311744843023,0.4632967818486701,0.3216943545025421,0.9241635264223189,0.8253301400000055,,,,,,deltaRIC0.5_short,BLS-B
66,1502.5316340345196,1289.249802797298,771.6451627928287,3607.7825123677517,0.5644847617129901,0.46418547627272383,0.3212084834241395,0.9238754335968192,0.8314406429999508,,,,,,deltaRIC0.5_short,BLS-B
67,1495.2264686685348,1279.240635903615,774.1095452582227,3602.3341179179683,0.5627396520749235,0.4631391941796219,0.31965294122228316,0.9206725175964157,1.019764758000747,,,,,,deltaRIC0.5_short,BLS-B
68,1498.7673353954112,1274.4078829740654,788.7889917220077,3650.099659063324,0.5641234286798662,0.46357086729414665,0.3214611854978463,0.9240110798036699,0.9039063760010322,,,,,,deltaRIC0.5_short,BLS-B
69,1495.4737754786547,1275.6172413637362,780.5398559202171,3622.6421562703567,0.563077334956796,0.4632312883523331,0.3201138213721573,0.9215739980351185,0.9333824460009055,,,,,,deltaRIC0.5_short,BLS-B
70,1493.6195573856378,1272.0088395240211,782.874762894821,3631.4049453875987,0.5627909679451416,0.4633071112023971,0.31949991284806173,0.9208916431748692,1.1062182429996028,,,,,,deltaRIC0.5_short,BLS-B
71,1496.7359324497945,1270.2846549344135,791.5777579773917,3650.652892610369,0.5633752989527552,0.46398093427027226,0.3195519051794115,0.9218030057898481,0.6682423969996307,,,,,,deltaRIC0.5_short,BLS-B
72,1503.474803660593,1276.587878004878,794.203925307135,3654.6464146766007,0.5648046762497541,0.46451123938049727,0.3212999078785799,0.9247764568898014,0.537996003000444,,,,,,deltaRIC0.5_short,BLS-B
73,1500.6270138866298,1284.9763368907647,775.0595128356888,3616.467101238152,0.5641793610378488,0.46395079813392864,0.32101091621931777,0.923438406268807,0.5736785470016912,,,,,,deltaRIC0.5_short,BLS-B
74,1499.8986761784429,1277.071962216783,786.6277659233884,3643.8858752718133,0.5642313498506335,0.4639005574768486,0.3211748572459199,0.9238827285679247,0.9157057020001957,,,,,,deltaRIC0.5_short,BLS-B
75,1500.9648929092516,1275.0186124579884,791.9742089435658,3657.6070551882785,0.564646560333254,0.46368654623755545,0.32221192550006966,0.9252267742653266,0.4032063840004412,,,,,,deltaRIC0.5_short,BLS-B
76,1502.2338135321993,1270.8558374848026,801.0192699619002,3673.0566807082723,0.5647393850445709,0.46413270612677265,0.3217318823554156,0.9251625714488108,0.5328017980009463,,,,,,deltaRIC0.5_short,BLS-B
77,1499.9990097879092,1288.0673302598482,768.6869207173853,3598.863802632301,0.5638580454966462,0.46394127572068755,0.3204596513665315,0.9225220858336541,0.8818247679992055,,,,,,deltaRIC0.5_short,BLS-B
78,1502.4449236413918,1272.697380181575,798.4873994339193,3668.4676192953807,0.564740943015156,0.4644789093413177,0.3212346112963976,0.924778493337121,0.5751078079993022,,,,,,deltaRIC0.5_short,BLS-B
79,1499.4209123850308,1279.835926966318,781.206165198294,3632.9766685906498,0.5640976064369645,0.4639768503676575,0.320829537154578,0.9233685605355315,0.9067918300006568,,,,,,deltaRIC0.5_short,BLS-B
80,1498.6707985372013,1273.485657611095,790.0939452033348,3652.5325229552836,0.5639504011463196,0.4641430334202202,0.32032998529730444,0.9230392003997171,0.7212414690002333,,,,,,deltaRIC0.5_short,BLS-B
81,1499.948557148255,1276.7839682181602,787.1901756197293,3644.716233655631,0.5641897962217446,0.4641014033336646,0.32081149228862865,0.9235888344650794,0.7625549069998669,,,,,,deltaRIC0.5_short,BLS-B
82,1498.5598871311968,1271.6722168442923,792.7997907574071,3650.3979673192566,0.5638119247591005,0.4638121658107562,0.320565377647832,0.9230488530008286,0.5377541990001191,,,,,,deltaRIC0.5_short,BLS-B
83,1498.4339323654262,1278.0537333653933,782.2294447889922,3637.024221788425,0.5638541314496859,0.464086273450372,0.320242739726955,0.922698153780731,0.7465198230001988,,,,,,deltaRIC0.5_short,BLS-B
84,1498.6248815309536,1269.4715562216277,796.4411487912364,3655.7395108600103,0.5637023834421159,0.4638298100090619,0.3203471311644289,0.9228175099081471,0.651741009000034,,,,,,deltaRIC0.5_short,BLS-B
85,1501.62851940712,1272.7943454898789,796.7953089632304,3664.4018145217037,0.564722490068073,0.4637698048395159,0.32222516802354556,0.9254081958680939,0.540091623999615,,,,,,deltaRIC0.5_short,BLS-B
86,1496.5353307502446,1272.0386030812608,788.3754108638968,3646.43936481414,0.5636623814514601,0.46309872301747085,0.3213329317127629,0.923353475019914,0.7126771309995092,,,,,,deltaRIC0.5_short,BLS-B
87,1501.817455950662,1277.1528035621477,790.1495980834674,3649.433312432335,0.564514904999426,0.4644887808027607,0.320822771128977,0.9240366209247104,0.7239335199992638,,,,,,deltaRIC0.5_short,BLS-B
88,1495.1681622503802,1280.059519669627,772.6418701509409,3608.9589833843893,0.562997506615775,0.46346109034167704,0.3196404389229927,0.9210113991199658,0.535024627999519,,,,,,deltaRIC0.5_short,BLS-B
89,1499.9548979868862,1281.172399646178,780.0397287188028,3632.6952187458087,0.5641752532087062,0.4642344120031343,0.32059339831819994,0.9232896989855232,0.5099757240004692,,,,,,deltaRIC0.5_short,BLS-B
90,1496.8047587175897,1280.7784167402442,774.616765201977,3618.0876764584714,0.5635676946987316,0.46336529397562215,0.3207820924660977,0.9225710033694196,0.5635554950004007,,,,,,deltaRIC0.5_short,BLS-B
91,1497.6290941684172,1277.077871719006,782.2819269709403,3632.4666237730326,0.563525749041167,0.46410397528656405,0.31963849886335144,0.9218487909353473,0.5512105249999877,,,,,,deltaRIC0.5_short,BLS-B
92,1498.2210286697737,1280.5216613980522,777.7727980835319,3616.868671553092,0.5634375309351355,0.4641414146300086,0.3194285499005001,0.9214679496755306,0.5743681009989814,,,,,,deltaRIC0.5_short,BLS-B
93,1500.7650363601044,1265.9081139071927,806.084574660054,3691.8294968653527,0.564675165379802,0.46370404904778345,0.32223686519918476,0.9256012796465022,0.8585126329999184,,,,,,deltaRIC0.5_short,BLS-B
94,1500.921565418016,1277.2462835900776,788.2940292760073,3647.856573618801,0.5644065617266077,0.46419593768651723,0.32105591157209074,0.9240383301267462,0.4157089600012114,,,,,,deltaRIC0.5_short,BLS-B
95,1501.6470177695444,1278.990256262737,786.8466752558244,3637.270347344146,0.5643267313492748,0.46429915920861503,0.3207661928469546,0.9236766673192182,0.41418060300020443,,,,,,deltaRIC0.5_short,BLS-B
96,1499.278502405543,1281.0658830635614,778.9134939298367,3626.394422469878,0.5639567902985873,0.4639820241635026,0.32057439476200145,0.9229581839614409,0.5504645140008506,,,,,,deltaRIC0.5_short,BLS-B
97,1501.713566350014,1272.5299330556197,797.3777052546286,3672.589382627851,0.5648322327659627,0.464018594786054,0.32205930333427496,0.9254779772924037,0.722270338999806,,,,,,deltaRIC0.5_short,BLS-B
98,1496.041005280857,1266.191793697864,796.804261443137,3662.384631383016,0.5634174581760717,0.4633659383963114,0.32051714355349403,0.9226484300782929,0.4380419789995358,,,,,,deltaRIC0.5_short,BLS-B
99,1493.2560282676056,1272.4581658180973,781.4497950606858,3624.7051198037184,0.5625274590314864,0.46344886799960106,0.3188295609166581,0.9200492573325525,1.0727209380002023,,,,,,deltaRIC0.5_short,BLS-B
100,1495.8703339849942,1289.0098758572906,759.0003926472964,3581.417939028674,0.5628986661185299,0.463678604263698,0.31915052916467035,0.9202804269900633,0.7989042820008763,,,,,,deltaRIC0.5_short,BLS-B
101,1501.6155661134471,1274.2520171570793,794.437603066045,3659.726698807556,0.5646156325442366,0.4641869316607219,0.32143631560346886,0.9246859078045484,0.4392188769998029,,,,,,deltaRIC0.5_short,BLS-B
102,1501.0162643110284,1278.2353450088585,786.8698929914141,3636.09834633574,0.5642396821766137,0.4640024857116667,0.3210422280575572,0.9237570706558741,0.7169062259999919,,,,,,deltaRIC0.5_short,BLS-B
103,1501.5991894399444,1282.8523981509863,780.442086438809,3634.579284067089,0.5646362017748613,0.4642106316868127,0.3214382207884932,0.9244508828591853,0.5327533870004117,,,,,,deltaRIC0.5_short,BLS-B
104,1501.5277695000652,1284.8733030804697,776.9724818878235,3614.4232409172323,0.5642186196136406,0.4639087934149937,0.3211405955511804,0.9235809089796061,0.739521262999915,,,,,,deltaRIC0.5_short,BLS-B
105,1500.7653694235191,1283.1603141612713,778.3291734365733,3627.2827898893806,0.5642726566025665,0.4642435200597969,0.32075159402847403,0.9234641174194423,0.5512595769996551,,,,,,deltaRIC0.5_short,BLS-B
106,1497.8449479302692,1278.0783839594365,781.0602617569701,3621.5877277687546,0.5635483705358404,0.46348906219275005,0.3205692673374756,0.9224718031263383,0.845082927000476,,,,,,deltaRIC0.5_short,BLS-B
107,1501.0783156793098,1284.024813253011,777.5065200711848,3623.3122907143456,0.5643217798304323,0.4642205031267784,0.3208713070184177,0.9235816752319786,0.5731201390008209,,,,,,deltaRIC0.5_short,BLS-B
108,1500.878816714523,1281.1952559883084,781.7774226053347,3632.8765426007317,0.564331659012164,0.4640868266408734,0.3210819812786529,0.9238286830502537,0.41346691400030977,,,,,,deltaRIC0.5_short,BLS-B
109,1499.0355018919984,1270.9120019890468,794.9151647394765,3661.3964265940426,0.5640844985408955,0.4638724638717364,0.3209574095665935,0.9237371207888377,0.4370520829997986,,,,,,deltaRIC0.5_short,BLS-B
110,1503.8107431639985,1276.7256935161547,794.6183075987817,3666.8095523694615,0.5652781666492472,0.4642171843836935,0.32255512926197594,0.9263006782240838,0.5381323180008621,,,,,,deltaRIC0.5_short,BLS-B
111,1495.5673815414611,1276.2471557656272,779.6890342507896,3615.941223805374,0.562832536029256,0.4637707024157169,0.318899983057316,0.9203838127591141,0.4501127359999373,,,,,,deltaRIC0.5_short,BLS-B
112,1500.8283093962336,1283.6500170837642,777.6427508348602,3618.150942073921,0.5641739075332235,0.46379501483796093,0.32122637213149513,0.923619472204238,0.8993032700000185,,,,,,deltaRIC0.5_short,BLS-B
113,1501.8166094011629,1293.1602204881017,763.6686273642312,3592.109975684869,0.5642537185007874,0.4639965498053734,0.3210754749442494,0.9233460560122779,0.9472645010009728,,,,,,deltaRIC0.5_short,BLS-B
114,1499.0234473761245,1281.5114888227474,777.6886265072328,3624.419707162478,0.5639509054543957,0.46386827159880295,0.32072862417746867,0.9230413721012839,0.8712993820008705,,,,,,deltaRIC0.5_short,BLS-B
115,1500.4932636040285,1278.57534431834,785.318485088889,3641.127690637588,0.5642056735571596,0.4644964418462688,0.3202672283987919,0.9231891217389097,0.9290383669995208,,,,,,deltaRIC0.5_short,BLS-B
116,1500.8485895181416,1281.8217136120668,780.691733766421,3626.1903611322005,0.5642744409757814,0.46389363991343185,0.32126054159575496,0.9238346295869916,0.4909554300011223,,,,,,deltaRIC0.5_short,BLS-B
117,1501.5855312294566,1267.9759062038054,804.3607454894149,3682.533647099993,0.564738659873944,0.4639292915659083,0.3220238599597437,0.9254599987883302,0.633272962000774,,,,,,deltaRIC0.5_short,BLS-B
118,1500.5587297142495,1286.7349293322152,772.0037065701575,3606.138668366213,0.5639860212506383,0.46406476100389776,0.3205060526113678,0.9227749716945464,0.37932285599890747,,,,,,deltaRIC0.5_short,BLS-B
119,1494.8027768208242,1268.8868622112243,790.1654715937675,3639.4453947997276,0.5628646108222638,0.4634074203841849,0.31948416682047615,0.9210737895359854,0.8151417850003781,,,,,,deltaRIC0.5_short,BLS-B
120,1500.4294573934285,1277.2963293152889,787.2754560708895,3652.1129624212604,0.5645329109499211,0.4638712802304981,0.3217465507552648,0.9246939757557225,0.4142385009999998,,,,,,deltaRIC0.5_short,BLS-B
121,1503.7081217946632,1283.5069465798206,783.4207258124966,3637.056298232824,0.5649193837056905,0.46446354702947473,0.321570402194008,0.92489825790811,0.5146096580010635,,,,,,deltaRIC0.5_short,BLS-B
122,1500.8117502042965,1282.4327169514352,779.6167238097471,3620.9135088668777,0.5640998098782213,0.4640454502535513,0.3207341821565393,0.9232195049448555,0.7407431860010547,,,,,,deltaRIC0.5_short,BLS-B
123,1502.349536453022,1278.5887781523813,788.8376677513635,3648.0135335838772,0.5648420861859969,0.4637938072550978,0.3224001964620527,0.9255058929242707,0.7574300619999121,,,,,,deltaRIC0.5_short,BLS-B
124,1498.4274313309854,1275.5645079278281,786.2696440026239,3643.133646684754,0.5639838386017064,0.4635832406509969,0.3211983019747079,0.9235929784462917,0.4264218489988707,,,,,,deltaRIC0.5_short,BLS-B
125,1501.4344874491771,1277.1986965407123,789.3472047562332,3653.504840018797,0.5647638404087052,0.4637907392521069,0.32226750630054785,0.9253685450233793,0.6693397559993173,,,,,,deltaRIC0.5_short,BLS-B
126,1498.4661619213216,1278.5606094369082,781.4624792141581,3629.0232852054864,0.5638283484594627,0.46364257846304785,0.3208394707056192,0.9230316681914073,0.41369388999919465,,,,,,deltaRIC0.5_short,BLS-B
127,1497.2427195965536,1274.2767093789541,786.1009027594541,3640.7378296946868,0.563619843479969,0.4634503102817299,0.3207508969031154,0.9228220225693837,0.40270875100031844,,,,,,deltaRIC0.5_short,BLS-B
128,1495.0791717499997,1279.8525425385242,772.8125252338632,3604.2289411549655,0.5628415036675084,0.4633377324183325,0.31954452579904996,0.9207374500875127,0.4737162469991745,,,,,,deltaRIC0.5_short,BLS-B
129,1504.4774988786612,1283.995716051149,784.096643147061,3638.3898519224135,0.5651390807169735,0.46438806359177454,0.3220650663252812,0.9255220283071016,0.4378805360011029,,,,,,deltaRIC0.5_short,BLS-B
130,1501.2891276126602,1274.5930505546737,793.2727148753534,3655.1238009437952,0.5644273080876664,0.46423681805588507,0.32103327378394364,0.9241346822784835,0.6332066570012103,,,,,,deltaRIC0.5_short,BLS-B
131,1497.5831242365573,1281.919559930686,774.2334634109038,3617.5669987545466,0.5635345278613728,0.46382697532064676,0.32005577804007934,0.9219957233632163,0.8059931810003036,,,,,,deltaRIC0.5_short,BLS-B
132,1500.2848992881213,1281.582951065178,779.9999478019461,3628.477265579314,0.5640822108624209,0.464427464694435,0.32014976284379154,0.9228397639820053,0.39148778900016623,,,,,,deltaRIC0.5_short,BLS-B
133,1499.4101988670097,1279.8043678027989,781.2373036531759,3625.9144878493535,0.5639250678362943,0.46375592015621114,0.3208456461512841,0.9231252026986406,0.9781303670006309,,,,,,deltaRIC0.5_short,BLS-B
134,1499.5460193181032,1275.6441989230432,788.2703481717145,3645.8307083400978,0.5640745864408169,0.46419322842684707,0.3204758738985505,0.9232345506168427,0.6506741979992512,,,,,,deltaRIC0.5_short,BLS-B
135,1497.1019299136308,1277.038960644358,781.3358314754902,3631.832481161788,0.5635591049735417,0.46368718067597386,0.320301519314764,0.9223475929037213,0.719218683998406,,,,,,deltaRIC0.5_short,BLS-B
136,1502.2046931652928,1284.7827189107686,778.4293836669352,3619.872026927441,0.5642984847645749,0.46448433388682225,0.32044825398386895,0.9232290783024573,0.744124090000696,,,,,,deltaRIC0.5_short,BLS-B
137,1497.6293211647112,1278.9758970120822,779.1753579743225,3627.5292808752743,0.5636558771698618,0.46386721729605646,0.3202111062816833,0.9223616053871225,0.7848410480000894,,,,,,deltaRIC0.5_short,BLS-B
138,1496.9872318620112,1278.530737824555,778.6718980390169,3621.7258634859295,0.5633594712386043,0.4637863379520634,0.31980638918454124,0.9216784239482795,0.6672811039989028,,,,,,deltaRIC0.5_short,BLS-B
139,1497.314692733464,1279.8343487599366,777.1584965820919,3618.497187888459,0.5634429875129888,0.46367642766752004,0.32011274670504647,0.9219633830891746,0.763800253998852,,,,,,deltaRIC0.5_short,BLS-B
140,1496.7168677868635,1278.1647991546645,778.7529316282768,3629.244682169769,0.5634754032629752,0.4638567081465752,0.3199085562935062,0.9219370145723824,0.513957544000732,,,,,,deltaRIC0.5_short,BLS-B
141,1499.740308872389,1282.2096403292865,777.9199395203149,3623.907883789989,0.5640004660833629,0.46417086617105985,0.3203777968902629,0.92285484836664,0.8338751399987814,,,,,,deltaRIC0.5_short,BLS-B
142,1500.417391724582,1273.1053586105522,794.0120246360854,3655.393954823102,0.5643678912654669,0.46365003526785337,0.3217759492061957,0.9246066526007173,0.9505074749995401,,,,,,deltaRIC0.5_short,BLS-B
143,1499.604041493242,1284.069177409689,774.5828741259841,3618.1727894374567,0.5640132544910744,0.46407827440505534,0.3205344076177152,0.9229191185496256,0.7380107190001581,,,,,,deltaRIC0.5_short,BLS-B
144,1501.256630050589,1271.1200619709662,798.7648323040883,3676.8600019969376,0.5646961437374626,0.46398427094810313,0.32187005307222694,0.9252118746023063,0.4731826769984764,,,,,,deltaRIC0.5_short,BLS-B
145,1499.064674183135,1270.3899872555496,795.8041075947226,3663.2661025864686,0.5640512877165552,0.4638851693685173,0.3208806706778176,0.9236490850785393,0.6438410280006792,,,,,,deltaRIC0.5_short,BLS-B
146,1497.4772300857787,1276.1056029327387,783.5767638138896,3631.030182089826,0.5635317999995592,0.4637376905704369,0.3201803303689045,0.9222504020993259,0.7871790640001564,,,,,,deltaRIC0.5_short,BLS-B
147,1498.5798107523794,1268.239282439272,798.3173377000891,3666.272044400504,0.5639396887461803,0.4637389936413921,0.3208958060174792,0.9235698467293427,1.034422757998982,,,,,,deltaRIC0.5_short,BLS-B
148,1497.87517006179,1272.457931709955,790.2409993894647,3653.3850059629176,0.5638797609621243,0.4636013620057901,0.32098934868477935,0.9234170315666794,0.7789082280014554,,,,,,deltaRIC0.5_short,BLS-B
149,1499.3696783452847,1283.4940517407947,775.0822224043333,3615.724653957345,0.5639304638205248,0.4637793827739521,0.3208212152253093,0.9230112989998531,0.5141974939997453,,,,,,deltaRIC0.5_short,BLS-B
150,1501.1560410755044,1281.2637421860063,782.1973425018731,3633.052551603744,0.5644134121124696,0.46401951743714825,0.3213228706610168,0.9240983604474309,0.6674151259994687,,,,,,deltaRIC0.5_short,BLS-B
151,1499.6844691684316,1275.0173467324073,789.5468780233716,3647.0983558729454,0.564103365442951,0.46396230899560287,0.3208606905426907,0.9235621298665033,0.5374262740006088,,,,,,deltaRIC0.5_short,BLS-B
152,1502.2904071079913,1276.7422826669617,791.7105600780185,3652.6183097983353,0.5647435894352061,0.4640101656178575,0.32191596420719665,0.9250995881352522,0.9366722380000283,,,,,,deltaRIC0.5_short,BLS-B
153,1496.8008450297198,1272.14600368164,788.706101788566,3642.9501828781304,0.5634200034185515,0.4636163182502751,0.32015935048694133,0.9222047638574037,0.5605835690003005,,,,,,deltaRIC0.5_short,BLS-B
154,1500.82084102011,1278.4742996328002,786.1085561286887,3636.6558957278016,0.5642744206150158,0.46384257236566034,0.32133423381522686,0.9239934270623088,0.525214834999133,,,,,,deltaRIC0.5_short,BLS-B
155,1497.602656256385,1271.3117256000053,791.5681981851703,3651.6201513992814,0.5636973904188234,0.463728595905,0.3204848472314543,0.9228486064940132,0.785078873999737,,,,,,deltaRIC0.5_short,BLS-B
156,1499.7940958890472,1271.8487395385976,794.8478557546249,3663.454340325869,0.564363334567582,0.4636716549345549,0.32173680208283867,0.9246136189194096,0.9522959690002608,,,,,,deltaRIC0.5_short,BLS-B
157,1497.9440918653631,1264.9669540377324,802.3061183531188,3671.6484707923796,0.5636148448587515,0.46392564145608933,0.3200542025106224,0.9226524833841835,0.5847631020005792,,,,,,deltaRIC0.5_short,BLS-B
158,1501.0064691656023,1284.1516399010832,777.1582761679543,3618.5015760756946,0.5641751285560129,0.4642303411538336,0.3205990736627119,0.9231809140061696,0.4251273699992453,,,,,,deltaRIC0.5_short,BLS-B
159,1497.247408886749,1274.243787311181,786.1631980173972,3641.947983570187,0.5636361740654544,0.46358348229469104,0.3205871046356528,0.9227423885635215,0.9267008300012094,,,,,,deltaRIC0.5_short,BLS-B
160,1500.8809366880628,1271.5105442910285,797.4362180578265,3666.557163720937,0.5644622034761768,0.4640582714434998,0.32135260985100456,0.9245047944014642,0.8149746019989834,,,,,,deltaRIC0.5_short,BLS-B
161,1495.969878104442,1283.624456187637,768.2669664073896,3604.862465629395,0.5632543496143642,0.46335971116392266,0.3202393486590718,0.921682077411053,0.5255985840012727,,,,,,deltaRIC0.5_short,BLS-B
162,1499.8009640918256,1287.7406769007546,768.8477618787451,3600.1179692824267,0.5638669489680891,0.4637663511581096,0.3207284017234435,0.9227281451740835,0.472175798000535,,,,,,deltaRIC0.5_short,BLS-B
163,1501.1222715406113,1280.0331210465638,784.1449375842695,3639.096774812433,0.5644877657803653,0.4640755803258038,0.32137251509887554,0.9242710621906971,0.5842063620002591,,,,,,deltaRIC0.5_short,BLS-B
164,1498.6335627358262,1278.2971415471668,782.2141479611691,3632.2310474684396,0.5637769129686447,0.46399765516775915,0.3202352004313018,0.9225612663125652,0.5321206469998288,,,,,,deltaRIC0.5_short,BLS-B
165,1501.2093263557977,1274.6286819369939,793.0644139798413,3664.478411007063,0.5646700095127566,0.46407395380556044,0.3216948632515154,0.9249401032269388,0.8217493580013979,,,,,,deltaRIC0.5_short,BLS-B
166,1496.648791456318,1272.9759225512094,787.0768104655059,3635.9124058892407,0.5633579443140991,0.46333988545935617,0.32045018952142673,0.9222846513458913,0.4878606679994846,,,,,,deltaRIC0.5_short,BLS-B
167,1493.3266045200733,1271.2912176173393,783.4813257356387,3632.532979486667,0.5626960892154165,0.46325172462178954,0.31941310000258527,0.9207140036064636,0.71348031999878,,,,,,deltaRIC0.5_short,BLS-B
168,1499.6712989156642,1278.5798519693558,783.7394764393435,3635.240760483179,0.5640030921471523,0.4641460529588791,0.3204183663185406,0.9230071549790334,0.6538410190005379,,,,,,deltaRIC0.5_short,BLS-B
169,1498.6812926711505,1277.3740702429159,783.8119045239852,3641.2176197540834,0.5640307049213678,0.46378309414524144,0.3209920212079438,0.9234689230885632,0.5151156050014833,,,,,,deltaRIC0.5_short,BLS-B
170,1498.1075027893269,1268.3342611104322,797.2793061450465,3663.0919089450535,0.5636687241143623,0.46402884397433286,0.3199994726629363,0.922586613112978,0.5379859920012677,,,,,,deltaRIC0.5_short,BLS-B
171,1498.3914447285752,1272.2245360988973,791.5943730116661,3652.8162720786027,0.5639219589534236,0.4637422011002015,0.3208600110774276,0.9233919576447739,0.8470709960001841,,,,,,deltaRIC0.5_short,BLS-B
172,1498.2552028558507,1279.6218297372543,779.3180517250372,3622.625131948005,0.5635922514732007,0.4639743615183625,0.31994377283244535,0.9220643736745753,0.8387106610007322,,,,,,deltaRIC0.5_short,BLS-B
173,1501.392006043878,1286.6020025049215,773.843164318705,3610.635607242088,0.5641942009828311,0.46426184792108643,0.3205870131299039,0.9231223639320835,0.8402112029998534,,,,,,deltaRIC0.5_short,BLS-B
174,1499.5782346267727,1282.1295850838997,777.7394221838928,3618.500290933243,0.5638380217451042,0.464089990862819,0.32020898667336195,0.922506060555056,0.504028801999084,,,,,,deltaRIC0.5_short,BLS-B
175,1500.8145958151447,1281.3917578276019,781.3319486513175,3631.8589005554745,0.5643363630111384,0.4640030642319595,0.3212112809351369,0.9239051246261669,0.7308389690006152,,,,,,deltaRIC0.5_short,BLS-B
176,1499.506899567003,1279.8081686475407,781.4166579438103,3626.215597377581,0.5639888811720593,0.46362330979468663,0.32114931838746175,0.9234281042037372,1.0383982240000478,,,,,,deltaRIC0.5_short,BLS-B
177,1497.357277633662,1275.2675298278973,784.7111215276259,3634.5373743662926,0.5634643771574235,0.46393171919416604,0.3197803374989599,0.921909370686507,0.6992374210003618,,,,,,deltaRIC0.5_short,BLS-B
178,1499.0296821761158,1273.6496684613987,790.5102846093755,3652.5277109336334,0.5640844984706921,0.4638124165286908,0.32104417716063377,0.9237023822380365,0.6512239249987033,,,,,,deltaRIC0.5_short,BLS-B
179,1499.2305550262854,1273.889142888135,790.5053502387929,3651.4963572443335,0.5640858887344934,0.4637993290897079,0.3210655263420848,0.9237081762637857,0.7464532169997256,,,,,,deltaRIC0.5_short,BLS-B
180,1501.4228059888567,1277.224663890486,789.28296592115,3647.817074759117,0.5645547678641339,0.4639585164671366,0.3216591066886494,0.9246502386698239,0.7053886430003331,,,,,,deltaRIC0.5_short,BLS-B
181,1497.5806203454579,1276.5451221063208,783.0582773081735,3628.0070960092808,0.563512475665421,0.46349260053471764,0.320501044429088,0.9224158886874172,0.7780006920002052,,,,,,deltaRIC0.5_short,BLS-B
182,1502.9807398524022,1267.7885895517722,807.256586575546,3691.0679214944525,0.5650466990128251,0.46422650908114504,0.3221358724694034,0.9259890684025346,0.5342504790005478,,,,,,deltaRIC0.5_short,BLS-B
183,1501.519978164255,1288.174526797638,771.4717320395259,3607.1374158043527,0.5642257119344712,0.46420617109775975,0.320723065467263,0.9232160190462955,0.7949785260007047,,,,,,deltaRIC0.5_short,BLS-B
184,1496.165073393913,1278.7103915325051,776.7944782441484,3618.6313078031644,0.5633151007100017,0.4633974218690908,0.3202916360022522,0.9219436556264278,0.7114885680002772,,,,,,deltaRIC0.5_short,BLS-B
185,1496.9365163664118,1276.5059904280974,781.8896280373534,3631.430647886662,0.5635143135366216,0.46369783201432346,0.32020727997012527,0.9222407356548296,0.43799470299927634,,,,,,deltaRIC0.5_short,BLS-B
186,1498.6132471166022,1275.774401005442,786.2832455118012,3639.893561732659,0.5637664528332927,0.4641619599599441,0.31997857469895785,0.92245789174194,1.0537077940007293,,,,,,deltaRIC0.5_short,BLS-B
187,1501.0023745940903,1285.8572402880425,774.3250519878052,3618.8856518932807,0.5642325497321273,0.46434740414807407,0.32053058892742636,0.923169006995587,0.5079752740002732,,,,,,deltaRIC0.5_short,BLS-B
188,1500.3263274965682,1276.523124649828,788.3322911143365,3643.4155133667387,0.5643784344845677,0.4635765604529942,0.32190027944974337,0.9245847216199374,0.9532350789995689,,,,,,deltaRIC0.5_short,BLS-B
189,1497.8262983170112,1273.3158598313846,788.765073410266,3645.271851907464,0.5637047853573115,0.46386187404606705,0.3203049279065238,0.9226708907139467,0.7718121929992776,,,,,,deltaRIC0.5_short,BLS-B
190,1502.3401447950116,1278.8092485660948,788.4623113659374,3651.3910440371105,0.5647442560838793,0.46449288285271273,0.3212202306189796,0.924584839639018,0.5385296049989847,,,,,,deltaRIC0.5_short,BLS-B
191,1499.173780332006,1278.832184444531,782.3747616480135,3629.5061686970425,0.563860085966033,0.4638842816414502,0.32054573744103637,0.9228633209232123,0.4139766860007512,,,,,,deltaRIC0.5_short,BLS-B
192,1497.9776105684086,1280.1051713972372,777.989506308593,3622.151520828619,0.5637126640898136,0.46339343972787916,0.3209960866932795,0.922928251021881,0.6655144309988827,,,,,,deltaRIC0.5_short,BLS-B
193,1498.444534355853,1275.8386007420108,785.8574217996525,3641.0006434688016,0.5638831381292901,0.46379585560500797,0.32071419954556846,0.9231186869422271,0.4365751650002494,,,,,,deltaRIC0.5_short,BLS-B
194,1499.348555550422,1276.986532866698,785.7171793388676,3638.4615965613066,0.5639662565411349,0.4640330194058715,0.3205172310782858,0.9230612104551849,1.0110796260014467,,,,,,deltaRIC0.5_short,BLS-B
195,1496.0542527527941,1269.011595131361,792.3306750352907,3655.7177192698323,0.5634226823260079,0.46352295795003723,0.32029921388083615,0.9224195657028859,0.8054560780001339,,,,,,deltaRIC0.5_short,BLS-B
196,1496.2992987168248,1273.6061480238427,785.3909670070894,3638.9609643891063,0.5633778695961432,0.4635713911763571,0.320150260398935,0.9220968766890942,0.7463706059988908,,,,,,deltaRIC0.5_short,BLS-B
197,1500.6137031927592,1277.7565494951214,786.8797153518498,3638.490305004128,0.5642955164245789,0.4637244555967701,0.32154169113563086,0.9241847514608281,0.5326776050005719,,,,,,deltaRIC0.5_short,BLS-B
198,1495.8354836679687,1275.6940991524432,781.1071370739245,3634.0444153780736,0.5632622272323277,0.4638211023860612,0.3195846079023539,0.9214942712902274,0.7574600699990697,,,,,,deltaRIC0.5_short,BLS-B
199,1495.725053571559,1275.8213658375573,780.6876957875236,3622.889133651763,0.5630511967274914,0.46350264393941987,0.319674755333335,0.9212359829027682,0.9534297770005651,,,,,,deltaRIC0.5_short,BLS-B
200,1497.2438296095518,1281.1019067665077,774.9303128559981,3613.276494104478,0.563381039032493,0.46368688355614646,0.31998854535642396,0.9217509908299689,0.5967451150008856,,,,,,deltaRIC0.5_short,BLS-B
1,20.104889867688232,19.52880618659131,4.778318273035585,32.52065042942868,0.03323182208794056,0.006982236679601971,0.03249003493741666,0.4803989633983027,0.9994249620012852,0.00436289543824353,0.006990836987799676,0.011428821131905798,0.014089876183278928,-4.281836544922044,deltaRIC0.5_short,BLS-G
2,41.496772754429806,41.391550054123144,2.953258056757919,49.61693714465681,0.036934991432103305,0.006722974116478973,0.036317973664821916,0.5376841006444988,1.0242871589998686,0.004258301465705938,0.007303010814006861,-0.00031178962552219636,0.008459569202560953,-8.878013438582457,deltaRIC0.5_short,BLS-G
3,12.658800786606829,11.215789121428369,5.869523978879952,25.839444157283562,0.02795068516887757,0.003816179225376432,0.02768894323605576,0.4088309564931625,0.8627655800009961,0.0033024282145251993,0.0022235946406264917,0.000516497765159385,0.004014620178712999,1.9269419856454988,deltaRIC0.5_short,BLS-G
4,16.080428128183982,14.578785465824913,6.785217986707791,36.139445358359765,0.030894670068106568,0.00952978248605367,0.029388158914529925,0.4341959162933866,1.026931685000818,0.0032372164382091784,0.0033122986926039655,-0.01517227529412385,0.01586344321065003,0.07290027726867265,deltaRIC0.5_short,BLS-G
5,32.828128930372415,32.64842364031345,3.430230731565431,40.22750665351887,0.03284129032145434,0.007626745879400729,0.03194343590268734,0.47333442060121894,0.986873841000488,0.0010580674352455022,0.001268090139539435,-0.004208206753654908,0.0045206817385247235,-3.1858393734864876,deltaRIC0.5_short,BLS-G
6,28.831217536212996,28.647841143072945,3.246583198024153,44.148038253252594,0.02331423172364088,0.0052941433779728755,0.022705185459649713,0.3358226010945202,1.1041050089988858,0.0013674488618413694,-0.003000760444588191,-0.0005379740759581253,0.0033412416467474143,8.392812918000345,deltaRIC0.5_short,BLS-G
7,24.39002955485675,22.01857663997901,10.49074946970693,47.58130829594306,0.03139249105482188,0.010276487033446262,0.0296628101986053,0.43651818395488734,1.0397098480007116,-0.0023569102264707764,-0.01042550376584539,0.015791959801373046,0.019069141274726586,-0.1068785752322583,deltaRIC0.5_short,BLS-G
8,6.7392040305762455,6.009985831893697,3.049088595986044,15.760149679366622,0.02182579932973343,0.004826344726731552,0.021285485969564866,0.31406897560493896,1.0780766570005653,0.00012232585991389655,-0.004245149625637656,0.003400315744332749,0.00544044172114842,10.348238144117204,deltaRIC0.5_short,BLS-G
9,44.89175096150316,39.446550014435346,21.429862256866492,95.21569359389886,0.03850331763939275,0.012687126547751048,0.036353023109520384,0.5421116247225662,0.9875775900000008,0.006120279058955624,0.014935722341404944,-0.0006497121440819376,0.016154124658711817,-10.076862945299581,deltaRIC0.5_short,BLS-G
10,20.210494500116393,18.295302150027517,8.587549544452916,46.38485618984478,0.02831636119048297,0.011099093317936657,0.026050459469837074,0.3899016999035609,1.0263959679996333,0.0016757449366947563,-0.003798433481687513,-0.01667757679107168,0.017186558283430558,3.841218350615236,deltaRIC0.5_short,BLS-G
11,13.674736906777017,13.250850390963656,3.378371410290434,19.0003999305752,0.03178869045265992,0.0055025405760957035,0.03130883082939145,0.46395678372320714,1.0270071680006367,0.0034011399029818534,0.0030987499564647525,0.0070026016691853155,0.008378927978543716,-2.6352563437758363,deltaRIC0.5_short,BLS-G
12,22.463919143296177,20.324503982502865,9.567768869583638,43.055263059199035,0.03301764454911127,0.006536903373546066,0.03236408110631876,0.47885725605716767,0.8891387250005209,-0.0008167389296803718,0.0020774233562811384,0.008513234963019145,0.008801018112471387,-3.820846198266736,deltaRIC0.5_short,BLS-G
13,10.287777254714074,9.605013840681897,3.6853859991758613,17.44519763700601,0.03210446965174463,0.006014578777238548,0.031536039918673736,0.46718797831616626,0.9893280969990883,0.0016346958361395103,-0.0004675882680351684,0.009798418960349498,0.009944842049405938,-2.8640045883730636,deltaRIC0.5_short,BLS-G
14,16.076223675508643,14.65451704218671,6.609848555393983,35.04873483996562,0.020443075091893467,0.008394986570962628,0.018639836900739032,0.26983401091456827,0.9891192649993172,-0.004082008687915917,-0.014214908901520773,0.0036841870216978156,0.015241379990591475,14.853363142321541,deltaRIC0.5_short,BLS-G
15,25.35435768073934,25.33413120277558,1.012546099404235,29.248491631173444,0.030530516066298342,0.006435682966266019,0.02984450361510834,0.44244939237412817,0.9899173120011255,0.0020709879090927696,0.0044664409569767916,-0.006447871096988744,0.008112529040018966,-0.6528932016617546,deltaRIC0.5_short,BLS-G
16,13.222275110983952,12.387204140452074,4.624471071734872,27.167152798536573,0.026603748493405424,0.005567072986540573,0.026014748360553126,0.3847240480659045,1.016621363000013,-0.00018761918128701316,-0.004955855286509825,0.003564654852105109,0.00610757454253738,4.24590149037067,deltaRIC0.5_short,BLS-G
17,38.2204063293696,36.336229783957556,11.852335848665104,74.61342114631081,0.026317599867976892,0.008467373925058981,0.024918259201319994,0.36105740741845666,0.8785450819996186,-0.00301099552637335,-0.011588762265383079,0.006113601494895482,0.013444018303386653,6.430906150719238,deltaRIC0.5_short,BLS-G
18,6.4968219765856805,5.980453837425033,2.5382804600506366,11.546516671507451,0.02877247814313113,0.0031867287211790043,0.028595458705091115,0.42153855358858505,0.9901396799996292,0.0027150123033446993,0.0031850923314254986,0.001884068197065325,0.004589751402659145,0.95072012561468,deltaRIC0.5_short,BLS-G
19,15.724774483008561,12.35644346061019,9.725576463440142,38.43551398932882,0.03294229710164447,0.006989312803405085,0.0321923041248863,0.47686860796023217,1.2770072339990293,-0.0009409089458327635,-0.0009284870831606229,0.00983707374464493,0.009925493326053214,-3.5301791416450214,deltaRIC0.5_short,BLS-G
20,12.859896971142803,11.822493618935322,5.060197104722443,21.5449920113548,0.02964471619778371,0.004747156768110232,0.029262154757743408,0.4330971253753083,0.988923409000563,0.0035405504250070052,0.0029605710607240043,0.0076192209729798455,0.008908030453063667,-0.09419237915153644,deltaRIC0.5_short,BLS-G
21,16.701458324811224,16.176953345387147,4.152696790830481,25.459943083203246,0.03731749264259692,0.00835097804324506,0.03637109323145944,0.5397300169123146,1.3808500330014795,0.003440365762306441,0.005397699339191986,0.012653366602473626,0.014180231349006932,-9.279734348463535,deltaRIC0.5_short,BLS-G
22,26.878357786724262,25.940063486789878,7.039831220453466,36.90036544919705,0.03354509477107257,0.007292612998495623,0.032742803466630846,0.48387043490455733,0.6880555789994105,0.004679011960716517,0.009063708277715854,0.010760680327395189,0.014826874309187792,-4.506575104711374,deltaRIC0.5_short,BLS-G
23,12.81508356201098,10.809823240885885,6.8828837126692335,33.73341711179407,0.03232078360195308,0.007062307190385271,0.03153976648285323,0.4663674814136367,1.1452606309994735,0.0033606471950264893,0.0011210867959708937,0.013932998075707026,0.014376342391275863,-2.952487765479418,deltaRIC0.5_short,BLS-G
24,13.655278661255604,12.656235867029771,5.127019504024911,23.757062449351107,0.02788399461044408,0.006898000153838603,0.027017304627088862,0.4025095361675211,1.0406279219987482,0.002235142437559068,0.004343101779952563,0.011186906695018872,0.012206771734994584,2.498192329238009,deltaRIC0.5_short,BLS-G
25,25.57342476738168,24.260091453165177,8.089994871258739,44.57191128716472,0.03146777173564649,0.01247374029984142,0.028889902404453778,0.43336466639501153,1.1831116550001752,0.0021678010355065114,0.006799530879452398,0.0248312443001667,0.02583647953968828,-0.2815224233463596,deltaRIC0.5_short,BLS-G
26,14.774303688893239,14.43959575649322,3.1269991814369447,21.851302222481593,0.032728146946236686,0.00548462216757185,0.032265314537649276,0.4776662806472838,0.8881461109995143,-0.0005138539591831304,0.0009236517968845837,0.0032086964378026384,0.0033783000700387225,-3.567578187477011,deltaRIC0.5_short,BLS-G
27,20.38531995019255,18.3988432571267,8.777461835371415,39.02788039715003,0.0336273541529635,0.006763759514304368,0.03294010480495605,0.4888632986717215,1.018610881999848,0.0030881872065071647,0.0038946521463910644,0.004471009435921269,0.006685442464034828,-4.52054409565153,deltaRIC0.5_short,BLS-G
28,19.62821093247707,18.254766723088284,7.2131932107383,34.8377969557668,0.03066184124751618,0.009264662101471756,0.029228659648253417,0.4357944578920395,1.0664869060001365,0.004322029835393648,0.006226396914545962,-0.012332217713268478,0.014475204805561583,-0.25119099361290864,deltaRIC0.5_short,BLS-G
29,26.535209519822544,26.003686109585647,5.284472819025922,40.55916149464507,0.03103487153412801,0.008409326154046081,0.029873842819006482,0.44021983547852406,0.8349964089993591,-0.00026000616809518373,0.0011566809703216219,-0.011997845973961918,0.0120562772898381,-0.2986015249416596,deltaRIC0.5_short,BLS-G
30,14.560083036477451,13.418037824667126,5.652634692328936,25.315035814074506,0.033285005078231365,0.006995625379950255,0.03254155479692517,0.483554774177127,0.9869261120002193,0.003093821159925514,0.004629892592576512,0.010659241041191203,0.012026098883786572,-4.299868683666318,deltaRIC0.5_short,BLS-G
31,25.045071211865462,23.03028121821881,9.841836160857893,40.007443681411054,0.02838252096521575,0.00779991979713637,0.02728971871418157,0.4073486739255339,1.0001867150003818,0.005359737073220461,0.004896383367448243,0.011140617878677372,0.013297169559488347,1.9666784684095546,deltaRIC0.5_short,BLS-G
32,21.480719987352938,15.945788162779111,14.392816647301446,62.35843255984145,0.029233699013507138,0.009816959715188454,0.02753609376732101,0.40027171189076827,1.0516940850011451,-0.0012740442766429605,-0.004578893528477235,0.02081455080943928,0.02135029227347267,2.6699630418252127,deltaRIC0.5_short,BLS-G
33,18.426804113198937,17.386141088098597,6.104851176804799,33.33582716574843,0.038365458558043464,0.00857797735579671,0.03739420696916022,0.5519221602017105,0.9543272720002278,0.003107236190206364,0.011220559520616069,0.010984759898840402,0.016006899222915982,-10.421918761872803,deltaRIC0.5_short,BLS-G
34,14.352845387104932,13.264968650591667,5.481311650048695,28.980529293523485,0.030533966012433588,0.005037889943049173,0.030115490123359664,0.4448417034742565,0.8886443249994045,0.000744564845851059,-0.003223940901919242,0.00516857338697152,0.006136963630758725,-0.886580373178731,deltaRIC0.5_short,BLS-G
35,25.127174016200126,21.900863477189493,12.317753569296228,64.86656279057156,0.036883485169550326,0.009612569063800315,0.03560884713447078,0.5171823834064295,0.7509305200001108,0.0007986090885293562,-0.0005079791980043269,0.01893647892430561,0.018960117441423126,-7.460952807918147,deltaRIC0.5_short,BLS-G
36,18.75629047216845,16.383080365630175,9.13198280822188,35.20536957686274,0.03082461404944014,0.010877915443509956,0.028841424841723577,0.43226037565467235,1.0500165860012203,0.0014980305916718617,0.002618169008759663,0.02098355496888682,0.021199256679051485,-0.03060761046344851,deltaRIC0.5_short,BLS-G
37,17.89597287449171,17.862215773015578,1.0986777520167186,25.40743694375769,0.03165878493899359,0.004682075198740265,0.0313106505145899,0.4629637082317403,1.078906709999501,0.0027553876892847384,0.0021949966733645354,0.0020599511444095997,0.004080878634766989,-2.517529249027575,deltaRIC0.5_short,BLS-G
38,14.419158244693248,14.340061674905975,1.5082293079628744,17.53879140569281,0.031061775659023884,0.00462883700528273,0.03071494383960443,0.4542302655058892,0.9151814149990969,0.00250251936628898,0.0011164390332577545,0.006810721803820474,0.007341319417016844,-1.7471614816304282,deltaRIC0.5_short,BLS-G
39,29.137176616957383,27.28815085942536,10.214298012149975,51.34723164387583,0.028114748352361576,0.007732026674637817,0.02703062778440981,0.4031483037929888,1.0136590160000196,0.0033510718422740116,0.0023077144368692792,-0.007451797505090063,0.00849025997664872,2.3699438861895032,deltaRIC0.5_short,BLS-G
40,23.705076864199757,22.70055974925373,6.827536613463155,35.552024106378184,0.027638235564989,0.004496837147033108,0.02726995637728242,0.40336394992966557,1.0016052159990068,0.00289729728407917,0.0007914325684992285,0.0014224505346938088,0.0033232608363570446,2.3694173389121715,deltaRIC0.5_short,BLS-G
41,13.577563714737195,11.861899480794873,6.606479935280695,30.494401091592607,0.027723388023636646,0.007219566653309241,0.026766847047187774,0.394279028757685,1.0669914559985045,0.0014617502643203828,0.004455003523500034,-0.010712720094262274,0.011693850608232052,3.41262520827604,deltaRIC0.5_short,BLS-G
42,13.099444347955458,11.696967973660437,5.897150366774127,29.902982465761017,0.033098829001555405,0.005392034017285714,0.032656675434444324,0.4822246476795586,0.9419730839999829,0.004495903111597643,0.00773789336127495,0.0023811723149572694,0.009260568019989665,-4.293115487784235,deltaRIC0.5_short,BLS-G
43,18.56426444370928,18.12631801971534,4.008554525525572,32.13922067981807,0.027291802774276872,0.006303812115384654,0.0265538029570899,0.39459821063410483,0.988815970998985,0.002801998054405286,0.0006727909969751478,-0.005645665251637566,0.006338562688500421,3.2520237306434865,deltaRIC0.5_short,BLS-G
44,46.372538419822426,44.12171545860706,14.271879500879392,81.11898032553411,0.02665464790494615,0.008411116128179038,0.025292753515877557,0.3733205895759319,0.9905721190007171,0.0050382019274468615,0.006691378854300489,-0.005873405343175153,0.010230098726735116,4.929126107072989,deltaRIC0.5_short,BLS-G
45,28.365498143402274,27.56669819643501,6.684207916426967,45.846736292550226,0.033911815266938684,0.011526884942126668,0.03189266590032807,0.46842905827083287,2.081513809998796,0.00793338141037625,0.012387003048664469,0.020107051174648616,0.024913247320854516,-3.5315923814241614,deltaRIC0.5_short,BLS-G
46,16.429125291415122,16.140883451522615,3.0639907384617477,23.54418992936404,0.03233139793605028,0.005865236620945639,0.031794941293852935,0.47131601394845013,0.9877613919998112,0.0024934734111649037,0.003287806151670458,0.008189865142818054,0.009170658100741441,-3.1221493521406956,deltaRIC0.5_short,BLS-G
47,27.222518560572908,26.63179107323896,5.640321002574774,34.72424418962942,0.03568792619058615,0.006730304466631303,0.035047554516273574,0.5185873519928547,1.2348160540004756,0.004890910774249857,0.009098900792235187,0.005358984194004823,0.011637427354024813,-7.362229679648408,deltaRIC0.5_short,BLS-G
48,14.039101179918468,12.795441123812035,5.776941092572083,33.25020960530292,0.025494767815182087,0.006030474121177066,0.024771285146795635,0.36625298037135634,1.0139305859993328,0.0011101152158351502,-0.002017312354278711,-0.00625105668790199,0.006661652545916699,5.813666576034848,deltaRIC0.5_short,BLS-G
49,26.556634805430708,26.150929521552957,4.624255328999878,44.22520231538463,0.031368891728678586,0.007819023239295998,0.03037877949932994,0.4477723444445111,0.8648094350010069,0.003115480113049185,0.006314314723907755,-0.010867355993895544,0.012948985020665544,-1.021118617598404,deltaRIC0.5_short,BLS-G
50,24.816484811597658,24.50577826151383,3.9146839210558575,33.53732679646537,0.03850694009633132,0.00849076136749587,0.03755917207530922,0.5574892138877815,1.2605022499992629,0.0015752558159862762,0.008950734976574837,-0.007707412288037063,0.011916429485565863,-10.787437541894178,deltaRIC0.5_short,BLS-G
51,28.930704428753682,28.855787137860016,2.080674745946697,35.592856577424556,0.029811948924572017,0.00699523674647571,0.02897963011396188,0.4308619516348209,0.9895636569999624,0.000259298772082861,0.0009847078277576138,0.01212632255852808,0.012169000951299075,0.0571838879641291,deltaRIC0.5_short,BLS-G
52,7.641725154846818,7.3227762414323125,2.184699398117068,19.4256136842399,0.028291419438771302,0.004185087890151499,0.027980161779592946,0.4133962694040406,1.0551398499992501,0.0023967749165213492,0.001199415660178338,-0.0017433532509488758,0.0031972501440989836,1.6828047558983599,deltaRIC0.5_short,BLS-G
53,37.16338273924424,36.73629315978269,5.617987317719784,52.64820371774286,0.0338485162604873,0.006736709113943255,0.03317135516301055,0.49138827469272905,1.0423092000000906,0.0008964048271303815,-8.382552191071868e-05,-0.006026944303009318,0.006093818668437939,-4.676962242676382,deltaRIC0.5_short,BLS-G
54,17.574619438149295,15.180479411238096,8.855523318288496,31.633664426141664,0.03166727741565642,0.005939667959545263,0.031105253631026616,0.461045206917806,1.0609833150010672,-0.0007321977458177309,-0.0008917105721850116,-0.0003347124143828206,0.0012013715844271763,-2.3507522869895183,deltaRIC0.5_short,BLS-G
55,32.49893758755668,31.298262116570978,8.752127330102235,64.24510301144669,0.03595319877284644,0.014201103842964065,0.03302970105285784,0.48760076315262846,0.9896175480007514,-4.100186364819347e-06,0.0018897897543341813,-0.025789349256240546,0.02585849680835043,-4.3502816714262735,deltaRIC0.5_short,BLS-G
56,37.517104079826154,36.451966209007516,8.876218678800242,68.09353268749095,0.036178695407862546,0.00944649662009418,0.03492365535022707,0.5121686860583231,1.0011808720009867,0.004546412367990804,0.006177142388557821,0.015721126418320797,0.01749230600490289,-7.29155780313522,deltaRIC0.5_short,BLS-G
57,32.06353361102107,28.74357168874071,14.2083522689755,72.22429238216377,0.02481834469149057,0.008353796573561853,0.023370158665126442,0.33762140419518083,1.094069512000715,-0.0033593206557918087,-0.01267150158278968,-0.006146864941632135,0.014478809904192301,8.85560663524484,deltaRIC0.5_short,BLS-G
58,32.058702258122615,30.50509659778063,9.858979259285867,61.57299477686608,0.025647333981075302,0.006858431157446442,0.024713309418112898,0.3620174521186137,1.0039771929987182,-0.001243414513193486,-0.004619992694904429,-0.006748276752347682,0.008272221665240038,6.576684889158969,deltaRIC0.5_short,BLS-G
59,13.380031180441817,11.350412921566324,7.08472729888282,36.20531929592314,0.025503450044885592,0.0069944228832238215,0.02452557874388716,0.35653987492381867,1.0288984030012216,-0.0016121243129123553,-0.005268784723876818,-0.009668609768085479,0.01112838946633154,6.985030213373648,deltaRIC0.5_short,BLS-G
60,49.09942622732153,49.018876314842245,2.811302310742587,55.52352104365087,0.03433684031693205,0.007092848454859532,0.03359628109995044,0.49883675042328474,1.019079027000771,0.0028550096979856887,0.0060291027749029835,0.0008758402214726901,0.006728168899446901,-5.283329718626192,deltaRIC0.5_short,BLS-G
61,18.345892933987027,16.676536147784663,7.646236306637845,41.703526689256314,0.0346320868975699,0.007743716342567573,0.03375524107581939,0.4971787382965353,1.0822661490001337,0.003327929306958577,0.008306182446251587,0.013987053271776406,0.01660438013085833,-5.670165401905251,deltaRIC0.5_short,BLS-G
62,17.32688497647742,16.722304011277316,4.537123708088353,23.150132721934302,0.03178401429691569,0.006021306689212856,0.03120845126854234,0.4621653994484275,1.2003442099994572,0.000836948639791113,0.0034135131154104936,0.00966325770844978,0.010282563121840864,-2.558582343684975,deltaRIC0.5_short,BLS-G
63,22.273919314969042,13.270187449614816,17.889371333331876,64.82731439740729,0.0323977015280504,0.0073417521754137165,0.03155486870984329,0.45894814620586244,0.9896328760005417,0.004965389269548259,0.009848337439944732,0.014806032634143262,0.01846248746221585,-2.7028860444806924,deltaRIC0.5_short,BLS-G
64,42.06971755627661,36.20178142996174,21.431102551249328,101.2430965447711,0.03425484149427204,0.012931353100535703,0.031720250200573244,0.46192503652044586,1.0068431729996519,0.007316141779076357,0.012417336090638997,0.02539160355978598,0.02919674121296362,-3.1927559427249435,deltaRIC0.5_short,BLS-G
65,25.716805093870033,23.613920434271584,10.185127685011636,38.75901291862401,0.02788171964985743,0.007541805322339291,0.026842344590463422,0.4002985308432609,1.2562791079999442,0.004778486773204471,0.005194763896197885,0.011196382260320714,0.013235500878249961,2.5647532863767992,deltaRIC0.5_short,BLS-G
66,39.321596941939404,39.20438695847057,3.0338143111998512,47.490842781597024,0.0302916840230434,0.006739458694177394,0.02953245363090204,0.43913125320765656,0.8267521760008094,0.0037974019684311466,0.0024936584010587515,0.0028731001814918944,0.005375248699725846,-0.5671753036222071,deltaRIC0.5_short,BLS-G
67,37.771815401633894,35.179001913539174,13.753103762508099,75.06058530094585,0.030228423644030614,0.01082168914990267,0.028224964835157327,0.4120748741649033,0.9952116570002545,0.004936204323326976,0.008644402357622982,0.022008359978183623,0.024154910767200617,1.0509810951416512,deltaRIC0.5_short,BLS-G
68,20.29872012750663,18.37477370858675,8.625875606167286,36.50650939516695,0.033871878793273254,0.008733782930641344,0.03272652148803218,0.48701212636771934,0.9161431029988307,0.006229764519136705,0.005140636942507326,0.013479789348294857,0.015714351243782516,-4.7847027417892605,deltaRIC0.5_short,BLS-G
69,11.178933460708423,10.9953432437422,2.017667036762783,20.76007801398607,0.03001648773706269,0.0042015873529207505,0.029720972389627686,0.43901601407618945,1.0145941589998984,0.0009458706723391996,-0.00011715631885111932,0.003057505107496916,0.003202613684821802,-0.5635716559145294,deltaRIC0.5_short,BLS-G
70,23.739082736729568,21.673393020619088,9.685457353944182,51.2700830901616,0.029289965269806845,0.00803712044272266,0.028165701846317635,0.41401705282653084,1.0412392369998997,0.005152604450785914,0.007007284298757521,0.012168049554345584,0.01495703165159726,1.0519682797821588,deltaRIC0.5_short,BLS-G
71,30.659530455180228,29.628251489764168,7.8850187946137105,52.923408324348415,0.025774278531727184,0.008410213292763296,0.02436353312229736,0.35415836651466664,1.0642378609991283,0.002684057778219784,-0.0012552291630972268,0.015955973416617253,0.016228766252568565,6.306329483563786,deltaRIC0.5_short,BLS-G
72,22.57860653036488,20.26948572930803,9.946930236128814,41.45644221295538,0.03607623013110325,0.009287948512606893,0.03486012611709092,0.519342299145588,0.875985254000625,0.0030983656472199916,0.00958351791662293,0.013133316876721701,0.016550761237069694,-7.387974660662621,deltaRIC0.5_short,BLS-G
73,25.859574885815864,25.45398614582119,4.5620392987633664,38.843084856045806,0.031011914430315507,0.005546033336766236,0.03051197061582042,0.4521428439416711,0.6598570719997952,0.00398940453700114,0.005860717588469955,0.005030154718693058,0.008692860041760503,-1.7560985097134107,deltaRIC0.5_short,BLS-G
74,7.745895252355898,6.56094094500728,4.117395678896627,15.764121805341079,0.02467788846529558,0.0036323276485715227,0.024409104345694276,0.3600211027549421,0.8874707230006607,0.0017672599987024196,0.0005595112385803347,0.002376408039814093,0.003013897128437604,6.2406840068706515,deltaRIC0.5_short,BLS-G
75,25.284566298140835,22.67692106158278,11.183315432009541,49.076323285591734,0.02881261149133828,0.011683843418026616,0.026337319224511723,0.39738344608888415,0.9865475280003011,0.004314576159056505,0.0025321146015772067,0.02163582866443392,0.022206671380118177,2.8241063123150525,deltaRIC0.5_short,BLS-G
76,29.306039470768614,28.66612633279506,6.090743019901756,41.31551807072796,0.032393019772998216,0.007209047672566134,0.0315806485314745,0.46971435096378183,0.6601387659993634,0.004125631269897734,0.006466504136567575,0.009842013095299307,0.012478049963493758,-3.1041085220840614,deltaRIC0.5_short,BLS-G
77,40.58167800807076,38.658315243779725,12.345333226093262,73.17306009987776,0.03374813695370591,0.007501848492901068,0.032903784235793425,0.486583624546272,1.0905233040011808,0.006131614805026109,0.009892791124654132,0.0042246811899916414,0.012381920186720642,-4.897167802090735,deltaRIC0.5_short,BLS-G
78,25.687348348504763,24.487074282493555,7.760351684110255,37.255683837189075,0.03455459286485663,0.006975517999900622,0.0338431977905319,0.5022039990514089,0.8361092330014799,0.0017808487411453688,0.002421627541756677,0.010445117370784684,0.010869046833982338,-5.760278446163284,deltaRIC0.5_short,BLS-G
79,12.933479537812532,11.284740927478369,6.318980547106479,27.90661259310081,0.02716531151493793,0.006693521852476108,0.026327759397906308,0.39097160096627986,1.0899198320003052,0.0025606901152236405,0.0002627956506459084,0.012841865093168425,0.013097316308745855,3.3946335749014906,deltaRIC0.5_short,BLS-G
80,22.14821701600205,20.986431604603542,7.0790681232221795,41.129507848893944,0.028337904830182187,0.0059857682266566715,0.027698509506852716,0.41035507087010414,1.0523868930013123,-8.368420843429814e-05,-0.002997256544881699,-0.0009439265317126022,0.003143492824844434,2.112811991477429,deltaRIC0.5_short,BLS-G
81,9.231000533044703,8.598371869594875,3.3584776362559206,14.995987662617265,0.03243449706075496,0.00504937938501432,0.03203904442099225,0.4736303636795249,1.1047285450003983,0.004707540816074496,0.004167162482503262,0.006555212884170825,0.009082785896815429,-3.5746586434606797,deltaRIC0.5_short,BLS-G
82,23.094470012908296,19.852680472091386,11.7993907999592,50.73399775309253,0.02852193019987523,0.009095247931189501,0.02703288677512536,0.4001570021391715,1.1706224989993643,-0.00020508610745745282,-0.0029203740729282224,-0.013949796725311603,0.014253682812340737,3.1518473647129213,deltaRIC0.5_short,BLS-G
83,15.539642738042073,14.475500834869807,5.651581372117652,27.345620949634363,0.029892080956061585,0.004366070811034382,0.029571505365076925,0.43702528505654026,1.0252827680014889,0.0025016905605840245,0.003831321646187269,0.004691816561294027,0.006553672547685858,-0.4481486284203129,deltaRIC0.5_short,BLS-G
84,27.735696226148477,27.200699152443736,5.421329243592713,37.50836282355044,0.02718388780306933,0.004952845808680501,0.026728880905965695,0.39572385447714997,0.9875637850000203,0.001571419939193075,0.002948506169517806,-0.00429419836192757,0.0054408812547747775,3.195111854804054,deltaRIC0.5_short,BLS-G
85,24.686742112005355,24.392436852016438,3.80056055405632,33.73074035539421,0.0326239252544965,0.008137150339097728,0.03159283595009945,0.47098343791513303,0.9996040129990433,0.005260352265439527,0.007598495285222384,0.008796671473250472,0.012758913181159287,-3.23281534614307,deltaRIC0.5_short,BLS-G
86,22.104200696470553,20.883189033397006,7.244867440143837,34.71210463346541,0.03516935759459426,0.010658214613354753,0.03351546172846372,0.4981008445256742,1.1793220799991104,0.0058781735474011665,0.007719752317097539,0.01823809320266523,0.02065854650646563,-5.815929706679526,deltaRIC0.5_short,BLS-G
87,12.233814229671362,11.704362880161218,3.5600702486908458,23.990568101873585,0.038919049328899204,0.0072953812724619906,0.03822917488979719,0.5649748839890036,1.0375545370006876,0.003687960443006011,0.008406866863615248,-0.006302711196790101,0.011135557063832615,-11.471006144801322,deltaRIC0.5_short,BLS-G
88,19.957081658177366,19.546362023096826,4.028006948007607,32.8063118117518,0.0297654696633825,0.004807691373121235,0.02937463681379839,0.434624294251007,0.9977851629992074,0.0007840483621855965,0.001652456939697844,0.001600555447527574,0.0024304574697804676,-0.25732338734087534,deltaRIC0.5_short,BLS-G
89,18.69827613705768,17.59825225704601,6.3187853259179345,34.425961537154514,0.03164980919187666,0.008071799514112089,0.03060321019903271,0.45401335636007856,1.0532827269998961,0.005583686202021654,0.009261257946065693,-0.00752699188555167,0.013175889237215552,-1.9202869286064015,deltaRIC0.5_short,BLS-G
90,18.95183698287881,18.497074797867484,4.126784335012992,27.274639543809926,0.0370917144875252,0.00442233626894956,0.0368271397959225,0.5429241613481256,1.0397382529990864,0.0004679111972073491,0.0035084048357830744,5.628831413306834e-06,0.0035394741225161057,-9.415976965787195,deltaRIC0.5_short,BLS-G
91,16.972585738284646,15.264827354680696,7.419818897737013,32.133161451530334,0.034222263308653626,0.008713819625136092,0.03309429941103775,0.49245683808101975,1.0805578459985554,-0.0003281724909965922,-0.005861603492055278,-0.0059463648149812864,0.008356156245234347,-4.904707275207329,deltaRIC0.5_short,BLS-G
92,24.326578427753617,21.59027096683903,11.209041777962799,52.62373340480139,0.03601770905257702,0.01042708821449184,0.034475370872019545,0.5135395897204534,0.9049325989999488,0.0058378239426929435,0.01355891326936709,-0.006648476063036202,0.016190322769879025,-7.257616669363415,deltaRIC0.5_short,BLS-G
93,50.81972706519247,50.66946385352267,3.905136588803895,57.7021667578889,0.02519908040780725,0.006650523953691915,0.024305641002460826,0.3617742082824878,1.0720319610009028,0.0015812979636085078,-0.0017403874263905994,0.0004937784284174684,0.0024027627390196754,6.371235868483382,deltaRIC0.5_short,BLS-G
94,12.482034043928765,11.80858971410946,4.044549769458274,24.364303933110403,0.03458479860777914,0.007410131018876168,0.0337816259677318,0.49953448722232086,1.1848989040008746,0.003909906399190088,0.008868761081163745,-0.00782964296648303,0.012459759233138877,-5.6232222778235155,deltaRIC0.5_short,BLS-G
95,22.657378248524946,16.563528190484167,15.459829332168178,62.67667288369911,0.036268504867748165,0.00914517794732197,0.03509658339003511,0.5154466694613562,1.0421414119991823,0.006764011327298869,0.014185408439351566,-0.008902063343454558,0.018061683022296993,-7.232325086400124,deltaRIC0.5_short,BLS-G
96,16.391670744610124,15.65895735218764,4.8460215065635115,29.152397062945415,0.028214808065098577,0.0072849407890140435,0.027258118641074826,0.4040265802924036,1.1970999889999803,-0.0005052423015106666,-0.003004044073196488,0.012736014234733029,0.013095251397520593,2.4772600786136536,deltaRIC0.5_short,BLS-G
97,31.68528396497159,31.255085545219043,5.203541822828485,49.9928669199,0.025287587511728674,0.006836294059321252,0.02434598869830151,0.35830943746245203,0.9430291349999607,5.7674208255309445e-05,0.00036709473182261476,-0.006985286733118989,0.00699516372934315,6.810407838206629,deltaRIC0.5_short,BLS-G
98,35.82185909161274,35.30994724864446,6.034336258222832,42.64643398388694,0.027956626462575334,0.009013733326772352,0.026463665178538685,0.38900897627083497,1.0269126530001813,0.0034262785947304364,0.005415324579318592,0.017976815739411345,0.019084837684319653,3.340354430055413,deltaRIC0.5_short,BLS-G
99,21.601533986767258,18.76996423691065,10.691805887059312,38.96567906495036,0.029321534855706415,0.007644160912059301,0.028307582204154257,0.42200823424388634,0.8772479939998448,0.0023926481094651564,0.0006019205423819507,0.0030564733363294128,0.003927989634757355,0.6252415889421172,deltaRIC0.5_short,BLS-G
100,50.873637052190794,45.66340789166183,22.427218432916654,79.05695127212076,0.030187174245178618,0.011861346471170235,0.027759213764075395,0.41749715281060096,1.056689772000027,0.006948017222240699,0.007747000253624403,-0.011729775430118883,0.015680516187014715,0.841891271194072,deltaRIC0.5_short,BLS-G
101,18.079281818810554,18.04082820464446,1.178536709007789,22.85462650438911,0.03423517506462979,0.005570451983158761,0.03377894723654323,0.4991696521403136,1.030096100001174,0.004899905783688485,0.007586180168542511,0.0009162242490179384,0.009077371487005478,-5.631986906700149,deltaRIC0.5_short,BLS-G
102,21.427433598020777,20.307271075863977,6.837371720841857,33.06608090013812,0.026263697580405667,0.006577777027502159,0.025426652551436484,0.37851841595138486,0.904401281999526,0.0009056515137996213,-0.0011914281358290646,0.00950078928389575,0.00961793650864264,4.621553107519503,deltaRIC0.5_short,BLS-G
103,21.604174103420906,17.60732277807785,12.518886662938657,44.787629539707744,0.03438265664376551,0.009868610301185979,0.03293596223896303,0.4919140130731036,1.0826013480000256,0.0026621172719432096,0.006528840948796799,0.017721080135266076,0.01907221312970223,-5.048868834605855,deltaRIC0.5_short,BLS-G
104,39.65333806806316,39.223412927536124,5.823323643427234,53.52444820004131,0.03286382576557149,0.012707450396869092,0.030307618652097232,0.45619251923234283,1.030978214001152,0.0014208572576802636,0.0030280337860599804,0.02368880412348051,0.02392378031910615,-2.103517036735866,deltaRIC0.5_short,BLS-G
105,24.56525679838951,19.799723238236993,14.540385182657303,66.48465080843314,0.034975512002162805,0.009077279917305047,0.033777054772675556,0.49206033230041557,1.0168074140001409,0.008764613595393933,0.01829834521210849,-0.0009640885726756032,0.02031200028933688,-5.420595569496982,deltaRIC0.5_short,BLS-G
106,25.145982313898237,21.60164178383152,12.872043302207578,59.05869956136931,0.03542424386260536,0.007929488298196289,0.03452535689266806,0.5099294192359073,1.0196909440001036,0.005623549883750467,0.009673967957360863,-0.005910604993284885,0.012654849691786893,-6.783648176317001,deltaRIC0.5_short,BLS-G
107,20.718385183443218,20.15606206603816,4.794230553439933,36.7170344294533,0.03484625442149227,0.0074730425177835505,0.03403549739220464,0.5023999381040635,1.1754490660005104,0.003572890857097777,0.007408537688633143,-0.008687779939144047,0.011963674186119594,-5.89463820515175,deltaRIC0.5_short,BLS-G
108,13.025083581744925,11.382874211276333,6.331111829821154,29.445861180253285,0.031546117691389604,0.005618633812004642,0.031041721851173168,0.45931035149718624,0.8867041289995541,0.005185811900231818,0.007275356598035354,0.004343789499376194,0.00993438301597303,-2.377752644026259,deltaRIC0.5_short,BLS-G
109,25.500169080934654,24.018180688068288,8.5665407015644,50.31913484346383,0.025272119315114253,0.006687352281298791,0.024371280929470624,0.358830507882301,1.0049179610014107,-0.000944226632862033,-0.00895919425255648,0.0027180201130452275,0.009409907487545529,6.645106971359382,deltaRIC0.5_short,BLS-G
110,32.380076883581246,29.72324525544704,12.845157471638013,57.97676758586449,0.03990928380202864,0.015954037050403037,0.03658168442520428,0.5497058695181368,1.0439005810003437,0.005506405740846154,0.009907930546422583,0.027482072852997197,0.029727965288478837,-10.074390050807779,deltaRIC0.5_short,BLS-G
111,26.153795860198287,24.960150208006556,7.811013986076023,43.2153793872256,0.027274087647423995,0.00668128569059599,0.026443076192455433,0.3933066750429818,1.074940198999684,0.0018662704424553533,-0.0005306176137852558,0.00018338284114061132,0.001948884214843576,3.1184058243707113,deltaRIC0.5_short,BLS-G
112,30.551941972810358,27.734782429097095,12.81417191708534,63.5398891272026,0.032756188065309645,0.007990493587248718,0.03176664711300315,0.46793438024367845,0.9462033050003811,0.005121215466276974,0.0066404394466017536,-0.008368212340107872,0.011846909371863733,-3.000548368136151,deltaRIC0.5_short,BLS-G
113,52.26681311146891,51.61010822715044,8.259326946612369,63.918813957729085,0.03481785175873285,0.007402511729190536,0.03402184035575226,0.5052782262992046,1.0183091039998544,0.00038802873537246985,0.00050619497520632,0.0020477686630926417,0.002144797461286988,-6.035505248195477,deltaRIC0.5_short,BLS-G
114,22.097021225410938,16.327914462824317,14.888839992791718,61.92327701859743,0.03624351818145107,0.009466274014967333,0.034985457928155356,0.5144868741806736,1.2010395560009783,0.006836482828845747,0.012320735486403334,0.014551984036564325,0.020255820393048612,-7.3442999501812665,deltaRIC0.5_short,BLS-G
115,14.232208588653162,11.709578534025658,8.089594048307884,40.689925497016546,0.033191485229262824,0.00792685917076807,0.032231034662436486,0.4742713753999964,0.9902568750003411,0.004747932009397604,0.007532814994037573,0.01575158908207608,0.018094162558981223,-3.7934247272551147,deltaRIC0.5_short,BLS-G
116,26.961496804533713,26.413157704635246,5.409936229841271,38.41157124404433,0.02517479647636499,0.009408571033544887,0.023350571057966424,0.34555690692907437,1.0042900779990305,-0.004376532068740169,-0.010760578037640522,0.00454693799692496,0.012474723155274533,7.986166469806449,deltaRIC0.5_short,BLS-G
117,39.3363685423264,38.79471222706424,6.505397245134121,54.4767886044275,0.02533918773154642,0.007364686373823602,0.024245325931192788,0.3592285289440853,0.9923840749997908,0.0027531520065368076,-0.0008227049493787497,-0.008070939747703676,0.0085671907773723,6.606360198077709,deltaRIC0.5_short,BLS-G
118,33.964174227099754,33.854130480250724,2.7318455950046276,46.64230801397471,0.02935190055699109,0.00585646513060981,0.02876170861547424,0.4259710654143287,0.6800532400011434,0.0011319898655293148,-0.0005600845406291688,-0.0023397473725628726,0.002658855677867403,0.6663062942679971,deltaRIC0.5_short,BLS-G
119,30.786295320137324,27.208159992917146,14.405277135082558,53.778700181736625,0.029936654820025426,0.008370760719825605,0.0287425410634616,0.4283980947956907,1.2281881439994322,0.006357050012912313,0.008688926766459937,0.0006871645942496674,0.010788036355109427,-0.08798139732698473,deltaRIC0.5_short,BLS-G
120,23.090021040214513,22.12241968270987,6.614198290012154,38.88455260443592,0.03136022599330244,0.007483558768468847,0.030454229960875306,0.45358768818675577,1.0591147270006331,0.0018357522479517385,0.00313742179186538,0.013013561393850903,0.013511705368585356,-1.6664321514545009,deltaRIC0.5_short,BLS-G
121,18.63840772424182,17.96223520118418,4.974771258300932,37.32684009976033,0.028090139187261054,0.00704702644303029,0.027191824835250223,0.39788726050296186,1.0328439539989631,0.0014887056629523387,-0.0029792133024045264,-0.008701007343094536,0.009316624133059972,3.337503988123899,deltaRIC0.5_short,BLS-G
122,26.29500486367033,24.86400216007323,8.556206949596294,52.710439399796265,0.03575649789014054,0.007820873391071688,0.03489070192427277,0.5150721066750397,1.048819220999576,0.0030939665819910145,0.008649047307086932,-0.00894472907458016,0.012821342626587299,-7.019631145936728,deltaRIC0.5_short,BLS-G
123,20.55828483020597,18.677395257501363,8.590575158564327,35.73226266151509,0.026997545133076565,0.0072099901945675,0.026016984541002194,0.38684310606717676,1.0057174199992005,0.001616174159671302,-1.806513036645141e-05,0.006382775220583947,0.0065842360817201,4.100519457534574,deltaRIC0.5_short,BLS-G
124,12.507362564628103,12.032361599044505,3.414145965376944,20.37226663949341,0.03288698543954637,0.005996685362497282,0.03233563940861763,0.47743570311356337,0.9922607520002202,0.004082139472158408,0.006699089987694418,-0.0047710248812771194,0.00918173990870721,-3.757551323997177,deltaRIC0.5_short,BLS-G
125,19.90833838211985,17.406329749697914,9.662381786173004,41.564456828763674,0.022204559779195793,0.006203048303543284,0.021320522196507957,0.31514982562712585,1.0035090479996143,0.0008255445029412556,-5.890298571409325e-05,0.00599254995045273,0.006049433708764282,10.270512053330094,deltaRIC0.5_short,BLS-G
126,9.146465619158487,8.98293743277244,1.7218212454676984,21.286997229496045,0.027459503381551387,0.0039015872343891927,0.027180911372025097,0.4010581986043218,0.9910409930016613,0.0007742028320726346,-0.0005143987453837262,0.0007495329494485725,0.0011940668895630245,2.791264789942943,deltaRIC0.5_short,BLS-G
127,20.02903162469888,17.449616994417664,9.832241584263384,51.15939688861128,0.026393547622676095,0.011706292278247488,0.023655487253631327,0.34511826051781597,0.9120298500001809,-0.001933139485130686,-0.007671392974284819,-0.020200902443056945,0.021694786423211956,8.16709267047463,deltaRIC0.5_short,BLS-G
128,29.239143045631998,28.551633228238476,6.303310720810029,45.88446904174729,0.025532425399178466,0.00983360092376225,0.02356278930086156,0.3447035365579748,1.0160913219988288,-0.0014018902303754022,-0.006966430330730078,0.018542381573296463,0.019857400690439377,7.291314073889225,deltaRIC0.5_short,BLS-G
129,28.861006171333877,26.311783888222752,11.85949854931622,66.68231096593337,0.034943058549054155,0.009966141017712291,0.03349169111851026,0.48659475508056543,1.2517874629993457,-0.00015391717287116524,0.0029051398956077,-0.016250470287330288,0.016508825302502923,-4.033918264485692,deltaRIC0.5_short,BLS-G
130,16.92083662439565,14.563233128219588,8.61550653894574,36.72424649956193,0.031096822526226208,0.004866962299107638,0.03071359713883534,0.4530137495218893,1.0031556750000163,-1.9684122157748174e-05,-0.001739773020150992,0.00025767047170277557,0.00175886090930976,-1.4209613298990007,deltaRIC0.5_short,BLS-G
131,19.652411879583493,18.396997028979097,6.911424816962765,34.28340759806441,0.03512372798140639,0.0052775781656583245,0.034724968481154826,0.5132875661533026,1.1100401549992966,0.0029034790404367516,0.003079508083602356,0.004174112188749857,0.005944474168460815,-7.0128864572416205,deltaRIC0.5_short,BLS-G
132,14.728214366728825,10.97408603500311,9.82291881920374,40.52263363869681,0.027597545959469557,0.006457392189256449,0.026831448509149928,0.3956337320907713,1.1217413079994003,0.0033153989847261034,0.008380100856092643,0.0122219147328404,0.015185294219178922,2.789301207931203,deltaRIC0.5_short,BLS-G
133,22.582986854424636,20.437801364029255,9.60664200809002,50.786744216875874,0.025505673474375892,0.009979441279373167,0.023472326921995287,0.3428179037776014,1.0173690369992983,0.0009216856398348572,-0.0011733369449820064,-0.018290719045702508,0.01835147479670127,8.05691419287632,deltaRIC0.5_short,BLS-G
134,11.59235883954874,11.11569538643347,3.2899999302257537,16.413403097351594,0.028423465118889466,0.00451761263748331,0.02806215503881299,0.41462518429259604,1.0048577130000922,0.0038712383918236837,0.0031232376728701494,0.00652138202061292,0.008201800028429029,1.380320025869878,deltaRIC0.5_short,BLS-G
135,10.059960464539948,8.660119874636004,5.119094480964506,23.003783860559434,0.02916126410943517,0.003954350125307021,0.028891909586365453,0.4261682873849395,1.016387237001254,0.002444580306483979,0.0035910683041658897,0.005876301499809,0.007307712621381035,0.4263051979260126,deltaRIC0.5_short,BLS-G
136,26.04731502989842,23.886820088070063,10.386647502777056,53.93384278099795,0.03151941978764678,0.006171027787488129,0.030909419920081786,0.45562204699664444,0.8760931069991784,0.006085611977883487,0.010184908857783559,-0.000755138219832252,0.011888535457228044,-2.1830219364273944,deltaRIC0.5_short,BLS-G
137,12.035752455173144,9.96663807543384,6.747255933749574,28.139573229469928,0.0313796465277851,0.004555418118598469,0.031047228249450547,0.45834375277558176,0.9898680440001044,0.003129092017641777,0.0029703106136059754,0.006493683513968174,0.007796273954637038,-2.307187090079424,deltaRIC0.5_short,BLS-G
138,15.818637022004996,13.337749699724807,8.50492270284909,38.27115050529195,0.026735499033346932,0.0067183325453248005,0.025877614193980953,0.3804300488682326,0.9955948900005751,0.0015871144919096247,-0.0021873249766868885,0.013082553416168707,0.013358762175103477,4.197881823399257,deltaRIC0.5_short,BLS-G
139,14.976106467497681,14.170006773924506,4.847130383305097,30.789836612757224,0.029282895116545308,0.005387170903940536,0.028783091148421317,0.42597422277692876,1.0947319360002439,0.000104788938287248,-0.002402305890433276,-0.0015560985401012473,0.0028641747466422183,0.6785369440367504,deltaRIC0.5_short,BLS-G
140,20.39234950416738,19.10930670859118,7.119151312980204,31.763538439175456,0.03467652200057123,0.006690523357006267,0.03402496253143351,0.5048523812845651,0.9569759930000146,0.003698486722900296,0.0053154031931138546,-0.0005413929430000408,0.006498109068303254,-6.304728360169065,deltaRIC0.5_short,BLS-G
141,16.067039993093747,14.086206009954923,7.728426384768357,29.825091523378063,0.03254049968985725,0.006280485489263966,0.03192866458348585,0.47307171735176207,1.0295551470007922,0.004942751867910711,0.0061563796082700906,-0.0033639765251127773,0.008581849682345202,-3.5515627652730473,deltaRIC0.5_short,BLS-G
142,22.19018913061805,19.20300403368553,11.119763025121388,51.958757346351454,0.03158574859764632,0.006941122026216822,0.03081363885507331,0.45391685928872627,1.1476582439991034,0.004178299339546054,0.0038121028602132734,-0.007862945590409676,0.009685877706508594,-1.622638774245388,deltaRIC0.5_short,BLS-G
143,20.41997407850161,20.373983481299025,1.3697220413033966,30.364793544299978,0.02925656633047755,0.0031908030183245284,0.02908204685966728,0.4287067660672375,1.0185179239997524,0.0024247568775044304,0.002886588155445624,0.002729614151263382,0.0046543131081762555,0.2942872526773499,deltaRIC0.5_short,BLS-G
144,40.68691554699497,39.298251926945476,10.539093519588262,74.76178757158979,0.0317280534345709,0.009928816233682216,0.0301344982195615,0.4414500342121141,1.0317846739999368,-0.00012899828148993375,-0.00413886964277943,-0.014850992417029418,0.015417485470958413,-0.10460760978094186,deltaRIC0.5_short,BLS-G
145,26.49598842007692,26.264154400886625,3.497369863660152,34.80036284064733,0.02804134438805691,0.004641422426518242,0.02765455103501455,0.4089669447798913,1.0049741709990485,0.0007520810751912022,0.001043107655787634,0.0046744251884675014,0.004848087289622885,2.1322769006619637,deltaRIC0.5_short,BLS-G
146,12.713258905389413,10.90358623580249,6.537488752868467,24.22579159537721,0.028630163184506386,0.006143223243005003,0.027963316186712696,0.4149823174865053,1.070235577000858,0.003987507530287426,0.006486902188744481,-0.004365933508597486,0.008777328278692282,1.3458666199039726,deltaRIC0.5_short,BLS-G
147,34.12263816240037,31.592214904935254,12.895208124047041,42.51287015963272,0.03095468966036785,0.007805698110736863,0.029954363437965485,0.44255550702818947,1.004631342000721,0.007144368394578993,0.011756939671214273,0.006516709031346268,0.015222848839466981,-1.1531794318088942,deltaRIC0.5_short,BLS-G
148,29.45786733938847,28.163387354215065,8.636524817393234,37.09574911576083,0.031016202668283574,0.008898485998971275,0.029712316888559083,0.4363072418875439,1.0174059910004871,0.008385537983978453,0.015959174078384986,0.0023174348287471336,0.01817644048570652,-0.711835983540368,deltaRIC0.5_short,BLS-G
149,23.760330640682934,23.501455213353697,3.4978443374893735,34.431672362447095,0.03533205391133629,0.006543416501217639,0.03472085445499819,0.514620986623763,1.029757886999505,0.003084659190495942,0.0044372525661307005,0.00860432601585448,0.01016064756028152,-7.078472179588061,deltaRIC0.5_short,BLS-G
150,19.47199802076564,18.427954856469256,6.2904043374517835,32.54980264359699,0.02502504366060195,0.008146559439854343,0.0236619183395589,0.3520041184807481,1.0421884609986591,-0.003056071402940619,-0.0070008596222589925,0.0061953899709266125,0.009835368054237006,7.281727274473269,deltaRIC0.5_short,BLS-G
151,11.0300394828807,9.609928406046508,5.413967770920651,23.676635381399834,0.027002772015132057,0.005025891955540224,0.026530927359450424,0.3922815437928613,1.0225341109999135,-0.00022318051237868453,-0.0025431790910325214,0.004740064511900233,0.005383844444924705,3.606484178510982,deltaRIC0.5_short,BLS-G
152,16.442018667555487,14.37319204440498,7.9844428934582865,30.102897420214962,0.025652889199331227,0.006134265400508848,0.024908663397887994,0.3702708662075222,1.04577418900044,0.0010323891952618292,-0.0012909239877202383,0.0027913582895585654,0.0032440704821646844,5.552402201699806,deltaRIC0.5_short,BLS-G
153,15.800979973203022,14.677321160071124,5.852111728059484,29.19517226125586,0.02803160148134691,0.0058576607943685135,0.027412743234254546,0.4051479898305067,1.0171793439985777,0.00027432571422403296,-0.005448334656857734,0.0033219604250050994,0.006387098417583815,2.4380007862582715,deltaRIC0.5_short,BLS-G
154,25.329008485975198,22.80928775918905,11.013403779082655,63.0220019620561,0.025890964366214905,0.008782938441646003,0.024355739121259833,0.34483629658641024,1.0683985310006392,-0.004642645823656422,-0.009331255869988786,-0.012099044522604852,0.01596913819575399,8.34705501605822,deltaRIC0.5_short,BLS-G
155,25.567383464744406,22.410096523481553,12.307667164882442,62.00419498124308,0.02529951690165753,0.01085769130803413,0.022851172725194987,0.33375904837809045,1.1247088690015516,-0.003661637196453238,-0.009066921918379878,-0.016670795655185366,0.019326978237929348,9.238112397544683,deltaRIC0.5_short,BLS-G
156,24.11113488552694,24.080712703509285,1.2108266428853092,27.680130083506967,0.032306926781522964,0.005496980753584608,0.03183584019091386,0.4709022702533561,1.0203699020003114,0.00281549350781074,0.006402216913817926,-0.0009291218477519569,0.007055398820199378,-3.070159978621632,deltaRIC0.5_short,BLS-G
157,43.09171694784571,42.24002102851208,8.525062640480149,51.12623117681056,0.033792083470379125,0.007917527257413832,0.03285144848248216,0.4865589675010127,1.0711562940014119,0.004541194410805027,0.006786653851693969,0.008657719008990927,0.011901143458427944,-4.777502925099725,deltaRIC0.5_short,BLS-G
158,25.950834903684097,25.54146753083119,4.591216458604928,41.09870705336387,0.02370914288268067,0.00821662142174421,0.022239842370014716,0.33137839212446735,0.8922012370003358,0.0008787749226545349,-0.005128363108285572,0.013434679433269703,0.01440704567251145,8.560355935029293,deltaRIC0.5_short,BLS-G
159,14.621082673405143,14.202654249761919,3.4728476505985433,19.23275222381749,0.03673076738752309,0.006724410568503831,0.036109992735841465,0.5335479912622831,1.0291637339996669,0.00458531443950283,0.009142323167728117,0.0002700891177179754,0.010231330780685428,-8.80114543719992,deltaRIC0.5_short,BLS-G
160,27.216090500762885,26.35509246438413,6.7915155406932985,49.051778395573514,0.02846811796651371,0.007915211423775124,0.0273456243057693,0.40386728013092055,1.0565599740002654,0.0020633792472894985,0.0006162674848723126,-0.011824424320795057,0.012018915510530286,2.77943754048556,deltaRIC0.5_short,BLS-G
161,31.990759005932187,31.80923081389802,3.4031598263660925,48.77842188408931,0.021549061512458858,0.008219547893881324,0.019919866578065392,0.29023417185739286,0.9178545729992038,-0.004019997391281893,-0.013087871137284157,0.006885608567815726,0.015325284835240299,12.685491580611597,deltaRIC0.5_short,BLS-G
162,39.5939699459622,39.52204680935246,2.3854291188612198,52.14229126191954,0.027861850160230326,0.006898229367574316,0.02699439063849121,0.40197510560555727,1.0804953650003881,0.0017079912567338207,-0.002295959928240665,0.008610326831933857,0.009073389348963606,2.5388300256190632,deltaRIC0.5_short,BLS-G
163,25.099869130750083,21.90975739744794,12.24605900548238,53.11285438560369,0.03363547997272641,0.014946234583664649,0.0301323013519669,0.4500269712569259,1.0338027589987178,0.005083111601624779,0.005150743373701139,0.031053328209067477,0.03188537868234224,-1.7951015677390387,deltaRIC0.5_short,BLS-G
164,13.183242397563784,10.606121994997133,7.829946126261754,38.00450625004989,0.027630396900787307,0.007401799787970979,0.026620522023315576,0.3921088265136845,1.1156887489996734,0.0001498694025932057,-0.0017202375666610092,0.01504936161161996,0.015148100971438167,3.3517713426563205,deltaRIC0.5_short,BLS-G
165,29.909058458516096,29.528298208449822,4.757245294053308,36.68602501485604,0.0271404367691672,0.008355736376795186,0.02582217995488887,0.38131676200509607,0.8497711780000827,0.003309643993879563,0.0013761695908396376,-0.012003365044137626,0.01252710495253392,4.661928751992491,deltaRIC0.5_short,BLS-G
166,19.783193519814066,17.520774680115007,9.186794895449342,35.07063188065748,0.02269802970014058,0.007147498683395572,0.021543300927186673,0.31917709610132844,1.0155933170008211,0.002450700630727609,0.00265111272900842,-0.010297528655478283,0.010912077194272205,9.751902383508423,deltaRIC0.5_short,BLS-G
167,24.745842780656247,22.552229613704338,10.185954760144678,45.88698615965462,0.03220856138384827,0.008659001008067095,0.031022784013679607,0.46081861608682256,1.0287679360008042,0.005198883031336976,0.004110529146071795,0.00897626122932127,0.011157871673901141,-2.7932536596617865,deltaRIC0.5_short,BLS-G
168,11.601932463487122,9.824407293698155,6.171374094547084,29.613708580057985,0.02588290699317958,0.007456745914724692,0.02478551622986339,0.3671495746644303,1.0002968789995066,0.0018407125516776146,0.0004891249267864328,0.015128628494418206,0.01524804466198961,5.345684669964612,deltaRIC0.5_short,BLS-G
169,17.917059588745033,16.65390237124316,6.608219133453574,33.517806382998444,0.027336779463243914,0.007608693395202364,0.026256566726056137,0.388749094196147,1.122233021998909,0.0024631456952538544,0.004877146760858264,-0.010450055479786113,0.011792256220656232,3.8621842345391997,deltaRIC0.5_short,BLS-G
170,34.19661710952021,32.9883086320622,9.0100008507736,49.33414837610253,0.029466219293738796,0.006273793487534255,0.02879058170205106,0.42768924481771464,1.0177024339991476,0.004258600813863089,0.004779938482820212,-0.0005595175950144915,0.0064262393925616995,0.28406650687520596,deltaRIC0.5_short,BLS-G
171,17.91577766649573,16.70768345309542,6.467488154335404,36.45377310663185,0.028628488790553314,0.005582958627750065,0.028078834437911922,0.4146340733878342,1.003889542998877,-0.00033300984765832764,-0.0038457754517064457,0.00631270052845867,0.007399396755519176,1.7320374341552451,deltaRIC0.5_short,BLS-G
172,18.13724139381348,17.200484469633626,5.753508441581851,34.45572023447316,0.03088544881656986,0.009460418208928468,0.029400874747414082,0.4388822522452657,0.9176824070000293,0.003434916559679091,0.004728495243446207,-0.012957425987844329,0.014214506930235555,-0.5451563788392377,deltaRIC0.5_short,BLS-G
173,31.839402677669767,30.73340135464704,8.31899056646806,47.95055190860968,0.03062098107282333,0.0057852141766794795,0.030069515772492103,0.44552548654891927,0.989761572000134,0.005111638220642867,0.0036824116620765013,0.00011391774985580749,0.006300950579195666,-1.233773464472506,deltaRIC0.5_short,BLS-G
174,20.341489955024198,19.082788667099596,7.0443871470246116,40.36475299347717,0.03362758007470286,0.005691758539181579,0.033142390173495434,0.48959454093452215,1.2321991200005868,0.004539436896647264,0.008311022311076055,0.0015253525293457137,0.009591990384306475,-5.036202626728482,deltaRIC0.5_short,BLS-G
175,15.482987597118017,14.21202207075121,6.143397561039882,27.423298042348392,0.03396129536581045,0.008043807629990107,0.03299495024599266,0.4907101920526633,0.9880908610011829,0.003535096091087153,0.007031814261750369,0.013176526301243219,0.015348099607193388,-5.011272661412477,deltaRIC0.5_short,BLS-G
176,21.445973626579235,19.74435764882717,8.371984581157097,36.571913474518475,0.029400697012099786,0.007051324813496319,0.028542596293467497,0.4250154944556397,1.0043154409995623,0.004539115758879442,0.004809317805594682,0.009756005373920296,0.011786125338026887,0.4488995411384167,deltaRIC0.5_short,BLS-G
177,12.831847159980404,11.552425725784488,5.5854956259341835,27.70952957166911,0.03274571367084238,0.006003202883989493,0.032190733432875575,0.4755067787867612,0.9883493279994582,0.0009291351369953293,-0.0025943483991378025,0.00627990502962994,0.006857925553699137,-3.6365461885534387,deltaRIC0.5_short,BLS-G
178,22.002894565820412,19.98397281131056,9.206964752371425,48.78281578739264,0.03150939823689625,0.010368944991477773,0.029754447684590422,0.44215926350179213,1.2667897540013655,-0.0004603817421151013,-0.004883280553334479,0.019095581824153718,0.019715466657271835,-0.6657055562463938,deltaRIC0.5_short,BLS-G
179,16.135193517022916,15.012129712354753,5.914425697497085,23.108961194587792,0.034590895252913235,0.006199237708216287,0.03403086079186133,0.5032968258362436,1.03233464799996,0.005408773531947908,0.006496306829974374,0.006457076893408242,0.010637230633790854,-6.132791519427883,deltaRIC0.5_short,BLS-G
180,13.832171223664377,12.562444906687604,5.789122448800644,21.948088363314643,0.03014778349662778,0.006863118408272848,0.029356199608831672,0.43682890246219513,1.0314933579993522,0.0025415452612309597,0.005447748988314793,0.010252370954865198,0.011884802545719214,-0.3209779263206656,deltaRIC0.5_short,BLS-G
181,24.45235026752028,21.658149202731398,11.350859294243959,58.99740188342763,0.030600007435092967,0.013097851061662889,0.027655139713880332,0.4085458461458493,0.6757465029986633,0.0012927089021775862,0.0017368795893251132,-0.02407483127578669,0.024171995117722084,2.3671926336191973,deltaRIC0.5_short,BLS-G
182,45.23417069362448,44.728540036782,6.744472145241972,57.84808755313136,0.02790648472760536,0.009645755764321822,0.026186471422990982,0.3928741875861642,0.8422300639995228,0.0006990849153296619,-0.002243957137563646,0.014751476817053244,0.01493754101711937,3.6162225259422485,deltaRIC0.5_short,BLS-G
183,35.64837328814309,35.36806702580559,4.4616536114895045,51.85943629147585,0.028242647925995713,0.007181241870902046,0.027314408781142482,0.40346505899938834,1.0333099759991455,0.0006734700697915708,-0.0028712091050114297,-0.006350461164037091,0.007001839805047594,2.7081461761608807,deltaRIC0.5_short,BLS-G
184,16.246893452307518,15.152087481989119,5.863087223364624,31.292021726508835,0.02404940993508504,0.006625418537395979,0.023118779107688555,0.3420343530895579,0.9846139889996266,0.00030786536243521123,-0.002897309335212983,0.011838613391879416,0.012191880474630904,7.580007028897853,deltaRIC0.5_short,BLS-G
185,10.464600806906413,8.25951708899171,6.425593163635576,26.678578655479477,0.02841423853559022,0.005154650395418601,0.02794277242612892,0.4129324146285765,0.9898563930000819,0.003283139466856988,0.0016600078956250375,0.008580689831077404,0.009336105662937123,1.4667868113601799,deltaRIC0.5_short,BLS-G
186,15.518946651780883,13.268670605909834,8.048607676653486,34.544656036897415,0.020931655597085548,0.008357829543462663,0.019190645933824777,0.2799380583574556,1.042541942999378,-0.0032421987501157212,-0.011160766620329665,-0.00901919959394426,0.014711238071764086,13.953445814760926,deltaRIC0.5_short,BLS-G
187,31.004755858507977,28.089052047156866,13.126311017867792,60.11563008057929,0.036738793851871065,0.012640041289095906,0.034495917583102935,0.5125574488143756,1.0177470069993433,0.0007796324258629861,0.0033929245370657446,0.02564135665121281,0.0258766097962692,-6.895117977473092,deltaRIC0.5_short,BLS-G
188,19.281993246724493,15.872916377464408,10.947410161346433,46.25121400073644,0.026606128637672314,0.007097233499824479,0.025642062275357962,0.3797438077734556,1.0296842169991578,-0.0011019711466024873,0.0004553944825000933,-0.003869283845521876,0.004048837119452015,4.907136917587195,deltaRIC0.5_short,BLS-G
189,26.397611275174828,22.55556142570867,13.714245506272674,63.17434243283902,0.02975347883508686,0.0136919674393113,0.026415895412247543,0.3850504038001913,0.9905807390005066,-0.00011925910539795082,0.00019866182026395673,0.030166216388820666,0.030167106266100554,3.7537342209207054,deltaRIC0.5_short,BLS-G
190,18.884210404309165,17.46785640442167,7.1754717774320085,39.08150396836369,0.029403429733822813,0.007570888916862726,0.028412027754463085,0.41812255003153775,1.1246727569996438,0.0006099486085470174,0.001178430829943511,-0.010752120012424426,0.010833689181788798,1.6448630528784633,deltaRIC0.5_short,BLS-G
191,16.79352009217449,15.734153225089514,5.870156673860891,36.10314885691431,0.02421661057842068,0.00913102457315502,0.022429191205911005,0.3275180419165036,0.9062052740009676,-0.0017086389308099692,-0.006720915338292055,-0.014763104558787543,0.016310714459951237,9.578323651344363,deltaRIC0.5_short,BLS-G
192,25.303294073943967,19.600462608876335,16.002454702655115,67.64743971393445,0.033089439356608095,0.010824885968549483,0.03126871984431959,0.46145866037470423,1.2240090129998862,0.007232652479413182,0.014031827911332395,0.017116841019925166,0.023284967316330965,-2.9179556550434427,deltaRIC0.5_short,BLS-G
193,12.762596877348212,11.69068620520618,5.119739749743173,25.91741658647417,0.029609237391262005,0.006799285946073869,0.02881799176756824,0.4271666991889571,1.032279897999615,0.004665648251887533,0.0029988042964202988,0.012225061748315724,0.013424352333304664,0.23194012920430396,deltaRIC0.5_short,BLS-G
194,15.544397286192225,13.297322540425425,8.050434786200936,42.14774902998886,0.030551468893715343,0.007520030673642623,0.029611507733162297,0.4338526549958559,0.8658979749998252,0.006323172965029489,0.013873636216191976,0.010419390096433556,0.01846683481776374,-0.5257758334491882,deltaRIC0.5_short,BLS-G
195,30.17411693272999,30.064265970566144,2.572400497807715,36.53796561763978,0.030230842240975882,0.007753370010059695,0.029219669335669742,0.4353089162872072,0.879376418000902,0.0007756905416659299,0.0018469891603426491,-0.008049540963705415,0.008295069288512587,-0.04958979224829818,deltaRIC0.5_short,BLS-G
196,22.067334041884926,20.544372800339126,8.055803991956322,42.4218296966398,0.03406853092783958,0.008506394863410928,0.03298948386999861,0.4873718337413456,1.1606549909993191,0.007400289617156219,0.00964240034562247,0.00788857747606908,0.014490335587521597,-5.060777185315601,deltaRIC0.5_short,BLS-G
197,19.00974795801797,15.793923760104487,10.579342592400312,45.07653388525516,0.03471747699681539,0.006151297914405596,0.03416818319712997,0.5037546567589868,0.8651378430004115,0.001973587323530479,0.0027188122847848772,-0.005667836370124357,0.006588729489211241,-5.836179962870119,deltaRIC0.5_short,BLS-G
198,27.754559094587275,26.190838982861052,9.184525241338443,48.80528196359045,0.035906894927726744,0.011080815239620212,0.034154364830519236,0.511085892237968,0.9891096939991257,0.0031387551800603486,0.007028916124072859,-0.012990024347747209,0.015099608555014675,-6.779858931243325,deltaRIC0.5_short,BLS-G
199,15.252880812530874,14.58220120542669,4.473229379958615,26.49396364850877,0.033119210425106065,0.006082593348461223,0.032555862104077495,0.4825125437844839,1.1701290350010822,0.0036313483622215648,0.0010088742735511191,-0.0003160749720865219,0.0037821186675753627,-4.408531417981067,deltaRIC0.5_short,BLS-G
200,23.606627197708846,23.266998311186583,3.989942009459258,38.81676979660263,0.02742252006053554,0.008694405656244922,0.026007728019862297,0.3831381016325907,1.2531656150003982,-0.0009729710618841536,-0.006024571903082032,0.01589463465718144,0.017025908204496544,4.136164177397404,deltaRIC0.5_short,BLS-G
1,5570.157305378922,5296.898415157153,1723.2294061359942,8132.241156561486,0.4386581805675314,0.4073390411650901,0.16277562754147817,0.8713788072190664,8.216425521000929,,,,,,deltaI0.2,BLS-B
2,5571.002473350718,5297.479318558255,1724.1755790891443,8133.753975969,0.43872846849451047,0.4073890464892145,0.16283990256736006,0.8715489461312779,7.383822368999972,,,,,,deltaI0.2,BLS-B
3,5576.500972163818,5302.553361497232,1726.3519169098788,8141.504591131764,0.4391195500169277,0.4077489440527727,0.16299318338788873,0.8721507381313723,8.560557080998478,,,,,,deltaI0.2,BLS-B
4,5568.680328927291,5295.439316437872,1722.940234513601,8130.137018524405,0.4385520464278545,0.40723401083767335,0.16275244343210601,0.8712089041493996,5.430791347000195,,,,,,deltaI0.2,BLS-B
5,5580.120065094693,5306.203023752141,1726.8321897613678,8146.58589605375,0.43937018306066217,0.40799907414474273,0.1630426731251437,0.8725372059765921,3.519769145999817,,,,,,deltaI0.2,BLS-B
6,5573.430666398344,5299.596409850137,1725.516527261624,8138.310291373131,0.4388886884725279,0.40752709686968125,0.16292619858728977,0.8718239885358163,4.825938636999126,,,,,,deltaI0.2,BLS-B
7,5575.779212416869,5302.035799432789,1725.6100970825314,8140.3646244383535,0.43906041145596963,0.40770540699529245,0.16294276913900876,0.872020283157342,7.627890430998377,,,,,,deltaI0.2,BLS-B
8,5571.55476853218,5297.976075560835,1724.4338321717883,8135.077961396919,0.43875764186674215,0.40741717563675134,0.16284812953373734,0.8715824194381319,6.997665462000441,,,,,,deltaI0.2,BLS-B
9,5572.031698874198,5298.678164052289,1723.817556197389,8135.002328825409,0.43880251422582295,0.40747562698888457,0.16282278679877368,0.8716622414374725,5.621817942001144,,,,,,deltaI0.2,BLS-B
10,5578.451086958375,5304.573168715483,1726.4472269174203,8144.473406532595,0.4392538677439074,0.4078983874157295,0.16298118256912233,0.87231933085623,7.254671234999478,,,,,,deltaI0.2,BLS-B
11,5572.868101020268,5299.411711170241,1724.2663329314696,8136.541559026332,0.43885264430734455,0.40752206172327393,0.16284167962889848,0.871703646729274,7.101764703998924,,,,,,deltaI0.2,BLS-B
12,5579.126440551592,5305.1394637472295,1726.8894318553312,8145.381820731574,0.4393071491219822,0.40793707898180337,0.1630279450323699,0.8724435180361819,7.357777193001311,,,,,,deltaI0.2,BLS-B
13,5576.586287554925,5302.53867806878,1726.6725775694176,8142.5795247189035,0.43912375011895105,0.4077455137618847,0.1630130790016178,0.8722063598669604,4.10752585299997,,,,,,deltaI0.2,BLS-B
14,5574.201292479313,5300.394498162977,1725.5544653593815,8138.793069195365,0.438952226120203,0.4075915059233361,0.16293624862205724,0.8719215194409111,7.648854210001446,,,,,,deltaI0.2,BLS-B
15,5576.620357350539,5302.901130946871,1725.6692050966328,8142.25365116584,0.43911478806621457,0.40776320032789654,0.16294468250540836,0.8721238077087615,3.8006521869992866,,,,,,deltaI0.2,BLS-B
16,5578.800372925562,5305.026935029852,1726.181572014418,8145.331159744397,0.4392748440206119,0.40791475092367196,0.16299676244702394,0.87242739889138,7.2929438870014565,,,,,,deltaI0.2,BLS-B
17,5565.099748074104,5292.218360490212,1721.2669842022613,8124.345048241943,0.4382998206642345,0.40699713029314133,0.16266551179474978,0.8708204798238242,3.458877445998951,,,,,,deltaI0.2,BLS-B
18,5576.434050930847,5302.791689604804,1725.4034371819348,8141.235480764689,0.4391106217918056,0.40776330012933043,0.16293320483567414,0.8721092143794502,4.092320409999957,,,,,,deltaI0.2,BLS-B
19,5577.389156930342,5303.573796445395,1726.0865544641567,8143.451909381465,0.43917551601593435,0.4078111998869452,0.16298821771720878,0.872276222857407,7.022598952999033,,,,,,deltaI0.2,BLS-B
20,5574.7393314229885,5300.912340369771,1725.7018783758401,8139.737265833629,0.4389869417018926,0.4076290845520553,0.16293576774923985,0.8719596976353837,7.077900284999487,,,,,,deltaI0.2,BLS-B
21,5575.365249708497,5301.460376348715,1726.0404241099386,8141.520071572108,0.4390321818969035,0.4076643012243736,0.16296955006503194,0.8721094061534699,7.20453712500057,,,,,,deltaI0.2,BLS-B
22,5571.088432890103,5297.599954264537,1724.0826696125357,8133.882269571045,0.4387331564394403,0.4073982391787068,0.16282953440148246,0.8715365286002775,5.174491716001285,,,,,,deltaI0.2,BLS-B
23,5573.906465214581,5300.536557769566,1724.1651552879916,8137.456024193784,0.4389296196174598,0.40760318457209777,0.16284610804134164,0.8718028567726287,4.940604047000306,,,,,,deltaI0.2,BLS-B
24,5576.442716647283,5302.919455419245,1725.038730401319,8141.049028142841,0.439103594408273,0.40776157181820777,0.16291859062307693,0.8720806059969838,3.267664650998995,,,,,,deltaI0.2,BLS-B
25,5576.972576191262,5303.571457075755,1724.7472032969831,8140.614581226218,0.43915075576726154,0.40782256321776245,0.1628930422745279,0.8720798269321091,5.622461289000057,,,,,,deltaI0.2,BLS-B
26,5576.613792201754,5303.070351090821,1725.1278905508175,8140.883612682734,0.4391292881247545,0.4077922553828046,0.16291104363657818,0.8721018988447906,8.737361264000356,,,,,,deltaI0.2,BLS-B
27,5574.65447353581,5301.054042208629,1724.9923306775559,8139.000458009143,0.43898248833529113,0.4076383371031556,0.1629006175212915,0.8719288920914928,4.984700461000102,,,,,,deltaI0.2,BLS-B
28,5570.932195731805,5297.188943353403,1724.8405224413216,8133.406475315256,0.43872728894209634,0.40736846422077844,0.16288820835433765,0.871552316487436,5.120447309998781,,,,,,deltaI0.2,BLS-B
29,5578.9584122981905,5304.929366322023,1726.9920047547891,8145.795394151361,0.4392879431694269,0.4079121733248248,0.16303851038157746,0.8724500541000609,4.935506191999593,,,,,,deltaI0.2,BLS-B
30,5569.49254897527,5296.028583125857,1723.7541877556018,8131.957946345521,0.43861540498037627,0.4072790292290243,0.16281052127047277,0.8713950968012115,5.489493073000631,,,,,,deltaI0.2,BLS-B
31,5570.3900699282885,5296.662888265502,1724.7051281963043,8133.9734583633235,0.4386752105698345,0.40731576263274094,0.16287974054312993,0.8715281366056395,5.341410461000123,,,,,,deltaI0.2,BLS-B
32,5576.388545203314,5302.479685802368,1726.215047069151,8142.218021379797,0.43911267754389577,0.4077425945740251,0.16299055233298518,0.8722154794377877,3.351457151999057,,,,,,deltaI0.2,BLS-B
33,5569.506754476718,5296.074806445518,1723.6580672206553,8132.24265383919,0.438608063644854,0.4072754358617779,0.1627997323028731,0.8713508184650363,3.532077408000987,,,,,,deltaI0.2,BLS-B
34,5572.685769453076,5299.148908788818,1724.4847136310375,8136.770384544737,0.4388398834117997,0.4074995318574716,0.16286366939506008,0.8717412105158517,4.484382443000868,,,,,,deltaI0.2,BLS-B
35,5570.654208256138,5297.226708447691,1723.8264144832744,8132.635348415998,0.43869928503091643,0.4073642454882124,0.16282332199183483,0.8714453461714748,5.709318568000526,,,,,,deltaI0.2,BLS-B
36,5576.065938712462,5302.241325816695,1725.9050598659571,8141.421841210973,0.43908582571449006,0.40772550429475357,0.16296096308921484,0.8721220625562779,4.846179702999507,,,,,,deltaI0.2,BLS-B
37,5577.58179927303,5303.628714074993,1726.5402372435467,8143.868634449877,0.4391939297747468,0.4078246956409771,0.16300406613434412,0.8723162411602281,6.390989703000741,,,,,,deltaI0.2,BLS-B
38,5568.243997094797,5294.93213514725,1723.0887659570014,8130.553332772905,0.4385242040675255,0.40719435309610197,0.16277664562124328,0.8712870312359273,4.30815345299925,,,,,,deltaI0.2,BLS-B
39,5573.52077645853,5299.895717350431,1724.888179223645,8137.538745080156,0.43890096545670226,0.40755166171144064,0.16289782231530536,0.8718287819693985,3.903797149001548,,,,,,deltaI0.2,BLS-B
40,5570.196510042613,5296.61069249881,1724.2402189364998,8133.395816697949,0.43865896168880464,0.4073114865543988,0.16284666895809063,0.8714588902852975,5.263677430999451,,,,,,deltaI0.2,BLS-B
41,5574.097973050456,5300.372210736726,1725.2891470171257,8138.636080967724,0.43894560478626626,0.4075926976034918,0.1629154284329435,0.8718981495745084,6.674987465999948,,,,,,deltaI0.2,BLS-B
42,5567.756223251613,5294.444945267203,1723.009600406109,8129.914258920634,0.4384833393073714,0.4071585966343229,0.16275600153884381,0.8711666372189478,5.631844165000075,,,,,,deltaI0.2,BLS-B
43,5573.173135078927,5299.606710890417,1724.6528646225397,8137.016316822123,0.4388740288640425,0.40753047114183016,0.16287826221529472,0.8717584201635908,4.667042758999742,,,,,,deltaI0.2,BLS-B
44,5579.604627219981,5305.708778092413,1726.6853095360887,8145.925833285674,0.43934011098920167,0.4079814610653138,0.16300570711179377,0.8724548010096779,7.579638694000096,,,,,,deltaI0.2,BLS-B
45,5568.293049664645,5294.917066306099,1723.2935756521626,8130.3413693730145,0.43852890261557986,0.4072024354673198,0.16276908483710253,0.87123733635172,4.669915934999153,,,,,,deltaI0.2,BLS-B
46,5577.748024864726,5303.984610119205,1725.9838598610895,8143.301911456152,0.4392039241294283,0.4078456692377683,0.1629785171569724,0.8722738795583196,5.3944609009995474,,,,,,deltaI0.2,BLS-B
47,5570.804033198901,5297.244664186002,1724.255359295157,8133.76398812243,0.4387057369248456,0.40736870681664844,0.16282954374837322,0.8714708378485416,5.670158790000642,,,,,,deltaI0.2,BLS-B
48,5568.605673829175,5295.248528733254,1723.2852838548836,8130.563734963014,0.43854531086350784,0.4072187156777232,0.16277256305089136,0.871212453173432,6.9535252370005765,,,,,,deltaI0.2,BLS-B
49,5575.396225341486,5301.565087259797,1725.818847706824,8140.924187333084,0.43904277186428786,0.4076822220908624,0.16295324887014018,0.872089049541617,4.509793010000067,,,,,,deltaI0.2,BLS-B
50,5572.124717980264,5298.397466122478,1724.9806270545587,8136.730700235077,0.4387913965651183,0.40743259966149914,0.16290048014858466,0.8717069605561356,7.459440593998806,,,,,,deltaI0.2,BLS-B
51,5578.072951245585,5304.184548330322,1726.4194527030452,8144.774889812521,0.43922123840643784,0.4078574710116345,0.16299564290887839,0.8723306593836864,4.954719160999957,,,,,,deltaI0.2,BLS-B
52,5573.277009940435,5299.721494720269,1724.6358189283194,8137.445401205427,0.43888001460021286,0.407540557449181,0.1628691537691954,0.8717727138286908,4.097481446000529,,,,,,deltaI0.2,BLS-B
53,5571.699180418762,5298.213363199077,1724.17137057133,8134.570132413847,0.438770508573233,0.40742910619386286,0.16285294783848273,0.8715936661029262,6.466662703000111,,,,,,deltaI0.2,BLS-B
54,5571.733680919194,5298.196241667975,1724.335465002295,8134.710848501842,0.4387795012993909,0.40743926244069445,0.16285176751366578,0.8716151148988147,5.5701671299993905,,,,,,deltaI0.2,BLS-B
55,5573.5732773909085,5299.759743932897,1725.475509833258,8138.280060876386,0.4389101840384858,0.4075538056671537,0.1629172953952937,0.8718648644529052,5.244967017999443,,,,,,deltaI0.2,BLS-B
56,5573.5376241395425,5299.880273827472,1724.9900668680698,8137.496158428031,0.4389057941363587,0.40755839915922804,0.1628939759513379,0.8718062579859563,7.645915910999975,,,,,,deltaI0.2,BLS-B
57,5574.385969718129,5300.762016255431,1725.0220249069241,8138.522775117685,0.43896417257172443,0.4076178103880037,0.16290262568807223,0.8718939205277885,5.136898847000339,,,,,,deltaI0.2,BLS-B
58,5574.862149054649,5301.087800896473,1725.55965070722,8139.684483148786,0.43898969722844133,0.4076276575551369,0.16294676145548467,0.8719620511458626,7.647631718000412,,,,,,deltaI0.2,BLS-B
59,5576.5211901607,5302.6525560210675,1726.1125265852595,8142.216771200028,0.43911780477875,0.4077482703111803,0.16299016697932733,0.8722044820603317,8.052636439999333,,,,,,deltaI0.2,BLS-B
60,5571.369030778179,5298.1912665695645,1723.1721272003504,8134.249292826527,0.43874339310433635,0.40743117426986963,0.16277470081613224,0.8715417441628611,5.481242331999965,,,,,,deltaI0.2,BLS-B
61,5573.758078352514,5300.179370323541,1724.7833946315254,8137.780624376114,0.4389186241614539,0.4075773296567262,0.16288118057552217,0.8718228713110905,4.926751729000898,,,,,,deltaI0.2,BLS-B
62,5575.570771446162,5301.8232429115305,1725.5896755392985,8139.993836612187,0.4390559017177346,0.4077039956763443,0.1629341484855661,0.8720344749624149,5.6144036060013605,,,,,,deltaI0.2,BLS-B
63,5567.997943338487,5294.628708596654,1723.2260255479368,8130.2657957407455,0.4385025846652833,0.4071733736967107,0.16277088348526195,0.8712064186738614,8.54700794999917,,,,,,deltaI0.2,BLS-B
64,5573.950116094761,5300.425084426941,1724.6488979182027,8137.920604850452,0.43893640381741744,0.40759631763961535,0.16288157797244232,0.8718737655812598,4.482958673999747,,,,,,deltaI0.2,BLS-B
65,5571.143019517264,5297.864977667761,1723.4445805761527,8133.527414161913,0.43873620577717465,0.40741110489393556,0.16280555847038497,0.8715467887007138,3.441272789999857,,,,,,deltaI0.2,BLS-B
66,5578.551238541746,5304.697202217755,1726.3897340458116,8144.852465759644,0.439261686143292,0.4079028630327648,0.1629910526474427,0.872371355571996,4.3988376340003015,,,,,,deltaI0.2,BLS-B
67,5577.8326200435395,5304.192234287225,1725.6191581426292,8143.238347922295,0.4392097195510622,0.4078656804351725,0.16294405319396119,0.8722401386356967,3.537696171999414,,,,,,deltaI0.2,BLS-B
68,5570.813619538006,5297.403446420733,1723.7984538454236,8133.441200630216,0.4387079878137992,0.40738193673889045,0.1628025067082913,0.8714643721664459,4.484403701000701,,,,,,deltaI0.2,BLS-B
69,5577.7150074641695,5303.972080123841,1725.9156635704394,8143.406518584122,0.43920496485710225,0.4078531357387197,0.16296263627967578,0.8722661462931183,4.850613107000754,,,,,,deltaI0.2,BLS-B
70,5574.478064729832,5300.528847599846,1726.035813624939,8140.4009273619595,0.4389671348778825,0.4075929144927871,0.16297288596012713,0.8720199515285174,7.397267214000749,,,,,,deltaI0.2,BLS-B
71,5572.368121748135,5298.352200332353,1725.905688474356,8136.734288386511,0.43882451110966453,0.40744448526666505,0.16295994285841692,0.8717738465526352,6.774571915000706,,,,,,deltaI0.2,BLS-B
72,5575.279568959062,5301.27940656223,1726.3194737972315,8140.8578465906985,0.43903273365539836,0.4076597077409415,0.16298252638090396,0.8720861143517326,6.18818704899968,,,,,,deltaI0.2,BLS-B
73,5576.401555885714,5302.821913001617,1725.2055157210925,8140.906707252148,0.43910798521516714,0.4077617046682074,0.16293009202047679,0.8720916451993076,6.317589530000987,,,,,,deltaI0.2,BLS-B
74,5570.079162873756,5296.371281023626,1724.5965134571545,8133.493688827106,0.43865654159878753,0.4073008535581837,0.16286674362245898,0.8714956920013693,8.225696262999918,,,,,,deltaI0.2,BLS-B
75,5569.762741969785,5296.120701894141,1724.3440819056584,8133.239605383244,0.43863010291073157,0.4072780679128095,0.1628525178702738,0.871468918549462,6.449790577000385,,,,,,deltaI0.2,BLS-B
76,5574.462563631996,5300.761370204394,1725.2715060196886,8138.933330121696,0.4389679600012186,0.4076122604994665,0.16292671664937736,0.8719296705075524,5.410080548999758,,,,,,deltaI0.2,BLS-B
77,5569.631780123627,5296.14295423847,1723.8526545019106,8132.577072210319,0.43862004537473753,0.4072762552553589,0.16282996072501077,0.8714343690487456,4.412513265999223,,,,,,deltaI0.2,BLS-B
78,5569.560333743733,5295.9931098541765,1724.0821591759182,8133.139918220817,0.43861332288954075,0.4072683423965188,0.16283164403087144,0.8714315670619753,5.710455020998779,,,,,,deltaI0.2,BLS-B
79,5568.244198319459,5294.799345850448,1723.4974149385866,8130.473066368899,0.4385228584933805,0.4071901335599026,0.16278357580749384,0.8712344758754791,3.711685382999349,,,,,,deltaI0.2,BLS-B
80,5566.904153637847,5293.697571965007,1722.5527197627662,8128.142670920499,0.4384232079982389,0.4071022874963053,0.16273486665967643,0.8710598263191913,3.6254608310009644,,,,,,deltaI0.2,BLS-B
81,5572.392917514998,5298.720066814165,1724.856075361711,8136.2443825195005,0.43881664451411323,0.40746169789750136,0.16289570973205836,0.8716981756515362,4.310721451998688,,,,,,deltaI0.2,BLS-B
82,5576.251486226141,5302.431604687143,1725.919962006983,8141.46351090652,0.4390989051749244,0.4077340329749424,0.16297486579164833,0.8721621122100957,5.495472773000074,,,,,,deltaI0.2,BLS-B
83,5574.129391810407,5300.754380268914,1724.2161919853788,8137.865825462559,0.43894290601741665,0.40761276572081473,0.16285793798413029,0.8718418108731568,5.757340579000811,,,,,,deltaI0.2,BLS-B
84,5579.484461749807,5305.510456162583,1726.906383813853,8145.71004981969,0.4393365426563057,0.40797122014383397,0.16302172017110875,0.8724656958473062,3.8894001340013347,,,,,,deltaI0.2,BLS-B
85,5574.067789970967,5300.525801285063,1724.719674933627,8137.98937556675,0.43894363055796476,0.4076032960457051,0.16288358990421453,0.871869009726603,4.833095461999619,,,,,,deltaI0.2,BLS-B
86,5572.94143044534,5299.7304692873,1723.5234666467302,8135.126683849094,0.4388656333986362,0.407548401979568,0.16281076199774566,0.8716765866537984,5.337516064000738,,,,,,deltaI0.2,BLS-B
87,5576.545284395879,5302.762434155538,1725.852796685381,8141.468394325465,0.43912189181732475,0.40776257284898887,0.16296539527396395,0.8721450065516259,5.444098673000553,,,,,,deltaI0.2,BLS-B
88,5573.0026472038035,5299.258336880054,1725.1723347966856,8137.372226904301,0.43886619052804815,0.40751250131823896,0.1629021008395942,0.8717979209802962,5.353939279999395,,,,,,deltaI0.2,BLS-B
89,5576.3547746112445,5302.8685724079205,1724.9108603339478,8140.771714684878,0.43910340666642705,0.4077683778831557,0.16290104893646806,0.8720810387586526,4.579310484001326,,,,,,deltaI0.2,BLS-B
90,5570.6499862873925,5297.434788081997,1723.173216987305,8132.881236072174,0.4386952606447776,0.4073712854082988,0.16279486336177734,0.871487291009429,4.407227376999799,,,,,,deltaI0.2,BLS-B
91,5576.865661920791,5303.0936288960775,1725.870381654733,8142.368000543349,0.4391405825538861,0.40778906475888393,0.16294947041595811,0.872161761503633,4.491482604000339,,,,,,deltaI0.2,BLS-B
92,5574.348901749058,5300.626405650178,1725.3189230269882,8138.4996894391725,0.43895828021994254,0.4076046219559707,0.16291974691172265,0.8718676686962067,6.271647318999385,,,,,,deltaI0.2,BLS-B
93,5570.308204397526,5296.953190231683,1723.5487786752078,8132.5940555253455,0.4386739107100561,0.40734136679937455,0.1628121949722184,0.8714577700160222,7.134642667000662,,,,,,deltaI0.2,BLS-B
94,5576.962944759588,5303.203634538627,1725.8467191027828,8142.472235078618,0.4391479934331233,0.4077896002619936,0.1629681013404216,0.8722094354503217,5.082101889000114,,,,,,deltaI0.2,BLS-B
95,5573.7972881582,5300.362124670096,1724.348444149968,8137.525365722351,0.43892597193153343,0.4075951997481472,0.16285626171047038,0.8718180047428774,4.8340732239994395,,,,,,deltaI0.2,BLS-B
96,5574.760519547152,5301.177506249252,1724.955621904115,8138.929598843449,0.4389865393276556,0.4076461324022253,0.1628920269638102,0.8718848329050726,4.290042075001111,,,,,,deltaI0.2,BLS-B
97,5572.7728151971405,5299.406453087015,1723.9745052581168,8135.805930418474,0.43885282318220237,0.40752646004280724,0.16283115420572214,0.8716975310963958,8.534573859000375,,,,,,deltaI0.2,BLS-B
98,5569.018634999656,5295.769292034155,1723.0194898844024,8131.292279595643,0.4385782849071948,0.4072618299411925,0.16275353718149332,0.8712870543892763,6.5284146269987104,,,,,,deltaI0.2,BLS-B
99,5572.325462203445,5298.647125238437,1724.862226070037,8136.192574795786,0.4388130262485209,0.4074536462422864,0.1629061023082033,0.8717237773899683,6.129442419000043,,,,,,deltaI0.2,BLS-B
100,5573.538757481841,5299.947324359865,1724.7877087232891,8137.456597982905,0.4389057583305082,0.407561056611992,0.1628872304049496,0.8718305483564281,4.49877398100034,,,,,,deltaI0.2,BLS-B
101,5572.2895388446,5298.833577930057,1724.173256409552,8135.280878933946,0.43881602072346493,0.40747757718751393,0.1628543033910067,0.8716730969543791,6.620424972999899,,,,,,deltaI0.2,BLS-B
102,5576.162141336533,5302.511584122134,1725.3855009027423,8140.805653322349,0.43908961816731057,0.40774530187809577,0.16292164245015195,0.8720526482330718,6.948876714001017,,,,,,deltaI0.2,BLS-B
103,5571.432320606573,5297.995638810243,1723.9780492358882,8134.260894264799,0.4387496911507686,0.40741287622047057,0.16283746428466142,0.8715646046278996,8.221505145000265,,,,,,deltaI0.2,BLS-B
104,5577.297683003468,5303.235313535097,1726.8308122425208,8143.082995792011,0.43917700496811607,0.4077994506746934,0.16302162348039254,0.8722663013320258,3.7322601489995577,,,,,,deltaI0.2,BLS-B
105,5576.23892854101,5302.616359025912,1725.311663777585,8141.532556709734,0.43908829420445517,0.40774218739543605,0.1629258688034632,0.8720943151914635,5.1859552250007255,,,,,,deltaI0.2,BLS-B
106,5570.197521122418,5296.622838031847,1724.2061755943787,8133.068060091468,0.4386690896509847,0.4073209222347087,0.16285035009200943,0.8714950243952168,7.09854230000019,,,,,,deltaI0.2,BLS-B
107,5574.680675095102,5301.21266869324,1724.589478851441,8138.637020736545,0.4389869948445887,0.4076517314338938,0.16287924208330373,0.8719147211556338,5.2442627790005645,,,,,,deltaI0.2,BLS-B
108,5576.996970806883,5303.346461284576,1725.5177553330197,8142.364157079803,0.4391441574061733,0.4077964198491008,0.16294069762411656,0.8721641059597186,8.382766973001708,,,,,,deltaI0.2,BLS-B
109,5571.535746572913,5297.98542889227,1724.343634715825,8134.840744270579,0.43876031436421514,0.4074166995239428,0.1628565209317767,0.871608869852388,4.828384784999798,,,,,,deltaI0.2,BLS-B
110,5572.227450979688,5298.4943571465665,1725.0148731931513,8136.180024178422,0.43881872553998685,0.4074650937292435,0.16289282144022527,0.8717408513104354,4.568706177999047,,,,,,deltaI0.2,BLS-B
111,5571.750801020631,5298.04562686481,1724.8534790911062,8135.2342659865735,0.4387804440700486,0.40742923305361645,0.16287939756657677,0.8716409650138183,4.38089818699882,,,,,,deltaI0.2,BLS-B
112,5575.259061042657,5301.781869325887,1724.7094270704122,8139.545987262846,0.43902977866278653,0.4077007726456951,0.16287181013545143,0.8719626281966399,4.470265583000582,,,,,,deltaI0.2,BLS-B
113,5574.097735991755,5300.596637722343,1724.598751755028,8138.114830805625,0.43894287933850595,0.40760784542767126,0.16287018041308185,0.8718496365224351,8.357947430000422,,,,,,deltaI0.2,BLS-B
114,5572.003959222772,5298.633478744137,1723.8652440159158,8134.884173376203,0.43878348634509373,0.4074524776279968,0.1628294394879558,0.871572242673695,3.7102335970012064,,,,,,deltaI0.2,BLS-B
115,5572.361697122441,5298.860612887999,1724.3233712797326,8135.981790782729,0.4388166770366623,0.40747391860621085,0.16286522557377747,0.8717056288121829,7.2750129160012875,,,,,,deltaI0.2,BLS-B
116,5574.761638500585,5300.887898534112,1725.8490123044794,8139.807656234069,0.4389904828227035,0.4076207334671989,0.16296619789567748,0.8720068238047396,5.428585607000059,,,,,,deltaI0.2,BLS-B
117,5571.839201106709,5298.410885792873,1724.0168700743702,8134.675768171648,0.43878627278675153,0.4074517026749924,0.16283888716562478,0.8716153018307664,7.679957526999715,,,,,,deltaI0.2,BLS-B
118,5575.440492680283,5301.620972159492,1725.7901827793505,8140.78476092048,0.43904109655062723,0.4076787982855162,0.16295730081482887,0.8720848859214528,4.920777299999827,,,,,,deltaI0.2,BLS-B
119,5573.546189277414,5300.07075232646,1724.4324122279804,8136.6394306424845,0.4389132922930641,0.4075769499764133,0.16286776230875447,0.8717946934717367,4.4763171520007745,,,,,,deltaI0.2,BLS-B
120,5574.631282096707,5300.718679240008,1725.9476860227362,8140.013293461155,0.4389787625638709,0.4076074274857127,0.16296790800825417,0.8720117528958721,5.878958041999795,,,,,,deltaI0.2,BLS-B
121,5576.427287452526,5302.572696879074,1726.054485396599,8141.464152737901,0.4391117274243853,0.4077472905521589,0.16297624430879784,0.8721316482264485,6.668451028001073,,,,,,deltaI0.2,BLS-B
122,5572.047250290082,5298.470377742407,1724.5063686897447,8135.856534583456,0.43879561202516093,0.4074576843161372,0.16284908542655888,0.8716222220937461,4.083893023000201,,,,,,deltaI0.2,BLS-B
123,5569.4795109044635,5296.057435324096,1723.62341134396,8131.545072237155,0.4386137940248357,0.40727959043179796,0.16280477734565377,0.8713460838196375,8.414257469001313,,,,,,deltaI0.2,BLS-B
124,5569.046733502272,5295.840354821407,1722.8918875476222,8130.814864819236,0.4385737486067133,0.4072541061952464,0.16276064006403876,0.8712512073686126,5.673122123000212,,,,,,deltaI0.2,BLS-B
125,5571.662703799427,5298.28264734129,1723.8405592721492,8135.0907889340715,0.4387676552037902,0.4074370643563439,0.1628253476634292,0.871617757137552,4.506085726001402,,,,,,deltaI0.2,BLS-B
126,5568.717798104074,5295.472261367656,1722.9600819539642,8130.671802504466,0.4385501075799019,0.40722833907770967,0.1627614103845058,0.8712401088239733,4.315435645999969,,,,,,deltaI0.2,BLS-B
127,5579.357523956865,5305.654984375916,1726.0520174377932,8145.938086005697,0.43931253143318444,0.40796243485096284,0.16297899258710175,0.872433332054409,6.549796301000242,,,,,,deltaI0.2,BLS-B
128,5570.111683678492,5296.8094859297535,1723.3552850228607,8132.085945791634,0.4386609134218567,0.40734322546691465,0.16277252111553722,0.8713683579032107,4.396445547999974,,,,,,deltaI0.2,BLS-B
129,5577.406153183861,5303.520472435691,1726.3053020913471,8143.076967430196,0.4391817982191242,0.40782080593738645,0.1629811097384112,0.8722448985686057,6.885197194000284,,,,,,deltaI0.2,BLS-B
130,5577.544244779307,5303.57445666628,1726.5855857928782,8143.908614659359,0.43919166035981444,0.4078177136985838,0.16301541928072502,0.8723209487469532,4.753973942000812,,,,,,deltaI0.2,BLS-B
131,5580.710377947679,5306.963733219204,1726.402113306462,8146.670422380203,0.4394118795933739,0.40806042016585536,0.16300151355692144,0.8725099552157285,3.7221368810005515,,,,,,deltaI0.2,BLS-B
132,5575.488366070225,5301.792466605812,1725.4179671100853,8140.823408253692,0.43904402508574936,0.4076939058618662,0.1629273920695715,0.8720577786508262,6.767208327000844,,,,,,deltaI0.2,BLS-B
133,5575.329895787018,5301.734333680773,1725.08449124296,8139.665296523139,0.439038253906388,0.4077003163358242,0.16289579630192713,0.8719890429689124,4.583600492000187,,,,,,deltaI0.2,BLS-B
134,5569.162221741521,5295.790979958891,1723.4168818538922,8131.10902785881,0.4385901786337118,0.4072588277896413,0.1627930956194351,0.8713256824444903,7.395250962001228,,,,,,deltaI0.2,BLS-B
135,5574.037699924887,5300.62075935639,1724.3305500002054,8137.721244995035,0.43893793411970716,0.4076008505932129,0.16287435834091785,0.8718562258095336,3.2815429780002887,,,,,,deltaI0.2,BLS-B
136,5580.678532827331,5306.824498652034,1726.7271432587088,8147.329362021342,0.43941599312679375,0.40806146130667886,0.1630099960489059,0.872561412511636,4.683048079999935,,,,,,deltaI0.2,BLS-B
137,5571.107841184915,5297.606474748514,1724.1253483475825,8134.647894281527,0.4387284971243523,0.4073814667503956,0.1628589412261087,0.8716243516091664,7.390697147000537,,,,,,deltaI0.2,BLS-B
138,5577.606343005517,5303.584085740545,1726.7566021344783,8144.216323468185,0.43919362743692564,0.4078150920899997,0.1630272769963055,0.8723444264244589,5.455813000000489,,,,,,deltaI0.2,BLS-B
139,5576.499075781791,5302.510022662412,1726.4789027844674,8142.846223398831,0.4391156854401147,0.4077331000300823,0.1630224044093347,0.8722659154436344,4.846226424000633,,,,,,deltaI0.2,BLS-B
140,5568.986331552094,5295.9003070305,1722.5123218741614,8130.247468264132,0.43857741306481646,0.40727026164046193,0.16273008705809858,0.871236374184643,3.348114414999145,,,,,,deltaI0.2,BLS-B
141,5575.159380964858,5301.433334057913,1725.4584108868198,8140.322320453187,0.43901461611516335,0.4076568261286119,0.16294092571693253,0.8720292223789432,5.924219206999624,,,,,,deltaI0.2,BLS-B
142,5567.452901683613,5294.0480445107,1723.2489996740803,8129.352615635969,0.43847140249627053,0.4071416124527867,0.1627663301066634,0.8711694773381724,6.186916122000184,,,,,,deltaI0.2,BLS-B
143,5572.081139629872,5298.159375994393,1725.5710513281256,8136.509888587388,0.4388008574567952,0.4074228391730058,0.16295036859432313,0.8717728065775544,4.8710656729999755,,,,,,deltaI0.2,BLS-B
144,5575.033452931493,5301.089541775392,1726.1076650617158,8140.578959834094,0.43900596822027166,0.40763413175688273,0.16297439909332545,0.8720412238432301,5.821508109000206,,,,,,deltaI0.2,BLS-B
145,5576.409971113078,5302.9551715526595,1724.8230675730993,8140.924712163415,0.43910561722181146,0.40777375263638865,0.16289355339173292,0.8720656020465192,7.988152763000471,,,,,,deltaI0.2,BLS-B
146,5571.224105244045,5297.675478145338,1724.2890010406793,8134.473164706978,0.43873814533827976,0.4073962683413863,0.16284790669943114,0.8715700267266313,4.11531871599982,,,,,,deltaI0.2,BLS-B
147,5571.191682978292,5297.757069729606,1723.933524999287,8133.869291827731,0.43873159679492335,0.40740170104530465,0.1628166699438833,0.8714863488216855,7.360183588998552,,,,,,deltaI0.2,BLS-B
148,5574.874320225874,5301.391700565071,1724.6651047358978,8138.982148308859,0.43899996575735045,0.4076699607144138,0.1628685760546312,0.8719108814327731,6.916528388999723,,,,,,deltaI0.2,BLS-B
149,5575.015657243496,5301.197061011185,1725.7199363849618,8140.195394137812,0.4390056239070794,0.4076408514425625,0.16295666312620274,0.8720093347608261,7.909193216999483,,,,,,deltaI0.2,BLS-B
150,5574.1787477509715,5300.428432900081,1725.3773904809882,8138.478565282951,0.4389487245906652,0.4075879866683613,0.16293561901377895,0.8719083833726631,7.559412879001684,,,,,,deltaI0.2,BLS-B
151,5572.715100326115,5299.159643048406,1724.546510503497,8136.311641252169,0.43884169282102553,0.40749529248219823,0.1628791514064063,0.8717278719572071,4.383943093998823,,,,,,deltaI0.2,BLS-B
152,5577.461556340689,5303.629679461245,1726.1487872127643,8143.070832899542,0.43918548647752875,0.40782652278761405,0.1629767432594827,0.8722426575817196,6.835610207999707,,,,,,deltaI0.2,BLS-B
153,5575.620111807934,5301.834050504661,1725.715889741553,8141.165509143209,0.43904773890678317,0.40768651035700254,0.162955902967915,0.8720776996313759,7.366242178000903,,,,,,deltaI0.2,BLS-B
154,5578.986147815627,5304.995312329611,1726.879026938337,8145.3008518360875,0.43929376132902426,0.40792155496779076,0.16303071408560244,0.8724311252949646,4.390047557999424,,,,,,deltaI0.2,BLS-B
155,5574.951936533286,5301.3012242914165,1725.194025025173,8139.657375729213,0.4390005597516928,0.40764558634816145,0.16293117379176772,0.8719964208987115,8.817552911001258,,,,,,deltaI0.2,BLS-B
156,5572.683338991906,5299.210393693338,1724.2879110086194,8136.517396745607,0.4388444321788684,0.40750659285887064,0.1628582587127469,0.8717491243250378,4.567826131000402,,,,,,deltaI0.2,BLS-B
157,5575.41471125479,5301.608409687054,1725.745483207719,8140.862775964902,0.43903679674569374,0.4076815774111892,0.16293876253440773,0.8720373149917076,6.09196188200076,,,,,,deltaI0.2,BLS-B
158,5575.744014088953,5301.794580237774,1726.2373937585048,8141.33911144765,0.439066063083802,0.40769192663167053,0.16299171976289417,0.8721523395016464,5.074857958999928,,,,,,deltaI0.2,BLS-B
159,5572.353697931868,5298.567713151885,1725.197357985272,8136.837994656646,0.4388224346395701,0.40746730141001913,0.1628972910291523,0.8717479724723147,4.846440821000215,,,,,,deltaI0.2,BLS-B
160,5573.914272212384,5300.085981225108,1725.5749492832813,8138.594539386961,0.43893153010828156,0.4075657880181194,0.1629448267370483,0.8719075168752374,5.407441199999084,,,,,,deltaI0.2,BLS-B
161,5571.455335712736,5298.026362635571,1723.9580095409563,8134.2471918788315,0.43875049730084625,0.40741441751456214,0.16283578010686095,0.871573423539224,7.84534644499945,,,,,,deltaI0.2,BLS-B
162,5574.655661307979,5300.79410001127,1725.7947883334282,8139.661400684795,0.43898052439894075,0.407613308548555,0.16295794394772414,0.8719832400141897,8.689932909999698,,,,,,deltaI0.2,BLS-B
163,5573.27083315817,5299.7981839651675,1724.3801753009889,8137.198298335779,0.4388819512133066,0.40754510944836503,0.16286298187592974,0.8717878520471051,6.756271903999732,,,,,,deltaI0.2,BLS-B
164,5575.159965092339,5301.349293153648,1725.7184904693254,8140.362738911154,0.43901639193465963,0.4076529704149437,0.16295535615376308,0.8720275194755278,5.787978002999807,,,,,,deltaI0.2,BLS-B
165,5571.182429097866,5297.663366800054,1724.1915526859275,8134.886068241913,0.4387287915070655,0.40739029935991233,0.162837638415359,0.8715717840466213,5.105384789001619,,,,,,deltaI0.2,BLS-B
166,5575.6592353855,5302.126636741988,1724.943198221528,8140.180093287612,0.4390511973488552,0.407709979697376,0.1629064957226342,0.8720148142958193,4.294057167999199,,,,,,deltaI0.2,BLS-B
167,5577.508643224391,5303.760106965796,1725.900168897655,8143.232251319447,0.439189073123296,0.40783224067048324,0.16297210012941762,0.8722837867865959,3.6190303599996696,,,,,,deltaI0.2,BLS-B
168,5571.084607604751,5297.563695721282,1724.181717472508,8134.480732719099,0.4387258887038962,0.4073841301015965,0.16284525157458227,0.8715700347247278,5.433958278999853,,,,,,deltaI0.2,BLS-B
169,5569.659020345162,5296.189169669526,1723.7986779167234,8132.375265920277,0.4386224163000122,0.4072846800784473,0.16281527402015453,0.8713945349853314,6.152480271999593,,,,,,deltaI0.2,BLS-B
170,5577.3477430832245,5303.74957942792,1725.4124857533914,8142.215195819374,0.43916918962472307,0.4078261041656838,0.16293386964249248,0.8721459332991383,6.0205642330001865,,,,,,deltaI0.2,BLS-B
171,5575.559358951678,5301.849021062613,1725.4735938434578,8140.5245283911745,0.43904917617675937,0.4076917326681034,0.16294670974146988,0.8720842134785718,6.517642801998591,,,,,,deltaI0.2,BLS-B
172,5577.283561995522,5303.338368543363,1726.4686732290545,8143.645252702203,0.43917351460572557,0.4078078305404676,0.16299125522868615,0.8722728579717026,8.18926374000148,,,,,,deltaI0.2,BLS-B
173,5578.162065523026,5304.2564775855135,1726.4863883715498,8144.319987928008,0.4392330033941867,0.4078602040071246,0.16302050563639012,0.872376567295768,5.74155170099948,,,,,,deltaI0.2,BLS-B
174,5577.173692213333,5303.212502954896,1726.5003740571174,8143.180961678318,0.4391655407087706,0.40779158380904396,0.1630104178282429,0.8722759839121077,7.72797880699909,,,,,,deltaI0.2,BLS-B
175,5577.319144734354,5303.637162899584,1725.665577836792,8142.189213790719,0.43917174387461433,0.4078251994319806,0.16294301864803892,0.8721589095138708,3.5327070010007446,,,,,,deltaI0.2,BLS-B
176,5573.540301925273,5299.998630364384,1724.6350382967757,8137.403772771064,0.4389007534443398,0.40755684823786226,0.16288427434356356,0.8717982311660596,6.326860467001097,,,,,,deltaI0.2,BLS-B
177,5575.844172679088,5302.324509715775,1724.9327614915078,8139.998282223203,0.43907047331190724,0.40773047196545237,0.16290715995674238,0.8720339932601419,7.918867145999684,,,,,,deltaI0.2,BLS-B
178,5573.1155168076675,5299.331017491106,1725.3136905325582,8137.427869090489,0.43886855287228077,0.40749849044563563,0.16294350856888426,0.8718409812503548,3.354008487998726,,,,,,deltaI0.2,BLS-B
179,5567.106935871453,5293.893170203465,1722.6069597854146,8128.052059257762,0.43844419199673734,0.407132309404682,0.16271629338969787,0.8710332287915739,3.798846317000425,,,,,,deltaI0.2,BLS-B
180,5572.563016722946,5298.892498450852,1724.8758984951978,8136.009702428392,0.43883099051324453,0.40748107714963583,0.16288588029601536,0.8716695502448484,4.846852681999735,,,,,,deltaI0.2,BLS-B
181,5573.544609761372,5299.778500194946,1725.325292769877,8138.143168372111,0.43890418888510074,0.407553120766233,0.16290285686442868,0.8718131586949187,5.803225869000016,,,,,,deltaI0.2,BLS-B
182,5568.379357417575,5294.973406663246,1723.3993416626263,8130.670881649874,0.4385385799690988,0.4072012340555751,0.16279816063128716,0.8713183223180072,3.8121492600002966,,,,,,deltaI0.2,BLS-B
183,5574.672164678315,5300.871309823629,1725.6109353872139,8139.671309271066,0.4389902914881712,0.4076319146503264,0.16293771257562975,0.871996343955371,3.716075926000485,,,,,,deltaI0.2,BLS-B
184,5569.554130978031,5296.109180366525,1723.7055338809662,8132.233710515681,0.43861767143728414,0.40728372657446377,0.1628048763541277,0.8713812884613705,7.653249577000679,,,,,,deltaI0.2,BLS-B
185,5571.999065181694,5298.531905292898,1724.1616023386216,8135.369972776028,0.4387944849244923,0.4074574400992834,0.16284665949257107,0.8716650369695333,6.970514983999237,,,,,,deltaI0.2,BLS-B
186,5577.895369494449,5304.121866433741,1726.0382322089674,8143.804244847155,0.4392160300426606,0.4078621896493551,0.16296979873850487,0.8723022656656876,7.881340378000459,,,,,,deltaI0.2,BLS-B
187,5579.46733511899,5305.435235581312,1727.0821360641978,8146.490507015827,0.4393255428334363,0.4079528611696542,0.16303801903048978,0.8724897271254791,7.658875638999234,,,,,,deltaI0.2,BLS-B
188,5568.809386504195,5295.354424370935,1723.618143183807,8131.129921461115,0.4385672240725961,0.40723147099518386,0.16279968999307526,0.8713250542695463,7.020596227999704,,,,,,deltaI0.2,BLS-B
189,5571.7484436833,5298.3732365817505,1723.8392516593594,8134.524255389246,0.4387745947337431,0.40744329038737326,0.1628284683403709,0.8715799089179982,5.211197257000094,,,,,,deltaI0.2,BLS-B
190,5574.93684675474,5301.257870404367,1725.2784809355983,8139.689975324112,0.43899631853275967,0.4076463617401231,0.16291780579591944,0.8719476702766803,4.308667745999628,,,,,,deltaI0.2,BLS-B
191,5580.2815154702475,5306.285793745375,1727.099553295914,8147.246932077586,0.43939141388519565,0.4080192630765218,0.16304936539135434,0.8726054425129989,3.807950794000135,,,,,,deltaI0.2,BLS-B
192,5577.900443952766,5304.186596951329,1725.8557029399524,8143.544616329467,0.43921101426301756,0.4078653744747454,0.1629483088421732,0.8722438059125661,7.482421340999281,,,,,,deltaI0.2,BLS-B
193,5576.298180168901,5302.7489186999155,1725.0957362946187,8140.856758818013,0.43910239894164343,0.40776171778936965,0.16291500318193117,0.8720963818535231,4.852621469000951,,,,,,deltaI0.2,BLS-B
194,5570.8222041834115,5297.342793905621,1724.0125737589951,8134.409566187868,0.4387086506954172,0.4073743594541064,0.16282325219190946,0.8715476279315182,5.949716050999996,,,,,,deltaI0.2,BLS-B
195,5569.216215814712,5295.5324720632425,1724.3854255407352,8132.404967176412,0.4385978977788418,0.4072427017278614,0.16285422262075808,0.8714377605932687,4.082545298999321,,,,,,deltaI0.2,BLS-B
196,5573.137090630306,5299.31972566576,1725.4180583641205,8137.746301167745,0.43887649604275375,0.4075148757841946,0.16292392333036199,0.8718387067496192,3.6271185239984334,,,,,,deltaI0.2,BLS-B
197,5577.95004262698,5304.1529978475455,1726.1192465954446,8144.208292544516,0.43921498110409546,0.4078528676768056,0.16299030018402022,0.8723443406889134,6.110465605001082,,,,,,deltaI0.2,BLS-B
198,5574.993882522992,5301.390610821779,1725.0548923612444,8139.749228012723,0.4390060258613689,0.4076622419440675,0.16290422718803038,0.87197226121426,6.891329258000042,,,,,,deltaI0.2,BLS-B
199,5580.0394160574615,5305.998485304333,1727.2000343628463,8147.48935707637,0.43936407107237957,0.40798981166812853,0.16304938063145175,0.8725578652233579,4.216353773999799,,,,,,deltaI0.2,BLS-B
200,5579.271207561141,5305.295936090238,1726.8764397099064,8145.772139357997,0.43931256834910354,0.4079440894765895,0.16302500596718922,0.8724425144703978,4.897018762001608,,,,,,deltaI0.2,BLS-B
1,320.9177054208026,294.58080704985673,127.31976190053169,535.9419740871365,0.025267531284105554,0.02267276293332806,0.01115320394157473,0.2003927918496706,13.229623298999286,-0.006524556265081981,-0.0049071139179035494,0.014142416701307508,0.01632965252578648,175.45016259459044,deltaI0.2,BLS-G
2,318.0802683029541,293.4318967597904,122.77124682771205,521.3558450674436,0.02485894512268462,0.022563565765080014,0.01043324746076478,0.1991101788025411,28.926679139000044,-0.007512641944423485,-0.0065253717846140424,0.015470089413312002,0.018394127659892335,139.77260954015037,deltaI0.2,BLS-G
3,193.3966245231707,154.32028827453212,116.56544515344832,352.64590594703776,0.015012768003887938,0.0119264915952508,0.009118223586147327,0.1100492355745465,11.458457349999662,-0.012817219803546772,-0.007955394265099058,0.010899734677764289,0.01861111596469325,-2.241013161448791,deltaI0.2,BLS-G
4,322.02697586687566,296.72109892663997,125.1317810859115,541.2145490255053,0.025300529186174127,0.022857189039535042,0.010847381541708966,0.20051302257483195,7.99343568400036,-0.006628333656426618,-0.006401392348141355,0.016584057202504804,0.01897217921989227,154.86877352859483,deltaI0.2,BLS-G
5,2952.898102065388,2290.9494015238824,1863.1044095376758,5377.707336939155,0.20875306645920064,0.17381615391668812,0.1156104986310916,0.37789852305243377,12.672696133999125,-0.04380085401320392,-0.014625292984591226,-0.02826617367649654,0.05414231784363319,-3393.6522952209216,deltaI0.2,BLS-G
6,342.6599195074789,325.22139025444085,107.9206549175858,538.5496850519357,0.026320732120896608,0.024832142921585143,0.008726145615446004,0.15961769685207383,9.788167479999174,-0.008392180830010507,-0.007044974523570835,0.016555872883518303,0.019853394975584773,83.30262989191033,deltaI0.2,BLS-G
7,313.3748029908726,278.77431267004863,143.13856833470905,527.9944551179481,0.02424629867020287,0.02141732333276773,0.011365793437519643,0.19676281280234145,11.18952641100077,-0.007763708596252766,-0.005085454286101576,0.014458344667546945,0.017180824979876292,124.48779893702522,deltaI0.2,BLS-G
8,300.2551197001423,266.99336156809574,137.35968034585287,497.2045295107735,0.022775509909770442,0.020407533747430873,0.01011219155265177,0.11861329572173664,10.746846314999857,-0.009433646918990882,-0.005951021723945821,0.013616937187947204,0.01760196955262566,65.34050049997677,deltaI0.2,BLS-G
9,327.97840647377774,301.70268064209904,128.62864224755768,573.0406356134974,0.02633778729480783,0.02341507273962959,0.012058748201384594,0.20151699190936503,23.709921356999985,-0.005286865757962152,-0.005842003494885173,0.020410219070225808,0.021878231118433056,219.42595043026813,deltaI0.2,BLS-G
10,356.42739462257197,342.2678453727724,99.46461512173397,570.8896148168817,0.02828205249560185,0.026320392125054038,0.010349466254226457,0.20120491140813734,48.20495922200098,-0.005156175431931798,-0.00667280707061077,0.01753864751486136,0.019460643769850027,211.6457840225412,deltaI0.2,BLS-G
11,449.97470862900474,431.80124657270835,126.58958039275116,729.7922661810289,0.042157360972190944,0.035277202701973716,0.023081638885994786,0.20752960593497957,18.13750759800132,-0.019585034232520792,0.002834276426432941,0.004615932421715538,0.020320273641668544,-1594.2011165178992,deltaI0.2,BLS-G
12,361.8585876190589,353.0653660513888,79.28735541471217,507.959317498394,0.02812661887506732,0.026929737497247343,0.008117630668652247,0.19906031729384802,17.78447015600068,-0.0121417113232103,-0.007992112312163846,0.016701205629878122,0.022141031650713273,-81.78235881418368,deltaI0.2,BLS-G
13,307.0469835879616,261.33820462976144,161.1837241515374,495.5640399279754,0.024697329913509536,0.019654329863605175,0.014955447919381437,0.20173134144191576,17.07283393200123,-0.01563469183240377,-0.005246715867098017,0.01353367750354677,0.021333823915423582,-241.15515048145426,deltaI0.2,BLS-G
14,2092.852032749206,1739.4980106641121,1163.690810257639,3274.192689183313,0.1422785095782674,0.11831602746154218,0.07902209775456942,0.22881730640105255,12.420086356998581,0.024172317122378786,0.014714535937017492,0.0015061230725137607,0.028338787723122247,1020.5115168381835,deltaI0.2,BLS-G
15,327.94861048091656,302.02445456941365,127.79483541369021,550.4647124237496,0.025735198824019912,0.023239617726182018,0.011055343796226455,0.20057980722157143,12.07202057900031,-0.00678611152380538,-0.006334847290935058,0.016651081832961906,0.01906410569685831,158.45515549625998,deltaI0.2,BLS-G
16,328.7759321913102,302.0663828482438,129.80567761559266,553.3127050856755,0.025870094944139603,0.02322839532849475,0.0113887428139352,0.20067546677011616,14.142717994000122,-0.006495370174215691,-0.0048272613589459,0.015230842919986389,0.01724734362100328,180.27402246225574,deltaI0.2,BLS-G
17,313.8960111029185,288.11414170740926,124.58309329329742,523.5161472700153,0.02454254979652191,0.02221425444400556,0.01043377448537857,0.19756229850365994,13.425055081999744,-0.007505443609709704,-0.005145280812147296,0.01664199270206383,0.01896738040716032,126.85453943005632,deltaI0.2,BLS-G
18,329.65095595950913,305.81654641494845,123.0690566464694,543.5568520088713,0.025760923555848993,0.023475201835319086,0.010608490997372188,0.20024032423384033,12.17051537899897,-0.006936891043621247,-0.00668401489356954,0.015422971941131862,0.01818418477538855,148.73358202421514,deltaI0.2,BLS-G
19,323.579102363154,295.54362590696405,131.7474882944984,503.079547476281,0.025110105504081836,0.022693562141027076,0.010748006130323121,0.19739939773946574,10.300932997000928,-0.011916841936037146,-0.00609664985862976,0.016483646884899936,0.021234191198472693,-65.68404029987505,deltaI0.2,BLS-G
20,329.0716049339653,303.156976623413,127.99987772793834,549.3056473919083,0.025779053862104113,0.0233295502753667,0.010967757381270003,0.20015097698759957,10.924335568999595,-0.0070158728807097155,-0.006923569348618208,0.017182550845145875,0.019809046881398073,150.82765383200058,deltaI0.2,BLS-G
21,322.7235996838118,296.5022020367635,127.42435395256074,541.8286506821037,0.0255659523580535,0.02285606692009675,0.011455048010301842,0.20040895379314155,9.258706552000149,-0.006438769856835248,-0.0057097425883715636,0.015219626942794608,0.01748416317621732,193.09646913990946,deltaI0.2,BLS-G
22,321.6828518598661,296.33666628976164,125.15765015757923,538.1789795360081,0.02561457984209675,0.022908563140863005,0.011458814742731561,0.20014907930558817,11.987238084000637,-0.006458125012298487,-0.0063310688918322144,0.016072917807502772,0.018442572999295425,197.0362165747738,deltaI0.2,BLS-G
23,328.0907577890388,303.8915770973255,123.66670819539887,529.4352888727011,0.024975862255498228,0.023223134017458888,0.009191286189253653,0.08266176057831771,11.007135562998883,-0.009046337286408026,-0.005712253883525503,0.017596823215205667,0.020594034330274128,50.31156563464174,deltaI0.2,BLS-G
24,323.4065389164002,297.3901864551352,127.08605908621534,539.6087260411178,0.025742432189560734,0.022946880093027217,0.011666769434182019,0.20017031951281947,13.51522320299955,-0.006309704068559673,-0.006993518096150314,0.014129639230446883,0.016981412355177174,208.43359747933027,deltaI0.2,BLS-G
25,332.96432670631197,308.23534244868216,125.92146967269433,549.2094845376662,0.025947879566448187,0.023656549992997874,0.010661148926062874,0.19964521957020992,19.34960018200036,-0.007096804754423825,-0.006340685859817258,0.015668444933453114,0.018332187581626795,139.66283358095825,deltaI0.2,BLS-G
26,342.3990809296299,326.62404656693593,102.73199514121862,545.1583138779217,0.0272188994405724,0.025133603528238947,0.010448466894300202,0.2004760333582099,96.15650145400105,-0.006086035747475412,-0.007036043457756408,0.015675785834495637,0.018228439323978326,210.03871997920396,deltaI0.2,BLS-G
27,707.9439620828888,699.3172773261581,110.18166400426213,890.1182191983202,0.05171120360162907,0.050720823281170106,0.010072073451352942,0.21591173747962286,11.383825075999994,0.00992393700550799,0.017459629843142477,-0.03215308454041342,0.03790968273952995,187.31963535114664,deltaI0.2,BLS-G
28,325.259145273465,299.5771484421881,126.67692653073098,543.1349585732116,0.02538680431888851,0.023058304559791378,0.010620942724327261,0.19876114800063585,10.586707274998844,-0.007085847245098835,-0.005119464948475622,0.017322629178882998,0.01940339233764637,130.30265488338773,deltaI0.2,BLS-G
29,331.13312246729726,305.20822990982026,128.4409638326353,549.7028938690304,0.02575402045042636,0.023404670094741807,0.010746673304668638,0.19961383088610932,16.151882835001743,-0.007141004802340628,-0.006053812772917305,0.01567744400390829,0.01825992467597467,137.91843663296459,deltaI0.2,BLS-G
30,321.3303917143625,295.5141547488816,126.19272951465834,540.9231475053676,0.025209942421363735,0.022725198912244764,0.010913593875868016,0.20076693822566427,16.717800151998745,-0.006432837136623488,-0.005665422623548133,0.015391508923510936,0.017617518385750305,162.02729573530087,deltaI0.2,BLS-G
31,326.368332761373,299.8835640708075,128.7871757188122,551.1343803090695,0.025719300700254643,0.02311583549805076,0.01127566307306028,0.20080202052527,23.14885239599971,-0.006352681842696137,-0.005165943657984812,0.016377682841492717,0.018310435159452645,169.50196599078845,deltaI0.2,BLS-G
32,324.7655966509128,298.3048001653926,128.40147571702042,551.8862781344563,0.026018068738156496,0.023120144001940287,0.011933098599818113,0.2004274511157551,14.197873802999311,-0.006182907538305996,-0.0069932314230681525,0.01773912476399387,0.020045203385258267,212.53632802071297,deltaI0.2,BLS-G
33,321.66237579095883,295.8813064146899,126.17819349562912,541.4380692229126,0.02541753487183967,0.02284716916680959,0.01113813000572227,0.20041559238238588,8.782236058001217,-0.006704174722863958,-0.005441265026440073,0.017389955013484552,0.01941555714301458,169.7750830512141,deltaI0.2,BLS-G
34,319.10333407130906,292.92934309948583,126.56752255902464,544.5874178224719,0.02542000010911813,0.022641517070669182,0.011555869083983329,0.20072716776719404,20.049342006001098,-0.006107663570780644,-0.006097301904436886,0.016798564692770065,0.018885772966571204,200.12225413260967,deltaI0.2,BLS-G
35,326.0791769215304,300.6000565037586,126.36152757766045,545.4789070741776,0.025518641285882913,0.023192187865050253,0.010645349928949438,0.19781785505037738,19.01595143600025,-0.007405447865398931,-0.005236794790725308,0.018778470459099084,0.020854151398476187,126.79913907039918,deltaI0.2,BLS-G
36,352.3693863696085,337.0815051722209,102.66568716627971,498.89949837312423,0.028240533823446264,0.025998811241370046,0.011026765829962247,0.2010634929203407,10.480606066999826,-0.014016289625357756,-0.007184042891823644,0.013654418782330919,0.02084490343985178,-207.74379488462546,deltaI0.2,BLS-G
37,331.6105315310863,304.7770715026269,130.67701140067527,561.2041297971135,0.026456007715049492,0.023557506502658223,0.0120401092850511,0.20056060634768402,10.898019664999083,-0.005948360131596521,-0.006700809460315149,0.016696241133749023,0.01894856996384975,217.3087246790783,deltaI0.2,BLS-G
38,322.12346111509737,295.748612913832,127.65689233376312,538.7316942394228,0.02540878919410679,0.02280758270432124,0.011199140123067686,0.200102715273579,53.43060857399905,-0.006825889023961864,-0.0055670063842154505,0.015929835796261067,0.018202856631451533,171.52312181161687,deltaI0.2,BLS-G
39,182.53864797747528,150.06676871600155,103.9246021526315,333.31456313961445,0.016268257696878403,0.011723040340530492,0.011279473997768609,0.20001752179580778,27.92357523800092,-0.010894752188694616,-0.00473766273787149,0.013272333891519727,0.017812802148984456,-187.396441287985,deltaI0.2,BLS-G
40,318.174830239336,288.4266854915554,134.33268289655217,540.8848264849529,0.025151965014178178,0.022246154945473866,0.011735839732052052,0.20062520041865364,13.718660802000159,-0.00626457129846846,-0.004778435489848326,0.014233380941643184,0.016268602654013288,186.0570796162301,deltaI0.2,BLS-G
41,377.2020682767832,361.91545074512624,106.29490497777945,525.8975633632487,0.03338174666267804,0.02877903094791846,0.016914738778650056,0.20358936855066806,10.952798156999052,-0.02738817340907791,-0.008463838413839214,0.013698275071131454,0.03177091977431066,-756.2798199689278,deltaI0.2,BLS-G
42,322.2849793828595,296.34416569900225,126.6796881586486,544.5952928168113,0.025500776892790566,0.02286278192577877,0.011295256736797307,0.20064391678500126,23.881037405000825,-0.00628323475132017,-0.004765832370549283,0.015934822397244662,0.01777950398509764,182.26962407521933,deltaI0.2,BLS-G
43,381.6421670853883,373.2838068272185,79.43515127581293,543.3631010569286,0.03163052772991431,0.02932056721771084,0.01186569098302238,0.20261956130906453,11.480791576999763,-0.006104759741261821,-0.00011158901549265798,0.021861667448576844,0.02269830494197913,-338.03526743347356,deltaI0.2,BLS-G
44,334.39630336096553,308.16195824851906,129.83487663150018,558.6130040826296,0.02622688159269339,0.02367347742288273,0.011287860062271367,0.20089987287170466,20.4781599429989,-0.006348241141986856,-0.004869887715525267,0.015489852057562249,0.017434204562405593,172.93144350276998,deltaI0.2,BLS-G
45,379.6481345499772,346.0669116460726,156.11021341035635,588.6243024266439,0.03268662709813399,0.027344628101139357,0.017907733107874014,0.20504608527892518,10.168547213999773,-0.016148154230312763,-0.0016085366880486396,0.014165599741699973,0.021540995598273,-669.2229188366418,deltaI0.2,BLS-G
46,329.91797823449843,304.5885793693879,126.774089151045,541.4869164571973,0.02552354266589906,0.023343830760498067,0.010320697439766087,0.19403959777135427,8.089378786999077,-0.007750434459194592,-0.005139847311330076,0.015961020746647816,0.0184727217259661,115.66031352542632,deltaI0.2,BLS-G
47,330.2269751226787,309.78981683927566,114.36837185761759,531.2905244384146,0.025494192131835552,0.023748608813372034,0.009271322013843224,0.1723958020296151,19.34187477299929,-0.008079147565126813,-0.007030998393920879,0.0178609519069404,0.020825973370204105,91.22406416378726,deltaI0.2,BLS-G
48,7843.973223454016,6643.174685009372,4170.868738610007,11784.548667079789,0.5335709609172338,0.45594340506280917,0.27715263252199385,0.7703682364884871,12.769188694999684,-0.01732612538705581,-0.007266812395791106,-0.06742384916409722,0.06999268975704917,6329.488075121932,deltaI0.2,BLS-G
49,269.86018384987506,253.39957585386145,92.80718606105607,424.9828062912477,0.02094434248601907,0.01953096067121143,0.007563534718057142,0.15122341689464103,9.705902067000352,-0.009011868595738272,-0.007430556305728503,0.011980200982821118,0.01673177092205853,80.17068935986026,deltaI0.2,BLS-G
50,319.73641870618184,282.1091109204605,150.4853048730078,579.6059135933912,0.030369462088305346,0.022882356694748814,0.019967523121992365,0.20450040475626657,25.088805580000553,-0.0165145194044182,-0.003322883317383618,0.006562472281215929,0.018078632336036345,-984.3531254474619,deltaI0.2,BLS-G
51,984.3435500607446,875.4667047534602,449.9891925527849,1452.9573088181744,0.07587618718736613,0.06854008205597426,0.03254923860634134,0.20302271701295446,12.180324602000837,-0.030349911130804583,-0.002741025190566515,-0.015313858367643034,0.03410490555400039,-1416.049464791915,deltaI0.2,BLS-G
52,2440.752892811004,1971.76044170591,1438.5532469425666,4009.7819997479714,0.17225596256499376,0.14576748558212185,0.09178211583014648,0.29168420991122457,19.907357080999645,-0.02871514301550521,-0.016628305219737932,0.012101102880272989,0.03531991879663135,-1591.274580081934,deltaI0.2,BLS-G
53,316.3617099049276,289.1550076473879,128.35152140278134,527.2075812630902,0.024649901403751038,0.022249198361363753,0.010610881749003513,0.1976721496048565,10.806245224999657,-0.0076315033397132475,-0.005239328847913394,0.01604771842118017,0.018526188936910833,127.54834381532237,deltaI0.2,BLS-G
54,326.6096106161916,305.41785313809874,115.73146819847678,501.3613292041845,0.026145103941822206,0.02356580272327062,0.011323400643648458,0.20057347778024662,10.175296492001507,-0.014281890149475193,-0.006469005487982266,0.014436907333435325,0.02131301742127144,-174.82349583167888,deltaI0.2,BLS-G
55,328.10230259856087,301.44222475160365,129.55194366462152,558.1556650122583,0.026152845294315434,0.023290417375342452,0.01189654468619956,0.20088283440908763,12.49975299900143,-0.005689297943861419,-0.006520777229771263,0.01660543271296736,0.01872509125102507,212.24761135273548,deltaI0.2,BLS-G
56,338.71297798056446,320.5202649866494,109.51365752886899,533.8909195752659,0.026114984942432227,0.02450424333659115,0.00902964545508793,0.1817061355784628,10.481216841000787,-0.00793258141088369,-0.006550537691850933,0.016216669703509712,0.019204576750488072,98.64548242604906,deltaI0.2,BLS-G
57,367.21299815351125,330.1553007117953,160.7571566829754,595.1926674162212,0.03220748172762967,0.02630385570759679,0.018585721781774485,0.20517526922639115,21.781982830001652,-0.016066850519423255,-0.0012352876079783082,0.016069721805959458,0.022757538970829973,-718.0713648843557,deltaI0.2,BLS-G
58,538.4216981453477,476.7461920782479,250.22188827640596,1009.1412344874958,0.03880677986906416,0.03141099342478692,0.022788498324242342,0.20192160284509786,11.776911464001387,-0.002758920988051247,0.001031440925247068,0.007563726510104814,0.008116986763586999,1266.1132573032264,deltaI0.2,BLS-G
59,333.4430997956006,306.4357665266585,131.45882166868105,569.4589480189502,0.02650156116774931,0.02367668181253672,0.01190577518164404,0.20109629126699913,16.496185513000455,-0.005844596292240562,-0.0059125866194275345,0.017422543281038472,0.019304481363951853,197.87496251127595,deltaI0.2,BLS-G
60,570.4560876685493,425.3825312244719,380.0918968975384,1177.1393894820303,0.06347786964774117,0.042664789260146906,0.04700165627297483,0.18861559711759265,11.260697749999963,0.03814118340543003,-0.009209502117589613,0.016164108900464953,0.042436343119626005,6700.57616425955,deltaI0.2,BLS-G
61,321.684745667749,286.0628614719497,147.1363819108125,627.2528377530025,0.028701248242447127,0.022907714403999534,0.0172915664836754,0.2034989356014586,12.571624121999776,0.0011151519462758493,-0.003877221406311221,0.019553938310433616,0.019965793576642132,602.6373678388009,deltaI0.2,BLS-G
62,328.6672250450172,303.50169050814327,126.1303638204979,527.556518396718,0.025013457091763565,0.02315737723198425,0.009455628768996515,0.11589710226033505,13.067171535001762,-0.008970255771176841,-0.0056166314212618695,0.015522452824936977,0.018787191882371126,63.95215196357822,deltaI0.2,BLS-G
63,328.14343671725146,308.5282831869055,111.75157061245002,497.9093012517209,0.025822838228275753,0.023751595663987195,0.010133147466516237,0.199997467043487,11.852844469000047,-0.011927963174698021,-0.0073688141339895985,0.01800791564492056,0.02282237395874521,-97.00767098044889,deltaI0.2,BLS-G
64,382.18790029424866,375.2934106959961,72.26649998092425,574.9052869056095,0.03085425430210464,0.028928684714262902,0.010729222210473344,0.20168979113239094,45.74405423600001,-0.0036742405066208885,-0.007011163298902362,0.01812505242772896,0.019778118707609493,331.21904647754855,deltaI0.2,BLS-G
65,319.0799481914859,288.95977635717963,135.33019243867972,545.1123968915086,0.025168251755369353,0.02228095319820874,0.011704700807832915,0.2009398088141625,11.952723791999233,-0.006297052576995082,-0.004352924308335782,0.015389410944770884,0.017188216615419263,182.41825246864937,deltaI0.2,BLS-G
66,337.66061219018087,310.8545777282693,131.84885486809176,568.7974957579404,0.026604773738610917,0.02393510877179692,0.011615702895861757,0.2008303705740505,11.958102591999705,-0.006208983151609625,-0.0049595993146014095,0.016791596071895273,0.018577050244321776,183.34250116136172,deltaI0.2,BLS-G
67,1146.11730348953,967.0697396916636,615.1105526088861,1918.8266897770823,0.0765303181443549,0.06257553584725327,0.044058959460083695,0.21390118957113713,15.26698966299955,-0.030179881333200428,0.004553276263765116,0.008783335533701645,0.03176010933730884,-1081.825514575452,deltaI0.2,BLS-G
68,326.81086539452855,301.4549423329447,126.21513175115602,542.928890835079,0.025440176294748856,0.023150862797445472,0.010547043265378066,0.19908855080894755,30.500122491001093,-0.007028660085643062,-0.005541745570458612,0.016335185734805694,0.018626628775970412,133.54500605783687,deltaI0.2,BLS-G
69,2285.275433659181,1988.5667881730756,1126.0932184598103,3769.666130723027,0.15526398776279604,0.14454469303434886,0.05668983693407077,0.23779928362953534,12.572462740001356,0.015265819777621314,0.047728051036857566,-0.03998782788060992,0.06410958187251714,481.8623339384958,deltaI0.2,BLS-G
70,343.1308821968928,316.35411373051704,132.8867075481857,583.6919224422102,0.026391975347845983,0.024235967909184863,0.010447689805228304,0.1731846531432089,14.537348718999056,-0.006876221585558081,-0.005921945288208663,0.018939070653783672,0.021000958466680552,-31.74356403253296,deltaI0.2,BLS-G
71,258.91172084198075,227.45536198426976,123.69049071759947,465.85269402134065,0.028115850530257613,0.017725750149929196,0.021824271641043884,0.20553080702398005,14.455452775000595,-0.014784730500559142,0.0030019474911296695,0.021779345978631584,0.026494147579618394,-1136.7231159256298,deltaI0.2,BLS-G
72,322.45374475436677,297.5566687993379,124.24349624489601,516.8062141942111,0.024857153206911124,0.022754623038624633,0.010005258413551595,0.19242346952710185,16.90410098599932,-0.008198670220989001,-0.005514957245833119,0.013142438172194413,0.016442524986322867,113.61801878238111,deltaI0.2,BLS-G
73,2429.4511831020864,1915.4335730443609,1494.4387837347642,4223.547937318453,0.16548691096739615,0.13013531794304184,0.10222874705969115,0.3086558954383982,12.239026077000744,0.01928564160555374,-0.002437654397593053,-0.032714773164056306,0.03805436261817597,511.8947192864089,deltaI0.2,BLS-G
74,319.2921975021463,290.69688269481753,132.071305654427,544.0163635907677,0.025373548758840687,0.022500707464754095,0.011727537687120225,0.20052838625781888,28.92518599899995,-0.006426153042029948,-0.0051287863276973655,0.01728919890963588,0.01914461519727468,187.75034863957626,deltaI0.2,BLS-G
75,316.4661688786293,289.66333764002985,127.45974608461755,533.3094502576017,0.02500199548407614,0.022330549761751358,0.01124483550451984,0.20044389981691302,13.001682744999925,-0.0065332656781604045,-0.004753721140106859,0.01501117638669704,0.01704748783873619,180.11929611745109,deltaI0.2,BLS-G
76,655.607912255381,590.1491109466824,285.5621849277312,1027.5842820075902,0.06617831263641002,0.052401517348152314,0.040418436919476726,0.18788470277557182,11.632755059999909,0.02896707864262184,-0.012437942749902925,0.011825910378205035,0.033669663217962824,6033.842413635157,deltaI0.2,BLS-G
77,347.4897503483124,336.4692442991573,86.81920431498116,509.5948341967914,0.026424180905728067,0.025588211198624904,0.006593996071670879,0.051445820333440216,9.533719937999194,-0.009076971973929471,-0.007039881080439847,0.015349291597808642,0.01917164829629406,32.33652853216881,deltaI0.2,BLS-G
78,633.9680309471489,578.9229683277034,258.3866502078736,983.0235234356527,0.04329084009079449,0.03697505879248367,0.022515369485289715,0.20843608536413233,12.666964087000451,-0.0089633392898482,0.008290554875932638,0.0018374304805844426,0.012347100961228414,-723.5369126551996,deltaI0.2,BLS-G
79,322.80003184486964,297.19994393054435,125.9843398471814,541.0872749181334,0.0251966867438356,0.02283717949265119,0.010645950201246134,0.19991465302916547,7.630307462000928,-0.006852933950370339,-0.006106619790182316,0.01593215356352146,0.018387142958100212,140.8386310306014,deltaI0.2,BLS-G
80,321.5422409502269,296.2058122271922,125.1060730665109,536.2037584052543,0.025110103561760928,0.022799352289962466,0.01052173160846361,0.1985118394895404,11.97447276299863,-0.007343020084454291,-0.0056261102805595375,0.016780711074116196,0.019161558522277952,131.56473886038475,deltaI0.2,BLS-G
81,327.1157423862983,301.73394851616473,126.33817012203212,547.155331673207,0.025748042233003636,0.0232785009075414,0.011003321059122701,0.20019981685687382,20.433785271001398,-0.007007130987766009,-0.006931514836923031,0.017614421388691633,0.020184489675802855,152.95315030689562,deltaI0.2,BLS-G
82,346.2742332128005,325.96314197664464,116.84979529219015,520.3942028558524,0.028347908388641808,0.02534938905513593,0.012689065550393511,0.20166229133935862,9.72139309099839,-0.012160545994675588,-0.00529759920915876,0.012989834561747212,0.018565538995974837,-278.62440213002264,deltaI0.2,BLS-G
83,337.0135522844958,316.70209958820055,115.2298335494767,502.5686102316366,0.026901653056804375,0.024444329533620936,0.01123270630081724,0.2006781443584869,12.81586378999964,-0.014457711539037956,-0.006401813791795968,0.017419227113923814,0.023525265482398257,-173.22901608758002,deltaI0.2,BLS-G
84,197.2447109299905,183.11880177979256,73.30061680905942,302.61499797274087,0.015172981310253424,0.014300322096297224,0.005071503700427819,0.03984588110565364,13.244543537999562,-0.007466460359887701,-0.00418869639679828,0.010451847239459841,0.013510526212081066,27.702039214897013,deltaI0.2,BLS-G
85,324.8271836693416,301.1495806715188,121.74411407507382,529.1947603009684,0.02526521147526762,0.023055726689111607,0.01033268492343502,0.19965981121935217,18.114825383001516,-0.0071353179706744084,-0.006441634227377202,0.012801856478509274,0.0160092143267025,142.54432571628604,deltaI0.2,BLS-G
86,330.8076602538853,305.00882225446327,128.07547161574394,561.0049570501378,0.025953588980319124,0.023453885879940028,0.011113236166396003,0.20103046553807724,51.738070164999954,-0.006100218479853362,-0.005709681251866022,0.016240626101230417,0.018263927881477782,162.31304681472466,deltaI0.2,BLS-G
87,331.9228601343976,307.7053014068201,124.4597628389867,537.1926366522155,0.02561373646241746,0.023575764191975643,0.01001233430976677,0.18320410098426468,8.095929904999139,-0.00813483508633548,-0.0067072341221952325,0.016198086859192665,0.019327197141586903,100.40497322936244,deltaI0.2,BLS-G
88,320.13945826480483,275.268802430814,163.45139689335235,630.0425756694543,0.028029366421560314,0.02196543137339094,0.017411639973734405,0.2036994855823625,14.01096840900027,0.0005063983272700381,-0.0033228781786275863,0.018417104303172026,0.018721316448630926,540.9414026349532,deltaI0.2,BLS-G
89,527.1389247774406,520.8274099703976,81.32807042493657,673.367610757229,0.045778907109154755,0.04125773275621643,0.019837031630897946,0.20649874604992102,18.793627562999973,-0.026094683621263604,-0.004046129217440325,0.011024836272860787,0.028615567262968142,-1291.5298798133845,deltaI0.2,BLS-G
90,326.89502385912465,299.97356729748856,129.90848912475582,562.9535465210422,0.025915461907581334,0.023170225982291508,0.011608264030975637,0.2011917145521207,53.22041518200058,-0.005880284390601829,-0.0047232371013823105,0.01764036877687898,0.01918513288498458,187.1583823926485,deltaI0.2,BLS-G
91,330.0115667139206,304.1083128760091,128.16305319663613,553.8036262483037,0.025939733576882232,0.02344409450759054,0.011101540918214657,0.20043854178676046,20.724935492999066,-0.006909612245622404,-0.0067091870377116725,0.018559668871277676,0.020909740330844067,155.48930795868,deltaI0.2,BLS-G
92,321.799799475599,295.7394760379371,126.85926554785883,527.8757860333357,0.025014040882900514,0.02272772691495673,0.010447615544734105,0.1962955722416674,17.745060203998946,-0.007865905124058489,-0.005269615422547919,0.015845133730098573,0.01845831988689523,122.93198644979384,deltaI0.2,BLS-G
93,686.9184194567918,656.4271947276668,202.38639532088786,895.7579349931209,0.052464544233143236,0.04980217857289713,0.016500648804962437,0.20062542770953015,28.382067823999023,-0.023098449935332867,-0.009071250094672023,0.011755829723768025,0.027459524762628248,-512.3496788256216,deltaI0.2,BLS-G
94,326.2913922481502,301.04192747064815,125.85638863400318,539.8299440862769,0.025539292696195547,0.023148351518650398,0.010789313851721202,0.19985640367142105,22.846633960998588,-0.0072854378285446796,-0.0069517790850181505,0.016017679781858224,0.018920118984684934,147.15086786498432,deltaI0.2,BLS-G
95,322.269557157048,296.10833530107647,127.19088503279262,543.8645895724638,0.026029311136574466,0.022973361831302927,0.012237225355963388,0.20025372732889754,10.300550906000353,-0.00575648438828821,-0.005578888523343095,0.01565067793159206,0.017584221034408033,247.49749161978434,deltaI0.2,BLS-G
96,330.85655200162114,307.30413066576375,122.59783553619799,531.0671160659869,0.026611995802645148,0.0237330461773655,0.012039137832213722,0.20025979215697148,12.118054672000653,-0.015545411008827559,-0.0077775178150101265,0.017425102051586476,0.02461267495223508,-187.16983457795504,deltaI0.2,BLS-G
97,1724.6973963675296,1415.8626015564096,984.8422221609159,2852.0804765972007,0.11623269153727425,0.09442227556383312,0.06778253801198884,0.20349619309420067,11.481285431998913,0.004551714159264996,0.006675669203087459,0.019383133437413227,0.02099972673510945,783.8112467568044,deltaI0.2,BLS-G
98,313.3956472182336,282.2389999410832,136.2276719598216,545.4705422694359,0.02524339459421059,0.021915681656553984,0.012527245035026804,0.20075429119325122,11.06602830600059,-0.005477084976554978,-0.004743645929130902,0.01590296608858699,0.017475839520781605,235.93505590438508,deltaI0.2,BLS-G
99,325.82709210557783,298.9868694995889,129.4995977476861,560.6960639320356,0.026120743621767473,0.023183847248158893,0.012033389968256715,0.20082143939732502,15.051319492999028,-0.005834002234393925,-0.006716760657149712,0.01775572143408888,0.019859911868921044,212.39189204507966,deltaI0.2,BLS-G
100,327.54505393893214,298.6299713876281,134.5581753327624,567.0353587031941,0.0260026524073562,0.023127941084755653,0.011884286827481853,0.20100670662871045,19.997732013998757,-0.00624381171040626,-0.004819545423910443,0.019949136509785977,0.021451835591720776,183.9174372563648,deltaI0.2,BLS-G
101,321.8700530406447,297.32724623221634,123.27546265317523,522.0894274228106,0.02487443616380692,0.022770996440369676,0.010010958774262179,0.1930711372446953,16.55204920700089,-0.00792826637595844,-0.005305692525751832,0.01408931473868896,0.017015186473024912,114.44454098953975,deltaI0.2,BLS-G
102,328.7918712343712,302.09338532500925,129.78320820766757,517.8270461817164,0.02483389819041607,0.02299377375364155,0.009381304168307056,0.0765055130128322,35.19436920299995,-0.009269352289058275,-0.005944691856490686,0.013400573578146578,0.017344613727339583,47.49400691660776,deltaI0.2,BLS-G
103,324.19080392747503,299.67080838783517,123.68138077869256,646.0909626154968,0.027503852340897018,0.02036733145969631,0.018483335813665545,0.20754134481649694,13.85673229999884,0.015602432580132981,0.0017560779066762566,-0.005235234121142404,0.01655075189636668,667.197388208866,deltaI0.2,BLS-G
104,329.41713487859033,302.13009361948053,131.27473207401067,552.8287274890733,0.025951358523764744,0.023250433914706225,0.011527806903607277,0.20075662977774855,30.83915607400013,-0.006320126505728556,-0.00473993550450591,0.014864604094722421,0.01683352139417439,183.122873182052,deltaI0.2,BLS-G
105,332.7995136343481,310.6677702609701,119.33588226654942,501.50262278028123,0.025252628924526763,0.023711502066582492,0.008686767945922115,0.09628849123761403,13.560209630000827,-0.010407896717223836,-0.005729698572639885,0.01645947388505615,0.02029945911551723,56.35458062759608,deltaI0.2,BLS-G
106,324.6050610223792,298.4011565144879,127.77008817465293,544.294821475928,0.025596417001650832,0.022980636220984108,0.011272396471078947,0.200717862346916,16.129602575998433,-0.00624893478991614,-0.004652672404035607,0.014685518564137693,0.01662410905900017,177.6973172723574,deltaI0.2,BLS-G
107,305.8966449530536,251.21563605245996,174.53785147151459,616.6717710564018,0.027530114636848218,0.02028655429716008,0.01861082821011415,0.20289482360088465,10.589701068000068,0.0009169079030557541,-0.004320815692911512,0.01738267810379106,0.017935095941054056,608.3616619924342,deltaI0.2,BLS-G
108,327.6514122509019,301.16581699217,129.05269708707868,548.9374895794011,0.02590123631538884,0.02320785863720184,0.01150084084496755,0.20031529369466813,7.9073329490001925,-0.006597640809779934,-0.005467460949715286,0.015471375782733594,0.017685741774154985,188.05552846662067,deltaI0.2,BLS-G
109,326.1506493811838,300.1720571722096,127.55776019032183,544.5905182737529,0.025699110288414807,0.023145201448583924,0.011168881748885,0.20024099224038958,12.463338386000032,-0.006839140654903278,-0.005974313494989503,0.01654951677564742,0.018877308392390053,166.18911440098054,deltaI0.2,BLS-G
110,317.4312801918863,289.6497242497649,129.86783622704647,533.2253532746698,0.02512734888141897,0.022375841764269454,0.011432644801135133,0.20009051979293535,32.36690962099965,-0.006896316371519395,-0.005147465225028014,0.016455877865226284,0.01857017754503719,180.40610015849416,deltaI0.2,BLS-G
111,325.4609556779591,298.6160228672884,129.43455704615178,541.7113829533156,0.025216930751055463,0.022914128086985744,0.010527883477543704,0.19674271130466417,8.587196026999663,-0.007244726642017134,-0.004419329172067998,0.016485485495964517,0.018541514676161185,121.4149104473272,deltaI0.2,BLS-G
112,324.2440109636527,298.4831730263667,126.65691479705873,546.9609253283222,0.025913438221917228,0.02306441592676973,0.011812662631180634,0.20061644517122157,20.23210245900009,-0.005810926019487564,-0.006047450946610772,0.015625153323188364,0.017733695061344815,222.36360388293542,deltaI0.2,BLS-G
113,1047.048258186366,925.7516442796398,489.1768065685931,2120.013671068812,0.06914618872026441,0.060094331599631,0.03420331451967798,0.21032719709989273,13.274639111001306,0.032704010256988277,0.014437892488596088,-0.0175511507692918,0.039825217133467906,-88.83291534990167,deltaI0.2,BLS-G
114,327.45561916917956,301.79824178480146,127.06299139038599,550.5507262025843,0.025596119589790193,0.023231655993153178,0.010744835869878669,0.19965192403747245,9.519026160000067,-0.006930873865384711,-0.005719515092470762,0.017672140192354416,0.019825599723819254,136.17132794729878,deltaI0.2,BLS-G
115,316.7969585407882,294.1442448913341,117.64130285746057,484.3235720631885,0.024209361138668922,0.022495475457640867,0.008946884970601249,0.12076451739179261,10.482713729999887,-0.011254975455470873,-0.006571631194923294,0.014920732721579571,0.019811337007232907,-6.065487300425957,deltaI0.2,BLS-G
116,633.80017384321,595.2479037680616,217.67543137297713,893.0393141597388,0.04898158355231325,0.04560094293638568,0.0178815416171185,0.2036229092914119,12.766557296999963,0.003444509026062849,-0.007840979732400999,0.026048416726973524,0.027420168117220322,692.164821295155,deltaI0.2,BLS-G
117,432.449202523572,430.3926167208023,42.124912290638655,526.2801171774499,0.03447101077415663,0.032923706027855285,0.01021176601687425,0.19968919186636006,23.36777689400151,-0.017455468082745746,-0.010036399374677846,0.013500964362670533,0.024242498161655888,-336.9758191037745,deltaI0.2,BLS-G
118,329.7761167695987,303.4967994322793,129.00379810687278,559.4010431016416,0.02622926645522235,0.02343839458480387,0.01177353294750939,0.20075129922775514,14.14355462200001,-0.006014708095685171,-0.0065332910395658195,0.01688105053309482,0.019074340680214154,203.2977753938485,deltaI0.2,BLS-G
119,330.1446967983229,305.0378777572504,126.28307074746537,551.4704461090097,0.025935662275901612,0.023483382509802586,0.011008602254052237,0.20070258578855044,27.32670178400076,-0.006548890825876897,-0.006171237271860697,0.016750265526238758,0.0190142981914758,159.30061740721612,deltaI0.2,BLS-G
120,328.82183666242054,302.99070141440797,127.75145839657823,553.1269117577671,0.025807617949760865,0.02332411208875087,0.011046218335349212,0.20054786282539494,24.833558379999886,-0.0067841714289041555,-0.006535225124955496,0.017146010347205046,0.019563226222611432,156.30795853888048,deltaI0.2,BLS-G
121,565.7612291488897,544.4301836691035,153.88808764192484,735.1077045449188,0.0447018347451813,0.04186627377123734,0.01566745512510895,0.20399471316015316,11.20505832500021,0.00281406091291839,-0.007254322478625674,0.017054383301882133,0.0187455627617051,699.2955970985258,deltaI0.2,BLS-G
122,324.8778628239715,298.2767352354422,128.750203768216,545.8342567113473,0.025650844592117243,0.023001550608876088,0.011353171269573211,0.2005318318303029,21.091895282999758,-0.006523823838165616,-0.004911667511647039,0.016015061674802537,0.017976844986373888,177.0801325850589,deltaI0.2,BLS-G
123,315.2562241997203,289.2776799527516,125.31923546613946,533.8319481788953,0.025258744272934022,0.022383148904506586,0.011704648963730734,0.20055193915679265,11.965708556001118,-0.005827470506891652,-0.006300557834411691,0.014670060482366304,0.016996091200324387,216.75411000891472,deltaI0.2,BLS-G
124,322.47572427345176,297.42765310052056,124.60892390516696,539.1236980739454,0.02518769522452884,0.022859923702738025,0.010575626649459099,0.19979590515128462,35.61462279499938,-0.006905511962132017,-0.0059467423242993145,0.015574080783754897,0.018044440473167483,139.1411027060003,deltaI0.2,BLS-G
125,323.7613540543157,297.23328891595594,128.35024869195942,546.7251630131208,0.02566061466673159,0.02294046766715196,0.011497916693333441,0.20045568132509278,16.256274973000473,-0.006382909737518998,-0.005402681232217155,0.016101825361034317,0.01814384967892741,189.3470719353336,deltaI0.2,BLS-G
126,346.20419972913567,332.78218823179856,95.46393615259694,536.3198805905969,0.026685275310384365,0.025424902157267452,0.008104213020669333,0.1769502419772442,9.19214448800085,-0.00670129167644028,-0.005825140500953896,0.014911339288150147,0.017354757600004423,93.89980530399953,deltaI0.2,BLS-G
127,328.21308332232667,301.6180256824294,129.4233157023181,560.7499755327357,0.026235395644988578,0.0233183793351704,0.012022860301533234,0.20087557378730744,17.898135438999816,-0.005800450007497644,-0.006082583199317787,0.016834540341350925,0.018816077890215964,221.81148529068741,deltaI0.2,BLS-G
128,329.4915236340535,304.6033966556576,125.62418116161456,560.9670073644016,0.026331277654005236,0.023577386906057932,0.011723609067789808,0.20102026374717596,15.101176948999637,-0.0055404279515524745,-0.006500106589513915,0.018170924288376182,0.02007810292471093,209.18238601050143,deltaI0.2,BLS-G
129,326.56242571808957,301.21415794024097,126.14693395891301,534.3547089659004,0.02527394666194551,0.023067631849137786,0.010327475042018282,0.19721485969803126,15.971011907000502,-0.007592960503999416,-0.0050536810671969745,0.015055132338419226,0.01760254956736542,125.09405043777224,deltaI0.2,BLS-G
130,328.0549314543346,302.6219841864207,126.64901396608632,537.3468216641636,0.025506918584937668,0.023234317469683265,0.010524703673577204,0.1975173142521111,9.351021394999407,-0.00775309608905193,-0.0055149360491427435,0.01610922734324445,0.018709148141712418,127.22122111370118,deltaI0.2,BLS-G
131,332.0231142195417,304.38219563782894,132.63041640113056,569.0012776080163,0.026310894079414684,0.023532065564412917,0.011768816318149865,0.20098022109041505,9.127712991999942,-0.006373563893778056,-0.00487813090940295,0.019175749343377672,0.02078768483399229,183.3743677421371,deltaI0.2,BLS-G
132,328.4434189358801,302.37031966037955,128.2469072951466,551.3768781514591,0.02601266952913823,0.02337888065628054,0.011405565101806571,0.20019824342242953,11.690666435999447,-0.006973310272327842,-0.005561452440103559,0.018946334359137236,0.0209408785643275,174.76167196258757,deltaI0.2,BLS-G
133,327.5175937056245,302.8291448298341,124.74888066974353,542.8256905477002,0.02558844280348229,0.023246366077191234,0.01069461870813062,0.20049451866586654,9.805553325000801,-0.006720220394802474,-0.0064457090124355465,0.015707963603833225,0.018260576316399796,151.34484953166793,deltaI0.2,BLS-G
134,323.3152649177014,298.01726227078746,125.37333016805509,537.6931128264596,0.025183929497787604,0.022913933126360843,0.010449017830887256,0.1979375077654796,9.299822200999188,-0.00740035950445031,-0.005309505670421266,0.01680075285229974,0.019110768369257198,128.14594801546627,deltaI0.2,BLS-G
135,324.68013994878476,298.50991198292843,127.70679592373615,555.6685839980388,0.025831060424110878,0.023118661000995563,0.011522638419872163,0.2008416192670585,39.260425414000565,-0.006408263776248156,-0.004900133906838466,0.019170733061577308,0.020798898121034574,183.74033937284366,deltaI0.2,BLS-G
136,334.11779504431667,310.8007888046786,122.62777272569858,541.2922571064531,0.02607046627680403,0.023853223383189858,0.01052107152915619,0.19994783066651675,34.448491007000484,-0.00723732383269687,-0.006800295975178672,0.016051103233689315,0.018874872095670077,147.14739441921665,deltaI0.2,BLS-G
137,322.32880443961176,296.1816881481261,127.1702236264279,547.1827550886509,0.02548663994628228,0.022860100468888294,0.011268745373987506,0.20065922431227154,8.477909712000837,-0.006541687072825429,-0.004916064049427543,0.017044784169242353,0.018907300782314222,175.70853424576853,deltaI0.2,BLS-G
138,911.735904547514,824.1910517459451,389.83518294657114,1366.4816719496291,0.0668461308737279,0.061915427788708226,0.025196924703796992,0.20271220715892593,9.600218102001236,0.0005470230965536518,-0.011781619803337362,0.019073939831917592,0.022425899762778007,632.6052631985331,deltaI0.2,BLS-G
139,314.6363487070349,271.1920919596525,159.53332312166717,582.0050338286803,0.025944628157509895,0.021284239710595624,0.014835931725825629,0.20197955273667345,70.62251919899973,-0.0038542004946487958,-0.004501577054556644,0.018199515711221963,0.019140047793933978,311.2176313643249,deltaI0.2,BLS-G
140,323.9003005615378,299.1957705229951,124.06972074203202,548.4604036060946,0.025562451051750687,0.02310983292693026,0.010925864993789725,0.20060139886485023,48.05537270400055,-0.006744391994024853,-0.006370425695207543,0.018752900690060283,0.020922247278877346,158.1991178312128,deltaI0.2,BLS-G
141,333.49375752867587,309.1759749929439,125.01321049296243,563.0137916153986,0.026578483016576348,0.0238856310295848,0.011657289126592566,0.2008635553282578,44.504478930000914,-0.005937283689647425,-0.006712694250499696,0.01714502994923048,0.019345895008297115,208.0142371572474,deltaI0.2,BLS-G
142,315.9606166739007,289.76743113915535,125.96010138121706,532.0584990869108,0.025443865391393584,0.022434330330554603,0.012003795594515676,0.20031527411593633,23.391926107999097,-0.005583858196500214,-0.005014262713139456,0.013236410077342236,0.015215940807277424,242.97394789435202,deltaI0.2,BLS-G
143,326.5291330319863,301.1326591841336,126.25528223133115,550.8483886727585,0.025657526829771557,0.023222384061725377,0.01091006698009551,0.20030860223249983,19.82379377899997,-0.0069294118542676105,-0.0066146015977284756,0.017945100401299065,0.020341984449788582,146.03815267858226,deltaI0.2,BLS-G
144,322.74744422899505,298.848377971499,121.88338582494482,526.3028845348473,0.025190661992924288,0.02296268968416454,0.010357815122434062,0.19870313254502442,23.701098366000224,-0.007867389129747427,-0.006580879851379201,0.01584589843342774,0.018875812260659524,137.14072248236698,deltaI0.2,BLS-G
145,334.3914254952898,309.7671645000504,125.94415128290271,548.5370462882591,0.02531522198599951,0.023605732400535564,0.009144936415018894,0.05354554398975911,18.719095793001543,-0.007187611353755689,-0.005770418997400467,0.015626822452923926,0.018142686470129094,33.45644035404803,deltaI0.2,BLS-G
146,154.9884334372235,147.47218675916113,47.67985561844496,222.9188686824282,0.01303283820399203,0.011862395517454544,0.0053980037272040255,0.17864965555670062,13.071026359000825,-0.012198991399195627,-0.006991718886500853,0.008596504508270304,0.01648027347789512,-37.16679908642436,deltaI0.2,BLS-G
147,307.06645646262467,286.39999197021297,110.74679807549722,557.0271523850847,0.028605051442517706,0.023222596273192078,0.01670209538834603,0.20123550998513076,15.754716203999124,-0.027344156409354742,-0.013546723387484055,0.018118414644611783,0.03548934422485637,-633.2387123755234,deltaI0.2,BLS-G
148,324.78121112263074,296.92462484089987,131.60016056743126,551.5908601021572,0.02531407357363156,0.02287933512126144,0.010832282552640711,0.1978963445028938,10.912949842999296,-0.00671149108789231,-0.0046606719626877124,0.018953281336273605,0.02063959421060837,125.47869186453681,deltaI0.2,BLS-G
149,330.4346866048759,303.938255684665,129.64805761377883,559.6631138944606,0.02604948116871203,0.02344148079960529,0.011361005548842031,0.20089271144430806,43.34476011799961,-0.006469790184659523,-0.005439185511041195,0.01749089876937814,0.019426128379522022,167.40889939912267,deltaI0.2,BLS-G
150,323.1003272272631,296.9489700973375,127.33864540073864,545.5907297793601,0.025727991369169048,0.02294437382055551,0.011639813137445292,0.20052585998046718,21.64240539900129,-0.006200548256291781,-0.006353436739705565,0.015671765940270855,0.018011585293101692,200.58979051720962,deltaI0.2,BLS-G
151,466.4887359973425,463.7874508505856,50.12924541536505,528.0382921571045,0.035560173338325535,0.035064937395050205,0.005914058955824472,0.19902304372769608,40.532803608000904,-0.011704735585231791,-0.008465814422212503,0.01332140518059865,0.019650208267018777,-93.48568254901693,deltaI0.2,BLS-G
152,329.8665950907088,304.73793649101356,126.28048392343392,538.3265132496633,0.025931466158422838,0.02343108360081113,0.011109692093718378,0.20032994804483265,22.721250631000657,-0.007143844272939552,-0.004993129836534438,0.014758399274122985,0.017139900982646766,177.36206567756744,deltaI0.2,BLS-G
153,556.3938515874477,469.23637980092235,298.98384229860864,1016.2781458119013,0.04024754971535178,0.034285372754566557,0.02108028636357054,0.20542402611286614,13.42752072300027,0.01027544110333805,0.0008423778308420948,-0.019924278240881697,0.022433705750458062,276.32188913912796,deltaI0.2,BLS-G
154,330.1154947625366,304.1172276696147,128.40931320142673,546.0983539485816,0.025863995550455807,0.0233533326557217,0.011116119813370136,0.2004406083233081,9.14222796300055,-0.006740399577866772,-0.005648414142227248,0.014279688962295091,0.016770422941932966,166.91583670189902,deltaI0.2,BLS-G
155,328.20426373428927,302.58221408329405,127.1300218430663,545.6073105305361,0.02553084066106426,0.023223818440428666,0.010605568438639107,0.1986982731767343,17.00067531700006,-0.007325033146902654,-0.0055449362583135375,0.01592809583088266,0.018387677001453023,131.51057314985883,deltaI0.2,BLS-G
156,319.58299479461914,292.81039022969946,128.04439048794248,538.3014737224083,0.02519903581276964,0.022576770493177183,0.011192892387209441,0.20045718094032433,9.228538097000637,-0.00677023040309543,-0.005322971337759802,0.016286348643914556,0.018423224357444805,169.89247611352403,deltaI0.2,BLS-G
157,326.90193544296903,301.57672051137763,126.16004534701754,539.2352741593469,0.025640491216662745,0.02320010211385481,0.010917419646531363,0.19997890797182288,9.931007043998761,-0.007148885371493999,-0.006887314861837468,0.015924938283551054,0.018765535627734108,156.6398882659596,deltaI0.2,BLS-G
158,328.301205391531,302.6949987827986,127.1118372670845,546.4173737421995,0.025728767875882255,0.02328271978783006,0.010949176028013123,0.2002556635567682,9.342724341000576,-0.006994600710244476,-0.006815435431807126,0.016336721031974366,0.019033209222236752,153.1358227256569,deltaI0.2,BLS-G
159,325.72556333607355,301.97335134412697,122.10338934116012,547.3425140812453,0.026037890998123658,0.02334990998648867,0.011521869260369409,0.20050861443494383,13.432281356999738,-0.006001032574220866,-0.006831405160116877,0.01694016490078608,0.01922627564777838,212.7376788738984,deltaI0.2,BLS-G
160,318.79234094989204,279.03056867001834,154.17684130892806,708.0972528718439,0.03150642512202056,0.020388379652868886,0.0240201748349168,0.21070124205452906,23.876831818000937,0.015421653544386783,0.005005846143880832,0.01857705150901157,0.02465750872305986,1143.7552279728861,deltaI0.2,BLS-G
161,324.6664955745607,295.8769249201489,133.66068475233405,572.6189835861695,0.026187374366492405,0.022978102317858205,0.012561265464946706,0.20145768160113695,16.409800896999513,-0.005003378883206467,-0.004472286565482431,0.018491462292609277,0.019671535910845948,242.52065644193135,deltaI0.2,BLS-G
162,331.0027404255605,306.13688643663374,125.8690626489072,559.3573359558926,0.02633547201499502,0.02361137869650845,0.01166447093968059,0.20098906825377816,19.19858364100037,-0.005653859204376729,-0.0064753985427028204,0.015414317620143841,0.01764930870840074,210.2054966106807,deltaI0.2,BLS-G
163,282.60029885176743,254.00962268208994,123.86299082458231,417.55757454590986,0.023716023630108763,0.020209016345213274,0.012411504146668929,0.2025636432988101,22.12205499999982,-0.004710337032531101,0.006072168632883207,0.013192852108092165,0.015267935473147524,-300.5020690710553,deltaI0.2,BLS-G
164,326.3716796922363,304.89774182203286,116.4295509608993,533.0438182907055,0.025586655566879793,0.02344371915154481,0.010250315870334523,0.1997726552351366,9.364634302999548,-0.007350658060798388,-0.0069571071972621135,0.01634273795221435,0.019222866546270458,146.1161359391208,deltaI0.2,BLS-G
165,320.3172081369389,295.2220572453881,124.28616473463103,534.6007918584351,0.025203333418943784,0.02275417813478866,0.010837683924010438,0.20005048141154788,10.270233002000168,-0.0071471160708891784,-0.006637462849592185,0.01710219423004271,0.01968812405214334,159.08785674407227,deltaI0.2,BLS-G
166,332.6498954186272,310.5000150867711,119.35532477915886,555.8183038929424,0.026505586487507914,0.02395025744055762,0.01135479121682897,0.20094451652757223,39.758728453,-0.005682687734808874,-0.006540379622865966,0.015917967179153912,0.018123222247138304,211.61533456800498,deltaI0.2,BLS-G
167,330.88349325798043,302.9388332804741,133.0862479795306,573.889948795346,0.026285948077065233,0.023440235850660646,0.011895646664875888,0.2014038442459584,21.428904545999103,-0.005906833190845021,-0.004893559054234775,0.019830919487142933,0.021262713050485747,189.45074775015019,deltaI0.2,BLS-G
168,316.92805005700166,289.90497894901387,128.05659722757417,540.6965130429736,0.02567502933609527,0.022535647721889096,0.01230250840943697,0.20017148341576527,9.929587775000982,-0.005864671800091091,-0.005632708633320049,0.01637918549493695,0.018286593432025957,247.58780950052278,deltaI0.2,BLS-G
169,1254.337080869394,1205.979696467307,344.92678085729284,1732.4378510447193,0.08940093931132603,0.08796674049198906,0.015949310861678338,0.22636766638049047,11.48617793899939,0.030416361722108803,0.02505417374530322,-0.05171578008734589,0.06501837119240014,-295.3603440318111,deltaI0.2,BLS-G
170,327.4484570574472,301.91054054127807,126.7774330840316,541.4355591311981,0.025813277337045484,0.0232608637028993,0.011191850011252292,0.19998284770779415,10.892470051998316,-0.0070810813049662835,-0.00563518204455582,0.015482450557380841,0.017933300432005528,173.17047138626185,deltaI0.2,BLS-G
171,329.84022072165027,304.2200332160532,127.4548649355153,548.4398984476319,0.02583157327707634,0.02338602347105266,0.01097105665742085,0.20030610699731138,10.488430692001202,-0.006893640706503809,-0.006754452430715124,0.015866228813765662,0.018571002304666476,154.41774538329446,deltaI0.2,BLS-G
172,330.2963990140239,303.9952887022125,129.16104539871827,553.4790547179953,0.02602495332623383,0.02343236740735003,0.0113235309563585,0.2005392636541571,12.030269409000539,-0.006708312911517928,-0.005389874607389877,0.017623110430270494,0.01961189005781271,171.09717816371267,deltaI0.2,BLS-G
173,366.62490871647157,346.88860932931277,118.6680934747691,579.1504073225108,0.029672971411172186,0.02689365665052684,0.012538598978028424,0.20205114796855494,19.0427841310011,-0.004771469580049182,-0.005833858095569411,0.018070994408999383,0.019579623621578186,330.49669365021145,deltaI0.2,BLS-G
174,1162.9194504769341,1059.0173742684735,480.4829334066736,1647.955823382751,0.08739202679043676,0.0808893281504521,0.03307994767089107,0.2100761506990601,11.271390835001512,0.012350041211002956,-0.009338938466999541,0.012203761693009825,0.019714742936788425,1893.983495425433,deltaI0.2,BLS-G
175,343.4918406234575,326.9230523177988,105.39431881322881,536.0479277788859,0.026361130967863307,0.024949702436274285,0.008510086618020454,0.15722890742441073,29.087494346000312,-0.008298842240774297,-0.006702512583305897,0.016603672605305174,0.019735156484071648,81.95237170831933,deltaI0.2,BLS-G
176,328.2732405783248,303.50484602233473,125.09248147172416,552.132797991896,0.026130220165498715,0.02341576309771988,0.011597001528364808,0.20078241342154152,14.71681494800032,-0.005787396163526095,-0.006558712834606489,0.014816167779032906,0.017205507724472456,207.36218547212593,deltaI0.2,BLS-G
177,637.1555722738815,634.7986048473231,54.75358037196821,730.6583014808543,0.05021785150070372,0.048682210370609734,0.012323757656592764,0.20418160596626825,12.115184620000946,-0.007834693207036895,-0.00036205150007267983,0.02455376766781998,0.02577597729713418,-575.2168703300904,deltaI0.2,BLS-G
178,445.27744626296794,440.99596633722194,61.60001481144381,523.380508774745,0.03460294919599603,0.03353256977826866,0.00853995650610855,0.19885750392265103,25.79660804299965,-0.01475687442078215,-0.010327953266776407,0.015535218378524058,0.023786024708216454,-215.98653415039917,deltaI0.2,BLS-G
179,322.39271031957145,306.3816625079876,100.33611785414418,516.5645281652813,0.024541489782384435,0.023395862217200636,0.007410691725651762,0.04768390768453743,12.297315379999418,-0.006037073235903328,-0.005527202941807946,0.01514930926435979,0.017219111382496138,27.78215701820409,deltaI0.2,BLS-G
180,324.8585404524139,299.5212407159921,125.77796971181125,533.6693011050722,0.025237983108808287,0.022972449267435587,0.01045095048574965,0.1981882158034524,8.274179340000046,-0.007381599812737336,-0.005361659630875093,0.014221292683981616,0.016896170435818543,129.69049649711815,deltaI0.2,BLS-G
181,310.1482871187943,291.52866162905997,105.84422257020509,513.9686558462329,0.023906645957832155,0.02235690731206044,0.008467373641990234,0.16158102336551414,17.720655660001285,-0.0056654142478007475,-0.00487932215662773,0.01583691272869449,0.017513209531197515,83.92522799239123,deltaI0.2,BLS-G
182,318.51332716026957,293.9528635167513,122.64768081381372,522.0432647619506,0.024943676185031276,0.0226168768342454,0.010519689343714961,0.19935852471288676,10.336702026999774,-0.007402308737450262,-0.006962705460449359,0.01505110360870874,0.01816064871676089,144.75994043690844,deltaI0.2,BLS-G
183,488.1053896727061,452.5879917555006,182.78670943552558,746.1265082987558,0.043515770951499284,0.03708045990191234,0.022774147952580363,0.20983911931802424,13.21037595100097,0.017977225752382014,-0.0033119934022587394,0.035100671292594234,0.03957533412669388,1234.8099621018719,deltaI0.2,BLS-G
184,326.39158535938964,299.5043369363067,129.72516775768295,556.3601698518173,0.025777545471407398,0.02311524229821757,0.011409093917799498,0.20100129573727907,10.477653341000405,-0.006145367988287964,-0.004689963865596447,0.01750287813596704,0.01913405476668727,174.54066426432837,deltaI0.2,BLS-G
185,323.5393295704093,294.6014507043083,133.7448429726802,555.3533896243862,0.025594827838183964,0.022763892972339567,0.011700443957822543,0.20076146622399105,10.889251724000133,-0.006326146961392465,-0.00476179407562391,0.017722417609453173,0.019410793495363295,180.3131190463664,deltaI0.2,BLS-G
186,336.0773170895605,312.0731876644344,124.73286897636775,545.5085672740181,0.025847073130271632,0.02386269346542322,0.009931920759694858,0.18093981197724202,10.87698004000049,-0.00805902015743949,-0.006797745467669536,0.016601510466125825,0.019666400257752386,98.0133070880147,deltaI0.2,BLS-G
187,330.14171184267,303.97654933331535,128.80918971028075,555.4453531292127,0.025981032260744254,0.023446326137105854,0.01119302586463109,0.2004454962080139,10.455002814000181,-0.007026381351924583,-0.0066383186689726315,0.018818258072473146,0.021155711912760226,158.0684198095878,deltaI0.2,BLS-G
188,325.2939827412943,297.8130890447857,130.8569417390458,565.7975611897338,0.02627591502570059,0.02307595649120557,0.012566779319054882,0.2015642084697109,11.13187422900046,-0.004351390042878236,-0.005588987989302102,0.015064565831834142,0.016646697142421008,260.4942149894832,deltaI0.2,BLS-G
189,328.0415664072934,299.9507749833245,132.81868045517433,549.4408247911915,0.024964504230799347,0.022950529636065222,0.009823424093140364,0.09584077806005202,25.992234825000196,-0.0072515417936312825,-0.004092693350432747,0.016978564405535804,0.01891049038281094,55.682779450462476,deltaI0.2,BLS-G
190,894.3124386735485,780.1390329045155,437.2388675598693,1489.0390384248947,0.05935648781892359,0.04897171193409247,0.033540484141441514,0.2183627513744389,17.880874812999537,-0.04341920374035493,0.011610646427356125,-0.0009711285103870988,0.04495528283184542,-1746.6021365793295,deltaI0.2,BLS-G
191,327.22739448210297,300.2132469424536,130.19129794197158,553.3759953039622,0.025790488887856875,0.023135495916168255,0.011397286773071523,0.20079064519148684,12.025687552999443,-0.006598400324165488,-0.004875040296792393,0.017128162973434762,0.018991547371866212,174.80939611273607,deltaI0.2,BLS-G
192,329.1570515329513,301.9765874956679,130.97520825842267,565.3799659231715,0.02629511197214996,0.023325133004024962,0.012139649252447522,0.20127230565149193,18.83270517300116,-0.005297158031834585,-0.004897785522850501,0.016151037213060937,0.017689098035223637,230.31362094280303,deltaI0.2,BLS-G
193,507.35057306708643,477.9336428427562,170.24698831566386,721.5045449664792,0.04872004038956272,0.03979365175595187,0.028108852973514422,0.2052272157857251,11.343852320002043,0.0204544023967203,-0.0054057486884389605,0.014851466623530487,0.025848999151985685,2499.4569225859686,deltaI0.2,BLS-G
194,322.1094540199309,298.3666592959881,121.37477905054979,529.59145168143,0.025269341690538134,0.02295972492980172,0.010554177401437312,0.20006034507033787,66.6592167509989,-0.00706165209747738,-0.006732497198096543,0.015942543419436267,0.018691124619690358,152.99043954786248,deltaI0.2,BLS-G
195,335.2510410858865,312.15806836467505,122.27264986089745,562.4389716744232,0.0267769893605826,0.02414945353551013,0.011567672763049227,0.2014469379540387,19.719189745999756,-0.005612649416349474,-0.0058585164997453365,0.018229705975277195,0.019953601905262453,216.191170374399,deltaI0.2,BLS-G
196,3987.232919013283,3077.231762653907,2535.482405653235,6831.378744226321,0.27314301136696184,0.22449187306809262,0.15559724799941557,0.48094542785977146,11.48654531899956,0.023479176953642187,-0.03974783038996452,0.03201376338586106,0.05617866870312723,3033.7032534339196,deltaI0.2,BLS-G
197,330.22671953782856,304.4136314530687,127.99229383939856,546.0608750655516,0.02574240321139105,0.023309022041489352,0.01092523750621468,0.20043394159058356,22.288675890999002,-0.006772453919174786,-0.006378654630119163,0.01282659704073276,0.015845345014325846,157.7232061539271,deltaI0.2,BLS-G
198,331.95999229736395,307.61222725167795,124.78843749053007,559.3509213972626,0.026037933751901023,0.023711339025449408,0.010758549887814172,0.20014284489255782,11.200695730000007,-0.007020416960623736,-0.006356408597980784,0.019785884404133414,0.021935619576825893,141.097165291103,deltaI0.2,BLS-G
199,333.3129619842802,307.37642520766366,128.90796660133836,553.1310473533789,0.02586276216733224,0.023582915704482958,0.010617370380618866,0.19753874052129286,10.300471454000217,-0.007366370122565838,-0.004948123899424506,0.01737618648930584,0.019511001917324015,124.73707829909472,deltaI0.2,BLS-G
200,335.578056438691,307.0797600903443,135.33164044681453,584.5921762356315,0.027003267083037453,0.023825992561332998,0.012708206467679013,0.2018168913748563,9.908418857998186,-0.004840942621609938,-0.004345901839680699,0.01872415768501643,0.019822100526412926,244.57403671377506,deltaI0.2,BLS-G
1,703.4048535851836,613.6718245884364,343.78086007439794,2154.7873649414532,0.07527160744586138,0.05611302953879196,0.05017113516218779,0.19842529640189532,5.833235707999847,,,,,,deltaC0.2,BLS-B
2,704.1921764668624,613.1249481839578,346.35880140622317,2162.3123502150142,0.07533827889379956,0.05607937903067271,0.05030864253996593,0.19886186210489137,7.041790637002123,,,,,,deltaC0.2,BLS-B
3,708.0179960232406,617.5022333446447,346.3819777458717,2161.859402808039,0.07535992997210135,0.056288500763536094,0.05010712251959214,0.19843243556448162,4.055261221001274,,,,,,deltaC0.2,BLS-B
4,702.2350749161468,612.242818300993,343.9372499182714,2154.1683978903266,0.07518384295930221,0.0560020128256559,0.050163580430468584,0.19834024841464593,4.129098769000848,,,,,,deltaC0.2,BLS-B
5,711.140358721015,621.8978196637066,344.91116493871516,2159.918268071101,0.07554611731478915,0.05660232137070557,0.050033919062844275,0.19836753884726913,4.662025768000603,,,,,,deltaC0.2,BLS-B
6,706.294100884104,617.8185228175063,342.2742026610819,2149.467917172347,0.07529773926933972,0.05632760580098733,0.049969494332062665,0.19786393722718146,5.939920730997983,,,,,,deltaC0.2,BLS-B
7,707.8428637127627,618.5433544781447,344.1593211581069,2155.7356391232906,0.0753360766414365,0.05635928407150883,0.049991554713485015,0.19808672067783098,5.739664474000165,,,,,,deltaC0.2,BLS-B
8,704.3696570440218,614.5044647636482,344.2686110435501,2156.0593992956265,0.0753491213522668,0.056177477445056793,0.050215347419576443,0.19855681386808038,3.2551390420012467,,,,,,deltaC0.2,BLS-B
9,705.087845719612,614.9515436170499,344.93980516103227,2160.781187933977,0.07551750274202663,0.05627319372191709,0.05036090635331724,0.1990706148466716,4.0791031119988475,,,,,,deltaC0.2,BLS-B
10,709.8709746321664,620.3526709913343,345.078779728831,2161.8494222245035,0.07571895327309892,0.05661882632190769,0.05027592257436347,0.19903924465470757,6.244235549998848,,,,,,deltaC0.2,BLS-B
11,705.5822050900849,615.9320142932717,344.2005257236248,2157.531680422276,0.07545134115634329,0.05629785941884901,0.050234011457840164,0.19871264674240685,4.486922295000113,,,,,,deltaC0.2,BLS-B
12,710.4295615844613,620.015714088589,346.8294627858295,2165.8118779525553,0.07561061369235285,0.056521868634805426,0.05022194011549151,0.19891216641214193,6.2939264939996065,,,,,,deltaC0.2,BLS-B
13,708.5432134057562,617.7773785536845,346.96483368014776,2163.1006477813635,0.07532617047708641,0.05627392093221819,0.05007272492742471,0.19834874969432986,6.569117304999963,,,,,,deltaC0.2,BLS-B
14,706.6519807545207,616.3589067304724,345.62800812188846,2160.1895766646535,0.07539201745430191,0.05626091985513373,0.050186304833928365,0.19857990822184024,5.848922688001039,,,,,,deltaC0.2,BLS-B
15,708.5992483336303,619.4680853728391,344.0525918278987,2156.798572740471,0.07545841603337283,0.05646326674765033,0.05005868614385783,0.19832548356882507,4.40746394800226,,,,,,deltaC0.2,BLS-B
16,710.2292405166968,622.019232391481,342.80847221157893,2155.333079428116,0.07563758577044588,0.056680874597293165,0.050083159206139184,0.1984403455524227,5.943247243998485,,,,,,deltaC0.2,BLS-B
17,699.4955277806907,608.8755169295597,344.33210461551295,2152.8334672977444,0.07482328475484044,0.055666191530358705,0.04999799057971589,0.19775802148671834,5.207558191999851,,,,,,deltaC0.2,BLS-B
18,708.3106922954706,618.6566369560587,344.91738484789096,2159.7596259581337,0.07546721833196363,0.05641925679784311,0.05012153733818727,0.1985245519517802,4.932382317001611,,,,,,deltaC0.2,BLS-B
19,709.1593953369112,619.9889762005103,344.26837987892037,2157.2766546168887,0.07542875637796659,0.05646489930618017,0.050012122881053236,0.19819407886356089,4.213562261000334,,,,,,deltaC0.2,BLS-B
20,707.0094202438181,617.507624859105,344.3060463517403,2157.362840289198,0.0755068154980434,0.05638973443786483,0.050214311074460116,0.19866336206550456,4.21208347799984,,,,,,deltaC0.2,BLS-B
21,707.5684156725176,617.4434087458827,345.56721466826303,2161.2546983717634,0.07552011059632374,0.05637086525734584,0.050255473877172135,0.19880519739256997,5.344118092998542,,,,,,deltaC0.2,BLS-B
22,704.2758500037311,613.8394826216373,345.2615855742986,2158.918895512921,0.0752945250307298,0.056107765956782844,0.05021139411470344,0.19857975281230825,5.346878901000309,,,,,,deltaC0.2,BLS-B
23,706.5453662778227,616.8597188081908,344.5147920199399,2158.7942830416164,0.07542922118251469,0.056327216249171065,0.05016783947729704,0.19860081450334832,3.3479647019994445,,,,,,deltaC0.2,BLS-B
24,708.1510524824488,618.982532733919,344.00368791962524,2157.027268832523,0.07544340542153136,0.056435949962085626,0.0500668650254289,0.19834942263413569,7.200212443000055,,,,,,deltaC0.2,BLS-B
25,708.6396687274336,620.1140515586878,342.97046979819686,2154.8553488513035,0.07545621733515037,0.05651483218975257,0.049997144689407566,0.19821097937937152,7.472514977998799,,,,,,deltaC0.2,BLS-B
26,708.3952545659903,617.9996409966079,346.26619878307207,2164.7079116529085,0.0755436898106273,0.05641169175171956,0.05024510029757381,0.19894520638753935,4.863675243999751,,,,,,deltaC0.2,BLS-B
27,706.9748193817501,618.051828710918,343.2569478786238,2154.7971096830056,0.07545733440285245,0.05640786734145033,0.05011947542795356,0.1984092168996622,6.574449952997384,,,,,,deltaC0.2,BLS-B
28,704.6804034393048,613.32343423466,346.99976370306655,2161.6260617342887,0.07514871115246662,0.0559835700366161,0.05013151377957939,0.1983420019211799,5.254582300000038,,,,,,deltaC0.2,BLS-B
29,710.3003085452918,621.3042788123367,344.24921415889816,2158.008509574745,0.07558542666899677,0.05660057970971737,0.05009522034344413,0.19846480264241909,3.801969664000353,,,,,,deltaC0.2,BLS-B
30,702.958930900551,613.2364009289755,343.6457116108427,2154.4220501720106,0.07533895987222144,0.05612027963144122,0.050264033748964446,0.1986067030832178,5.571402052999474,,,,,,deltaC0.2,BLS-B
31,703.633173560341,612.6143033601204,346.12621722890543,2158.913831275109,0.07514861304103473,0.055959255590873884,0.05015850631454675,0.1983241018542956,6.926076087002002,,,,,,deltaC0.2,BLS-B
32,708.3073167131483,617.8925715840068,346.27738143096093,2162.824531489996,0.07544109116651533,0.05634377253596352,0.05016709611697773,0.19860866458688503,5.4769362790029845,,,,,,deltaC0.2,BLS-B
33,702.8533916786648,612.1161380951827,345.4225291981429,2158.2459728843987,0.07522138101544772,0.05598953940971191,0.050233730088054145,0.19855938385568167,5.978447554000013,,,,,,deltaC0.2,BLS-B
34,705.4681178419494,616.2034770096224,343.48004339803254,2155.1713242170763,0.07543501737017758,0.05630725281091472,0.05019895543262556,0.19855665623851626,5.849978679998458,,,,,,deltaC0.2,BLS-B
35,703.8959264406207,613.281554396477,345.4782341866714,2157.263450668782,0.07505549689723007,0.055964219324300644,0.05001333592064906,0.1980001954745249,5.776856590000534,,,,,,deltaC0.2,BLS-B
36,708.1350881356673,618.1982722850175,345.3783421014243,2160.649713176239,0.07548432220991205,0.05639540804301152,0.05017410538467082,0.1986307836449096,7.323686979998456,,,,,,deltaC0.2,BLS-B
37,709.1439380862594,619.0870835364028,345.8559063004119,2162.9636090722347,0.07561172837986717,0.05648981307171207,0.05025967058899052,0.1989176468601562,7.968488032001915,,,,,,deltaC0.2,BLS-B
38,702.0239218169409,611.7036274011599,344.46517825101154,2156.327044538163,0.07524447837246585,0.05599086831360863,0.050266829928220236,0.1985858830332845,4.05317568999817,,,,,,deltaC0.2,BLS-B
39,708.1901595331436,619.3154639972025,343.48458206083905,2156.2146358459045,0.07552449189484138,0.05649581134054628,0.050121573967178694,0.19848462677162226,4.224627682000573,,,,,,deltaC0.2,BLS-B
40,703.6276430745372,613.5745405266855,344.40984787908565,2154.1349207612834,0.07510805313841971,0.05601200591066757,0.05003873339830876,0.19798857249156585,6.685890026998095,,,,,,deltaC0.2,BLS-B
41,706.6188195924406,616.5315597762592,345.25207023574364,2159.5268880155904,0.07539385565305239,0.05627726916512555,0.05017073295806338,0.1985516239949954,6.091530896999757,,,,,,deltaC0.2,BLS-B
42,701.7050909138084,611.9562670963655,343.3650561368144,2151.875434207926,0.07513005952724085,0.055966055727483435,0.05012311294078784,0.1981546320791454,4.9027569130012125,,,,,,deltaC0.2,BLS-B
43,705.9974801610696,616.2941508669832,344.40377698411476,2156.595852819661,0.07531913682860689,0.056243650136611284,0.05009614947195914,0.19830766448603393,3.3642569110015756,,,,,,deltaC0.2,BLS-B
44,711.5718025959095,621.4763218158149,346.5567942947846,2166.5186626670957,0.0757159790322186,0.056649961438848005,0.05023635486163781,0.19905633262072284,4.99957220700162,,,,,,deltaC0.2,BLS-B
45,702.6344552943987,612.2398329999476,344.75725468081544,2157.6851687523877,0.07533541832373294,0.05606084916622154,0.05032500814479811,0.1988123842216363,5.569533357000182,,,,,,deltaC0.2,BLS-B
46,709.4203068657872,619.7874830168386,345.16756465403813,2160.2205534668524,0.07545569817931126,0.05646002724298177,0.050058243191796824,0.1983828246437637,3.44358361200284,,,,,,deltaC0.2,BLS-B
47,703.9433055830928,613.4553084758828,345.2662189934179,2158.0235895952387,0.07526176644912527,0.056075020916599265,0.050198859730532064,0.19851798764612133,8.203408296001726,,,,,,deltaC0.2,BLS-B
48,702.3229741844093,611.7052993244237,345.0712779204492,2155.551222033509,0.07501936366119524,0.05588003687297891,0.05005323569166312,0.19802817201152562,5.66727825199996,,,,,,deltaC0.2,BLS-B
49,707.6698388957234,616.3460785367366,347.72706589376355,2167.1874686650167,0.07544952853040607,0.056259647913591664,0.05027408250877642,0.19893504091005587,6.081889418001083,,,,,,deltaC0.2,BLS-B
50,704.9484200642172,616.3952266284583,342.0660748169679,2148.569489733871,0.07525128506950342,0.05624012642034389,0.04999804080996979,0.19786538430642717,6.94668405700213,,,,,,deltaC0.2,BLS-B
51,709.5844876999687,619.8176976261421,345.4506721571913,2161.2352531418624,0.0755305416694329,0.05649204762205327,0.05013493074040899,0.19859350093736605,7.0229384529993695,,,,,,deltaC0.2,BLS-B
52,706.1612092377796,617.0496151577207,343.3852441003715,2154.8812397088655,0.07544482256887637,0.056354280963004696,0.05016090379560522,0.1984892441520029,7.75113481599692,,,,,,deltaC0.2,BLS-B
53,704.6952236663875,614.9776901926658,344.08981214722627,2154.1874402444937,0.07514748829282071,0.05610337689884382,0.0499955607755919,0.1979456744829415,4.224146655000368,,,,,,deltaC0.2,BLS-B
54,704.9015848577432,613.7906856857586,346.62261683329956,2163.0485080380417,0.07533454966640693,0.05610542303481549,0.050274007991453463,0.19880730226360208,4.505046112997661,,,,,,deltaC0.2,BLS-B
55,707.2574021288805,616.2906972904259,346.98531568262894,2165.561176380474,0.07553958300508194,0.05631338608981101,0.05034909281885369,0.19912300817769402,5.450619690000167,,,,,,deltaC0.2,BLS-B
56,706.2488722213601,615.391165601619,346.5273190001383,2162.823541418073,0.07535352226820008,0.056189996097296496,0.05020794416036103,0.1986799041449814,4.044316851999611,,,,,,deltaC0.2,BLS-B
57,706.7441671790252,616.9158024604442,344.82199830660494,2158.5889979795375,0.07540123309287662,0.056306908862767124,0.05014855896480326,0.1985071499136336,5.640582454998366,,,,,,deltaC0.2,BLS-B
58,707.5784517381487,619.5702563696751,341.7600953683311,2148.24609600501,0.07528509392152134,0.05640990599579284,0.04985747559110975,0.19760823428976176,4.226684564000607,,,,,,deltaC0.2,BLS-B
59,708.6300007359384,618.1864290243816,346.4130726648454,2162.482562878049,0.07536333281733675,0.05631862128428296,0.050078386854751786,0.19837640322653918,4.1273303529997065,,,,,,deltaC0.2,BLS-B
60,704.5241832424219,616.5662395109072,340.8817933958639,2149.7789421886673,0.07556288158001181,0.05642896768531183,0.050254558784700504,0.19868928749948922,5.763911225996708,,,,,,deltaC0.2,BLS-B
61,706.0724091605447,616.105918134482,344.89381643839715,2159.017692794059,0.07542433101378748,0.05628058958211448,0.05021279662762243,0.1986655998597214,6.4893881309981225,,,,,,deltaC0.2,BLS-B
62,707.6975036834283,617.5017655676874,345.72724254901397,2162.0958514978943,0.07551682470054703,0.056377787458046044,0.050242769571238174,0.19883890598397377,6.844237216999318,,,,,,deltaC0.2,BLS-B
63,702.5949899918788,612.4771446372622,344.2549451477416,2154.8409902216276,0.07518323039660542,0.05600307486540863,0.05016147663783922,0.198320031742561,5.178554138001346,,,,,,deltaC0.2,BLS-B
64,706.3643553337669,616.6014635419261,344.605916437955,2159.012277202759,0.07546556711499348,0.05632636687505451,0.0502234229682162,0.19870962826884733,5.071616222998273,,,,,,deltaC0.2,BLS-B
65,704.3588698454329,614.8190716068691,343.6843416834743,2155.580080478518,0.07533351234155487,0.0561942214679745,0.05017317565515895,0.1984693033162335,5.094924496999738,,,,,,deltaC0.2,BLS-B
66,709.9314534380776,620.1324936579524,345.59855163219487,2163.1706420180544,0.0756671728783892,0.05657353630041702,0.0502489407039933,0.1989645678643558,3.5483409150001535,,,,,,deltaC0.2,BLS-B
67,709.680634041652,619.6102469062367,346.01986108105615,2163.6236558088467,0.07552244734151627,0.05647768672620131,0.05013891656696585,0.19868585587222287,4.762916110998049,,,,,,deltaC0.2,BLS-B
68,703.9923870561403,613.8309691846398,344.69816115385385,2157.8767569353868,0.07535828250607896,0.056149714180399574,0.0502601267380559,0.198717942435678,3.2793955670022115,,,,,,deltaC0.2,BLS-B
69,709.3879789513795,619.5858675760032,345.4629609391061,2161.4485781522667,0.07547259714700237,0.05645703305834526,0.05008708754122784,0.1984895705133936,7.415256527998281,,,,,,deltaC0.2,BLS-B
70,706.9043213893488,616.4046071681172,346.0622485346456,2160.7576570812016,0.07535178938444193,0.056231847025174315,0.05015846432631974,0.19847640633366231,5.3931900530005805,,,,,,deltaC0.2,BLS-B
71,705.1923838802803,613.3099786440634,348.06201800594533,2163.632436347571,0.07511126078490077,0.05594441062914438,0.05011910230695529,0.19829684931400107,3.47781726500034,,,,,,deltaC0.2,BLS-B
72,707.5278613764981,616.1624499160296,347.7635833975109,2166.8286105889188,0.07549214457917576,0.056268521679328685,0.050328097134563834,0.1990435210121142,3.287904819000687,,,,,,deltaC0.2,BLS-B
73,708.321204201402,618.565587114906,345.1022207383138,2159.0307161541896,0.07530331800028918,0.05633372749416575,0.04997100007470082,0.1981052870973663,6.417646336998587,,,,,,deltaC0.2,BLS-B
74,703.5000781400222,612.4373014036809,346.1689064494301,2159.7273537406136,0.07520641133605366,0.055979737398108936,0.05022223916639383,0.19851365585452857,5.97348599399993,,,,,,deltaC0.2,BLS-B
75,703.1704989120235,613.0427474129823,344.4231995445813,2155.394835232268,0.0752613440573988,0.05605784699788265,0.050217404346383096,0.1984520711243806,3.6521693729991966,,,,,,deltaC0.2,BLS-B
76,706.8968919086434,617.2515614139343,344.5340704809326,2156.789714197421,0.07531558364494023,0.05628144210776398,0.050048340772181434,0.19819468169667293,6.032786659001431,,,,,,deltaC0.2,BLS-B
77,703.2194365758305,613.9964140300577,342.8206229739665,2150.989952517587,0.07522001416326833,0.056105484614079076,0.05010214692946424,0.19811770609016272,5.615906921000715,,,,,,deltaC0.2,BLS-B
78,703.0486264063316,612.8343686794743,344.54521859555626,2155.541450591719,0.07521538954486645,0.056026040219467325,0.05018403771830873,0.19836942323753798,6.188146652999421,,,,,,deltaC0.2,BLS-B
79,702.3512192099047,613.290748562279,342.30350984697674,2149.5000524346237,0.07523017226942323,0.05608963451340301,0.050135134584839446,0.19818682553853742,6.134934667999914,,,,,,deltaC0.2,BLS-B
80,701.1697894110549,611.8338524309573,342.488555432494,2148.855228732967,0.0750532916580769,0.055935401901971334,0.05004225617193231,0.19788512491296434,5.649997750999319,,,,,,deltaC0.2,BLS-B
81,705.1018542807856,614.810708232009,345.21937656142336,2156.9497332450474,0.07516214480800042,0.05608414226121746,0.05003915465875045,0.1980768301196975,3.8445377360003476,,,,,,deltaC0.2,BLS-B
82,708.2596599973373,619.1495054933146,343.92678846947626,2156.766421620575,0.07550489491162435,0.05646666166868317,0.05012489676408222,0.19845455519467262,5.748188569999911,,,,,,deltaC0.2,BLS-B
83,706.6599420434592,617.7887696522272,343.08207440851896,2154.463299795999,0.07540113381397949,0.05637399512223946,0.05007298327832449,0.19829410664639255,4.651508954997553,,,,,,deltaC0.2,BLS-B
84,711.6752436966251,621.269965395973,347.13870799370267,2167.7939674080876,0.07569121579688326,0.05661825747739987,0.05023477947630709,0.19904910451327057,4.833478966000257,,,,,,deltaC0.2,BLS-B
85,706.5032356352604,617.0243189308075,344.13342152581635,2157.3384204205895,0.0754448404990641,0.05634280855660733,0.050173816696387735,0.198564941163082,5.332753267000953,,,,,,deltaC0.2,BLS-B
86,705.6426033648785,616.7831072447067,342.79743625226814,2154.0180622559997,0.07539868735895106,0.056334046145552354,0.05011424248977154,0.19839030742572544,5.47567290599909,,,,,,deltaC0.2,BLS-B
87,708.4282592046965,617.8725335186157,346.56042873225414,2163.126200150014,0.07537007650747765,0.056310592421286255,0.05009756095766354,0.19846180777318131,6.406487593998463,,,,,,deltaC0.2,BLS-B
88,705.7146521180234,615.7727415788385,344.7565821598538,2158.341811947841,0.07545754870969774,0.05627818821782985,0.050265367681883374,0.19874930981452044,5.360302117998799,,,,,,deltaC0.2,BLS-B
89,708.4417883535704,620.8108016029901,341.29710824830886,2151.274910991989,0.07561884777589799,0.056643956513302667,0.05009662992131816,0.19841931844475577,3.9447476210007153,,,,,,deltaC0.2,BLS-B
90,703.9077931923676,615.258147073262,341.9701650391819,2150.153423677149,0.07527240082368467,0.05620751339802185,0.05006645347308552,0.19810355352152093,4.129619968000043,,,,,,deltaC0.2,BLS-B
91,708.497645983885,618.0059835562515,346.46431079315624,2164.5212702261997,0.07556119871147078,0.0564135839630413,0.05026929773887101,0.1989736384004959,4.5767778839981474,,,,,,deltaC0.2,BLS-B
92,706.6682601368144,616.7312560427966,344.9965039020929,2157.161933118696,0.07524920402278196,0.05622173084748773,0.05001559443388543,0.19810668575722434,4.889527451003232,,,,,,deltaC0.2,BLS-B
93,703.5995601426063,613.6148622726599,344.2806149509056,2155.168701651003,0.07515762082850404,0.05604281019319192,0.05007865208101201,0.19814370863653608,5.1638903109997045,,,,,,deltaC0.2,BLS-B
94,708.7773079543283,619.2348272231706,344.8383694209141,2159.031015257291,0.07543433146656918,0.05642703417217281,0.050063241788169,0.19834759817348385,6.453352985001402,,,,,,deltaC0.2,BLS-B
95,706.2292799962336,615.0656223875473,347.0649450477787,2165.4566662176694,0.0753797351738537,0.056183919003750506,0.05025407167842541,0.19886696568467158,4.801102118999552,,,,,,deltaC0.2,BLS-B
96,707.2987686280318,618.1768770795484,343.6988460075285,2155.249800688457,0.07538026305031076,0.056373602932574034,0.050041991866177006,0.1982297945633821,5.582502212997497,,,,,,deltaC0.2,BLS-B
97,705.5245323708241,615.2936457808855,345.22253002771424,2160.642300725671,0.07542150083513254,0.05624059088153674,0.05025334541619595,0.19880077645370886,4.971810236002057,,,,,,deltaC0.2,BLS-B
98,702.6666982165574,612.454032795555,344.44237035390967,2156.6989249109306,0.07526864995502876,0.05604529098838805,0.05024236284331739,0.19860122891588944,4.893016363999777,,,,,,deltaC0.2,BLS-B
99,705.2306551735519,616.0190482657015,343.3231847259033,2151.4199447855276,0.07512959638999346,0.05614730221087138,0.0499193019599072,0.1976897174448606,5.853362617002858,,,,,,deltaC0.2,BLS-B
100,706.2305100565655,616.7055110715332,344.1450943261519,2157.4595561024025,0.07547832357029266,0.05634263583263623,0.05022434386244118,0.19868126111303708,6.414106628002628,,,,,,deltaC0.2,BLS-B
101,704.7465331248785,614.9269360199661,344.2855490848144,2156.175186904,0.0752723216394271,0.05615930044944157,0.05012040879740226,0.19832123720877376,5.0850854980017175,,,,,,deltaC0.2,BLS-B
102,707.9736395328873,618.161161259299,345.11368124720525,2160.33396169694,0.07550240595184703,0.056412339973265675,0.05018227977342395,0.19868810311880944,6.2692799659998855,,,,,,deltaC0.2,BLS-B
103,704.4377088706694,615.4792828258734,342.6627176847617,2151.098058772444,0.07524517520129902,0.05619373961847222,0.05004098339127171,0.19804158344533973,4.908228147000045,,,,,,deltaC0.2,BLS-B
104,710.7861973428807,620.6302334278752,346.46086602733885,2163.9272208736634,0.07554194761340259,0.05652061231159697,0.05011991852695108,0.19861568335312257,5.033430011000746,,,,,,deltaC0.2,BLS-B
105,708.1961512222937,620.2611905654416,341.78625496706405,2151.2288346252003,0.07552289776933924,0.056561573490368534,0.0500449447174408,0.1982291152472816,5.262951022003108,,,,,,deltaC0.2,BLS-B
106,703.5316323236618,611.9027382705577,347.17689522344267,2162.603080085629,0.07514477807973671,0.05591351847358819,0.05020374612074871,0.19850962906518282,6.292722878999484,,,,,,deltaC0.2,BLS-B
107,707.0156007771212,617.2101613198522,344.85167319552875,2159.573957363692,0.0754240279057834,0.05633378303104749,0.05015265571176922,0.19856746932752836,5.833399577000819,,,,,,deltaC0.2,BLS-B
108,708.9998857132671,620.720128839233,342.61838770741997,2153.566145673392,0.07551219748059428,0.05656719566397258,0.05002243839580504,0.19822702740873277,4.292152300000453,,,,,,deltaC0.2,BLS-B
109,704.4681591230338,613.9240789678308,345.5034189146275,2159.0378249842174,0.07526198675949278,0.056089178062950086,0.050183371301744426,0.19848471170665136,4.025645767000242,,,,,,deltaC0.2,BLS-B
110,705.2768862288993,614.1379639347372,346.77088618110275,2163.9706886746217,0.07542410772760272,0.056158180192312765,0.05034932793983204,0.1990068373377252,5.275650098999904,,,,,,deltaC0.2,BLS-B
111,705.1779300749948,613.7894226356273,347.186488397054,2163.9524148871287,0.07531992428539347,0.056087761986093373,0.05027180074105906,0.19879276409310206,5.186647209997318,,,,,,deltaC0.2,BLS-B
112,707.4098139572985,617.004273919912,346.0265464493469,2164.595688224879,0.0756067202629599,0.05640043032251469,0.05035243398641855,0.19920528142604843,4.8223259529986535,,,,,,deltaC0.2,BLS-B
113,706.5953806512041,616.6081160350125,345.06733139689237,2160.6595456039236,0.07551156292836998,0.05634592802173443,0.050270593106255514,0.19888353705760659,7.448957723998319,,,,,,deltaC0.2,BLS-B
114,704.8004744102336,615.0614366066603,344.155688501936,2154.9165270205403,0.07521131088426505,0.05614038333624281,0.05004996147640151,0.19812748274082134,7.4517663679980615,,,,,,deltaC0.2,BLS-B
115,705.1488980525955,615.9892841139384,343.2086395788828,2153.2131697780724,0.07529894019892466,0.05623349400328586,0.05007718589601102,0.1981775738455801,5.376628366000659,,,,,,deltaC0.2,BLS-B
116,707.0079518776029,616.317988294471,346.42803195298615,2161.6262116352473,0.07531484293810187,0.05620779990024276,0.050129919181714465,0.19842810049378254,4.886303924002277,,,,,,deltaC0.2,BLS-B
117,705.3253920086656,614.6352308642604,345.987632138224,2160.95906303891,0.07524931499214255,0.056113076946398076,0.05013763060211658,0.1984454007682494,5.59356943199964,,,,,,deltaC0.2,BLS-B
118,708.6498544688305,618.820115060736,345.3205488164758,2161.253945457738,0.0755548944396095,0.05645784044081667,0.050210101837576675,0.1987535076280741,5.5597202600001765,,,,,,deltaC0.2,BLS-B
119,706.2322963686471,614.8897796304444,347.3825201995,2165.974089275747,0.07534848087097196,0.056155370477387584,0.05023910763648747,0.1988213555874868,5.735768652000843,,,,,,deltaC0.2,BLS-B
120,707.0407907253497,617.8857217091771,343.69159817699494,2154.7122686098382,0.07542378052308771,0.056368725857265614,0.05011300643169735,0.19831745638978526,4.110043454998959,,,,,,deltaC0.2,BLS-B
121,708.2472516013764,617.9848682061885,345.9896993684686,2160.6474990216702,0.07531113874350115,0.05629400279284705,0.05002752110990318,0.19822618363256983,4.021719608997955,,,,,,deltaC0.2,BLS-B
122,705.2071610234951,614.56824305917,345.86560190626466,2159.932627032643,0.07523795545630355,0.05610699221638284,0.0501273913711403,0.1983989143476308,6.005171396998776,,,,,,deltaC0.2,BLS-B
123,702.9734326067728,612.1539180766707,345.59980835401166,2157.8714535237996,0.07510014503974326,0.055930026594913106,0.050118498681452815,0.19824274003306466,4.2904541330026404,,,,,,deltaC0.2,BLS-B
124,702.6852214336571,613.82565488649,342.03009491043235,2147.7970826774585,0.07505162488943536,0.05603633015757442,0.04992670729194774,0.1976471683018496,5.5984387600001355,,,,,,deltaC0.2,BLS-B
125,704.8079310184455,615.1600552698023,343.9946598814515,2156.349312777528,0.07535482166469361,0.05621472987351218,0.050182200961753694,0.19850723597321798,4.29980769300164,,,,,,deltaC0.2,BLS-B
126,702.2368375351114,612.2117222161122,343.996196450624,2154.1300346833627,0.0751658473355208,0.05598836839466661,0.05015184154315688,0.19828990134331403,7.536311955998826,,,,,,deltaC0.2,BLS-B
127,710.5312502609675,621.8665302640825,343.71016297852566,2157.9760935602726,0.07562456357436889,0.05666021688586356,0.05008686892051312,0.19851896523411428,4.656499643999268,,,,,,deltaC0.2,BLS-B
128,703.3908631021723,611.9485543508038,346.81071656392106,2163.8029385318564,0.07532396954083559,0.056019314216811104,0.050354114251636994,0.1990172274046156,4.839878034999856,,,,,,deltaC0.2,BLS-B
129,709.4290515886858,619.3991190109399,345.88193159876636,2163.584845887076,0.07565558279777802,0.05653013074646087,0.050280329416775765,0.19902681774991446,6.736677141998371,,,,,,deltaC0.2,BLS-B
130,709.2120959011046,618.131125816663,347.70060147929314,2166.5925095016496,0.07542965482139392,0.056330940417513936,0.050164309804413054,0.1986742745938291,5.525335796002764,,,,,,deltaC0.2,BLS-B
131,711.5582851779272,623.2060609023818,343.4085014379947,2156.603284708179,0.07558982873806835,0.056712781498646156,0.049974819892995334,0.19825934137641252,4.57767125099781,,,,,,deltaC0.2,BLS-B
132,707.5292345995042,616.3554319305792,347.4242353990713,2166.87416137825,0.07548232759441767,0.05628361398982203,0.050296486709468055,0.19901578029036518,5.61758602899863,,,,,,deltaC0.2,BLS-B
133,707.743070424583,616.7722525891841,347.11992476675846,2167.50737888498,0.07561933492096207,0.05637915364726508,0.050395186753366725,0.19934545272486473,6.646410512003058,,,,,,deltaC0.2,BLS-B
134,702.667246704589,613.208711381887,343.09814321382356,2152.007617560125,0.07521920590227645,0.056070223445242345,0.050140392692615166,0.19824490702494527,6.836356142001023,,,,,,deltaC0.2,BLS-B
135,706.3014536793265,616.3466868474937,344.9326094785,2158.626576752376,0.0753006929914552,0.05623059166378293,0.05008308023808336,0.19831682345900953,7.210043833001691,,,,,,deltaC0.2,BLS-B
136,711.5424378850876,620.8779888417315,347.56749543549154,2169.975995145527,0.07577360714354772,0.056637166111267935,0.05033757000918251,0.1993696834255114,7.209111243999359,,,,,,deltaC0.2,BLS-B
137,704.3374218968331,615.2453995599728,342.87651159647413,2151.9376372065044,0.07525941522724944,0.05618041972578927,0.05007734038246932,0.19810661016725836,4.891097111998533,,,,,,deltaC0.2,BLS-B
138,709.2323051193558,618.8751013099812,346.4160383173325,2163.2977262975833,0.07549465932724918,0.05641218147214578,0.050170801951843494,0.1986504603697687,6.384297854001488,,,,,,deltaC0.2,BLS-B
139,708.7272147294973,619.1205198538474,344.94064242146436,2158.0690192512375,0.07535451604363809,0.056372086296172984,0.05000490950684478,0.19810432255065133,5.666925142002583,,,,,,deltaC0.2,BLS-B
140,703.0367424375786,614.1331016639788,342.20051820215497,2150.5255911231125,0.07522401103067994,0.056135619538772295,0.05007438521382026,0.1981337914045697,8.011950170999626,,,,,,deltaC0.2,BLS-B
141,708.5995713163768,620.0384020554302,343.0243904539465,2154.1728518190043,0.07547559887263479,0.05650780968051425,0.050034322922306536,0.19821359195063612,6.463196066000819,,,,,,deltaC0.2,BLS-B
142,701.4574781305589,610.2675973506049,345.85553812134276,2159.781135484255,0.07524170066929285,0.055906698519597064,0.05035627647320985,0.19884496062423884,6.393317489997571,,,,,,deltaC0.2,BLS-B
143,705.131086179668,615.4655606225357,344.11043632024064,2153.007074558409,0.07512677304545466,0.056103066172092035,0.04996476752986162,0.19777276330384042,3.1673573330008367,,,,,,deltaC0.2,BLS-B
144,707.3045990581082,618.4120845856767,343.2874735366108,2153.767857334003,0.07546004041463075,0.05641704192814595,0.050113222600981555,0.198326432827486,6.118024250998133,,,,,,deltaC0.2,BLS-B
145,708.1929450006015,619.4221341712316,343.2979275314399,2156.116473484494,0.07551640443462977,0.05650462156126681,0.0500994519027164,0.19846436806113726,4.4871570029972645,,,,,,deltaC0.2,BLS-B
146,704.1557636451402,612.794118801167,346.8698710429774,2163.002600579892,0.07528133193241283,0.05602849117089308,0.05028008666093643,0.19877540060273255,4.57028527500006,,,,,,deltaC0.2,BLS-B
147,704.3303170321183,614.6552296406945,343.91880461223593,2154.378279711604,0.0752364776316234,0.056138453450843326,0.05008993522217079,0.19822128257266566,4.7598763550013246,,,,,,deltaC0.2,BLS-B
148,707.730036207068,617.6546266328744,345.52071768370473,2163.0612402177308,0.07560938036052482,0.05643882456481099,0.05031339265290113,0.1990975413671671,7.114688753001246,,,,,,deltaC0.2,BLS-B
149,707.31241899628,617.1821201405052,345.50989659522105,2158.72935817443,0.07525650942331931,0.056234287746418775,0.05001246936749998,0.1981092854716888,4.491674527998839,,,,,,deltaC0.2,BLS-B
150,706.5439030969326,617.072344370769,344.1308018998166,2154.9337792833016,0.07526098844248616,0.05625055177449311,0.05000091805562278,0.1980173971069445,5.042720802997792,,,,,,deltaC0.2,BLS-B
151,705.418993403833,615.9927113963873,343.7570883071417,2154.174481889478,0.07525699195844295,0.05620623018605283,0.050044725265562105,0.19810480440872624,4.998035703003552,,,,,,deltaC0.2,BLS-B
152,709.1608997486793,618.7737788769942,346.4508512136187,2163.9769089957726,0.07550547899626037,0.056420107073761674,0.05017817131223479,0.19873105036226904,4.22599955899932,,,,,,deltaC0.2,BLS-B
153,707.719539310394,617.8983568813858,345.06313463625764,2158.597451818775,0.07535598840734947,0.0563223560214898,0.05006313215368311,0.1982777040157521,5.58713637099936,,,,,,deltaC0.2,BLS-B
154,710.2032204438328,620.0234113192477,346.3518207615407,2163.951089249667,0.07557458901474964,0.05650978972235071,0.05018129303120857,0.19876156258810626,5.765668238997023,,,,,,deltaC0.2,BLS-B
155,707.2300372417062,618.673028091595,342.66311428118667,2152.0285626829886,0.07534618181742267,0.0563862874485117,0.04997633142036263,0.19796951143183333,5.399813382002321,,,,,,deltaC0.2,BLS-B
156,705.6858924725541,615.3328048526201,345.48244254519295,2160.52375438148,0.0753555961184833,0.05620110598576964,0.050198621020385255,0.19861353259733938,6.510249768998619,,,,,,deltaC0.2,BLS-B
157,707.233698218649,616.4035198702893,346.7365059920065,2164.1552562752904,0.07546280808876418,0.05628521571999915,0.05026539461692125,0.19888037660621405,4.5041903459969035,,,,,,deltaC0.2,BLS-B
158,708.0202154243291,617.6917467243192,346.0484525007631,2162.065479920622,0.07545931425824774,0.056345182408288015,0.0501929131222899,0.19864926941539082,5.598284108000371,,,,,,deltaC0.2,BLS-B
159,705.4558770888967,615.0086742857036,345.5898220037822,2160.555207120641,0.07544427781103646,0.056224423613242196,0.05030559853324025,0.1988627198690451,6.047207257997798,,,,,,deltaC0.2,BLS-B
160,706.492673519255,615.3708498404527,347.05995865703625,2162.8180543626713,0.07523888913694474,0.056119660997991226,0.050114609526883507,0.19837979439256342,5.734733327997674,,,,,,deltaC0.2,BLS-B
161,704.5527839732976,616.884539852609,340.3646425458423,2145.716207350926,0.0753747685654693,0.05635247063070043,0.05005751482159401,0.1980500481891344,7.49973349100037,,,,,,deltaC0.2,BLS-B
162,706.9193729714863,617.9068830212472,343.40367469985824,2153.5322355521553,0.07537025854343601,0.05634989168072432,0.05005362704614946,0.19815274684082881,6.444783654998901,,,,,,deltaC0.2,BLS-B
163,706.0790950332647,617.5656339917351,342.2869792372772,2152.2512941320106,0.07544817494774234,0.05639433189932162,0.05012091811384034,0.1983596874196645,7.377902563999669,,,,,,deltaC0.2,BLS-B
164,707.2798923608699,617.6767435651312,344.55810336832724,2156.802900038997,0.0753341057754303,0.05630777902670276,0.05004659343115906,0.19819098973169888,5.509474683000008,,,,,,deltaC0.2,BLS-B
165,704.5569301199101,615.0816589295608,343.62046014236574,2155.31310045965,0.07544280399631649,0.05625748934455709,0.05026640595341657,0.1987005753186029,6.438891203000821,,,,,,deltaC0.2,BLS-B
166,707.4057872043236,617.2207125760485,345.63208725071183,2161.304702793197,0.07540817469733833,0.056314836533655425,0.05015009468956132,0.198578182195724,4.015364135997515,,,,,,deltaC0.2,BLS-B
167,709.0422565728655,618.9204543756362,345.9456500108037,2163.4383545876785,0.07556134937372566,0.056458858562863055,0.050218669924211035,0.19882944853801196,6.613414236002427,,,,,,deltaC0.2,BLS-B
168,704.0311175025118,613.9280442679458,344.6043686217147,2156.6183259220093,0.07527129120113435,0.05610572859505698,0.0501788251945357,0.19843205835427583,3.740617438001209,,,,,,deltaC0.2,BLS-B
169,703.06973534945,613.1745650081903,343.9825658247264,2154.190810298959,0.07521611546315511,0.05605338597532114,0.05015458050934484,0.19830395519507577,6.9543474550009705,,,,,,deltaC0.2,BLS-B
170,709.0099815769898,620.4032876338139,343.2126376882977,2154.226627840464,0.07538910641161399,0.05648856710569433,0.04992553607010271,0.1979859111058322,6.141015367000364,,,,,,deltaC0.2,BLS-B
171,707.545690102615,617.7141267161176,345.0364636355558,2159.6496762844668,0.0754461049864684,0.05635769870773166,0.050158992753022394,0.19855060674436797,4.709099263000098,,,,,,deltaC0.2,BLS-B
172,709.0223769613372,617.6608837032603,348.1490539622534,2169.3053178584682,0.07558624608582669,0.056382386162935845,0.05034190230732974,0.19920523345091173,6.708826453999791,,,,,,deltaC0.2,BLS-B
173,709.6341091835754,620.5552164129364,344.2263678155123,2157.2366285734047,0.07546336562906619,0.05650599056001097,0.05001792261677888,0.19821208852915886,5.081961538999167,,,,,,deltaC0.2,BLS-B
174,708.9800177624328,618.8698165431432,345.9086812415609,2161.4172583440436,0.07542430182007238,0.05638648535744926,0.050093807741871,0.19842344123357364,4.998496719999821,,,,,,deltaC0.2,BLS-B
175,708.9489730201088,619.9747094279494,343.8604455531294,2156.478409863473,0.07546256192422557,0.056494559312881755,0.050029621427818784,0.19828111993176653,5.989329242001986,,,,,,deltaC0.2,BLS-B
176,706.2531452346016,616.5771531690192,344.4214269521499,2156.1013710550637,0.0752360779651347,0.05621625031752382,0.050002006237883395,0.19805526316946626,4.315660698001011,,,,,,deltaC0.2,BLS-B
177,708.0259439258705,618.4455460414807,344.7112470656775,2159.2813480565096,0.07544023095030065,0.05640038924013751,0.05010214106598322,0.1984672129899778,7.486976638996566,,,,,,deltaC0.2,BLS-B
178,706.4512890899996,616.6620920741241,344.6756273015058,2156.0130926306347,0.07524257280516713,0.05621037076514506,0.05001838642725092,0.1980343522986687,5.172059483000339,,,,,,deltaC0.2,BLS-B
179,702.7207308796079,612.3314487615077,344.7703909351894,2157.036115814974,0.07520355559909042,0.05600791179697225,0.05018653794483197,0.19847706251382133,3.7669247789999645,,,,,,deltaC0.2,BLS-B
180,705.2241125827456,615.8990127018436,343.52504293139293,2151.8014051521836,0.07512637592774936,0.05614372856360711,0.04991847456617166,0.19772649590407967,5.499554570000328,,,,,,deltaC0.2,BLS-B
181,706.0736375364245,614.4560460441991,347.8271828130275,2166.1395479707962,0.07536185486781082,0.05613249568776166,0.05028471036985696,0.1989012158851792,4.144606630001363,,,,,,deltaC0.2,BLS-B
182,702.1463119509992,611.2768077710815,345.4708492298391,2158.6728114174725,0.0752024903074812,0.05593556179144352,0.050265569483717264,0.19859468963670082,7.924465985997813,,,,,,deltaC0.2,BLS-B
183,708.5507679035658,618.3345318594179,345.9864121709512,2163.4767240196193,0.07555693790172305,0.05643060541903589,0.05024378207426178,0.19888659387187116,5.909534649999841,,,,,,deltaC0.2,BLS-B
184,702.9269294349688,612.1371796379542,345.53486282828925,2158.7368038249033,0.07521534192755533,0.055985097202200386,0.050229638188416574,0.19855308575423192,5.794000001998938,,,,,,deltaC0.2,BLS-B
185,704.4357599416116,614.7268306394624,344.0067783873999,2156.296699291249,0.07537532326114464,0.05620340655330715,0.050225655282193415,0.19859961192997005,7.121775677998812,,,,,,deltaC0.2,BLS-B
186,710.7090169269434,621.509969724668,344.7211398712072,2161.672361961772,0.07572902712245898,0.056680628419151134,0.05022142880209845,0.19892883308551054,4.490752222998708,,,,,,deltaC0.2,BLS-B
187,710.6024798661502,620.557621630872,346.2139838708976,2163.942114319333,0.07561717981406775,0.056557246858432365,0.05019198851238509,0.19881144267578052,4.855150227002014,,,,,,deltaC0.2,BLS-B
188,702.3679957145813,611.8700558953644,344.87075275053667,2157.3749366942084,0.07528433149262719,0.056013694346073645,0.050301059770112365,0.19870504178404916,3.3545530299998063,,,,,,deltaC0.2,BLS-B
189,705.1083883807132,615.1824295919936,344.56990246703,2156.502166469054,0.07520021001218707,0.05613503023670978,0.05003928422950032,0.1981331437850606,4.039500216000306,,,,,,deltaC0.2,BLS-B
190,707.0664330033786,618.2620569649288,343.0670045306259,2153.470453051158,0.07541988465816682,0.056401172612204876,0.05007061742998042,0.1982533659290454,5.590952167000069,,,,,,deltaC0.2,BLS-B
191,711.1374242608033,621.2102108788871,346.14203744142156,2164.6278530062787,0.07565231469528934,0.05660494196776351,0.05019116718687877,0.19884587386314345,3.9563039610002306,,,,,,deltaC0.2,BLS-B
192,709.4573131519327,621.008367255973,343.04268973821615,2156.2030349908723,0.0756901396556592,0.056663843453877975,0.05018173060116205,0.19872840477464737,6.990142409998953,,,,,,deltaC0.2,BLS-B
193,708.2983132852758,619.9829516454871,342.50202958773264,2153.950931915137,0.07553814672734173,0.05654860914260592,0.05008259592950622,0.1983831522635527,5.759255308999855,,,,,,deltaC0.2,BLS-B
194,703.9543922934134,613.4879427079392,345.2308366602983,2159.7845446703923,0.07540201414130623,0.05614223536563965,0.050334015781724244,0.1989029930907439,5.264719481998327,,,,,,deltaC0.2,BLS-B
195,704.8082788564116,614.6915108484726,344.8319249074238,2157.82881867712,0.07535485434570198,0.05617551857781468,0.05022614046465803,0.19858698579910813,4.132611610999447,,,,,,deltaC0.2,BLS-B
196,708.3994652901529,618.8446736829931,344.7623417334966,2159.5991543825994,0.07553003633963222,0.05645750415392781,0.05017306662120016,0.19864737169503655,5.140843831999518,,,,,,deltaC0.2,BLS-B
197,709.6907388558442,621.3186914442415,342.963596435204,2155.131673762736,0.07559266742188615,0.05662326538422897,0.050080507037998975,0.1983937899335913,6.8085561050029355,,,,,,deltaC0.2,BLS-B
198,708.2082020477294,618.8432819604726,344.37167395136987,2158.6703767813765,0.07550727472954112,0.05645452466051553,0.050142149758837046,0.19856986742521346,5.765239027001371,,,,,,deltaC0.2,BLS-B
199,710.9283254042356,620.4714249219703,347.03644580558165,2166.2923135702763,0.07561672645370571,0.05654138286458902,0.050209175887824684,0.1988897622565634,3.9575428899988765,,,,,,deltaC0.2,BLS-B
200,710.4528683519462,620.3879628562267,346.21099591522074,2163.7589150560925,0.0755871715966739,0.05653667970156807,0.05016995473694716,0.19875440146248421,4.91578606999974,,,,,,deltaC0.2,BLS-B
1,311.7462359713228,287.1505134667059,121.36844012384284,528.8391854066273,0.032767506735451785,0.024516999635643813,0.021739968411286135,0.18711162236734205,12.00196007699924,-0.007045387815628474,-0.00414418009333669,-0.016397365684621856,0.018321717155163942,1464.1112773237328,deltaC0.2,BLS-G
2,301.7460058324504,274.5208570413882,125.25554313122802,526.698046980881,0.03318974995565224,0.02397891901892944,0.022947133694697957,0.18565584060440832,16.20449208900027,-0.007194620990272722,-0.004193676541765209,-0.01747096801785672,0.01935417829853794,1648.9830224654925,deltaC0.2,BLS-G
3,309.0214077737786,279.57320830443774,131.6550479884894,557.2815075932099,0.03499444953925806,0.024900862891502056,0.02458777187575755,0.1835462771481929,12.13584705699759,-0.006605045725397059,-0.0038370444672727183,-0.02223060387827458,0.023506366968784668,1944.7596852524584,deltaC0.2,BLS-G
4,305.9926897439439,281.30740184470494,120.40627825871545,550.3969730984956,0.03510177743577961,0.025327957998181126,0.024302866555066697,0.18108462061746392,10.20269944300162,-0.006874626881876143,-0.003974166331727313,-0.018012515237869786,0.019685151713708996,1985.1258287504897,deltaC0.2,BLS-G
5,319.11471071082366,292.5782903757622,127.40542607302419,584.9920099672004,0.036977168578800755,0.02674803944523634,0.02553141950501638,0.17777328145622687,16.394718031002412,-0.006495874418181571,-0.003842505622269541,-0.023675554163955587,0.024849408421215052,2256.785008094532,deltaC0.2,BLS-G
6,318.82659569029113,293.3793839478397,124.8156047689809,536.2205585527555,0.03315322014531109,0.024786272171307522,0.022017645601955873,0.19067593534136115,11.538269257001957,-0.007274727453616387,-0.004345046625271838,-0.011337786175425135,0.014154380419497261,1465.9014093645292,deltaC0.2,BLS-G
7,316.3314169896094,292.4790364545021,120.50551277555826,527.8576524299922,0.03346521541492884,0.024961734386866923,0.022289738876153223,0.1887251746331253,14.811445581999578,-0.007260152723606837,-0.004220694030897573,-0.012040759374851856,0.014680053201389735,1553.5535225730036,deltaC0.2,BLS-G
8,319.67243678821825,294.76276407974035,123.71491322467459,537.1769465766778,0.033652660414590835,0.02512936227117983,0.02238340244072765,0.1885724448059293,13.536065576998226,-0.007115344543601063,-0.004123652173480501,-0.009935261462150707,0.012897366225059319,1556.1943635546486,deltaC0.2,BLS-G
9,322.0006200830083,300.17010343158086,116.54316084488126,534.4158559951339,0.033492200918051884,0.02533031533602162,0.02191124476867673,0.1908951380246442,8.755401462000009,-0.007152930556236197,-0.004117636405704299,-0.00664227443887494,0.010594298222782399,1495.2996074948333,deltaC0.2,BLS-G
10,318.59772477186846,292.89886402407797,125.35854850474259,558.6221715410161,0.03494240958735796,0.025665417195070404,0.02371198743196509,0.18456322009750178,35.1381805710007,-0.007073908324625236,-0.004285532208352308,-0.016083369967087535,0.018085374057293935,1821.719811856734,deltaC0.2,BLS-G
11,327.8006982867573,302.9816621633231,125.12158163176977,505.5135414680435,0.027885968487885663,0.02373407105685116,0.014639710023620415,0.20034853071882064,24.96088705400325,-0.007307164189459472,-0.004468656411067105,0.007635400932111153,0.011474444910581683,509.75360920230924,deltaC0.2,BLS-G
12,316.17018028724556,291.01908280031597,123.57781495451435,540.7689476686129,0.034071776653855246,0.02506491618083915,0.02307890684581277,0.18814283323037181,13.082199645999935,-0.007175244212967907,-0.004102513402260839,-0.010949368218830025,0.013718724799447805,1676.2333568486647,deltaC0.2,BLS-G
13,326.326373302364,307.2848625932817,109.84040756343644,543.0055325988479,0.03523235771241161,0.026610646204783518,0.023090962269666677,0.18459548780838364,10.370487271997263,-0.007434042127452442,-0.004385279401604037,-0.008319935004745677,0.011988201544271047,1800.4924529418022,deltaC0.2,BLS-G
14,377.12806756814354,364.11614999352383,98.20900499229116,490.60835299606356,0.031690710950367185,0.028014155484318508,0.01481581091402526,0.2030153305734121,11.056553114998678,-0.008047041992337214,-0.004772509706244872,0.025643634950782118,0.02729702817545555,596.5619266677986,deltaC0.2,BLS-G
15,312.65916782914064,287.21988538909756,123.53336660467237,551.6542672060572,0.03479062104386335,0.0253483317966246,0.02382959059123631,0.1837865244529894,9.122198296001443,-0.007077260890624022,-0.004133977801673194,-0.01604723983627951,0.018019192560760292,1857.269288894062,deltaC0.2,BLS-G
16,316.0121339818522,291.0977343453301,122.98690126505235,542.8144165602538,0.03383200054963723,0.025131212605552126,0.02265008640524782,0.18608530956199829,8.828231019000668,-0.007481029184296379,-0.004455790757664066,-0.013028562925065879,0.015670460134430634,1627.6170928164047,deltaC0.2,BLS-G
17,306.0209726689346,283.0943487632088,116.21714766580482,479.9725487311971,0.02891990902794334,0.022754573651198706,0.01784910407098049,0.19969151928724027,10.068368025000382,-0.00862515879646861,-0.005221210921559477,0.00010671264813935655,0.01008294576703578,847.2789773697878,deltaC0.2,BLS-G
18,312.88145798273246,287.15951614360273,124.23453238762704,549.9377136730648,0.03470291560574211,0.025319489157404715,0.023732168471240135,0.1835710092416632,9.098335891998431,-0.006918684300118327,-0.00398625457031674,-0.01801760233550842,0.01970767393338426,1835.803526274285,deltaC0.2,BLS-G
19,317.2936940745818,291.97599551504294,124.19865676606153,548.7753681075812,0.03446815991975374,0.025325639669272065,0.02338089013694541,0.18682177240257447,24.956427542998426,-0.0071603634031466926,-0.0042671217595936515,-0.013276060041627569,0.01567587006852316,1741.6228159451402,deltaC0.2,BLS-G
20,316.9152247169008,291.5166989615523,124.31119774148844,543.3113410122751,0.0338368183970256,0.025017691692534157,0.022782567493822937,0.1884035734560282,12.719569218999823,-0.007241870869135856,-0.0044179776176893155,-0.010952164352604016,0.01385327123541918,1618.0551444889334,deltaC0.2,BLS-G
21,305.6265862697778,280.2269955411209,121.98541390229637,557.2310037053212,0.035348205090407814,0.02548482651225176,0.02449528976668704,0.17867784786673976,13.072278357998584,-0.00714196452526872,-0.00420880535095444,-0.02060053730258704,0.022205941477850013,2041.470605912251,deltaC0.2,BLS-G
22,305.3557034901511,281.3479006898321,118.68219930296799,543.8853585363436,0.034720531723883646,0.02519566189042195,0.023889201432713267,0.18147035206502937,13.613314778998756,-0.007425695259431521,-0.004584765463096671,-0.01783327938185275,0.019854140070745,1909.0809865765023,deltaC0.2,BLS-G
23,314.3079529657607,288.9338059853027,123.72043103858934,553.8110286582184,0.03494332115775305,0.025461109964428852,0.02393256302432178,0.18436437061574665,9.244688188999135,-0.006843522747057627,-0.00397879057520161,-0.015390305429013929,0.017306821754127587,1868.8696188623817,deltaC0.2,BLS-G
24,265.31917315756243,240.40896170941747,112.23989831968147,452.1766374486965,0.028645280471309407,0.020463096771352544,0.020045292809191918,0.1912067642390208,9.907780500998342,-0.007867435729965415,-0.004758364334841601,-0.013207513166998197,0.01609276173205394,1170.1266438067487,deltaC0.2,BLS-G
25,316.8662025816678,291.6762991116038,123.81085120087333,559.8963580621329,0.03537935510861615,0.025897768012545938,0.024104032440027876,0.18227972486396207,13.027832531002787,-0.006936533000232538,-0.0041456378359480545,-0.018044809255364364,0.01977161966538509,1930.5785308055401,deltaC0.2,BLS-G
26,308.26774148463363,282.225068833198,124.00810845317166,543.2022029914849,0.034427276059204905,0.024985572418186927,0.02368456264726541,0.18302715741640477,17.948807196000416,-0.00724165803701933,-0.004294162108070911,-0.01816155515812018,0.020018079955304413,1826.0992177999615,deltaC0.2,BLS-G
27,410.8931924524606,393.2299198441322,119.1782100182421,544.8350656520556,0.03060202363562569,0.028680972631273685,0.010671722425153466,0.17258355326064467,10.013079595999443,-0.006503196131225597,-0.0036337446543704697,-0.020056868841412112,0.021395645534920456,-90.57430048497918,deltaC0.2,BLS-G
28,321.55702016561355,294.8794149179908,128.23824653905788,518.1292953848072,0.030486429591913795,0.023672334696707886,0.019210490864883103,0.19657635623663175,14.67389833100242,-0.0069918289182509955,-0.0038759581480639856,-0.011932876548720023,0.014363226166660008,983.0900738026849,deltaC0.2,BLS-G
29,323.51385273446374,297.940688227975,126.06569402235036,543.2925367836963,0.03382580372377056,0.02524465576188344,0.022514269986456486,0.1904015601725593,21.769883736000338,-0.0072158194564233965,-0.004185705594266417,-0.008641065997676611,0.012010670394518972,1550.8838686607523,deltaC0.2,BLS-G
30,313.2973201539394,290.6556504900798,116.93803339302653,528.831788539653,0.0333332536637473,0.024913154569875993,0.022145891925799462,0.18755114074833446,14.960975188998418,-0.007327533034092955,-0.0041947074907887965,-0.01214802191457584,0.014794010535889787,1556.374030625013,deltaC0.2,BLS-G
31,312.70392722703457,287.24110795419875,123.59729772310925,555.8830298515417,0.035404324749454985,0.025646879917928512,0.024407043275256137,0.18224205103631552,9.082639135998761,-0.006759400224341895,-0.003964694855015315,-0.016760980089605332,0.018502398499934125,1982.5481279100222,deltaC0.2,BLS-G
32,316.88130054859164,289.6610967353296,128.49205296613852,525.3859717979893,0.03237324970630154,0.024110295551448276,0.02160372525673214,0.1940720957494306,15.206775071001175,-0.00709011149672058,-0.004274833364431588,-0.012263691313573188,0.014796689020324693,1343.7240252708325,deltaC0.2,BLS-G
33,247.39409565103313,203.84138530068765,140.18747519550064,427.53397151925935,0.018687993673415438,0.015481395795907084,0.010467449151922634,0.17695608004434,12.030754056999285,-0.00944142864718233,-0.004774949643275279,0.008235358034896945,0.013407529263760402,89.54019077253179,deltaC0.2,BLS-G
34,300.3263898098634,273.11601779202357,124.91429558562572,552.1032258138991,0.03460174630342164,0.024640782006032442,0.024292235578010125,0.1808086023687687,10.082195054001204,-0.006706966220547254,-0.0037632389374604243,-0.02346701635967277,0.024695064689308464,1943.150880163581,deltaC0.2,BLS-G
35,314.6587785168789,271.2817307994632,159.4251217097915,532.4516956425924,0.02385027640930454,0.02064130517504589,0.011948732379246436,0.17234531216770851,12.721630542997445,-0.00871475731129844,-0.0047617892267724955,0.012219439966887874,0.01574599456177389,-31.426659746870428,deltaC0.2,BLS-G
36,316.2648955279833,287.26572171816963,132.2947061263802,528.8024600441737,0.03058451067826197,0.023450702810409806,0.01963356389264461,0.191971384303157,13.417733430000226,-0.007648935418381963,-0.0044839792852812005,-0.013907156612261884,0.016493067886339047,1048.4506120529204,deltaC0.2,BLS-G
37,313.43502598749603,285.8534021903815,128.56651186046201,564.0597328618597,0.03528138953597125,0.025483786756985326,0.024399857788795432,0.18240536550464392,13.641221421999944,-0.007019735521929016,-0.0043570467395647105,-0.020137359466318783,0.02176634533779895,1947.2656941450732,deltaC0.2,BLS-G
38,309.82212142553544,285.2037200806064,121.03133882099429,555.943258097018,0.03528695739170868,0.02557716660984706,0.0243100372310778,0.1815472456191542,20.503535310999723,-0.007086819396752634,-0.0043957760684524404,-0.017026016093311724,0.018958667685675553,1980.5577541209004,deltaC0.2,BLS-G
39,321.3775421415392,300.4377619871176,114.10817571545387,547.8927292637046,0.034988669147070585,0.026058998706603994,0.023348138150447468,0.18651288351083978,11.717152771001565,-0.007705408178327141,-0.0048288102743763595,-0.009270207330764973,0.012985663934351688,1796.0433830320053,deltaC0.2,BLS-G
40,306.2558045155001,280.7503032714555,122.35965434906221,558.092829487688,0.0356534565656142,0.025614929369710014,0.024800087872039998,0.17874506445833432,12.4635177199998,-0.00679590979888708,-0.003958411911090588,-0.02109689387271979,0.022515158136892467,2101.5171766135354,deltaC0.2,BLS-G
41,310.5798393292432,284.38880281090917,124.83126785207448,574.4112868389647,0.03648550579109434,0.026129428407467774,0.025464585288808343,0.17799629546381476,15.421476202998747,-0.006454385996178309,-0.003659989550099257,-0.022537570791513917,0.023727551902313893,2238.5285939688547,deltaC0.2,BLS-G
42,303.6451279761998,277.6411400312995,122.94617157847189,575.5227265253776,0.036613680155205525,0.025980546086253074,0.025798697633170765,0.175888952407628,10.578006214000197,-0.006586764076263526,-0.0038944688928705105,-0.023920414652744776,0.02511450947387065,2334.987901628667,deltaC0.2,BLS-G
43,309.60442993427654,283.20488844367156,125.09953715556219,563.0099821577783,0.03569372933256895,0.02552374357196834,0.024951569644795852,0.18210621999102716,12.130571847999818,-0.006814598316601171,-0.0040931749260355,-0.01947283992377155,0.02103293431474982,2074.880496913991,deltaC0.2,BLS-G
44,312.9902566598643,277.8053698078551,144.17724255210535,533.560086310495,0.03241820255288014,0.02345174806859463,0.022382032286786036,0.1913495175179683,10.771940521997749,-0.007683932603765038,-0.004534566412086333,-0.01183185618519228,0.014818837120094736,1406.6824673109531,deltaC0.2,BLS-G
45,318.4551611060881,295.1266018137809,119.64104035386245,524.4263155922168,0.03208033126851307,0.024686234111201105,0.020487496179487336,0.1894032669417577,10.560238556001423,-0.007170430671751119,-0.004141531667328049,-0.011222200395794607,0.013946510039907578,1269.7507228532995,deltaC0.2,BLS-G
46,317.37901818021487,292.262059379299,123.74299910866985,551.9572805347898,0.03472087254149704,0.025579133767418268,0.023478647868891547,0.18427698913892734,12.014915109000867,-0.006961896498498989,-0.004055667455084756,-0.016007098825467914,0.017920481415697024,1792.8697986309198,deltaC0.2,BLS-G
47,311.23273840106293,283.9672428056955,127.39082567420488,544.2264844858008,0.03426147621229589,0.024748345259177667,0.023693209136338093,0.1873281958073228,12.266207738000958,-0.006824904103975787,-0.003987335778159597,-0.014538617314658886,0.016548400407844752,1762.009643150308,deltaC0.2,BLS-G
48,307.40359420639095,279.37637711135073,128.24121663156453,550.8762248714478,0.03496208145744096,0.02494199202094756,0.024499881098971187,0.18346412803252554,9.92380766900169,-0.006561535692114632,-0.0038230070372490053,-0.020042910934476715,0.021433324804451502,1948.095241699073,deltaC0.2,BLS-G
49,305.21408375573793,280.2409427346872,120.91588372926186,556.0191742854505,0.035561373125259435,0.025493696912330884,0.024792794846409213,0.17975278421782576,7.77967346999867,-0.007205608407347218,-0.004344776735379853,-0.019283160215126854,0.02103896730551626,2093.317705877369,deltaC0.2,BLS-G
50,315.49662250846023,292.46498001024014,118.33154390041437,538.2530721623085,0.03376784850028568,0.02520101203423042,0.02247613367082558,0.18662443482266586,31.823206393000874,-0.007276414785578625,-0.004254832315458151,-0.012350422957181362,0.014952683952579437,1617.5662734081216,deltaC0.2,BLS-G
51,328.81380947419524,304.100547048227,125.06549718408145,537.8142803845473,0.03284563787120776,0.02521848125949825,0.02104433724617748,0.1925468979067593,11.191309960999206,-0.007036299590893145,-0.003998290721616751,-0.008659955407055636,0.011852875949724683,1310.9301170546132,deltaC0.2,BLS-G
52,307.55942145339947,282.7743219266862,120.96065717270474,559.909495585895,0.03546556619412491,0.025573414270209628,0.024572481926620558,0.18045198342395624,19.373029408998264,-0.007037922412112318,-0.004152380045586322,-0.01865611586253621,0.020367259781283086,2045.2372780351761,deltaC0.2,BLS-G
53,307.6466489686444,282.9936915230179,120.66909786607053,524.9318544206304,0.03285396947090477,0.02422592644002511,0.022192066107454594,0.18839802606083536,8.777765000999352,-0.007201620480363644,-0.004167656317906808,-0.015877245889218405,0.017925390755966365,1524.318971188297,deltaC0.2,BLS-G
54,323.0319610153613,295.4777491748222,130.54710866201034,520.892226653985,0.02910366605997558,0.023571653973286165,0.017070457143680627,0.19652752919433425,11.636375728998246,-0.008218004071764852,-0.0048339121158155005,-0.002731569379189863,0.009917851004138913,741.0802498267112,deltaC0.2,BLS-G
55,323.7168301113077,297.361234334583,127.94093329472959,518.4734084665639,0.03065623974890102,0.02409562043700468,0.018952733610165622,0.19568278386678675,10.250929450998228,-0.007967590640540746,-0.004665025849842458,-0.0006707124734851022,0.009257149778253527,979.0037517765049,deltaC0.2,BLS-G
56,312.29171494864454,287.3818099789312,122.22033594618759,545.5343832946439,0.0346394448489803,0.025357274534482593,0.023598723855929763,0.1830821005579838,13.192386524999165,-0.006963589151928102,-0.004068889344043295,-0.017753160230097542,0.019499285436303474,1826.2412556022064,deltaC0.2,BLS-G
57,308.46242157769433,284.15191557816587,120.02814002905376,559.3481355205246,0.03572447548231818,0.025833069490862982,0.024675710104614963,0.1790012851147715,12.764534077999997,-0.006953436194475749,-0.004029417608191978,-0.020497846634531247,0.02201699792943209,2092.8808299925877,deltaC0.2,BLS-G
58,304.9657073968795,279.70357241320056,121.53186523448319,551.7668649033478,0.035080787957278016,0.025269196709950828,0.0243337087460443,0.18030081180827945,27.036632700001064,-0.007188786348130307,-0.004212752190123523,-0.020738091132297604,0.022349370326385835,1992.7611775546848,deltaC0.2,BLS-G
59,319.9752770175486,293.18153584250996,128.17474378162018,548.0140283635744,0.034111341740992646,0.025214215656135276,0.02297448506967435,0.18708220158594566,14.90416058700066,-0.006646713329675974,-0.0039042676730643923,-0.01781357743538009,0.019409936764351154,1645.620814271113,deltaC0.2,BLS-G
60,300.39705072632245,274.9241841704534,121.05817214580505,571.1481003964279,0.036010108462715774,0.025570610925092076,0.02535491606008816,0.17707464951682453,20.857517810996796,-0.007126187245684482,-0.004331144024706421,-0.02238928004013055,0.02389186501591482,2228.744473615903,deltaC0.2,BLS-G
61,308.9513439735052,282.45488166258286,125.18056066343306,536.8678884183101,0.033539718502073476,0.024390615969714702,0.02302195842703718,0.18837038316363588,10.065929763997701,-0.007157050812729924,-0.004197969610382021,-0.013885657411625008,0.01617584022357743,1642.293056470604,deltaC0.2,BLS-G
62,321.785199438317,299.624570685018,117.34918499664208,528.964076442804,0.0338321927837883,0.025469039759926544,0.02226982896806122,0.18945995783782288,10.067671346998395,-0.006937265882226876,-0.004209449242448864,-0.009270479743243493,0.012320183258188584,1560.5380431941467,deltaC0.2,BLS-G
63,341.9324680412894,321.3982724677272,116.70888207659216,526.3843601925189,0.02625746380115651,0.024567156835316812,0.009268722150220648,0.18073007412551087,18.111227387002145,-0.00896196550915369,-0.0054330314228615935,0.027710366044466084,0.02962598593376026,-29.66737422352344,deltaC0.2,BLS-G
64,316.3265443091289,293.95394903808216,116.84844234936081,527.8659262572328,0.033460884995670064,0.025058860671309316,0.022173956041928233,0.18838818003023378,12.490681457999017,-0.007517922983526342,-0.0043203044185755966,-0.00749974859300348,0.011464310934969232,1552.6411702833648,deltaC0.2,BLS-G
65,308.21255252979535,283.2661821465959,121.47118007586586,551.0973116738613,0.034870868386263104,0.02533303107290664,0.023962783616917924,0.1813012607718812,12.56489996199889,-0.006778180331663338,-0.0038140825071262155,-0.018578189707234738,0.0201405086027567,1915.2134206640694,deltaC0.2,BLS-G
66,323.27476842506985,296.9280974824741,127.8291078969141,563.002372562827,0.035204997001915615,0.025995140053760434,0.023741198526828152,0.18377907909930513,8.554215060998104,-0.006861558973072989,-0.004175359267084892,-0.017490503048937706,0.019246618234253242,1827.5520623142875,deltaC0.2,BLS-G
67,313.2623744552142,288.65663973360546,121.69905335302481,539.3026059472008,0.03407234263428523,0.025138154108681112,0.022999950882476458,0.18480205814443054,9.977253755001584,-0.007160878942442282,-0.004091022793881896,-0.016237396139704013,0.018211745883523887,1704.9645684485804,deltaC0.2,BLS-G
68,321.1127265651131,297.2940934429289,121.36558476779214,502.6605609687921,0.029219287707033435,0.023588536350429262,0.017243773570505747,0.20185140997612952,9.884868455999822,-0.008320644143026627,-0.005102098389529033,0.0003669110887125626,0.009767248879717272,753.645816426284,deltaC0.2,BLS-G
69,322.9033506517277,296.273691702997,128.40745097847756,531.7434955701619,0.031788148292059934,0.024340418702061266,0.02044579148006599,0.19418118206243104,13.548091165997903,-0.007777050942013995,-0.004620817306232258,-0.005227786475354185,0.010448168517216423,1184.286163607654,deltaC0.2,BLS-G
70,323.01987897882304,297.3291759356951,126.24263682644614,568.6827004791555,0.035877279471069626,0.026250151569583328,0.024456261464482577,0.1837892174845374,15.902672741998686,-0.006702063889624853,-0.004083520834650578,-0.015344272328016939,0.017234833798559973,1972.435469304146,deltaC0.2,BLS-G
71,311.920438533992,287.0466047198419,122.05984882035814,540.5879231675237,0.034505140903716085,0.02513812430986495,0.023636401057840373,0.18577771358204717,9.472499950999918,-0.007197205672463908,-0.004371678837616225,-0.013527068786588464,0.015934018178353635,1802.1316951097815,deltaC0.2,BLS-G
72,310.01351046204286,285.15322081890065,121.63888081368736,541.1514739988913,0.03428999981626132,0.025156556942163674,0.023301324645068528,0.18250733354843704,12.785562053999456,-0.0072574037300508765,-0.004286339992869063,-0.017872861731909523,0.019760612488568793,1778.9251583631249,deltaC0.2,BLS-G
73,313.74429709307526,288.87001630703406,122.43201230561296,539.8159157656967,0.03419785367477274,0.025094432642207207,0.023232792478023227,0.18641102228328754,14.172263488999306,-0.007059520047577115,-0.0040558207724701555,-0.014469122267810774,0.016602469835581727,1725.3216832585858,deltaC0.2,BLS-G
74,342.23550924768455,320.24809401531996,120.69093615336976,543.0475007133706,0.028730481316932663,0.02483222271424653,0.014449957500722114,0.20622295132552151,9.376808667999285,-0.006594504597911509,-0.003912265269744137,0.005997643070173586,0.009734733320945337,473.8628275360352,deltaC0.2,BLS-G
75,305.626288627458,282.12914667507926,117.51839386490052,564.7560304321775,0.03617244143462472,0.026011185945572463,0.02513689967052836,0.17728992327917778,9.134622737998143,-0.006815529668206877,-0.003897842076421883,-0.02021804200504082,0.021689025797129016,2216.527311974447,deltaC0.2,BLS-G
76,554.752206214465,492.98249795068585,254.3978518268547,1617.8072260743625,0.1380279484018535,0.06761865892328384,0.12033050945392584,0.6416429139195576,11.20193281200045,-0.08538200384172993,-0.04028972244367846,0.5853797322523211,0.5929441619970779,-9399.774940337375,deltaC0.2,BLS-G
77,369.6802463398874,347.2503653284792,126.80957500582356,538.6318088598322,0.027477934706386185,0.026421972465969955,0.0075442870263496675,0.05482836969715992,15.620073545000196,-0.008734668898823076,-0.004843582240698261,0.006189601771337483,0.011750144670693158,25.155303118208394,deltaC0.2,BLS-G
78,315.81922370332376,291.44342314664044,121.6655792126038,518.0784721891783,0.03147017043391197,0.02412248960465164,0.020210816965499947,0.19233717735418038,20.11276053599795,-0.008334417421222986,-0.005060911266491724,-0.007338385367473277,0.01220357473857697,1191.6493833800596,deltaC0.2,BLS-G
79,308.50733051209534,282.27703460298216,124.48473286088574,551.6541313878329,0.034705649977011345,0.025044172328768315,0.02402647649352237,0.18374053543774074,10.490461250999942,-0.006721560425139633,-0.0038507972462694263,-0.01757972512005393,0.019210797726209462,1878.595870029345,deltaC0.2,BLS-G
80,319.07188066577936,294.1804338163757,123.55054589602727,516.9412486202507,0.031212795791275408,0.024084593569392073,0.019853739539569315,0.19557253911448869,11.685383068001101,-0.007355055373301536,-0.004318861286246819,-0.005447794485759577,0.010120665349335773,1110.5455660583648,deltaC0.2,BLS-G
81,309.76739218229335,286.84550487393545,116.9422660676447,574.6558716044344,0.0381209144983106,0.027076847918332897,0.02683371813586366,0.17550060412187768,15.843883596000524,-0.006419955600217181,-0.003863191585816877,-0.0227293092974864,0.02393243782564342,2633.5361200627904,deltaC0.2,BLS-G
82,316.24702370622987,291.0302458808454,123.74803426957287,546.0880482538754,0.034272552228834366,0.02536046314701014,0.02305330226339211,0.18435427901167656,11.960196144002111,-0.007197383683884009,-0.004294934654146783,-0.016965914053282405,0.018923293456473058,1710.069213951234,deltaC0.2,BLS-G
83,322.5732542539063,297.4859089851294,124.72224466889051,515.7839049959308,0.029639727844517755,0.024393269932133168,0.01683691921686295,0.20647961405022117,11.269829707998724,-0.012063890539370223,-0.00782763000478953,0.028098756862872137,0.03156500251348939,-520.8078940082905,deltaC0.2,BLS-G
84,317.3710831746792,293.00842330083447,121.94452964454017,543.7430706035108,0.03429963964926392,0.025496393645320258,0.02294339101249487,0.18422526854704693,10.983307761001925,-0.007440797012428558,-0.00448790956369013,-0.01613674265269005,0.018327609114971145,1704.5676167996426,deltaC0.2,BLS-G
85,311.3936673618318,286.52415462494815,121.94230147700966,547.8959222736977,0.034599250330126646,0.02534286491310681,0.023555197333131998,0.1824555223121358,8.091629652000847,-0.0069000664723336035,-0.0039260824223342,-0.018675371794420415,0.020292721655052026,1826.2023868289998,deltaC0.2,BLS-G
86,315.42344036657187,286.723640204191,131.45912247060664,536.0211236444247,0.03322932298429097,0.02440128152792752,0.02255582775668299,0.1900467207686774,13.437864898001862,-0.007196761626189786,-0.004223454286168136,-0.011022975332029672,0.013825227997472031,1519.4933852653685,deltaC0.2,BLS-G
87,316.71463171997436,291.5923822598527,123.62055069260502,553.0764882357081,0.03512242288388685,0.025735904926763704,0.023900790506490757,0.1832409855721072,14.577659485999902,-0.007013764106168676,-0.00423773175811475,-0.017462406070023723,0.019289553731103158,1879.3591660382172,deltaC0.2,BLS-G
88,313.5282471470676,283.8217332856141,133.21105612471678,515.7591247456589,0.030086905800994115,0.022928597447937762,0.019480793611871026,0.19842243870800028,9.11355506900145,-0.00696379339973528,-0.004263308100410232,-0.007524986037467873,0.011103856507416989,983.9890077255313,deltaC0.2,BLS-G
89,328.73409327827585,306.3870555976226,119.13469790833177,539.8244312999018,0.03386399355502965,0.02576731429529606,0.021973064727127185,0.1911510672402903,12.921933254001488,-0.007439350480002169,-0.004505916640183094,-0.005975745047711423,0.010552570739295473,1494.9018855328577,deltaC0.2,BLS-G
90,316.1380966497223,290.5813303697869,124.522233331377,542.7707874006368,0.03378689591885202,0.024914311088405198,0.022821731722669717,0.1889484875957747,10.03963585800011,-0.00688329593066742,-0.004005662257003493,-0.011739223625728906,0.014185713387813695,1616.6049662359692,deltaC0.2,BLS-G
91,324.5347857754499,301.319214679565,120.53861639826198,533.1033958619328,0.03299954627353728,0.025162529587266728,0.021349874918351507,0.19219705890696,17.79973793099998,-0.007442270248324026,-0.004437005070510644,-0.006340743730370357,0.01073682595085983,1377.46081309492,deltaC0.2,BLS-G
92,310.02643148709694,277.6847478784499,137.86794049489987,514.1719860570568,0.030254271383907693,0.02272137102696262,0.019976492075092646,0.19585032729182275,10.263495545001206,-0.00832135791142257,-0.005027158234453104,-0.003183087256058398,0.01022982707008804,1048.7305009172214,deltaC0.2,BLS-G
93,313.6646706119177,290.8435306157694,117.45452860165437,537.8808807317365,0.03425214690624995,0.025270800213132057,0.023121336991517003,0.1858496841534743,10.214521810001315,-0.007298916153503206,-0.004270337265403381,-0.009201106257552355,0.012496812143060004,1734.0989888747026,deltaC0.2,BLS-G
94,315.1190325124613,291.61893400580857,119.40855070264217,541.3452967559742,0.03431266534201551,0.02536460991802567,0.02310834408995042,0.1855653398216141,7.989665576002153,-0.0073899450169184295,-0.004401610885341192,-0.013386390667756431,0.01591165990237436,1730.9977635787345,deltaC0.2,BLS-G
95,2028.4124876530643,1847.1726002165003,838.0994004748512,3097.761400643562,0.14578859954108203,0.1335336385526871,0.05850712034470939,0.22910099973620848,12.667548935998639,-0.0031062700859950058,-0.011966978492908547,-0.1866028215470543,0.1870119528196491,357.52018722202774,deltaC0.2,BLS-G
96,335.423605859594,308.29005670802553,132.1598891601178,535.8933352846751,0.030245424949899784,0.02463554510618817,0.017546385602766987,0.19715725373192686,10.432796067998424,-0.008091947883313539,-0.004616025881723069,0.0015503484311158167,0.009444093166888125,809.0173012845044,deltaC0.2,BLS-G
97,306.8608446490602,273.5866448985552,138.97455059069807,522.5543518891903,0.030699441718825594,0.022586247072051414,0.020792238096169886,0.19252101169671948,9.073096361000353,-0.008160167590030722,-0.004807711366025351,-0.013570908711978719,0.016549078129770765,1165.1056807548175,deltaC0.2,BLS-G
98,308.524652313262,281.1587354208445,127.03238398759083,519.4056536684756,0.03193428986501043,0.02365832448136243,0.021449535004681927,0.19163246655620336,9.179855151000083,-0.00757186889625954,-0.004587888314471911,-0.008055207250822621,0.011969472904932612,1343.9995385489365,deltaC0.2,BLS-G
99,315.38210659209994,290.1715223509881,123.55711543646815,519.4526488800933,0.03164932439634678,0.023889559409319083,0.020759785306544137,0.19451003794565297,9.73158957600026,-0.007526574681843027,-0.004772165001890861,-0.013801756806832266,0.01642897976751975,1230.8687638159881,deltaC0.2,BLS-G
100,320.05393568513483,295.38559307446593,123.21474405115019,550.4761484434067,0.03432632832124713,0.025387709505877768,0.023103268644570976,0.18856614532784194,11.840787420998822,-0.006874513197304094,-0.004072523518136822,-0.01263278278603655,0.014947627919668962,1681.2500143330471,deltaC0.2,BLS-G
101,326.1840639053277,304.03124598123713,118.15686612673598,517.1532887742986,0.032096500995574116,0.02499538241718547,0.020134950558110296,0.19382179233942248,10.613861612997425,-0.008260294624815756,-0.004713343605881306,-0.003480955976164518,0.010127444383646732,1196.693105382592,deltaC0.2,BLS-G
102,316.2479043232012,290.62908141590015,124.68951048170298,567.5573239760638,0.035881352498080415,0.026234016810349908,0.024479538784171976,0.17854011710198364,13.219369343001745,-0.0067585536573148185,-0.003992854718797483,-0.021081745748316727,0.022495798277476112,2042.7586767620633,deltaC0.2,BLS-G
103,316.27415559703354,290.9337167675652,124.04400004202832,571.0857206554329,0.036144488175661904,0.026195975223378107,0.024903712726754682,0.1810155963783171,17.85146038699895,-0.006603387325710998,-0.003917237164367332,-0.018074837980109087,0.019637954047773288,2100.026421323215,deltaC0.2,BLS-G
104,353.196111242736,326.590409672329,134.48493338308015,526.3186089586593,0.026162877320003396,0.023707051718598986,0.011066699981169676,0.1757857158989841,9.57332194799892,-0.009847140592806922,-0.005326776387052806,-0.008481489758696475,0.014045511491542144,85.66317766911015,deltaC0.2,BLS-G
105,315.6375999007391,291.67557573654506,120.633548359708,549.4051318054292,0.03463854432419861,0.025505379413218485,0.02343724330818884,0.18499694718413334,12.049094579000666,-0.007439382787922653,-0.004515157651356983,-0.013787215033992967,0.01630393704831471,1790.1698989810866,deltaC0.2,BLS-G
106,325.39170622572095,299.83310314329026,126.41152138927417,516.954631345097,0.03177740118994844,0.02445013973522572,0.020297632702235825,0.19404372945394552,8.853035618998547,-0.006206517080112676,-0.0033576961879517903,-0.017027543758953323,0.018431826399447956,1165.9359832203263,deltaC0.2,BLS-G
107,317.10799493695305,292.3119165382262,122.92771820335608,546.5239943148013,0.034477733864594,0.025393325868137254,0.023321516541433645,0.1862487898286215,18.85842263700033,-0.00714152631243296,-0.004280354245550982,-0.01267939419389219,0.015168713447840118,1743.3121399261563,deltaC0.2,BLS-G
108,313.6087976826552,288.21439309554813,123.62419502882688,560.8272225197728,0.03528320834266232,0.02569336389046786,0.024181725392198924,0.18192091301070715,10.391715510999347,-0.007098215594691571,-0.004310104173898973,-0.019707304875627524,0.02138549807882707,1943.3353428918017,deltaC0.2,BLS-G
109,313.412273916346,289.4664767557055,120.15162202839088,558.3499329733687,0.035664027333328546,0.025956279432580515,0.024458013076499148,0.18124909511407614,13.005114979001519,-0.007016707192817978,-0.004308385967781995,-0.01775555035466339,0.019571814884524932,2024.6762907165776,deltaC0.2,BLS-G
110,621.344680392859,601.8947890749679,154.24614982846066,818.1346098559746,0.06259660436440372,0.05322618230428963,0.032944019112188055,0.2549777223189728,11.058011422999698,-0.012476452721163314,-0.009418769555096676,0.11338719208981007,0.1144597327554408,-2103.630599846487,deltaC0.2,BLS-G
111,313.86798836136836,288.8164034696725,122.87472972444505,536.9721562036117,0.03395717876894448,0.025030076223223514,0.02294744591900534,0.186073358014312,14.13811527299913,-0.006868298492639704,-0.0038240952210470422,-0.01289418161753933,0.015101561112339375,1677.6175576581463,deltaC0.2,BLS-G
112,312.1090822306144,288.0965528426591,120.05188649502084,547.6467150563514,0.03479541832319637,0.025527161141860443,0.023644982138367535,0.1818070237760372,11.373000838000735,-0.007329620733024247,-0.004281951733943717,-0.01366043770158984,0.016083096994696625,1861.6007003307095,deltaC0.2,BLS-G
113,451.8485958351498,450.6750537755596,32.54457654653178,538.1600977617032,0.03864652619051819,0.03593557689900884,0.01421929321484828,0.20264068455404805,12.515088612999534,-0.010363177506648572,-0.006759053113792264,0.02686071727892264,0.029573271374124053,-661.0528169180398,deltaC0.2,BLS-G
114,311.8765959221938,286.33809875610723,123.60220177955225,555.6456150886168,0.03530522816653877,0.025564089245343143,0.02435028699928388,0.18229710390503617,13.391976458999125,-0.006668773109843131,-0.0038079427939671957,-0.017673287308843377,0.019269614615077747,1971.4220212020246,deltaC0.2,BLS-G
115,305.11729903437583,280.1161397077738,120.96079714208103,555.0178685051889,0.0352899794612279,0.025326431068877987,0.024575486560539535,0.18109726627614559,9.642188776000694,-0.007310781008781688,-0.004524656602277458,-0.018661541484501665,0.020546852968390865,2031.8784777201345,deltaC0.2,BLS-G
116,313.2779373217258,288.1978001326888,122.82139069084805,544.8423047627556,0.03452836592295699,0.0253391860049153,0.023454929245638793,0.18342126541060735,9.92962136999995,-0.006948776957875609,-0.003967587609156285,-0.01548381091757775,0.017429161000401983,1797.0691413305212,deltaC0.2,BLS-G
117,317.5927811562938,292.7178136285362,123.21305217840793,525.921946861897,0.03217973681912969,0.024472055528632276,0.020896266651054905,0.19030951929771805,8.197251199002494,-0.0071224708787500975,-0.004095268764076064,-0.012938568731097416,0.015326688438080553,1302.1634097467813,deltaC0.2,BLS-G
118,315.98620684888425,291.21110931830344,122.65142774688348,552.0414530524187,0.0346465179307123,0.025508288258310828,0.02344586178527228,0.1843215692872416,9.74237253800311,-0.007150133880544545,-0.004289543466019328,-0.015626252491176135,0.017711701346131842,1788.9688706542056,deltaC0.2,BLS-G
119,316.37162585617295,292.38653362238716,120.83509673585294,538.872607399828,0.03410262729474881,0.02535884357903837,0.022801715741110607,0.18515039300008151,7.975554430999182,-0.007097090799146976,-0.004169242357230587,-0.013720830843171744,0.01600038995373536,1675.9507438192686,deltaC0.2,BLS-G
120,313.1079966937441,286.7680896813428,125.70075709431097,564.9248771685666,0.035599445817962386,0.025648234885241882,0.024687822703055463,0.18265810586211292,8.876630681999814,-0.006799854755398863,-0.004015900400583826,-0.018345571009410894,0.019973118343995944,2018.9405167907316,deltaC0.2,BLS-G
121,308.62518180691944,284.831362574598,118.83012134661789,521.9864427945264,0.033135578039010884,0.024481889457669347,0.022329433950770857,0.18782397671801862,9.190521674001502,-0.007723075132069357,-0.004582819193907985,-0.011844272137214396,0.014863879161242963,1567.0242361573,deltaC0.2,BLS-G
122,312.36018441798905,287.72955631870826,121.5754384334246,542.2222647521087,0.03426364853217953,0.025210101761745818,0.023204490511518423,0.1840405766828669,14.085564314002113,-0.007098296227518392,-0.004215605612017674,-0.016228615734276752,0.0182078309707799,1749.2996869529888,deltaC0.2,BLS-G
123,298.7273806609135,274.0365332518295,118.92025226953265,548.8819634847434,0.0354040716309069,0.025245584011242828,0.024821538549768977,0.17781390088179388,10.764962461002142,-0.006895604752341926,-0.003938665989887437,-0.02301384841842652,0.02434542408147226,2122.698115725003,deltaC0.2,BLS-G
124,307.08941123075,281.85267757161904,121.91380002180901,549.0315261383201,0.0349483099891762,0.02519991021132071,0.0242146421910572,0.18241911502012215,12.432609907998994,-0.006724656348881725,-0.0038268540501265463,-0.01854814331356705,0.020097249446432895,1942.9300027494246,deltaC0.2,BLS-G
125,320.4013067812425,299.5922283125876,113.58474423013966,550.9890294310349,0.03493357842036227,0.026163848320190808,0.023147525620023614,0.18408479070937173,12.198775539000053,-0.006886980726779446,-0.004090418773917967,-0.017088766599498567,0.01887294288576082,1794.8337509332905,deltaC0.2,BLS-G
126,302.8806807658637,277.486079660776,121.40091587663787,551.7713926549193,0.03517813383029416,0.02518813619635804,0.024557257475862494,0.180160505321186,8.919845843000076,-0.006841926769456093,-0.003927935780199174,-0.019526395163790067,0.021059932324308472,2034.875818548422,deltaC0.2,BLS-G
127,308.68572852265464,283.1638488717329,122.90286280517803,571.43315363798,0.036188778806246956,0.025986932421803013,0.02518545323777422,0.17788958963284598,12.140541918000963,-0.006968202711597741,-0.0041429670752524414,-0.02340848463545045,0.0247725085153818,2190.019566950141,deltaC0.2,BLS-G
128,313.8586024831429,290.65399441553586,118.43765399130946,527.1812441706164,0.033477509480799285,0.024884162590201743,0.02239468895120917,0.18839419623738413,16.635549870999967,-0.007483458389330007,-0.004500013028045612,-0.00949744507690084,0.012901694838514896,1574.9971955664678,deltaC0.2,BLS-G
129,311.89534418100493,286.5302905643369,123.20348335539951,554.710675177549,0.03503944278671886,0.025564959175098264,0.023962374948641955,0.18107314688516649,11.644435063000856,-0.007001483895745049,-0.004002350139988255,-0.01814574479284356,0.01985718100517922,1915.3731709200893,deltaC0.2,BLS-G
130,317.86066860077045,293.9706140630438,120.89947357505635,533.7236952010132,0.033536728982656465,0.02514797007565135,0.022187649535953424,0.18720187322354162,9.782422062999103,-0.00742902946566402,-0.004435775108356027,-0.012486078201193074,0.015191073973222696,1551.1903007333403,deltaC0.2,BLS-G
131,316.27545169089,290.59743314904,124.833061283723,564.4316237589893,0.0356520163442488,0.025859411379764774,0.024542964623343204,0.18313286008384536,14.431545694002125,-0.006962239816092349,-0.00412888808850927,-0.0177028334731327,0.01946563158702237,1997.363031599627,deltaC0.2,BLS-G
132,311.17513698791527,281.05983712247746,133.54899414123017,534.6429244772171,0.032683515303138566,0.02379216154487286,0.02240859704651689,0.1909219659351565,25.541734184000234,-0.007290716724202522,-0.004561749695597978,-0.015574549784558717,0.017791310003188426,1464.9195745544184,deltaC0.2,BLS-G
133,316.0184145144823,291.76600661578243,121.40937235537602,548.2837150116121,0.034703399629771106,0.025564359713847566,0.023468904070804104,0.1841140452575569,11.55371139899944,-0.006869266572764365,-0.0038423028674975887,-0.013919323746025919,0.015990549963023758,1803.8583364729457,deltaC0.2,BLS-G
134,311.39140565017163,287.10089139073636,120.57232549567233,530.040745256981,0.033255251436042875,0.024663246399606584,0.02230775706131669,0.18766480154063253,11.165926906000095,-0.007347565606412404,-0.004372721297308591,-0.011673302111454287,0.014469740635884035,1559.5043748288008,deltaC0.2,BLS-G
135,311.4266152072502,286.6650977552906,121.69493986355538,541.6621289019935,0.034361540036771894,0.025035621911248345,0.0235357827406632,0.18630324898935138,22.710142133000772,-0.0070662837290419766,-0.004118630320099677,-0.014494947594127616,0.016643286550722898,1778.432477839855,deltaC0.2,BLS-G
136,1319.6949754587204,1177.2944483773504,596.299094474294,1972.7311544604074,0.11131427135135913,0.10165997152804074,0.04534442849349806,0.2293534530086354,11.498834329999227,-0.03885386104905433,-0.032527917096358924,0.1485205319226242,0.15692685019341354,-4141.578130829324,deltaC0.2,BLS-G
137,307.72135248994624,283.17809501387165,120.42672993383334,564.7247196879072,0.03598012578186027,0.025818889322401464,0.025059018445183958,0.17969997037876695,12.956482857000083,-0.00684834966972977,-0.004012655494256869,-0.018960794975493106,0.020555122072543435,2154.7094041074233,deltaC0.2,BLS-G
138,352.57809617526516,320.3605541354211,147.2427562110287,829.2970760799091,0.05744284393244739,0.03744959998070854,0.04355694870319112,0.2062534689846556,11.977004287000454,-0.027618823499970337,-0.018721578051259468,0.10375889096553731,0.10899176276512906,-3401.467327047367,deltaC0.2,BLS-G
139,309.31217614981443,283.78073395664745,123.05493630716457,552.1262923100126,0.035076603216557166,0.02531962969455701,0.02427518167475365,0.18262819881901418,12.254435300001205,-0.007109375533183291,-0.00421396547574759,-0.019091025231427666,0.020803075971827473,1948.8884691970507,deltaC0.2,BLS-G
140,310.4720390761086,284.9085120968643,123.36947265360129,529.6241900032016,0.03269342907658958,0.02416215316505383,0.02202386567372931,0.190188492561446,12.693449370999588,-0.006924410328701557,-0.004003460165001744,-0.014469374509720606,0.01653293532303133,1466.4243862029543,deltaC0.2,BLS-G
141,318.33309021675024,294.6591496757584,120.46552137148912,546.0177699641026,0.03451171013125186,0.025526684891577896,0.02322598748448903,0.18669451898079295,15.1969332080007,-0.0071268216619268035,-0.004330059503979017,-0.012262379871418566,0.014829260346351713,1736.1832796361032,deltaC0.2,BLS-G
142,330.70903377551934,309.7316873903515,115.9083553807195,510.4074826954553,0.03269449642173425,0.02562649229675086,0.020303029055669556,0.19185249494217782,9.269584476998716,-0.007434903292191507,-0.0038604592804245075,-0.00414967565858676,0.009348836338899257,1256.9611431167268,deltaC0.2,BLS-G
143,310.14855605338374,283.926442568803,124.8114659485383,562.5179143165122,0.03582841893688636,0.02562508362708478,0.025040580916223742,0.1818156783289332,7.897312968001643,-0.006668590082787668,-0.0038339685579985763,-0.017924082002485908,0.019504925640150873,2101.9411683771177,deltaC0.2,BLS-G
144,328.15340390636595,306.716112817127,116.66140164461419,517.0716718028233,0.03161283846647446,0.024759415828223073,0.01965560692913206,0.1948741329523108,14.212094518999947,-0.006985350223095189,-0.003801777266021033,-0.01606293852015639,0.017923912017806107,1107.5308917422317,deltaC0.2,BLS-G
145,306.81180705739473,274.1152993106031,137.81976503275015,499.23994150351547,0.02540356227933916,0.0215543660930248,0.013444340028730533,0.19810242721430352,12.393287912000233,-0.009527577627498287,-0.00605056417763685,0.013418504130736503,0.017533976030048085,-215.92070687328305,deltaC0.2,BLS-G
146,333.23235087751056,310.4515076516291,121.09360457176429,523.5299694872123,0.03143535196176481,0.025112441220550303,0.01890890395830589,0.19604490844692923,15.913508192003064,-0.0076033615780565335,-0.004368593012884244,0.0009945649050615568,0.008825240594412568,1012.0356022378219,deltaC0.2,BLS-G
147,704.3304770398804,614.6168395371407,343.98773443918355,2154.5742994237007,0.07523694355346434,0.05613595660251899,0.05009343321821019,0.19823247361281013,7.335731062998093,0.04529490665021584,-0.2853200444609072,0.8555781252671628,0.9030354836745336,-14025.501590543314,deltaC0.2,BLS-G
148,321.3735656607086,298.69746761010714,118.57820857470729,556.9185018487235,0.03525166495400041,0.026150941321017297,0.02363912329283408,0.18439063189554347,11.212294724999083,-0.007026006697834978,-0.004175090220120714,-0.012721807165919669,0.015120863931370278,1854.9545597916913,deltaC0.2,BLS-G
149,312.6485161127728,286.71702354938054,124.66933478006011,569.87334326535,0.036342746606704515,0.026146096856166097,0.02524236221329363,0.17888577031266897,12.905286859000626,-0.006575821713278599,-0.0038440168587625338,-0.02249683025996868,0.023751321406631665,2185.9180082929433,deltaC0.2,BLS-G
150,306.37136518025585,280.6302747491011,122.9229933603056,566.5723856682664,0.03617322339049379,0.025807214186481343,0.025347382239427473,0.17848779221327618,11.655269794999185,-0.00685991413094933,-0.004037873536749032,-0.021433415279794116,0.02286381716028381,2214.3129005003284,deltaC0.2,BLS-G
151,311.09696939069863,286.18271532673344,121.9867935978938,540.3626209838377,0.034204728404402564,0.025007085288264935,0.023336862055648937,0.18576446095494695,8.973592750000535,-0.007406801575410543,-0.0046293421318858744,-0.0148725278175528,0.017247712945067228,1747.4418516378446,deltaC0.2,BLS-G
152,313.563995810806,287.80783965147674,124.45491916348273,556.5787097277906,0.03523807261650978,0.025666076082712874,0.024144860741839257,0.18140520702055699,10.99272441300127,-0.006812902948634314,-0.003920557152396706,-0.019590673034248385,0.021108786912268217,1939.2595089077931,deltaC0.2,BLS-G
153,313.5162153840797,290.29001201814305,118.42350371131162,542.8739861317968,0.03451856640266929,0.02541903955018006,0.023353883078449093,0.18455761134703252,14.98542623100002,-0.007299176289352925,-0.004285569271806882,-0.01405978635651789,0.016411022846776917,1789.6054430562144,deltaC0.2,BLS-G
154,320.57788369159834,295.4423991909535,124.43459435573877,540.7528169745445,0.03356711970935047,0.02523733409571509,0.02213206934118726,0.18675921421394623,10.561692559000221,-0.007068587882543244,-0.0041085643686328294,-0.01591101269524209,0.017888699248760135,1529.700394886122,deltaC0.2,BLS-G
155,913.8158908136985,842.8323919547066,353.119018711172,1347.8884145406837,0.06829237829101947,0.06275790780871447,0.02693128181347116,0.11285696570152952,12.097672080999473,-0.0031038772921731456,-0.001608137847552121,-0.07528780790879229,0.07536892052625409,-1653.5127558702661,deltaC0.2,BLS-G
156,303.32194926409176,276.9491299059242,123.70684843499878,556.2488458994371,0.0353588567314203,0.02521836710705391,0.024784727349861407,0.17971574151714736,12.86479515099927,-0.006800981555300122,-0.0039169516787997604,-0.022263464995839477,0.02360630708498376,2069.482777076726,deltaC0.2,BLS-G
157,321.17495627976166,294.5386135179108,128.06388127904594,519.5359507051506,0.03052299557249812,0.023868179010068134,0.01902533283446265,0.19532803310181288,9.463240436001797,-0.008031202646148613,-0.0047754417581996386,-0.007456155043336354,0.011954049855999911,981.2692433860593,deltaC0.2,BLS-G
158,319.1594178338348,293.4892216940842,125.40658173091643,523.9349249643827,0.032483013594338916,0.024443526689683026,0.02139299359932499,0.1922835604107742,9.072127380000893,-0.007539511412617919,-0.004525991358573832,-0.015450918232584654,0.017778068071331532,1346.868408125776,deltaC0.2,BLS-G
159,320.02192383986005,297.5661285490057,117.76430222491783,521.2662700409682,0.032773580049712994,0.024816880656403903,0.021406307102364748,0.19245130857208562,10.075973483999405,-0.008274331854013812,-0.005034300008859038,-0.0012460151201976466,0.009765310946882691,1382.2443304898934,deltaC0.2,BLS-G
160,313.62240484541815,289.44911488939675,120.74031104303225,526.3423490890731,0.03325140066812323,0.0247418680583191,0.022214761114556128,0.18814484780037102,11.953288634998898,-0.007721027892582651,-0.004662648532807589,-0.015145563555285346,0.017627894328754067,1540.0860770734016,deltaC0.2,BLS-G
161,325.4971800779005,298.05134475263355,130.81976200028794,555.3128455517133,0.02980653582122478,0.024450446762079983,0.017047147292044155,0.2051095865413872,11.552026412999112,-0.009877136754364163,-0.0065228620215570104,0.028384165585509047,0.030753315518855497,-510.4027910694822,deltaC0.2,BLS-G
162,309.21412331702453,282.284593222587,126.20928051405193,571.9570450545845,0.03619508144419398,0.025917895424108793,0.02526552230880643,0.17776358865845276,12.325388078999822,-0.006611677642558128,-0.0038466925773639974,-0.02436045779910087,0.025533178987654958,2187.057417113645,deltaC0.2,BLS-G
163,308.7369443903012,283.20683362161566,122.93246203293268,556.3411006342736,0.03507972707403815,0.025396560258885207,0.0241992144212538,0.18108767776290527,11.721637336002459,-0.006825038385800378,-0.003890465661764305,-0.02034535665453055,0.0218094110290275,1952.7392579282823,deltaC0.2,BLS-G
164,304.87518098260045,279.5162396305458,121.73556490185064,554.6032661753551,0.03538265794995952,0.025310111685265372,0.024725103237059027,0.18094413668092268,12.594006621999142,-0.007039580060874257,-0.004100775073893399,-0.01985172454961448,0.02145840187977404,2058.9140771254806,deltaC0.2,BLS-G
165,301.90321250618194,275.03111955491414,124.51278246799961,548.1665725041985,0.03440963153115339,0.024586920810574613,0.02407293225106319,0.1828748866912515,14.817401093001536,-0.007095230158301601,-0.004218048146902286,-0.0197284122322903,0.021385613631038036,1884.9639379743003,deltaC0.2,BLS-G
166,312.9853140785338,287.75498079957026,123.11327245215035,536.0270352006131,0.03346407075624791,0.024847944728977566,0.022414809263628422,0.1856346098387784,12.414540321999084,-0.007226109242559131,-0.004178514756524397,-0.01415551047552896,0.016433353801908506,1586.1199301334073,deltaC0.2,BLS-G
167,315.19555071863755,289.52412739350297,124.59540460970403,562.2812306975172,0.03553517381706776,0.02574114939427662,0.024497791861119857,0.18332118236793918,9.069716359997983,-0.006830649958029384,-0.003965981717020939,-0.015804629346316296,0.017668420942554924,1985.4223374453195,deltaC0.2,BLS-G
168,302.47343230128064,278.32942178136017,118.41836943215824,549.9777451234598,0.035159868344160114,0.02524814929442493,0.024469313418751706,0.18041585988141026,10.498465035001573,-0.007475952995308752,-0.004666047549805018,-0.018826695835465784,0.020787167892867272,2029.485801906354,deltaC0.2,BLS-G
169,322.63503052053534,298.26505359008837,123.00943348332471,521.6285693916177,0.030619362755534583,0.024207729783421526,0.018749165162424298,0.1950282917545035,11.593896157002746,-0.007669225098047323,-0.004284481046368663,-0.004392037728982251,0.009821597978639466,984.3622800908706,deltaC0.2,BLS-G
170,341.867341334991,314.81592101724596,133.28246300814828,536.5727334787255,0.03184216813728285,0.025334551101628737,0.01928948397863337,0.19817163559905246,9.92472278599962,-0.008004320573688705,-0.004904109452782177,-0.0012846802087373432,0.009474694750226269,988.5211513924769,deltaC0.2,BLS-G
171,318.31173646513787,289.818487605945,131.63436410472036,530.6015671182544,0.03246215703903225,0.024218808429601085,0.021615757166406974,0.19262831602509814,9.717752069002017,-0.007474233476934508,-0.0044638206191577115,-0.007905200299539755,0.01175933894245716,1346.0020295145896,deltaC0.2,BLS-G
172,314.50361200756515,289.1747126972092,123.65479166733323,563.6327394074144,0.035743039813607595,0.025929357896580615,0.0246014896741675,0.18127386486523,14.82621465000193,-0.006999654918318698,-0.004235268841237331,-0.017380837136966587,0.01921005389671918,2035.8509198049069,deltaC0.2,BLS-G
173,318.6754342968337,293.05133873242806,125.19962177022457,559.2130338284463,0.035234998919524925,0.025854193037215943,0.023938793855440937,0.18302195567318125,11.51767066499815,-0.006888398383366333,-0.004074954169512709,-0.018368957747241316,0.02003681343156964,1883.1168864297924,deltaC0.2,BLS-G
174,309.7211969218652,283.0185309230834,125.80831044431241,566.297386285906,0.03592880916950288,0.02580556936551742,0.024999038342704775,0.17863486176008916,8.205392089999805,-0.0067201933202834865,-0.003940328228178071,-0.023953167233218914,0.025188120321102007,2126.2217283326027,deltaC0.2,BLS-G
175,320.9777990895977,296.57021763578115,122.77155012407204,539.3974490013303,0.03403194969886004,0.0253605304942808,0.022693988044290358,0.18846229411162768,10.398604492998857,-0.007010694160609778,-0.003916648467468016,-0.010399246085268071,0.013139036759720665,1618.218346517675,deltaC0.2,BLS-G
176,310.121215011408,284.4942391694579,123.4430876134554,561.9474686725596,0.03578637735562685,0.025824708825113504,0.02477396250779085,0.1792453822698574,9.086681993001548,-0.0067591945488337845,-0.003958604220686021,-0.0213672016743445,0.0227577363926452,2090.781160831226,deltaC0.2,BLS-G
177,320.1000075912367,293.4751718627184,127.81368612186125,517.3441149895918,0.031946234658737804,0.02411722168192095,0.020950454105250853,0.1967163552400912,10.618902826001431,-0.007751323490265518,-0.004486415365604767,-0.0029516029235933383,0.009429893875438966,1226.4779181898284,deltaC0.2,BLS-G
178,324.33642020209254,303.0277636044517,115.62131271695911,525.1229444423316,0.03333783467162516,0.025380405006027867,0.021615879864641373,0.1916836000177192,17.209514877999027,-0.007828466404885619,-0.00473291638638679,-0.00394334083636233,0.009961692663632728,1439.3859460051244,deltaC0.2,BLS-G
179,304.06199395192294,280.6464481409723,117.0096889658106,540.9195749129049,0.03465559789600612,0.02512460385970781,0.023869745420142613,0.1817998102714649,12.921693848002178,-0.007250285317902392,-0.004332464420513753,-0.017109033788817063,0.019080249535393726,1910.0087901594852,deltaC0.2,BLS-G
180,312.49901799252785,286.893305684725,123.88651015984426,544.7946761895012,0.03466838620944981,0.02530172210155159,0.023700629971868375,0.18343945143029938,13.220471119002468,-0.006881948907697647,-0.003948588616414737,-0.018115448572165987,0.019776805854349475,1833.0938361305034,deltaC0.2,BLS-G
181,310.77611437004344,282.7573922905349,128.95755258223102,518.4743847737702,0.032021389656163406,0.02374584678125972,0.02148264779194562,0.19158247617049698,15.915667648998351,-0.007266651975480567,-0.00412502285228193,-0.011259474958154825,0.014021263166987465,1344.9522138291868,deltaC0.2,BLS-G
182,311.3916623966486,290.9188098353145,111.04509666866215,526.9494356649496,0.03360152004280603,0.025180727137992607,0.02224844106873688,0.18564524164694837,11.327119618999859,-0.007024147547782528,-0.004258518654883863,-0.014451454096077565,0.016622820320211916,1618.8479363192055,deltaC0.2,BLS-G
183,328.7427788264216,305.19329122455395,122.18375351102212,529.9070237929946,0.03164845291734888,0.024740305522857657,0.01973681470494435,0.19404410391529964,9.068479347002722,-0.006740594731077297,-0.003926271904219527,-0.014808388402121342,0.01673737122318115,1103.4970377351801,deltaC0.2,BLS-G
184,309.3768051073021,281.74356462738194,127.80677340993256,549.2377339258421,0.034487147364097075,0.024886105068599007,0.023875617433431924,0.18405174845502112,8.280254540997703,-0.00664933937742442,-0.003878813968151913,-0.018848513834436448,0.02035989650569569,1827.6361891727447,deltaC0.2,BLS-G
185,310.5494900195217,285.15905347236964,122.98495832469628,556.4612169345318,0.03515951146712822,0.02545896917790743,0.02424937390955652,0.18235111482568503,10.37043632300265,-0.00692701832060419,-0.004162820873054841,-0.018548642334500876,0.020232765329740898,1947.902894105744,deltaC0.2,BLS-G
186,321.0994354094249,295.8962960175288,124.7005590338648,550.9391226572166,0.03434425704613082,0.02553216494329073,0.02297034055819161,0.18646047338538957,10.077811801002099,-0.007279647015517966,-0.004411115642178989,-0.01278492227909872,0.01535921350726692,1676.418180078419,deltaC0.2,BLS-G
187,319.53549988898135,295.2783432667834,122.1213973344755,551.8553759034667,0.034545364011338175,0.025580952365417915,0.02321631001589353,0.18645764313843133,10.135190477001743,-0.007141684752931046,-0.004215170349772561,-0.01292936058598243,0.015360328360754709,1733.1313105423214,deltaC0.2,BLS-G
188,308.4895508203756,282.66708011875846,123.55211363021073,562.0261494493337,0.0356509421790005,0.025758773499722217,0.024647013329010987,0.1779573659200063,8.836127276998013,-0.0065265236224862876,-0.003724046016220359,-0.023080597922275098,0.024272989716463193,2071.8516482324085,deltaC0.2,BLS-G
189,314.77496433065926,288.31684880924735,126.31972475458228,533.5455862378906,0.033210554118811346,0.024551448323506156,0.022364420182439424,0.1894541582903317,16.454569850000553,-0.006920889919415345,-0.004040460586759554,-0.01432904618552,0.016417844061160636,1521.4062043097929,deltaC0.2,BLS-G
190,313.71645273101103,288.2994145197729,123.69907154738411,554.5813668665437,0.034903902936808194,0.025445268436849394,0.023891855398834216,0.18400919559734039,12.741635127000336,-0.007188017316491074,-0.004389549556582973,-0.015841442166353026,0.017941210331574094,1864.8371907234541,deltaC0.2,BLS-G
191,312.27666623074407,287.34789543163595,122.26161811131534,554.3828301052165,0.03514298351965743,0.025606941762709508,0.024068938992488166,0.18170028177899483,14.555856658000266,-0.0070770909024811795,-0.004069164072598621,-0.018012025048036395,0.019775650639683128,1933.0774583977127,deltaC0.2,BLS-G
192,312.94230649904506,287.89301090144755,122.68048529020946,570.1391578821897,0.035941568323743824,0.026104040552339954,0.02470577666077585,0.17890924777591466,11.190257357000519,-0.006862683776952242,-0.003961983543546863,-0.02024418216798568,0.021739840244867695,2091.553550740724,deltaC0.2,BLS-G
193,388.84390140912916,358.60786213679955,150.33290018072142,876.7440466565293,0.05975071427521632,0.04023629562193657,0.04417225793439438,0.20306653151938045,11.192279885999596,-0.020970896959261923,-0.01403889872077968,0.10896802120026905,0.11185212935331439,-3547.623255737084,deltaC0.2,BLS-G
194,302.2109595256932,277.21261192519927,120.35211608878772,548.1101308254549,0.03483346756084808,0.02505554376327659,0.024198970826032812,0.18028843910171885,10.618785224000021,-0.007179370784074515,-0.0042581198916387085,-0.01931606220090612,0.021042462042642877,1966.7383168770084,deltaC0.2,BLS-G
195,307.48083525449,281.48409237584536,123.73831172335174,537.0230500255927,0.03379134267574689,0.02452655993613584,0.023244412178605185,0.18668410240261393,7.919429977999243,-0.007228913060565733,-0.00429410895248886,-0.014827884505342809,0.017045900229581544,1704.5036228335139,deltaC0.2,BLS-G
196,314.53699948510234,290.0045097491625,121.78221697045579,544.0139186498602,0.03427211437374865,0.02521042082193054,0.023216642858701175,0.18611984489991923,8.295101661002263,-0.0071665466705015946,-0.004165787131982325,-0.013248569819813316,0.015628108518945447,1730.7293864317835,deltaC0.2,BLS-G
197,316.08626627439344,290.5320963476905,124.50553690138858,557.0523405925823,0.03488386574916415,0.025680797958909644,0.023608911575914937,0.18175579349997845,9.739488249000715,-0.007009486943562277,-0.004104076300034832,-0.019613371211077674,0.02122877009513288,1835.9980465923254,deltaC0.2,BLS-G
198,315.8827680915963,289.5824483117729,126.19005034854594,542.4296392096111,0.033578982469069436,0.024741293599694163,0.0227027851743306,0.1893862008783352,9.738088195997989,-0.006953786942288848,-0.00402836640067372,-0.013293322174380034,0.015533682857863674,1581.1775943895955,deltaC0.2,BLS-G
199,317.19762647988193,283.01137094417214,143.24419067023595,529.4436682443725,0.03133887684793542,0.023267339389502945,0.020994192526118918,0.19588393315281646,9.590866056998493,-0.007797824601558216,-0.004567680837271414,-0.006340698142395962,0.011039666194266322,1167.291267593544,deltaC0.2,BLS-G
200,341.1237107770307,322.31694182377015,111.70127603417805,538.2983528393557,0.034499191868368397,0.026801881862855013,0.02172218608197756,0.19126631376987036,8.768490348997148,-0.007644994814204869,-0.004558899199141565,-0.00014058668954036735,0.008902206031901803,1492.5214390951041,deltaC0.2,BLS-G
