seed,pos_rms,pos_mean,pos_std,pos_max,vel_rms,vel_mean,vel_std,vel_max,runtime_s,n_iters,converged,rigid_dev,dv_err_R,dv_err_I,dv_err_C,dv_err_norm,t_star_error,config,mode
1,950.1717794808261,693.1661506539735,649.8823725177599,1946.8216529483168,0.2570105224549948,0.09442599183691434,0.23903585655337223,2.6205539655485204,1.4114978199977486,,,,,,,,,deltaC0.2,EKF-B
2,945.9054834398906,696.3865166189996,640.1429551849408,1932.028209923521,0.1700959624443171,0.08295167246915573,0.14849800158395549,1.5842724172127725,1.0305881790009153,,,,,,,,,deltaC0.2,EKF-B
3,957.1947315691131,684.0611222847609,669.5387480364225,2203.2456785723725,0.15513744936903598,0.07474159090711849,0.13594602894311827,1.6212210884101013,1.3831160320005438,,,,,,,,,deltaC0.2,EKF-B
4,943.3444212960837,672.827910548034,661.2119932200337,1942.9166727686986,0.10271474790643326,0.06816651983714318,0.07683518081435418,1.0872447850561104,1.879732322999189,,,,,,,,,deltaC0.2,EKF-B
5,947.2423250226111,682.7548394482834,656.5926069673577,1941.921866970679,0.11647619333689983,0.07232878605399588,0.0912975920942615,1.0594326573537767,2.0398892750017694,,,,,,,,,deltaC0.2,EKF-B
6,951.7281222981501,679.4013971212825,666.4834284232518,2239.918275799556,0.12578260091181181,0.07348284685585858,0.10208591435696973,1.0954351544015526,1.3581095879999339,,,,,,,,,deltaC0.2,EKF-B
7,954.7458518709952,702.5440824365319,646.5071182116125,1942.7288836500302,0.2292539225489736,0.09104024422144935,0.21040207921070947,2.670146569991521,1.3836169319984037,,,,,,,,,deltaC0.2,EKF-B
8,958.1474378766025,712.6581354773817,640.4411718865362,1977.1201089974954,0.17782602578627252,0.08736013621335144,0.15488803067934184,2.311802915748112,1.865793011002097,,,,,,,,,deltaC0.2,EKF-B
9,950.2024348116514,680.5720819511188,663.1035427372639,1941.9687966669244,0.14466130261611782,0.0750585338569343,0.1236653102929009,2.2698140015974224,1.3677523279984598,,,,,,,,,deltaC0.2,EKF-B
10,943.5665758168055,670.3616580262493,664.0279590852701,1942.1439494113306,0.10347229082654262,0.0695590869754153,0.07660318784514929,0.9389154894239928,1.4098712649974914,,,,,,,,,deltaC0.2,EKF-B
11,936.2212132082257,667.8087871885568,656.1566762708666,1927.3361395148647,0.18906148885742494,0.08222468685337148,0.17024496304105802,1.9637227715561938,0.9831126280005265,,,,,,,,,deltaC0.2,EKF-B
12,945.0297764839142,679.2293435687857,657.060710495121,1937.224484455505,0.11574246130887955,0.07167666812610234,0.09087778934469115,0.9412209742517416,1.9262363079978968,,,,,,,,,deltaC0.2,EKF-B
13,948.7903600543153,677.2772045920774,664.453712061223,1948.3921701458842,0.1503092048854326,0.0779896924064819,0.12849305409878498,2.1654628057936325,1.3236349520011572,,,,,,,,,deltaC0.2,EKF-B
14,964.1850329432948,720.9679150371553,640.2015645395126,1941.5258936197006,0.15522580518147766,0.0790967274216869,0.13356181454823612,1.8218314000548612,1.94543186699957,,,,,,,,,deltaC0.2,EKF-B
15,938.0452091832572,669.7991437060591,656.732762668569,1935.102482529546,0.10572868752472601,0.06914684420662023,0.07998293131641616,0.7965257204159049,1.4338428259979992,,,,,,,,,deltaC0.2,EKF-B
16,950.8060588048099,684.258898631308,660.1681006408934,1947.6735892130198,0.12549455219845415,0.07570854955930331,0.10008545426342955,1.2673341297729692,1.8877172210013669,,,,,,,,,deltaC0.2,EKF-B
17,948.8365024857982,688.3241235710287,653.0701412250122,1939.927547263003,0.13462783459293692,0.07276928067714941,0.11326643649781447,2.5006296493410014,1.9316952940025658,,,,,,,,,deltaC0.2,EKF-B
18,952.2424937305392,688.2390691055053,658.097827547655,1941.706183593585,0.11652708027133162,0.07375667542940932,0.09021370885936421,1.2839506092148718,1.3721815649987548,,,,,,,,,deltaC0.2,EKF-B
19,962.9763428296895,718.3354325517275,641.3405048726974,1947.9421958006694,0.1661459543664804,0.08255077718151238,0.1441868487036071,1.6815178551851961,1.3812425140022242,,,,,,,,,deltaC0.2,EKF-B
20,938.1202653828568,673.4706401011703,653.0749798022595,1928.9639035648013,0.1273650560099194,0.06974006867640044,0.10657476396136589,2.5795955999636955,0.9791303419988253,,,,,,,,,deltaC0.2,EKF-B
21,953.0474488922606,692.9255695280908,654.3344671757839,1940.020790596935,0.18486937312655471,0.08299777226953704,0.16519096500262773,3.2453388782332855,1.4296717239994905,,,,,,,,,deltaC0.2,EKF-B
22,957.8164241506242,709.4972440960925,643.4484928824827,1951.8331455053103,0.17092981547826394,0.0864585764374317,0.14745140345159874,1.4898783861131293,1.481958078999014,,,,,,,,,deltaC0.2,EKF-B
23,953.6265725832459,683.7714617410904,664.7256787918767,1959.496097948982,0.13328579106926444,0.07629912497363098,0.10928652995322825,1.4211818843412856,1.366822793999745,,,,,,,,,deltaC0.2,EKF-B
24,952.1727227786154,690.7354316581504,655.3758139080741,2425.564693963438,0.15588222571640478,0.08160924357355857,0.1328126487110763,1.601404233681084,1.897401076999813,,,,,,,,,deltaC0.2,EKF-B
25,950.908754629403,679.1021127914134,665.6183441230273,1949.7708244820885,0.10970176220129747,0.07113589842099254,0.08351143985052735,0.8461193610633743,1.379507477999141,,,,,,,,,deltaC0.2,EKF-B
26,954.8844382485006,703.8592904220592,645.2800862383018,1941.828362943023,0.1334621522487052,0.07835016589312825,0.10804349858911384,1.4853888589827802,2.086641800000507,,,,,,,,,deltaC0.2,EKF-B
27,950.7143001594784,675.7727669161853,668.7218016650644,1946.1537103452697,0.1570543313231339,0.0764591293560316,0.13718624029207283,2.21119915955351,1.927902653998899,,,,,,,,,deltaC0.2,EKF-B
28,947.1478315996776,680.9187199985606,658.360624323397,1942.664450501879,0.10909849294523988,0.0700096586027224,0.08367274864167433,1.341374292719385,1.4010867160031921,,,,,,,,,deltaC0.2,EKF-B
29,950.1095083265154,683.7569905564716,659.6851185812895,1939.1481344591812,0.15159168012755786,0.08118898270330893,0.12801713389815295,1.2613862168045689,0.9915743249985098,,,,,,,,,deltaC0.2,EKF-B
30,947.2192725785175,675.0072138606226,664.5220926201741,1946.6023580869655,0.14070513502788676,0.0811395236991665,0.11495352416123764,1.0304644575975979,1.377499092999642,,,,,,,,,deltaC0.2,EKF-B
31,945.2865566633147,678.75707838375,657.9175501172939,1942.504299980347,0.13656408386575913,0.07631353740291438,0.11325190069552067,1.3001483325190353,1.8922207190007612,,,,,,,,,deltaC0.2,EKF-B
32,951.8057981405276,684.0373814676768,661.8361867779449,1950.6214144088435,0.10920222497385718,0.07154626709062134,0.08250004608870465,0.9766847863587244,1.4022697850014083,,,,,,,,,deltaC0.2,EKF-B
33,947.145156719909,677.6694006655761,661.7009379618105,1938.0099915136645,0.21413231448623798,0.08660511843684375,0.1958371812699861,2.0959446271769533,1.9027206920000026,,,,,,,,,deltaC0.2,EKF-B
34,951.2042272839834,701.9179230241267,641.950707874379,1939.2837621333888,0.09909887307568642,0.06933801004656948,0.07080132066319694,1.0579267309114968,1.93608544000017,,,,,,,,,deltaC0.2,EKF-B
35,953.6437866954325,712.5054289965425,633.855255995607,1933.578391831483,0.10208121274554739,0.06972577343901934,0.07455796747452449,1.3327827929442058,1.396379273999628,,,,,,,,,deltaC0.2,EKF-B
36,951.5562160874051,672.5229858802423,673.1805596103495,1961.5438577147181,0.1305711605444256,0.07231907739827433,0.10871420794992977,1.9658626366507685,1.4318857420003042,,,,,,,,,deltaC0.2,EKF-B
37,950.1995593627144,681.8091116889536,661.827422997126,1947.1996933507096,0.10049449811217487,0.06794994755106323,0.07404018353992428,1.0336119923323714,1.389027993001946,,,,,,,,,deltaC0.2,EKF-B
38,959.039676916173,715.6348737165105,638.4542500604342,1941.4412768891743,0.18057936290435644,0.0849988615524425,0.15932388346300114,1.9926575576958663,1.3959572560015658,,,,,,,,,deltaC0.2,EKF-B
39,947.4680467375371,678.471274491239,661.3413863345295,1944.96774349695,0.12204616398628107,0.07206986238512761,0.09849467538681966,1.9161288522768585,1.020027429000038,,,,,,,,,deltaC0.2,EKF-B
40,950.3605027220558,696.6162864737533,646.4602343173447,1939.565055973332,0.12957640794782352,0.07606609800279822,0.10489992483929372,1.4512060928577368,1.4340115360027994,,,,,,,,,deltaC0.2,EKF-B
41,959.3584397131153,707.3930386948775,648.0460667690304,1946.9797327703393,0.1738834810712224,0.0853831953174826,0.1514766481898209,1.8283330568978224,1.8898777009999321,,,,,,,,,deltaC0.2,EKF-B
42,959.0667534847137,708.5471490434522,646.351278502723,1955.2043300553285,0.2616947647244478,0.09506790182454239,0.24381600424677474,3.074726850767288,2.071099853001215,,,,,,,,,deltaC0.2,EKF-B
43,952.694157319051,684.1790008962977,662.9670068128584,1945.831599087276,0.1627208794227022,0.08394278309502039,0.13939761033231507,1.4632865989180202,1.3794887730000482,,,,,,,,,deltaC0.2,EKF-B
44,948.3998959996799,681.3570851576106,659.7081818787213,1945.0326266534846,0.157191628803296,0.07843768436672119,0.13622311785089863,2.994308228483416,1.3860292870012927,,,,,,,,,deltaC0.2,EKF-B
45,954.8809615133299,692.162997062424,657.8054698451392,1947.8853074176975,0.19161683072955915,0.08755093219198513,0.1704460151812149,1.7660683499129355,1.9185576680029044,,,,,,,,,deltaC0.2,EKF-B
46,950.9245542993895,690.0114407758497,654.3253927274477,1936.066715563178,0.19741873076958572,0.08663021582032555,0.17739605679269757,2.236398860823164,1.4039509950016509,,,,,,,,,deltaC0.2,EKF-B
47,954.9233949178944,695.7414786332602,654.0814055381193,1941.5900356340876,0.21001159842376368,0.09331574179622804,0.18814102106006517,2.096778367740219,1.428904242999124,,,,,,,,,deltaC0.2,EKF-B
48,951.9583585617038,695.6840697340216,649.8064262176871,1941.375592821662,0.14965928191405098,0.07911863569513744,0.12703598761283946,1.8001838592567345,1.3904304740026419,,,,,,,,,deltaC0.2,EKF-B
49,948.605233696938,678.3997099223122,663.0427761272608,1947.1281240438277,0.10676094453171202,0.06986985370521513,0.08072238116232154,0.7783242896106108,1.9061174109992862,,,,,,,,,deltaC0.2,EKF-B
50,959.3513637799325,697.6929868130081,658.4675658970302,2120.847756252815,0.13532838941985847,0.07795481599651259,0.11062015931069132,1.1479743972376866,1.3931849250002415,,,,,,,,,deltaC0.2,EKF-B
51,950.0995195039333,695.9316167703215,646.813946773762,1936.2582188842011,0.13888215671090987,0.07740747561203778,0.11530974014386425,1.771903720586538,0.9556739209983789,,,,,,,,,deltaC0.2,EKF-B
52,948.163836036314,688.5861878766244,651.81571155706,1942.4691608008668,0.14708926185048168,0.0787485213243799,0.12423333425833526,1.4393647708807247,1.866760498000076,,,,,,,,,deltaC0.2,EKF-B
53,952.3616015935928,695.7578849979495,650.3180649905809,1942.2021587872443,0.148459067144526,0.07726898233288676,0.12676592202426848,1.9851565037684684,1.8901664160002838,,,,,,,,,deltaC0.2,EKF-B
54,963.2732146272634,696.9941034788594,664.9018767713347,2379.2397401850303,0.1535734704190242,0.08408546495445508,0.12850854212828036,1.184557274850288,1.4290482890028215,,,,,,,,,deltaC0.2,EKF-B
55,947.1839438725469,678.540412522532,660.8633233155734,1941.9575458431666,0.14511721899078273,0.07429847617258067,0.1246544972556195,1.9622571023318414,1.3742729609984963,,,,,,,,,deltaC0.2,EKF-B
56,948.9022414934592,679.4554533163807,662.3864060123386,1947.3107911106763,0.1140106326849787,0.07039196857549727,0.08968497714386361,1.1180051450389856,1.3951780019997386,,,,,,,,,deltaC0.2,EKF-B
57,951.9314027769318,696.2380127945161,649.1733398198055,1944.2053740599818,0.17625884077167006,0.08410592625193954,0.15489794097881432,1.9026547966194578,1.922589694000635,,,,,,,,,deltaC0.2,EKF-B
58,962.6047887820702,696.0829929930778,664.8882960708307,1964.0225756509217,0.1419572404550282,0.0800900216977201,0.11720685364800737,1.617951733900222,1.2426030730021012,,,,,,,,,deltaC0.2,EKF-B
59,950.1857472086566,677.8412136891408,665.8710409853439,1948.2199390423234,0.13117962568046618,0.07412711478482872,0.10822783859684185,1.726949096337228,1.4444991080017644,,,,,,,,,deltaC0.2,EKF-B
60,953.3004041811544,686.1513713472482,661.7990300765351,1949.8866717917804,0.1601334717223161,0.08032812436920607,0.13852841297426016,1.7221307899667158,1.4093059040023945,,,,,,,,,deltaC0.2,EKF-B
61,944.9577042319573,669.9309818843973,666.4364503077086,1943.7519150043615,0.18975733108988238,0.0813053650364225,0.17145635689191965,2.0477138311638896,1.4439318689983338,,,,,,,,,deltaC0.2,EKF-B
62,949.4441439687148,685.7340708464385,656.6680794715526,1949.730191995024,0.1135842308646472,0.0731470837094665,0.08689580913895546,1.0194997681740376,2.03727881800296,,,,,,,,,deltaC0.2,EKF-B
63,943.3013113651886,676.9802055489704,656.8981392256779,1935.2449712374446,0.15253196342633984,0.07910528272434461,0.1304160807254833,1.9296229942764598,1.3945686090009985,,,,,,,,,deltaC0.2,EKF-B
64,952.7058203025065,680.2857994368457,666.9779689936121,1954.1939173702935,0.13564588388305382,0.0755549872993016,0.11265544686617374,1.809043630488006,1.8847158230018977,,,,,,,,,deltaC0.2,EKF-B
65,959.9085839256937,711.6400643443606,644.1994320970681,2036.9647206146024,0.21166938526057313,0.08826406311345324,0.19238862705288293,2.043576939853535,1.9070028249989264,,,,,,,,,deltaC0.2,EKF-B
66,959.817159012903,701.9909055552403,654.566839408577,1947.3277161097276,0.1294128985951621,0.07346163519928964,0.10654147772885547,2.2156497980890926,1.4409878719998233,,,,,,,,,deltaC0.2,EKF-B
67,951.5780098058393,684.7243613924027,660.7974407197778,1942.366750033373,0.17944920608338077,0.0818623759732592,0.1596889757120648,2.0612418358758795,1.9052540740012773,,,,,,,,,deltaC0.2,EKF-B
68,951.0869962542066,675.2339505380133,669.7951824884058,1946.0195041043505,0.1267714315959925,0.0717828441042127,0.10449028261617298,1.457384121049869,1.3788172130007297,,,,,,,,,deltaC0.2,EKF-B
69,975.8140773976334,729.5616554555642,648.0377338830903,2503.37610281101,0.20607500078041885,0.08845686774809902,0.18612438984411728,2.222755191482594,1.9106155250010488,,,,,,,,,deltaC0.2,EKF-B
70,950.0602887428709,676.1085551552931,667.451701542523,1955.3085355885034,0.12202830053487837,0.07279193834551413,0.09793998082159022,1.787580051507484,1.3414272390000406,,,,,,,,,deltaC0.2,EKF-B
71,947.9535668616884,678.7179023006946,661.7839330342965,1944.0155318123864,0.12372161055977185,0.07148062508252583,0.10098295478601935,1.903973603754058,0.9678838250001718,,,,,,,,,deltaC0.2,EKF-B
72,943.0027655059681,676.1971381058662,657.2759284876786,1939.6606606477328,0.11502279625284048,0.07060493897900062,0.0908030079325242,1.1383518382315974,1.4045944190002047,,,,,,,,,deltaC0.2,EKF-B
73,944.9902733378455,686.1611763826559,649.7610766491832,1938.6401735075153,0.1735699715742489,0.07791065929141268,0.15510146421314974,2.6338722685705354,1.395386165000673,,,,,,,,,deltaC0.2,EKF-B
74,945.5145932592735,671.6645987315819,665.4806630376216,1947.6915071520611,0.13793779867162698,0.07136951379920661,0.11803909861753079,2.000825060026532,1.3635951379983453,,,,,,,,,deltaC0.2,EKF-B
75,951.0769767739457,681.8261798650705,663.0689829874964,1950.9345881545257,0.10955325769392671,0.07090814758395643,0.08351018427451688,0.9654025208271233,1.4044593869984965,,,,,,,,,deltaC0.2,EKF-B
76,952.0076636009344,687.9896978537263,658.0188197932094,1947.9418305908712,0.11791785417315938,0.07140776585555873,0.0938378991043607,1.359680563891199,1.8822302549997403,,,,,,,,,deltaC0.2,EKF-B
77,955.9234541468591,689.4891903906928,662.1135148314443,1938.7318291974882,0.2828033964955951,0.10047542668333746,0.2643528885831325,2.482922634797757,1.4488441049979883,,,,,,,,,deltaC0.2,EKF-B
78,954.87431744098,691.5053316601063,658.4871588679798,1953.8448661976906,0.11136275988795742,0.07303917818959262,0.08406511011859674,1.0455051536544702,2.0813866190001136,,,,,,,,,deltaC0.2,EKF-B
79,966.7586672407892,723.8831915389052,640.7928258748188,1940.6545424303022,0.13827340001427224,0.080179064266754,0.11265367639280434,1.7856589185975016,1.0508699909987627,,,,,,,,,deltaC0.2,EKF-B
80,954.9338165833241,709.7719130948856,638.844601946373,1944.3137613189751,0.11229919268506865,0.07374503745053089,0.08469225542597135,1.4787252038446526,1.9118604689974745,,,,,,,,,deltaC0.2,EKF-B
81,950.0332626228711,677.9265841838818,665.5664854442654,1942.051261080859,0.19220639334950523,0.08246767958396378,0.17361560836647555,3.405279329153884,1.3871920839992526,,,,,,,,,deltaC0.2,EKF-B
82,934.4412224383249,663.6200746682009,657.8668517940407,1925.7066938058176,0.10368027587509362,0.06717601817356463,0.07897456671537006,1.230639886804961,1.3842940670001553,,,,,,,,,deltaC0.2,EKF-B
83,942.7452937300867,681.6850562936453,651.2097763978647,1930.132662562186,0.1370452551067459,0.07549622532783896,0.11437535533724573,1.3007399715795065,1.9057827409997117,,,,,,,,,deltaC0.2,EKF-B
84,968.5072604803162,717.9989444194675,649.9875609699137,1940.897960918509,0.1409268555170883,0.07848723498558834,0.1170475653324379,1.2632889042455235,1.9154026869982772,,,,,,,,,deltaC0.2,EKF-B
85,949.2731655643211,675.8367180521197,666.6065356663152,1939.3694014100404,0.18205378803221348,0.07955070746723517,0.16375367683914915,2.3178222011673864,1.914992643000005,,,,,,,,,deltaC0.2,EKF-B
86,958.4626441021323,688.6859108523943,666.605097739778,2559.1645379347187,0.21655874544875814,0.09190559982185441,0.19608939530664368,2.019177492387557,1.3618472189991735,,,,,,,,,deltaC0.2,EKF-B
87,944.2806308410467,673.7641831973058,661.5948421972715,1933.0566218771985,0.18503994134945237,0.07951112603244863,0.1670860877860896,2.2094093576233504,1.3982961190013157,,,,,,,,,deltaC0.2,EKF-B
88,950.188637070409,700.926415971624,641.5298944015746,2087.141881483473,0.13301425037711598,0.07838929539948856,0.10746119843998493,1.154040261243215,1.4376729850009724,,,,,,,,,deltaC0.2,EKF-B
89,949.6472880618215,680.3839474967425,662.5010609138089,1946.0498298008938,0.1442897027551847,0.07543545557586295,0.12300004212699103,1.568326261304101,1.333683815002587,,,,,,,,,deltaC0.2,EKF-B
90,956.9165198971799,699.5546448050361,652.9261252115969,1939.5141419958943,0.15192067121976235,0.07496425829031259,0.13213724048445402,2.1115722856433266,0.9775635980004154,,,,,,,,,deltaC0.2,EKF-B
91,956.2796711439826,708.0536782650802,642.7525170223245,1946.0196709272534,0.11998579334114877,0.07511651121261713,0.09356334937864091,1.1507118014170519,1.8617017539982044,,,,,,,,,deltaC0.2,EKF-B
92,946.6936481932353,670.8650210198729,667.9588214114871,1947.4078487706956,0.12243807104284701,0.0708055706856371,0.09988819950612032,1.5874488873051793,1.387705859997368,,,,,,,,,deltaC0.2,EKF-B
93,951.1177536926317,677.6659715938137,667.3783127530667,1958.5589765989175,0.11213181254443007,0.06908839841097865,0.08831951420555419,1.645008818476278,1.3680721319979057,,,,,,,,,deltaC0.2,EKF-B
94,957.4390899548795,702.7644383120595,650.239767483936,1954.9649640099221,0.14401235614843197,0.07746588064647615,0.12140261965496757,2.106693471004185,1.3754687680011557,,,,,,,,,deltaC0.2,EKF-B
95,951.9304962474865,689.1703307466006,656.6703319814345,1939.5476554450654,0.18096797255400787,0.08583438684809717,0.15931687018241147,1.8340435920187566,1.4204429689998506,,,,,,,,,deltaC0.2,EKF-B
96,945.361052826577,677.3324333954245,659.4909361560682,1938.4025542688255,0.15221464623142547,0.07969754915049967,0.12968268653433154,1.7929161140246417,1.9204485160007607,,,,,,,,,deltaC0.2,EKF-B
97,952.4503222569066,696.578948667014,649.568614267379,1937.4233117923106,0.15141397576850335,0.08355722833267162,0.126271064188858,1.499464691346064,1.0118694459997641,,,,,,,,,deltaC0.2,EKF-B
98,950.2662780709508,678.9399102022182,664.8658493060246,1952.4746405712854,0.11500414390054117,0.07302262846828952,0.08884620895614247,0.8785909197713115,1.903358723000565,,,,,,,,,deltaC0.2,EKF-B
99,946.9332712052592,693.1705353388969,645.1334970790774,1939.7395618111764,0.1716710879196822,0.08296687265506374,0.150291252138525,2.643081345940925,1.3716510150006798,,,,,,,,,deltaC0.2,EKF-B
100,948.4672010546261,685.4611224155644,655.5402971085692,1937.8648080439757,0.11599630986614813,0.07503678299962159,0.08845691097721621,1.2353300394860165,2.0943889639966073,,,,,,,,,deltaC0.2,EKF-B
101,949.8255420956394,679.228540402164,663.9406225864037,1936.2718806591706,0.15885864449457412,0.08258144914003074,0.13570693861621816,2.2823985440042693,1.3963651839985687,,,,,,,,,deltaC0.2,EKF-B
102,947.9532988947884,687.4256572652627,652.7338068607552,1949.1864695330855,0.12848317155741504,0.07515563651383093,0.10420919188657528,1.3429293573889602,1.9262131289979152,,,,,,,,,deltaC0.2,EKF-B
103,952.6221879253558,698.4529778063784,647.8058896931199,1944.0686480649038,0.11859073665003653,0.07472105832092468,0.09208977284475887,1.0086952547299195,1.4696876950001752,,,,,,,,,deltaC0.2,EKF-B
104,947.8738321913479,681.352633117502,658.956289215725,1942.3940542204323,0.20134489177369982,0.07984391944346164,0.18483699297291353,3.7689310910709954,1.9142871840012958,,,,,,,,,deltaC0.2,EKF-B
105,964.0635196056085,704.5660157194764,658.0313057351724,1954.3702627817183,0.16089011236250125,0.08138574161008347,0.13878756903482029,1.759038929629495,1.3675361130008241,,,,,,,,,deltaC0.2,EKF-B
106,963.7981458413723,692.5701448506246,670.2637245061469,2225.4028247704478,0.13640263560730378,0.07659206957702057,0.1128686576447498,1.3977126276495042,1.3871742930023174,,,,,,,,,deltaC0.2,EKF-B
107,950.2255050936361,682.3614774761428,661.2951871796978,1948.7174403002793,0.14087008590472017,0.07811653868315767,0.1172270765948122,1.4118549104659646,1.3913635919998342,,,,,,,,,deltaC0.2,EKF-B
108,953.6533265752892,681.2577531502618,667.3398991973821,1951.921266836747,0.10647039861019748,0.06975508364304356,0.08043739233818026,0.8669407155480165,1.1265914020004857,,,,,,,,,deltaC0.2,EKF-B
109,950.0578924470276,699.7749664058144,642.5924022213685,1940.934636465479,0.11991363903221208,0.07014269448716325,0.09725884656949278,1.9568384733652284,1.9476499560005323,,,,,,,,,deltaC0.2,EKF-B
110,953.5032375668217,685.7029353273298,662.5555890141555,1949.92987237207,0.15575688375692298,0.08150210409293715,0.13273135976886416,1.2503061990382962,1.3879979650009773,,,,,,,,,deltaC0.2,EKF-B
111,948.0524078021266,684.8495180629194,655.5795188597618,1942.7141005337335,0.1456975052801929,0.07714692074259898,0.12359658435736397,1.5730910628610744,1.37717377700028,,,,,,,,,deltaC0.2,EKF-B
112,944.5478490735135,676.8271640573745,658.8441615309744,1941.7285213233674,0.1692488560491442,0.08032068737535113,0.14897571095146697,1.9611331290358087,1.3970290440011013,,,,,,,,,deltaC0.2,EKF-B
113,958.4538551284675,711.2733572248812,642.4359919187807,1942.2013094870433,0.12936424394348725,0.0749229141703519,0.10545930278212617,1.9208092140849806,1.9170451719983248,,,,,,,,,deltaC0.2,EKF-B
114,939.3726527545124,669.9818593579022,658.441560713157,1930.4139093629387,0.1531489577455546,0.07799330144949797,0.13180154850212272,2.054679754657025,1.4885102079970238,,,,,,,,,deltaC0.2,EKF-B
115,951.6120223268535,700.562224395829,644.0326162443733,1941.147353485433,0.13414301415446156,0.07442601451802446,0.11160249374188236,1.5903565767184398,1.8847722620012064,,,,,,,,,deltaC0.2,EKF-B
116,948.7828476819656,682.3274012860717,659.255799754311,1944.5344816889135,0.14976115041485924,0.08108608566976398,0.1259104796446181,1.2349107625896487,1.8691495210005087,,,,,,,,,deltaC0.2,EKF-B
117,969.2156175795967,706.419868697637,663.5886394969494,1953.2471840014664,0.18854716641387978,0.08462391775384245,0.16848984095990532,1.948042602339869,0.9654901860012615,,,,,,,,,deltaC0.2,EKF-B
118,950.2888473174338,678.9937157253497,664.8431599568278,1944.3740496217345,0.1158372700045866,0.07311835646604066,0.08984419330051614,0.8403309857969737,1.4314277240009687,,,,,,,,,deltaC0.2,EKF-B
119,945.2994949623823,675.9851150828569,660.7838219588548,1944.1464241069796,0.13015658537886726,0.07139760592738541,0.1088260933109525,1.9186668107398934,1.383036794999498,,,,,,,,,deltaC0.2,EKF-B
120,951.8990267561736,705.3416371395319,639.2221304497173,1939.2966356926945,0.2033025767793153,0.0846781517045664,0.18482842949343004,2.2428201481960497,1.3788148790008563,,,,,,,,,deltaC0.2,EKF-B
121,951.4956475159963,692.7707879976662,652.236615454068,1939.3013825638661,0.25079012306770654,0.0928336693583405,0.2329755258858357,2.636223509234229,2.0737142649995803,,,,,,,,,deltaC0.2,EKF-B
122,945.9693894437996,679.257598013281,658.3822607770525,1942.163798020408,0.2586458811052366,0.09435128148616208,0.24082260586295295,2.325436317658885,1.933601123997505,,,,,,,,,deltaC0.2,EKF-B
123,964.212553346102,702.0026134106945,660.9827371382437,1968.4197398516435,0.19798290589658527,0.08547877305180811,0.1785794231842337,2.9943877158135654,1.4168075950001366,,,,,,,,,deltaC0.2,EKF-B
124,945.8971395436238,675.6133138409746,662.0181634650414,1940.272350685025,0.10454199342440776,0.06892728725713351,0.07860061997542714,1.0741714924457324,1.3713190749986097,,,,,,,,,deltaC0.2,EKF-B
125,965.3062198104316,717.6188629106119,645.6309050840005,1950.068269070233,0.14097185662319706,0.07728659349543526,0.11789761161983973,1.6148276550085663,1.3860361769984593,,,,,,,,,deltaC0.2,EKF-B
126,952.1134621036891,678.6658119314436,667.7819707318457,1957.7187270260997,0.14673700366607725,0.07571712802786898,0.12569273952026688,2.418866796662531,1.9292026100010844,,,,,,,,,deltaC0.2,EKF-B
127,962.3017670499767,724.1743220437842,633.7162157937361,1944.7369953915984,0.0968244908087449,0.0703352613882085,0.06654271579838858,0.6511425251479983,1.540671751001355,,,,,,,,,deltaC0.2,EKF-B
128,958.9116354797254,696.5438380177468,659.0434024993413,1949.3219866560732,0.23366773371545735,0.09110751710702761,0.21517441787143415,2.4161488608098383,1.0890357200005383,,,,,,,,,deltaC0.2,EKF-B
129,975.5421887432365,744.7456950526442,630.1082539679178,1949.6923274488586,0.11216521460577664,0.07314125933031132,0.08503758904823253,1.316712216570824,1.2422223189969372,,,,,,,,,deltaC0.2,EKF-B
130,965.4834749563014,708.7404089608372,655.6259399381023,1947.229009794421,0.14532748050453853,0.07719742412798145,0.12312852755475304,1.870635691395905,1.3951517720015545,,,,,,,,,deltaC0.2,EKF-B
131,951.0638560303347,701.754387680877,641.9215198277175,1935.7924843825958,0.11122991879151406,0.07473427369604313,0.08238254165472031,1.0422920235404798,1.9100637410010677,,,,,,,,,deltaC0.2,EKF-B
132,970.7918015189192,724.9689602736395,645.6444288740565,1939.4168177741951,0.17218525432235257,0.08514435208803188,0.14966028569250595,1.307861110619757,1.3785104070011585,,,,,,,,,deltaC0.2,EKF-B
133,951.2620804955044,687.8914947060854,657.0424927656227,1946.2970248369215,0.11777144020286828,0.07259614439538122,0.09273571020045482,1.3436564166261404,1.8854992219967244,,,,,,,,,deltaC0.2,EKF-B
134,950.8236303634873,678.5304506275082,666.0795775497339,1992.8180657372748,0.2890525764202278,0.09564730134215561,0.2727691069038694,2.9351756626897894,1.8860517700013588,,,,,,,,,deltaC0.2,EKF-B
135,944.8621245282609,675.7171366606865,660.4322717668647,1933.413276761008,0.13275229825534102,0.07251538836683914,0.11119663278211939,1.5427969088055138,1.4015500559980865,,,,,,,,,deltaC0.2,EKF-B
136,955.2998925381117,716.5069233663464,631.8351948502238,1946.4630343875735,0.15112950887190404,0.08126101109830935,0.12742361055606358,2.2686763260529386,1.4260573930005194,,,,,,,,,deltaC0.2,EKF-B
137,953.1514574912876,688.2217756302721,659.4304273129055,1943.3726445245443,0.14035135219962835,0.08076045329084248,0.11478785322725471,1.3610105006117632,1.9507851819980715,,,,,,,,,deltaC0.2,EKF-B
138,956.0668158134524,693.7270444763886,657.8803417504803,1935.9487294734195,0.23721395621292776,0.09803409021021522,0.21600874560731143,1.9472695170252632,2.0934205970006587,,,,,,,,,deltaC0.2,EKF-B
139,949.3690508600123,682.0815342645446,660.3532201376513,1942.82204587939,0.11682693900046838,0.07126592395750114,0.09257268365291582,1.5481931970676082,0.9887218850017234,,,,,,,,,deltaC0.2,EKF-B
140,943.3451471423845,677.1740605482247,656.7612643554096,1932.0234609123454,0.11167172037135045,0.07347125962326562,0.0840984372034807,0.9959531029835313,1.3788950130001467,,,,,,,,,deltaC0.2,EKF-B
141,948.2651725305567,696.4507656202019,643.555101371624,1939.3070643749788,0.13276334996686,0.07717529133696352,0.10802815143043851,1.6629313917002246,1.4195240059998468,,,,,,,,,deltaC0.2,EKF-B
142,946.0025310153734,678.816135136264,658.8850001071188,1939.424697574361,0.14803117241756356,0.07361887090360006,0.12842698257841884,2.9755938501270767,1.4412771869974677,,,,,,,,,deltaC0.2,EKF-B
143,951.6178643958067,688.9069588709106,656.493535273935,1937.6083983050123,0.15040499807711546,0.07903307122225169,0.12796654679937097,1.4283625808765066,1.3961247859988362,,,,,,,,,deltaC0.2,EKF-B
144,947.2022298226104,679.8859046052478,659.5052849674742,1944.2146396963753,0.1259061936185856,0.07447117419413066,0.10152050928589854,1.3343593996534813,1.9318622949976998,,,,,,,,,deltaC0.2,EKF-B
145,950.1532477744246,673.1086111391743,670.6086726747418,1958.6181221362087,0.10782173055375731,0.0703153413588475,0.08173908703426894,0.9728357501016109,1.3872209030014346,,,,,,,,,deltaC0.2,EKF-B
146,947.8697824398226,675.5078147962914,664.9408369258548,1944.2944183431782,0.1713158718244443,0.07843450908355593,0.15230612503701554,2.4766670966733924,1.0231091899986495,,,,,,,,,deltaC0.2,EKF-B
147,955.5289133251807,683.7543206600538,667.4694998118707,1946.7457407721522,0.1223558833420789,0.07020718349564523,0.10020934873568046,1.7378888881162662,1.395937891000358,,,,,,,,,deltaC0.2,EKF-B
148,945.3005793719957,673.6309688442402,663.1851198383457,1939.9045288071882,0.1290459846834264,0.07290256922004806,0.10648042807967678,1.7319991777772894,1.9165404880004644,,,,,,,,,deltaC0.2,EKF-B
149,957.7559498580707,691.616807515227,662.5425654635184,2197.4071755472623,0.21968034078813392,0.08364057431979834,0.2031347002760605,2.9056077194545957,1.4674411119995057,,,,,,,,,deltaC0.2,EKF-B
150,943.7389291296994,672.2101129578587,662.4022421399663,1922.33431726131,0.12263274800627433,0.0719491494359375,0.09930816068690183,1.5977916376432575,1.892273737998039,,,,,,,,,deltaC0.2,EKF-B
151,955.5055631686809,687.0652877871429,664.0272370650682,1947.819915465743,0.12462106668706824,0.07492053547383014,0.09958576015945887,0.8625526839019835,1.3993355730017356,,,,,,,,,deltaC0.2,EKF-B
152,963.9937137243775,713.6909251786307,648.0194004949135,1949.9112715967924,0.12354239666262859,0.07439884740551413,0.09862826814801773,1.2510468200154188,1.8820494989995495,,,,,,,,,deltaC0.2,EKF-B
153,948.1708880645888,685.4526539203036,655.1203646711062,1926.29423099478,0.20445693692643765,0.08833675536544663,0.18438887360371436,2.284525794400441,1.877136283001164,,,,,,,,,deltaC0.2,EKF-B
154,954.937374335518,690.6425961854917,659.4832774505941,1951.613139888133,0.15139695532349062,0.0802693371182575,0.12836616220725205,1.576539588750802,1.453326371996809,,,,,,,,,deltaC0.2,EKF-B
155,951.0794230728111,691.2313488748593,653.2620387908315,1944.0848990145607,0.12221300302102234,0.07389813905371788,0.09734003879089938,1.1103581833591736,1.4354143860000477,,,,,,,,,deltaC0.2,EKF-B
156,973.5205886702882,725.5714545145674,649.0673316063285,2099.533252133456,0.1405885656169504,0.08054134449722615,0.11523123104788345,1.6595512103067473,2.0950543170001765,,,,,,,,,deltaC0.2,EKF-B
157,950.2336199137571,688.7386541982712,654.6625074246706,1944.8848072100827,0.15639321911203244,0.07860738887814706,0.13520250514684984,2.1817942385529134,1.0088848449995567,,,,,,,,,deltaC0.2,EKF-B
158,955.0419355175146,696.3792935632217,653.5755335792709,1953.1938869027456,0.12856742014834904,0.07610940845740564,0.10361920414607466,1.621658858629169,1.396487960999366,,,,,,,,,deltaC0.2,EKF-B
159,945.6058928912095,688.7347014206246,647.9313356595933,1930.9499734744065,0.11480203915696262,0.07118691718784387,0.09006625903127007,1.2407644927965793,1.3850513709985535,,,,,,,,,deltaC0.2,EKF-B
160,958.0244525791938,693.2148880441158,661.2593823407333,1956.032138162197,0.13547530107819075,0.07807984075009639,0.11071176843798503,1.2007074925947248,1.4037730700001703,,,,,,,,,deltaC0.2,EKF-B
161,946.7778776924267,690.8671304967763,647.3723485652797,1936.20056067467,0.10208027748656463,0.06882921685261584,0.07538515741967791,0.9445220050127667,1.9071582270007639,,,,,,,,,deltaC0.2,EKF-B
162,970.884325530778,696.4434829523811,676.4487036091579,1957.1658015635771,0.21129834759987778,0.08823540908696265,0.19199350062357615,2.21515702806291,1.356626533997769,,,,,,,,,deltaC0.2,EKF-B
163,943.778246923205,671.5608482008575,663.116435122206,1940.5278602256246,0.15863315591982013,0.07537250281619425,0.13958317941752424,2.3105929904015547,1.386808215000201,,,,,,,,,deltaC0.2,EKF-B
164,959.6869119914084,700.599605923165,655.8652005007668,1935.6557181457822,0.17255808510305834,0.086178873058825,0.1494974734660933,1.9657549267365793,0.9952343660006591,,,,,,,,,deltaC0.2,EKF-B
165,949.6618769721229,670.83663961043,672.1873872146081,1957.2382348368853,0.12451235308715815,0.07303548176095356,0.10084217607353858,1.2210650331535406,1.5647888069979672,,,,,,,,,deltaC0.2,EKF-B
166,948.1130445778352,676.5477230088686,664.2300232526134,1939.7627793424454,0.14536022144365948,0.07918969178404027,0.12189580260738439,1.2274214365166358,1.9113515600001847,,,,,,,,,deltaC0.2,EKF-B
167,949.1156549777928,679.2706292665143,662.881542011692,1943.220125664222,0.16875756684808568,0.07853130648437961,0.1493718523361833,1.5994916924339109,1.91999743499764,,,,,,,,,deltaC0.2,EKF-B
168,954.2322304940955,688.9062251270111,660.2782464196351,1951.868793419251,0.19416766040363867,0.08487044505770976,0.1746370175602212,2.255170923124913,1.3789738849991409,,,,,,,,,deltaC0.2,EKF-B
169,945.8431474085601,686.0767368726817,651.089832989169,1935.8210773766768,0.11345700333805815,0.07168980484106853,0.08793783877433903,1.132381782051453,1.4077160800006823,,,,,,,,,deltaC0.2,EKF-B
170,965.7067771057228,699.1325323192813,666.1856209801826,1962.2113505648172,0.14474009513859953,0.07385773294758308,0.12447783105667592,2.503215307149797,1.9258909870004572,,,,,,,,,deltaC0.2,EKF-B
171,953.0546810172403,694.5768983239486,652.5918765381291,1944.4226628765089,0.21985647918044127,0.08827070668072952,0.20135827219089958,2.1656407274957976,1.3850295720003487,,,,,,,,,deltaC0.2,EKF-B
172,954.3310665991673,696.813877489239,652.0722389541792,1950.1198702265701,0.1398277321397374,0.07709915676895272,0.11665125246159427,1.1311939927922432,1.9188676119993033,,,,,,,,,deltaC0.2,EKF-B
173,949.669024433029,678.2203516436956,664.7468770771947,1942.1064335136837,0.19402200711079887,0.08177213856368654,0.17594844869456547,2.919754887421623,1.4149772410019068,,,,,,,,,deltaC0.2,EKF-B
174,953.2125283162912,684.8622615656872,663.006641612487,1950.2050392959634,0.163625439135712,0.07755120229775768,0.14408016988651445,1.796306889412432,2.0307929369992053,,,,,,,,,deltaC0.2,EKF-B
175,952.1252352820809,689.1149318629242,657.0107109815756,1953.5582091505971,0.14867405796070127,0.0759170591324091,0.12783026106203593,1.888155162488152,1.3623949189968698,,,,,,,,,deltaC0.2,EKF-B
176,963.7243084036978,695.9811502094608,666.6144171568009,2027.230389265045,0.16607184142570341,0.08460010500139814,0.14290793801701987,1.5505586077107127,1.0303221819995088,,,,,,,,,deltaC0.2,EKF-B
177,955.9862259814976,689.4914524878888,662.2017828520916,1942.991603276703,0.17933183681949463,0.08287496961194095,0.15903347795000183,2.1494196411441333,1.3780473830011033,,,,,,,,,deltaC0.2,EKF-B
178,963.6275048222442,711.7664649473207,649.5894606798504,1949.6791813250884,0.13813707465689107,0.07673937607008668,0.11486043511643731,1.3052422897992686,1.8382349929997872,,,,,,,,,deltaC0.2,EKF-B
179,954.5860577972796,676.2429157484072,673.7433195520707,2151.0117369030527,0.17862466807052807,0.08143379854577874,0.1589821011866174,1.939515356934515,1.3888045419989794,,,,,,,,,deltaC0.2,EKF-B
180,952.1943072277305,688.9774973574841,657.2549024936332,1941.027707127845,0.21118169302694817,0.08398826301044279,0.19376191355944247,2.768157329150236,1.3938707519992022,,,,,,,,,deltaC0.2,EKF-B
181,945.886530959197,682.1857966280554,655.228104043904,1935.395619838911,0.16215813106675556,0.08233819791656707,0.13969853483453326,2.1266828275203116,1.415018917999987,,,,,,,,,deltaC0.2,EKF-B
182,942.9725748833922,684.0342189509657,649.0720023898403,1935.877212392681,0.10231385980565562,0.06899673891855841,0.07554850049428934,0.7367522134950969,1.5054249179993349,,,,,,,,,deltaC0.2,EKF-B
183,951.8854832997281,688.257834725791,657.5614999795249,1948.5163892237529,0.17258182819072512,0.08159419898810645,0.15207522517866695,1.9376523760891384,1.896787186000438,,,,,,,,,deltaC0.2,EKF-B
184,949.0875911480944,669.6562334228985,672.5531835543928,1949.8263118090072,0.117860442178487,0.07074362291334184,0.09426782933537495,1.0550025929550626,1.8991939469997305,,,,,,,,,deltaC0.2,EKF-B
185,964.8490954194153,697.6432340129622,666.504084734369,2690.444869303086,0.2577729676399656,0.10078587242505348,0.23725326291841717,2.011795562132444,1.0265346120031609,,,,,,,,,deltaC0.2,EKF-B
186,952.0238552380831,696.1108761480045,649.4452009606663,1941.2112598144543,0.13984588766893405,0.0775843582940285,0.11635093315489967,1.3959365228114158,1.4021524819982005,,,,,,,,,deltaC0.2,EKF-B
187,953.9681501973472,699.5415710663625,648.611456837569,1946.7358572964608,0.11498362341215486,0.07239798463034308,0.08932953304732345,1.2292563373127676,1.9043575850009802,,,,,,,,,deltaC0.2,EKF-B
188,958.236217129459,719.2375223344811,633.1777272494131,1937.7104115787454,0.16190794587404653,0.08339095214700244,0.13878087777921544,2.239857887557223,1.3690291769999021,,,,,,,,,deltaC0.2,EKF-B
189,945.4300633425905,681.9471629505227,654.8175865198702,1937.777805592098,0.13562918361948267,0.0758624739308336,0.11242846836269245,2.1766570096972973,1.8944657029969676,,,,,,,,,deltaC0.2,EKF-B
190,947.305227301887,672.0179840332859,667.6668501650493,1951.691066633103,0.12126571305207821,0.07104018770014031,0.09827850677313839,1.525622312884787,1.374585138000839,,,,,,,,,deltaC0.2,EKF-B
191,960.5326148880887,710.6847973230709,646.1811070571581,1957.7082259385431,0.12586863665801115,0.07685529352243697,0.0996803769642074,1.0889876854003742,2.076452244000393,,,,,,,,,deltaC0.2,EKF-B
192,962.3085054366908,711.8945424716519,647.4904015001881,1956.3287755034348,0.10828433465631172,0.07176151716790345,0.08109119425511507,1.245766110899276,1.3813296049993369,,,,,,,,,deltaC0.2,EKF-B
193,950.7729896677346,687.0527459138599,657.2121439945761,1946.9250594470927,0.13217652653889309,0.0774155422408398,0.10713294538769788,1.5172712238977581,1.3857804210019822,,,,,,,,,deltaC0.2,EKF-B
194,944.5173294473561,684.6578126066091,650.6586395823072,1938.5454559912337,0.1749934348629308,0.08179182635042835,0.15470229276706982,2.0244525480803213,1.4166117669992673,,,,,,,,,deltaC0.2,EKF-B
195,951.1580675288941,674.7858872077687,670.347429211543,1946.9239494328667,0.14358919948087123,0.07433400582183042,0.12285077853248431,1.4970821432958594,1.8663259850000031,,,,,,,,,deltaC0.2,EKF-B
196,946.1689161615682,679.5422756892988,658.3752072043462,1945.7380423501847,0.15822037336204153,0.07679571618782487,0.1383333095173497,2.0488693523136043,0.9931226490007248,,,,,,,,,deltaC0.2,EKF-B
197,952.2593730984457,695.8339778265855,650.0869087713394,1953.3439029344531,0.1771849941838027,0.08762658192959327,0.15400033864654478,1.6588953945696396,1.5593059620005079,,,,,,,,,deltaC0.2,EKF-B
198,968.62012582969,718.5208761243431,649.5788625993234,2180.197694340766,0.11739617766999676,0.0707751801933847,0.09366288699436597,1.5604990358321564,1.3809731180008384,,,,,,,,,deltaC0.2,EKF-B
199,953.6842850892826,687.575472754087,660.8734257732341,1937.5971520043327,0.12866881966560748,0.07681768071974253,0.10322165026282186,1.171002136792731,1.3924652710011287,,,,,,,,,deltaC0.2,EKF-B
200,948.7296081867844,680.7604864833991,660.7972680732988,1942.8267978067759,0.12677010340370334,0.07428148216310139,0.1027274088286008,1.1092817039944716,1.3850226879985712,,,,,,,,,deltaC0.2,EKF-B
1,136.01322540385414,81.86129844766556,108.62009621254192,1037.4245214207886,0.24411581760847106,0.043951645317020505,0.24012660260908025,2.6205539655485204,3.3295587089996843,,,,-0.0008091162072841511,0.0020271944938032274,0.0022486176992965456,0.0031337626122898495,-67.82463724090485,deltaC0.2,EKF-G
2,153.4510196228953,102.15878363755273,114.50239451208819,1437.5135915541587,0.15213821872730268,0.036289533484081024,0.1477467676703093,1.5842724172127725,2.4677805569990596,,,,-0.0072349917933097795,0.0005858011955971132,0.00014095256197463324,0.007260036977505698,46.42418534860917,deltaC0.2,EKF-G
3,207.74253844107207,92.29328389037677,186.11531916172464,2203.2456785723725,0.13410732875947767,0.027828577676596394,0.13118820789804347,1.6212210884101013,3.305560101998708,,,,-0.003236992958280637,0.00027811072442187777,-0.0010819823708929088,0.0034243473594131675,-56.10967193414399,deltaC0.2,EKF-G
4,106.26684877886558,70.02825466343793,79.9292605882412,746.761828322105,0.06396632121316734,0.018688536773192575,0.0611753940961816,1.0872447850561104,2.5188096599995333,,,,-0.0015916709332703949,0.007922800835412597,-0.004654263291930111,0.0093255753832158,5.35129991935537,deltaC0.2,EKF-G
5,136.50690216651333,84.2716885730882,107.38909089911544,1061.9192959288878,0.08995125520891058,0.02632412838480496,0.08601318839828498,1.0594326573537767,3.434968474000925,,,,-0.02335311747907385,-0.013538032029106974,-0.005706711651138147,0.027590088167343478,79.21268543219776,deltaC0.2,EKF-G
6,186.5342749132988,79.76145691219057,168.62130858427972,2239.918275799556,0.09762793540529287,0.02442370396418289,0.09452352329536809,1.0954351544015526,2.737087055000302,,,,0.005374228003602679,0.018090095638539316,0.004131990471496788,0.019318572206629213,-81.31872560348711,deltaC0.2,EKF-G
7,198.41738490039046,119.20440143465675,158.61831328479983,743.604366073458,0.21691307918176625,0.046723499286547135,0.21182114751491465,2.670146569991521,2.012091523996787,,,,-0.022166727214133982,0.014698918688462273,0.0028880791107710746,0.02675374753087735,32.99495567287522,deltaC0.2,EKF-G
8,209.27044356367824,115.94110658122203,174.21761780618039,1977.1201089974954,0.16030855845365605,0.04071398005210793,0.15505226777382464,2.311802915748112,2.4440572040002735,,,,-0.01963623771106281,0.004992883947854989,-0.018200856807592813,0.02723567348336756,-38.441879931917356,deltaC0.2,EKF-G
9,139.45561083260264,79.49244496987637,114.5810568349127,1404.3936892667964,0.1202452603607076,0.025609406190019335,0.11748651392312631,2.2698140015974224,3.3488494800003537,,,,0.003372060394115696,-0.0008659741366941844,0.004727617800684841,0.005871207080008259,-38.61222516147245,deltaC0.2,EKF-G
10,114.44127479370593,67.94082102325152,92.09153172303638,816.6667368160453,0.06608707193424398,0.020779813084943973,0.0627351611538277,0.9389154894239928,2.4662480580009287,,,,0.0025005869013046147,0.005486725651571542,1.639009194906449e-05,0.0060297066148945816,141.55510878784116,deltaC0.2,EKF-G
11,134.92804116993625,75.64947041821706,111.72615593225837,748.7840870636762,0.1742939699644856,0.03692922174790103,0.1703367856544069,1.9637227715561938,2.461046245000034,,,,0.00011326243834158936,0.009357274746192577,0.0046733519586851235,0.01046000179662597,20.459970599498774,deltaC0.2,EKF-G
12,120.09335200095734,73.96234235551493,94.61493068280211,798.5308044850451,0.08324005119750318,0.02173557525778604,0.0803521679332678,0.9412209742517416,2.735445610996976,,,,-0.0024965349356555677,0.001393469439910312,0.00626390181256864,0.006885558051633389,-72.10674863747408,deltaC0.2,EKF-G
13,127.14070486921077,69.81900786799515,106.25471742453877,1021.199847989559,0.12736539457740284,0.028408572338305463,0.12415674268261385,2.1654628057936325,2.528986416000407,,,,-0.0012126019208396613,-0.02445657432245875,-0.009591298985616004,0.026298050255481892,-81.38554194552125,deltaC0.2,EKF-G
14,217.73541248213908,109.53332618816549,188.17853305551137,1662.0113587817339,0.13308834668435618,0.028978753028469473,0.12989511113236846,1.8218314000548612,2.4872087110015855,,,,-0.004896951712941342,-0.004661116729136103,-0.0004573296437234142,0.0067760826178950755,-72.64907055000367,deltaC0.2,EKF-G
15,107.70485798220821,72.92152659746132,79.26403592842959,853.2139523731549,0.07069480689582894,0.02058551045146915,0.06763129809112786,0.7965257204159049,2.41833261499778,,,,-0.0019958734621913525,-0.0024599179955925882,0.003236813859240545,0.004528981274137885,-33.996872038784204,deltaC0.2,EKF-G
16,116.29566625838642,75.16473897283618,88.74088125338511,713.9536059283168,0.09581456160777738,0.02500630451742549,0.09249386439365777,1.2673341297729692,2.428809214998182,,,,0.004676915630903459,-0.023768610669357374,-0.004560500905005926,0.024649920110917968,-46.38945625859924,deltaC0.2,EKF-G
17,147.24213283984585,82.20198015049391,122.1600595225977,1646.35905625953,0.11004604304933019,0.024366879311616,0.1073144295210489,2.5006296493410014,2.429100166002172,,,,-0.004596990358606824,0.005796486834420104,-0.006291162739744838,0.009711349473512087,-37.1653989045808,deltaC0.2,EKF-G
18,155.27052398187325,91.05603807493448,125.76857138292367,989.0929650375832,0.08575202664399816,0.02626260395369224,0.08163140147715509,1.2839506092148718,3.4182734040005016,,,,-0.004989098505459357,-0.020387195589395828,-0.03837974439021033,0.04374395532362544,-133.3142324909859,deltaC0.2,EKF-G
19,208.68326689313986,109.74683057708566,177.494616987327,1472.0155827102649,0.1481094616749446,0.03450767002717222,0.14403344523733955,1.6815178551851961,2.8175530529988464,,,,-0.025580430707239525,0.06443347287281863,-0.045392045542779536,0.08286415787406463,-135.60829410017323,deltaC0.2,EKF-G
20,109.90915490780782,76.42024963191275,78.99346668392667,626.328748499941,0.1003660843279674,0.021613167686778307,0.09801133539479943,2.5795955999636955,2.465779930997087,,,,-0.00179022546321703,0.0020433800752792664,0.0014737757495013049,0.0030906834682666974,47.9400582082817,deltaC0.2,EKF-G
21,166.4256359271686,92.36044961298713,138.44507806725863,1534.385760930585,0.16692295008020153,0.03388251229714223,0.1634479936368491,3.2453388782332855,3.3583508919982705,,,,-0.003078690145270455,0.011302208454976244,-0.005550379694806762,0.012962444357714523,-81.12862331832002,deltaC0.2,EKF-G
22,159.14951160131878,105.4142238243385,119.23258136285804,1055.7553267324733,0.15042034716611855,0.03625184396972427,0.14598659065260203,1.4898783861131293,2.4439779090025695,,,,-0.0016238047278519254,-0.00584592504868985,0.014308756907477793,0.015541946651124084,-45.74731470565166,deltaC0.2,EKF-G
23,111.38329287037368,71.20348912575197,85.65220993626701,1106.7062508006404,0.10777213764741736,0.027313942205174746,0.10425345181003,1.4211818843412856,3.3206448620003357,,,,0.003736536553780297,0.002289200814683769,-0.014185299621378933,0.014846712468960205,17.93383677097154,deltaC0.2,EKF-G
24,171.90411517942562,92.88314251574536,144.65042914565086,2425.564693963438,0.13446522433783242,0.03308160783682854,0.13033228218347853,1.601404233681084,2.4726845670011244,,,,-0.01659996846391886,-0.006993375939432107,0.0054607219529405615,0.01882247975907148,38.49712050463131,deltaC0.2,EKF-G
25,145.59327116817065,78.21676625422974,122.79877070304758,1205.8766706715116,0.07559980942893979,0.02239547362815438,0.07220646748500202,0.8461193610633743,2.664906237998366,,,,-0.0023046603172918612,0.002185352338103618,0.00017975354248123132,0.003181121713450984,-4.0462489819474285,deltaC0.2,EKF-G
26,179.81746373509625,93.39105619776954,153.66336872002938,888.5915907983693,0.10939386523128884,0.030152366393147948,0.10515632435158022,1.4853888589827802,3.3791060440016736,,,,0.0011852917291296087,-0.006462438781658042,0.0007144777669724767,0.006608971929832878,-101.3810438492801,deltaC0.2,EKF-G
27,133.94139951817834,70.73262526099862,113.7417875214532,1588.6626435448165,0.13491582934679583,0.02672375887338803,0.13224266225394418,2.21119915955351,2.3998877279991575,,,,-0.0019701795908197988,1.6028942225019432e-06,0.004634561707141577,0.005035948014689568,-9.454318704760226,deltaC0.2,EKF-G
28,125.22412551408183,81.66583171461068,94.93036153479778,1210.4615150165396,0.07495306170794681,0.021731256307723656,0.07173363199143971,1.341374292719385,2.390142227999604,,,,-0.0008332428909130208,0.002259110918835834,0.0009483679743561013,0.0025879099044682123,-41.17566734889988,deltaC0.2,EKF-G
29,158.28099374945697,90.75407364758028,129.67872261356223,1140.098863809603,0.1283896641999282,0.03257393677026631,0.12418874553137664,1.2613862168045689,2.3969305969985726,,,,0.0005250844634520884,-0.005381868144165803,-0.014002194828335673,0.015010052579042343,-1.2715465780347586,deltaC0.2,EKF-G
30,108.71928772221062,65.99049609259936,86.40102978713533,850.1479553094701,0.1151400542795907,0.0301229377627822,0.11112983721776364,1.0304644575975979,2.38196330899882,,,,-0.002278388818857175,-0.0013708128599987644,0.008415123997846746,0.008825219283744036,-41.29164588409185,deltaC0.2,EKF-G
31,122.36392861279732,84.3837900386616,88.61324395522848,592.9090305100215,0.11132651225458831,0.028315085682161234,0.10766544595915102,1.3001483325190353,2.391574055000092,,,,0.008343065372266199,-0.004708556533886585,0.006707109036204778,0.01169455240965866,91.16025595803512,deltaC0.2,EKF-G
32,136.41836236439036,77.72247349442249,112.11238425834549,976.933178857638,0.07449408168091645,0.022462824608355827,0.07102668312752114,0.9766847863587244,2.4121151660001487,,,,-0.015246852650950323,0.004109647838738187,-9.935868177052276e-05,0.015791313854960885,28.277569371850404,deltaC0.2,EKF-G
33,141.50950879131426,71.4202234569958,122.16420408496033,1448.2724399519052,0.19925237337450372,0.037857207006475296,0.1956229541057018,2.0959446271769533,2.804988025000057,,,,-0.006217559937508651,0.0001564535220457304,-0.005776722001764767,0.008488406585852626,2.307533636740118,deltaC0.2,EKF-G
34,165.82698084719715,94.16740664110932,136.49574023897102,1177.7274329458119,0.057247166179319346,0.01872555194890084,0.05409798276989282,1.0579267309114968,2.4691176009982883,,,,0.0021370737154196378,-0.003282053645581539,-0.004368873984687799,0.005867369094551186,92.5482519713114,deltaC0.2,EKF-G
35,191.84702320564634,110.7020260117128,156.68548672346736,1169.429985980299,0.06390228229807647,0.020331714401735083,0.06058154069012554,1.3327827929442058,3.400306878000265,,,,-0.0032549496793328717,-0.01222119060182632,0.016546027013919606,0.020826022353932938,64.42033612256637,deltaC0.2,EKF-G
36,108.32945649604133,74.16965133074756,78.95653213131293,734.053423537675,0.10531027955257198,0.02558668335281615,0.10215467005694641,1.9658626366507685,2.4515754179992655,,,,-0.005633369164122858,0.00012804941169144638,0.0018549815721738694,0.0059323015284313925,178.797214750899,deltaC0.2,EKF-G
37,123.6671259641662,74.60752640408785,98.62694889380023,706.0125555968135,0.060938753734645405,0.01834066323522977,0.05811326680564129,1.0336119923323714,3.34904217300209,,,,-0.006395179967530135,0.00826291692332246,0.010584117947745164,0.01487271581220487,-207.46377185786696,deltaC0.2,EKF-G
38,209.20736730745432,109.45172659860819,178.29201350677388,1745.0929459069264,0.1622666353104832,0.03563165555084441,0.1583061782044255,1.9926575576958663,2.808283359001507,,,,-0.004343070196057227,0.0002784644406488267,0.001901077990525274,0.004749094513551613,-33.78986568788241,deltaC0.2,EKF-G
39,115.34180512517744,65.94669724749376,94.62962079434648,1156.6950393065226,0.09153155303494608,0.021017059900927688,0.08908596070150426,1.9161288522768585,2.435585600000195,,,,-0.0015365937494148353,0.0005276025275847439,-0.001610589251876543,0.002287680597486195,-42.17083407631435,deltaC0.2,EKF-G
40,176.8389888568319,100.54034660043033,145.47737516662872,1385.8332503864503,0.10377899414985471,0.02805127439808372,0.09991599287100633,1.4512060928577368,2.4077230930015503,,,,-0.020318422454469198,0.0390352879154215,-0.0600715560443498,0.0744659911588343,189.87839805099793,deltaC0.2,EKF-G
41,191.96963770863147,105.294826955651,160.51585970975808,1481.6864546119205,0.15429967935864417,0.03582365035809995,0.15008350050955305,1.8283330568978224,3.394297001999803,,,,-0.0016786803265905527,-0.0005847601606897438,0.0019391834807360453,0.00263065479612427,9.635478921081813,deltaC0.2,EKF-G
42,213.22459976108735,123.57154868169381,173.7665166241289,1224.049229197623,0.2533274579266281,0.05376448473397463,0.24755642007602577,3.074726850767288,2.441705273999105,,,,0.028135453578064604,0.032566498081548635,0.0026240418755794914,0.04311688927907177,-169.585275332327,deltaC0.2,EKF-G
43,157.08865435807203,77.92104846404241,136.4007167660573,1217.4299322754218,0.14163463413726365,0.033954822556980936,0.13750432579493807,1.4632865989180202,2.4814126119999855,,,,-0.003070199519868916,0.0017905732874482637,0.0006296506540867386,0.0036095342823858124,-52.53596673999709,deltaC0.2,EKF-G
44,129.3141869991824,74.21066475623851,105.900595823143,1069.3098213383546,0.13493760950409334,0.028136563597420103,0.1319715584798767,2.994308228483416,3.3674363419995643,,,,-0.0008934928873761592,0.005398362264828269,0.0008541604974055816,0.0055380714005366285,52.244298215977324,deltaC0.2,EKF-G
45,204.8384107055154,102.77772054313174,177.18779489659926,1133.155851573438,0.1806810998216458,0.04546460468445475,0.17486746282154889,1.7660683499129355,2.428072466998856,,,,-0.0014989485083634674,0.0012520374543610036,0.004560867969675447,0.00496144747575335,63.887278796042665,deltaC0.2,EKF-G
46,159.87062906462148,80.67771846788555,138.02073677652353,1547.0518215765594,0.18265706507156484,0.03878075502591027,0.17849273503472965,2.236398860823164,2.3810422139977163,,,,0.005661871829497051,0.006707986323747508,0.04025758319775907,0.041203481382739125,-9.452586613384483,deltaC0.2,EKF-G
47,187.0252027748122,99.84717530650092,158.1422399495862,1501.6976818223745,0.19447404688701322,0.044800169456174536,0.1892434932284602,2.096778367740219,2.4532621380021737,,,,0.0018609221453210743,-0.0013329561719641826,0.007237370688807754,0.007590740271840251,-9.746464408228348,deltaC0.2,EKF-G
48,175.2810200403827,101.39037090796268,142.98051851053975,1923.722761100282,0.13058558994731687,0.03385623285559281,0.12612038613450507,1.8001838592567345,2.586986768998031,,,,0.0037426524491125097,0.006990061215783451,0.009852503191895151,0.012646747498924457,-16.67418536508194,deltaC0.2,EKF-G
49,128.48115586079544,69.56108013839886,108.0215883113429,1174.5354931881695,0.07158740092026472,0.020475220742206993,0.06859680244790288,0.7783242896106108,2.551548374001868,,,,-0.003292375256361652,-0.007159683494640337,-0.0061750680361815635,0.010011606655457403,-89.39257284445193,deltaC0.2,EKF-G
50,186.28528107752442,92.51890391429257,161.68629615595185,2120.847756252815,0.11173464361261219,0.030557180182678324,0.10747506372419971,1.1479743972376866,2.452417283999239,,,,-0.01648058969894762,-0.017461660394802188,0.00976557770355943,0.025920762497517676,-19.924181750800926,deltaC0.2,EKF-G
51,153.39011389631705,89.9836899688946,124.22343812947285,1341.9040103336672,0.11318838217213642,0.02772049531179557,0.10974144157251776,1.771903720586538,2.4187158339991583,,,,0.0013198183555169446,0.0012249419616419607,0.02435448378189453,0.02442095992346563,82.19592119979643,deltaC0.2,EKF-G
52,147.16262591471755,94.95659126023801,112.42812923086105,901.5880245371201,0.123468566550221,0.029791104746197998,0.11982060342014395,1.4393647708807247,2.716118150001421,,,,0.0008749090310505966,-0.001075658648086811,-0.007664833468315507,0.0077892348428345234,108.49121151926374,deltaC0.2,EKF-G
53,159.99022429484805,84.88543823175083,135.61465350809038,1655.3247075685067,0.12443949281869884,0.026121277855395492,0.12166703011159688,1.9851565037684684,2.4483398599986685,,,,-0.004916412466682335,-0.0020845715942185857,-0.0033554848389968084,0.006306808129213219,64.90004424111976,deltaC0.2,EKF-G
54,212.7409761141288,104.6396173449653,185.22762590901922,2379.2397401850303,0.1320366152037646,0.03699313386805566,0.126748474551322,1.184557274850288,2.452391530998284,,,,-0.009139941414347472,-0.0034546520809417593,-0.003834031132463389,0.010496330062586531,30.764540876582032,deltaC0.2,EKF-G
55,130.74455420922,77.44790992321803,105.33736138660761,982.8521156022477,0.12065560495674552,0.024347305521664246,0.11817353223676175,1.9622571023318414,3.3693674109999847,,,,-0.0009202048949131755,0.003003013594981707,-0.0004028190091053263,0.003166564519216957,11.52921464224346,deltaC0.2,EKF-G
56,115.53559716772557,82.14381807885403,81.24572212942104,741.7222616004576,0.08127904702564957,0.02187161503150399,0.07828100626149002,1.1180051450389856,3.372615374999441,,,,-0.0010554825007152854,0.0017586415762730102,0.0010773822546105982,0.0023168116077191144,47.43806413031416,deltaC0.2,EKF-G
57,166.36794632467107,96.4628976963463,135.54778837116032,1324.9715662656415,0.1579588562371741,0.03654378008693852,0.15367352537348036,1.9026547966194578,2.4584418080012256,,,,-0.012844857225667118,-0.014137584886573016,0.023797426678325267,0.030515228658541914,-140.99990163329494,deltaC0.2,EKF-G
58,159.31948979580093,82.94515139809144,136.0250039086271,1774.6716989631711,0.11700354663819354,0.02978866809459157,0.11314797912055784,1.617951733900222,3.3521308890012733,,,,-0.002072378847718779,0.0013067534845032922,-0.005207136391308126,0.005754704871270039,14.011207564690267,deltaC0.2,EKF-G
59,127.74264436119248,69.67640492029184,107.06718351471487,1152.0833522429734,0.10359397360239002,0.02381937276364643,0.1008183953843699,1.726949096337228,2.4052926730000763,,,,0.0007047846228578746,-0.0011562822724609147,0.005906847820160516,0.006060079308784608,28.620182976177603,deltaC0.2,EKF-G
60,156.27685924094456,82.40890212801408,132.7826403724124,1380.377148144227,0.13846438299280878,0.030534882346274696,0.13505556751825668,1.7221307899667158,3.3906582900017384,,,,-0.002084173920739966,0.0009735975026728395,0.0031469029708761642,0.003898034291436213,122.88589441779914,deltaC0.2,EKF-G
61,123.05492557712311,67.00130941163144,103.2150146341032,986.5041671283763,0.17396223443339573,0.03453139834875954,0.1705005616915646,2.0477138311638896,2.6753531610011123,,,,-0.0020516796636680795,0.004370419273291518,0.006285203744249068,0.007925511981783236,-77.77213761927851,deltaC0.2,EKF-G
62,129.63147142297885,82.13339016591128,100.29169757831788,792.7864080760195,0.08158047913453698,0.024777469800155005,0.07772677509148974,1.0194997681740376,2.4440796060007415,,,,-0.0021663526847716095,0.00422479143218695,-0.0009456566892667995,0.004841096278143254,59.812135611704434,deltaC0.2,EKF-G
63,137.30204788765198,75.27291401040216,114.82961626046513,1218.5980643783098,0.1315247602618696,0.031063691864959192,0.12780379340872924,1.9296229942764598,3.317494873001124,,,,0.0004786251227745831,9.465000905729303e-05,-0.0014311543157686513,0.0015120328395602943,33.26287393376697,deltaC0.2,EKF-G
64,123.61293556375655,67.65776207566529,103.45329897882475,1103.0349986692534,0.10981388301319843,0.025791162983147098,0.10674223538231327,1.809043630488006,2.414035876001435,,,,-0.003612278618276683,0.0030758327343008837,0.003389196218450047,0.0058306050142855545,-21.337028827729227,deltaC0.2,EKF-G
65,195.45325084111997,109.78054317625866,161.7102520073708,2036.9647206146024,0.19648685433244215,0.03917826179788464,0.19254128837201318,2.043576939853535,2.4019436890012003,,,,0.0004145223310000379,-0.009233012679944344,-0.007625092372974679,0.011981752192701506,-21.832966709320317,deltaC0.2,EKF-G
66,189.4900146521788,101.49254619761652,160.01790124610312,1505.7899953349029,0.10293664870389033,0.025908323998438523,0.09962285076216229,2.2156497980890926,1.8386496059974888,,,,0.007369662374002134,-0.010152340275004144,0.00491922131143932,0.013475187378184126,168.33648741805519,deltaC0.2,EKF-G
67,156.9878681602364,81.37055095010062,134.2535816564044,1383.6585532894067,0.16193523758011408,0.03424269502244638,0.15827336796734856,2.0612418358758795,2.3679654210027365,,,,0.007477184905670481,0.007583463280272429,0.0033793591202120055,0.011173060346216108,12.0414678252273,deltaC0.2,EKF-G
68,139.66241031458284,77.48624864127187,116.19582663065785,1451.0664073144303,0.09767591082243471,0.02252831195981806,0.09504240482665267,1.457384121049869,2.404186846000812,,,,-0.004433524062940168,-0.0011049747629318714,0.0042048837063582145,0.006209521062641034,-107.25249170137249,deltaC0.2,EKF-G
69,269.6860557979367,133.16571694816955,234.5153737423793,2503.37610281101,0.19106192023934723,0.040841072246532856,0.18664582551801198,2.222755191482594,3.3716215649983496,,,,-0.011924042064732895,-0.012084442659909012,0.054826209744131604,0.05739451026422004,131.46480397744745,deltaC0.2,EKF-G
70,106.07212978023689,65.6081410136299,83.34787669071764,1049.8255872072218,0.09175354522563599,0.02218765930116773,0.08903044892736492,1.787580051507484,2.4099244349999935,,,,-0.0059256226066582915,0.003746406958994713,-0.009173834024734928,0.011545899665783002,81.91798558256414,deltaC0.2,EKF-G
71,137.396032398143,77.43504472172107,113.49662359601989,844.7787966135705,0.09686772094870535,0.024607949124450457,0.093689936501658,1.903973603754058,3.362764347999473,,,,-0.015863124746250585,-0.010675707932281835,0.014845031101072548,0.02420711496569354,4.188061594635656,deltaC0.2,EKF-G
72,127.33211652571887,91.15943954620117,88.90120629407535,1025.6426154034891,0.08693932472528998,0.024922429075017842,0.08329056796954935,1.1383518382315974,3.375051598999562,,,,-0.0018442061697664987,0.0068998545600497075,-0.004483254262534819,0.008432594981912756,-49.28497384376533,deltaC0.2,EKF-G
73,144.75306040313114,79.02627739892975,121.27776373490704,846.7668731814316,0.15377287395212305,0.027025595978858823,0.15137937087160527,2.6338722685705354,3.4012380659987684,,,,-0.0001576231868128707,-0.0059019043169970834,0.006098590792743858,0.008488234757200699,112.79034093200607,deltaC0.2,EKF-G
74,97.92931473258999,61.99304131159067,75.80905957030517,723.3046375892362,0.11167161921511753,0.020607888142874006,0.10975365818239045,2.000825060026532,2.463365959996736,,,,-0.0012684771606823937,0.002448069357995713,0.006973953578637226,0.007499207051796702,-57.65529818349023,deltaC0.2,EKF-G
75,147.67348855960978,87.37993661408713,119.04707430543313,1287.68396059982,0.07881746544174549,0.024615001074266635,0.07487519336051557,0.9654025208271233,2.674013780997484,,,,0.01873246919515149,-0.002995074688534784,0.008076287778554209,0.020618009089609632,-7.1802007137812325,deltaC0.2,EKF-G
76,140.2121944057111,86.14460903483283,110.62805157057012,1214.8692946000422,0.08676580188585717,0.02250630568611547,0.08379600575957628,1.359680563891199,2.41503757800092,,,,-0.0038814408350557757,-0.0029649387093788784,-0.00664297076026113,0.008245332317626506,79.55252040021878,deltaC0.2,EKF-G
77,179.34060643703683,86.68634398537505,156.9985059917876,1919.4387421965243,0.2716269439576505,0.05186780095003835,0.26662882047591896,2.482922634797757,3.4011749269993743,,,,0.0013855408518693476,-0.0010318110671457743,0.00538100806524916,0.00565151354318114,74.04985114792362,deltaC0.2,EKF-G
78,151.00192026890562,86.69383449016125,123.63558948089928,1136.4964073692308,0.07836647638266286,0.024242537359636378,0.07452250668758459,1.0455051536544702,2.443491936999635,,,,0.008701092468876868,-0.032614695249271006,0.013445860816573701,0.03633481153733205,145.09449768420018,deltaC0.2,EKF-G
79,238.05041418084937,115.3802942301493,208.2195653511891,1629.658448578523,0.11327358895345492,0.03074868935276874,0.10902029195284331,1.7856589185975016,1.7101660640000773,,,,-0.006335624868158925,-0.006820665312032861,0.009551857205386483,0.013337900653434775,6.550202047743369,deltaC0.2,EKF-G
80,200.79043183620234,124.0122141211617,157.91696636440227,1336.0523947508698,0.08239368935515241,0.027990157486453168,0.07749368444871431,1.4787252038446526,2.3898325560003286,,,,-0.0059764428490135125,-0.007964390915552963,-0.010813882873000558,0.014699981448091766,67.31076872723497,deltaC0.2,EKF-G
81,142.6198377937335,73.31716601993271,122.3315629717714,1772.5844093127707,0.1770457286677625,0.035618313568814765,0.17342585095081,3.405279329153884,3.4300859210015915,,,,0.01070808609854957,0.00804056418564666,0.005130696886066849,0.014340077784103905,131.7087326644396,deltaC0.2,EKF-G
82,101.96953790374103,68.97906695577358,75.09776948893614,829.36225031016,0.06684175231403952,0.018644864807411655,0.06418869735961895,1.230639886804961,2.397905208003067,,,,-0.009153409002993097,0.017721139025912915,-0.020642009729119642,0.028703941025735105,69.16917092851509,deltaC0.2,EKF-G
83,145.90083297162562,83.93117539434675,119.34241014298985,1051.2922409128369,0.11235387117255229,0.027246071234550577,0.10900020169586969,1.3007399715795065,2.396197045000008,,,,0.004398367731590825,0.0010683494369839062,-0.0020363500841049376,0.004963237943806183,-63.655022564977116,deltaC0.2,EKF-G
84,231.36534094187385,110.44540181802076,203.30207624715854,1932.7604975865202,0.11549536832714523,0.028198574826097073,0.11200009144103383,1.2632889042455235,1.8284848900002544,,,,-0.005309993077586971,0.0068173520452472,0.00025548580608086846,0.008645090421156191,-17.004427377127286,deltaC0.2,EKF-G
85,149.3664866353873,76.155055223119,128.49418233431047,1310.3335348594012,0.1646495831704579,0.032025740221613974,0.16150491386166313,2.3178222011673864,3.218933043001016,,,,-0.002600644124543403,0.0019607106875151816,0.007584834913543309,0.00825454159407801,20.62398587151256,deltaC0.2,EKF-G
86,190.7835523573338,93.80682313574526,166.1283954754952,2559.1645379347187,0.20153928517330513,0.04380761905713341,0.1967205530205522,2.019177492387557,2.4119044079998275,,,,-0.006402851756351304,0.0011685266809625132,-0.009959017124211489,0.011897226033755513,84.1392553704136,deltaC0.2,EKF-G
87,149.71882386190353,73.37214436598822,130.50768042428874,1504.1690951079554,0.16782849784893233,0.0311498612529693,0.16491237319907154,2.2094093576233504,3.1029799280004227,,,,0.027159716094860918,0.012003699896220908,0.011048385118380494,0.03168289449018243,-0.11028971109772101,deltaC0.2,EKF-G
88,184.84594685558395,100.40576830269522,155.1989231936963,2087.141881483473,0.10625123769637398,0.028965746136686055,0.10222676294765681,1.154040261243215,2.303498620996834,,,,-0.0023191757095393155,0.0011005835642934672,-0.00015003292507198562,0.0025714529029939003,-58.08452955659595,deltaC0.2,EKF-G
89,122.02365418318452,79.63902705452641,92.45213653575463,1227.495151152886,0.11991151893326708,0.025983436543158413,0.11706251918650534,1.568326261304101,3.085974058998545,,,,-0.0017091008321683588,0.0022400107117956218,0.002655555353458794,0.0038717758042998004,125.38977138800692,deltaC0.2,EKF-G
90,197.351572997147,98.71062601531291,170.89135635283978,1939.5141419958943,0.12970161153336418,0.026656068771057945,0.12693290366183363,2.1115722856433266,2.4455734100010886,,,,-0.0021655115915451663,-0.003882893894321192,0.0029739902259056372,0.005348917957069031,181.6402172068556,deltaC0.2,EKF-G
91,172.42554463924102,100.28473009616454,140.2624017820825,1725.1402163576965,0.09180011273173484,0.027128499596627532,0.0877000867000427,1.1507118014170519,2.1965270300024713,,,,-0.019731253804863198,0.0028106601315417688,0.04165464166209584,0.046177173571848,-48.44323677752254,deltaC0.2,EKF-G
92,95.67954486851951,55.918729069819435,77.63807729112804,917.4377727089961,0.09159252764549466,0.01933664694334931,0.08952812522039633,1.5874488873051793,2.9821688160009217,,,,-0.001568872150199498,0.00032178014286230865,0.00044519437799594996,0.001662257596827665,25.506157287461974,deltaC0.2,EKF-G
93,168.89608181019955,91.73800674598554,141.8098183099856,1092.9537859229888,0.09637127424313577,0.028789176592342126,0.09197067907969705,1.645008818476278,2.1874315770000976,,,,0.018962870660970795,0.006705425696579377,-0.0052859141095495665,0.020796492142921345,-41.33184210863692,deltaC0.2,EKF-G
94,160.38863908915081,103.07889558102241,122.87903334038137,1153.0315742280866,0.11996967693146125,0.02934714153603036,0.11632484114196497,2.106693471004185,2.1280603960003646,,,,-0.00043842998552509724,-0.012426667627888823,-0.002745482886952616,0.012733890429431896,113.84477065059036,deltaC0.2,EKF-G
95,156.7412550627689,78.75664725549068,135.51830707224093,1358.0560710842208,0.16268216549906098,0.036488704236460015,0.1585372556675812,1.8340435920187566,2.9292360809995444,,,,-0.012148927471599244,-0.0019410697467641348,-0.0018230179027958204,0.012437346370745483,-34.10135431693925,deltaC0.2,EKF-G
96,131.7924290383006,75.01333446858487,108.3616352945992,1270.8596849711687,0.12904180338423762,0.029544616279322658,0.1256141021922452,1.7929161140246417,2.143669516000955,,,,-0.000511140121001953,-0.0003550104528311115,-0.004865906492626526,0.0049055420332418135,93.34959317759785,deltaC0.2,EKF-G
97,180.24071415044824,93.78968034981908,153.91624637231234,1543.7180891060218,0.12893700232839606,0.03419832061940394,0.12431904695679284,1.499464691346064,1.620717830999638,,,,-0.009004093899963718,-0.01480638072322443,0.020773020021130073,0.02705218989063005,53.26064924471575,deltaC0.2,EKF-G
98,128.72965255062104,71.61616609785712,106.96937972732081,1292.8886964422927,0.0816787343394547,0.022651685999983844,0.07847494354667198,0.8785909197713115,3.1914741449982102,,,,-0.0037164760653680975,-0.001647610620409101,0.002843751972537306,0.004961223677909374,-9.621526269555034,deltaC0.2,EKF-G
99,156.46343645349174,105.65198404111204,115.40565503913771,968.990870175118,0.15464928576358278,0.037968031765410706,0.14991607702660528,2.643081345940925,2.3281662890003645,,,,-0.004417097026111283,0.0034122306279659523,-0.001668415797142081,0.005825605141842632,-84.56529268463055,deltaC0.2,EKF-G
100,156.16796980274012,82.57898874494195,132.54865299267396,1253.8682641552584,0.08524433271755577,0.026597306001008014,0.08098876202257999,1.2353300394860165,2.3638424999990093,,,,0.002643077719682668,0.008804446889497008,-0.00044931295954220296,0.009203587724244771,-55.54866957367631,deltaC0.2,EKF-G
101,164.562396553272,78.42102154864486,144.6752423140301,1711.956733983153,0.13881244853889707,0.035049217454572165,0.13431473569637126,2.2823985440042693,2.329585899002268,,,,0.0008032159808690856,0.0019293127585327896,0.0010206914400536504,0.0023257718391879465,-17.60767134490743,deltaC0.2,EKF-G
102,122.64458966758527,84.19511601722184,89.17890901764228,744.996030597441,0.1004952732904045,0.025853823898025274,0.09711271669335064,1.3429293573889602,2.440579809001065,,,,-0.003296873643784438,0.013529657198044795,0.001852498847615791,0.01404822948631263,37.383552158338716,deltaC0.2,EKF-G
103,148.13351863300574,92.94642456506757,115.34514078696714,1199.8436909462248,0.08755909693399772,0.02571128432125872,0.0836990162095625,1.0086952547299195,3.357226289001119,,,,0.009242733389216922,0.017827277725265066,0.019473291732418047,0.027972290619356476,29.85270434081758,deltaC0.2,EKF-G
104,141.34533920772452,83.39511754212141,114.12168630844208,1087.3615370405164,0.18468167836267682,0.030215866490738586,0.18219309464156175,3.7689310910709954,2.47064336800031,,,,-0.0030449759654496275,-0.0018033937569531884,0.011452607802551695,0.011986923423124534,-21.439775448932778,deltaC0.2,EKF-G
105,186.50140708293358,103.69038292831922,155.0196095082575,1087.647399237995,0.1401392608919946,0.03336630893419585,0.13610915425298306,1.759038929629495,2.2012872739978775,,,,0.0036715935618001436,0.0021105573924432453,-0.002063346086723039,0.004710886207864118,-4.720146293693688,deltaC0.2,EKF-G
106,226.08342485797797,85.43675028865026,209.31860093080076,2225.4028247704478,0.1132925510732741,0.029040735734354475,0.10950724997322236,1.3977126276495042,3.0601124560016615,,,,0.00288071763659902,-0.0011621260894579184,-0.007613190505269207,0.008222514263844885,-78.01809051888995,deltaC0.2,EKF-G
107,131.7678488718671,73.27051016814985,109.51802744762276,1010.2725116637766,0.1155896727473616,0.02794965992725995,0.11215965832594475,1.4118549104659646,2.539200533003168,,,,-0.0026163986171428956,0.003979737068849177,0.006544221486312868,0.0080938670438103,31.41856684187951,deltaC0.2,EKF-G
108,129.7587757745433,67.5779872745442,110.77253958644148,1121.2883043513225,0.06896601875287335,0.018952566666565702,0.06631072280838944,0.8669407155480165,3.4450188820010226,,,,-0.0035705279517886396,0.00954329157454263,-0.0058704789639351385,0.01175949009086896,-24.39423506669118,deltaC0.2,EKF-G
109,169.04639835886803,110.47394466585861,127.95386804653428,853.7407259378466,0.09180469677306856,0.0237160187598518,0.08868851562506515,1.9568384733652284,2.3919943219989364,,,,-0.012709184080842505,0.0008042414416158974,0.002970352962823025,0.013076435333106056,158.21182315993065,deltaC0.2,EKF-G
110,153.0138973976078,81.25812594014036,129.65481003611833,1260.082475344758,0.135101339118613,0.033735812758659646,0.1308215072881945,1.2503061990382962,2.436584880000737,,,,-0.005973295287878758,-0.0037368072336901284,0.007993278229516426,0.010655349912246651,-10.58577606221661,deltaC0.2,EKF-G
111,118.38871600104859,76.8886516746297,90.02234900309143,604.3214578270675,0.12084141197307247,0.026482858565777662,0.1179037957397082,1.5730910628610744,3.354610442002013,,,,0.000721539468928072,0.007520223608397117,-0.006693842269858308,0.010093656753588176,-3.3255787049565697,deltaC0.2,EKF-G
112,132.69104173822254,76.05439443900097,108.73197158192052,1062.6213080754806,0.14949429325814395,0.03142908644362807,0.14615319442992308,1.9611331290358087,2.4073451479998766,,,,0.001675965075407496,-0.005938672153545916,0.0058628742438551484,0.008511755417100954,143.78666802578664,deltaC0.2,EKF-G
113,198.45821756654,107.6517009603175,166.72364979221905,1302.7045013355705,0.1018365097886163,0.02542409358303446,0.09861181567848781,1.9208092140849806,3.4381198590017448,,,,-0.006388380696816183,0.013038390731263972,0.002651672933097121,0.014759485429129422,-7.905925154642318,deltaC0.2,EKF-G
114,114.65795343890139,68.42443572462672,92.00295040140672,1100.6468026569491,0.1310843650775155,0.02884916904204431,0.12787038833662356,2.054679754657025,1.9697549529992102,,,,0.0009207073866435475,-0.0025744553530266676,-0.011410976828565206,0.01173396414851348,8.757091564140865,deltaC0.2,EKF-G
115,157.04405578871842,93.22957792720644,126.37674334340572,938.1329571313116,0.10695372303527326,0.023753482220461065,0.1042826493406654,1.5903565767184398,3.2603154339994944,,,,-0.002004466884363424,-0.0023339297736936844,0.0066121320702795805,0.007292832521994674,-19.175541943055578,deltaC0.2,EKF-G
116,140.20343329821196,86.14603777340359,110.61583469173611,1094.3085874379044,0.12851742448126077,0.03391630310309457,0.1239613358233751,1.2349107625896487,2.4402737370000978,,,,0.027859776156470974,-0.024541357345552857,0.01843438690455887,0.041452044200470516,42.79948631640582,deltaC0.2,EKF-G
117,219.792726141476,98.93459166704048,196.26713692408578,1849.726597462247,0.17033141376914912,0.034380274750345836,0.166825619209664,1.948042602339869,2.448650656002428,,,,-0.002619438501727879,-0.0021882953796714144,-0.002113475921221797,0.004014582818003631,-15.531519619267783,deltaC0.2,EKF-G
118,123.51502850818244,67.43051642146932,103.48472216956026,1335.183956822543,0.08263544383619369,0.02198470027272441,0.07965732566389104,0.8403309857969737,2.6123336349992314,,,,-0.0010340166020524708,0.002975292914886531,-0.0015130783475443554,0.0034944190287516585,-101.86548716492689,deltaC0.2,EKF-G
119,139.53095153471543,82.17214108089671,112.76801703658847,987.2415881559116,0.10622392578902666,0.02558621310370076,0.10309640201793976,1.9186668107398934,2.448809736997646,,,,-0.008268688677181713,-0.010823573392945346,-0.007447194720222983,0.015523584078219327,-61.998388035550306,deltaC0.2,EKF-G
120,179.13458107496777,101.68666948888533,147.47548740439,945.9757633876222,0.18779459244107954,0.036531438536126004,0.18420711970114623,2.2428201481960497,2.4521766760008177,,,,0.003062256674640868,0.009784415364503717,0.018515482995060728,0.021164482287712637,-104.5160254254879,deltaC0.2,EKF-G
121,162.07168428280656,89.83287343667067,134.89731537868656,1551.9713446870412,0.23869767951072665,0.04539538505421403,0.2343412921778516,2.636223509234229,3.362325931000669,,,,-0.013963857032679723,-0.007582978658721437,-0.023317271390437905,0.028216768306506643,-28.53434389051108,deltaC0.2,EKF-G
122,133.41687353890717,80.00965832832192,106.76383619504283,922.3950562511291,0.24674903525299058,0.04716512170938586,0.24219937591253288,2.325436317658885,2.440308941000694,,,,0.018387606416003528,-0.024669532187722838,0.008076382673054466,0.03181065615721502,55.784213509403344,deltaC0.2,EKF-G
123,162.07484974846994,86.98061752916298,136.7575558981462,1223.6763329204891,0.18049953600594673,0.03462588691340796,0.17714719996043388,2.9943877158135654,3.363145799998165,,,,-0.0011191806076519283,-0.008369621197064898,0.0055720426780648535,0.010116856419910206,32.09526109892613,deltaC0.2,EKF-G
124,129.67543980925336,77.7085277079497,103.81283355725392,857.1614860062252,0.07085708047821038,0.0222569158334134,0.06727076297679353,1.0741714924457324,3.415355997000006,,,,0.010009290381342907,-0.002190084642003354,0.02318106134573092,0.02534450571212078,-10.450132230049348,deltaC0.2,EKF-G
125,222.05853721065523,119.52547488725034,187.14607877568056,1771.1453353372178,0.12312660856081631,0.033225398210052014,0.11855899227587907,1.6148276550085663,1.9065032760008762,,,,-0.021932381884808394,-0.00010546077210643545,-0.0016993766020792223,0.021998372165940347,74.75444170938863,deltaC0.2,EKF-G
126,106.65999655028429,65.58390791107998,84.11364863812317,1051.455694319453,0.12280920925755597,0.025386208884072708,0.1201567404557913,2.418866796662531,2.411127765997662,,,,-0.0028976923155642526,-0.0018401774181202558,-0.00831424535474487,0.008994973568873701,-149.30705474377464,deltaC0.2,EKF-G
127,200.4425206690726,116.42647335345937,163.16274205420734,1033.5073130022251,0.053295648166485576,0.020122522831189354,0.04935088842558035,0.6511425251479983,3.3288018349994672,,,,-0.00011578093749953569,0.0014809432739007137,0.0009308153598622804,0.001753001836894526,72.48007221588341,deltaC0.2,EKF-G
128,199.55341057981462,95.76776486973301,175.0716964157588,1893.8150773826167,0.2198730391379569,0.042473145468821985,0.21573174373222365,2.4161488608098383,2.4311238119989866,,,,-0.0004832217580817612,-0.004469396242152265,0.018162348636592274,0.018710422604366093,-52.501961646572454,deltaC0.2,EKF-G
129,253.98792257311064,140.5215800276982,211.5739831820625,1310.6605015266803,0.07889542737843465,0.02408420876586907,0.07512948388847013,1.316712216570824,2.3879810469989025,,,,0.0018463285241189442,0.0037047742144281546,-0.007906066699143927,0.008924134224123904,-60.45052167330141,deltaC0.2,EKF-G
130,215.24533548633164,111.16081922506622,184.31990320590887,1869.2994008632159,0.12276555111524566,0.030261207599968885,0.11897747625169053,1.870635691395905,2.440980129998934,,,,-0.003187531000989204,0.011420560111513387,-0.00090778214231102,0.011891745690219611,-127.38239253690699,deltaC0.2,EKF-G
131,171.72513696391408,94.57313485837496,143.33682300209765,1103.395160471129,0.07675841888898959,0.024504028474080453,0.07274206113988692,1.0422920235404798,2.8464571479998995,,,,0.0036293957351303347,-0.0020671940308098274,-0.006566924810838981,0.007782692723884879,83.7646177767383,deltaC0.2,EKF-G
132,256.4172933035564,124.81697754643976,223.9878354315109,1905.1368867816172,0.15313232567386162,0.03688635140572119,0.14862337045787674,1.307861110619757,3.4233677699994587,,,,-0.008734145245886282,0.007108191776170316,-0.0006502207214405809,0.01127982581823159,-7.9646917532299994,deltaC0.2,EKF-G
133,136.60324814157602,84.78059670221968,107.11068025946135,1103.460762696226,0.08499094171135273,0.02197085025895523,0.08210202136294284,1.3436564166261404,2.456948270999419,,,,-0.0006653378038136183,-0.006964071444992934,0.003805954711396914,0.007964060318038398,-125.5407367151929,deltaC0.2,EKF-G
134,166.290793403902,77.98379124928009,146.87122343498035,1992.8180657372748,0.27889725747521743,0.04883629354082179,0.27458823110321456,2.9351756626897894,3.3563450780020503,,,,0.005023217805309886,0.005354076881737108,0.0009585900604823228,0.007403901085184048,-56.48120062996168,deltaC0.2,EKF-G
135,142.93289787211253,80.15539687312969,118.34240848584597,1213.8957610330785,0.10849588051974443,0.02574430990148484,0.1053972798389549,1.5427969088055138,1.75475395200192,,,,-0.010908596411951186,-0.007344811719627726,9.671367167862766e-05,0.013151163005981814,-41.30248742371623,deltaC0.2,EKF-G
136,161.43932357979742,107.45853974108236,120.47953118524642,837.9137766316417,0.12960981673121644,0.0325499559002368,0.12545598815517797,2.2686763260529386,2.3162580739990517,,,,-0.002156553504346729,0.0028987625172099225,0.005127519745205339,0.006272559755455661,-189.71965918874048,deltaC0.2,EKF-G
137,167.80008252598267,84.13892812215771,145.1809507827421,1652.7799203068787,0.11556929104827206,0.03136975711851987,0.11123038870616829,1.3610105006117632,3.293599530999927,,,,0.003672745134050948,-0.014909844244137514,-0.0059171897102759385,0.016456173500286476,90.74727009836351,deltaC0.2,EKF-G
138,198.9031347603686,90.48010987177624,177.13217306602616,1571.2825293131016,0.22363870028394048,0.048950995065514376,0.2182156464298244,1.9472695170252632,2.3313388170026883,,,,-0.008602549424397669,-0.0024880441933008207,-0.03425506632886757,0.03540626766127912,-88.43613897578325,deltaC0.2,EKF-G
139,139.8663070880052,81.37698882754808,113.75574511995991,1239.8126296682508,0.08601037178910102,0.022911821490340357,0.0829025481592343,1.5481931970676082,3.3644626019995485,,,,-0.0021938940114924824,-0.0009355429205971556,-0.008394967814505744,0.008727192910468369,82.31177315827517,deltaC0.2,EKF-G
140,134.11641302656668,80.32936089448671,107.39835204227269,1011.9742515339849,0.07738300829833075,0.023903539886847614,0.07359857847932534,0.9959531029835313,3.3132646180019947,,,,-0.0015615776740678464,0.001992943457983836,0.003412176517198995,0.004248917161276738,39.33623668348446,deltaC0.2,EKF-G
141,143.43083818335023,89.73669379448239,111.8916043714349,765.7301852238855,0.106363628019441,0.02767756476331184,0.10269943414756819,1.6629313917002246,2.377322832999198,,,,0.0025769963621922153,0.003025406277747969,0.0065574077668826,0.0076676978303374076,-32.4133999039841,deltaC0.2,EKF-G
142,132.26589478049152,74.3866307478314,109.36588173680968,938.1112586848209,0.12446303239725476,0.023682353637948694,0.12218916711266682,2.9755938501270767,2.392239355001948,,,,0.004391778366500587,0.002357408546608913,0.0016322145843645774,0.005244922947527422,46.14394208176236,deltaC0.2,EKF-G
143,169.35295185383475,83.62287018662502,147.26723289095284,1376.299754638372,0.1281785502958335,0.030336511377825722,0.12453688944792449,1.4283625808765066,1.902225335001276,,,,-0.0018098306189336137,0.0011330269117641517,-0.0004436045822562851,0.0021808305476148787,-0.04730965383350849,deltaC0.2,EKF-G
144,132.7556398215684,82.64323907854697,103.8949225854667,732.315043096833,0.09828037036067189,0.026573659181923958,0.0946196165491796,1.3343593996534813,2.3914637730013055,,,,-0.007366513378646941,0.0030483007882177817,9.810931223014352e-06,0.007972311666487016,-57.48519656987628,deltaC0.2,EKF-G
145,103.24447793397434,71.04638651245163,74.91216982161339,907.8107926959639,0.07446969204911598,0.02258884583187108,0.07096110961557835,0.9728357501016109,3.4520952880011464,,,,-0.003069632145433289,-0.015913518267911146,-0.009901801154134748,0.018992324009121247,34.21219300641678,deltaC0.2,EKF-G
146,109.73070453981373,60.62826258900804,91.46059968227952,1176.8083736706387,0.1512961999018739,0.027636682811015414,0.14875064325222634,2.4766670966733924,2.427068346001761,,,,-0.004997714933182914,-0.009684295509045808,0.006476325897701474,0.012676968533254436,-52.46329973950196,deltaC0.2,EKF-G
147,207.95119082402124,106.88833325031639,178.37763867732357,1503.5882191879878,0.09961336266339979,0.027940638380538108,0.09561455301363914,1.7378888881162662,2.643274187001225,,,,0.017836889142836303,-0.006523630453339543,-0.00781761388896493,0.020538438487443685,23.976449789843173,deltaC0.2,EKF-G
148,126.01865260496665,72.46088751051832,103.10247613689633,917.6945272237459,0.10356525198397414,0.025548524891436754,0.10036450714458621,1.7319991777772894,2.413633441999991,,,,-0.0059681065901425814,0.008267187812594364,-0.015122506696557236,0.01823882944126159,-23.993190090513963,deltaC0.2,EKF-G
149,201.24036929749823,86.64193626236371,181.63386555293584,2197.4071755472623,0.2044525886192824,0.03339292435202713,0.20170714810423876,2.9056077194545957,3.4262461319995055,,,,-0.0032257708331269925,5.364216787444942e-05,-0.001297596772413867,0.003477388723425376,5.26690358138876,deltaC0.2,EKF-G
150,143.61048396350142,70.5039631282691,125.11259843612383,1436.0402772723087,0.09361938866043314,0.022630536091209578,0.0908429896545556,1.5977916376432575,2.756503790998977,,,,-0.0012150527155972623,-0.0004273895242739474,0.001017200274352592,0.0016412529680955284,-66.59875184216799,deltaC0.2,EKF-G
151,156.72900959071023,77.33557386709505,136.32017995121643,1478.2208407449632,0.09629423094529274,0.025152505685943873,0.09295122576418204,0.8625526839019835,2.43542360200081,,,,-0.0014146200457652877,0.004183350247888306,-0.014527667040956593,0.015184027095052375,117.4697832167949,deltaC0.2,EKF-G
152,206.29318920886783,101.27855522462502,179.72071156541284,1319.8462597659434,0.09310060075030346,0.023211637354591454,0.09016064413804031,1.2510468200154188,2.4947661380028876,,,,-0.0010749380536285683,0.0027659077580227576,-0.0022436661460192853,0.0037201848502221345,-60.55926118038769,deltaC0.2,EKF-G
153,169.04966133188304,80.01718598561284,148.9128535196616,1510.4143844150701,0.1892356378643432,0.04016165297902353,0.1849247638038706,2.284525794400441,2.4256392600000254,,,,0.00543605901262705,0.024429743883256562,0.013171630458132744,0.028281707386858475,18.365285315529036,deltaC0.2,EKF-G
154,163.04317749449152,85.95223925801865,138.5470688756445,1686.2892084502078,0.12782707330452117,0.02995837163880551,0.124266876674159,1.576539588750802,2.4725736580003286,,,,-0.0007440537164058094,0.004469080542649514,-0.002736710639953205,0.0052930031132069864,70.71375367841392,deltaC0.2,EKF-G
155,136.20594969204416,78.25485070628412,111.48201232687204,868.6069307904648,0.09155927916727838,0.02284309411942504,0.08866394223517644,1.1103581833591736,2.4730555930000264,,,,-0.0012394127803643925,-0.0017315717465002476,-0.002737666232030145,0.003468328293487605,45.57631028036121,deltaC0.2,EKF-G
156,239.9778844149299,116.9531652390424,209.55033321098466,2099.533252133456,0.11649070982302509,0.0318589497331686,0.11204951047180735,1.6595512103067473,2.4177641450005467,,,,0.0017722355182774084,0.012479423635414107,-0.0038928342326251253,0.013192080630706982,52.9852063921644,deltaC0.2,EKF-G
157,140.74600020058563,84.47854202778062,112.57358708562039,1719.4837409745708,0.13382638928876583,0.028186850624106655,0.1308243246570094,2.1817942385529134,3.4179633830026432,,,,0.005956607279171118,-0.004748540914231034,0.008553072487457819,0.011453595944859776,88.25855666489952,deltaC0.2,EKF-G
158,165.28103964507216,93.02481070602487,136.61700721090386,1115.9912763577126,0.1011254179315879,0.02719831964119359,0.09739918665232163,1.621658858629169,3.3983927720000793,,,,0.003545564698476646,-0.0017322216246199288,0.001970298567776252,0.004410634561382958,74.41423574787768,deltaC0.2,EKF-G
159,157.45976110708332,81.2631063531265,134.8698777108521,1146.152552881203,0.08273846183123601,0.021134929078577613,0.07999354873389723,1.2407644927965793,2.440940062999289,,,,-0.004064349582408908,0.004026172012702246,-0.00861867622653309,0.010344591751330788,-153.79046243587072,deltaC0.2,EKF-G
160,150.48953669828362,85.18834862167702,124.05662382466994,1049.5893229123983,0.10992524781842823,0.029533835918275964,0.10588348617180686,1.2007074925947248,2.439351319997513,,,,-0.016664796567583875,-0.000511923447426903,0.019633311840695195,0.0257574153223681,-14.066705280842143,deltaC0.2,EKF-G
161,134.0553064054435,85.99116931112016,102.84135343315748,782.8764082020052,0.06696718837126704,0.02067938976151884,0.06369432594387003,0.9445220050127667,2.712837920000311,,,,-0.007583175092578949,-0.006068996863540947,-0.001946638213319335,0.009905890558043466,8.265846376714762,deltaC0.2,EKF-G
162,217.12610399658217,81.94944612127247,201.0672358121812,1797.9717591131823,0.19539756519602788,0.037704400492519816,0.19172528958912968,2.21515702806291,2.444583613996656,,,,-0.001727714005239502,0.0071477853935316095,-0.002907420081410955,0.007907523205509815,-95.13870368541393,deltaC0.2,EKF-G
163,112.69058173990118,73.90753920223048,85.06963536978465,878.8494781824757,0.13675141170177624,0.026277573177447736,0.13420297221124644,2.3105929904015547,3.415533613999287,,,,0.0018640490535250125,-0.005926053625981555,-0.000772662627601145,0.006260175555689165,63.273783773052855,deltaC0.2,EKF-G
164,210.05763288367757,93.23356678464056,188.23312980797996,1560.6450342884368,0.15311090965933616,0.03671872913464747,0.14864281209478578,1.9657549267365793,2.617143268998916,,,,-0.004566912918765843,0.00932421508401059,0.010639941457426194,0.014866271716807064,57.85402142496605,deltaC0.2,EKF-G
165,100.87627793051253,66.90244420754442,75.49891660262692,1094.7446984512785,0.09413084892994845,0.02271894441873786,0.09134805025161225,1.2210650331535406,3.421693446001882,,,,-0.0019837088394269865,0.0024296624245786587,0.007774707627863142,0.008383581511250638,-19.579476673876343,deltaC0.2,EKF-G
166,141.05962524189107,65.02289642331279,125.17923475603249,1215.2642271486045,0.12082040196328889,0.0277950213204267,0.11757978703998288,1.2274214365166358,2.403230503998202,,,,-0.006056571375675128,-0.012783528776681203,-0.0082476902481598,0.016374524702795927,48.59383780722419,deltaC0.2,EKF-G
167,148.25663946555835,74.58798094091735,128.12753117413095,1538.687845070088,0.1503378794714298,0.030801388438020848,0.1471487426866309,1.5994916924339109,2.4383035440005187,,,,0.00957499041957182,0.01360896182889945,-0.0012597232686251958,0.016687455956761358,44.62022335015354,deltaC0.2,EKF-G
168,171.64840233350017,101.46443186008773,138.44906316386815,1156.1298963736801,0.17959047006404277,0.04083659627932733,0.17488598955360338,2.255170923124913,2.4269187189966033,,,,0.03373760016892185,-0.014257912050884534,0.014399372658401799,0.039355503480000394,49.568526516333804,deltaC0.2,EKF-G
169,195.825696712504,115.85946334555531,157.8742798755311,1246.7416256985932,0.09309006114778763,0.031673448000838766,0.08753600502785698,1.132381782051453,2.4431039199989755,,,,-0.048808285383543974,0.025192984901842262,0.02510711117430084,0.060392898935757555,-69.64174066785927,deltaC0.2,EKF-G
170,188.5977121422507,96.87373147760331,161.81649228337778,1863.743009596825,0.12181141047140794,0.026518087883796733,0.1188899101522962,2.503215307149797,2.435903560999577,,,,-0.004600282363417571,0.0014356815964869578,0.009342257574717211,0.010511972034876386,14.525110171816777,deltaC0.2,EKF-G
171,168.0041655275912,96.97289255448898,137.19204694237123,1036.120192350032,0.20660241699985868,0.042180311147717,0.20225078507057834,2.1656407274957976,2.376443081000616,,,,0.029130450067753524,0.002741160512780641,0.014174473208198951,0.03251173284887563,-25.266205311461817,deltaC0.2,EKF-G
172,153.98862246646536,92.50936082191221,123.10367179512096,906.6384697829418,0.11550146040832297,0.02869920743323473,0.11187914394184274,1.1311939927922432,2.4545642230004887,,,,0.020586753182716477,-0.006001491064669356,0.019641396357614943,0.02907949023766274,-68.69082378753956,deltaC0.2,EKF-G
173,159.51965051753075,88.86675819134445,132.4734622095922,1221.5191970086823,0.18005209725088453,0.03781876205535161,0.17603550483082292,2.919754887421623,2.859754556997359,,,,0.0009930893916498345,0.001930072609090569,-0.0025414595710076537,0.003342218360196641,-102.08525192409434,deltaC0.2,EKF-G
174,162.13961584468558,86.92942829866374,136.86683134320637,1374.1986797369598,0.1433164794919692,0.02914463728836102,0.1403217852341607,1.796306889412432,3.4561943680018885,,,,-0.0036832811348726877,0.0006989611910370936,0.0020062419753735516,0.004252071674941028,-30.128534686140483,deltaC0.2,EKF-G
175,135.70508660000883,89.84375151947971,101.70531373542825,981.0913711953375,0.12469930333867758,0.02653789063548097,0.12184275363668855,1.888155162488152,2.5400007819989696,,,,-0.009057577608909455,0.003629512714949877,0.004918062407331614,0.010927049580367483,49.026789082701725,deltaC0.2,EKF-G
176,218.8433796891341,92.20002587942204,198.47312176109997,2027.230389265045,0.1477888879143286,0.03782165555522017,0.1428673432314616,1.5505586077107127,3.395495786000538,,,,-0.038351342812103034,-0.07068666303168414,-0.08985514378132348,0.12058763075045725,151.11002843762253,deltaC0.2,EKF-G
177,179.29121071504912,87.05526045156071,156.73774231938867,1601.2042652422363,0.16220325194882299,0.03574087503268157,0.15821657560025626,2.1494196411441333,2.72634084099991,,,,-0.011710795790312489,0.0033003774227025016,0.0030806052468499434,0.012550910638738708,-94.19304287432169,deltaC0.2,EKF-G
178,213.08577199329696,112.86061561489227,180.74298788336677,1753.885866287941,0.11368612081914968,0.028752074848884878,0.1099902371067106,1.3052422897992686,2.131912133998412,,,,-0.014230267389782454,-0.005956351051060374,0.0024111257767166494,0.015613844988961605,36.979253984289244,deltaC0.2,EKF-G
179,189.08237729142905,77.70552268402619,172.37748445368558,2151.0117369030527,0.15977090961890247,0.0326486037170274,0.1563995276072789,1.939515356934515,2.433249831003195,,,,-0.0019890022116148195,0.013983991054780936,0.014795657510941251,0.020455307790377394,9.550028623998514,deltaC0.2,EKF-G
180,183.71639182832433,104.3374605673102,151.21311764785284,1227.7778800867918,0.19837075554197237,0.040307694311899,0.19423245463503636,2.768157329150236,3.0328480520001904,,,,-0.010199397481492938,0.003206591931653291,0.004205122222302932,0.011488820379226687,-131.3145964635769,deltaC0.2,EKF-G
181,134.20109946614159,86.90815249872485,102.2590246735202,1361.6842465874229,0.14093889260151998,0.03349027903974924,0.13690205497939947,2.1266828275203116,3.4104298800011748,,,,-0.0007959456965031817,-0.0014854970229454328,0.001558275803846959,0.0022953114032341153,-60.734587888102396,deltaC0.2,EKF-G
182,116.41885659579542,82.77495905598104,81.8636447047958,618.2260978149246,0.06626754920809869,0.021223870369887498,0.06277686998067038,0.7367522134950969,2.4304208959983953,,,,-0.0023328036225790287,0.0034131590003831725,0.008260763446935077,0.00923752346842124,-57.156639846536564,deltaC0.2,EKF-G
183,163.43304704866074,98.04030820677183,130.7610753792234,1359.5982623489324,0.15566132649774392,0.03617595261066264,0.15139930323402523,1.9376523760891384,3.1714442750017042,,,,-0.003524312990747152,0.005532403624461403,-0.007364899578598566,0.009862556348307681,86.18333989164967,deltaC0.2,EKF-G
184,130.9993075137396,71.33947509530512,109.87036844484345,1277.814095037573,0.09102723851211851,0.025179246357755525,0.08747550345095231,1.0550025929550626,2.454355049001606,,,,0.006138995870742319,-0.0028292831762859348,0.007124011146176584,0.009820572712599509,-0.7427363985189004,deltaC0.2,EKF-G
185,231.6774694565156,99.82548059792984,209.06774805590425,2690.444869303086,0.2449325580306864,0.051112363029730504,0.2395401518096133,2.011795562132444,2.4316429259997676,,,,-0.002779156304142594,-0.0029894762492819796,0.0029819295335598295,0.005054956157178113,-40.98086577468348,deltaC0.2,EKF-G
186,167.94653131849608,93.02703125726454,139.8284979443551,1532.4596710696721,0.11459791550579876,0.027966804383883832,0.11113298381141291,1.3959365228114158,3.4463238089992956,,,,-0.012458645696081337,-0.016286150016816135,-0.00165493987507076,0.020571712639953568,-24.42807606072165,deltaC0.2,EKF-G
187,163.32436205012678,93.43095655289305,133.96082859064546,1025.6358137391803,0.08361931930521958,0.02375418997276101,0.08017436635113649,1.2292563373127676,2.4612369639980898,,,,-0.011363448294187624,-0.009577607497509195,0.025952952765461834,0.029906759766937525,-169.6610420194702,deltaC0.2,EKF-G
188,220.4166927797345,128.24794512697477,179.26511938094464,880.0108284717371,0.14389510774945144,0.038397406824903925,0.13867747179462517,2.239857887557223,2.779354759000853,,,,0.09110788890829302,-0.0026420868332574982,0.06279204151299861,0.11068183465018311,54.34319832009351,deltaC0.2,EKF-G
189,139.55776140780432,78.4881402480239,115.3948898763033,1187.985881849112,0.10929797086808903,0.02536007022930447,0.10631516013178169,2.1766570096972973,1.9210054760005733,,,,-0.0032933248353771913,0.0035164715345841952,0.002182459184114499,0.0052891103803171715,-6.796054342426942,deltaC0.2,EKF-G
190,105.0064181609821,67.27403025620939,80.62600516015696,628.0896635293941,0.09112982175210634,0.02199965114155047,0.08843449418762314,1.525622312884787,2.401247091998812,,,,-0.001770517714089318,0.004977680580209987,0.001622905882755793,0.005526830958043412,95.17484762284585,deltaC0.2,EKF-G
191,167.21067404184342,99.6092300846019,134.30342808536366,867.8215380217293,0.09662749888721868,0.02658027091082886,0.09289974563746875,1.0889876854003742,3.2269131190005282,,,,6.304431524678831e-05,0.006784736939912365,0.0015190952665223023,0.006953005131471342,-47.81176215445157,deltaC0.2,EKF-G
192,205.16607984879943,115.64788456600978,169.4658877648561,802.5085930628514,0.07370845183341962,0.02348160040668134,0.0698680922454627,1.245766110899276,2.4199277949992393,,,,-0.001985459907587058,-0.0036246379750016116,0.008290618863516008,0.009263606891192374,-18.734122923589894,deltaC0.2,EKF-G
193,128.22067945696568,77.8469415334244,101.88423005695012,769.0716043191557,0.10443442380850254,0.02649421916152506,0.1010178460829323,1.5172712238977581,3.1169398599995475,,,,-0.0007614654620229102,0.0015668316267041756,0.00395885860133674,0.00432519969731712,-34.98304022955563,deltaC0.2,EKF-G
194,133.97012904976202,84.22689091878621,104.18169860280058,688.7441822312974,0.15565300959905087,0.03226782665125537,0.15227162165172722,2.0244525480803213,2.428512522998062,,,,-0.0020017613869442214,0.000547774951878199,-0.003746104127096056,0.004282569576692493,7.3865702082403,deltaC0.2,EKF-G
195,153.79376905578133,82.47692755535716,129.80785731769618,1839.3119894852484,0.12357691343821836,0.030200635835235114,0.11982977564054947,1.4970821432958594,2.4189359250012785,,,,-0.014723630773197138,-0.0010977215854399809,0.010625566262786906,0.01819046327693316,-265.134653825422,deltaC0.2,EKF-G
196,116.52412987647187,75.55412907186964,88.70990037002717,989.7285532073121,0.13653595677250546,0.027420468238582983,0.13375419774108152,2.0488693523136043,2.9910630509984912,,,,-0.00042226728263013396,0.00445817091766146,-0.000451008679025644,0.004500778423519505,-96.88002271109144,deltaC0.2,EKF-G
197,149.02590297263717,94.54640580775592,115.19417044991906,1582.4596407080119,0.15833047546384704,0.03896690515045273,0.153460482742638,1.6588953945696396,2.2284697240029345,,,,0.00690328430965731,-0.001332249278409738,-0.02342451417380445,0.024456861750407587,24.23789087813202,deltaC0.2,EKF-G
198,236.43851481542313,114.98669636897183,206.59436329743593,2180.197694340766,0.08565853925378178,0.021313620708646452,0.08296454013239409,1.5604990358321564,2.352843271000893,,,,-0.003436177289960906,-0.009476111899116969,0.004709203185713412,0.011125673271176115,-2.1307835012848955,deltaC0.2,EKF-G
199,180.55532136042646,88.19389211107365,157.5501871337104,1907.2746173371156,0.10316610485666572,0.029881191666958764,0.09874390905700979,1.171002136792731,2.7690309770005115,,,,0.0031880173911870155,-0.0024368001139722737,-0.0012173953650028435,0.004193268552894812,21.952230969975062,deltaC0.2,EKF-G
200,144.459279982588,80.89716917583871,119.68346415617938,1172.0161541769291,0.09907989359687201,0.025877941703438437,0.0956407729389559,1.1092817039944716,1.6034067760010657,,,,-0.0065366140574895796,0.006839472173227188,0.007427229599398233,0.01202786109277525,17.505416707746917,deltaC0.2,EKF-G
1,2585.467983027022,1826.9298618026742,1829.473140363498,4885.797165025515,0.35634079950781006,0.21941398078357358,0.2807779735495128,2.6205539655485204,1.9032926410000073,,,,,,,,,deltaI0.2,EKF-B
2,2578.7663927511776,1827.7447353590119,1819.1715946414552,4886.793048747035,0.2993587480468276,0.20783411477797084,0.2154544981350384,1.5842724172127725,1.4108414949987491,,,,,,,,,deltaI0.2,EKF-B
3,2581.3154778795474,1814.1094433496642,1836.354139018421,4875.635211129475,0.290840111944434,0.19917282475635417,0.21193903980726517,1.6212210884101013,1.9163056739998865,,,,,,,,,deltaI0.2,EKF-B
4,2579.0156828541003,1806.4375548920088,1840.6806492934027,4885.495155019058,0.26701478960487257,0.19295334638487077,0.1845695099051153,1.0872447850561104,1.4055166670004837,,,,,,,,,deltaI0.2,EKF-B
5,2579.959700900534,1816.0170084623787,1832.5594896881585,4878.889572009124,0.2723733855196981,0.19698732924996087,0.1881043679833873,1.0594326573537767,0.9980702889988606,,,,,,,,,deltaI0.2,EKF-B
6,2586.2483960814516,1814.9747576665545,1842.4297531431453,4900.787042079691,0.27667183833799236,0.1981920903610617,0.19304714825046485,1.0954351544015526,1.4118184680010017,,,,,,,,,deltaI0.2,EKF-B
7,2592.1246874711064,1843.1690297586858,1822.5911014639585,4890.342150409312,0.3372345025219693,0.2165412451678957,0.2585285261482326,2.670146569991521,1.4709139349979523,,,,,,,,,deltaI0.2,EKF-B
8,2593.5783189877893,1852.4675190095056,1815.2169533524898,4904.386828385934,0.30453377357748995,0.21259446242399174,0.2180468156061902,2.311802915748112,1.952321746997768,,,,,,,,,deltaI0.2,EKF-B
9,2587.2628103270554,1816.7737326078127,1842.0809032742636,4891.809828422465,0.28621594698525316,0.2000608245118058,0.20468325482149652,2.2698140015974224,1.4268174369972257,,,,,,,,,deltaI0.2,EKF-B
10,2582.8804958213973,1804.970537828486,1847.5261874370647,4892.700759642449,0.2675880904113824,0.19449176895248405,0.18378339952167524,0.9389154894239928,1.8985865600006946,,,,,,,,,deltaI0.2,EKF-B
11,2582.213140672072,1808.2530644077326,1843.3788430270029,4902.568478721009,0.31097699868177314,0.20756935017204878,0.23156350873632256,1.9637227715561938,1.4205833300002269,,,,,,,,,deltaI0.2,EKF-B
12,2575.962121339037,1809.955908092684,1832.9322031471595,4867.587086650232,0.2719834086277656,0.1962934152000547,0.18826542358563098,0.9412209742517416,1.9523214609980641,,,,,,,,,deltaI0.2,EKF-B
13,2584.3925453953775,1810.1980896787334,1844.5237067651535,4903.61580996884,0.28892075100204867,0.2027511379906746,0.20583288464935381,2.1654628057936325,1.126231631002156,,,,,,,,,deltaI0.2,EKF-B
14,2590.0678439309786,1855.102047653718,1807.4976705258161,4887.711662830475,0.29149217032977043,0.20393667601723298,0.20827269993593034,1.8218314000548612,2.004920534000121,,,,,,,,,deltaI0.2,EKF-B
15,2581.7762229883133,1807.8495677861288,1843.1626097128028,4902.8907765668555,0.2684111814799524,0.19425495341390514,0.18522844116826526,0.7965257204159049,1.388089657000819,,,,,,,,,deltaI0.2,EKF-B
16,2580.685116116546,1815.183846064979,1834.4054277967618,4887.008833814131,0.2763694449677389,0.20022811819750638,0.19049611753225176,1.2673341297729692,1.3936676230005105,,,,,,,,,deltaI0.2,EKF-B
17,2581.222254072309,1821.0406533645519,1829.3494099574684,4897.166048069085,0.28067424248973494,0.19746761094206747,0.19946070546856795,2.5006296493410014,1.3559466250007972,,,,,,,,,deltaI0.2,EKF-B
18,2582.2556805591776,1818.0895284149444,1833.7379492304958,4881.293263731036,0.27275523758321585,0.19837462513560947,0.18719756336924623,1.2839506092148718,1.937510570998711,,,,,,,,,deltaI0.2,EKF-B
19,2584.573859912359,1850.1740815810588,1804.6822172304892,4889.541555959547,0.2970235968209625,0.20720167981575668,0.21281560316384307,1.6815178551851961,1.4022644479991868,,,,,,,,,deltaI0.2,EKF-B
20,2582.3066489579046,1811.0680272959835,1840.744477041405,4891.100386352253,0.27776162667862997,0.19499751180718766,0.19780670272810355,2.5795955999636955,1.9642857289982203,,,,,,,,,deltaI0.2,EKF-B
21,2582.7265598768595,1823.6986398612762,1828.8246919979754,4891.786753030236,0.30805846205565834,0.20770199667652753,0.22750801440978125,3.2453388782332855,1.4244822489999933,,,,,,,,,deltaI0.2,EKF-B
22,2587.1500455732225,1842.0999344397424,1816.5938428406678,4891.839470359322,0.3001356075997277,0.21110707658851038,0.21334288167996263,1.4898783861131293,1.4013926119987445,,,,,,,,,deltaI0.2,EKF-B
23,2582.7414170821667,1813.0927735601713,1839.3607101315079,4879.234749867072,0.2801903666271589,0.2008321491062215,0.195379347516666,1.4211818843412856,1.1016934379986196,,,,,,,,,deltaI0.2,EKF-B
24,2583.6287468996575,1824.3756037001097,1829.423723042356,4900.136888533648,0.2918265406471204,0.2066461744528698,0.2060584587199941,1.601404233681084,1.4109134280006401,,,,,,,,,deltaI0.2,EKF-B
25,2584.2319684551803,1812.3401796433848,1842.1937846046271,4895.509381890399,0.26996373984855465,0.19592586553553137,0.18572419348908473,0.8461193610633743,1.9678692410016083,,,,,,,,,deltaI0.2,EKF-B
26,2588.030038148481,1838.7885980633607,1821.1963018826407,4898.444070391094,0.28065447752079925,0.2034197104780855,0.1933581059627051,1.4853888589827802,1.0073708350028028,,,,,,,,,deltaI0.2,EKF-B
27,2583.3664152686706,1807.0901955755091,1846.1330018698468,4892.667159077527,0.2922714288402738,0.2011907253328724,0.21200207583032746,2.21119915955351,1.4011420130009355,,,,,,,,,deltaI0.2,EKF-B
28,2578.3444505399816,1812.7862099534602,1833.4847320424817,4879.473536586861,0.26942581774785,0.1948387426135976,0.18608636609340823,1.341374292719385,1.8629250419980963,,,,,,,,,deltaI0.2,EKF-B
29,2583.158049675385,1816.7422208143412,1836.342346272425,4887.196656984277,0.28958708656872745,0.2060480027512802,0.20348194335019523,1.2613862168045689,1.421711041002709,,,,,,,,,deltaI0.2,EKF-B
30,2587.734862757648,1813.8571666023622,1845.614775378815,4883.743392973644,0.28436439241786104,0.2061700434513129,0.19584948521367887,1.0304644575975979,1.9367845369997667,,,,,,,,,deltaI0.2,EKF-B
31,2583.0854335341487,1814.0461919727388,1838.9036870715945,4895.349217653067,0.2818384827774742,0.20095345750240828,0.1976123434710909,1.3001483325190353,2.087904735999473,,,,,,,,,deltaI0.2,EKF-B
32,2576.4558326260612,1812.2001062291463,1831.408046410172,4878.3549773051955,0.26916950995548655,0.19590937200986303,0.18458532728355695,0.9766847863587244,1.398973899998964,,,,,,,,,deltaI0.2,EKF-B
33,2579.2024682885453,1810.835937985265,1836.6160671535981,4882.9785467420115,0.3264203140390615,0.21145189395461234,0.24867311467138326,2.0959446271769533,1.4648762709985022,,,,,,,,,deltaI0.2,EKF-B
34,2588.379558395443,1841.662752212845,1818.7872457852782,4901.427481711209,0.2661993482514355,0.19449149092688817,0.18175575084856377,1.0579267309114968,1.448548093001591,,,,,,,,,deltaI0.2,EKF-B
35,2591.081154905426,1853.4860656101314,1810.6051352780132,4905.253576077171,0.2672598453873411,0.19508899229987717,0.18266940094028866,1.3327827929442058,1.917428574000951,,,,,,,,,deltaI0.2,EKF-B
36,2579.836446147242,1802.0214399855406,1846.1513531403837,4888.659917501532,0.2787373262348501,0.19674426776090037,0.19744920901280005,1.9658626366507685,1.3607946320007613,,,,,,,,,deltaI0.2,EKF-B
37,2582.4465385303533,1811.9556224756668,1840.067103816114,4873.629230086315,0.26638068244831736,0.1928137199557852,0.18379754453866717,1.0336119923323714,1.3426470550002705,,,,,,,,,deltaI0.2,EKF-B
38,2583.727802621426,1847.8098462243638,1805.8926131515232,4884.187820928808,0.3055526818688503,0.21005173974774027,0.22190247413265687,1.9926575576958663,1.9343896089994814,,,,,,,,,deltaI0.2,EKF-B
39,2585.5843583240057,1813.610421698924,1842.8412064838394,4892.9985599079455,0.27541588079726476,0.1969311488802357,0.19254098264017344,1.9161288522768585,1.0448830959976476,,,,,,,,,deltaI0.2,EKF-B
40,2583.7445984609594,1834.3214202630954,1819.6156399745973,4886.723046310122,0.2786415362976975,0.20120609473945059,0.19276206366928192,1.4512060928577368,1.4109383660033927,,,,,,,,,deltaI0.2,EKF-B
41,2586.9950399200516,1840.7081999093634,1817.7834467717491,4878.42752592116,0.30187286357653725,0.21028387425409475,0.21658235845189874,1.8283330568978224,1.9723677430010866,,,,,,,,,deltaI0.2,EKF-B
42,2584.1561191599885,1837.615430030912,1816.874343344723,4887.9686723029,0.35938256212404973,0.2195182964464024,0.2845479634158639,3.074726850767288,1.675509623997641,,,,,,,,,deltaI0.2,EKF-B
43,2582.258543189069,1816.574947665785,1835.24239363251,4884.264527501261,0.29519576020691474,0.20866585514006591,0.20880396965288603,1.4632865989180202,1.9242710269973031,,,,,,,,,deltaI0.2,EKF-B
44,2582.112809870249,1814.9019425655604,1836.6919997015789,4878.39868834327,0.2923953087476851,0.20314814647772006,0.21029942263430224,2.994308228483416,1.94276514199737,,,,,,,,,deltaI0.2,EKF-B
45,2587.0333428541558,1825.2988410259532,1833.3100277881156,4894.6213031406405,0.3125702711178521,0.2124632229148408,0.22925870385947456,1.7660683499129355,1.378568862000975,,,,,,,,,deltaI0.2,EKF-B
46,2581.6424059072297,1822.3638678160298,1828.6244680789623,4890.449709007883,0.31575751389069046,0.21146204840273333,0.23449223796055516,2.236398860823164,1.9186925009998959,,,,,,,,,deltaI0.2,EKF-B
47,2589.6056482991794,1834.3206045741383,1827.9292473555374,4898.054012242415,0.32415630457250955,0.21827263077032735,0.2396546858517603,2.096778367740219,0.9681666040014534,,,,,,,,,deltaI0.2,EKF-B
48,2583.363053134178,1829.908467398536,1823.5130011167678,4897.231556519416,0.28852000318184445,0.20406547657200882,0.20396341217848474,1.8001838592567345,1.4234564390026208,,,,,,,,,deltaI0.2,EKF-B
49,2585.1857687758074,1814.495020050832,1841.4106769788466,4883.30903453932,0.2687990593062239,0.1947750666375373,0.18524472381218782,0.7783242896106108,0.9793484939982591,,,,,,,,,deltaI0.2,EKF-B
50,2589.3933641219833,1832.9174897895216,1829.035666623984,4902.430242420669,0.28159291013572596,0.2027660383040529,0.1953983130663783,1.1479743972376866,1.3947582740001963,,,,,,,,,deltaI0.2,EKF-B
51,2590.881353611066,1834.568862040539,1829.4871628193496,4905.822314748212,0.2837918404456392,0.20282710553747182,0.1984917478456331,1.771903720586538,2.10316960199998,,,,,,,,,deltaI0.2,EKF-B
52,2584.7596325320555,1825.3696888332086,1830.0294689037667,4890.205166517698,0.28723134840990344,0.20370158241657424,0.20250311807563595,1.4393647708807247,1.9158206249994691,,,,,,,,,deltaI0.2,EKF-B
53,2580.937230973488,1827.0797110906128,1822.9143478359422,4876.135655289982,0.2875580581581416,0.2019805773422234,0.20467897593104983,1.9851565037684684,1.3395139390013355,,,,,,,,,deltaI0.2,EKF-B
54,2579.9554795460167,1824.4236512983175,1824.1843703482473,4876.269299060907,0.2898571213363501,0.20840356896221202,0.2014574476985354,1.184557274850288,1.9289469180002925,,,,,,,,,deltaI0.2,EKF-B
55,2584.4137282024276,1813.983525222393,1840.8308148069748,4892.966501501193,0.28622827618757407,0.19931918064946239,0.20542271129195316,1.9622571023318414,1.0128897449976648,,,,,,,,,deltaI0.2,EKF-B
56,2580.432006811738,1810.8868153093622,1838.2922194028808,4881.509433911245,0.27152345589563354,0.19500294869529203,0.18894135889648236,1.1180051450389856,1.0910179989987228,,,,,,,,,deltaI0.2,EKF-B
57,2586.2552125026027,1831.4068463425137,1826.1065104113318,4892.568414012336,0.30322688120379643,0.2090257472468655,0.2196697031282893,1.9026547966194578,1.375227618998906,,,,,,,,,deltaI0.2,EKF-B
58,2584.9496273256327,1824.1237145323244,1831.5395845822509,4886.747148023753,0.2843651926949373,0.2044696431235394,0.19762522070161304,1.617951733900222,1.91770627400183,,,,,,,,,deltaI0.2,EKF-B
59,2584.9263825544467,1812.0700404709444,1843.43336512434,4884.601937794484,0.27959263061662526,0.19918543621448234,0.19620703630392833,1.726949096337228,1.9714326619978237,,,,,,,,,deltaI0.2,EKF-B
60,2581.8352775710973,1815.8539653740957,1835.360394294755,4895.024386992877,0.2937093898164124,0.2047578000621876,0.2105693448249829,1.7221307899667158,1.3795743439986836,,,,,,,,,deltaI0.2,EKF-B
61,2581.015690771973,1802.9504777513903,1846.8924090989049,4892.9127729479105,0.31107700469657995,0.20601754732258337,0.23307868423814115,2.0477138311638896,1.37527319000219,,,,,,,,,deltaI0.2,EKF-B
62,2582.0384689100983,1818.3801740498996,1833.1438016571049,4889.533846138486,0.27150731186959776,0.19791939802375616,0.18586051835871173,1.0194997681740376,1.9106021549996512,,,,,,,,,deltaI0.2,EKF-B
63,2579.6193140188275,1813.7753487108782,1834.2995365173315,4890.739481961274,0.28957223971991053,0.20365076081081335,0.20586026726297196,1.9296229942764598,1.9209340720008186,,,,,,,,,deltaI0.2,EKF-B
64,2586.257944851211,1811.6426904039265,1845.7196210725056,4902.340203866784,0.2815058153930177,0.20022376361635547,0.1978786713705891,1.809043630488006,1.9386322630016366,,,,,,,,,deltaI0.2,EKF-B
65,2589.218028514943,1847.125319752632,1814.4360149411564,4886.007187182484,0.32511821185970075,0.21312211340795073,0.24552151934072466,2.043576939853535,1.3869183839997277,,,,,,,,,deltaI0.2,EKF-B
66,2588.8357908655385,1838.1788282961993,1822.9562110127629,4891.560711156208,0.27869547080934487,0.1984133823710473,0.19571227643079264,2.2156497980890926,1.0116289889992913,,,,,,,,,deltaI0.2,EKF-B
67,2584.513655233306,1818.0752869251023,1836.9303430341697,4891.032366473552,0.30495002090966855,0.2066734386928659,0.22423337171722116,2.0612418358758795,0.9906598369998392,,,,,,,,,deltaI0.2,EKF-B
68,2581.9493483748183,1807.0740277763068,1844.1653656083733,4885.6726505720535,0.277006341616465,0.19628756360218583,0.195457682557774,1.457384121049869,1.9396533190010814,,,,,,,,,deltaI0.2,EKF-B
69,2590.8187467746898,1862.7980704307774,1800.6457529004822,4880.795650509424,0.32113855397353785,0.21311650296097587,0.24023181932021265,2.222755191482594,2.07830056199964,,,,,,,,,deltaI0.2,EKF-B
70,2579.8387686340257,1805.1253812389311,1843.1197546969452,4899.333773405666,0.27472392135072987,0.19699120253335844,0.19148811735139953,1.787580051507484,1.9530954910005676,,,,,,,,,deltaI0.2,EKF-B
71,2579.9825834472626,1810.0773619684624,1838.458613779626,4880.861033588584,0.27546517435378165,0.19605503779495032,0.1935031897333476,1.903973603754058,1.3457620990011492,,,,,,,,,deltaI0.2,EKF-B
72,2586.9923431147495,1816.9599997527189,1841.5172392983295,4879.878033487503,0.2725708247569518,0.19599985058576147,0.18941729878510072,1.1383518382315974,1.388515845999791,,,,,,,,,deltaI0.2,EKF-B
73,2583.503037660435,1823.3157541681921,1830.3025996273873,4904.1238685334,0.30156680673024633,0.20296942581287047,0.22303800372732763,2.6338722685705354,0.9899759580002865,,,,,,,,,deltaI0.2,EKF-B
74,2580.7987860695544,1804.569642444638,1845.0069863676174,4888.541403606617,0.28260721110544046,0.19609647894010723,0.20350185924479183,2.000825060026532,1.4020892619992082,,,,,,,,,deltaI0.2,EKF-B
75,2588.8102062495823,1817.300809556175,1843.734268154843,4903.164246789858,0.2703186663666643,0.1958367046892847,0.1863334819153387,0.9654025208271233,0.9681185020017438,,,,,,,,,deltaI0.2,EKF-B
76,2584.3628151577796,1821.1968911079346,1833.6229285731126,4869.98896041876,0.2733731961355965,0.1961781756730529,0.19038652198877976,1.359680563891199,1.937619372001791,,,,,,,,,deltaI0.2,EKF-B
77,2583.7544662969635,1821.8453910987012,1832.1207692294543,4876.414175489081,0.3752315853609009,0.22539648238198906,0.2999919471957218,2.482922634797757,1.409078803997545,,,,,,,,,deltaI0.2,EKF-B
78,2586.2721780385846,1825.697337147206,1831.8386970555148,4891.637488107927,0.27062550530995094,0.1977428986484292,0.1847590597464258,1.0455051536544702,1.9617999770016468,,,,,,,,,deltaI0.2,EKF-B
79,2592.955539383648,1859.5659957231896,1807.0508395643906,4902.884554730992,0.2828530937971483,0.20503215132913674,0.1948529948242119,1.7856589185975016,1.9152871529986442,,,,,,,,,deltaI0.2,EKF-B
80,2586.6668435062984,1845.5962989308605,1812.3519693115759,4881.890525658093,0.27080791445658586,0.19836449591865515,0.18435957607692469,1.4787252038446526,1.9468546030002472,,,,,,,,,deltaI0.2,EKF-B
81,2585.8932314731724,1813.1093713894477,1843.7673963812592,4891.969824064683,0.3128204553799801,0.20749698579630751,0.2340974971877851,3.405279329153884,1.9347223950026091,,,,,,,,,deltaI0.2,EKF-B
82,2582.6360595225224,1804.8240300334828,1847.3275931896105,4892.71420718665,0.2677937472094124,0.1924949799692518,0.18616974440304743,1.230639886804961,1.4141862169999513,,,,,,,,,deltaI0.2,EKF-B
83,2585.27472501599,1821.4179001876582,1834.6885939260874,4883.216808217262,0.2826271286104051,0.20091883458748222,0.19877051022365078,1.3007399715795065,1.040489022001566,,,,,,,,,deltaI0.2,EKF-B
84,2593.9696742035935,1852.4585276693,1815.7852499547366,4900.549945701075,0.28437649021041717,0.20343864662322905,0.1987025547004981,1.2632889042455235,1.0945408510015113,,,,,,,,,deltaI0.2,EKF-B
85,2590.030693312018,1814.2184710211347,1848.477841821229,4910.001047247957,0.3071342619468186,0.2048230755090802,0.22886450707922926,2.3178222011673864,1.9321579489987926,,,,,,,,,deltaI0.2,EKF-B
86,2585.985410964174,1823.01709544912,1834.1017462016123,4888.146343188726,0.3279665662814005,0.2166373691133882,0.24623224586158868,2.019177492387557,1.376150473002781,,,,,,,,,deltaI0.2,EKF-B
87,2582.222595184076,1810.9437260828067,1840.7488563192169,4891.3321288780935,0.3083292482893818,0.20459827646137296,0.23066527831412087,2.2094093576233504,1.389927660999092,,,,,,,,,deltaI0.2,EKF-B
88,2586.3596714236423,1838.7054776865016,1818.9058569074612,4883.092049948439,0.28043015947319266,0.20359416695552954,0.1928483588829426,1.154040261243215,1.9117060150019825,,,,,,,,,deltaI0.2,EKF-B
89,2578.0670724095557,1810.2940378016797,1835.5558630949015,4865.458007533875,0.28527458286892465,0.1998998855349616,0.2035230291494017,1.568326261304101,1.3766731190007704,,,,,,,,,deltaI0.2,EKF-B
90,2586.9325574813884,1834.5123708166163,1823.94748232453,4902.829663199544,0.28968054123224085,0.19987885860594395,0.20967417068153393,2.1115722856433266,2.0658930350000446,,,,,,,,,deltaI0.2,EKF-B
91,2592.5923210702194,1844.9950626390519,1821.4082908864198,4901.615591960032,0.274876036106036,0.200230679106525,0.18832023356481534,1.1507118014170519,1.916516347999277,,,,,,,,,deltaI0.2,EKF-B
92,2581.538373381567,1802.9313497842277,1847.6414482271093,4890.50162765655,0.2752538897243831,0.1954998694200588,0.1937640443042588,1.5874488873051793,0.9753862940015097,,,,,,,,,deltaI0.2,EKF-B
93,2581.192080519803,1807.4338039546692,1842.7521810759315,4909.306614211189,0.2705373369591691,0.19319640436553698,0.18938215340730213,1.645008818476278,1.9252119439988746,,,,,,,,,deltaI0.2,EKF-B
94,2584.3677693736963,1833.5976930417921,1821.229328626517,4882.115765966882,0.28545350791338503,0.2018415812632158,0.20185064095320976,2.106693471004185,1.928561870001431,,,,,,,,,deltaI0.2,EKF-B
95,2586.8691364085516,1823.9908377297963,1834.3798278385211,4895.075099196081,0.30622766216621516,0.21093077060486443,0.22199907902471958,1.8340435920187566,1.3997718550017453,,,,,,,,,deltaI0.2,EKF-B
96,2579.359425228178,1811.9366613711402,1835.7506856032069,4871.655254957956,0.2894446003819699,0.20429075368810665,0.20504503078061553,1.7929161140246417,0.9826761520016589,,,,,,,,,deltaI0.2,EKF-B
97,2587.511774921554,1835.3373439578786,1823.9391489935542,4889.207165505034,0.2895231467698966,0.20857305515119487,0.2008007300296483,1.499464691346064,1.4075049710008898,,,,,,,,,deltaI0.2,EKF-B
98,2575.484016215471,1806.4570359888114,1835.709915784052,4883.773935215263,0.27147039112066945,0.19733768552859302,0.1864242771889632,0.8785909197713115,1.919943630000489,,,,,,,,,deltaI0.2,EKF-B
99,2583.978367512406,1830.5016357377576,1823.7894520293378,4879.867702422743,0.3005697636981494,0.20810827645195437,0.21687122474352907,2.643081345940925,1.848614867998549,,,,,,,,,deltaI0.2,EKF-B
100,2584.1130154621,1820.847772176981,1833.6175902403295,4897.869350876496,0.27258118489323563,0.20003463504216248,0.1851665389354922,1.2353300394860165,1.3948285690021294,,,,,,,,,deltaI0.2,EKF-B
101,2585.3994858669234,1815.7566122175467,1840.4669045405874,4900.159289903249,0.29354589336922216,0.20759042972383507,0.20754615149650027,2.2823985440042693,1.4013186449992645,,,,,,,,,deltaI0.2,EKF-B
102,2583.4914283736293,1822.4745545200815,1831.123823941693,4890.722525272347,0.27817628968050906,0.2000457200460943,0.1932970719686518,1.3429293573889602,1.874390796001535,,,,,,,,,deltaI0.2,EKF-B
103,2583.129093935347,1829.3167753284285,1823.7752195479707,4886.760593661193,0.2735820103251607,0.19953566619275748,0.18717006782754772,1.0086952547299195,1.0337934489980398,,,,,,,,,deltaI0.2,EKF-B
104,2586.291657918021,1819.4770741533255,1838.0445360346412,4887.354662513854,0.3186177608756604,0.20486395974897859,0.24402466174833318,3.7689310910709954,0.9581007029992179,,,,,,,,,deltaI0.2,EKF-B
105,2588.5523729214115,1836.056306841105,1824.6919261798887,4895.520481207411,0.2946860424370267,0.2062944091906193,0.21043402848372791,1.759038929629495,1.9089031119983702,,,,,,,,,deltaI0.2,EKF-B
106,2588.4682850102704,1825.3174158182414,1835.3158839869036,4891.727758654733,0.2817604150829051,0.2014911212654768,0.19695242968511933,1.3977126276495042,1.9873800419991312,,,,,,,,,deltaI0.2,EKF-B
107,2580.575514432926,1812.168213917555,1837.230619752898,4879.428556517626,0.2839514084142816,0.20289140247742937,0.19865417473890645,1.4118549104659646,1.4192260279996844,,,,,,,,,deltaI0.2,EKF-B
108,2578.277052609221,1807.903687733812,1838.2047807275922,4886.4907217028185,0.2680492696257408,0.19402953795713399,0.18494039403827983,0.8669407155480165,1.9296079500018095,,,,,,,,,deltaI0.2,EKF-B
109,2579.603147718633,1829.4268164942496,1818.6670731092029,4892.942948587049,0.27385784011383185,0.19481937988994286,0.1924669473211212,1.9568384733652284,1.406203374001052,,,,,,,,,deltaI0.2,EKF-B
110,2583.2213100823083,1816.2008315814805,1836.966759695476,4892.625350048971,0.29162202847078755,0.20611950173676596,0.20629628812270026,1.2503061990382962,1.0873666490006144,,,,,,,,,deltaI0.2,EKF-B
111,2581.2319073806393,1815.4685357550175,1834.8929547424357,4891.513613009566,0.2862787140726613,0.20165718427804255,0.2031991194866458,1.5730910628610744,1.3675911050013383,,,,,,,,,deltaI0.2,EKF-B
112,2588.513456429104,1817.1144876086062,1843.501248450203,4895.81978671972,0.2995303524912608,0.2054534706470659,0.21796170182537616,1.9611331290358087,1.9460415659996215,,,,,,,,,deltaI0.2,EKF-B
113,2586.3621247492733,1843.9171837548897,1813.6257772183903,4900.3968083462705,0.27865180759920355,0.19985397325993617,0.19417831817821546,1.9208092140849806,0.9684342910004489,,,,,,,,,deltaI0.2,EKF-B
114,2587.19413811852,1810.4485721888857,1848.2016869849615,4896.408194513347,0.2908396623397704,0.20325474632782392,0.20802696288011222,2.054679754657025,1.3893649470010132,,,,,,,,,deltaI0.2,EKF-B
115,2581.688734356967,1833.1996613530525,1817.8271982564047,4882.722306282261,0.28047022178335024,0.19909831523179097,0.19754342858992824,1.5903565767184398,2.078932992000773,,,,,,,,,deltaI0.2,EKF-B
116,2582.1728423854656,1816.3698869951756,1835.3247727773326,4885.055410382894,0.28872081918975523,0.20620466070428967,0.20208747941778107,1.2349107625896487,1.9225713810010348,,,,,,,,,deltaI0.2,EKF-B
117,2589.994135248741,1839.0485052220174,1823.7242708434667,4880.798482191916,0.31033554166236327,0.20924407266304035,0.229183477751466,1.948042602339869,1.9141700079999282,,,,,,,,,deltaI0.2,EKF-B
118,2584.720894010629,1812.7885779103963,1842.438512334322,4889.795068247314,0.27285098363229365,0.19825791839776474,0.18746054801396334,0.8403309857969737,1.9435501459993247,,,,,,,,,deltaI0.2,EKF-B
119,2575.7747609725934,1805.3503490716148,1837.2059591592933,4894.596383500667,0.278194975093416,0.19565947936033348,0.19776200925271156,1.9186668107398934,1.3918882819998544,,,,,,,,,deltaI0.2,EKF-B
120,2584.5004763471175,1840.112715084613,1814.8355043976878,4887.495406818369,0.3195787120094846,0.20976264184668753,0.24110202665083383,2.2428201481960497,1.0865528439971968,,,,,,,,,deltaI0.2,EKF-B
121,2588.156828330961,1830.0724795209385,1830.1340081360884,4900.873551570501,0.35198153184532016,0.21808332760922058,0.27628004086264996,2.636223509234229,1.9351578349996998,,,,,,,,,deltaI0.2,EKF-B
122,2587.2713669007726,1816.3869680840446,1842.4742896873884,4905.496102376365,0.3577080628514962,0.21936807380674664,0.2825468216478248,2.325436317658885,1.3983560359993135,,,,,,,,,deltaI0.2,EKF-B
123,2586.258054985179,1830.8530490195187,1826.6657712541867,4897.283852030179,0.3160830504218266,0.20981648032660757,0.23640122535071867,2.9943877158135654,0.9291712909980561,,,,,,,,,deltaI0.2,EKF-B
124,2585.912902543787,1812.7188208118853,1844.1789544989392,4893.53910131211,0.268227829770645,0.1941002518386916,0.18512498723734358,1.0741714924457324,1.4013507109993952,,,,,,,,,deltaI0.2,EKF-B
125,2588.476759822673,1848.493455390276,1811.9834109399021,4895.8084972124325,0.284109534010861,0.2020833385381385,0.1997011557331321,1.6148276550085663,1.9385938599989458,,,,,,,,,deltaI0.2,EKF-B
126,2587.355631236812,1811.2269026330493,1847.6650859046754,4912.221467793839,0.2871507286180584,0.20040683971097295,0.20565174335011657,2.418866796662531,1.927350829999341,,,,,,,,,deltaI0.2,EKF-B
127,2591.1636066823226,1859.6621530196812,1804.3795369104432,4896.318335631391,0.26504201007790157,0.19512321458220777,0.17937167624025865,0.6511425251479983,1.3691622750011447,,,,,,,,,deltaI0.2,EKF-B
128,2592.697465544097,1837.0131604762041,1829.6072791930007,4888.57067325014,0.34017856041401606,0.21630865865338328,0.26254907571143055,2.4161488608098383,1.943564781002351,,,,,,,,,deltaI0.2,EKF-B
129,2590.928401336189,1876.5590053647004,1786.4591459742783,4885.073142493512,0.27072163594759335,0.19767619009054843,0.18497115461992072,1.316712216570824,1.0347979940015648,,,,,,,,,deltaI0.2,EKF-B
130,2592.323597881548,1843.5458083483181,1822.4929324019006,4899.131077937938,0.2865053888523914,0.20222164296715867,0.2029574954445463,1.870635691395905,1.946965610000916,,,,,,,,,deltaI0.2,EKF-B
131,2588.3751395321015,1840.085575614525,1820.376592181735,4897.152877579325,0.27077807945337473,0.19969656447234485,0.18287167755122916,1.0422920235404798,1.8702911119980854,,,,,,,,,deltaI0.2,EKF-B
132,2593.623134731774,1862.1781222513764,1805.3181453761028,4887.428223020142,0.300978201320669,0.2102005970211768,0.21541491750147196,1.307861110619757,0.9846275140007492,,,,,,,,,deltaI0.2,EKF-B
133,2582.9835782502714,1822.3149243714215,1830.5661643119474,4868.485444269412,0.27300909082015845,0.19712857746837004,0.1888763818367621,1.3436564166261404,2.0666648180013,,,,,,,,,deltaI0.2,EKF-B
134,2587.1606927714306,1813.8665403104364,1844.8004293591753,4898.472841902798,0.3801543724797918,0.2206081538601533,0.3095955254294209,2.9351756626897894,1.3868767509993631,,,,,,,,,deltaI0.2,EKF-B
135,2584.1061598821925,1812.6782732076058,1841.684588463015,4893.4946557890935,0.28023650156859337,0.19764837127984797,0.19866458703510204,1.5427969088055138,1.4084352390018466,,,,,,,,,deltaI0.2,EKF-B
136,2580.115959983038,1844.175300073101,1804.443357259928,4881.908241145859,0.28901950523171577,0.20595799568477205,0.20276483525970976,2.2686763260529386,1.386529237999639,,,,,,,,,deltaI0.2,EKF-B
137,2590.75232091195,1827.0517541550653,1836.8123137516125,4902.93332224743,0.2841465157438081,0.20595639628367915,0.19575802726628166,1.3610105006117632,1.930995470000198,,,,,,,,,deltaI0.2,EKF-B
138,2585.491106767975,1828.84332629857,1827.5930485284384,4886.50256342451,0.342147927553236,0.22294272945297583,0.25954141040117595,1.9472695170252632,1.4050523890000477,,,,,,,,,deltaI0.2,EKF-B
139,2581.827943923395,1812.2431103005242,1838.9155611914296,4903.943912563382,0.2727439494575086,0.19590298576545434,0.18976638831431722,1.5481931970676082,1.9281089270007215,,,,,,,,,deltaI0.2,EKF-B
140,2584.427260757575,1815.57717624484,1839.2780603393592,4902.827104922067,0.27103059326412554,0.19854673562479075,0.18449058582443525,0.9959531029835313,1.931937386001664,,,,,,,,,deltaI0.2,EKF-B
141,2587.693980363157,1830.719770042039,1828.8316651854382,4914.876033918186,0.2804790973619968,0.20219316936698098,0.19438736151904476,1.6629313917002246,0.9996070349989168,,,,,,,,,deltaI0.2,EKF-B
142,2584.5104399946263,1814.3468263374562,1840.6085429010743,4904.243739859806,0.2878084959240531,0.19847258184573985,0.20842832000846676,2.9755938501270767,0.9754716779971204,,,,,,,,,deltaI0.2,EKF-B
143,2587.3910706070446,1825.0019968799793,1834.1102103311991,4892.749591758353,0.2889796288597441,0.20397386369458023,0.2047043937618835,1.4283625808765066,1.9114648819995637,,,,,,,,,deltaI0.2,EKF-B
144,2584.251258602179,1813.2918226468753,1841.2841533855983,4897.275773453448,0.2769342663428414,0.19917554626391146,0.19241021190498256,1.3343593996534813,1.9717059920003521,,,,,,,,,deltaI0.2,EKF-B
145,2580.3951325255093,1802.947212514122,1846.028274119575,4879.057185877015,0.26911890898822377,0.19511637685153052,0.18534990331625048,0.9728357501016109,1.3927363669972692,,,,,,,,,deltaI0.2,EKF-B
146,2580.93240970587,1806.2529585065738,1843.5461354022036,4888.321662099919,0.3000821941845692,0.2029297227750028,0.221063002062955,2.4766670966733924,1.4054990199983877,,,,,,,,,deltaI0.2,EKF-B
147,2583.9919047225485,1816.3052359283115,1837.9470758460554,4868.146222855152,0.27525983188824815,0.19517703301428135,0.19409765798403847,1.7378888881162662,1.9313500220014248,,,,,,,,,deltaI0.2,EKF-B
148,2585.0162674301596,1809.9244933053292,1845.6658504214686,4895.950170223643,0.2785958945015996,0.1979702277097394,0.1960190331924437,1.7319991777772894,1.387865419001173,,,,,,,,,deltaI0.2,EKF-B
149,2581.8719653819417,1823.5563652617986,1827.7595652433029,4874.989044088624,0.32993137890244106,0.20841120790619205,0.25577232689160906,2.9056077194545957,1.9313054409976758,,,,,,,,,deltaI0.2,EKF-B
150,2586.355995653548,1809.128873968651,1848.3208740978869,4901.871678800986,0.2760020274216205,0.19744197526175905,0.19285690432437175,1.5977916376432575,1.0198909880018618,,,,,,,,,deltaI0.2,EKF-B
151,2583.9968790405132,1819.725899327944,1834.5673937487875,4887.383716817416,0.27628296717937395,0.19968147167370826,0.1909439389550269,0.8625526839019835,1.387376532999042,,,,,,,,,deltaI0.2,EKF-B
152,2591.81208843783,1848.9542067757611,1816.2759270052227,4909.197315800617,0.27594953502504843,0.19918895667997116,0.19097619070786018,1.2510468200154188,0.9390316520002671,,,,,,,,,deltaI0.2,EKF-B
153,2588.993151373299,1824.5125194729007,1836.855901845459,4900.740511632417,0.3207713039876054,0.21370576865559154,0.2392155385948654,2.284525794400441,2.102500279001106,,,,,,,,,deltaI0.2,EKF-B
154,2583.7641692275874,1822.9847865016466,1831.0007510560645,4892.351625176506,0.28927322773766395,0.20480705129586427,0.20428673971959027,1.576539588750802,1.9462733620021027,,,,,,,,,deltaI0.2,EKF-B
155,2584.0352748013015,1823.0449118826164,1831.3234423979673,4898.15831208538,0.27519552332623154,0.19853908168469842,0.19056444868493988,1.1103581833591736,1.9296574940017308,,,,,,,,,deltaI0.2,EKF-B
156,2587.767278816815,1854.3419394308582,1804.9807370115582,4880.000679186698,0.2835777724293047,0.20510175296267302,0.1958306001308405,1.6595512103067473,1.9197549499986053,,,,,,,,,deltaI0.2,EKF-B
157,2580.5489641346157,1821.2588292160106,1828.181947536668,4882.805767472851,0.29167952758800264,0.20318149121335013,0.2092707061255342,2.1817942385529134,1.4231414040004893,,,,,,,,,deltaI0.2,EKF-B
158,2587.375674810026,1830.4802982445892,1828.6209996434568,4889.224718724906,0.2783314320062785,0.20095634776806928,0.19257448515933898,1.621658858629169,0.9948380509995332,,,,,,,,,deltaI0.2,EKF-B
159,2586.0865704723587,1825.835216826692,1831.4391911753205,4897.104150664561,0.272489265078608,0.1965353951763225,0.18874384235245031,1.2407644927965793,1.4007150860015827,,,,,,,,,deltaI0.2,EKF-B
160,2590.7944157725237,1826.747669533915,1837.174095356916,4913.635870451971,0.28158400618734136,0.2025556963125958,0.1956035337917804,1.2007074925947248,1.9222287530028552,,,,,,,,,deltaI0.2,EKF-B
161,2586.7587701514476,1828.0419451270614,1830.1867614567375,4903.331031257235,0.2672121893179954,0.19403024499671515,0.18372429928191564,0.9445220050127667,0.9544506209967949,,,,,,,,,deltaI0.2,EKF-B
162,2594.404542027637,1827.801312938784,1841.2162524029848,4904.1671648408355,0.32509987159965,0.2131621554481395,0.24546246556003648,2.21515702806291,1.408092679001129,,,,,,,,,deltaI0.2,EKF-B
163,2575.2098566730388,1802.6578104505406,1839.0569932244175,4875.621549316289,0.2926655746940496,0.19992675807907376,0.21373448485209365,2.3105929904015547,1.4052485310021439,,,,,,,,,deltaI0.2,EKF-B
164,2589.460692447528,1835.9370778957878,1826.1001406654311,4894.882861303053,0.3011591422055367,0.21131183492271977,0.21457897696551706,1.9657549267365793,1.9594124399991415,,,,,,,,,deltaI0.2,EKF-B
165,2580.513647218825,1800.5413717091162,1848.5403572133494,4881.630723927824,0.2760068868700032,0.19747558113036232,0.19282944914326866,1.2210650331535406,1.9176685769998585,,,,,,,,,deltaI0.2,EKF-B
166,2581.515073184773,1810.3852491020284,1840.3057688639594,4889.751242897649,0.2862538738108576,0.20416902828410718,0.20063969737129744,1.2274214365166358,1.4242385370016564,,,,,,,,,deltaI0.2,EKF-B
167,2586.1101290170113,1816.134931546951,1841.091934103056,4896.618238212608,0.2989195155171144,0.20354494366264816,0.21891170061546683,1.5994916924339109,1.4253430459975789,,,,,,,,,deltaI0.2,EKF-B
168,2590.4431399233595,1827.2347649252745,1836.194100585358,4895.627644256465,0.3143722689274173,0.21009951258047296,0.23385490861647545,2.255170923124913,2.0150323359994218,,,,,,,,,deltaI0.2,EKF-B
169,2581.5050672966104,1820.0491215531415,1830.734717978472,4889.548149797169,0.2713929294013497,0.1967843085680162,0.18689584808243806,1.132381782051453,1.144968077998783,,,,,,,,,deltaI0.2,EKF-B
170,2583.9921264587806,1824.6159981602286,1829.6971795515024,4869.992789761273,0.28573814533422875,0.19835236064904477,0.20567602855947045,2.503215307149797,1.9455549850026728,,,,,,,,,deltaI0.2,EKF-B
171,2578.8603058110657,1824.3510289933936,1822.7078207707036,4884.561441784765,0.3299728476199733,0.2128293862839703,0.25216211551385487,2.1656407274957976,1.397704003000399,,,,,,,,,deltaI0.2,EKF-B
172,2586.9375162376664,1830.770498685045,1827.7103419476557,4905.074056387266,0.2834856342241161,0.2016271693114643,0.19927516003480075,1.1311939927922432,1.645244103998266,,,,,,,,,deltaI0.2,EKF-B
173,2578.6965088587935,1808.549207240367,1838.1581677839292,4881.396145350578,0.3133983479772324,0.20628354614043087,0.23593563339730428,2.919754887421623,1.3790980899975693,,,,,,,,,deltaI0.2,EKF-B
174,2578.762452131651,1811.7246624356853,1835.1211219007719,4887.3349325335075,0.29563186215614445,0.20220677510695556,0.21566320507391776,1.796306889412432,1.4050326739998127,,,,,,,,,deltaI0.2,EKF-B
175,2580.380318329428,1817.3865722200303,1831.7938296479244,4890.098211333069,0.2874114301667365,0.20006880536612476,0.20634389574169754,1.888155162488152,1.8488005509971117,,,,,,,,,deltaI0.2,EKF-B
176,2590.463643468721,1831.8273710431997,1831.6414416665177,4891.888038218519,0.2975419283436697,0.20952400900880797,0.2112602394473377,1.5505586077107127,1.4003269919994636,,,,,,,,,deltaI0.2,EKF-B
177,2584.179239252525,1820.1157545490576,1834.4375106898767,4899.057857467416,0.3046930875675914,0.2075526351054657,0.22306900562886217,2.1494196411441333,1.3522722929992597,,,,,,,,,deltaI0.2,EKF-B
178,2587.9697088365238,1843.7154706666731,1816.1223739274205,4886.344371401162,0.2825704550140201,0.20146354189618348,0.1981375868770867,1.3052422897992686,1.8862456290007685,,,,,,,,,deltaI0.2,EKF-B
179,2586.9470680826807,1812.2787454742652,1846.0609095487073,4893.616140326874,0.3046468395183267,0.20649067494645515,0.22398950419308158,1.939515356934515,1.9539312119995884,,,,,,,,,deltaI0.2,EKF-B
180,2584.747335270939,1824.5139080137233,1830.8653108993874,4885.090981594673,0.3245350610475303,0.20865746552121608,0.24856602328433136,2.768157329150236,0.94186915300088,,,,,,,,,deltaI0.2,EKF-B
181,2585.0635611714706,1819.5706844808149,1836.2233359465135,4899.8653167392895,0.29534402918876046,0.20736029157516642,0.210308832566094,2.1266828275203116,1.314521099000558,,,,,,,,,deltaI0.2,EKF-B
182,2575.3519097524313,1813.4265590795553,1828.6392683879394,4870.045321881007,0.2667132802586437,0.19379362655561957,0.18324847659052143,0.7367522134950969,1.9205335570004536,,,,,,,,,deltaI0.2,EKF-B
183,2590.2560258399135,1826.7158632798535,1836.4464147482554,4900.059353602215,0.30147967952726823,0.20673637184655405,0.21943124144840387,1.9376523760891384,1.3556895420006185,,,,,,,,,deltaI0.2,EKF-B
184,2580.3051268703216,1801.266779883509,1847.542295981708,4880.9695753502765,0.2731091225834091,0.19527736598028272,0.19093282372102055,1.0550025929550626,1.3869962130011118,,,,,,,,,deltaI0.2,EKF-B
185,2588.140252144211,1834.8548809006807,1825.3157345522577,4875.366055552821,0.356464324910618,0.22551816623558155,0.2760586380313489,2.011795562132444,1.7467771969968453,,,,,,,,,deltaI0.2,EKF-B
186,2582.3756691551944,1827.871982643517,1824.1568221267587,4890.74654068143,0.28322347605987963,0.2021111466725898,0.19841023608204308,1.3959365228114158,1.920358725998085,,,,,,,,,deltaI0.2,EKF-B
187,2589.5456886516677,1834.5765760345496,1827.5873878640632,4900.996118588332,0.272557294456121,0.19747424872015018,0.18786005390623334,1.2292563373127676,1.9421093290002318,,,,,,,,,deltaI0.2,EKF-B
188,2590.683970560795,1858.3295040672958,1805.0636802156434,4905.01781843013,0.29530244483444945,0.20853900709439274,0.20908136321845586,2.239857887557223,1.0355307790014194,,,,,,,,,deltaI0.2,EKF-B
189,2585.761002485689,1821.3867612015915,1835.4046496877388,4890.59621739939,0.2816935566038412,0.20116044100509115,0.19719466728783194,2.1766570096972973,1.3968656459983322,,,,,,,,,deltaI0.2,EKF-B
190,2580.394914671733,1803.045996259231,1845.931486008432,4891.390422721078,0.27461421301412225,0.19556580139881935,0.19278740444490478,1.525622312884787,2.007849575002183,,,,,,,,,deltaI0.2,EKF-B
191,2588.7844114341297,1841.890271380547,1819.13302346971,4906.192353309794,0.27701562168310295,0.20127464206247994,0.1903317449063519,1.0889876854003742,1.9118118529986532,,,,,,,,,deltaI0.2,EKF-B
192,2584.619099953785,1842.0015447386502,1813.087477488701,4889.78871790251,0.2688961215152631,0.19619984904117302,0.18387697898913846,1.245766110899276,1.1275682560008136,,,,,,,,,deltaI0.2,EKF-B
193,2583.8601916542184,1819.080728293914,1835.0146576976047,4899.554936106465,0.2797601009876957,0.20198728261254714,0.19356356001955718,1.5172712238977581,1.4215786409986322,,,,,,,,,deltaI0.2,EKF-B
194,2576.067025078459,1815.7480404124935,1827.3424340924093,4882.64615005363,0.30192217273997557,0.2064371398399523,0.22031955357327596,2.0244525480803213,1.9052373559970874,,,,,,,,,deltaI0.2,EKF-B
195,2586.1918823682718,1808.6559820505836,1848.5540270763477,4909.149471554065,0.2857247628604118,0.19934192163337203,0.2046984083747432,1.4970821432958594,1.3587747380006476,,,,,,,,,deltaI0.2,EKF-B
196,2585.2266775920352,1815.642055445049,1840.337170475245,4896.336313221839,0.29323692700672466,0.20187966653257894,0.21267932574898277,2.0488693523136043,1.9631328670002404,,,,,,,,,deltaI0.2,EKF-B
197,2588.3421388586735,1832.511184166794,1827.954536550378,4901.148569145528,0.304020509290969,0.21257736787706405,0.21734611276947086,1.6588953945696396,1.398617014001502,,,,,,,,,deltaI0.2,EKF-B
198,2591.0665465768143,1851.4448537122935,1812.671454635882,4892.138843896217,0.2729786767200763,0.19537572668681796,0.1906454388791972,1.5604990358321564,1.0858385229985288,,,,,,,,,deltaI0.2,EKF-B
199,2587.2040232466297,1823.2392247616817,1835.598917845064,4891.295434061799,0.27836252685271606,0.20193140693851952,0.19159698131144734,1.171002136792731,1.9315285960001347,,,,,,,,,deltaI0.2,EKF-B
200,2585.5744501805875,1815.773359210814,1840.6961578182652,4894.165149006954,0.2775722519774014,0.1993932273865769,0.19310281183911035,1.1092817039944716,1.4361404129995208,,,,,,,,,deltaI0.2,EKF-B
1,139.27965336444453,86.54714775272984,109.1256755176662,1037.4245214207886,0.24411262051812188,0.044618043929703484,0.24000042010819816,2.6205539655485204,1.5540701220015762,,,,-0.001699878792053597,-0.011985620343939546,0.0024271966638249407,0.012346496125687402,-7.843169603329443,deltaI0.2,EKF-G
2,152.6629325682696,100.73361240982395,114.7114218864512,1437.5135915541587,0.15192654348917786,0.03602337794153744,0.14759400685071938,1.5842724172127725,2.8820152440021047,,,,0.014820969236218678,0.011657305953589409,-5.570627447778422e-05,0.01885621951467334,47.17737217442482,deltaI0.2,EKF-G
3,212.78391235209295,94.39924506913252,190.69812764220057,2203.2456785723725,0.13506358279958577,0.02908566180114699,0.131894638542474,1.6212210884101013,2.138117059999786,,,,-0.007890024038971278,-0.004877472764476143,-0.0021091892195729085,0.009512670448812665,-38.17077232545125,deltaI0.2,EKF-G
4,110.57574024851974,72.61169232678658,83.39386349695158,746.761828322105,0.0641616851705651,0.019078781671308165,0.061259464035080084,1.0872447850561104,2.9909680130003835,,,,-0.004641872650928437,-0.002236096680441918,0.008019374726931297,0.009531919066099185,-52.85153797126986,deltaI0.2,EKF-G
5,146.56241146361972,90.82106440332495,115.03075551642036,1061.9192959288878,0.09078077474808927,0.02735231110651457,0.0865621172395625,1.0594326573537767,2.22525167799904,,,,0.00037715083348327196,0.0048807589680545105,0.0006195162497005327,0.004934354186627128,48.73873665555584,deltaI0.2,EKF-G
6,186.82068251352996,79.28539332690877,169.16203421518236,2239.918275799556,0.09780206619169354,0.024440094870357167,0.09469913365016781,1.0954351544015526,2.1200066979981784,,,,0.005738783412807004,0.02269083469365543,0.00716730691892684,0.024478110683302384,-61.26951415766234,deltaI0.2,EKF-G
7,198.9751041935645,118.86806292502618,159.5665243880804,743.604366073458,0.2167837447534382,0.04652573670661827,0.21173225501380344,2.670146569991521,1.6917373899996164,,,,-0.013691692861484021,0.01723612569085864,-0.005049943557876162,0.022584251419562808,8.161725893507537,deltaI0.2,EKF-G
8,211.60911238359034,116.95387269290897,176.3525109146502,1977.1201089974954,0.16066616851298768,0.04114714823384641,0.15530785523232762,2.311802915748112,2.1069954189988493,,,,-0.006592226114299907,-0.015250484228210459,0.004341356461991221,0.017172131209230453,-25.745082947571063,deltaI0.2,EKF-G
9,140.03127929164904,78.6370014800262,115.86622104084593,1404.3936892667964,0.1204241193581725,0.02577659319601567,0.11763305558557294,2.2698140015974224,2.09757679500035,,,,-0.008026025877202744,0.007891197030169078,-0.0022656156601611756,0.01148133686771906,-76.88246007334965,deltaI0.2,EKF-G
10,101.13829448564888,61.56867405979163,80.23872497731361,816.6667368160453,0.06501616477526335,0.01928699268481042,0.062089561081233834,0.9389154894239928,2.081864546998986,,,,-0.020053108019149717,-0.00683598248174927,-0.014746891958616684,0.025813341902155618,146.62945999061776,deltaI0.2,EKF-G
11,133.64441700625693,75.08389568396717,110.55875725541343,748.7840870636762,0.17398541515764998,0.03640270908691811,0.1701345569210236,1.9637227715561938,2.1337727530008124,,,,0.001816139784041395,0.00837467842949241,-0.0031125465608415016,0.009117101985060255,45.6024223649365,deltaI0.2,EKF-G
12,119.05432622124773,73.26171055604279,93.84377634344159,798.5308044850451,0.08307779070795222,0.021469084804728915,0.08025582662063652,0.9412209742517416,2.9278561620012624,,,,-0.00492814924445269,0.01159671571465598,0.0009602237833140441,0.012636949792421847,-74.2453239753886,deltaI0.2,EKF-G
13,141.16527972068104,75.92149137167718,119.01076987616906,1021.199847989559,0.1281694706986361,0.030217241823369295,0.1245565394339316,2.1654628057936325,2.9408987230017374,,,,-0.007542093940966023,0.002522614309111021,-0.0009364755717281083,0.008007730668755758,-64.6528000710532,deltaI0.2,EKF-G
14,218.2064298898409,111.0683381897427,187.82404078562197,1662.0113587817339,0.13328784928304788,0.02938723439879343,0.13000785061253362,1.8218314000548612,2.8817567309997685,,,,0.008091914393298986,0.0006581501765473563,-0.0026745151357273882,0.008547822612490477,-8.972036250837846,deltaI0.2,EKF-G
15,106.96014407207309,74.33624615275521,76.90640368549045,853.2139523731549,0.07049344210284923,0.02078894989721939,0.06735833238492962,0.7965257204159049,2.099017853000987,,,,0.0023673113169830787,-0.002978580557376098,-0.01886799987339211,0.019247792710610213,97.59507614430913,deltaI0.2,EKF-G
16,114.40704190445612,74.51660743680446,86.81155714210611,713.9536059283168,0.09582811275345132,0.024987924558744316,0.09251286840291292,1.2673341297729692,2.9458450799975253,,,,0.004669965761720664,-0.02794203001737519,0.0031431050721558293,0.028503416132143727,-20.25036592503602,deltaI0.2,EKF-G
17,150.50207021579308,86.31194763889177,123.2928255577782,1646.35905625953,0.11041143198480652,0.025282906445902257,0.10747771375770564,2.5006296493410014,2.8917239530019287,,,,-0.0255559484391854,-0.016286434349361445,0.004835363099238298,0.030687704064394233,-4.221383587711898,deltaI0.2,EKF-G
18,176.45389038731207,101.15554399237513,144.5805358698888,989.0929650375832,0.08827039133908814,0.028961106333737885,0.08338414901575535,1.2839506092148718,1.5361164340029063,,,,-0.011110567617213248,0.0053666772942419505,-0.0022233791152718465,0.012537517802476963,-149.18083775005653,deltaI0.2,EKF-G
19,209.11543127188207,111.17183946634594,177.1160232889567,1472.0155827102649,0.14855988536794063,0.03499548072280443,0.14437920857767395,1.6815178551851961,2.236791949999315,,,,-0.020390045116186226,0.053600164316370824,-0.0595292797494402,0.08265873639288937,-56.07871533020807,deltaI0.2,EKF-G
20,111.834346144122,78.1697515114318,79.9775651425092,626.328748499941,0.10051054544246178,0.021963464567405656,0.09808147617841756,2.5795955999636955,2.087802628000645,,,,0.0011261151532117701,-0.00023258792667710249,0.004798188445023356,0.00493404953723458,51.984884501143824,deltaI0.2,EKF-G
21,168.45645955160182,92.83602099580946,140.56689500136966,1534.385760930585,0.16710515241307908,0.0342593725029365,0.16355557880642108,3.2453388782332855,2.1505921130010393,,,,-0.002341510764372475,-0.012304397113948484,0.006924286409050155,0.0143117645058872,-94.0762912427308,deltaI0.2,EKF-G
22,168.25008019235415,110.36440886683744,126.995223296812,1055.7553267324733,0.15097540506464388,0.03777457278392846,0.14617337167016772,1.4898783861131293,2.888848462000169,,,,-0.004592297795535222,0.025939541349615763,0.004986346931962318,0.026810681830143627,-88.39586242724181,deltaI0.2,EKF-G
23,110.3420793490118,70.86322530566095,84.5800081245134,1106.7062508006404,0.10719314875492232,0.02680184618757164,0.10378840099419905,1.4211818843412856,2.1254408710010466,,,,-0.009709863033540045,0.0038194590012770036,0.021944474949399023,0.024298758980601142,8.748907626089931,deltaI0.2,EKF-G
24,178.64917125066762,97.72965404399324,149.54745437148625,2425.564693963438,0.13510285054229332,0.03464542042666492,0.1305851257537124,1.601404233681084,2.0979399390016624,,,,0.010190762669959783,0.0071956332315925575,-0.004680797672299053,0.013324362958432394,-15.691468433855334,deltaI0.2,EKF-G
25,159.09933851856263,84.6893994768558,134.6859500218702,1205.8766706715116,0.07641810184418965,0.0237209439883651,0.07264325919016704,0.8461193610633743,2.0992658649993245,,,,-0.00015243715611981234,-0.005832508163376854,0.011235121817449291,0.012659753189353598,-41.79527847030113,deltaI0.2,EKF-G
26,187.21467631082683,98.25143402031833,159.36119583863157,888.5915907983693,0.11001196151739534,0.031353587034908974,0.10544943933918881,1.4853888589827802,2.149657425998157,,,,-0.0059247639064951615,0.0033523380576108153,0.00022549078262707934,0.0068111558412110515,-145.28514393337537,deltaI0.2,EKF-G
27,131.57262757570354,69.64279219946502,111.62991454729739,1588.6626435448165,0.13468547870613448,0.026261410956825177,0.13210040298521933,2.21119915955351,1.5628546990010364,,,,-0.0007477788689955526,0.0020241629370294223,0.0012755823880167974,0.002506694887930815,79.74576651932148,deltaI0.2,EKF-G
28,122.36096590288922,75.78435807086142,96.06735683090007,1210.4615150165396,0.07452571176106655,0.020766772860936325,0.07157389788488436,1.341374292719385,2.9024501429994416,,,,-0.00044607366593741975,0.009115842783316008,0.016529256532497764,0.01888157548730236,-102.6766985693248,deltaI0.2,EKF-G
29,166.36840347032222,96.65993991790738,135.40790851471883,1140.098863809603,0.1290379349215302,0.03407817778435724,0.12445668502620019,1.2613862168045689,2.896174860001338,,,,-0.0007120104518274158,-0.04600434596741121,-0.0032946882091229213,0.04612766823900932,-54.768086400181346,deltaI0.2,EKF-G
30,118.29620168738121,71.61846298675088,94.15299832228906,850.1479553094701,0.11529594942345421,0.03120049747126943,0.11099407601760114,1.0304644575975979,2.881534157000715,,,,-0.005625971499508789,-0.005660808282154289,0.005424695534278842,0.009650058412269668,-173.2494541305714,deltaI0.2,EKF-G
31,111.597681477904,82.64457810762666,74.99277445631756,592.9090305100215,0.11142118848721061,0.028692582470303016,0.10766344298362082,1.3001483325190353,2.825954356998409,,,,0.011741780404433924,0.017981821775605367,-0.012101781523232387,0.024650931776945727,192.47813481119374,deltaI0.2,EKF-G
32,143.43659845982089,80.61520106083066,118.6391467250407,976.933178857638,0.07563029737413735,0.023630907495810143,0.07184373383827507,0.9766847863587244,2.2611696400017536,,,,0.0008472317722925919,0.016139953515638406,0.008723339190465359,0.01836607055945445,-7.01823253276234,deltaI0.2,EKF-G
33,140.2463785766652,68.49611758369997,122.38189645461964,1448.2724399519052,0.19932670088331658,0.037719735900281715,0.19572520330463358,2.0959446271769533,2.0710347489984997,,,,-0.01634638911353425,-0.004274100851824919,-0.002178398570929962,0.01703577986111793,-176.6502763281751,deltaI0.2,EKF-G
34,165.27690819099314,91.89533698657411,137.3743186381573,1177.7274329458119,0.057177724485189034,0.018459168490195164,0.0541160907305283,1.0579267309114968,2.917910532996757,,,,-0.008547903516338504,0.0013323666604717066,0.013649945542165969,0.01616053429644779,-113.14977077691583,deltaI0.2,EKF-G
35,191.7890842676151,110.74512829077449,156.58406497492095,1169.429985980299,0.06364242944078714,0.020189639919709408,0.06035509311597527,1.3327827929442058,2.1246371189990896,,,,-0.00023342702339161365,0.012521201721748115,-0.004529901549606401,0.013317469308434087,-47.53255981790426,deltaI0.2,EKF-G
36,108.12729232944591,77.55728570146127,75.34174660252683,734.053423537675,0.10471698908465797,0.025578540327765364,0.10154499533535494,1.9658626366507685,2.0860433659981936,,,,-0.018357621239865972,0.0025190354966772577,-0.0023866863039873174,0.01868272113300252,84.69335311822942,deltaI0.2,EKF-G
37,118.16916503092754,71.17252560397654,94.33145373234686,706.0125555968135,0.06281065250957141,0.018107728422082924,0.06014389611648234,1.0336119923323714,2.085063201000594,,,,-0.0033734806460043914,-0.0212810666749714,0.013322158256727671,0.025332668061434856,-132.72887412422278,deltaI0.2,EKF-G
38,207.95383752635567,108.12646898845591,177.63295090164556,1745.0929459069264,0.16220643238231075,0.0353569378064863,0.15830607586301104,1.9926575576958663,1.6313889689990901,,,,-0.0031822487729051383,0.007323639991808822,-0.0017611938337479757,0.008177054096819323,-19.45303618285834,deltaI0.2,EKF-G
39,115.1257657967061,66.60601287537762,93.90197548040754,1156.6950393065226,0.09166179396360091,0.021379510700673943,0.08913361315926441,1.9161288522768585,2.1115904840007715,,,,-0.0030265607693958515,0.003244783448581423,0.0076169726482248805,0.008815155247801363,39.137851198720455,deltaI0.2,EKF-G
40,175.13068569826956,99.40240339968683,144.1870981451253,1385.8332503864503,0.10329249227690157,0.0282051233122891,0.09936704674947493,1.4512060928577368,2.136010540998541,,,,-0.02138238523661663,0.04040611154666779,-0.06584088073775295,0.08015536055094412,142.3009434464184,deltaI0.2,EKF-G
41,192.84611109517525,104.94174274803663,161.7926240393473,1481.6864546119205,0.15439070506526378,0.03603412800888031,0.15012671790587076,1.8283330568978224,2.918508352002391,,,,-0.0054149113899494665,-0.004332639672313621,0.005319748559839603,0.008740294996796497,-108.95876906347985,deltaI0.2,EKF-G
42,234.58722512314745,133.28206306590405,193.04677634157645,1224.049229197623,0.2546967149653313,0.05645496026270045,0.24836113640396346,3.074726850767288,2.098917622999579,,,,-0.011540290724438828,-0.0028319879752696786,0.0008840700675241584,0.011915537997964383,-207.04735892448662,deltaI0.2,EKF-G
43,161.6264981536114,81.16992720046612,139.76611829649698,1217.4299322754218,0.14178704204654188,0.03493050511437045,0.1374169753151436,1.4632865989180202,2.086398317998828,,,,-0.005780522986768094,-0.003326188482785597,0.0050343566718917074,0.008355999217531702,-86.92684761339478,deltaI0.2,EKF-G
44,129.81262723089137,76.2398611455677,105.06570211582329,1069.3098213383546,0.13483381037487485,0.0282379378227135,0.13184375331326195,2.994308228483416,2.8956052719986474,,,,-0.00012616100137474031,0.012932021165259988,0.005948263640048307,0.014234989580204157,20.057555664810934,deltaI0.2,EKF-G
45,196.51317631449837,106.72714631313347,165.00528690035395,1133.155851573438,0.1798542448304849,0.04566940630372334,0.17395934787015455,1.7660683499129355,2.0750852179990034,,,,-0.002854007361239528,0.002795089311803306,0.0028115408072833027,0.004884940530854571,122.71261235010024,deltaI0.2,EKF-G
46,160.82560851923347,81.82831793915356,138.45216769278312,1547.0518215765594,0.1824627846205457,0.03870658726781987,0.17831003301430431,2.236398860823164,2.910445064000669,,,,0.00669988876907911,0.01705474369057622,0.03991581722771692,0.04392067004071983,-2.4065241762946243,deltaI0.2,EKF-G
47,189.41368773568217,102.17053487687615,159.49522533481544,1501.6976818223745,0.1943789547072163,0.044894550650859046,0.18912339187664623,2.096778367740219,2.880566160998569,,,,-0.000228067749493835,-0.00039835861279644,0.004779002640409329,0.004800996846467161,-21.09188438392448,deltaI0.2,EKF-G
48,175.17651273732886,103.70961795425067,141.17763901763945,1923.722761100282,0.13030785761868885,0.03366420151324173,0.12588430916380458,1.8001838592567345,2.0963016060013615,,,,0.012337880690193256,0.01386977901872491,0.02527883063522162,0.03136261067318734,-96.00086453717086,deltaI0.2,EKF-G
49,131.79783852803442,67.80325346325186,113.01941895293861,1174.5354931881695,0.07150823585608523,0.020481107898387127,0.06851242233715094,0.7783242896106108,2.8814792789999046,,,,-0.00017032977714225014,0.015468181822195504,-0.014705252273355457,0.02134333866902052,-204.46923079691624,deltaI0.2,EKF-G
50,192.8596825215252,100.09743920086426,164.84950654379514,2120.847756252815,0.11192774157888094,0.031439338469298736,0.10742154035183832,1.1479743972376866,2.1238738060019386,,,,-0.0024223386974194403,0.002703261864669043,0.00042932028647034746,0.003655087602556831,-242.9159282234832,deltaI0.2,EKF-G
51,155.6314264184015,93.04877220453042,124.75202154777183,1341.9040103336672,0.11303039263491003,0.027530543179667712,0.10962636020334879,1.771903720586538,1.5839564359994256,,,,0.001538836744639424,0.01894202713459317,-0.012021405600982962,0.02248738764547054,3.6393597028945806,deltaI0.2,EKF-G
52,143.41764361205284,93.37200160582944,108.85903644325897,901.5880245371201,0.1235646754129617,0.029769829882965497,0.11992491917299708,1.4393647708807247,2.8654634010017617,,,,0.005190731265531968,-0.02761024657508135,-0.01972818801595695,0.034328862628999375,97.92880225764384,deltaI0.2,EKF-G
53,159.26890867559257,83.44849334046808,135.65741494632758,1655.3247075685067,0.12439973049512695,0.025888457544559488,0.12167613041687249,1.9851565037684684,2.119904728999245,,,,-0.0045615694465664484,0.0008310682294611071,0.0007573250923747493,0.004698098712607961,-82.98496066055668,deltaI0.2,EKF-G
54,213.14307508032357,103.1487498429136,186.52159623094715,2379.2397401850303,0.13212508234761614,0.03688619097173992,0.12687177109570386,1.184557274850288,2.060518789003254,,,,-0.0005606361338254588,0.011424207212127752,0.00032644697980162654,0.011442612941579564,55.4463479755359,deltaI0.2,EKF-G
55,134.50918631093427,79.24941920848688,108.68417896431446,982.8521156022477,0.12106933100572533,0.025246002044640916,0.11840786414312128,1.9622571023318414,2.8844213810007204,,,,-0.003741385322936981,0.002632701793050307,-0.008264302305441305,0.00944604549330253,-63.17119711021223,deltaI0.2,EKF-G
56,113.55932602066899,80.36413396103627,80.23295145363409,741.7222616004576,0.08096483178319037,0.021377994867726853,0.07809151888083468,1.1180051450389856,2.1149008739994315,,,,0.0006696580651391442,0.0012601211897009523,-0.0005276498350110961,0.0015214340883937375,45.86606118347845,deltaI0.2,EKF-G
57,195.6207697316556,115.66821163254261,157.76042079094097,1324.9715662656415,0.15996045252367386,0.040893779896501344,0.1546449001336773,1.9026547966194578,1.711303375002899,,,,-0.008641986930798312,-0.003676713970869383,-0.0018419069896294033,0.00957051644866256,-188.92438905302697,deltaI0.2,EKF-G
58,162.13536819787703,84.60071683135605,138.3133989614956,1774.6716989631711,0.11717589549994288,0.030216084988628256,0.11321297935384234,1.617951733900222,2.252195543002017,,,,-0.004146098365314514,0.0014217504171022133,0.002077360121396472,0.004850456780279809,-43.752649543421285,deltaI0.2,EKF-G
59,126.76069829079975,68.36304376922013,106.74628273517936,1152.0833522429734,0.10343405729449354,0.023597114873825223,0.10070640683706308,1.726949096337228,2.1102453479979886,,,,-0.00430990229487587,-0.002701406944792678,-0.0004610582033652656,0.00510738993416802,-113.14249263810052,deltaI0.2,EKF-G
60,153.82597070563133,77.81918348083626,132.68987883748215,1380.377148144227,0.13849193549501707,0.030142373119145256,0.13517194065301494,1.7221307899667158,2.0972431320005853,,,,-0.0015135299308446412,-0.002313437223676329,0.007470324119989565,0.007965457117903009,75.76764651480335,deltaI0.2,EKF-G
61,131.25923964072828,69.74756639418939,111.19471648037185,986.5041671283763,0.17469564625819897,0.03557408790112453,0.17103523932679154,2.0477138311638896,2.1236863609992724,,,,-0.021551517155988922,-0.010418904838608384,-0.024346465410427544,0.03414340123277127,-93.8267555800121,deltaI0.2,EKF-G
62,135.608276038345,86.32682422524536,104.58147039163089,792.7864080760195,0.08207607260481697,0.025743723793487765,0.07793421828359992,1.0194997681740376,2.0731757810026465,,,,-0.014354891271011291,0.00017132938041253265,0.01836901688129348,0.023313366087813092,-56.927892269151926,deltaI0.2,EKF-G
63,141.22570390354173,77.38777900994108,118.13480055834249,1218.5980643783098,0.13142668079430248,0.031140327455392726,0.12768419021389607,1.9296229942764598,2.9107288240011258,,,,-0.009013505375973367,-0.0017989241206202988,-0.0029224982514850753,0.00964470855881004,-157.90060032399197,deltaI0.2,EKF-G
64,122.86569360976287,67.71153148418679,102.52378831409864,1103.0349986692534,0.10977694146227938,0.025773544171234373,0.10670848746780241,1.809043630488006,2.9098255610006163,,,,-0.005527151878559744,-0.016046126332055932,0.018994390645629605,0.02547183648957701,19.525001562971738,deltaI0.2,EKF-G
65,194.70491721979946,107.93576293693869,162.04899218689982,2036.9647206146024,0.19638417396251773,0.038932200453092536,0.19248643471897087,2.043576939853535,2.119723364001402,,,,-0.0005236545500315234,-0.010490619441699656,-0.013454861809121437,0.017069288698152895,-42.72719627270999,deltaI0.2,EKF-G
66,202.60779327564464,118.36302409781261,164.43878016589326,1505.7899953349029,0.10450199367048892,0.029395556815169775,0.10028244073930903,2.2156497980890926,2.835585369997716,,,,0.008668305590521109,0.0007752208495305779,-0.003625685608818818,0.00942794173243568,56.01191299944912,deltaI0.2,EKF-G
67,157.46564392485573,83.27088843515128,133.64650446566134,1383.6585532894067,0.16185355923628167,0.03436643023087974,0.15816296377672812,2.0612418358758795,2.851912486999936,,,,-0.02255021628052886,0.016633893897518737,-0.01625374997314142,0.03239418263642308,-41.91133208948304,deltaI0.2,EKF-G
68,142.57009485735668,77.66597449241047,119.55847253030599,1451.0664073144303,0.09808659478152683,0.02280767713168992,0.09539806046085023,1.457384121049869,2.890955490998749,,,,-0.012361043489338428,-0.0018914731240599614,0.009820330843543687,0.01590006177978603,-131.51581391124637,deltaI0.2,EKF-G
69,269.13529174953936,132.59228950643927,234.20736544470648,2503.37610281101,0.19065608436982073,0.040487462306138,0.18630756265713225,2.222755191482594,1.7711742520004918,,,,0.0008182363990787314,-0.0028538699332700534,0.00538457308363925,0.0061487975811415725,137.03592559006938,deltaI0.2,EKF-G
70,115.57433865886398,73.97179070675531,88.80091179751348,1049.8255872072218,0.09232853027187383,0.024027824407473065,0.08914718815760798,1.787580051507484,2.104276006000873,,,,-0.006703064237044059,-0.01044559910128029,-0.015487478726646074,0.0198470050148359,74.45065764639003,deltaI0.2,EKF-G
71,154.06916270065716,86.49896159335142,127.49602557944105,844.7787966135705,0.09856300344859907,0.026674539434790836,0.09488484913172567,1.903973603754058,2.3779357920029724,,,,-0.04376297870802823,-0.07851025132125598,-0.013728251490469096,0.09092591906003301,61.139572800653696,deltaI0.2,EKF-G
72,138.53660544176728,96.93560109371852,98.97413949071435,1025.6426154034891,0.08712105979216814,0.0261010777856555,0.08311926851060286,1.1383518382315974,1.8792973780000466,,,,-0.00395657210101767,-0.0005953113198826077,0.01153896269103886,0.01221296517408113,-75.69615101062664,deltaI0.2,EKF-G
73,144.27245408765546,77.67499626442076,121.57769517389639,846.7668731814316,0.15376375358060754,0.027055056871010792,0.15136484338479714,2.6338722685705354,2.120117897000455,,,,0.00861546252404641,-0.048317603548848814,0.01718265238952683,0.052000582211608824,-65.4597502773322,deltaI0.2,EKF-G
74,99.70792938482646,62.55768402966384,77.64153109679305,723.3046375892362,0.11167065384011786,0.020601906324538684,0.1097537989541791,2.000825060026532,2.4059865420022106,,,,8.103864113382362e-05,0.0008605746216417132,0.002930481577806458,0.0030553032940501376,-8.40158329832775,deltaI0.2,EKF-G
75,142.94103288673125,88.99790640476431,111.85486819219983,1287.68396059982,0.0784654014525543,0.023962819346951558,0.07471681547052092,0.9654025208271233,2.9252904749992013,,,,-0.004671122844530347,0.0009120635450872161,0.0008009554652360821,0.004826259234258132,-2.008242943280493,deltaI0.2,EKF-G
76,137.10524479460489,85.1733552576794,107.43997256299755,1214.8692946000422,0.08603715236001877,0.02188474902111074,0.08320726738995865,1.359680563891199,2.1388625660001708,,,,-0.009920195276689575,0.011097325083344184,0.005516479793292458,0.01587426998771528,41.37220968872134,deltaI0.2,EKF-G
77,179.71865660703565,87.74125270102584,156.84472610544583,1919.4387421965243,0.271501272176273,0.05156810468130533,0.2665589454002859,2.482922634797757,2.091422101999342,,,,0.0026070506947998046,-0.00414215140262203,0.0034779443133467554,0.006004184225541454,144.3647400744303,deltaI0.2,EKF-G
78,152.9596750067136,91.27385145794764,122.74260148046382,1136.4964073692308,0.0777072817242371,0.02441395536778772,0.07377249091815744,1.0455051536544702,1.4852919700024358,,,,0.006219177690741377,-0.009334214292948034,0.003677649341598353,0.01180384819859394,168.99209344819974,deltaI0.2,EKF-G
79,240.45696400725245,118.4513831465018,209.25778688083685,1629.658448578523,0.1136536897158471,0.03164590563724856,0.10915904837632293,1.7856589185975016,2.929884826997295,,,,-0.006836368492907237,-0.006947942869250157,0.0076160154786427655,0.012369864027389512,-9.586953258251015,deltaI0.2,EKF-G
80,204.55831476807595,126.07331498742816,161.08886798545691,1336.0523947508698,0.08355109335574441,0.028902844686914494,0.07839267038406345,1.4787252038446526,2.88127522799914,,,,-0.0029815279077679154,0.008056201076920372,0.0026823878463499273,0.00899928269446058,-17.292612641445885,deltaI0.2,EKF-G
81,143.56799893486183,78.72172976132204,120.06106605201319,1772.5844093127707,0.17660709637414848,0.03519368682956195,0.17306493260348987,3.405279329153884,2.9404749300010735,,,,-0.029390538471379766,-0.010183994936059232,-0.02594133390134879,0.04050271977382015,40.052897901652614,deltaI0.2,EKF-G
82,119.2237114127901,77.76723737941909,90.36896676079317,829.36225031016,0.06848145155528984,0.020730603474488133,0.0652683023120952,1.230639886804961,2.866968928999995,,,,-0.008235447876911082,0.015409846242415925,-0.0017481751559202492,0.017559671959464285,-37.16469965545548,deltaI0.2,EKF-G
83,149.77583397649806,86.00505057207066,122.62109002716902,1051.2922409128369,0.11280331487908547,0.0280234344184331,0.10926698939343887,1.3007399715795065,2.1315154830008396,,,,-0.005961621241740075,-0.00019546206580670078,0.00019846040530998424,0.005968125315508355,-85.27075593883637,deltaI0.2,EKF-G
84,232.0311389387779,110.64022193962992,203.95389362886874,1932.7604975865202,0.1155793609067615,0.028164805709064523,0.11209519341606972,1.2632889042455235,2.9008329800017236,,,,-0.004244280678376369,0.002320031279551271,0.001425321271998604,0.0050426187981392175,-56.380327909202606,deltaI0.2,EKF-G
85,147.9540821478436,73.4665638183925,128.4253651928968,1310.3335348594012,0.1647201016769306,0.03166019527385311,0.16164882904518624,2.3178222011673864,2.136702094998327,,,,-0.011977128196710313,0.007794474584061767,-0.002217989157560247,0.01446115174476338,-106.29497625921795,deltaI0.2,EKF-G
86,190.3529850956043,95.9147200704455,164.42209525673684,2559.1645379347187,0.20162402009635286,0.04420670068921469,0.1967181056588048,2.019177492387557,2.1521437159972265,,,,-0.008233577681241626,-0.013155742201025444,-0.024464398577442606,0.028971920061481218,48.53233926422399,deltaI0.2,EKF-G
87,146.81485677349716,73.54622185670026,127.06516210207859,1504.1690951079554,0.16800864919465636,0.031513373639839797,0.16502670537233954,2.2094093576233504,2.1371745210017252,,,,0.028269395687180027,0.01102208256230025,0.003193579801349344,0.030509735962084342,20.47917167700507,deltaI0.2,EKF-G
88,184.29601751467618,99.88319003019363,154.8817949959325,2087.141881483473,0.10623890425666631,0.028852566632685664,0.10224594943744002,1.154040261243215,2.3378579019990866,,,,-0.0019652574624731472,-0.0019126732339700414,-0.00026688655077615584,0.0027553192600381186,52.118541713840386,deltaI0.2,EKF-G
89,119.88201142271761,79.82507281912578,89.44078718447115,1227.495151152886,0.11974826139230707,0.02607516464339322,0.11687485570173012,1.568326261304101,2.159768928999256,,,,-0.0017428766510392657,0.001953019560584912,-0.013629022932624602,0.013878118407146282,-7.179555299655476,deltaI0.2,EKF-G
90,199.59807779248985,104.11494505472601,170.29231008682754,1939.5141419958943,0.12975293003093352,0.02744196208606149,0.12681782827536314,2.1115722856433266,2.1286499010020634,,,,0.007528410030551291,0.012862300430338564,0.0033591448388130005,0.015277420724602597,197.08031202411075,deltaI0.2,EKF-G
91,176.50012297867522,101.79543431253049,144.18731901457483,1725.1402163576965,0.09363498172629481,0.028008034464101907,0.08934797036497943,1.1507118014170519,1.5175286779995076,,,,-0.04681671467609763,0.028734117537405207,0.07257469964071742,0.09101945567655798,-21.377842334368324,deltaI0.2,EKF-G
92,96.86465084271352,55.572180871844395,79.33784277397396,917.4377727089961,0.0917579099542409,0.019657101953484007,0.0896276317993559,1.5874488873051793,2.934012392997829,,,,-0.007835734244220887,-0.002006127794293905,0.008424909452461493,0.01167914291184372,-46.76481926776614,deltaI0.2,EKF-G
93,161.2142684749087,91.72282807963958,132.5781398608866,1092.9537859229888,0.09768097061053295,0.029061365698779276,0.0932577559409276,1.645008818476278,2.1102692840031523,,,,-0.07035339197505094,0.000282881203348212,-0.0016478459910404981,0.07037325614592918,-37.86035892182554,deltaI0.2,EKF-G
94,173.00688388096177,108.58150763488511,134.6901558018847,1153.0315742280866,0.12142107194423968,0.031192292036321404,0.11734614450253174,2.106693471004185,1.749138931001653,,,,-0.004404494268997691,-0.003941918847735315,0.00432436034984241,0.007323823209434646,-190.70349445117608,deltaI0.2,EKF-G
95,163.95905142131537,83.75620309619582,140.95200951347354,1358.0560710842208,0.16316374012634935,0.03778430595291704,0.15872854915129544,1.8340435920187566,2.1011249250004767,,,,-0.004418011051833298,0.0019265981472419702,0.0015131898499167998,0.005051766581797757,-79.24536949970206,deltaI0.2,EKF-G
96,132.21478481949654,75.35790682896105,108.63671204166387,1270.8596849711687,0.12900584651427502,0.029638655182243644,0.12555500210606008,1.7929161140246417,1.5586989259973052,,,,-0.0034119041073202116,0.002367699925490324,-0.002681560839739068,0.004943466507617657,-74.88251385415788,deltaI0.2,EKF-G
97,179.80577831950194,93.7920586545135,153.40523997057656,1543.7180891060218,0.12887828756849382,0.034013527396841055,0.12430886115081148,1.499464691346064,2.755999521999911,,,,-0.0042099477002035856,-0.006140098942173655,-0.004663500351325551,0.008784799951333272,6.807924371911213,deltaI0.2,EKF-G
98,132.373196839406,74.47895403152613,109.43284994851385,1292.8886964422927,0.08211894476633315,0.02341179402927069,0.07871092039778901,0.8785909197713115,2.9041837889999442,,,,0.0002612411547674835,0.009253524964388388,-0.0060858470225518225,0.011078515477689519,5.1299153578147525,deltaI0.2,EKF-G
99,159.85218843348756,108.32007481090791,117.55629944811345,968.990870175118,0.15451090719063867,0.03814117160649819,0.1497293273522519,2.643081345940925,2.879835436000576,,,,0.015066702142754814,-0.00957653520829313,0.011146269168555779,0.021046492734706834,-127.03276016009477,deltaI0.2,EKF-G
100,167.83876808646957,92.52591742616696,140.03144888641927,1253.8682641552584,0.08679200988406023,0.029169486229202974,0.08174346489377084,1.2353300394860165,2.4704969329977757,,,,0.015147802200646203,-0.03286615064121898,-0.004876631310693226,0.036516041713494006,-77.3204619370299,deltaI0.2,EKF-G
101,165.41059777646205,78.69082279492588,145.49371211369953,1711.956733983153,0.13919787504271777,0.03533391042402205,0.13463863929257175,2.2823985440042693,2.8869883610022953,,,,-0.012410226981633144,-0.02110478904384719,0.004180232674400184,0.024837475707749985,-49.052755144177354,deltaI0.2,EKF-G
102,123.86865576322765,85.02156819765445,90.0820560478089,744.996030597441,0.10079246469885245,0.02621170626618664,0.09732454672221477,1.3429293573889602,2.1243996169978345,,,,-0.007304469774323745,0.01938324325993457,0.01817840637246769,0.027559387805253983,6.529542150456109,deltaI0.2,EKF-G
103,156.19365494592688,101.06285660078609,119.09138029704846,1199.8436909462248,0.08815967958444239,0.027288990389755376,0.08382982827096443,1.0086952547299195,2.0864130689988087,,,,0.018525705115029406,0.04503936933727992,0.023440534702091193,0.054048174876020365,33.44906921740767,deltaI0.2,EKF-G
104,141.81996653783986,82.56957701588601,115.30467406055875,1087.3615370405164,0.18474195365520268,0.030303748788819432,0.18223960121138646,3.7689310910709954,2.876523178998468,,,,-0.008839528711529132,0.01199104895612399,0.020833691079946048,0.02561181772004349,-22.4678552908008,deltaI0.2,EKF-G
105,186.90204526324172,104.33901644337729,155.0669022429077,1087.647399237995,0.14040161212085278,0.033801602721191745,0.13627202331958355,1.759038929629495,2.6248376590010594,,,,-0.007552246629007199,-0.004708126875717644,-0.004050562251025088,0.00977803366595937,-54.09461793262744,deltaI0.2,EKF-G
106,224.76880175433158,84.25656866763268,208.3790893502381,2225.4028247704478,0.11294215943011385,0.028560192868041248,0.109271436158209,1.3977126276495042,2.1032300840015523,,,,-0.012153868698029613,0.007416978370982513,0.014546894551157956,0.02035534901609588,-68.64522068625229,deltaI0.2,EKF-G
107,131.13237353502055,74.42017846745837,107.96914571209592,1010.2725116637766,0.11542128561101866,0.027863114124855193,0.11200767850181362,1.4118549104659646,2.360353058000328,,,,-0.001836031552245568,0.0027601433195857394,0.0009090643765132158,0.003437411969220509,11.637463360595575,deltaI0.2,EKF-G
108,138.22365711897746,76.55951230732805,115.0844058185501,1121.2883043513225,0.06903936566998016,0.019878896358064987,0.06611553139541834,0.8669407155480165,1.6981349979978404,,,,-0.0029831717308251957,-0.02477518978940277,-0.004319392361702066,0.02532521457067742,30.568187683347787,deltaI0.2,EKF-G
109,166.21983000718524,108.05151281476209,126.30875846931144,853.7407259378466,0.09149359399224218,0.023067911412029643,0.0885378405242866,1.9568384733652284,2.048540559000685,,,,-0.010718260688985024,0.005333903444215388,-0.0012855634483644402,0.012040943132870663,122.38677965318493,deltaI0.2,EKF-G
110,157.90054920217324,84.95744262354638,133.0970186789124,1260.082475344758,0.13540774892839125,0.03459890358812753,0.1309128501727531,1.2503061990382962,2.1551251739983854,,,,-0.012033234523240894,-0.022679242688269402,0.03543283090143043,0.04375651137481256,4.749050023994641,deltaI0.2,EKF-G
111,117.2839786828162,76.16389425165688,89.18852430718715,604.3214578270675,0.12080328906236883,0.026215631549961226,0.11792444746838088,1.5730910628610744,2.1317985730020155,,,,-0.003072101282742936,-0.0006762438634605461,0.004656324438646795,0.005619294380279274,-35.14574638348131,deltaI0.2,EKF-G
112,139.87657757346264,82.22133584161219,113.15966103734021,1062.6213080754806,0.14961438764700677,0.032520670981488704,0.14603722453505671,1.9611331290358087,2.3488613400004397,,,,0.0022735749711869035,0.010759971596370987,0.0015660264138156498,0.011108490925102575,60.37361516087549,deltaI0.2,EKF-G
113,198.04877768120755,106.74893895900753,166.81721245766713,1302.7045013355705,0.1016960971550511,0.025166984423118398,0.09853283245505587,1.9208092140849806,2.075542488000792,,,,0.00919128677764128,-0.03136522011267989,0.014951139120792272,0.03594152676716708,66.76872217367054,deltaI0.2,EKF-G
114,111.55162438974621,66.32401596763837,89.69330972773538,1100.6468026569491,0.13091988798708556,0.028220050114843926,0.12784226938718948,2.054679754657025,2.073909345002903,,,,-0.002345505707479524,-0.0011215758045849955,0.0024012988388440013,0.0035391475559353345,49.8784381233927,deltaI0.2,EKF-G
115,156.898434907523,92.14574297396616,126.989294541729,938.1329571313116,0.10687607254039984,0.023499826048005136,0.104260505741025,1.5903565767184398,2.7168720070003474,,,,-0.0034171490829258753,0.001503179656134307,0.004794227301164341,0.006076271253720222,-78.82688907401462,deltaI0.2,EKF-G
116,140.1597799409703,85.6080660440491,110.97757855215148,1094.3085874379044,0.12839427598352465,0.03386166867460884,0.12384860717789484,1.2349107625896487,2.7362953800002288,,,,0.042315644772310604,-0.020784696735496183,0.017812328080457913,0.05039738527472227,6.85241208885418,deltaI0.2,EKF-G
117,223.33447881922817,100.14452264309594,199.6230548159273,1849.726597462247,0.17036229853505616,0.03479302426265839,0.16677157499048112,1.948042602339869,2.4443932009999116,,,,-0.0061933840136375205,0.00106781584198834,-0.00016038588347537885,0.00628680839889369,-142.39166972167004,deltaI0.2,EKF-G
118,122.72034612911118,65.93487964181499,103.50301928286063,1335.183956822543,0.08282156677698106,0.021890763208929853,0.07987619426039586,0.8403309857969737,2.8739726160019927,,,,0.0003855508600159086,-0.007744973329524757,0.012711789811875308,0.014890361364386213,-83.95201271012047,deltaI0.2,EKF-G
119,141.70094197052916,85.69204925920045,112.85401919778508,987.2415881559116,0.1050783398603223,0.025621395071308666,0.10190682814414997,1.9186668107398934,2.1037982330017257,,,,-0.0048880318397117005,0.0012462440431497412,0.00280904934991668,0.005773797513888835,-110.98370238457574,deltaI0.2,EKF-G
120,176.1737118573831,99.25456874701388,145.55310828853004,945.9757633876222,0.187367576893903,0.035658828987040765,0.18394308028943526,2.2428201481960497,2.9562008489992877,,,,0.0003183840473471222,-0.0124088244451446,0.015042985754168722,0.01950312059420611,-137.58564548177674,deltaI0.2,EKF-G
121,164.50992644225926,92.11815896602855,136.30025930550184,1551.9713446870412,0.23880492456732666,0.046061211174500225,0.23432062824844224,2.636223509234229,2.1172695720015327,,,,-0.002055180540275579,-0.00782403946510371,0.0029570310899423467,0.008612978199874501,-27.719622819626238,deltaI0.2,EKF-G
122,140.12248352065055,82.15321611321333,113.51281632595789,922.3950562511291,0.24698000415554994,0.047609003843388065,0.24234790117868923,2.325436317658885,2.091620441999112,,,,0.0014935967475079176,0.0040445839439637865,0.0013669399621923802,0.00452305376755289,110.24195502725343,deltaI0.2,EKF-G
123,170.9676995322818,98.70846356394702,139.594389228957,1223.6763329204891,0.1806834432619845,0.036390251970709594,0.176980948778435,2.9943877158135654,2.140804067003046,,,,0.0023314474931768235,0.007473308536140921,-0.01180740196523108,0.014166888474832433,86.78200054023182,deltaI0.2,EKF-G
124,125.49035190119578,74.22630416186054,101.18440685578443,857.1614860062252,0.07014923409477376,0.021505683541857726,0.06677140570244752,1.0741714924457324,2.17019228099889,,,,-0.0007948357025430054,0.0063812162907788406,-0.0004271028600055434,0.0064446956481096305,-117.11760959775711,deltaI0.2,EKF-G
125,228.45777703637964,123.51026669041059,192.1930537518664,1771.1453353372178,0.12413933167273015,0.03404786106068142,0.1193788793101386,1.6148276550085663,2.1358043879990873,,,,0.01897802442337213,0.006125319563333259,0.004631695705712985,0.02047284923691332,79.97479126052349,deltaI0.2,EKF-G
126,111.76563155352125,70.10322473145558,87.04650641357468,1051.455694319453,0.12292373394456411,0.026285365256049294,0.12008048942367806,2.418866796662531,2.1393150120020437,,,,-0.005864633304084572,0.003442612851203203,0.0018791807096998434,0.007055269461498645,-90.02243878007721,deltaI0.2,EKF-G
127,199.9105648859782,114.62938129464303,163.7813753057357,1033.5073130022251,0.05296664447073701,0.01962074555178289,0.04919849357939373,0.6511425251479983,2.1360260530018422,,,,-0.002594769544687635,-0.0025858591657926255,-0.02137531158214148,0.02168694173573083,-75.6549654933915,deltaI0.2,EKF-G
128,198.62897189529448,92.25229554770428,175.90617511150856,1893.8150773826167,0.2198498602986848,0.04183685428356481,0.2158324319860363,2.4161488608098383,2.477246336002281,,,,-0.007064189784868341,-0.03212154070512657,0.005572007768146191,0.03335780905809048,-89.41225262478838,deltaI0.2,EKF-G
129,258.89442713446675,145.77962955803224,213.95005026222037,1310.6605015266803,0.07973626423544243,0.025371927907437756,0.07559191166046852,1.316712216570824,2.2576707160005753,,,,-0.0098953345011724,-0.0003572445909027777,0.0038383091438101164,0.010619693294595587,-115.99544584798423,deltaI0.2,EKF-G
130,213.19400771091597,112.98849416070006,180.7907218613266,1869.2994008632159,0.1217265875687544,0.02949011191729624,0.11810036164313374,1.870635691395905,2.931272963000083,,,,-0.004166748922644775,0.024158692358116157,-0.019075862405552868,0.03106272266807993,-74.64355253042595,deltaI0.2,EKF-G
131,176.96593602754706,99.93776238420529,146.0458358315772,1103.395160471129,0.07705640015237397,0.02545004004014807,0.07273227802288086,1.0422920235404798,2.101641107998148,,,,-0.0022071094578347598,0.001902630834323793,0.001315089090273946,0.003196997898957842,-77.12244942927646,deltaI0.2,EKF-G
132,257.04792191475934,123.94419759251767,225.1920736701076,1905.1368867816172,0.15323149939451755,0.037019862429918435,0.1486923743584786,1.307861110619757,2.63249137800085,,,,-0.014266055784508281,0.00971047707349354,0.0070537657331092496,0.01864321119493989,-105.41331589644687,deltaI0.2,EKF-G
133,136.6060678504179,83.4491052422167,108.15481777445892,1103.460762696226,0.08553141408405239,0.021918561758438718,0.08267526501716908,1.3436564166261404,2.1544613930018386,,,,-0.00566064151154599,-0.014359739147303069,0.009278196481690688,0.01800916157553381,-156.44534941578604,deltaI0.2,EKF-G
134,169.09870591114657,77.25082014651869,150.42168436603367,1992.8180657372748,0.27905850413167466,0.04894707260259093,0.27473229299054847,2.9351756626897894,2.1372958990032203,,,,-0.00483979249691906,-0.00447765280461862,0.0018559105489315008,0.0068496255384931995,-75.16708261240274,deltaI0.2,EKF-G
135,145.1990988853654,80.79857072450804,120.64149073183235,1213.8957610330785,0.10850334448746948,0.025943795436694214,0.10535604037408315,1.5427969088055138,2.1320503989991266,,,,-0.016233266793038516,-0.010574812006013068,-0.0016853746993357112,0.019447007163408102,-65.03350152912026,deltaI0.2,EKF-G
136,176.3445803488269,119.66286143613087,129.53073230442732,837.9137766316417,0.1304040102200866,0.0349887049305659,0.12562243592910563,2.2686763260529386,2.911460667000938,,,,-0.007275408546369885,0.0020926938999197287,0.012159405746754533,0.014323480212209614,-217.0453537358626,deltaI0.2,EKF-G
137,168.98159033051107,85.04550004945975,146.02068617824673,1652.7799203068787,0.11578937175700282,0.031820395319065393,0.11133122227668121,1.3610105006117632,2.158439003997046,,,,0.012766469931944491,-0.05345711553023677,-0.0074553179489725745,0.05546375141528561,4.509447755786823,deltaI0.2,EKF-G
138,194.66572041983278,78.64940571613751,178.07024930366916,1571.2825293131016,0.22317626485136613,0.04673088693255001,0.21822893804329513,1.9472695170252632,2.8979709220002405,,,,-0.012416507367567048,0.013967008812140302,-0.009943376685509738,0.021168791422213746,-177.33868182998413,deltaI0.2,EKF-G
139,137.0090917334309,78.91983265170701,111.99621079235784,1239.8126296682508,0.08557735250737301,0.022529941301468497,0.0825583733313803,1.5481931970676082,2.1195206019983743,,,,0.011296733165036424,-0.004681405460291166,0.033785736698781266,0.03593059617603155,246.66890744785633,deltaI0.2,EKF-G
140,131.44748941353416,79.48683505993846,104.69138228753746,1011.9742515339849,0.07724779299157183,0.02360087229917503,0.07355420007577247,0.9959531029835313,2.0783039550005924,,,,-0.0016262167247569825,0.0021110782395665217,-0.0032625447105505854,0.004212532511185191,49.308754306228366,deltaI0.2,EKF-G
141,143.6828314435315,91.1341254572311,111.08252440764906,765.7301852238855,0.10620015871769334,0.0276346332080578,0.1025417025366722,1.6629313917002246,2.0397910150022653,,,,0.0028390842600056676,0.013906557326766905,0.0037314538964312288,0.014675710691454028,34.87205926495517,deltaI0.2,EKF-G
142,134.089908311081,76.4166165118646,110.18441011210585,938.1112586848209,0.12444891586758577,0.0238910194923812,0.12213415512555077,2.9755938501270767,2.3638811579985486,,,,0.017243334898241803,0.0035924466857252813,0.005167285961729289,0.018355901389280418,-32.28108031309239,deltaI0.2,EKF-G
143,169.5418458265827,83.54080704437617,147.53091555555076,1376.299754638372,0.1282210665686285,0.03035871951572029,0.12457523855631378,1.4283625808765066,2.0942052270002023,,,,-0.0029080417312401705,-0.002145933921105736,6.328748968729208e-05,0.003614656887000132,-9.82305031074793,deltaI0.2,EKF-G
144,128.4257256078482,79.89051022436269,100.5518442098071,732.315043096833,0.09808647709357035,0.02613284654252545,0.09454116204179171,1.3343593996534813,2.6571024789991498,,,,-0.009605463216173464,0.0021847538117021614,-0.0018611343831608945,0.010025063291929497,53.055285545757215,deltaI0.2,EKF-G
145,108.23744578086675,72.84911963297442,80.05217322388349,907.8107926959639,0.0746082183402427,0.02282604948501009,0.071030681460994,0.9728357501016109,2.122393813999224,,,,-0.0007193365705322167,-0.001623157886481097,0.0008364742456837444,0.001962594148020171,13.416752828852623,deltaI0.2,EKF-G
146,109.2846909015441,59.714477099819554,91.52772743896334,1176.8083736706387,0.15126798876266784,0.027485664657733083,0.1487499333197338,2.4766670966733924,2.08389043599891,,,,-0.008072221667710074,-0.011481435719823352,0.007191732726713987,0.015770388341875812,-66.47178737531794,deltaI0.2,EKF-G
147,216.7244629112091,111.03441752812003,186.12052801435732,1503.5882191879878,0.10047137072441402,0.028589597964719795,0.09631786554662809,1.7378888881162662,2.1433131140001933,,,,-0.04864786305124641,0.02032921751186234,0.02279049373194792,0.05743951835316339,47.23985652722331,deltaI0.2,EKF-G
148,126.37316898457247,74.39987411813748,102.15104781845662,917.6945272237459,0.10354294508795561,0.025590662463793958,0.10033075038168289,1.7319991777772894,2.9695751149993157,,,,-0.02778391938733265,-0.02462618885625409,-0.0008975234490622987,0.037137594193045256,-4.746151345454564,deltaI0.2,EKF-G
149,203.54305624500998,89.70808377918001,182.7080607149748,2197.4071755472623,0.20454013507140548,0.03402255014230653,0.20169068629176473,2.9056077194545957,2.3433172719996946,,,,-0.006148279275250551,0.004108373002502136,0.0022338216297777126,0.007724637586827399,-42.83962717461691,deltaI0.2,EKF-G
150,147.67686600784322,75.8301236064471,126.72114704235214,1436.0402772723087,0.09420766967992047,0.02369277673986287,0.09117969816179487,1.5977916376432575,2.0923587560027954,,,,-0.002859581507930975,0.005763359037685739,0.00025590819050790725,0.006438866577259053,-56.26294556920038,deltaI0.2,EKF-G
151,157.8208644827255,78.49175222013986,136.91774939534676,1478.2208407449632,0.09632085976613927,0.02553965768434749,0.09287321417639542,0.8625526839019835,2.9405300750004244,,,,-0.00019701307704417023,-0.027145404553889002,-0.0037855692660906117,0.02740880036074534,54.36009197453677,deltaI0.2,EKF-G
152,206.94053764335703,101.36958998826172,180.4122843537362,1319.8462597659434,0.09333839139434126,0.023619284456286232,0.09030052441628605,1.2510468200154188,2.0610788550002326,,,,-0.0033848211290658293,-0.003160389711099637,0.0006154164904140572,0.004671596585587039,-41.719362620962784,deltaI0.2,EKF-G
153,170.6918577299632,82.77550985314882,149.27801333035373,1510.4143844150701,0.1893943932931855,0.04094420173321209,0.1849156795821378,2.284525794400441,2.0766865110017534,,,,-0.009059170224682576,-0.033041129658158475,-0.017731287015699683,0.03857697957953856,39.61009464077506,deltaI0.2,EKF-G
154,162.17673997789836,85.53526703030654,137.7861135380232,1686.2892084502078,0.12787775836268359,0.02994412842581144,0.12432244470200626,1.576539588750802,2.122723087999475,,,,-0.0009533470848432594,-0.0010083232908541517,-0.0068336688938643725,0.0069731353833141375,8.46995966333634,deltaI0.2,EKF-G
155,135.81658116000662,77.61469450256729,111.45448808938033,868.6069307904648,0.09154149124424957,0.02272525628725785,0.08867585548445228,1.1103581833591736,2.9240598079995834,,,,-0.0022398581154874793,-0.0028401739175034635,0.009218707367449768,0.009902934806705269,-52.73236458598694,deltaI0.2,EKF-G
156,238.75016212229073,115.77343802922522,208.8017024842309,2099.533252133456,0.11653195583269813,0.03168904892048738,0.1121405408793308,1.6595512103067473,2.1350553999982367,,,,-0.025166335825540894,-0.007014424120627666,-0.005267919423103839,0.02665140858709462,-19.811231218911416,deltaI0.2,EKF-G
157,138.26835526628273,82.07220823096911,111.27574175953814,1719.4837409745708,0.13359921118992849,0.027572235438754904,0.13072307012720052,2.1817942385529134,2.238359209997725,,,,-0.004053717542154877,0.0032697926366971053,-0.006861234431009171,0.008613983266517211,3.8056569368272903,deltaI0.2,EKF-G
158,168.43527243184414,96.25074938303378,138.2253024680864,1115.9912763577126,0.10145696440348542,0.02791877013612826,0.09754003229472574,1.621658858629169,2.1599285929987673,,,,0.007113707773447638,-0.009137195824932526,0.016368520512948955,0.020050477540747114,-1.3379234080930473,deltaI0.2,EKF-G
159,157.2094518500736,81.41416098601198,134.48623030609616,1146.152552881203,0.08287306765765212,0.02147279405818143,0.08004289136659616,1.2407644927965793,2.1223331010005495,,,,-0.0018714061786121812,0.0008294915096608013,-0.001374502154303989,0.002465658821113235,-13.066320206213277,deltaI0.2,EKF-G
160,163.0192123057799,95.71334062987327,131.9629493693847,1049.5893229123983,0.11132521043399131,0.03186409755084298,0.10666762285456075,1.2007074925947248,2.913849027998367,,,,0.011189809033361696,-0.014781720483480337,0.005470854752041498,0.019329804405962835,-96.96573917257774,deltaI0.2,EKF-G
161,134.69106378760367,87.42343674826371,102.46377589840547,782.8764082020052,0.06718760322487428,0.020923448358850696,0.06384656087744776,0.9445220050127667,2.1400722639991727,,,,-0.023641806313825404,0.0006961586507553408,-0.03006350506636045,0.038252241496708875,8.169352596865792,deltaI0.2,EKF-G
162,216.77698834341834,82.20035364349145,200.58754830778375,1797.9717591131823,0.1954701482513815,0.03782963854517782,0.1917746002601968,2.21515702806291,2.1349672169999394,,,,-0.002869538039160095,-0.0006470976734929412,-0.0018808654147598667,0.003491509511037675,74.35166507344547,deltaI0.2,EKF-G
163,115.59790683879226,77.17735119796403,86.06121383977927,878.8494781824757,0.13680056729203763,0.026964020019346027,0.13411687752039125,2.3105929904015547,2.4188820410017797,,,,-0.0063961000183057285,0.012654240590979748,0.008239375202224935,0.01639900009456702,-50.81982802533457,deltaI0.2,EKF-G
164,212.70515159956108,96.84566298449697,189.37898267253814,1560.6450342884368,0.15300908917992623,0.03714389590982772,0.14843218104006456,1.9657549267365793,2.166133566002827,,,,0.000739757335444448,-0.02937720617936812,-0.019146821327662957,0.03507375444365626,8.35387545863341,deltaI0.2,EKF-G
165,104.95816614298955,69.12321986002799,78.9822582374145,1094.7446984512785,0.09439486660874072,0.02333918864278332,0.09146405368000332,1.2210650331535406,2.1002408559979813,,,,-0.004206624984002616,-0.014722897317818201,0.0022557393550250056,0.015477330494140842,-23.375861811466166,deltaI0.2,EKF-G
166,142.54181519154542,66.67389693984609,125.98714436384164,1215.2642271486045,0.12096073296504362,0.02825676975237922,0.11761400376911592,1.2274214365166358,2.15314954600035,,,,0.0010639831494969173,0.00927859871064643,0.005236850155012404,0.010707429837345487,-75.97947151184053,deltaI0.2,EKF-G
167,148.59831271306612,76.38033388226796,127.4656939619577,1538.687845070088,0.15016545669852327,0.030861925699883167,0.14695987863213195,1.5994916924339109,3.0037007739992987,,,,-0.011303251808970764,-0.005525031409557596,0.006392418191184297,0.01411213959201732,47.59356272478908,deltaI0.2,EKF-G
168,175.10885584112975,100.8532491478006,143.1493399576862,1156.1298963736801,0.17985296492205474,0.04116825541504861,0.17507787906339042,2.255170923124913,2.9009002999991935,,,,-0.033364198543740904,0.014795459388736165,-0.006729774700122093,0.03711287149365173,-136.15720290371974,deltaI0.2,EKF-G
169,205.3252728482713,115.85217407900468,169.51914768363204,1246.7416256985932,0.09590891092899191,0.0328323158120964,0.09011414003362664,1.132381782051453,2.152718299999833,,,,-0.07360508467100856,0.042799391727744995,0.033075943880162655,0.09134284036121809,-44.658545120459166,deltaI0.2,EKF-G
170,189.00964662264184,97.17401109431879,162.11680383062438,1863.743009596825,0.12180250245314328,0.02662028397332611,0.11885794077396535,2.503215307149797,2.8961855770030525,,,,-0.006480468660361624,0.0023112267427936317,0.0040071091709053186,0.007962108202108733,-46.13524747442716,deltaI0.2,EKF-G
171,172.02591896674807,98.31247708252116,141.1650581633179,1036.120192350032,0.20702047467228152,0.04305955323474758,0.2024928438458028,2.1656407274957976,2.125327727997501,,,,0.013801021225327878,0.0029705498803753727,0.0006263554399668904,0.014130982789279904,-84.1112008847631,deltaI0.2,EKF-G
172,154.19743202111536,93.24794458713066,122.80744632220758,906.6384697829418,0.11519771421378452,0.028477118832683296,0.11162243082405081,1.1311939927922432,2.131494001001556,,,,0.016314140023249737,0.004311877892580668,0.01764417198674963,0.0244143453886588,-71.22525175737246,deltaI0.2,EKF-G
173,183.9057032118688,100.6952921111217,153.8888099262186,1221.5191970086823,0.18101894374128072,0.04026859253050869,0.17648313927630824,2.919754887421623,2.420351442997344,,,,0.0018684869484837398,0.013092959542637589,0.014296137903286403,0.01947553316373087,-185.28841291008575,deltaI0.2,EKF-G
174,167.30861081608708,89.136074994939,141.58718652372997,1374.1986797369598,0.14366422221044883,0.029926576273633168,0.14051266411207083,1.796306889412432,2.081006651002099,,,,-0.0033738499528934867,-0.019369616026117503,0.02254061486365163,0.02991060358694455,-69.35824184116791,deltaI0.2,EKF-G
175,134.92879586439,89.66249347841215,100.82865275628711,981.0913711953375,0.12466869189215704,0.02628461940864825,0.12186632644272205,1.888155162488152,2.127220706999651,,,,-0.016909999042943043,0.010887413216978975,0.011324579192381704,0.023080942963278336,41.45675988622679,deltaI0.2,EKF-G
176,230.57276800543096,110.9818565980579,202.10598420564986,2027.230389265045,0.14911410226635122,0.04151614324583134,0.14321810410940183,1.5505586077107127,2.1644267669980763,,,,-0.03586807619942585,-0.12110423600876603,-0.0419012379382235,0.13307317013684744,135.01742931879562,deltaI0.2,EKF-G
177,179.1666502924175,88.41817870539488,155.82976048055227,1601.2042652422363,0.16208258295625744,0.0357339730319603,0.15809442390268927,2.1494196411441333,2.1021835779974936,,,,0.005623636348191154,-0.003920180802980872,-0.001068000684098271,0.006937847560013903,-28.010731505703006,deltaI0.2,EKF-G
178,213.80226241548945,112.25161230146851,181.9642353587721,1753.885866287941,0.11384558583890346,0.028893353708764648,0.11011807992542984,1.3052422897992686,2.9072044770000502,,,,0.001773835487556956,0.010057874039935022,0.0011249129730197443,0.010274860180897032,94.14890504354844,deltaI0.2,EKF-G
179,185.8255615679813,72.30300598097995,171.18240171866378,2151.0117369030527,0.1594360130573657,0.03149153123785628,0.1562949958249579,1.939515356934515,2.121561299001769,,,,-0.00326614704497267,-0.012363048857108538,-0.013441831886090001,0.018552507593760537,-125.03283002893295,deltaI0.2,EKF-G
180,179.1541678518133,97.28059001089223,150.44169191353967,1227.7778800867918,0.19804251101784748,0.039161958274627616,0.19413185517670864,2.768157329150236,2.2262463490005757,,,,-0.008845032230057826,-0.005734595566910056,0.004608144727864269,0.011504572104156218,-182.29370021034265,deltaI0.2,EKF-G
181,134.52969615790929,85.75575593679093,103.65418212522322,1361.6842465874229,0.1410013457715211,0.03349064777786868,0.13696625869460985,2.1266828275203116,2.095445386999927,,,,-0.002807307596833631,-0.0006363892099577606,0.007156698810564207,0.0077139033591899255,-102.92797505900671,deltaI0.2,EKF-G
182,117.87493453589309,84.89478312615884,81.77637794500033,618.2260978149246,0.06585047317996268,0.02122369985635866,0.06233650120460872,0.7367522134950969,1.9516573379987676,,,,-0.00013616657914973868,-0.0065899090047056574,-0.0026254561632539333,0.007094960330597072,-42.4947745316822,deltaI0.2,EKF-G
183,164.34761388541367,98.9527950220551,131.21921561704355,1359.5982623489324,0.15572161094228282,0.03634509111915116,0.15142078610943843,1.9376523760891384,2.1283140829982585,,,,-0.029637938810566606,0.01372701412196689,0.002253517257022499,0.032740138571351024,4.157394458918134,deltaI0.2,EKF-G
184,126.99534484770437,67.91651191450343,107.30873693392569,1277.814095037573,0.0903999006664327,0.02435826756655942,0.08705640034860619,1.0550025929550626,2.9700748860013846,,,,-0.02231353572446936,0.015138607595821557,-0.01870141371897567,0.03281484712071241,-99.46112130340771,deltaI0.2,EKF-G
185,230.82593685957178,95.30637632238611,210.2315574774509,2690.444869303086,0.24487810327668627,0.05067711197913621,0.2395769516999528,2.011795562132444,2.9149948569975095,,,,-0.007826937545796539,-8.012676499247195e-06,-0.006205801755999101,0.009988643100218656,-169.59041728074226,deltaI0.2,EKF-G
186,177.719055202478,98.97229995047172,147.60943880584082,1532.4596710696721,0.11555018096414446,0.0297404747590603,0.11165728136557972,1.3959365228114158,2.142965777999052,,,,-6.393542127106583e-05,-0.0002258106605176613,0.006163657311494747,0.006168123673049948,98.85182767209335,deltaI0.2,EKF-G
187,185.2974110461965,113.01663978365096,146.8413077864522,1025.6358137391803,0.08579105075498938,0.027718334588220123,0.08118989048705907,1.2292563373127676,2.5888638500000525,,,,0.008856885131786056,-0.0202661006454726,-0.011516320598042053,0.024935614885680392,-65.15306661139039,deltaI0.2,EKF-G
188,228.28126613425428,131.25807216306288,186.77166530256784,880.0108284717371,0.14633950443039323,0.04061206257508521,0.14059129037863777,2.239857887557223,2.1282675600014045,,,,0.08454272152405287,0.03670117642570697,0.0390625537426615,0.10010160447576621,16.7340054579181,deltaI0.2,EKF-G
189,136.53005053403464,74.61516997185664,114.33735657647938,1187.985881849112,0.10895026274237941,0.024547835515929487,0.106148780130138,2.1766570096972973,2.885718909998104,,,,-0.003789830996999106,-0.007673231841395761,0.002341695949558742,0.008872702282721134,-168.96920535506797,deltaI0.2,EKF-G
190,108.3116616897146,74.00076454252607,79.09047290988217,628.0896635293941,0.09053121512742679,0.021994592000600683,0.08781878406796317,1.525622312884787,2.0973337210016325,,,,0.0015641972346468612,-0.011381459970538521,-0.025065545337979507,0.02757291981528532,67.33954898623051,deltaI0.2,EKF-G
191,166.85734342276461,98.5173408169616,134.6688776683649,867.8215380217293,0.09669999534233831,0.026364205965416346,0.09303664731180587,1.0889876854003742,2.127062854000542,,,,-0.00023725538218762523,0.0004984182619936217,0.0019166133743455862,0.0019945219244185087,18.78747830746579,deltaI0.2,EKF-G
192,207.87606411496526,116.21231362722624,172.35764036832356,802.5085930628514,0.07431331346418328,0.02382796738470839,0.07038960525773132,1.245766110899276,2.579997064000054,,,,-0.0036961389802876265,0.00525138086318791,0.008231167491707051,0.010439854530039814,-52.68866925839393,deltaI0.2,EKF-G
193,128.83993642285765,75.74737051405724,104.22123141496712,769.0716043191557,0.10466966277445933,0.026611322276882985,0.10123031083620612,1.5172712238977581,2.838223154998559,,,,-0.004705242173404636,0.02415399771806076,-0.006021189973510089,0.025333962153038132,-68.56590325875004,deltaI0.2,EKF-G
194,134.09143153425043,84.02301108046758,104.501892900924,688.7441822312974,0.15566470533411453,0.03240911716745382,0.1522535701098104,2.0244525480803213,2.9526248130023305,,,,-0.0067659605654183785,0.001419354955349006,0.01777089498938776,0.019068232733683462,5.402570216545428,deltaI0.2,EKF-G
195,145.40505664005155,73.4567695380892,125.48598927977838,1839.3119894852484,0.12353440525501783,0.029090974627773342,0.12006025352679055,1.4970821432958594,2.0948403729998972,,,,-0.015935291889147923,0.00020948433458178872,0.01161845778395451,0.019722220274510472,-183.57162982791488,deltaI0.2,EKF-G
196,118.56395867335787,78.40167307662351,88.9414973737454,989.7285532073121,0.13650682505651582,0.027488439625646333,0.13371050435159315,2.0488693523136043,1.6472919719999481,,,,0.0110478086182309,0.009721190202321067,-0.0019877616735767055,0.014849471730863038,-96.69366793489462,deltaI0.2,EKF-G
197,156.4316607184464,95.10637433418826,124.20000819700613,1582.4596407080119,0.15912660861348452,0.03997238130636395,0.1540243042559444,1.6588953945696396,2.0899596529998234,,,,-0.012011239685252886,0.023983444751664862,-0.010098575700055068,0.028661066485783416,-107.54839350978727,deltaI0.2,EKF-G
198,236.9993415439857,115.896599534329,206.72848402835578,2180.197694340766,0.08569252181070135,0.02137818003874163,0.08298302062776863,1.5604990358321564,2.3270584259989846,,,,-0.0017776308929680722,-0.00028824858027581834,0.003956745631785057,0.004347285915409248,73.3221082702803,deltaI0.2,EKF-G
199,182.1386167287793,85.91431796111446,160.60263283380408,1907.2746173371156,0.10409244251898549,0.030054597095362234,0.09965920821983155,1.171002136792731,2.3908764369989512,,,,-0.003597720211042079,0.0033698823555889934,-0.0006311599174973043,0.004969714342787308,8.654340005959966,deltaI0.2,EKF-G
200,138.73965252155992,78.17369932912567,114.61921267834047,1172.0161541769291,0.09855500154883232,0.02517822347896435,0.0952845496013581,1.1092817039944716,3.263453223997203,,,,-0.012979065533675928,0.010788645893607396,0.021077764920691838,0.02700228131838222,31.8774563674815,deltaI0.2,EKF-G
1,132.54124592844533,77.77433047590449,107.32350810185726,1037.4245214207886,0.24359181773818545,0.040508977239048734,0.24019990930897453,2.6205539655485204,1.0587271109980065,,,,,,,,,deltaRIC0,EKF-B
2,133.49492826101783,79.47929584987978,107.25640961090194,1437.5135915541587,0.1492627393553571,0.029003871412989553,0.1464176929299326,1.5842724172127725,1.3866368679991865,,,,,,,,,deltaRIC0,EKF-B
3,189.39989548630132,66.47845863010684,177.34975316697523,2203.2456785723725,0.1316202441103059,0.02051213907226264,0.1300120794785495,1.6212210884101013,1.8716326969988586,,,,,,,,,deltaRIC0,EKF-B
4,93.52125175121994,56.35002925655762,74.63845343990026,746.761828322105,0.061776229471370646,0.01408917330518365,0.06014813150278189,1.0872447850561104,1.3712684990023263,,,,,,,,,deltaRIC0,EKF-B
5,117.72674221525166,66.49483473278795,97.14948680500342,1061.9192959288878,0.08250788231821095,0.018195961783530116,0.08047644139378964,1.0594326573537767,0.9352029239998956,,,,,,,,,deltaRIC0,EKF-B
6,180.5501216360838,68.50242088379845,167.05018633890708,2239.918275799556,0.09550655291560659,0.019594863873365845,0.0934748252718657,1.0954351544015526,1.8827485449983214,,,,,,,,,deltaRIC0,EKF-B
7,173.10580733370384,93.2753197616116,145.82638737904227,743.604366073458,0.21417150987039466,0.03783345105515348,0.21080338142786478,2.670146569991521,1.3796702199979336,,,,,,,,,deltaRIC0,EKF-B
8,194.85479004174212,101.56907454396313,166.28924288267797,1977.1201089974954,0.15787573184301862,0.03370250720218867,0.15423646687231637,2.311802915748112,1.367522155000188,,,,,,,,,deltaRIC0,EKF-B
9,130.70183338374446,67.05213886254039,112.19171058429716,1404.3936892667964,0.11912124341021017,0.021292276413019055,0.11720285660659525,2.2698140015974224,1.3827536030003102,,,,,,,,,deltaRIC0,EKF-B
10,95.92225544445884,55.685820007316714,78.10357571625474,816.6667368160453,0.0630881182898836,0.015613248616387704,0.06112558496244608,0.9389154894239928,1.779611264999403,,,,,,,,,deltaRIC0,EKF-B
11,107.15724726327402,58.637634772516236,89.69004085921381,748.7840870636762,0.17066145179809697,0.028644290612419767,0.16824041055925124,1.9637227715561938,0.9398182820004877,,,,,,,,,deltaRIC0,EKF-B
12,112.01848440427858,61.01969831107227,93.94007273925929,798.5308044850451,0.08157461191418028,0.017506880235616848,0.07967387560150999,0.9412209742517416,1.3567575329980173,,,,,,,,,deltaRIC0,EKF-B
13,112.09270451615194,61.071128302551216,93.99516845880258,1021.199847989559,0.1257648699178935,0.023959694647914767,0.12346147390114605,2.1654628057936325,1.897285595001449,,,,,,,,,deltaRIC0,EKF-B
14,214.70867514318795,104.70583915225208,187.44733241410964,1662.0113587817339,0.13167207252058344,0.02504197867489768,0.129268843832966,1.8218314000548612,0.9945414370013168,,,,,,,,,deltaRIC0,EKF-B
15,86.02939738529417,57.40643362316623,64.07463299267403,853.2139523731549,0.06730968519674511,0.015329002002637634,0.06554094459868624,0.7965257204159049,1.366622236000694,,,,,,,,,deltaRIC0,EKF-B
16,109.69605637638779,66.3503080175634,87.35480187434523,713.9536059283168,0.0946095610994449,0.021496731852133927,0.09213500730507948,1.2673341297729692,1.377942073999293,,,,,,,,,deltaRIC0,EKF-B
17,137.8860257141593,71.63726142313111,117.81620798107438,1646.35905625953,0.1067948935759491,0.01852175538983006,0.10517648915597817,2.5006296493410014,1.8820563549998042,,,,,,,,,deltaRIC0,EKF-B
18,138.34430921821885,69.4969926891381,119.6215528248653,989.0929650375832,0.08239801706672184,0.019573340302615996,0.08003947504778984,1.2839506092148718,1.3966497919973335,,,,,,,,,deltaRIC0,EKF-B
19,202.73300156413399,100.782251458124,175.90795239054606,1472.0155827102649,0.14445755842401178,0.028287084734177556,0.14166095800561368,1.6815178551851961,1.4941551400006574,,,,,,,,,deltaRIC0,EKF-B
20,92.36592067550689,61.045882054594095,69.31712332757769,626.328748499941,0.09791413906219315,0.01611920163723717,0.09657820647987096,2.5795955999636955,1.9947120480028389,,,,,,,,,deltaRIC0,EKF-B
21,152.1105080414113,76.31283129335688,131.5825156949353,1534.385760930585,0.16573757541067144,0.028846163505875773,0.16320797392897285,3.2453388782332855,1.8984917009984201,,,,,,,,,deltaRIC0,EKF-B
22,149.7436158686544,92.93926927481967,117.41142499808817,1055.7553267324733,0.14964284466199798,0.032382059769602595,0.14609717027927935,1.4898783861131293,1.9093094609997934,,,,,,,,,deltaRIC0,EKF-B
23,103.30028605479535,64.46387320705468,80.71776849088016,1106.7062508006404,0.10459520802115363,0.021995308342426675,0.1022563638699811,1.4211818843412856,1.435238300000492,,,,,,,,,deltaRIC0,EKF-B
24,162.25241192054324,75.04926981896902,143.85218897769062,2425.564693963438,0.13268940378835345,0.02772448236868761,0.12976066798185434,1.601404233681084,0.986236642998847,,,,,,,,,deltaRIC0,EKF-B
25,130.72384519883576,62.32951855081665,114.90759252892116,1205.8766706715116,0.07267417478061113,0.017053967433453405,0.07064487153942262,0.8461193610633743,1.387445699001546,,,,,,,,,deltaRIC0,EKF-B
26,176.1465049808081,88.2717609600597,152.43256684174784,888.5915907983693,0.10542900014540292,0.024448568628954358,0.10255506600677841,1.4853888589827802,1.3870639410015428,,,,,,,,,deltaRIC0,EKF-B
27,123.33199727743278,57.45925516609492,109.1293523677213,1588.6626435448165,0.133923831997593,0.022356119460084325,0.1320446769074996,2.21119915955351,1.3985225329997775,,,,,,,,,deltaRIC0,EKF-B
28,113.94473539514861,63.375780564519246,94.69378629090896,1210.4615150165396,0.07190270399255737,0.015995029863396237,0.07010105463622063,1.341374292719385,1.4178583120010444,,,,,,,,,deltaRIC0,EKF-B
29,144.88767318363978,68.88343670483707,127.46572083623077,1140.098863809603,0.12751182517695767,0.027384972354978464,0.12453645590378781,1.2613862168045689,1.4051504070012015,,,,,,,,,deltaRIC0,EKF-B
30,105.79752544022631,63.81800592169776,84.38233529272274,850.1479553094701,0.11409173586106904,0.027334122820556788,0.11076899350189412,1.0304644575975979,1.4145226459986588,,,,,,,,,deltaRIC0,EKF-B
31,98.40887366036603,64.5164879386679,74.30968442377886,592.9090305100215,0.10900952039315595,0.02226778266602658,0.10671092442428044,1.3001483325190353,1.9146277180007019,,,,,,,,,deltaRIC0,EKF-B
32,125.12580080781835,64.77855281571334,107.05234758238453,976.933178857638,0.07152301764483031,0.0171986458382501,0.06942440949949195,0.9766847863587244,1.9051060790006886,,,,,,,,,deltaRIC0,EKF-B
33,133.72956526997328,60.710285924051014,119.15476411086557,1448.2724399519052,0.19784448748123767,0.0325717884031582,0.19514486882040605,2.0959446271769533,1.0960262139997212,,,,,,,,,deltaRIC0,EKF-B
34,163.70502400796033,91.5888975873419,135.68643529911995,1177.7274329458119,0.05560533593150107,0.0156674326210189,0.053352459541439294,1.0579267309114968,1.4272923780008568,,,,,,,,,deltaRIC0,EKF-B
35,188.7977463296942,103.16700244359221,158.11754686300762,1169.429985980299,0.06149256164625401,0.01619803204517855,0.059320813343056236,1.3327827929442058,1.8975579739999375,,,,,,,,,deltaRIC0,EKF-B
36,89.20181375047291,54.72822977769858,70.43993499268355,734.053423537675,0.100953405154344,0.01812432526347445,0.09931313531452376,1.9658626366507685,2.0271059639999294,,,,,,,,,deltaRIC0,EKF-B
37,111.35264252377672,63.18072929928993,91.69300105372196,706.0125555968135,0.05780425283164976,0.013882616546275775,0.056112428242363205,1.0336119923323714,1.4323235299998487,,,,,,,,,deltaRIC0,EKF-B
38,200.04296054550665,98.99405567001673,173.83142122704044,1745.0929459069264,0.16110459394672952,0.031233074772286342,0.15804804722301813,1.9926575576958663,1.3807541530004528,,,,,,,,,deltaRIC0,EKF-B
39,112.00952140089906,62.86020109908004,92.70775589044145,1156.6950393065226,0.09021126843156693,0.018009774036296087,0.08839525434769548,1.9161288522768585,1.8763123000026098,,,,,,,,,deltaRIC0,EKF-B
40,168.80164377011533,84.43064563173176,146.16928890058216,1385.8332503864503,0.10050363533017088,0.0222530246406764,0.09800909962305245,1.4512060928577368,1.9008885849980288,,,,,,,,,deltaRIC0,EKF-B
41,184.05720144688388,91.08655507858799,159.93840341948572,1481.6864546119205,0.1532150389849421,0.031341705889800925,0.14997515008518758,1.8283330568978224,1.3871940869976243,,,,,,,,,deltaRIC0,EKF-B
42,166.8721925046645,89.08542214165166,141.10321113694587,1224.049229197623,0.2483998953783867,0.04071593804841678,0.24504024243546393,3.074726850767288,1.3569807579988264,,,,,,,,,deltaRIC0,EKF-B
43,151.2042524021632,67.27102859373754,135.41541513593504,1217.4299322754218,0.14048813303215657,0.029823764658778555,0.13728604657589466,1.4632865989180202,0.9734331489999022,,,,,,,,,deltaRIC0,EKF-B
44,123.16633486556736,65.34341480743119,104.40394717404631,1069.3098213383546,0.13394042038855347,0.02432121932120743,0.13171375973903468,2.994308228483416,1.4514251279979362,,,,,,,,,deltaRIC0,EKF-B
45,151.93161443126084,75.65471209312538,131.75575889423436,1133.155851573438,0.1730325418023564,0.033565852800231964,0.16974567460874332,1.7660683499129355,1.3433065250028449,,,,,,,,,deltaRIC0,EKF-B
46,155.4629900021366,73.53584579473988,136.9716052459657,1547.0518215765594,0.17966819449524007,0.03257378770469637,0.17669071415258017,2.236398860823164,1.9095017640029255,,,,,,,,,deltaRIC0,EKF-B
47,176.2056766082137,84.5761197829437,154.5811127900804,1501.6976818223745,0.1932614020240011,0.03951746618274485,0.1891780626256073,2.096778367740219,1.3957137270008388,,,,,,,,,deltaRIC0,EKF-B
48,160.05332706958706,80.85173232122247,138.13060807330717,1923.722761100282,0.12525575161270255,0.025239040931266558,0.1226865686411226,1.8001838592567345,1.3888309959984326,,,,,,,,,deltaRIC0,EKF-B
49,121.52711324522015,63.51542293156309,103.60806099691874,1174.5354931881695,0.06832469363287028,0.01586620954185748,0.0664569571587464,0.7783242896106108,1.9095230210004956,,,,,,,,,deltaRIC0,EKF-B
50,179.4962952730692,83.90736721814964,158.677262842776,2120.847756252815,0.10741983706388288,0.023975351578836547,0.1047100946017256,1.1479743972376866,1.0185842699975183,,,,,,,,,deltaRIC0,EKF-B
51,149.62257142228643,84.02399128147736,123.8017882267757,1341.9040103336672,0.11220241094090805,0.023882120283881623,0.10963131556128755,1.771903720586538,1.388902989001508,,,,,,,,,deltaRIC0,EKF-B
52,133.85408069668438,75.88082710767634,110.26792369773462,901.5880245371201,0.12205159510019105,0.02493752541171752,0.11947682491948354,1.4393647708807247,1.3996977110000444,,,,,,,,,deltaRIC0,EKF-B
53,155.44402174182653,78.91920751109016,133.92013508466505,1655.3247075685067,0.12372773822950503,0.023210014866283952,0.12153126518429651,1.9851565037684684,1.3916080889976001,,,,,,,,,deltaRIC0,EKF-B
54,199.51150137682166,77.50334464461477,183.84251616677673,2379.2397401850303,0.12966589128244244,0.029716413624507314,0.1262148094455139,1.184557274850288,1.897696910000377,,,,,,,,,deltaRIC0,EKF-B
55,119.28104435184927,63.90080977095245,100.7206734105982,982.8521156022477,0.11981379341991041,0.020390753428467752,0.11806592339997345,1.9622571023318414,1.9169694269985484,,,,,,,,,deltaRIC0,EKF-B
56,98.16213402553083,62.890598311087324,75.36960395623515,741.7222616004576,0.07855736322775207,0.01634628337149601,0.07683787046265485,1.1180051450389856,1.4010196859999269,,,,,,,,,deltaRIC0,EKF-B
57,152.50143514831228,80.63628917583486,129.43908447700812,1324.9715662656415,0.15593939674920884,0.030146108222350306,0.1529977372955349,1.9026547966194578,2.012051421999786,,,,,,,,,deltaRIC0,EKF-B
58,155.15232327025916,76.48036927438058,134.9925795435193,1774.6716989631711,0.11535549803100735,0.025709031947720895,0.11245415333500496,1.617951733900222,1.8671243630014942,,,,,,,,,deltaRIC0,EKF-B
59,119.04715151525102,62.51235497803426,101.31352209352595,1152.0833522429734,0.10233859338025293,0.020319507788901934,0.10030107326577069,1.726949096337228,1.4665560810026363,,,,,,,,,deltaRIC0,EKF-B
60,148.79432481466637,69.38526053704479,131.62612475211313,1380.377148144227,0.13736425733908314,0.02619482476554528,0.13484350317987231,1.7221307899667158,1.2913196430017706,,,,,,,,,deltaRIC0,EKF-B
61,100.78547605704908,52.51563454942231,86.02220824832119,986.5041671283763,0.1710534102994536,0.027137872632449142,0.16888695936648926,2.0477138311638896,1.4150684679989354,,,,,,,,,deltaRIC0,EKF-B
62,116.49913235653945,69.39002720291676,93.57922827532279,792.7864080760195,0.07840855390893603,0.019134227599261047,0.07603803430040919,1.0194997681740376,1.1916968279983848,,,,,,,,,deltaRIC0,EKF-B
63,131.06202148244398,66.00155912844866,113.23006521096113,1218.5980643783098,0.12855352310211088,0.02495143288958693,0.12610881927415463,1.9296229942764598,1.3978481789999933,,,,,,,,,deltaRIC0,EKF-B
64,115.28635178319242,62.624510237495244,96.79418177241777,1103.0349986692534,0.10772667211273618,0.021344883504822058,0.10559087002506679,1.809043630488006,1.3583066780010995,,,,,,,,,deltaRIC0,EKF-B
65,188.81588156898832,97.16829666225058,161.8942841993845,2036.9647206146024,0.1950125979623831,0.034250093282715104,0.19198136491379414,2.043576939853535,1.9164336299982097,,,,,,,,,deltaRIC0,EKF-B
66,181.5756938129288,88.3479145162504,158.63284207337327,1505.7899953349029,0.09976128626411855,0.019631746613900602,0.09781057592080218,2.2156497980890926,1.3926896999983,,,,,,,,,deltaRIC0,EKF-B
67,147.55511226521776,69.0217261615155,130.41668786350073,1383.6585532894067,0.15965701965771323,0.02785025064225317,0.15720918378118723,2.0612418358758795,1.9326974729992799,,,,,,,,,deltaRIC0,EKF-B
68,127.89398191333628,58.2842514091715,113.84119046865804,1451.0664073144303,0.09631161935805235,0.01759505005232377,0.09469077165715034,1.457384121049869,1.4093807809986174,,,,,,,,,deltaRIC0,EKF-B
69,263.6429193372743,114.3144424036651,237.57061513288983,2503.37610281101,0.18904070790893182,0.03435863120190625,0.18589210232993084,2.222755191482594,1.382281554997462,,,,,,,,,deltaRIC0,EKF-B
70,99.32277000276575,56.122539161525815,81.94677076667088,1049.8255872072218,0.08982546391847371,0.01829303509748137,0.08794304313071805,1.787580051507484,1.8694517889998679,,,,,,,,,deltaRIC0,EKF-B
71,118.53219447104075,62.31923166971115,100.82754827038836,844.7787966135705,0.09267380124675456,0.01727910812093029,0.0910487004853346,1.903973603754058,1.902010435002012,,,,,,,,,deltaRIC0,EKF-B
72,100.13658490186441,66.60261843895452,74.77584404661263,1025.6426154034891,0.08084743346077046,0.017183229572077848,0.079000279231576,1.1383518382315974,1.4126930120000907,,,,,,,,,deltaRIC0,EKF-B
73,137.3286565047853,74.05421332590942,115.6509117391212,846.7668731814316,0.15314316504665523,0.024122732259817845,0.15123135517751676,2.6338722685705354,1.0091416760005814,,,,,,,,,deltaRIC0,EKF-B
74,85.35359512132476,55.26465961748897,65.04654946650221,723.3046375892362,0.11063316065084049,0.017229790694031796,0.10928325831633379,2.000825060026532,1.8775211890024366,,,,,,,,,deltaRIC0,EKF-B
75,124.01594840921013,67.22301931392211,104.216222989302,1287.68396059982,0.0723902624554592,0.01691702119134542,0.07038582593379035,0.9654025208271233,2.0622005330005777,,,,,,,,,deltaRIC0,EKF-B
76,129.6357012830581,71.43892815535693,108.17529566016458,1214.8692946000422,0.08430866393037371,0.017311232184252512,0.08251225396259391,1.359680563891199,1.4088111130004108,,,,,,,,,deltaRIC0,EKF-B
77,173.28409385121105,72.45398339501428,157.40964859890363,1919.4387421965243,0.2705990120766738,0.04648266198368932,0.26657679469860457,2.482922634797757,1.4145756299985806,,,,,,,,,deltaRIC0,EKF-B
78,147.1725266114479,76.55457881006042,125.69466596642671,1136.4964073692308,0.07480421726781061,0.01905243147220391,0.0723372364418685,1.0455051536544702,1.4117836260011245,,,,,,,,,deltaRIC0,EKF-B
79,232.74909224571635,108.9965149327997,205.6499445020809,1629.658448578523,0.11124918406707167,0.02617987506263038,0.10812490507415144,1.7856589185975016,1.4010903889975452,,,,,,,,,deltaRIC0,EKF-B
80,173.7801728199849,96.84504369753645,144.29340240137827,1336.0523947508698,0.07650372151805057,0.01960404591211586,0.07394931230232699,1.4787252038446526,1.4210693200002424,,,,,,,,,deltaRIC0,EKF-B
81,131.32071983413243,62.75192444128932,115.35739003925767,1772.5844093127707,0.17385924468338862,0.028571208739103845,0.17149554802695302,3.405279329153884,1.7043786389986053,,,,,,,,,deltaRIC0,EKF-B
82,83.70062855666379,54.73548877433667,63.323151290938334,829.36225031016,0.06417446563490942,0.013646714192900124,0.06270669207718955,1.230639886804961,1.3547371740023664,,,,,,,,,deltaRIC0,EKF-B
83,135.95927826254982,71.36269600103412,115.72506627838862,1051.2922409128369,0.11022360113746264,0.02202798110597338,0.10800004766714381,1.3007399715795065,1.376108855001803,,,,,,,,,deltaRIC0,EKF-B
84,226.94178676600885,102.4374345576012,202.50715192754504,1932.7604975865202,0.11448627386014286,0.02456978025077969,0.11181874977305026,1.2632889042455235,1.3588381610024953,,,,,,,,,deltaRIC0,EKF-B
85,139.46213506573872,63.57364459588438,124.12928272527208,1310.3335348594012,0.1625930978166656,0.025942150825425506,0.1605101874279968,2.3178222011673864,1.7198745890018472,,,,,,,,,deltaRIC0,EKF-B
86,180.74972016077407,74.34950460042506,164.75015175674199,2559.1645379347187,0.2003906937625754,0.03785867759593623,0.19678198768518737,2.019177492387557,1.4364733999973396,,,,,,,,,deltaRIC0,EKF-B
87,138.75707051696966,60.691281561420375,124.78017855766873,1504.1690951079554,0.16604568466472727,0.025674414101122846,0.16404875451018247,2.2094093576233504,1.8868984619984985,,,,,,,,,deltaRIC0,EKF-B
88,178.2512860289826,89.42928262598785,154.194436929441,2087.141881483473,0.10506435879130342,0.024684396882705267,0.10212345489046493,1.154040261243215,1.893274747999385,,,,,,,,,deltaRIC0,EKF-B
89,110.50168707075667,63.02617060913222,90.76521725766975,1227.495151152886,0.11842916305382555,0.02113321848707028,0.11652833877648539,1.568326261304101,1.4202727859992592,,,,,,,,,deltaRIC0,EKF-B
90,191.36042708085037,83.6650378016776,172.10164003346776,1939.5141419958943,0.12801591458314043,0.02091219736686136,0.12629629601792505,2.1115722856433266,1.8832657439998002,,,,,,,,,deltaRIC0,EKF-B
91,164.74919051034544,93.96452846826044,135.3253973338027,1725.1402163576965,0.08729711286646659,0.021333401433485326,0.08465029177798722,1.1507118014170519,1.3903169320001325,,,,,,,,,deltaRIC0,EKF-B
92,92.2376274959236,53.18584434173591,75.35944458217166,917.4377727089961,0.09061205105428924,0.016659777528390467,0.08906736556657358,1.5874488873051793,1.4105513629983761,,,,,,,,,deltaRIC0,EKF-B
93,98.44879841019409,59.05984457733078,78.76611369689736,1092.9537859229888,0.0755847044866705,0.014624996762896645,0.07415630129680531,1.645008818476278,2.08442786699743,,,,,,,,,deltaRIC0,EKF-B
94,146.4333780931895,86.60326626185758,118.07882321805545,1153.0315742280866,0.11776571610642143,0.023246216917388735,0.11544859154224428,2.106693471004185,1.4239996940013953,,,,,,,,,deltaRIC0,EKF-B
95,151.366614377885,73.5135973852493,132.31629887395886,1358.0560710842208,0.16132921859354743,0.03196187072907218,0.15813145035540113,1.8340435920187566,1.0266215599986026,,,,,,,,,deltaRIC0,EKF-B
96,124.76598957269279,63.720109805000156,107.26742171084385,1270.8596849711687,0.12815695450277867,0.02546601519439887,0.12560130197392833,1.7929161140246417,1.378889015999448,,,,,,,,,deltaRIC0,EKF-B
97,174.82154167217382,84.79712661793606,152.87909847319656,1543.7180891060218,0.12728252984945712,0.02973941182023319,0.12375948363444525,1.499464691346064,1.3719083389987645,,,,,,,,,deltaRIC0,EKF-B
98,119.41567518858862,58.62212955425569,104.03628889608932,1292.8886964422927,0.08017337955083785,0.018679093583755975,0.07796705875876037,0.8785909197713115,1.9254486780009756,,,,,,,,,deltaRIC0,EKF-B
99,135.72628279814188,80.3078228407869,109.41790270688784,968.990870175118,0.15093920625756646,0.029223385862430066,0.148083212095091,2.643081345940925,1.4194947480027622,,,,,,,,,deltaRIC0,EKF-B
100,149.11095180933262,71.44762900120443,130.87899854289594,1253.8682641552584,0.08226593158277912,0.021152253443992165,0.07950009857493019,1.2353300394860165,1.3551568450020568,,,,,,,,,deltaRIC0,EKF-B
101,154.42026505967598,66.22226734316526,139.49992677070097,1711.956733983153,0.13603235730634192,0.028790896838116732,0.13295069196351403,2.2823985440042693,1.8739655499994115,,,,,,,,,deltaRIC0,EKF-B
102,111.85587866127877,72.03609348885219,85.57183430283627,744.996030597441,0.09868212662446683,0.021145456366096032,0.0963899983929704,1.3429293573889602,1.0292195040019578,,,,,,,,,deltaRIC0,EKF-B
103,140.80696990857166,79.93002937503763,115.92149575872037,1199.8436909462248,0.08561387714553859,0.02065160415362171,0.08308578221196145,1.0086952547299195,1.4166527039997163,,,,,,,,,deltaRIC0,EKF-B
104,131.04039151777383,69.82732680443192,110.88610661610639,1087.3615370405164,0.18382645569586525,0.02600807951327244,0.18197732170173078,3.7689310910709954,1.8643884739976784,,,,,,,,,deltaRIC0,EKF-B
105,178.23324384873465,88.9413706605052,154.45556577175566,1087.647399237995,0.13810201587666962,0.027636072795937442,0.13530858904599352,1.759038929629495,1.879849461998674,,,,,,,,,deltaRIC0,EKF-B
106,218.92699261064922,76.0409482203776,205.2968638028577,2225.4028247704478,0.10909822090694697,0.022651308492955866,0.10672085095527464,1.3977126276495042,1.9101543830001901,,,,,,,,,deltaRIC0,EKF-B
107,123.20256335128202,63.426499695776684,105.62173428167283,1010.2725116637766,0.1143954631226055,0.02402151175819669,0.11184493263392048,1.4118549104659646,1.371460490001482,,,,,,,,,deltaRIC0,EKF-B
108,124.262488365869,60.808261438493425,108.36752906523967,1121.2883043513225,0.06733923449770418,0.015291203444513624,0.06558011588854726,0.8669407155480165,1.3999020069968537,,,,,,,,,deltaRIC0,EKF-B
109,152.14589934754827,82.3756517775151,127.9164832322397,853.7407259378466,0.08776228828984656,0.016173230809318134,0.08625917835835593,1.9568384733652284,1.3828756340008113,,,,,,,,,deltaRIC0,EKF-B
110,136.7628404928205,67.23355988056264,119.09543637541893,1260.082475344758,0.13218240487483643,0.02733618199481544,0.12932486733974063,1.2503061990382962,1.3839855950027413,,,,,,,,,deltaRIC0,EKF-B
111,111.42255990208895,67.84503595291055,88.38573386968551,604.3214578270675,0.12017151079954753,0.023016192534066792,0.11794679685807724,1.5730910628610744,2.1190206879982725,,,,,,,,,deltaRIC0,EKF-B
112,117.64651480897706,65.99274111118834,97.39435593159662,1062.6213080754806,0.14804037423669036,0.026505301493894275,0.1456482797593473,1.9611331290358087,1.1038972309979727,,,,,,,,,deltaRIC0,EKF-B
113,192.64285874328564,94.92095478375359,167.63437406369286,1302.7045013355705,0.1001515946103364,0.020926966896263343,0.09794081865859537,1.9208092140849806,1.450535371001024,,,,,,,,,deltaRIC0,EKF-B
114,105.14938548436253,60.07433700559351,86.29870973008485,1100.6468026569491,0.12949325331178824,0.024297819797348158,0.1271932333356085,2.054679754657025,1.42229885100096,,,,,,,,,deltaRIC0,EKF-B
115,151.96950345030604,83.38445910112738,127.05023399956802,938.1329571313116,0.10607619607898901,0.020269402768743415,0.10412161488368579,1.5903565767184398,1.2180343880027067,,,,,,,,,deltaRIC0,EKF-B
116,124.84603398421045,68.84470773360158,104.1486361824369,1094.3085874379044,0.12535837213392978,0.02733252365927729,0.12234236639236576,1.2349107625896487,1.8892886620014906,,,,,,,,,deltaRIC0,EKF-B
117,215.77220762487568,89.33448179392548,196.41027454266043,1849.726597462247,0.16952512014787413,0.030405515492474524,0.16677611036592757,1.948042602339869,1.937696444998437,,,,,,,,,deltaRIC0,EKF-B
118,120.7555302454227,63.813554808889954,102.51696594957342,1335.183956822543,0.08175262998786846,0.019429913569190257,0.07941014399072154,0.8403309857969737,1.889543869998306,,,,,,,,,deltaRIC0,EKF-B
119,108.7607107232659,61.9608300482431,89.38538883264233,987.2415881559116,0.100734172763591,0.01735121064774522,0.09922856973383508,1.9186668107398934,1.4361231669972767,,,,,,,,,deltaRIC0,EKF-B
120,167.44082219924798,90.57012981713879,140.83139040592764,945.9757633876222,0.1861845105390612,0.03090815751120135,0.18360108323191496,2.2428201481960497,1.3773029670010146,,,,,,,,,deltaRIC0,EKF-B
121,154.2368698538416,79.45935433802686,132.1938842401371,1551.9713446870412,0.23707704149306258,0.03915106155131388,0.23382197925453577,2.636223509234229,1.3812512090007658,,,,,,,,,deltaRIC0,EKF-B
122,109.12015546214647,65.7932226919219,87.05435184925675,922.3950562511291,0.2452799706114235,0.04042071248032619,0.24192649707240335,2.325436317658885,1.9096610779997718,,,,,,,,,deltaRIC0,EKF-B
123,158.52741280448637,82.97805400282482,135.07621242982913,1223.6763329204891,0.17975583303421247,0.031167436932588426,0.17703319006580884,2.9943877158135654,1.3827544339983433,,,,,,,,,deltaRIC0,EKF-B
124,108.94991077761097,62.02799658332552,89.56902756147545,857.1614860062252,0.0648879001010877,0.015144856341881958,0.06309574396036943,1.0741714924457324,1.3634747360010806,,,,,,,,,deltaRIC0,EKF-B
125,205.51001568883066,99.96581462966134,179.55835389602908,1771.1453353372178,0.11461556281329408,0.02318858521410415,0.11224534179544553,1.6148276550085663,1.3578722210004344,,,,,,,,,deltaRIC0,EKF-B
126,101.67584456559304,62.8553258856514,79.91986846795481,1051.455694319453,0.12129170419477671,0.02162305240492903,0.11934873736729228,2.418866796662531,1.4360375400028715,,,,,,,,,deltaRIC0,EKF-B
127,195.3587592818293,109.36672586422556,161.87638525082977,1033.5073130022251,0.0510735344654992,0.01620702107306379,0.0484338558318022,0.6511425251479983,1.5316047160013113,,,,,,,,,deltaRIC0,EKF-B
128,194.39504713624572,86.83601112839395,173.92222837352517,1893.8150773826167,0.21873505247711947,0.03745631497861491,0.21550417084221593,2.4161488608098383,1.411564443998941,,,,,,,,,deltaRIC0,EKF-B
129,248.52319552372754,127.77892882055015,213.15797912064582,1310.6605015266803,0.07590821713514087,0.01891997297426042,0.07351252989313421,1.316712216570824,1.4157121620010003,,,,,,,,,deltaRIC0,EKF-B
130,203.45858135688667,94.6027411376579,180.1269432844464,1869.2994008632159,0.11986201458083749,0.023507119268954952,0.1175343264031918,1.870635691395905,1.4289230780013895,,,,,,,,,deltaRIC0,EKF-B
131,167.26360344886143,90.00731813871907,140.9815438990983,1103.395160471129,0.07510173428453815,0.020813912850526663,0.07215990246941892,1.0422920235404798,1.39060957699985,,,,,,,,,deltaRIC0,EKF-B
132,250.0251177281742,112.11135459968457,223.48065613115406,1905.1368867816172,0.15138235292807228,0.031299963232626966,0.14811120511182005,1.307861110619757,1.8878809430025285,,,,,,,,,deltaRIC0,EKF-B
133,130.73351244580545,73.31933763171364,108.2382834567527,1103.460762696226,0.08402670092278632,0.0184532696338904,0.08197538232778373,1.3436564166261404,1.3693159379981807,,,,,,,,,deltaRIC0,EKF-B
134,152.3136272217754,62.85855824413782,138.73803621545997,1992.8180657372748,0.27713397342665214,0.04168170787530374,0.27398152210658694,2.9351756626897894,1.392095718998462,,,,,,,,,deltaRIC0,EKF-B
135,127.5179081248578,62.098756033444566,111.37576662649019,1213.8957610330785,0.1046607980047348,0.01868649197086605,0.10297911272103027,1.5427969088055138,1.3873090000015509,,,,,,,,,deltaRIC0,EKF-B
136,155.45265765077042,96.93908291053879,121.52507138509043,837.9137766316417,0.12691001574849042,0.02713449074396424,0.1239752858812909,2.2686763260529386,1.9283478289980849,,,,,,,,,deltaRIC0,EKF-B
137,162.00485830878173,75.77954241589775,143.18880915380785,1652.7799203068787,0.11394926113682768,0.027029973619577458,0.11069694955035525,1.3610105006117632,1.373467729998083,,,,,,,,,deltaRIC0,EKF-B
138,193.8108541408694,78.50638605775072,177.19874302873808,1571.2825293131016,0.22266673630957384,0.044014435131012705,0.2182732346368999,1.9472695170252632,1.7616683550004382,,,,,,,,,deltaRIC0,EKF-B
139,129.5057888618144,63.15332341252944,113.06373021740137,1239.8126296682508,0.08317322467629255,0.01700416088523745,0.0814164836850745,1.5481931970676082,1.9357728920003865,,,,,,,,,deltaRIC0,EKF-B
140,123.4719220099517,66.51793851167257,104.02249459126108,1011.9742515339849,0.07591660477755716,0.01978758442355195,0.07329244424654303,0.9959531029835313,1.4172728110024764,,,,,,,,,deltaRIC0,EKF-B
141,137.4596061672607,83.64155710754129,109.08360670735233,765.7301852238855,0.10456882025496694,0.023455132933646632,0.10190434195156038,1.6629313917002246,1.4872458790014207,,,,,,,,,deltaRIC0,EKF-B
142,124.20586948301646,64.69952141467462,106.02391212714316,938.1112586848209,0.12326584915359601,0.019575823839276512,0.12170150651726008,2.9755938501270767,1.9128751669995836,,,,,,,,,deltaRIC0,EKF-B
143,159.9143604479793,73.58388768259908,141.97892150245715,1376.299754638372,0.12612059019031277,0.025026271520619155,0.12361265713400496,1.4283625808765066,1.3857799979996344,,,,,,,,,deltaRIC0,EKF-B
144,105.44822196325362,63.297851991831344,84.3368807131958,732.315043096833,0.09534145951122647,0.020351840001262514,0.09314395584413325,1.3343593996534813,1.3978371859993786,,,,,,,,,deltaRIC0,EKF-B
145,81.80622720107053,56.001803517393796,59.63268241218393,907.8107926959639,0.06971360651000091,0.016414702609551066,0.06775355688723093,0.9728357501016109,1.4204784579997067,,,,,,,,,deltaRIC0,EKF-B
146,103.83240759512262,56.38183719898817,87.19092441915313,1176.8083736706387,0.15026282038696406,0.024038210082809652,0.14832760918541002,2.4766670966733924,1.4295088530016073,,,,,,,,,deltaRIC0,EKF-B
147,166.99557992908257,67.75622944025592,152.6322937254433,1503.5882191879878,0.09083714612185402,0.01639508592845835,0.08934533156780788,1.7378888881162662,1.3389070800003537,,,,,,,,,deltaRIC0,EKF-B
148,108.6733616410673,59.74338457241011,90.77790221305683,917.6945272237459,0.09963531640888881,0.01903844752981141,0.09779945701052745,1.7319991777772894,1.3741081379994284,,,,,,,,,deltaRIC0,EKF-B
149,196.93129212115423,74.58287087599142,182.26170521643482,2197.4071755472623,0.20389378672049194,0.02953262030094127,0.20174365070896752,2.9056077194545957,1.3849541240015242,,,,,,,,,deltaRIC0,EKF-B
150,137.2246376325471,60.163613192967894,123.33264296588636,1436.0402772723087,0.09176607035276868,0.01854561396316307,0.08987253123573755,1.5977916376432575,1.8945025889988756,,,,,,,,,deltaRIC0,EKF-B
151,152.6292620050241,70.55310438330278,135.3438254301875,1478.2208407449632,0.09353997088028401,0.02084332983037145,0.09118816674254795,0.8625526839019835,1.4255450130003737,,,,,,,,,deltaRIC0,EKF-B
152,203.34135068631846,98.2568238427689,178.02612579974726,1319.8462597659434,0.0921699381041916,0.020256751968992515,0.08991641390645665,1.2510468200154188,1.9068251830030931,,,,,,,,,deltaRIC0,EKF-B
153,163.02225402213736,73.85371906916684,145.33369700833617,1510.4143844150701,0.18752302843383392,0.03479938988439761,0.1842658097875734,2.284525794400441,1.4173894759987888,,,,,,,,,deltaRIC0,EKF-B
154,151.38690868673345,74.14430109273967,131.98719156491865,1686.2892084502078,0.12689301002289954,0.02603382335137278,0.12419370368251845,1.576539588750802,1.431333414002438,,,,,,,,,deltaRIC0,EKF-B
155,128.77450016386808,73.84879227012155,105.49515520960429,868.6069307904648,0.09041925296563637,0.019683477188898447,0.08825079054953476,1.1103581833591736,1.3916454630016233,,,,,,,,,deltaRIC0,EKF-B
156,232.94071931849302,106.04929386844789,207.40040016022277,2099.533252133456,0.11393397189349429,0.02623907885352834,0.11087137003007523,1.6595512103067473,1.9155151609993482,,,,,,,,,deltaRIC0,EKF-B
157,133.74112588649817,72.39309316573471,112.45411871196808,1719.4837409745708,0.13306433094620657,0.024359381535091425,0.1308156592361535,2.1817942385529134,1.420643684999959,,,,,,,,,deltaRIC0,EKF-B
158,155.21124589060972,80.28027868346994,132.8367709085843,1115.9912763577126,0.0987757943870159,0.02208034575674449,0.09627624778754448,1.621658858629169,1.4372388960000535,,,,,,,,,deltaRIC0,EKF-B
159,149.74106605165497,75.96658280919115,129.04055625492475,1146.152552881203,0.0809440360345579,0.017678697250073212,0.07898987677610379,1.2407644927965793,1.374540184999205,,,,,,,,,deltaRIC0,EKF-B
160,141.51717454750536,77.34155493408043,118.51326749477343,1049.5893229123983,0.1071641920071126,0.023868650214954115,0.10447225270593846,1.2007074925947248,1.3821237049996853,,,,,,,,,deltaRIC0,EKF-B
161,129.4403845788911,77.59784901876345,103.60206073043346,782.8764082020052,0.06111119809686669,0.015053394367379161,0.05922815083095741,0.9445220050127667,1.8894309269999212,,,,,,,,,deltaRIC0,EKF-B
162,215.02155003328846,80.92781074127724,199.2108341113555,1797.9717591131823,0.19464388078989406,0.0343526653714885,0.19158845140254416,2.21515702806291,1.3771529509976972,,,,,,,,,deltaRIC0,EKF-B
163,102.21788018066385,56.54935421409001,85.15084008157484,878.8494781824757,0.1358042724184704,0.0214596216401757,0.1340980426634581,2.3105929904015547,1.387980275998416,,,,,,,,,deltaRIC0,EKF-B
164,205.7429007077497,86.3184532015808,186.7599149403465,1560.6450342884368,0.15200659095950098,0.03243017955778656,0.14850685892907026,1.9657549267365793,1.4156110680014535,,,,,,,,,deltaRIC0,EKF-B
165,83.58541769474498,51.63819511855351,65.72685034370036,1094.7446984512785,0.09313994518991638,0.018787849973673977,0.09122535877346465,1.2210650331535406,1.6153071419976186,,,,,,,,,deltaRIC0,EKF-B
166,138.5311513484489,60.43950902480846,124.65129619368967,1215.2642271486045,0.12019443944873931,0.02518282216829066,0.11752671501423372,1.2274214365166358,1.5828154790033295,,,,,,,,,deltaRIC0,EKF-B
167,138.10687557812727,64.88705599869466,121.91463835723168,1538.687845070088,0.14757082366373483,0.024556308287070703,0.14551335237737964,1.5994916924339109,1.3708347100000537,,,,,,,,,deltaRIC0,EKF-B
168,148.7997440682934,77.36891814651061,127.1039509206073,1156.1298963736801,0.1759298131435132,0.031312711980237114,0.17312080528103538,2.255170923124913,1.9059221120005532,,,,,,,,,deltaRIC0,EKF-B
169,130.30899252956965,70.858905675085,109.35926581959504,1246.7416256985932,0.07900699193976064,0.018015482905773778,0.0769255949020947,1.132381782051453,1.9177892150000844,,,,,,,,,deltaRIC0,EKF-B
170,174.63612659496903,78.74888214994289,155.87299404396018,1863.743009596825,0.11887880616984839,0.01957612764555413,0.11725589871206207,2.503215307149797,1.429039038001065,,,,,,,,,deltaRIC0,EKF-B
171,150.74910537896807,75.93352299841516,130.22823371914546,1036.120192350032,0.20396591351855467,0.034003426177962905,0.20111156328172267,2.1656407274957976,1.389605788001063,,,,,,,,,deltaRIC0,EKF-B
172,145.873350688868,81.05805786622771,121.27912308453068,906.6384697829418,0.11281603737819626,0.02288112235162286,0.11047131994164207,1.1311939927922432,1.391149150000274,,,,,,,,,deltaRIC0,EKF-B
173,129.40396620394435,61.17802060837383,114.02910270519958,1221.5191970086823,0.17570044773746865,0.0275655170619187,0.17352460806541542,2.919754887421623,1.385068878000311,,,,,,,,,deltaRIC0,EKF-B
174,138.44557473737018,66.68698554744273,121.32610239744751,1374.1986797369598,0.14159142874882977,0.023615499792992,0.13960816904702295,1.796306889412432,1.424815550999483,,,,,,,,,deltaRIC0,EKF-B
175,120.67367971938747,69.97486369866206,98.31406525706772,981.0913711953375,0.12355759202545007,0.021550138647675677,0.12166375824950304,1.888155162488152,1.9374513420007133,,,,,,,,,deltaRIC0,EKF-B
176,213.08033500237502,81.96969780125323,196.68298809784127,2027.230389265045,0.14429765061596153,0.030623854813906105,0.14101060772020985,1.5505586077107127,1.4002739479983575,,,,,,,,,deltaRIC0,EKF-B
177,168.534923656631,74.31883701184054,151.26377939597413,1601.2042652422363,0.15946832017842932,0.028937201189789114,0.1568208644531452,2.1494196411441333,1.9367059469986998,,,,,,,,,deltaRIC0,EKF-B
178,203.21782050007707,94.73563660483636,179.78498748749274,1753.885866287941,0.1110391708106517,0.022566168958065083,0.10872196407751814,1.3052422897992686,1.4207749190027243,,,,,,,,,deltaRIC0,EKF-B
179,179.8823425277057,62.3921650261327,168.71536651000898,2151.0117369030527,0.15877023380282235,0.027603829972648573,0.15635221684595324,1.939515356934515,1.4242868840010487,,,,,,,,,deltaRIC0,EKF-B
180,162.31467344386726,76.00575446529625,143.41958898055165,1227.7778800867918,0.19453421444890112,0.0299838136077391,0.19220960307119783,2.768157329150236,1.451225690998399,,,,,,,,,deltaRIC0,EKF-B
181,122.82199995604014,69.99309775385925,100.926755322958,1361.6842465874229,0.1399909864116274,0.028705998378598392,0.1370162104774043,2.1266828275203116,1.3761299629986752,,,,,,,,,deltaRIC0,EKF-B
182,102.49222708705523,65.56924826182544,78.77391887956065,618.2260978149246,0.06165894450951319,0.014952600339148374,0.059818435127683894,0.7367522134950969,1.42153042100108,,,,,,,,,deltaRIC0,EKF-B
183,137.58025280177378,76.5165775142187,114.33957900268194,1359.5982623489324,0.15173805769599927,0.02793285501536965,0.14914487508474683,1.9376523760891384,1.9125874199999089,,,,,,,,,deltaRIC0,EKF-B
184,101.79555996301916,52.42614581141681,87.25729346905446,1277.814095037573,0.084178276185117,0.016505013191416888,0.08254433185294428,1.0550025929550626,1.3829172609985108,,,,,,,,,deltaRIC0,EKF-B
185,227.38843285392744,85.28101400660643,210.79053120519922,2690.444869303086,0.24431044828616227,0.04675090075423214,0.2397956388687115,2.011795562132444,1.3839717369992286,,,,,,,,,deltaRIC0,EKF-B
186,158.5117235868574,78.8020883887307,137.53616753440156,1532.4596710696721,0.1131667374654339,0.023364805018781718,0.11072848032464255,1.3959365228114158,1.3862307130002591,,,,,,,,,deltaRIC0,EKF-B
187,156.78377432079975,85.8779069914639,131.1721654202634,1025.6358137391803,0.08068159041943619,0.018626799583295252,0.07850198322267668,1.2292563373127676,1.4240721630012558,,,,,,,,,deltaRIC0,EKF-B
188,206.01974768716593,107.87235404039215,175.52120006104056,880.0108284717371,0.13972369176432317,0.02961576227343244,0.136548953365506,2.239857887557223,1.9155031150003197,,,,,,,,,deltaRIC0,EKF-B
189,130.7029108073867,70.11121808354993,110.30715295194861,1187.985881849112,0.10821873162357526,0.022157132371494432,0.10592617881943764,2.1766570096972973,1.3935336469985486,,,,,,,,,deltaRIC0,EKF-B
190,89.21939033721856,53.67399000782023,71.26852326788722,628.0896635293941,0.0889925956764399,0.016763263990708065,0.08739951410395906,1.525622312884787,1.3603553370012378,,,,,,,,,deltaRIC0,EKF-B
191,162.21918481950192,92.97894387613727,132.9284767052637,867.8215380217293,0.09475633974240845,0.022592877364902467,0.09202350685424467,1.0889876854003742,1.9801653299982718,,,,,,,,,deltaRIC0,EKF-B
192,183.95017638844368,94.57970305413464,157.77308757684642,802.5085930628514,0.07014897274049056,0.01743120134621928,0.06794874241789654,1.245766110899276,1.49584394699923,,,,,,,,,deltaRIC0,EKF-B
193,123.26549457986266,69.76960769192094,101.61980120298207,769.0716043191557,0.10334259791998868,0.023172131159953358,0.10071119541718472,1.5172712238977581,1.6255521929997485,,,,,,,,,deltaRIC0,EKF-B
194,120.200025963702,68.25216723329494,98.94285173590347,688.7441822312974,0.15472482587479897,0.027777497471952958,0.15221097981480344,2.0244525480803213,1.825771072999487,,,,,,,,,deltaRIC0,EKF-B
195,124.96011624522652,58.955517268600026,110.17839005727178,1839.3119894852484,0.11777022421982652,0.020502063685642363,0.11597194099185404,1.4970821432958594,1.5881801129980886,,,,,,,,,deltaRIC0,EKF-B
196,108.32996772819645,65.41298973716755,86.35115912156186,989.7285532073121,0.1353275358823608,0.023002743668801385,0.13335822341235304,2.0488693523136043,1.3757437209969794,,,,,,,,,deltaRIC0,EKF-B
197,140.473956387704,82.91701968602668,113.39179983403398,1582.4596407080119,0.15691471869834667,0.03379373090060549,0.15323254450670304,1.6588953945696396,1.367753120000998,,,,,,,,,deltaRIC0,EKF-B
198,232.45336570557512,104.84442911789733,207.46617293137703,2180.197694340766,0.08384218827602428,0.016723397170839604,0.08215741306771202,1.5604990358321564,1.3790761489981378,,,,,,,,,deltaRIC0,EKF-B
199,169.7844776016243,72.97026188704227,153.3039781434029,1907.2746173371156,0.09936041835088104,0.022974869919397744,0.09666771998474387,1.171002136792731,1.3975531490032154,,,,,,,,,deltaRIC0,EKF-B
200,126.02845624049192,65.19597246106922,107.8547957080124,1172.0161541769291,0.09669798885752712,0.020471237250277146,0.09450624050576398,1.1092817039944716,1.3993056299987074,,,,,,,,,deltaRIC0,EKF-B
1,135.89948298432654,81.64174598533445,108.64296934396347,1037.4245214207886,0.244027889638,0.04370235996651131,0.2400827246066101,2.6205539655485204,2.8284059170000546,,,,-0.0008781982667172247,-0.0002823840539751874,0.0024732709585313824,0.0026397049425872093,-130.83284432735672,deltaRIC0,EKF-G
2,153.41326941799105,100.07913336323193,116.27466748514716,1437.5135915541587,0.15219799227917213,0.036200479751163916,0.1478301529445076,1.5842724172127725,2.866195801001595,,,,-0.009622853258191547,-0.009959552307779203,-0.0013494404261554433,0.013914488005809638,162.42197445953207,deltaRIC0,EKF-G
3,204.44316057688943,88.981666724654,184.06321982832532,2203.2456785723725,0.1339705375281158,0.027303404123496352,0.13115879325779622,1.6212210884101013,2.8566526870017697,,,,-0.00855989091611459,0.009600152473428105,-0.0020015279973883407,0.013016941819535732,-61.52565259885887,deltaRIC0,EKF-G
4,106.67337205776,70.33058108740568,80.20484817067575,746.761828322105,0.06387853719637013,0.01861880611165933,0.061104889929730496,1.0872447850561104,1.4865768290001142,,,,-0.0022072967278377285,0.005764004596187089,-0.0023884365368657227,0.0066181974071664075,24.34404135051591,deltaRIC0,EKF-G
5,138.76086174568027,81.21015596019609,112.51438717481611,1061.9192959288878,0.09058736089887029,0.026492602633416424,0.08662685472952408,1.0594326573537767,2.884023286002048,,,,0.002201479197393094,-0.01247099150752774,0.0022714438436813116,0.01286590832286556,170.57707310975093,deltaRIC0,EKF-G
6,186.23030682207823,78.01877654215069,169.0999635893259,2239.918275799556,0.09737280723495753,0.024102106448409592,0.09434273715324212,1.0954351544015526,2.0763914060007664,,,,0.000569361995842715,0.008903649565484603,0.0026927937925367213,0.00931935014238592,-132.04779186106316,deltaRIC0,EKF-G
7,199.46603368217794,118.66707449953878,160.32724042601325,743.604366073458,0.21668386586295624,0.04640101477576883,0.21165737301850485,2.670146569991521,2.9329384500015294,,,,0.0025539920591861436,0.0029351607523537193,0.0038096943328761036,0.0054453480137170145,115.13991617951251,deltaRIC0,EKF-G
8,208.72445029275627,115.99483647619913,173.52548533536248,1977.1201089974954,0.16018810129577446,0.040494806164645326,0.15498515564541365,2.311802915748112,2.063473325000814,,,,0.0005711302659025631,0.001533277669231711,0.0011615796931668337,0.002006588541573014,52.66239766727085,deltaRIC0,EKF-G
9,139.50813370945693,78.7575762211802,115.15104671196309,1404.3936892667964,0.12009281537788699,0.025421710195007125,0.11737129528188876,2.2698140015974224,3.0718729969994456,,,,-0.0014824856452607229,0.0021386835051454803,-0.0006390111779019322,0.0026795645372091853,-95.07360342886386,deltaRIC0,EKF-G
10,114.44752872690685,68.1249798009421,91.96316631574513,816.6667368160453,0.06533043232877944,0.02016059809718501,0.062141899493248595,0.9389154894239928,2.871488250002585,,,,-0.0010688583849019502,-0.001488844718070401,0.0017387780855329755,0.0025263543045723133,275.9231529289682,deltaRIC0,EKF-G
11,136.29090589840806,76.30002220018125,112.93147321655097,748.7840870636762,0.17437321723528956,0.03706457082037879,0.17038848693173672,1.9637227715561938,2.089824328002578,,,,-0.0034194275328630307,0.0022816693042866354,0.0009963918226505192,0.004229810413111968,36.74193523797294,deltaRIC0,EKF-G
12,119.76901096815645,74.5111717185336,93.76940480466737,798.5308044850451,0.0831663146799331,0.021597684298291307,0.08031298730836126,0.9412209742517416,1.4460007800007588,,,,-0.0031421851618238274,7.45688714020862e-05,0.0011803753780282775,0.0033574058647746793,-22.46909770133061,deltaRIC0,EKF-G
13,126.55563066833376,69.2277609175085,105.94264850478291,1021.199847989559,0.12684968889655066,0.027780110056596953,0.12377038845537752,2.1654628057936325,2.860939108999446,,,,0.0027601689526661447,-0.02265014637039757,0.009148914239727076,0.02458353707287821,-188.43164114601677,deltaRIC0,EKF-G
14,217.78671077235828,110.21738417226888,187.83817400961212,1662.0113587817339,0.13306997937924622,0.028992714856097918,0.1298731762038105,1.8218314000548612,2.1058010429987917,,,,0.004706623804687522,0.006152021415946611,-0.0022603112053602758,0.00806899509766825,5.451141456993355,deltaRIC0,EKF-G
15,109.24869069510288,72.82773458456346,81.43339299006666,853.2139523731549,0.07085513009509943,0.020785960829768947,0.06773768001029247,0.7965257204159049,1.8924355570015905,,,,-0.0009997931106330432,0.004708099466514965,-0.00856105890291684,0.009821278755329139,125.67724970500421,deltaRIC0,EKF-G
16,115.20087949427761,74.59567001151201,87.78797555353852,713.9536059283168,0.09580378302964014,0.024905649698171096,0.09250985599330676,1.2673341297729692,2.093097979999584,,,,0.0030797697131468987,-0.017128037556143543,0.0031437349071346244,0.01768439202169578,-36.1851085160597,deltaRIC0,EKF-G
17,147.44586415471738,82.85349414154065,121.96549251681421,1646.35905625953,0.10998465577201678,0.02434427969268485,0.10725661075911992,2.5006296493410014,2.8823463910011924,,,,-0.0072077291824194385,0.0020961438162416996,0.002010672223331889,0.007770970444876721,13.27406422016793,deltaRIC0,EKF-G
18,151.38314343807622,85.530739725986,124.90535888871543,989.0929650375832,0.08524976342586245,0.02528508800416838,0.08141367507235486,1.2839506092148718,2.255528140001843,,,,-0.007294753893152709,-0.0190235540982844,-0.004937377177209411,0.020963938997288847,-169.763386699291,deltaRIC0,EKF-G
19,209.77981932705936,113.11398826249821,176.6714415411984,1472.0155827102649,0.14820884194164652,0.03499448633904735,0.1440182167489592,1.6815178551851961,1.5439702160001616,,,,-0.018344316546255998,0.04986639398740643,-0.05400387568623542,0.07576008043812292,-80.54927118393971,deltaRIC0,EKF-G
20,108.26437747631667,73.58274191208787,79.41508372490364,626.328748499941,0.10047709219576129,0.021487455730744492,0.09815261230519956,2.5795955999636955,2.097568330998911,,,,-0.0022834817665716473,4.638052378750485e-05,-0.00102218636526392,0.0025022599977986776,124.77609240362654,deltaRIC0,EKF-G
21,167.798927242305,93.502516649976,139.33326725441174,1534.385760930585,0.16694956083850254,0.03414522865107377,0.1634204981773546,3.2453388782332855,2.138039680001384,,,,-0.0022555648392325665,0.006101841660607048,-0.0029256285908651086,0.007132976030156652,-106.5133601598427,deltaRIC0,EKF-G
22,159.03050966957375,104.73461391241266,119.67190001993887,1055.7553267324733,0.1501157106366012,0.035743300029744,0.14579829588481302,1.4898783861131293,2.138867974997993,,,,-0.0007212859580440687,5.0479492944553356e-05,0.001315830781237437,0.001501403429239261,-197.52680798675283,deltaRIC0,EKF-G
23,111.27263356187567,71.00765884941157,85.67094819436193,1106.7062508006404,0.10738473255344144,0.026982960600543962,0.10393940842050063,1.4211818843412856,2.9109404950031603,,,,0.0014683777376366953,0.0029333913193279647,-0.0060154941485466,0.006851794484942912,30.870548956365383,deltaRIC0,EKF-G
24,172.62981650634993,91.88406642667324,146.1450371511627,2425.564693963438,0.13466072995121559,0.033419986693675706,0.13044775460079314,1.601404233681084,2.9188894910003,,,,-0.007777875996119062,-0.010720810104890946,0.0023189663031675245,0.013446513638537067,147.2948055324523,deltaRIC0,EKF-G
25,148.1632144746675,79.82607347672098,124.82041546460044,1205.8766706715116,0.07562428904891302,0.022621576390848146,0.07216160596706928,0.8461193610633743,2.132568124001409,,,,-0.000630556993788854,-0.0017157107332069921,0.005430606504037332,0.005729987124256937,0.25029739343881374,deltaRIC0,EKF-G
26,180.4606466688209,92.3809168502682,155.0219700495154,888.5915907983693,0.10882713667297249,0.02937790556425355,0.10478685194763526,1.4853888589827802,2.12908977600091,,,,-0.005418846762631712,-0.002053641318054228,-0.000784385802882306,0.005847786246766122,-240.09681271689624,deltaRIC0,EKF-G
27,134.73025025680977,68.44853909759289,116.04756709930584,1588.6626435448165,0.1349604059740021,0.026581926530676002,0.13231671233289166,2.21119915955351,2.8809856040024897,,,,-0.004960435070286737,-0.0063707582722054784,-0.004383858472805479,0.009187529165069002,198.6390671377303,deltaRIC0,EKF-G
28,124.6380401494702,80.49850477700785,95.15582893846805,1210.4615150165396,0.074234011013054,0.02115742100533606,0.07115512579912418,1.341374292719385,2.8616746759980742,,,,-0.001489615150792746,0.0016297927866177656,0.004377029535131605,0.0049024040404884,-104.07432527532364,deltaRIC0,EKF-G
29,157.434129932797,89.39718524687493,129.5903103539487,1140.098863809603,0.12809528183075725,0.031722032304602285,0.12410525328835559,1.2613862168045689,1.5195344109997677,,,,-0.0005911344567810752,0.002875297277681963,-0.00011066531116936448,0.002937519564553635,185.39379423113132,deltaRIC0,EKF-G
30,108.46382063893216,65.94764887754542,86.11218261731861,850.1479553094701,0.11480814201084914,0.029682000001639085,0.11090486169634765,1.0304644575975979,3.0785223499988206,,,,-0.0003762787299640491,0.0015881758034158317,-0.00018064396014229762,0.00164210849383187,-54.04283748757007,deltaRIC0,EKF-G
31,126.18753127639985,88.18438178939711,90.25966905575403,592.9090305100215,0.1115342755803151,0.028838714839510202,0.10774146442122963,1.3001483325190353,2.075832894999621,,,,0.010609059920366194,0.008817637486248864,-0.019122603474128846,0.0235791612840997,280.5181859951481,deltaRIC0,EKF-G
32,135.07971000227357,76.46788002648142,111.35165637992984,976.933178857638,0.0740225630673336,0.022071596925548304,0.07065539223734807,0.9766847863587244,2.0375323689986544,,,,0.003637462274381335,-0.0018566936255583995,0.00047704254624288193,0.004111692182990176,124.3282617145378,deltaRIC0,EKF-G
33,141.79608752493323,73.58606773861743,121.20734743465897,1448.2724399519052,0.19914156201763558,0.03786789571283104,0.19550801568505052,2.0959446271769533,2.134665622998,,,,-0.00021150249356517682,0.0033245261868765585,0.005320407977766963,0.006277256464563051,-33.448996256891405,deltaRIC0,EKF-G
34,165.86623013830868,94.33567223609231,136.42722325129594,1177.7274329458119,0.057192097562732094,0.01878958988226829,0.05401747250363744,1.0579267309114968,2.34088723899913,,,,0.0009370922833407541,0.0019991700754143573,1.0688270708921198e-05,0.0022079259899416425,11.978308001271216,deltaRIC0,EKF-G
35,190.63725640348935,106.95692542283261,157.80614573946215,1169.429985980299,0.06337016905117403,0.01933616473928525,0.060348082477818595,1.3327827929442058,2.106203238003218,,,,-0.0031587618099738566,-0.006632600102235561,0.00785657322053491,0.010756156518847742,185.2638612403971,deltaRIC0,EKF-G
36,106.35812535665903,68.47009821224765,81.38732382986898,734.053423537675,0.10500756922095886,0.024673667180238282,0.10206762337574682,1.9658626366507685,2.8908799319979153,,,,0.013758055940441109,0.012392013244381687,0.012632140920081157,0.02241466215971204,345.6900283308278,deltaRIC0,EKF-G
37,124.88038453267981,77.09308879058993,98.24340233194387,706.0125555968135,0.061443106304238666,0.01875569715972219,0.058510504495917326,1.0336119923323714,2.1127499629983504,,,,-0.0021849886151139026,-0.00856863649360131,0.007298256268550708,0.011465611678802543,-179.43154658995627,deltaRIC0,EKF-G
38,208.0848646381288,108.28286228952955,177.69111577638083,1745.0929459069264,0.16217857208884748,0.035235386163706826,0.1583046329286416,1.9926575576958663,1.6132510409988754,,,,-0.0017669138198812392,0.000737207975214649,0.0007226431655667804,0.0020463805096676843,55.87301583914814,deltaRIC0,EKF-G
39,115.16999267393506,65.78411379851241,94.53347335340337,1156.6950393065226,0.09152277580414188,0.021021263547005817,0.08907595056906517,1.9161288522768585,2.1315509060004842,,,,-0.0006201262274714269,0.001617769821892252,0.0015037525808891154,0.002294124573590961,82.41834764473606,deltaRIC0,EKF-G
40,175.60419201415363,97.06246047263433,146.3410776916107,1385.8332503864503,0.1035293987591643,0.027756641084483388,0.0997391862967671,1.4512060928577368,2.9138542269975005,,,,-0.030598709847536806,0.05408985003766226,-0.0969247292054277,0.11513642365896219,203.65080424808548,deltaRIC0,EKF-G
41,191.63215855915226,104.10183172773512,160.89031302403012,1481.6864546119205,0.15422467975400067,0.03560784321193699,0.1500577667000885,1.8283330568978224,2.9299666970000544,,,,-0.0028533950076233983,0.002899452049583599,0.0026997967860905915,0.00488237523584062,-154.49801580894564,deltaRIC0,EKF-G
42,212.04651715032986,123.81167741948259,172.14643176714156,1224.049229197623,0.253128851115369,0.05345873305994608,0.24741943966999047,3.074726850767288,2.9093804559997807,,,,0.022356816910754748,0.02478971223511375,0.003826541190932315,0.03360058797947827,-218.132842659812,deltaRIC0,EKF-G
43,156.70884447893494,78.62486949181898,135.55733781436345,1217.4299322754218,0.14121647064765208,0.03354698494315331,0.13717394571638966,1.4632865989180202,2.871392699998978,,,,-0.002527298507026321,0.002610581403919008,-0.0002995546837154475,0.0036458340635087973,-98.93781746285094,deltaRIC0,EKF-G
44,129.52340878555887,74.46280235816508,105.97926442658412,1069.3098213383546,0.13489758780853786,0.02813191615293242,0.1319316280886678,2.994308228483416,2.1199187759993947,,,,0.007972982682982773,-0.010756838830687124,-0.013975910694528484,0.019354692305328887,117.3044981827552,deltaRIC0,EKF-G
45,203.4586092581759,102.028826579587,176.0270553865617,1133.155851573438,0.18059708789516635,0.045330814392768176,0.17481540384846764,1.7660683499129355,2.1129979449979146,,,,-0.0015132614318589621,0.0012074728084113646,0.0014015483714573355,0.002390039451921113,105.92626628107246,deltaRIC0,EKF-G
46,159.84357654124122,80.45870030358915,138.11722016806183,1547.0518215765594,0.1825231213462896,0.03848965384176979,0.17841871082690036,2.236398860823164,2.148527250999905,,,,0.004457059060346983,0.005321363625104753,0.028543922827894426,0.029375803252044048,-20.681942739422084,deltaRIC0,EKF-G
47,186.5804083652766,99.34757512336667,157.93133983747623,1501.6976818223745,0.19428035632052124,0.04446423104682648,0.18912373994145507,2.096778367740219,3.1174624810009846,,,,0.0006569350140049055,-2.0080622685211557e-05,0.006289145659514634,0.006323394655612191,-32.6746056125412,deltaRIC0,EKF-G
48,175.81532877607586,103.17461437158124,142.35880296600965,1923.722761100282,0.13084583312337175,0.034191771702339654,0.12629946473997558,1.8001838592567345,2.100698549998924,,,,0.011041299039024295,0.01566997535180747,0.020395216618041383,0.027989699406964767,-69.06694245221297,deltaRIC0,EKF-G
49,128.84980907688464,70.59595733554627,107.78907229876019,1174.5354931881695,0.07049011557566774,0.020124054139084448,0.06755648628280035,0.7783242896106108,2.1094828989989765,,,,-0.006038484898460152,-0.011507040930720004,0.01499788793199613,0.019844695343363472,-111.05193412923109,deltaRIC0,EKF-G
50,185.58576276283753,94.14058257670942,159.93631874087248,2120.847756252815,0.11118679408364787,0.03006251865304755,0.10704554241459419,1.1479743972376866,1.6366409129987005,,,,-0.003796163982874275,-0.002088701467351436,-0.0004185891068424015,0.004353016384641234,-127.24813386485766,deltaRIC0,EKF-G
51,152.46771630337568,87.07826582041766,125.15502441562356,1341.9040103336672,0.112747994051666,0.026396829989669194,0.10961440383987411,1.771903720586538,2.0308886650018394,,,,-4.91696994792119e-05,-0.004493318424725318,0.005234929522485343,0.006899044515779813,220.0071118573178,deltaRIC0,EKF-G
52,146.57154135374822,94.10604766975212,112.3711196295199,901.5880245371201,0.12321683566358256,0.029277918536376575,0.11968789444686379,1.4393647708807247,2.0820181369999773,,,,9.24228667294775e-05,0.0013194224514518143,0.0003272521714950145,0.0013625386509885922,240.3482826080799,deltaRIC0,EKF-G
53,159.60573881706856,85.90731248589726,134.51366296697412,1655.3247075685067,0.12433071271227186,0.025992062399806882,0.12158346440098682,1.9851565037684684,2.8988085749988386,,,,-0.002270493014721758,0.003224042103733586,0.002676470906610545,0.004765824433451137,-60.55526255315635,deltaRIC0,EKF-G
54,212.24480134559934,101.96034298612494,186.15032676948138,2379.2397401850303,0.132057913545859,0.03677578605620634,0.12683388384037492,1.184557274850288,2.8857969419987057,,,,-0.0020124751986862798,-0.009664994980714476,-0.0003136453234856236,0.009877274816036445,119.0095684746484,deltaRIC0,EKF-G
55,130.33388247136796,77.01356486467154,105.14671534049641,982.8521156022477,0.12054570223941773,0.024117169465551185,0.11810854526817373,1.9622571023318414,2.100707069002965,,,,-0.0015642848226806972,0.0012287167579454938,-0.0011953770737534143,0.0023207020976809024,-131.95653407881764,deltaRIC0,EKF-G
56,115.78823535294988,81.9950020340715,81.75411358202545,741.7222616004576,0.08117319889922651,0.021759866831677008,0.0782022788350894,1.1180051450389856,2.0926932790025603,,,,-0.0011623950786519858,0.0006358314099818908,0.00035190826932268796,0.0013708695528063949,110.65409057276702,deltaRIC0,EKF-G
57,165.80691213438325,95.22404180299871,135.73619257309318,1324.9715662656415,0.1574125949984535,0.035509499175111724,0.1533551451125129,1.9026547966194578,2.940406775000156,,,,-0.005930791316248036,-0.0015496496842826706,-0.0021389764372348437,0.006492373986449514,-258.42030154725944,deltaRIC0,EKF-G
58,159.01424653587415,81.77704474774137,136.37465143382647,1774.6716989631711,0.11679127348912374,0.029341221714768904,0.113045540697084,1.617951733900222,1.4092643490002956,,,,-0.0007868643936741766,0.0015817926389731633,0.0024056226054056913,0.0029846680965194073,30.378621431045758,deltaRIC0,EKF-G
59,127.2289160484052,68.72019153569425,107.07349043600676,1152.0833522429734,0.10348367899955631,0.023608828674775026,0.1007546278236803,1.726949096337228,2.123188437999488,,,,-0.00111388523314541,-0.002747886059989526,0.0031027565181226254,0.0042917031726409744,111.62573717370833,deltaRIC0,EKF-G
60,156.01477287366416,80.63684451195877,133.56013125920177,1380.377148144227,0.1385714783674314,0.030617225554529098,0.13514673549989503,1.7221307899667158,2.0657749579986557,,,,-0.00208730628538968,0.0008441973792333207,0.0027932053099733027,0.003587689040008167,39.56226484497893,deltaRIC0,EKF-G
61,122.23812569393878,66.79980599231824,102.3716039366182,986.5041671283763,0.17380231731460025,0.0340934133339412,0.17042559863813309,2.0477138311638896,2.8900108829984674,,,,-0.0014386531745062669,0.0008067113458894457,0.003080755455815507,0.003494504303995165,-144.23649867814675,deltaRIC0,EKF-G
62,129.7350333492725,82.75405288073463,99.9146916621846,792.7864080760195,0.08143764940519298,0.024673980161146816,0.07760982826711099,1.0194997681740376,2.9027527289981663,,,,0.0044080076677330115,0.0034202627326753612,-0.003154242980573243,0.006409210367885932,19.534109095628082,deltaRIC0,EKF-G
63,136.8358378177226,73.23059038391895,115.59120703280486,1218.5980643783098,0.1313997445059218,0.030650064073592585,0.12777506184113627,1.9296229942764598,2.058498086000327,,,,0.0025435146841739737,0.002224643489255254,0.0026776134912704606,0.0043113941610026804,-136.6431552152062,deltaRIC0,EKF-G
64,121.58910593120143,66.42473720492323,101.84137159526973,1103.0349986692534,0.10960672181192084,0.025375264024055,0.10662893341896139,1.809043630488006,2.088913333001983,,,,-0.0034505178606122435,-0.0043068967723889255,0.007728850311289171,0.00949687108729675,72.36530233168014,deltaRIC0,EKF-G
65,194.83430287333903,108.55282039846244,161.79212205691337,2036.9647206146024,0.19625609173028977,0.03881846737857647,0.19237874137135397,2.043576939853535,2.108609285998682,,,,0.0002191859710629351,-0.012737679530196633,-0.011979759069802347,0.01748745692416175,-54.17052910908387,deltaRIC0,EKF-G
66,188.55188750679042,98.78441665835051,160.60340378660334,1505.7899953349029,0.1026502249722269,0.025407084568776817,0.09945626546660503,2.2156497980890926,3.1823536929987313,,,,-0.00926997980565574,0.012943014203038405,0.002871653915285374,0.01617716101380254,251.87522802568128,deltaRIC0,EKF-G
67,157.8171865591317,83.11310774946865,134.15839777540947,1383.6585532894067,0.1616229206084496,0.03400888149516638,0.1580043178063591,2.0612418358758795,1.603208728000027,,,,0.018646840791375643,-0.00435817089681467,0.016372718829987275,0.02519452811525893,47.81493744083127,deltaRIC0,EKF-G
68,138.4940265359286,74.35268442311579,116.84294461032322,1451.0664073144303,0.09751469873436588,0.021905698732186795,0.09502240173932042,1.457384121049869,2.0919426220025343,,,,0.0006386939866017209,0.004468057040474155,0.0014730364483650467,0.0047477679075186244,-230.1040400430138,deltaRIC0,EKF-G
69,269.9894054214034,132.8356771103376,235.0509772930993,2503.37610281101,0.19085108412594412,0.04063989735987756,0.1864739527511197,2.222755191482594,2.1019940879996284,,,,-0.005404460421349544,-0.005418275239828313,0.01606577984853907,0.017795369655115186,196.73024199732026,deltaRIC0,EKF-G
70,105.63290340943959,64.76701527609626,83.44785206902517,1049.8255872072218,0.09168556080821308,0.022065846128221617,0.08899067645187433,1.787580051507484,2.8471358330025396,,,,-0.007415092433567405,0.006939192491426138,-0.015177615149242499,0.0182618725723823,118.25450795645156,deltaRIC0,EKF-G
71,138.54805429817802,77.35628770427176,114.9415856094948,844.7787966135705,0.09640887497522475,0.02393374185225836,0.09339083025082266,1.903973603754058,2.124893162999797,,,,-0.00506426989166014,-0.002598690802622295,0.002424732280497524,0.006187030794758973,217.19766346891265,deltaRIC0,EKF-G
72,125.23162713407952,90.29764209312046,86.77151760267793,1025.6426154034891,0.0859573483796421,0.024386528355834686,0.0824254995447964,1.1383518382315974,2.163691401001415,,,,-0.0011885109601566567,0.007081598892476207,-0.01333185963473502,0.015142657709154286,-88.09490187778283,deltaRIC0,EKF-G
73,145.60583519671457,78.49993059591303,122.63286729001175,846.7668731814316,0.15379870251027863,0.027067453496104833,0.15139813028925225,2.6338722685705354,2.077343483997538,,,,-0.0020386285620601634,0.006481041855421662,0.004314846859671137,0.008048466522772448,-43.86227274728299,deltaRIC0,EKF-G
74,97.07407965990953,61.07795953229413,75.45104241287792,723.3046375892362,0.11153315826037467,0.020220494260655066,0.10968489870254977,2.000825060026532,2.911870480998914,,,,-8.377659955163751e-05,0.0005897874551133019,0.0026654974266619837,0.0027312532457432646,15.086449925496709,deltaRIC0,EKF-G
75,143.34355443051413,83.37727749656149,116.60018951114593,1287.68396059982,0.07850547284542128,0.023973747430658866,0.07475539245308098,0.9654025208271233,2.1125277409992123,,,,0.004149832887658687,0.0013093207578484649,0.000527477286868106,0.004383339609314826,-127.76806343639328,deltaRIC0,EKF-G
76,139.701976855954,85.43570615052299,110.5322688269041,1214.8692946000422,0.08639624318672455,0.022014239388990754,0.08354450371451048,1.359680563891199,2.852162944000156,,,,-0.00346817598530903,0.004402808589236827,0.003071515707569855,0.006391179615718854,202.6098730462545,deltaRIC0,EKF-G
77,179.14448527224516,84.72442526617286,157.8433348823268,1919.4387421965243,0.27155960058095074,0.0513988057853277,0.2666510443098389,2.482922634797757,1.57260229700114,,,,0.003988509437819925,-0.029820906532141343,0.01113147739052964,0.03207965808468291,171.94310251453135,deltaRIC0,EKF-G
78,151.7262837523238,87.48745378077011,123.9629404791944,1136.4964073692308,0.07728009851501916,0.023379434850819506,0.07365877851653087,1.0455051536544702,2.1251037220026774,,,,0.003416902705996639,-0.01851238310649063,0.007419299625183411,0.020234365799598798,204.47409552978934,deltaRIC0,EKF-G
79,239.002434749976,116.17060547410927,208.86970637264608,1629.658448578523,0.11346886575527738,0.031098206777453133,0.10912417253301823,1.7856589185975016,2.841840149998461,,,,-0.004663382929473995,-0.0006054951806106653,0.004678999633242746,0.006633762305700888,-38.8796597937544,deltaRIC0,EKF-G
80,202.26053462685906,125.19096895535156,158.86014339526153,1336.0523947508698,0.08262814895732956,0.028098530448974837,0.07770381964049564,1.4787252038446526,2.570825138998771,,,,-0.0013020310996446217,-0.0011766704606462218,0.002604740415146633,0.0031407819070571313,96.23907162876276,deltaRIC0,EKF-G
81,143.2194605889507,76.23700834820673,121.24245316515771,1772.5844093127707,0.17723876235785602,0.036077626509265937,0.17352804887856738,3.405279329153884,2.1146777750000183,,,,-0.0022522729350320392,0.0020473778842767533,-0.0021710320980587784,0.0037386989643062854,78.8836024135453,deltaRIC0,EKF-G
82,100.75707824201777,66.59982935534896,75.60721887297862,829.36225031016,0.06627540976739973,0.017820720167171226,0.06383456643982258,1.230639886804961,2.095621451000625,,,,-0.0009017902532048059,-0.0021181264164494506,0.0020856185285655442,0.0031063627965084964,224.6543028557644,deltaRIC0,EKF-G
83,145.0894306232503,82.52826452012962,119.33159025955568,1051.2922409128369,0.1123147116810462,0.027056499703727203,0.10900706529293752,1.3007399715795065,2.5231153540007654,,,,-0.0003694934087614237,0.0010863504213805227,-0.0013454430384528483,0.0017683041556454614,-24.128947016964958,deltaRIC0,EKF-G
84,231.3120521797126,109.81078840614492,203.5850098440722,1932.7604975865202,0.1154773724834096,0.027975785837669374,0.1120373998378978,1.2632889042455235,2.109917955000128,,,,0.00035769442496794054,-0.0004927985646084949,0.0022269935821890804,0.0023087434119114865,-54.833094938643626,deltaRIC0,EKF-G
85,149.48805983312755,77.37720627290629,127.90405772325141,1310.3335348594012,0.16453495014870867,0.031919672494354775,0.16140905900317734,2.3178222011673864,2.085878882000543,,,,-0.004861505081787423,0.003414975660711391,-0.0005738364794137739,0.00596871667350714,-133.89247463959327,deltaRIC0,EKF-G
86,191.1845601847107,94.2594043907036,166.3331017474606,2559.1645379347187,0.20146173941845316,0.04369214814080583,0.19666679597825,2.019177492387557,3.1029627040006744,,,,-0.004135846222666045,-0.00016211225919153288,-0.003775557373926245,0.0056023510998446015,138.3267578728337,deltaRIC0,EKF-G
87,147.7848843516126,73.87455296122194,127.99579081985125,1504.1690951079554,0.1675004823392818,0.030836823931853434,0.16463748623472094,2.2094093576233504,2.0963956989980943,,,,0.012264193931365042,0.006214037759827842,0.001696520263727943,0.013852902189502995,-24.83551507061202,deltaRIC0,EKF-G
88,184.15785989238427,99.61217730571822,154.89199944657307,2087.141881483473,0.10610226614914936,0.02859565919959075,0.10217621619988569,1.154040261243215,1.7162691619996622,,,,-0.002277345402510792,0.0011766505706978924,-0.00015861786922586124,0.002568261722702433,-56.54300217170385,deltaRIC0,EKF-G
89,122.26526109135912,79.9672516014248,92.4880140399427,1227.495151152886,0.11992550100501602,0.026216463205982025,0.11702488132133906,1.568326261304101,2.8906673609999416,,,,-0.001593093675203664,-0.0018416486987262492,-0.007746681245323803,0.00812038716467051,62.414660347945755,deltaRIC0,EKF-G
90,196.13876299188883,90.8878158968042,173.80972144703804,1939.5141419958943,0.12947433304001185,0.02536915514320761,0.1269645969689022,2.1115722856433266,2.109298519000731,,,,-0.002016409594898221,0.0029971732042728366,0.0020689928766566977,0.004162893992700855,357.6821671494399,deltaRIC0,EKF-G
91,172.7819842675609,100.35844798070694,140.64777284528682,1725.1402163576965,0.09157550765753804,0.02694649603842451,0.08752119716952564,1.1507118014170519,2.919911918001162,,,,-0.021378984566605665,-0.003380308172925366,0.031126515344472503,0.03791236502689843,-89.74879454952315,deltaRIC0,EKF-G
92,95.29871757071885,54.51872935129288,78.16363425880422,917.4377727089961,0.09153961965240139,0.01916609162748444,0.08951068594214426,1.5874488873051793,2.882138577002479,,,,-0.005319104395589547,0.0007695578780593769,0.004550115000299421,0.0070419200091177605,-98.96048455472919,deltaRIC0,EKF-G
93,167.48492894991904,90.69160270467827,140.80566261417263,1092.9537859229888,0.09581720939498624,0.028348521923229883,0.09152758557402677,1.645008818476278,2.106027334997634,,,,-0.008641740456246619,0.004034714911329783,0.0015907608851647682,0.009668977335923723,-94.51742414313776,deltaRIC0,EKF-G
94,159.63735625277496,100.2796079337504,124.20984560021276,1153.0315742280866,0.11949603364729655,0.028262760309654102,0.11610563482068761,2.106693471004185,2.6611991780009703,,,,-0.001619665463370857,0.004473065171384918,-0.0015881268828618596,0.005015353949300252,-363.5897857156233,deltaRIC0,EKF-G
95,157.14553680413067,79.34949837991074,135.64061649931753,1358.0560710842208,0.16257368959519508,0.03637473556205552,0.15845214785980458,1.8340435920187566,2.8649708539996936,,,,-0.00029585778796332193,0.0006940293005516361,0.0019036203435362047,0.0020476764668881753,-69.59815991563664,deltaRIC0,EKF-G
96,131.4797804947007,75.3627971989127,107.73755834104574,1270.8596849711687,0.12896018479295085,0.029459947286366674,0.12555015240021228,1.7929161140246417,2.1123505880023004,,,,-0.0011546676430538624,0.0007806682947807273,-0.0005708296779763646,0.0015061696032153916,24.997542334014724,deltaRIC0,EKF-G
97,180.95929684520755,94.53544870098544,154.30267675453752,1543.7180891060218,0.128928027628965,0.03437961488548365,0.1242597215054862,1.499464691346064,1.656098800998734,,,,-0.011545837437397387,-0.021928829783300692,-0.015926744079437755,0.0294591431438134,61.563821501527855,deltaRIC0,EKF-G
98,128.2908019061375,70.21804886712513,107.36831686775123,1292.8886964422927,0.08160976204966992,0.022527739789717973,0.07843885645374046,0.8785909197713115,2.1346517780002614,,,,-0.002602781071129019,0.0017418057042006031,0.0023188156937720313,0.0038968272526629594,122.39700154661841,deltaRIC0,EKF-G
99,154.16522557654324,101.79337846207842,115.78007116227961,968.990870175118,0.15433226968862862,0.03726898146863936,0.14976472377543992,2.643081345940925,2.1128764509994653,,,,-0.008008065405268038,0.0009924761725082015,-0.004550903174079179,0.009264169697705845,-210.54701362727064,deltaRIC0,EKF-G
100,155.65047778303654,81.01663498373252,132.90363460041343,1253.8682641552584,0.08429165880012646,0.02541947803483707,0.08036749268027076,1.2353300394860165,2.2000751470004616,,,,-0.002471245354338046,0.0017165843043423633,-0.00012611371571082298,0.003011580970942392,-294.19178406689025,deltaRIC0,EKF-G
101,164.4108418574948,77.28836610025043,145.11179616366076,1711.956733983153,0.13885159172614314,0.03490523945228161,0.1343926664058066,2.2823985440042693,2.0933663889991294,,,,-0.004487948343853575,0.00199660946790241,0.0014105455230040466,0.005110554605606161,-121.65350836648577,deltaRIC0,EKF-G
102,122.0141761922714,83.62120325292965,88.85355118626875,744.996030597441,0.10019156076281316,0.025486115156607213,0.09689585534125097,1.3429293573889602,2.12386188399978,,,,-0.0034949621818652164,0.01205629220106462,0.007948283376707343,0.014857461119806504,25.142242340785742,deltaRIC0,EKF-G
103,149.30339270492615,94.71172333889639,115.41747066790948,1199.8436909462248,0.08722328046595341,0.02554328160729093,0.0833992890855372,1.0086952547299195,2.1835422119984287,,,,0.008627422718916804,0.01673493291627533,0.012505273719082326,0.022602483785466775,26.527852062266902,deltaRIC0,EKF-G
104,141.0880714918956,82.494465792714,114.45744637583428,1087.3615370405164,0.18463034516896404,0.03006227122497518,0.18216647388036808,3.7689310910709954,2.9116480619995855,,,,-0.0016850056123933024,-0.0014740114735936423,0.00364836991178905,0.004280485574246253,-29.008574926439906,deltaRIC0,EKF-G
105,186.12853802958983,102.67283540232042,155.24857983080068,1087.647399237995,0.14007385843883893,0.03320750920298683,0.13608066413152692,1.759038929629495,2.096174382000754,,,,-0.001627685427482277,0.0054790102882326394,0.00012883651127854545,0.005717124490164239,46.102083760735695,deltaRIC0,EKF-G
106,226.56143215246703,86.83356768680221,209.26063667531565,2225.4028247704478,0.11347870073306371,0.029237742313419926,0.10964748033802825,1.3977126276495042,2.0756172580004204,,,,-0.005804130105237861,0.002857572342442258,0.006419410618512243,0.00911386189602888,-65.57327786492533,deltaRIC0,EKF-G
107,131.24927814230674,72.23265743579283,109.5847444338855,1010.2725116637766,0.11552738115730134,0.027737029613310944,0.11214826340739607,1.4118549104659646,2.9000826019982924,,,,-0.003204152003426607,0.003221731521523567,0.0012801672406394864,0.004720696158602862,95.73382693763415,deltaRIC0,EKF-G
108,130.56445606629856,69.20311154171095,110.7158820623036,1121.2883043513225,0.068514484021595,0.01861499140580802,0.06593721722750431,0.8669407155480165,2.1065871569990122,,,,-0.002744774188472273,0.001469448094031335,-0.0004033559004346917,0.0031393883208630674,71.47867666820093,deltaRIC0,EKF-G
109,166.4189698320282,103.81489170636316,130.06821971546162,853.7407259378466,0.09140997262397371,0.02278122321701075,0.08852569663014437,1.9568384733652284,2.0694979399995646,,,,-0.009080871490868118,0.008660208443749531,-0.0009536841021759837,0.012584552065512513,339.90199202796794,deltaRIC0,EKF-G
110,152.9799794824375,81.55651378816658,129.42723508275836,1260.082475344758,0.13504415406012926,0.03373740674561254,0.13076203933824612,1.2503061990382962,2.107367332002468,,,,-0.007273915915074584,-0.008140084929894131,0.01827011199064989,0.021283040843741146,29.071567287901416,deltaRIC0,EKF-G
111,117.87093718819204,76.26497307147122,89.87330925269461,604.3214578270675,0.12076255413238429,0.026177082357391378,0.11789128398584602,1.5730910628610744,2.856746908000787,,,,-0.0007922784715730683,0.005519052138813249,2.10109975127557e-06,0.005575629659695614,53.19670052036963,deltaRIC0,EKF-G
112,128.674560406289,71.66276402022245,106.87184263749565,1062.6213080754806,0.14917305513967127,0.030514143471812426,0.14601879135195256,1.9611331290358087,2.855022341998847,,,,-0.0009966137813880148,0.00032312170076099627,0.0003568787248674636,0.0011068012861477092,194.50884543555003,deltaRIC0,EKF-G
113,197.37837086150515,105.18575387741737,167.0155036671184,1302.7045013355705,0.1015351726330509,0.02481289113428531,0.09845664891301935,1.9208092140849806,2.8757651890009583,,,,0.0021330192998155603,-0.0065820124584936605,0.006931036258055189,0.009793463276473093,143.7139998147686,deltaRIC0,EKF-G
114,114.52392044920369,68.01411966299304,92.14015347026289,1100.6468026569491,0.13104659789912432,0.028647382814922767,0.12787704359575272,2.054679754657025,2.092469228999107,,,,-0.004347180672838701,0.005674296371769799,0.003206189988538899,0.007834237254486828,58.932826243493764,deltaRIC0,EKF-G
115,156.95590076483066,93.09704879079561,126.36492508344075,938.1329571313116,0.10679469916486888,0.023462910684240192,0.10418540968839263,1.5903565767184398,2.8853790770008345,,,,-0.002195346940723559,-0.00015782068336438635,0.0027899988912395987,0.0035536670315830213,-19.112485361285508,deltaRIC0,EKF-G
116,141.97866172211508,87.08006338332422,112.13832059362679,1094.3085874379044,0.12849933863009172,0.03404853158427331,0.12390632560658767,1.2349107625896487,1.531593209998391,,,,0.02123220338710632,-0.016986083105726694,0.009826986812679147,0.02891198972334268,3.979238627842278,deltaRIC0,EKF-G
117,219.64171069015225,98.84336503275738,196.14400389483643,1849.726597462247,0.1700664657729053,0.033939191318099624,0.16664553421307218,1.948042602339869,2.1356470079990686,,,,-0.00039340338925250427,-0.0005170524490306236,0.0014988333165419573,0.0016335883118154607,-114.28301760457543,deltaRIC0,EKF-G
118,123.43527035588363,67.52996513982772,103.32458456748682,1335.183956822543,0.08256702102625443,0.021940970528497545,0.07959840936487075,0.8403309857969737,2.095829075999063,,,,0.001299617994394971,-0.004014995256536338,0.007071270102088134,0.008234807508257252,-61.53553074396768,deltaRIC0,EKF-G
119,139.05077704045965,80.55545891278905,113.33991633535634,987.2415881559116,0.10539063615168917,0.024921033628898942,0.1024017981840408,1.9186668107398934,2.099577478998981,,,,-0.006879464468053886,-0.0037730278602626077,-2.803743832210193e-05,0.007846244751438832,-184.3801610647497,deltaRIC0,EKF-G
120,179.20196726044296,101.43080053246324,147.73333331836972,945.9757633876222,0.18755447435071482,0.036115847648762425,0.18404435986355117,2.2428201481960497,2.105705386999034,,,,-0.0010329322763285985,-0.0012151781796907056,0.0068600309459473565,0.00704298457156007,-230.2525955407982,deltaRIC0,EKF-G
121,162.02761648919633,89.19703023728059,135.26580610789904,1551.9713446870412,0.23863387177140896,0.04516968861082666,0.23431991803390131,2.636223509234229,2.88870620599846,,,,-0.007022567460405742,-0.004066779506640914,-0.0024683101725905864,0.008482199266681856,-65.01365041931422,deltaRIC0,EKF-G
122,130.06245359160891,78.60232527844434,103.62391758224088,922.3950562511291,0.2464758507317716,0.046330163068973536,0.24208234339569848,2.325436317658885,2.103233406000072,,,,0.005167332546095248,-0.020210318372203072,-0.004779461120190712,0.02140097060759532,223.10316010507813,deltaRIC0,EKF-G
123,162.76257710093438,88.18948711334832,136.80011281874803,1223.6763329204891,0.18035156221636814,0.03448937103545551,0.177023075556446,2.9943877158135654,1.5563125599983323,,,,-0.00014916832226786108,0.0013960445243307038,-0.005222792052330355,0.005408211194486313,153.33172278686106,deltaRIC0,EKF-G
124,127.73583132975264,77.25471666623952,101.7258637629687,857.1614860062252,0.07047872923210262,0.022011157173878738,0.06695341838949556,1.0741714924457324,2.8959275769993837,,,,0.005229855174022064,0.00016628235838385842,0.007060171606268446,0.008787778904473771,0.09664314175461186,deltaRIC0,EKF-G
125,224.38745463152398,118.79705350076867,190.36015831982732,1771.1453353372178,0.12342843750346932,0.033240868706703,0.11886809425649748,1.6148276550085663,2.0994949659980193,,,,0.0006551447691173791,-0.0014058351125300981,0.004167923238701173,0.004447153151829792,145.0327893138092,deltaRIC0,EKF-G
126,106.6080669629844,64.82823874483631,84.63202350662938,1051.455694319453,0.12234745578785235,0.025083077577736736,0.11974864991718998,2.418866796662531,2.850180301000364,,,,-0.0012914172584895475,0.0038107385336090386,0.0011051908998429038,0.004172641085949401,-270.6928201233968,deltaRIC0,EKF-G
127,199.91532915059628,114.94657090914755,163.56474151118132,1033.5073130022251,0.05281069158200381,0.019553311726605262,0.04905748817348611,0.6511425251479983,2.8661305620007624,,,,-0.000253101730853038,-0.003050995675174298,0.001755547987959664,0.003529105245543451,171.77018090268393,deltaRIC0,EKF-G
128,199.18434356229926,92.50906631056792,176.39862632880966,1893.8150773826167,0.21982262405882433,0.041999204108037924,0.21577315148645945,2.4161488608098383,2.31949062700005,,,,-0.011364682324581127,-0.05328132533804597,0.012472781562362449,0.05588940788753943,-194.6943405778511,deltaRIC0,EKF-G
129,253.8785993999308,141.35120668351095,210.8890220053806,1310.6605015266803,0.07822023175324039,0.02366651006507356,0.07455401368719465,1.316712216570824,2.043007962998672,,,,0.00010975220121729344,0.0017603068887123241,0.001203477271638675,0.002135201028350954,-45.502315535151865,deltaRIC0,EKF-G
130,214.4118187094984,112.65080521267849,182.4341637063902,1869.2994008632159,0.12238193261264624,0.030050611728524346,0.11863514725724313,1.870635691395905,2.1603196830001252,,,,-0.0010047462871953037,0.0013531963169684151,-0.0018647594327277685,0.0025135598492649464,-66.93985051490745,deltaRIC0,EKF-G
131,172.15039866407966,95.31815225895407,143.35344296577043,1103.395160471129,0.07658846209527893,0.02435405298906763,0.07261317118213238,1.0422920235404798,2.1294567869990715,,,,-0.0023973718920918545,0.0019261079119768806,0.0004954494988390846,0.003114924378451573,-81.86103226766136,deltaRIC0,EKF-G
132,255.78960268859194,124.05324581786071,223.69424008150307,1905.1368867816172,0.15299206123444395,0.03661760529668004,0.14854535261360552,1.307861110619757,2.4419936620033695,,,,0.006620236234955444,0.0015213580013832767,0.003047218532247389,0.007444971373904797,18.87096256599034,deltaRIC0,EKF-G
133,136.29735730700656,83.54182697963034,107.69277020199323,1103.460762696226,0.08470035918747224,0.021377074770282254,0.08195835235503807,1.3436564166261404,2.051462632000039,,,,-0.0019037899634314305,-0.0014480978806357802,0.005113081713197868,0.005644909946367837,-265.3793778105828,deltaRIC0,EKF-G
134,165.93909371569592,75.77680135134811,147.6267563829296,1992.8180657372748,0.2788606698613388,0.04846904290219242,0.2746161413239579,2.9351756626897894,2.088734309996653,,,,0.004264746749936366,0.002998589708312648,-0.0011343047561320574,0.005335377433666257,29.98646520220791,deltaRIC0,EKF-G
135,143.05195744591563,78.90112906835502,119.3250785076081,1213.8957610330785,0.10829292467806008,0.025461382465279868,0.10525718758490907,1.5427969088055138,2.0806497250014218,,,,-0.007839354325042522,-0.0028297713227632883,-9.429648370181385e-05,0.008334984930972275,-130.56836177954392,deltaRIC0,EKF-G
136,161.06032280808003,106.6082292481561,120.72743283784152,837.9137766316417,0.12897349404838668,0.031887985910909286,0.12496927030912393,2.2686763260529386,2.1019854309997754,,,,-0.0033355759789316986,0.0032216617804273185,0.007997480831969182,0.009244721271969576,-344.0200021827259,deltaRIC0,EKF-G
137,167.36502739585714,83.34043503495162,145.13932714258058,1652.7799203068787,0.11542861960931655,0.03117455211060859,0.1111391628797664,1.3610105006117632,2.1399554279996664,,,,0.0026587073393577994,-0.013133396924741924,-0.0021185645002594227,0.01356625058890389,69.84659838255175,deltaRIC0,EKF-G
138,199.74471135820147,91.26955368600731,177.67334714449504,1571.2825293131016,0.22331305761936204,0.0486833258388218,0.21794186263446408,1.9472695170252632,2.131598319996556,,,,0.002977029001778997,-0.013214918749171625,0.0049205896870079474,0.01441211233971377,-127.84959429792798,deltaRIC0,EKF-G
139,136.4920266364364,72.51006087209936,115.63893984141377,1239.8126296682508,0.0850538030143249,0.021109321146678326,0.08239263297119459,1.5481931970676082,2.1168879219985683,,,,0.0001271295765364703,0.0014408361287003635,0.014734388473765524,0.01480521443190989,370.5054848596337,deltaRIC0,EKF-G
140,132.2857185372469,79.3685991802086,105.83069872719872,1011.9742515339849,0.07678802612128252,0.023056483223840567,0.07324479187595202,0.9959531029835313,2.907932748999883,,,,-0.00153475656474709,0.002458136021702293,-0.003486539392835366,0.004533637320300056,146.9400814123801,deltaRIC0,EKF-G
141,143.57924562085296,90.09086290717933,111.79729958139882,765.7301852238855,0.10622129687506422,0.027523820412227843,0.10259338779734277,1.6629313917002246,2.5128461080021225,,,,0.002377797349772093,0.0033862780040258065,0.0028491361095654743,0.005023780999203894,-37.02846058263094,deltaRIC0,EKF-G
142,132.85820854675214,74.62483696909021,109.92014049112652,938.1112586848209,0.12446935312293034,0.023769536280918914,0.12217867658405376,2.9755938501270767,2.7560079079994466,,,,-0.0032236311765086313,-0.005111710132543926,-0.0017349341703943792,0.006287398111851411,126.71503427938296,deltaRIC0,EKF-G
143,169.36583501262456,83.85313834125657,147.15106951648585,1376.299754638372,0.12804147166086105,0.03017904756656632,0.12443409321023723,1.4283625808765066,2.8356127260012727,,,,-0.002687244825062851,0.001092294684769939,4.966318136186382e-05,0.0029011823210178837,12.19409832386009,deltaRIC0,EKF-G
144,134.21159330910353,81.76154029597754,106.43214884139775,732.315043096833,0.09825658187184044,0.026429842204195326,0.0946351907178245,1.3343593996534813,2.7952362340001855,,,,0.0007190036567778866,0.007256987397531014,0.0037946669011897274,0.008220725590686553,114.90831069344131,deltaRIC0,EKF-G
145,100.66812964241765,70.34134273133638,72.0150527907553,907.8107926959639,0.07425658786091875,0.022439982843996877,0.07078480070401748,0.9728357501016109,2.9642801849986427,,,,-0.003037882148650011,-0.016901255439251372,-0.007152941720974401,0.018602304659250335,28.43430694980634,deltaRIC0,EKF-G
146,109.71654124577277,59.73871058265318,92.02720185280744,1176.8083736706387,0.15125782971258375,0.027473311826424214,0.14874188443961925,2.4766670966733924,1.537502568000491,,,,-0.006120330693362322,-0.009103284212845926,0.006377885167459752,0.012688800198019743,-113.53685204682552,deltaRIC0,EKF-G
147,207.80357607408482,106.3273228035045,178.5408262964449,1503.5882191879878,0.0993548714020541,0.027688811615488886,0.09541865741373996,1.7378888881162662,2.128168998999172,,,,-0.005230523404340036,0.008390887900692796,-0.001377251072393496,0.009983095479947624,130.4974560227638,deltaRIC0,EKF-G
148,125.97112943012326,74.6988862166917,101.4337313120572,917.6945272237459,0.10299806885199896,0.025145343885274556,0.09988149912837914,1.7319991777772894,2.1175354219994915,,,,-0.003394259111818125,0.004338650040856814,-4.865249149474631e-05,0.005508833466362533,77.28603563376964,deltaRIC0,EKF-G
149,201.10976205345216,86.22440496038712,181.687887274918,2197.4071755472623,0.20443547308426033,0.033243684068802,0.2017144519480917,2.9056077194545957,2.9199617149970436,,,,-0.0033053275338953184,0.001025195032690164,0.00016592254671151155,0.0034646421536554577,37.16190705846384,deltaRIC0,EKF-G
150,143.97922510072286,72.41223208515179,124.44471023330298,1436.0402772723087,0.09343878005494838,0.02263081533680437,0.09065678030543815,1.5977916376432575,2.0911786850010685,,,,-0.0021267728759286017,0.002323886205976692,0.000595050961114314,0.0032058845285564213,-97.77365692192689,deltaRIC0,EKF-G
151,156.57259261428172,76.2727977179371,136.73857204986626,1478.2208407449632,0.0958272441092186,0.024653059100462168,0.09260176775071247,0.8625526839019835,2.1020623099975637,,,,-0.001624061193826589,0.010229125398979076,0.0004464291763133412,0.010366864530743907,118.4088925482356,deltaRIC0,EKF-G
152,206.18804556342135,100.58037577807089,179.99193910174301,1319.8462597659434,0.09286625354576186,0.02281469700203521,0.0900201680087915,1.2510468200154188,2.140476551001484,,,,-0.0010331349167649918,0.0019067712182136785,0.0012332371415342944,0.002494798204686455,-94.22807882890629,deltaRIC0,EKF-G
153,168.45088462015207,79.1416027254366,148.70207546420107,1510.4143844150701,0.18910904779943394,0.03983560891251255,0.18486577893752526,2.284525794400441,2.1415431380009977,,,,-0.0022306758827971536,-0.00022299187481953376,-0.0037549657455375977,0.004373260570842894,29.544625007518334,deltaRIC0,EKF-G
154,162.45829122146534,85.8339972227384,137.93194447757702,1686.2892084502078,0.1277010410533608,0.029693165481297024,0.12420093320829942,1.576539588750802,1.7146083500010718,,,,-0.0012509600316709015,-0.0022205805669023486,0.0002214479982373295,0.0025583037878378987,-46.34218677030003,deltaRIC0,EKF-G
155,135.96061735530756,78.18170151113794,111.2335876453677,868.6069307904648,0.09147322186260477,0.02274829231226228,0.08859946678621258,1.1103581833591736,2.231559309999284,,,,-0.001249805236468445,0.003374865329162471,0.003024049329257504,0.004700702443770465,-66.31833379543241,deltaRIC0,EKF-G
156,240.06385870494105,118.21315550845881,208.94091538288723,2099.533252133456,0.11631905914978334,0.03173332527664714,0.11190674505309008,1.6595512103067473,2.1474199520016555,,,,-0.0023930534012498498,0.0022043307716706787,0.0016403688886691321,0.0036437053699608216,-68.30285729652678,deltaRIC0,EKF-G
157,140.8114143160955,84.69004460531148,112.49644770591408,1719.4837409745708,0.13358216574517454,0.02762881687086637,0.1306937010092201,2.1817942385529134,2.927479100999335,,,,-0.000496026314343839,0.0005385941310021152,-0.0009594026121628883,0.0012068881947787998,135.8992831991709,deltaRIC0,EKF-G
158,166.75614587239482,94.86049871073882,137.14626488011015,1115.9912763577126,0.10115629795081085,0.027462259733331214,0.09735718209486281,1.621658858629169,2.8534252179997566,,,,0.0005914879721892952,-0.0005159286158561693,0.004234701576700009,0.004306824561275908,-14.098384014505427,deltaRIC0,EKF-G
159,157.4619499889818,81.32466592030744,134.83532329209206,1146.152552881203,0.08289155004087702,0.02137067978925478,0.08008934456920193,1.2407644927965793,1.9613857279982767,,,,-0.0025354755033562917,0.0010564080901212074,-0.002118068253554868,0.0034685511683857783,25.011872775641677,deltaRIC0,EKF-G
160,150.8556155020352,86.85426377911685,123.34404562801346,1049.5893229123983,0.10975585129429957,0.029146461118715647,0.10581507783672228,1.2007074925947248,2.9547130259998085,,,,-0.0002635591868144144,0.0024328128181213765,0.002026478706070665,0.003177209089614309,-221.19353692422737,deltaRIC0,EKF-G
161,134.25115224585429,85.92271977159534,103.15356565040032,782.8764082020052,0.06698274513169424,0.02053758761891036,0.0637565340978718,0.9445220050127667,2.85316297800091,,,,-0.013854901382860964,-0.010645031057142536,-0.016244066988400863,0.023856753569167506,-5.702731958619552,deltaRIC0,EKF-G
162,217.14670985943076,82.24491066566256,200.96882413044315,1797.9717591131823,0.19544792553988136,0.03783004621000909,0.19175186883467807,2.21515702806291,2.0957631040000706,,,,-0.0005097514210961563,0.004165934307980576,0.0030297193151788493,0.005176297354140984,-125.71615509460389,deltaRIC0,EKF-G
163,111.46001493141695,70.97259846199024,85.94315095494689,878.8494781824757,0.13647242153617983,0.025420059596389766,0.13408408708741226,2.3105929904015547,2.903692019001028,,,,-0.0018591569097392768,-0.00796794549302697,-0.001382825842190778,0.008298001392185395,218.99389782813523,deltaRIC0,EKF-G
164,210.33742861392017,93.49410477749542,188.416257917863,1560.6450342884368,0.1527797007182451,0.03622683327785367,0.14842255051782102,1.9657549267365793,2.106151941999997,,,,-0.00296912944973302,0.004223852762777776,0.0036712462037089303,0.006335196172112162,85.11125984165119,deltaRIC0,EKF-G
165,99.62562633574721,65.19067955031555,75.33552098816332,1094.7446984512785,0.09390814554618285,0.022230120147138696,0.09123903527639275,1.2210650331535406,2.1519472360014333,,,,-0.0012330358715791792,9.754764577575681e-05,0.002435624282490167,0.002731695196989071,-133.6824028925621,deltaRIC0,EKF-G
166,141.52705424567452,66.04461240046757,125.1719467625638,1215.2642271486045,0.12082235464162483,0.027941041472708934,0.11754718024081616,1.2274214365166358,1.545980791997863,,,,-0.0038402352657242386,-0.006178876804392109,-0.004068483096886199,0.0083353752266839,11.950627251448168,deltaRIC0,EKF-G
167,148.49962358098782,75.09790514073306,128.11105669366924,1538.687845070088,0.15028838941854336,0.030805717756430862,0.14709727307985984,1.5994916924339109,2.9538633980009763,,,,0.009116751591706902,0.013721459166407705,-0.008036940648190596,0.018329921337060413,52.98041699176247,deltaRIC0,EKF-G
168,170.56089478304887,101.540054784923,137.04246095086404,1156.1298963736801,0.17943069972724657,0.040672995292501554,0.17476007398300525,2.255170923124913,2.206735429001128,,,,0.04298785879742037,-0.017985974292282443,0.012423928148533773,0.04822660330014469,57.212735573528334,deltaRIC0,EKF-G
169,196.93648221807646,116.66253508358136,158.66263245106862,1246.7416256985932,0.09299446500568526,0.03166450311280528,0.08743757638631554,1.132381782051453,2.0922006079999846,,,,-0.031549222129848085,0.01675472057255233,0.013760131920355615,0.03828074331734421,-81.65547740347392,deltaRIC0,EKF-G
170,188.41346436018736,95.83722182933403,162.21855770608556,1863.743009596825,0.1218054233435438,0.026416604439815083,0.11890636722131524,2.503215307149797,2.1987035910024133,,,,0.003175669719424234,0.0013096272737327384,0.0064134662920587275,0.007275476042318205,-82.92010157279583,deltaRIC0,EKF-G
171,169.2109584393938,97.91678032152151,138.00236442700955,1036.120192350032,0.20671596377842757,0.04249413001275972,0.20230110873473445,2.1656407274957976,2.121988800001418,,,,0.008077999406480301,-0.002649199764938957,-0.001282818212037555,0.00859755525546559,-105.87733588300034,deltaRIC0,EKF-G
172,154.10546354435152,90.90795535679344,124.43567634350974,906.6384697829418,0.11542749025811434,0.028484242566791235,0.11185773747346797,1.1311939927922432,2.1598459289998573,,,,0.00942853453934066,0.0006829641365050747,0.00853659599267899,0.012737235756376456,-177.46310568970512,deltaRIC0,EKF-G
173,157.89224427567666,90.29239762892017,129.52700001478811,1221.5191970086823,0.1795719720302851,0.0371724189355747,0.17568239641274144,2.919754887421623,1.7399147340001946,,,,0.011599373188095138,0.014260038410876969,0.01985607139813945,0.027058413205589098,-190.81337372660346,deltaRIC0,EKF-G
174,163.64144452085006,88.4894772087345,137.65222405829593,1374.1986797369598,0.14336520346627044,0.02942599030575171,0.14031283854106485,1.796306889412432,1.8372309139995195,,,,-0.0033884892588722784,-0.00016344829207883005,0.008471997383751255,0.009125969234660195,-69.70519169781619,deltaRIC0,EKF-G
175,135.49944057147928,88.9996231676961,102.1722343456966,981.0913711953375,0.12469620432260718,0.02636714449575925,0.12187664691648338,1.888155162488152,2.896560531000432,,,,-0.0044855313033563314,0.006948663086732973,0.00390856164499196,0.009147719054442872,139.70623334744596,deltaRIC0,EKF-G
176,219.01625737837279,93.03528604292735,198.2739431870469,2027.230389265045,0.14714979311187848,0.03714170711207139,0.14238523520951793,1.5505586077107127,2.875613983000221,,,,-0.011403236699343998,-0.020617460331968502,-0.011215136258783311,0.026093921879714377,226.80820089876943,deltaRIC0,EKF-G
177,179.554957209071,87.94785297631437,156.5412335942448,1601.2042652422363,0.1621874633558303,0.035735148057060274,0.15820168287075453,2.1494196411441333,2.8650688100024126,,,,-0.005476664365982248,0.0012153476002045374,0.0024458731188457795,0.0061199034045019895,-62.402516103997186,deltaRIC0,EKF-G
178,213.9413396904075,113.45874780311127,181.3780840550377,1753.885866287941,0.11385741258024674,0.029078525488054577,0.11008155955885203,1.3052422897992686,2.876951027999894,,,,-0.014340607829119266,-0.013427561180436535,-0.0015572797777982604,0.019707296934620498,116.73054990715173,deltaRIC0,EKF-G
179,187.64148041203308,76.26242394607213,171.44494120588377,2151.0117369030527,0.1596062689626556,0.03217431320411121,0.1563296985925045,1.939515356934515,2.103149738999491,,,,-0.0014421522648045107,0.0074455987713591635,-0.0008557022167165268,0.007632101316324321,-5.809062405787699,deltaRIC0,EKF-G
180,181.3220804466354,98.9522138505217,151.94129205576982,1227.7778800867918,0.1982793110083814,0.03957059611043759,0.19429064078699998,2.768157329150236,2.9384700740010885,,,,0.02172279838687008,0.008904290190847366,-0.007982700278031302,0.024796972744436103,-228.06319608866033,deltaRIC0,EKF-G
181,133.78906017294938,86.38984175361674,102.15824912235979,1361.6842465874229,0.1407987362114969,0.033205999155399096,0.13682706508160702,2.1266828275203116,2.127762508996966,,,,-0.0009450414459735791,0.001971984992473724,-0.0014376705328875744,0.002617006821978626,-50.583172773214756,deltaRIC0,EKF-G
182,115.45617449374703,82.03453286054079,81.2432375467855,618.2260978149246,0.06595671562897086,0.020889724287488583,0.06256123205111642,0.7367522134950969,2.111191798998334,,,,-0.0030364838389446646,0.0027625917052721705,0.002777729262509579,0.004956604370939114,-174.48634378686984,deltaRIC0,EKF-G
183,162.14665335218658,96.08392559922959,130.6117009871469,1359.5982623489324,0.15557699028947514,0.03590019446526714,0.15137825453111634,1.9376523760891384,2.120059081000363,,,,-0.00250033243375458,0.00839688384990192,0.0035753818430847,0.009462699191662417,139.96665065140405,deltaRIC0,EKF-G
184,130.60575017668836,71.11733390363365,109.54536410845786,1277.814095037573,0.0906629888467706,0.024942220207259256,0.08716457536041945,1.0550025929550626,2.0637880410031357,,,,0.010144466481842208,-0.0035040533734038448,0.01127573733189539,0.015566979238849851,-10.064201137342025,deltaRIC0,EKF-G
185,232.16282450260158,100.5830787375893,209.24297205089997,2690.444869303086,0.244766434466024,0.05091646515221549,0.2394120318981768,2.011795562132444,2.8941135720015154,,,,-0.0022845454177889196,-0.0007135349540503015,-0.0004978480067961583,0.002444612962099077,-81.75920941985532,deltaRIC0,EKF-G
186,166.95471096167333,90.70687935326033,140.1646801098228,1532.4596710696721,0.1144227212853722,0.027517145455428698,0.11106469219484089,1.3959365228114158,2.1393997830018634,,,,0.000392926264226721,0.0042687955082653115,-0.0039140368805386004,0.005804885084368304,289.6749674053135,deltaRIC0,EKF-G
187,162.06379208808144,91.79817243265938,133.55810811775007,1025.6358137391803,0.08227758332772572,0.022303522934889946,0.07919692912571603,1.2292563373127676,1.5033881700001075,,,,-0.003025956319104287,0.0014375077980413936,0.0023463957071936103,0.004090038279685605,-381.4855736878744,deltaRIC0,EKF-G
188,222.38263370618773,130.37812222090207,180.15432556630995,880.0108284717371,0.14452911331199353,0.039125367086826686,0.1391325635682464,2.239857887557223,2.111225956999988,,,,0.060871860612470505,-0.002795283372278661,0.026095856701615273,0.06628869255421029,-3.4272170978365466,deltaRIC0,EKF-G
189,138.91718270932847,77.27922478211252,115.43788402847947,1187.985881849112,0.10911596504729477,0.025129019929927898,0.10618298444460744,2.1766570096972973,2.115056276998075,,,,-0.004173790326287199,0.003999707309133541,0.004340483117081926,0.007228967971724463,53.56214186123543,deltaRIC0,EKF-G
190,105.79608580246641,66.95300303945018,81.91524372863825,628.0896635293941,0.09072026346791905,0.02140438313278858,0.08815905277618087,1.525622312884787,2.1263492290017894,,,,-0.0017937749618201293,0.0011033352496342488,-0.0009133322324129878,0.0022954635813932592,231.75261224468704,deltaRIC0,EKF-G
191,166.83121991253236,98.66695871155025,134.52690138450734,867.8215380217293,0.0966355631751818,0.026431166449632542,0.0929506616990776,1.0889876854003742,2.9345840549976856,,,,0.000617797625240196,0.005846214250916227,0.0021987747546833294,0.006276504233663922,-73.80900694991578,deltaRIC0,EKF-G
192,205.58017945528863,115.75438129141492,169.8944772401693,802.5085930628514,0.07357477575101813,0.02329979196702244,0.06978801703090641,1.245766110899276,2.150666420999187,,,,-0.0023162709365168502,0.00046584500793870183,0.008721110813860802,0.009035479868297747,-118.38920978619717,deltaRIC0,EKF-G
193,128.17382502078692,75.40609438853632,103.6457927246758,769.0716043191557,0.10429035778250804,0.026211807858564612,0.10094265627171314,1.5172712238977581,2.9340750640003534,,,,-0.0033701842656092586,0.0048473323508548246,7.896887594272374e-05,0.005904321213075355,-139.0939857141857,deltaRIC0,EKF-G
194,133.29413738414854,83.44093017761563,103.94680481899644,688.7441822312974,0.15561551335053295,0.0321951672337428,0.15224867553493274,2.0244525480803213,2.8290269000026456,,,,-0.004215542593525545,0.0012243521669938501,0.005604006104722014,0.007118617984441377,-21.834261874566437,deltaRIC0,EKF-G
195,152.14708597083208,79.00352044146646,130.0276106343209,1839.3119894852484,0.12353959146729855,0.029863055421864113,0.11987588823770064,1.4970821432958594,2.462343366998539,,,,-0.003799550829134225,0.0030158663162800086,0.004841520245406935,0.006853638043224354,-257.3740637852243,deltaRIC0,EKF-G
196,115.75568279005405,74.07894306473398,88.9476716536387,989.7285532073121,0.13613548628597796,0.026547091450312848,0.13352199280211638,2.0488693523136043,2.129346411998995,,,,0.00058568564095866,-0.0005661258838248194,0.0018152516007817101,0.001989639304120762,-254.0180730726497,deltaRIC0,EKF-G
197,150.42065666789833,92.63721191768914,118.51042536637398,1582.4596407080119,0.15818084190628554,0.03845042309472684,0.1534364484404465,1.6588953945696396,2.1344279660006578,,,,-0.008681016048421294,0.013086892022812076,-0.007643774274171852,0.017465797078982163,-228.61178044442931,deltaRIC0,EKF-G
198,236.95636029487403,115.64797267254845,206.81843027381203,2180.197694340766,0.0856562870440391,0.02134455818709806,0.08295426056549719,1.5604990358321564,2.1064031299974886,,,,-0.0020528440325185047,-0.0009190734851612784,0.0019652075523204243,0.0029867884787293806,-46.39750562146946,deltaRIC0,EKF-G
199,179.7199064134901,84.93705846082725,158.38226182655575,1907.2746173371156,0.10336481635976381,0.029476745200031025,0.0990727346624698,1.171002136792731,1.9667313459976867,,,,-0.007827407038176746,0.006808148632089593,0.0028567720185397358,0.010760127095152448,147.10137934617524,deltaRIC0,EKF-G
200,144.71400248488916,80.81099775916151,120.04884487726362,1172.0161541769291,0.09905664197742634,0.025781321827108173,0.09564278208360054,1.1092817039944716,2.0978613480001513,,,,-0.006060778314976455,0.009415926423988542,0.005825099384354786,0.01262238040319119,47.413138932781294,deltaRIC0,EKF-G
1,6444.267017461013,4388.96804844374,4718.637182712378,12963.25215323225,0.7288381793859195,0.5095645952894284,0.5211036508777337,2.6205539655485204,1.416885975999321,,,,,,,,,deltaRIC0.5,EKF-B
2,6435.505992061165,4390.873234794866,4704.887842426982,12927.43049503723,0.7023597503702433,0.49808559287783144,0.4951968912540646,1.5842724172127725,1.9303525360010099,,,,,,,,,deltaRIC0.5,EKF-B
3,6435.293719545282,4375.457740379472,4718.9378909848265,12936.215060988505,0.6986481118219533,0.4894239245132614,0.49857136526922397,1.6212210884101013,1.3880997250016662,,,,,,,,,deltaRIC0.5,EKF-B
4,6438.740323301176,4367.8606454325845,4730.662779461858,12946.950983639012,0.6894850275526223,0.4831599672288047,0.491880116783247,1.3133238194205659,1.3878033040018636,,,,,,,,,deltaRIC0.5,EKF-B
5,6437.400900420034,4376.825983557445,4720.542835562989,12932.139371221683,0.6914904603010908,0.4872035956301458,0.49070532205435874,1.3121879500604983,1.4279562260016974,,,,,,,,,deltaRIC0.5,EKF-B
6,6438.579260407679,4375.774576865784,4723.123939196065,12942.76857690597,0.6929066127632849,0.48843317270146386,0.49148001975245237,1.311863642052166,1.4107639610010665,,,,,,,,,deltaRIC0.5,EKF-B
7,6451.016422150706,4405.423009307823,4712.521722806091,12956.010495775929,0.7203418451895457,0.506792412171046,0.5119119308015119,2.670146569991521,1.447894543001894,,,,,,,,,deltaRIC0.5,EKF-B
8,6451.0109316464195,4413.34010304464,4705.1005488809205,12984.211111741302,0.7054480506466938,0.5028162142914141,0.49480582737764023,2.311802915748112,1.4126979419997951,,,,,,,,,deltaRIC0.5,EKF-B
9,6447.923502124408,4379.194526849172,4732.691917425276,12978.11761275712,0.6976973218659406,0.4903932025271627,0.49628223810051797,2.2698140015974224,1.394345789001818,,,,,,,,,deltaRIC0.5,EKF-B
10,6441.385633672229,4365.84125223323,4736.124897210542,12955.750428573443,0.6897867473809072,0.4846262148728949,0.49085964258665843,1.3142191009935593,1.9449660169993876,,,,,,,,,deltaRIC0.5,EKF-B
11,6438.044284801914,4366.007993127881,4731.425622052411,12954.016801605012,0.7075802151907484,0.4974745481079272,0.5031787305860607,1.9637227715561938,1.514967479997722,,,,,,,,,deltaRIC0.5,EKF-B
12,6434.480868273805,4371.544535376845,4721.455540339068,12941.602138803017,0.6913095290794765,0.48652053658649286,0.49112791864816513,1.3122430002745367,1.916172559998813,,,,,,,,,deltaRIC0.5,EKF-B
13,6442.645436164328,4371.344345914458,4732.761226342475,12961.294366302249,0.6983240593329516,0.4928704762905057,0.49470717140993803,2.1654628057936325,1.4245876699969813,,,,,,,,,deltaRIC0.5,EKF-B
14,6444.487053510423,4416.174882988805,4693.486208110371,12948.95641181531,0.6994239675465708,0.4941251435923474,0.4950093219813426,1.8218314000548612,1.5096021060016938,,,,,,,,,deltaRIC0.5,EKF-B
15,6439.325050762903,4367.490032270589,4731.800706644323,12972.109045927074,0.6898893497726216,0.48424505593175626,0.49137973170994836,1.3125238702097386,1.4226419930018892,,,,,,,,,deltaRIC0.5,EKF-B
16,6442.0314992436415,4378.0307527426085,4725.7397902643,12940.783454339533,0.6934309512610156,0.49062354952821746,0.4900357301412722,1.3137635787400956,1.281999999002437,,,,,,,,,deltaRIC0.5,EKF-B
17,6438.70440181271,4382.349751013453,4717.1946147805575,12941.511488487336,0.6947572778911948,0.4876845591872482,0.49482466178750856,2.5006296493410014,1.9347546950011747,,,,,,,,,deltaRIC0.5,EKF-B
18,6440.8281835074295,4381.023859410145,4721.323716156588,12942.938401757945,0.6918810332852415,0.48876483018287914,0.4897022615795794,1.313429641168561,1.4127438319992507,,,,,,,,,deltaRIC0.5,EKF-B
19,6441.281623411285,4411.370272227834,4693.604294505498,12935.857082302726,0.7015735275075983,0.4973588909124338,0.494812639420022,1.6815178551851961,1.9592918090020248,,,,,,,,,deltaRIC0.5,EKF-B
20,6438.67852778373,4371.589568919432,4727.132939219931,12955.764824951808,0.6935958729290207,0.48502712209696897,0.49580633898176624,2.5795955999636955,1.4417299460001232,,,,,,,,,deltaRIC0.5,EKF-B
21,6440.316829044261,4385.689634592829,4716.291688126991,12968.479284926732,0.7062311282951556,0.49788576085632774,0.5008714163431212,3.2453388782332855,1.4130784179978946,,,,,,,,,deltaRIC0.5,EKF-B
22,6448.878990987537,4406.022009954102,4709.034963578041,12954.146767984312,0.7036040767260858,0.5015939324832129,0.49341891297516527,1.4898783861131293,1.4399225579982158,,,,,,,,,deltaRIC0.5,EKF-B
23,6444.818035126394,4376.969384065113,4730.519899212674,12960.776761918481,0.6949880476646098,0.49118145586302503,0.4916799404215562,1.4211818843412856,1.3916046289996302,,,,,,,,,deltaRIC0.5,EKF-B
24,6440.598016449219,4386.446940123162,4715.971379363297,12934.076952500911,0.6995504665487745,0.4968141820676454,0.4924901255305172,1.601404233681084,1.5172506290000456,,,,,,,,,deltaRIC0.5,EKF-B
25,6443.27997156239,4375.2999714378475,4729.969022295283,12957.59997957048,0.690847409818352,0.4862598932056151,0.4907356313865846,1.313697919826102,1.4153776679995644,,,,,,,,,deltaRIC0.5,EKF-B
26,6443.7545991017305,4400.444563338207,4707.234961039435,12943.661588448515,0.6949313869030639,0.4935555117357423,0.48921630117800186,1.4853888589827802,1.4230568370003311,,,,,,,,,deltaRIC0.5,EKF-B
27,6442.162575516493,4371.2626020928565,4732.179404136079,12947.674130511743,0.699632599907058,0.49152578851434914,0.49788369533261145,2.21119915955351,1.433850153000094,,,,,,,,,deltaRIC0.5,EKF-B
28,6437.461548680679,4375.002361309971,4722.315695638574,12930.851991829788,0.6903801551745505,0.4849874079135159,0.4913369239372972,1.341374292719385,1.8108330760005629,,,,,,,,,deltaRIC0.5,EKF-B
29,6443.783218523608,4381.027684855824,4725.350631630768,12948.378724881219,0.699066665609767,0.4966198163328416,0.4919989440967252,1.3143314769233256,1.3563148739995086,,,,,,,,,deltaRIC0.5,EKF-B
30,6448.533113948295,4375.20988456007,4737.205694049558,12961.93972511437,0.6971797147681643,0.49662091506769224,0.4893130096385616,1.3163555186453089,1.8999594209999486,,,,,,,,,deltaRIC0.5,EKF-B
31,6443.3998190867,4375.739905771947,4729.725309744893,12948.920507006807,0.6957359554409773,0.4914502784296838,0.4924684188095272,1.3136207640306252,1.9387325050010986,,,,,,,,,deltaRIC0.5,EKF-B
32,6437.102865955544,4373.5884882709715,4723.136356506841,12954.927929406573,0.6903848898186559,0.48615955014133416,0.4901838307168986,1.3134674132762103,1.4103053110011388,,,,,,,,,deltaRIC0.5,EKF-B
33,6436.707435740399,4371.441343544298,4724.5849757695505,12939.155397371003,0.7144760347641191,0.5015597936979715,0.5088357078644412,2.0959446271769533,1.9468860689994472,,,,,,,,,deltaRIC0.5,EKF-B
34,6446.397657813408,4401.335883441283,4710.019660659001,12951.585177177565,0.6897173417076856,0.4846433146218725,0.49074521805580645,1.315394177361278,1.4472122009974555,,,,,,,,,deltaRIC0.5,EKF-B
35,6446.205472721111,4414.923639619453,4697.021849307168,12941.495416955318,0.6898398032036506,0.4853069975932691,0.4902612285007432,1.3327827929442058,1.3620193810020282,,,,,,,,,deltaRIC0.5,EKF-B
36,6441.794534635056,4365.869090006551,4736.6553511290485,12940.68393780822,0.694422109419341,0.4871694696936306,0.4948615703899767,1.9658626366507685,1.513253781999083,,,,,,,,,deltaRIC0.5,EKF-B
37,6442.824991630906,4376.501644113345,4728.237222460076,12943.660115173157,0.6894711280287303,0.4831374170352138,0.4918827834410875,1.3142200877634285,1.3984134239981358,,,,,,,,,deltaRIC0.5,EKF-B
38,6438.225627840304,4408.751763313275,4691.871388312105,12942.355618284246,0.7049909940272704,0.4999641035646482,0.49703943184254146,1.9926575576958663,1.4009190190008667,,,,,,,,,deltaRIC0.5,EKF-B
39,6446.490635852244,4376.152092395498,4733.554096274085,12968.018150577465,0.6932827462593786,0.48733314474492784,0.4930997589676607,1.9161288522768585,1.37258832599764,,,,,,,,,deltaRIC0.5,EKF-B
40,6440.336654893508,4392.699982177735,4709.790132791549,12952.020915777981,0.6942167421442242,0.49119279333820304,0.49057774597504283,1.4512060928577368,1.9299325489992043,,,,,,,,,deltaRIC0.5,EKF-B
41,6444.543831426221,4403.380730900971,4705.569395291475,12949.840410289662,0.7040337190107111,0.5005727938624993,0.49506601130429534,1.8283330568978224,1.404919073000201,,,,,,,,,deltaRIC0.5,EKF-B
42,6441.738282465571,4401.189808249368,4703.777245102533,12957.513267944241,0.7301794621798101,0.509863863310437,0.5226862231581705,3.074726850767288,1.4093304259986326,,,,,,,,,deltaRIC0.5,EKF-B
43,6439.218935484968,4377.970447888673,4721.960954574022,12947.748923474617,0.7008076783319216,0.49883843001708955,0.4922312695746415,1.4632865989180202,1.4242467399999441,,,,,,,,,deltaRIC0.5,EKF-B
44,6441.341532691213,4376.633832651693,4726.093210640406,12951.590584196525,0.6999601721365405,0.4934982177147774,0.4963907248224463,2.994308228483416,1.4163607839982433,,,,,,,,,deltaRIC0.5,EKF-B
45,6446.519006752232,4388.8692975450385,4721.804061318544,12950.665996025793,0.7088487973694482,0.5028083820829218,0.4996502260974847,1.7660683499129355,1.9184395910015155,,,,,,,,,deltaRIC0.5,EKF-B
46,6437.333544599066,4382.518371259429,4715.166581362102,12944.354630365971,0.7095487587554828,0.5015117987003134,0.5019415870555287,2.236398860823164,1.4278685299977951,,,,,,,,,deltaRIC0.5,EKF-B
47,6447.4352353637805,4395.521008986824,4716.865079029278,12956.603388156735,0.7141591329616778,0.5086824918147103,0.501263792542163,2.096778367740219,1.408529948002979,,,,,,,,,deltaRIC0.5,EKF-B
48,6441.649574943645,4390.863142979604,4713.297158677237,12955.778310125454,0.6983246865174013,0.4942037330832749,0.4933761627867544,1.8001838592567345,2.0972657129968866,,,,,,,,,deltaRIC0.5,EKF-B
49,6445.9685262169905,4376.630064073814,4732.401031529903,12956.92840720389,0.6904966265842364,0.4850587393874711,0.4914301686588316,1.3146479422371684,1.4821032539985026,,,,,,,,,deltaRIC0.5,EKF-B
50,6449.544808955054,4396.235557953041,4719.0826610378845,12967.164346620302,0.6960160631146228,0.49332261557156665,0.49098997655675913,1.3138873968380802,1.405048902000999,,,,,,,,,deltaRIC0.5,EKF-B
51,6450.492591676948,4397.065099899392,4719.6051935014575,12963.91960641623,0.6968636219832354,0.49306441186927724,0.49244938155266005,1.771903720586538,1.9529989999973623,,,,,,,,,deltaRIC0.5,EKF-B
52,6443.603264849563,4386.344005818296,4720.170473341175,12951.263204167524,0.6980010879329466,0.49399694223398577,0.49312527801670153,1.4393647708807247,1.3698625450015243,,,,,,,,,deltaRIC0.5,EKF-B
53,6436.372822213659,4387.7001902405445,4709.0319755862465,12934.738050074586,0.6973347786719996,0.4920431398272917,0.4941349432031972,1.9851565037684684,1.4295945039993967,,,,,,,,,deltaRIC0.5,EKF-B
54,6436.640710749331,4385.832700972846,4711.1373529491675,12942.69019856561,0.698501724059145,0.4986761910485272,0.4891080810975534,1.3122358607213145,1.4149537599987525,,,,,,,,,deltaRIC0.5,EKF-B
55,6442.389236159923,4375.3985074000175,4728.664396172659,12948.458278565238,0.6972604277577285,0.4894786179796635,0.49657102881421616,1.9622571023318414,1.4337536950006324,,,,,,,,,deltaRIC0.5,EKF-B
56,6441.8856955560905,4373.092203047842,4730.111615834487,12955.119090495617,0.6916448771287286,0.4853226820809088,0.4927824371020209,1.3141347318165642,1.4622526460007066,,,,,,,,,deltaRIC0.5,EKF-B
57,6442.640228945392,4392.512259028405,4713.114593759705,12962.379303773785,0.7043861986400939,0.4991440526966648,0.4970061684649304,1.9026547966194578,1.951399327001127,,,,,,,,,deltaRIC0.5,EKF-B
58,6446.037482146869,4387.861526226511,4722.083274139021,12957.478426503923,0.6967050102796795,0.494854192173867,0.49042552934850137,1.617951733900222,1.4262410840019584,,,,,,,,,deltaRIC0.5,EKF-B
59,6445.596829889712,4374.732439071027,4733.649182187455,12960.468304721438,0.6948738154779502,0.4894205000785018,0.4932719265676829,1.726949096337228,1.4167501410011027,,,,,,,,,deltaRIC0.5,EKF-B
60,6439.799441569851,4377.640361738677,4723.058512332855,12962.58956782448,0.7000507969334435,0.49496385617826383,0.49505747076909395,1.7221307899667158,1.4226831660016614,,,,,,,,,deltaRIC0.5,EKF-B
61,6439.696684662459,4364.044438644029,4735.484085919073,12952.588560103259,0.707681470985058,0.49621695452599945,0.5045609957344283,2.0477138311638896,1.4040902519991505,,,,,,,,,deltaRIC0.5,EKF-B
62,6442.9293643737055,4380.8965463752165,4724.307805834274,12951.948188277085,0.691585419826017,0.48822985578657796,0.4898183345226527,1.3132011121207168,1.5717573209985858,,,,,,,,,deltaRIC0.5,EKF-B
63,6435.860212110121,4371.264605021958,4723.594227143601,12954.547986257969,0.6983095842382815,0.4937583775531949,0.4938005063131044,1.9296229942764598,1.9109759950006264,,,,,,,,,deltaRIC0.5,EKF-B
64,6445.927687351319,4375.653789602249,4733.24810929047,12943.358766523565,0.6954268311664358,0.4905765921316829,0.49290271327986707,1.809043630488006,1.4337557409999135,,,,,,,,,deltaRIC0.5,EKF-B
65,6445.637111542923,4408.494288118015,4702.277733750979,12954.648901202274,0.71435958562535,0.5034081527737849,0.5068430223409485,2.043576939853535,1.4192092119992594,,,,,,,,,deltaRIC0.5,EKF-B
66,6446.02200952001,4399.007956597034,4711.680034235388,12950.813392160526,0.6945701577967732,0.4886044500866858,0.4936531124760805,2.2156497980890926,2.102096785998583,,,,,,,,,deltaRIC0.5,EKF-B
67,6443.539689788403,4381.421470064744,4724.653387872397,12961.20116883484,0.7052659285182474,0.497066402087751,0.500324916273659,2.0612418358758795,1.0634190700002364,,,,,,,,,deltaRIC0.5,EKF-B
68,6441.356625687958,4370.223080091716,4732.042414172534,12925.067477771867,0.6936340118806172,0.4867787549648915,0.49414024947622964,1.457384121049869,1.9272933089996513,,,,,,,,,deltaRIC0.5,EKF-B
69,6444.632973133732,4425.248728743751,4685.132639227447,12954.483158744235,0.7123842801548799,0.5035071453193357,0.5039562651899068,2.222755191482594,1.4189456770000106,,,,,,,,,deltaRIC0.5,EKF-B
70,6441.51696537789,4369.003196228595,4733.386936073947,12955.092012717885,0.6926401015253448,0.4875055401376278,0.492025058890459,1.787580051507484,1.5597879349988943,,,,,,,,,deltaRIC0.5,EKF-B
71,6438.649132898733,4371.509011254518,4727.167399309882,12958.680782044225,0.6924771136542178,0.4862258481332036,0.49306082539786433,1.903973603754058,1.3621753299994452,,,,,,,,,deltaRIC0.5,EKF-B
72,6445.695237407945,4377.8744322406255,4730.87756648566,12961.517021959744,0.6921190359709699,0.4861424960771634,0.4926400648153272,1.3149019444800114,1.3510404160006146,,,,,,,,,deltaRIC0.5,EKF-B
73,6438.535634313308,4382.757755428294,4716.585160002459,12946.762232681956,0.7033044421161704,0.4928854265882411,0.5016982106378947,2.6338722685705354,1.5326832920000015,,,,,,,,,deltaRIC0.5,EKF-B
74,6441.922498339166,4365.027330194669,4737.605078651229,12963.587501526199,0.6960722659594095,0.4863753803983628,0.4979513919854173,2.000825060026532,1.934934852000879,,,,,,,,,deltaRIC0.5,EKF-B
75,6449.843155578355,4380.413601212133,4734.179275637616,12984.345267405073,0.6913987958787532,0.4862470723344938,0.4915242410997887,1.3142403427005505,1.8880422850015748,,,,,,,,,deltaRIC0.5,EKF-B
76,6443.8381070762125,4382.889532078314,4723.698646167629,12952.156859734552,0.6923106856439614,0.48644046219624876,0.4926152273276899,1.359680563891199,0.99339314199824,,,,,,,,,deltaRIC0.5,EKF-B
77,6439.95500875352,4382.414706652394,4718.841155801535,12951.581268651516,0.7382791091099157,0.5155037154894806,0.5284997277810759,2.482922634797757,1.352525706999586,,,,,,,,,deltaRIC0.5,EKF-B
78,6445.103120326768,4388.08194649969,4720.6028282889165,12946.091410944562,0.6913281983893145,0.4881426681399601,0.48954204459823086,1.3140479260635094,1.897227176999877,,,,,,,,,deltaRIC0.5,EKF-B
79,6445.6723246668835,4421.363646805174,4690.227629836982,12950.47623198331,0.6958428793145446,0.4952669904608934,0.48878207910332105,1.7856589185975016,1.373626160002459,,,,,,,,,deltaRIC0.5,EKF-B
80,6443.526910790043,4407.287120617185,4700.516916948322,12948.814677029884,0.6912575669095156,0.4889010204963232,0.4886847818045055,1.4787252038446526,1.391888038997422,,,,,,,,,deltaRIC0.5,EKF-B
81,6444.2641508323395,4374.849277601167,4731.72634922767,12962.14215956756,0.7086507975300853,0.49766315653879634,0.5044971114524518,3.405279329153884,1.8916138909989968,,,,,,,,,deltaRIC0.5,EKF-B
82,6439.301393643103,4364.876995967647,4734.179046914729,12957.00844986838,0.6897768473143113,0.4825772958425893,0.49286027698337065,1.3128195532125373,1.4660090129982564,,,,,,,,,deltaRIC0.5,EKF-B
83,6443.229583642382,4381.6571962153175,4724.011820728109,12968.464629435959,0.69593405467573,0.49096416204739446,0.49323260237184413,1.315523324502308,1.420725064999715,,,,,,,,,deltaRIC0.5,EKF-B
84,6450.118053886624,4416.338340779361,4701.061430021562,12950.136982732462,0.6969262273598443,0.49390725679445374,0.49169277813264956,1.3149031434690837,1.9435712619997503,,,,,,,,,deltaRIC0.5,EKF-B
85,6448.313223027604,4376.975300670074,4735.275138742918,12952.491490961364,0.7065009354460943,0.49513514253133334,0.5039690093812144,2.3178222011673864,1.395068492001883,,,,,,,,,deltaRIC0.5,EKF-B
86,6442.132848595384,4385.103854768933,4719.315609475841,12954.5951655132,0.7152978204492914,0.5068886291718206,0.5046928665592761,2.019177492387557,2.102234073001455,,,,,,,,,deltaRIC0.5,EKF-B
87,6437.538650345165,4369.318828844452,4727.679858724911,12944.676359356152,0.7063559969357676,0.49454852880283295,0.5043416967355323,2.2094093576233504,1.0317416230027447,,,,,,,,,deltaRIC0.5,EKF-B
88,6439.487003618462,4397.784537881614,4703.87967832304,12945.14917203522,0.6946694901332195,0.49360708572923134,0.4887921290690372,1.313649642172194,1.4245117520003987,,,,,,,,,deltaRIC0.5,EKF-B
89,6438.648683655091,4372.423458013077,4726.320976758815,12942.177984927055,0.6968416993641168,0.49025742318032,0.49521309856390394,1.568326261304101,1.3910220010002377,,,,,,,,,deltaRIC0.5,EKF-B
90,6443.093653795233,4395.747280917125,4710.717745087906,12943.642961289266,0.698593127303273,0.49005008013483536,0.49787877688771653,2.1115722856433266,1.9417923799992423,,,,,,,,,deltaRIC0.5,EKF-B
91,6450.878806545649,4407.698236229312,4710.205264644083,12965.099361795495,0.6931802027887066,0.49053427677675043,0.4897702694583481,1.3156662323737682,1.3963661759989918,,,,,,,,,deltaRIC0.5,EKF-B
92,6439.948799500253,4364.1534411367375,4735.726478841354,12958.346815975363,0.6927024379177407,0.48567365557213293,0.49392081124445697,1.5874488873051793,1.9319368549986393,,,,,,,,,deltaRIC0.5,EKF-B
93,6444.192277621565,4370.757071496246,4735.408824264593,12951.24373164574,0.6911975246252342,0.48377711904505166,0.49367369500158825,1.645008818476278,1.4075452819997736,,,,,,,,,deltaRIC0.5,EKF-B
94,6445.896392600185,4396.606117756298,4713.749563717188,12957.559936903172,0.6974509121745923,0.4924042139634015,0.4939391308291494,2.106693471004185,1.0712844979971123,,,,,,,,,deltaRIC0.5,EKF-B
95,6446.294110733346,4386.574409260397,4723.629188886149,12962.25909851467,0.7060031568500611,0.5011543578942311,0.49727735424597086,1.8340435920187566,1.4219649619990378,,,,,,,,,deltaRIC0.5,EKF-B
96,6437.465620581036,4371.204030781487,4725.837379496088,12946.40844568273,0.6984273951172315,0.4945362664960999,0.4931883082255093,1.7929161140246417,1.3618073889992957,,,,,,,,,deltaRIC0.5,EKF-B
97,6443.559720235182,4396.056478541606,4711.066684489796,12947.407193261757,0.6988030857045111,0.4988522092623195,0.48935899491503104,1.499464691346064,1.9249644770025043,,,,,,,,,deltaRIC0.5,EKF-B
98,6434.899907430479,4368.173936694572,4725.144789044145,12944.046783552541,0.6910150035382596,0.48752783723415183,0.489712510598587,1.311879961440194,1.402756932999182,,,,,,,,,deltaRIC0.5,EKF-B
99,6440.833133440228,4390.547956653066,4712.474943503792,12947.45074198214,0.7032441686098297,0.4981695641690471,0.4963662418208477,2.643081345940925,1.408883831998537,,,,,,,,,deltaRIC0.5,EKF-B
100,6439.771448024934,4380.645675474245,4720.233020598238,12949.612111748902,0.691526648039356,0.49004626764777787,0.4879177804846119,1.3137880584143198,1.883494387002429,,,,,,,,,deltaRIC0.5,EKF-B
101,6442.274951070848,4375.930394029468,4728.016469070723,12955.364566360802,0.7004785381905981,0.4977646516946367,0.492849402950794,2.2823985440042693,1.9221504579982138,,,,,,,,,deltaRIC0.5,EKF-B
102,6442.925677815985,4383.086639308806,4722.270936972295,12958.571657700104,0.6941397723953211,0.49016414850549855,0.491496827193124,1.3429293573889602,1.3954537940007867,,,,,,,,,deltaRIC0.5,EKF-B
103,6441.678740527389,4392.622695696166,4711.697236603544,12946.402230144677,0.6920157793909255,0.4897373248233667,0.488920434836674,1.3131197258643708,2.0281662230008806,,,,,,,,,deltaRIC0.5,EKF-B
104,6445.34639187804,4379.607018597953,4728.798206092411,12963.022736759312,0.711612488147689,0.49516606228566656,0.511080134664078,3.7689310910709954,1.385429808000481,,,,,,,,,deltaRIC0.5,EKF-B
105,6448.71138048301,4400.833150123376,4713.655275213308,12945.256948807531,0.7014152587965219,0.4967348733507592,0.4952149340132999,1.759038929629495,1.3463658219989156,,,,,,,,,deltaRIC0.5,EKF-B
106,6441.64301598358,4387.576044472736,4716.348290715923,12947.349870617976,0.6951055037639737,0.4916085019720108,0.49141911048696835,1.3977126276495042,1.0889531959983287,,,,,,,,,deltaRIC0.5,EKF-B
107,6439.52144195417,4375.184502734081,4724.954705436131,12946.38032869193,0.6962305116254548,0.49307933253736447,0.4915380932773671,1.4118549104659646,1.4113255210031639,,,,,,,,,deltaRIC0.5,EKF-B
108,6438.105213724189,4370.154149400032,4727.679288346901,12938.518261446581,0.6897306630305697,0.48431438138148336,0.49108855363535037,1.3122500255898084,1.9083885510008258,,,,,,,,,deltaRIC0.5,EKF-B
109,6435.933886715528,4393.366596387139,4703.145218247352,12933.458409516044,0.6917991015952275,0.48511902416688074,0.4931992795608457,1.9568384733652284,1.9213889929997094,,,,,,,,,deltaRIC0.5,EKF-B
110,6442.5201549718,4378.81777917773,4725.676756187931,12950.380400241456,0.6994442488889958,0.49636779321815677,0.4927892766280823,1.3142208489122067,1.240378819999023,,,,,,,,,deltaRIC0.5,EKF-B
111,6440.775982332605,4376.7552235272715,4725.209939031203,12956.47381090967,0.697118681112456,0.4918647915358427,0.4940075732247149,1.5730910628610744,1.391480808997585,,,,,,,,,deltaRIC0.5,EKF-B
112,6447.176629660723,4377.425611098047,4733.310840558255,12972.647203545795,0.7031480796174195,0.49566747668059413,0.49872935990450523,1.9611331290358087,1.41017653200106,,,,,,,,,deltaRIC0.5,EKF-B
113,6443.403779747325,4406.289587061452,4701.283265643108,12964.652936327297,0.6942985267810409,0.49008857424002245,0.49179633354642427,1.9208092140849806,1.9293335919974197,,,,,,,,,deltaRIC0.5,EKF-B
114,6444.508039654162,4370.420517103141,4736.149108384474,12968.730344883283,0.6993874282416205,0.49345976472489445,0.4956210602668934,2.054679754657025,1.410762507999607,,,,,,,,,deltaRIC0.5,EKF-B
115,6438.992355994196,4395.072153745752,4705.7372774008945,12954.15650032075,0.6948015715278281,0.4893934059787673,0.4931970376857925,1.5903565767184398,1.9221559389989125,,,,,,,,,deltaRIC0.5,EKF-B
116,6443.590241930339,4376.704379987323,4729.092299384701,12967.925514042656,0.6986183694883147,0.49624490080669864,0.49174040367846655,1.3156528070249822,1.4131121419995907,,,,,,,,,deltaRIC0.5,EKF-B
117,6447.994966786287,4402.023342593306,4711.563390528132,12944.645546738286,0.7078081344521789,0.4996438481687949,0.5013465669412249,1.948042602339869,1.38364515700232,,,,,,,,,deltaRIC0.5,EKF-B
118,6445.6292972177025,4375.683892988285,4732.8139099054015,12964.771410643516,0.6923157870632656,0.4885036225523697,0.49057655852093135,1.3146459459172877,1.424377094997908,,,,,,,,,deltaRIC0.5,EKF-B
119,6432.340651815759,4365.747626189994,4723.902404307059,12930.624502500013,0.6934777784951828,0.4858856877756099,0.4947994822970577,1.9186668107398934,1.9162724650013843,,,,,,,,,deltaRIC0.5,EKF-B
120,6439.306138888755,4401.00215799359,4700.621613751331,12945.50483726203,0.7111889455943506,0.49968916415865033,0.5060636872549081,2.2428201481960497,1.4182812090002699,,,,,,,,,deltaRIC0.5,EKF-B
121,6443.992982211025,4390.976718527012,4716.393644739452,12937.27237778,0.7266665219211578,0.5080930477135708,0.5195052347629691,2.636223509234229,0.967008278999856,,,,,,,,,deltaRIC0.5,EKF-B
122,6447.349194009953,4377.292481287074,4733.668995902485,12980.772799987477,0.7298669777298306,0.5096149814453638,0.5224924648900866,2.325436317658885,2.0914534559997264,,,,,,,,,deltaRIC0.5,EKF-B
123,6447.520042131879,4394.649768279821,4717.792715651078,12959.090468417591,0.7103533450759533,0.5002388983174398,0.5043440487115423,2.9943877158135654,1.4199274339989643,,,,,,,,,deltaRIC0.5,EKF-B
124,6445.453266104566,4373.980837799815,4734.148227094082,12973.363856891403,0.6903641412541285,0.48426245163885245,0.49202898843693993,1.3133492123089179,1.4220886190014426,,,,,,,,,deltaRIC0.5,EKF-B
125,6446.635835717214,4412.690874345836,4699.70986825978,12955.235554044384,0.6965937255695284,0.49248283756269656,0.49264944251367027,1.6148276550085663,1.897462966000603,,,,,,,,,deltaRIC0.5,EKF-B
126,6447.859370188013,4373.331223523068,4738.02326578074,12975.363578710634,0.6978585154145944,0.49065885740592985,0.49624630294418226,2.418866796662531,1.908010834002198,,,,,,,,,deltaRIC0.5,EKF-B
127,6448.735622278418,4421.415013137373,4694.388182462765,12970.464628249136,0.689144388767229,0.48547329637331,0.48911723244820376,1.3148777650396817,1.3256220939983905,,,,,,,,,deltaRIC0.5,EKF-B
128,6449.735767405385,4397.25223649656,4718.396362957898,12975.185516087884,0.7216784722189579,0.5065385799290736,0.5140413254863139,2.4161488608098383,1.4152358860010281,,,,,,,,,deltaRIC0.5,EKF-B
129,6444.767690488583,4438.900269427074,4672.3864333385145,12953.286173064002,0.6911845186336968,0.48809678414221275,0.48938488749544085,1.316712216570824,1.5020797489996767,,,,,,,,,deltaRIC0.5,EKF-B
130,6449.854033289676,4406.90623709532,4709.542914996473,12955.274111775614,0.6977975710942689,0.4925460293571303,0.4942872233727939,1.870635691395905,1.9071298199996818,,,,,,,,,deltaRIC0.5,EKF-B
131,6444.433922798094,4400.408956999882,4708.198126296941,12958.462300301973,0.6911336516291908,0.48990726124634537,0.48750035876130904,1.315031312990609,1.0628857749979943,,,,,,,,,deltaRIC0.5,EKF-B
132,6447.9624962024,4423.290729611273,4691.558320405669,12953.281523576585,0.703840713688919,0.5005092404181629,0.4948557875807459,1.3150600259656053,1.4054931959981332,,,,,,,,,deltaRIC0.5,EKF-B
133,6443.341489630555,4383.4164102151935,4722.532173172635,12952.593679065283,0.6922152435937254,0.48755146953586237,0.4913812247297832,1.3436564166261404,1.9013587699992058,,,,,,,,,deltaRIC0.5,EKF-B
134,6444.00775784379,4375.820643905061,4730.478799817758,12948.13235271692,0.740898622386477,0.5108891094384203,0.5365846499028809,2.9351756626897894,1.4250012679985957,,,,,,,,,deltaRIC0.5,EKF-B
135,6441.719551355051,4373.305428105707,4729.688193825369,12956.044025985539,0.6947818454295902,0.4877394375328306,0.49480506647942174,1.5427969088055138,1.4174914289978915,,,,,,,,,deltaRIC0.5,EKF-B
136,6438.914515691462,4406.596279346305,4694.840718409252,12945.659515888716,0.6981832359455935,0.49607241659463547,0.4912962328874695,2.2686763260529386,1.3208389149986033,,,,,,,,,deltaRIC0.5,EKF-B
137,6447.677719254328,4388.558166118531,4723.674967010648,12963.646023353474,0.6966152796961821,0.4961038251077665,0.48903358025766763,1.3610105006117632,1.3776802619977389,,,,,,,,,deltaRIC0.5,EKF-B
138,6441.30098944842,4389.70155546845,4713.902702706864,12942.991267139325,0.7219587198292658,0.5131392310480101,0.5078508862815633,1.9472695170252632,1.3921420080005191,,,,,,,,,deltaRIC0.5,EKF-B
139,6440.703156027851,4375.328972909946,4726.431372915713,12941.18069763577,0.6916930228714163,0.48620822408096853,0.4919764229361284,1.5481931970676082,1.8665308160016139,,,,,,,,,deltaRIC0.5,EKF-B
140,6442.252921996771,4376.705366954402,4727.269068061228,12960.392723527433,0.6914545023630151,0.4888981201281526,0.48896621250679817,1.3127381617912723,1.381404862000636,,,,,,,,,deltaRIC0.5,EKF-B
141,6444.324660153948,4393.181340471939,4714.793530494996,12965.006329799264,0.6947986346542111,0.4923545598863295,0.4902368102014522,1.6629313917002246,2.0239962490013568,,,,,,,,,deltaRIC0.5,EKF-B
142,6444.208864345794,4377.1366489832235,4729.535140311446,12950.030711455283,0.6981656061189041,0.4889401667083338,0.4983700702756974,2.9755938501270767,1.393291724001756,,,,,,,,,deltaRIC0.5,EKF-B
143,6443.733519152898,4386.95216955961,4719.783080592881,12955.879577958416,0.6983106466155727,0.49418637345515687,0.4933736793424427,1.4283625808765066,1.912252971000271,,,,,,,,,deltaRIC0.5,EKF-B
144,6444.222100691523,4376.6713303321,4729.983778966913,12966.289564726507,0.6936862730049856,0.4896344513831349,0.49138452292912516,1.3343593996534813,1.4153037169999152,,,,,,,,,deltaRIC0.5,EKF-B
145,6444.348058289599,4367.596078335463,4738.536313345042,12960.643614858007,0.6907753116355642,0.4854697933309222,0.4914159245775849,1.313753096415875,1.900364711000293,,,,,,,,,deltaRIC0.5,EKF-B
146,6441.50931639271,4369.108922639707,4733.278936982711,12951.965385031184,0.703018185738406,0.4933186153225247,0.5008705553885024,2.4766670966733924,1.9031162100000074,,,,,,,,,deltaRIC0.5,EKF-B
147,6441.167474961828,4378.959484612738,4723.701120162692,12947.877481680316,0.6928601324812815,0.4853967622636547,0.49441394232559843,1.7378888881162662,1.0482731970005261,,,,,,,,,deltaRIC0.5,EKF-B
148,6443.828268052635,4371.47736288624,4734.248452914928,12967.392687803145,0.6943983084502083,0.4882046329843114,0.4938068925310423,1.7319991777772894,1.3568797640000412,,,,,,,,,deltaRIC0.5,EKF-B
149,6435.600727946694,4383.643153708691,4711.754389873365,12929.12664495152,0.7158019363635685,0.4984403673019221,0.5137408026872686,2.9056077194545957,1.3468603669971344,,,,,,,,,deltaRIC0.5,EKF-B
150,6443.01237934431,4371.0827490142465,4733.502310304081,12950.669112480717,0.6931589330211478,0.48750710599184865,0.4927536179821193,1.5977916376432575,1.9503054939996218,,,,,,,,,deltaRIC0.5,EKF-B
151,6444.3461266825625,4381.517425006363,4725.664191926267,12957.037248938408,0.6935059236745198,0.48991222654607447,0.490852805281091,1.3141894429213246,1.3899479059982696,,,,,,,,,deltaRIC0.5,EKF-B
152,6448.852366705144,4410.947474710245,4704.385105718478,12955.86645340314,0.6933183979118688,0.4894869297488907,0.49101216531577385,1.3140241480839496,1.3804763939988334,,,,,,,,,deltaRIC0.5,EKF-B
153,6444.974049023329,4385.574007770572,4722.756728326297,12960.135566588997,0.7122187185894778,0.5037980688420899,0.5034312355627317,2.284525794400441,1.3942964419984492,,,,,,,,,deltaRIC0.5,EKF-B
154,6442.7244288110805,4383.855293312197,4721.282752907063,12955.849401943877,0.6987209599595504,0.4951074036053467,0.493031072836153,1.576539588750802,1.9601846789992123,,,,,,,,,deltaRIC0.5,EKF-B
155,6443.762738431286,4385.377211632448,4721.286365058817,12968.647548487077,0.6927937939736295,0.48881377096598305,0.4909422962858173,1.313847887066421,1.3820877370017115,,,,,,,,,deltaRIC0.5,EKF-B
156,6443.265953442814,4416.744713994824,4691.272991224676,12953.809958117621,0.6960683627871599,0.4953103778278809,0.48905909181733764,1.6595512103067473,1.0096857620010269,,,,,,,,,deltaRIC0.5,EKF-B
157,6440.556538275413,4383.169425175125,4718.96114763961,12953.295297493854,0.6995685330322898,0.49353846976879995,0.4957982566197882,2.1817942385529134,1.3771903640008532,,,,,,,,,deltaRIC0.5,EKF-B
158,6445.404706116297,4392.362760744247,4717.032033350345,12970.862192881246,0.6942858141929676,0.4912371257540553,0.4906311018173293,1.621658858629169,1.411789490000956,,,,,,,,,deltaRIC0.5,EKF-B
159,6441.334737628845,4387.400380903628,4716.090658567832,12950.874021208312,0.6916505958622012,0.4866662189428818,0.49146366915203105,1.3130762443544695,2.032018144000176,,,,,,,,,deltaRIC0.5,EKF-B
160,6452.2186157467195,4390.505719919676,4728.063513611162,12974.602685345328,0.6959813867452972,0.49314635940719614,0.4911178666057014,1.314186793740274,1.917664488999435,,,,,,,,,deltaRIC0.5,EKF-B
161,6443.867562251719,4389.55103590453,4717.5492433073105,12951.427206948083,0.6896612167278395,0.4840884872103611,0.4912137319018149,1.3122058379585768,1.8905340429992066,,,,,,,,,deltaRIC0.5,EKF-B
162,6451.561729171252,4391.497932742702,4726.2453017192975,12983.144190263076,0.7142723839628107,0.503301539782222,0.506826004211269,2.21515702806291,1.4055907340007252,,,,,,,,,deltaRIC0.5,EKF-B
163,6433.578754392442,4365.2803354356665,4726.019803389368,12926.840959212881,0.699602109464792,0.4902847345835138,0.49906311284441796,2.3105929904015547,1.4263687840029888,,,,,,,,,deltaRIC0.5,EKF-B
164,6443.6883131344,4396.830828601073,4710.519901400274,12950.344079383458,0.7033055091356455,0.5013136338686431,0.49327809568028214,1.9657549267365793,1.9184876380022615,,,,,,,,,deltaRIC0.5,EKF-B
165,6442.240747117071,4363.32725289627,4739.603477923886,12970.260614243023,0.6932322070054661,0.4877792297913124,0.4925873687112403,1.3130359261391449,1.3905724890028068,,,,,,,,,deltaRIC0.5,EKF-B
166,6440.372230073523,4371.809045019793,4729.236739240838,12950.228137943588,0.6972593007427361,0.4943265822138695,0.49174359435482623,1.3143363352873554,1.0292426770029124,,,,,,,,,deltaRIC0.5,EKF-B
167,6443.366181061796,4376.351952854438,4729.113165065732,12961.37809527177,0.7024831461892511,0.49358684838776906,0.49985457262945826,1.5994916924339109,1.9411565320006048,,,,,,,,,deltaRIC0.5,EKF-B
168,6450.134952530253,4389.400453224338,4726.24635065571,12969.242525684034,0.7098568467229066,0.5003358512140428,0.5035481891828302,2.255170923124913,1.401754324000649,,,,,,,,,deltaRIC0.5,EKF-B
169,6438.388271149425,4382.516224673758,4716.6084287913645,12939.032289865918,0.6909718470779209,0.48689355695921244,0.49028232442734454,1.3119279046739563,1.6504438580013812,,,,,,,,,deltaRIC0.5,EKF-B
170,6445.032586854724,4389.610579524641,4719.085081426764,12968.409871698974,0.6972527906473791,0.4887002667768617,0.4973263549398746,2.503215307149797,1.382692520001001,,,,,,,,,deltaRIC0.5,EKF-B
171,6438.061598203403,4387.247169092213,4711.761816937876,12939.289603121886,0.716131793464803,0.5030999406656871,0.5096422228517741,2.1656407274957976,1.4110018849969492,,,,,,,,,deltaRIC0.5,EKF-B
172,6446.143558168233,4392.427814459043,4717.980994798556,12961.693640595931,0.69640937771154,0.4920311146263269,0.4928401400090588,1.314318364135772,1.3870630069977778,,,,,,,,,deltaRIC0.5,EKF-B
173,6436.112140081259,4369.75455359925,4725.3343395996835,12940.286616701549,0.7086113846642803,0.49656824410587486,0.5055196073560718,2.919754887421623,1.974219298997923,,,,,,,,,deltaRIC0.5,EKF-B
174,6436.2265220256,4374.324873480999,4721.259762401472,12934.676772322326,0.700600734716439,0.49222442106048653,0.4985544190927237,1.796306889412432,1.412613616001181,,,,,,,,,deltaRIC0.5,EKF-B
175,6439.468414560346,4381.515484144644,4719.012134368915,12948.849184439181,0.6976128041323016,0.49062894784015976,0.4959302975525803,1.888155162488152,0.9957276239983912,,,,,,,,,deltaRIC0.5,EKF-B
176,6447.6270534945825,4392.8197751803655,4719.642893666804,12951.102443882904,0.7024081951244165,0.49983659560274474,0.4934983792011871,1.5505586077107127,1.8848686710007314,,,,,,,,,deltaRIC0.5,EKF-B
177,6438.816503012272,4381.974806386486,4717.695915980311,12937.51675520201,0.7045441614060947,0.49764989199862936,0.4987254358514007,2.1494196411441333,1.3902499880023242,,,,,,,,,deltaRIC0.5,EKF-B
178,6442.888303820746,4406.456423888105,4700.420351403204,12949.812280065495,0.6956984574859768,0.49179857894364265,0.4920675781814741,1.3126254664665962,2.028405617002136,,,,,,,,,deltaRIC0.5,EKF-B
179,6443.404695711403,4374.468394421005,4730.907982504784,12938.053209076272,0.7051933292328393,0.4968180027533639,0.5004692835076434,1.939515356934515,1.889224534999812,,,,,,,,,deltaRIC0.5,EKF-B
180,6440.833404410125,4386.414944736632,4716.322600920813,12945.096712813156,0.7138594638913683,0.49911172926315117,0.5103751717111822,2.768157329150236,1.413698171996657,,,,,,,,,deltaRIC0.5,EKF-B
181,6444.632833249923,4381.660616642091,4725.92240689271,12959.847427624018,0.7013218149610396,0.49770062445162605,0.4941117045372516,2.1266828275203116,1.4849036549967423,,,,,,,,,deltaRIC0.5,EKF-B
182,6435.383317571748,4375.923420963621,4718.628260198381,12950.238851010776,0.6891971942878901,0.4839592932586033,0.490689489476729,1.3142673162344054,1.3955582510025124,,,,,,,,,deltaRIC0.5,EKF-B
183,6450.340722959145,4388.122380856483,4727.713761734263,12963.38540676821,0.7043058398342196,0.49701690133945353,0.49901995531993826,1.9376523760891384,1.8898933550008223,,,,,,,,,deltaRIC0.5,EKF-B
184,6442.18164917838,4363.442045563216,4739.41746589407,12945.980748252521,0.6922425750165105,0.48568941489646583,0.49326014933604545,1.3141124218634663,1.949883489000058,,,,,,,,,deltaRIC0.5,EKF-B
185,6441.156096088866,4393.474043123488,4710.188710294197,12948.19132402784,0.728856213523874,0.5156840069125129,0.5150741548622048,2.011795562132444,1.40775902599853,,,,,,,,,deltaRIC0.5,EKF-B
186,6439.257162354562,4388.569021943532,4712.164549606913,12962.040977756138,0.6957348874588276,0.49232266077379333,0.4915947836541392,1.3959365228114158,1.3971844029983913,,,,,,,,,deltaRIC0.5,EKF-B
187,6446.524770614438,4396.750447597745,4714.474214554,12969.095056811957,0.6918166848217268,0.48764093850291884,0.4907307209597917,1.314046747625168,0.9908926040006918,,,,,,,,,deltaRIC0.5,EKF-B
188,6445.841349184658,4419.080961153375,4692.610590879075,12951.397158448895,0.7012894055413476,0.49880948895589045,0.4929461674991499,2.239857887557223,1.4061428319982952,,,,,,,,,deltaRIC0.5,EKF-B
189,6442.237652669631,4380.90997149388,4723.351966044855,12957.283220902109,0.6953582379096995,0.49112969985423677,0.4922547073923923,2.1766570096972973,1.3812685170014447,,,,,,,,,deltaRIC0.5,EKF-B
190,6441.821814413998,4366.872549985527,4735.7673529052245,12937.502630291985,0.692682699899022,0.486035060210001,0.4935374788058748,1.525622312884787,1.8873412300017662,,,,,,,,,deltaRIC0.5,EKF-B
191,6450.250159477758,4405.513599986908,4711.388016304031,12981.71738062225,0.6940804107090311,0.491804579035169,0.48977124514415665,1.3160957457316544,1.3964870370000426,,,,,,,,,deltaRIC0.5,EKF-B
192,6441.744670272235,4403.873309494432,4701.273686024172,12947.650884988461,0.6902071614246904,0.48647321835872254,0.4896220312666041,1.3120350733312318,1.8924488329976157,,,,,,,,,deltaRIC0.5,EKF-B
193,6442.988045247629,4381.433617054878,4723.889754275101,12956.954542721618,0.6946577499142583,0.49233406164050486,0.49005771217735555,1.5172712238977581,1.5595796819980023,,,,,,,,,deltaRIC0.5,EKF-B
194,6432.407359146298,4376.494135277519,4714.038981370534,12935.931229918022,0.7032359720846771,0.49652893925198727,0.49799582821463195,2.0244525480803213,1.416705648000061,,,,,,,,,deltaRIC0.5,EKF-B
195,6446.822940361565,4372.417832369243,4737.455891462375,12964.376649822712,0.6973859102482696,0.48961249630133635,0.49661525477816465,1.4970821432958594,1.1019514729996445,,,,,,,,,deltaRIC0.5,EKF-B
196,6445.113116676002,4378.093340857149,4729.88179402946,12957.183464298625,0.7004102447303509,0.49211861321436906,0.4983911931918502,2.0488693523136043,1.9043449349992443,,,,,,,,,deltaRIC0.5,EKF-B
197,6449.177074600753,4394.912223195074,4719.812654117372,12960.679723266128,0.7053746094082248,0.5030012748084908,0.4945129494147134,1.6588953945696396,2.0070523020003748,,,,,,,,,deltaRIC0.5,EKF-B
198,6444.781982492113,4412.736568362177,4697.1236709388595,12965.40439773918,0.691703397581639,0.48559923907743535,0.4925920921344544,1.5604990358321564,1.4235285059985472,,,,,,,,,deltaRIC0.5,EKF-B
199,6443.119872935161,4384.119798437963,4721.576780055184,12952.438038822658,0.6940100170977849,0.49203018837143797,0.48944478499952876,1.3138141134828165,1.3998958969968953,,,,,,,,,deltaRIC0.5,EKF-B
200,6444.8355551287395,4378.423841871093,4729.1976056817875,12952.24424486508,0.6938968349197637,0.4895612421298009,0.4917546214485353,1.3155204449634321,1.4062748210017162,,,,,,,,,deltaRIC0.5,EKF-B
1,142.53340651613232,88.66629495199753,111.59776033854092,1037.4245214207886,0.24569889431788403,0.04727061758440528,0.241108762557937,2.6205539655485204,2.1117878229997586,,,,-0.036594897672906135,-0.032989523921465314,-0.02066316036450372,0.053427159951700595,-10.383720406614884,deltaRIC0.5,EKF-G
2,153.04300839710862,99.96514509259346,115.88413258878107,1437.5135915541587,0.15194168123711485,0.03636137589403832,0.1475266919586197,1.5842724172127725,2.9585379819982336,,,,0.012458049929060855,-0.005030259131000581,-0.03881800013488246,0.04107728873029137,-52.70793749686709,deltaRIC0.5,EKF-G
3,225.49517709269077,99.93947259661248,202.1390034337137,2203.2456785723725,0.13925824241890783,0.03236226242675235,0.13544571625645943,1.6212210884101013,2.06812058399737,,,,-0.08859898881187461,-0.11878963460609449,-0.0931055780132678,0.17501259030572863,-18.659950787019625,deltaRIC0.5,EKF-G
4,110.20583674849155,72.8611080462047,82.68364643455472,746.761828322105,0.06828516172522044,0.02049273855311047,0.06513763104714025,1.0872447850561104,2.15045803799876,,,,-0.005197031243595884,-0.013294135103195104,0.006382300509902961,0.015635757790642052,0.15642139830742963,deltaRIC0.5,EKF-G
5,142.05999097275608,85.31365643646399,113.58970490594879,1061.9192959288878,0.09026130154078402,0.027285618521869007,0.08603834945950194,1.0594326573537767,3.009043615998962,,,,-0.0011872734514750127,-0.01335790786787655,-0.039552964388015754,0.04176458203711487,-46.57167830722028,deltaRIC0.5,EKF-G
6,185.8599472972253,77.45657437265845,168.950877759721,2239.918275799556,0.10009131072521985,0.024503546996153674,0.097045590663872,1.0954351544015526,2.117776656999922,,,,0.02905239426206485,0.056283727021822716,0.02592725094108239,0.0684406449501126,-46.65094565012987,deltaRIC0.5,EKF-G
7,196.66148551582228,119.39711669120832,156.26921773374292,743.604366073458,0.21666838744864383,0.046171191126686516,0.21169178356643564,2.670146569991521,2.9009810390016355,,,,0.018949926772483194,0.07564519195822716,0.04148078493757157,0.08832864942993623,-0.8446789390291087,deltaRIC0.5,EKF-G
8,229.90859871947626,133.55990544790444,187.13555360192777,1977.1201089974954,0.16653396652017582,0.04751134587699897,0.1596127627036736,2.311802915748112,2.102780856002937,,,,-0.19050507533630234,-0.12663546936602804,-0.13575085892485383,0.26600192016088914,2.3998034842297784,deltaRIC0.5,EKF-G
9,138.29480381040287,76.29741205263602,115.34365034551355,1404.3936892667964,0.12304142174853089,0.02645496337904489,0.12016374818768448,2.2698140015974224,1.580548475998512,,,,-0.009183114052287222,-0.0013146649659413479,-0.008594299060798893,0.012645944172596894,-35.61909851936798,deltaRIC0.5,EKF-G
10,107.4163739283155,76.26199895648897,75.64644673127862,816.6667368160453,0.07336079452458553,0.02393301799726742,0.06934707508482917,0.9389154894239928,2.1110697950025497,,,,-0.18900627066939557,-0.1325283790381624,-0.16990209671691087,0.28662495367926044,32.655105213190836,deltaRIC0.5,EKF-G
11,134.84998556893058,74.54788739995031,112.37050810664299,748.7840870636762,0.17437795400882228,0.0367900586605269,0.17045281584080071,1.9637227715561938,2.8922287259993027,,,,0.005445744794865481,0.018052302480796034,-0.011388442111053942,0.02202812690506812,-8.79400239163806,deltaRIC0.5,EKF-G
12,119.10397833746424,70.62659281048938,95.90433798213968,798.5308044850451,0.08416743576364179,0.022067877410169082,0.08122294029174588,0.9412209742517416,2.05238358600036,,,,0.03344328574624589,0.038330397946002126,0.04188258117388444,0.06589251379322962,-43.642965320686926,deltaRIC0.5,EKF-G
13,161.02052979207392,84.58296038485662,137.01581597412007,1021.199847989559,0.13767310683598863,0.036085325928647084,0.13285982687967365,2.1654628057936325,2.437605576000351,,,,0.12394274762943047,0.11673248178056128,0.13761347261912815,0.2189194939672511,34.36209857563517,deltaRIC0.5,EKF-G
14,220.63841932348942,112.86557027758182,189.58553512197122,1662.0113587817339,0.1358561862319762,0.03153626075632519,0.1321452518821863,1.8218314000548612,2.401795678997587,,,,-0.05657598530423208,-0.05411562474083492,-0.05340706168208725,0.0947716054087395,-18.411053687646927,deltaRIC0.5,EKF-G
15,104.47421753863186,72.38380020642201,75.3355666201971,853.2139523731549,0.07157968189229251,0.020815005841052326,0.06848639566832779,0.7965257204159049,2.934154580001632,,,,0.02969853410798029,0.025943856603178994,0.006307699375161735,0.03993586977914214,-3.881111444745329,deltaRIC0.5,EKF-G
16,115.75989047193299,73.42423999831664,89.49431949986278,713.9536059283168,0.09648465745546385,0.025299058472141787,0.09310878994338477,1.2673341297729692,2.9066804819995014,,,,0.00028568290488395487,-0.03488297983284794,-0.0020313496774286843,0.03494324367103043,-22.422179208842863,deltaRIC0.5,EKF-G
17,154.4275217451661,89.47225235894254,125.8672933298061,1646.35905625953,0.1128577532348828,0.02719975007158377,0.10953102784722271,2.5006296493410014,2.1557531889993697,,,,-0.07596210783709617,-0.05259687333672425,-0.04228960535819021,0.10161241869577514,-23.565097652724944,deltaRIC0.5,EKF-G
18,182.25989678150682,103.77916588082735,149.82841754448734,989.0929650375832,0.10036660949876379,0.0341039092246773,0.09439480747304012,1.2839506092148718,1.9332093129996792,,,,0.02871670601062759,0.01833234050388577,0.04266737964154099,0.05460063367696946,30.294193749316037,deltaRIC0.5,EKF-G
19,211.78456874860015,112.92021827409368,179.16955060769,1472.0155827102649,0.15007092154057336,0.03596728650781929,0.14569706858170264,1.6815178551851961,2.1132134959989344,,,,-0.023464427210894034,0.05287605540951712,-0.0632584278133253,0.0857209733345309,-18.388815803293255,deltaRIC0.5,EKF-G
20,100.76337040755351,68.19715995009071,74.17819214992754,626.328748499941,0.10108531911591821,0.020491505100235063,0.09898656454031558,2.5795955999636955,2.108121231998666,,,,-0.1112034248534402,-0.11091846139574796,-0.07881599520115468,0.17573009951935722,-62.528297704819124,deltaRIC0.5,EKF-G
21,171.34208406067052,95.22251969288192,142.44571426895436,1534.385760930585,0.16773827857909268,0.035175475028050324,0.16400858531561177,3.2453388782332855,2.0734174009994604,,,,-0.01857260992062626,-0.022947704851480843,-0.011663043776206694,0.03174217363918445,-28.36121138370072,deltaRIC0.5,EKF-G
22,166.233530577254,110.00550622060794,124.62895044622103,1055.7553267324733,0.1550296721515801,0.03953510999275309,0.14990388362309806,1.4898783861131293,2.1149591579996923,,,,0.026638525730862228,0.03828125338514787,0.040706040972307345,0.061903531284498374,-50.57749148568837,deltaRIC0.5,EKF-G
23,109.99520122246331,71.16767718505396,83.8695774166899,1106.7062508006404,0.10822740695409817,0.027258698589105092,0.10473841209048523,1.4211818843412856,2.122723535001569,,,,-0.007893776997230428,0.01225976031843834,0.046268023529989266,0.0485112712647195,0.14570153487147763,deltaRIC0.5,EKF-G
24,178.9969202097666,95.76139497116733,151.22715588728644,2425.564693963438,0.1353319505049694,0.03499806453614016,0.13072823836571676,1.601404233681084,2.117873597999278,,,,-0.001959783126491532,-0.005390976925639501,-0.027297428662113765,0.027893601303504153,-36.63860972486145,deltaRIC0.5,EKF-G
25,149.12956588305855,79.03536969586285,126.46358273237313,1205.8766706715116,0.07679856013698715,0.023531091740145362,0.07310476428134689,0.8461193610633743,2.8692028219993517,,,,-0.006568145285612892,-0.014717627365458563,0.007273492651493574,0.017681990360611122,-23.96809181838762,deltaRIC0.5,EKF-G
26,181.68639701454975,94.8227255929156,154.97934562792298,888.5915907983693,0.1137499684758879,0.0323234393427899,0.10906076561861498,1.4853888589827802,2.9209477889999107,,,,-0.05249749767891937,-0.04258531148471084,-0.046673666016479154,0.08214576748814165,-40.40551364912244,deltaRIC0.5,EKF-G
27,132.4341875665638,64.22827292272248,115.81685107867543,1588.6626435448165,0.1355355932366302,0.026839579926406492,0.13285154866759857,2.21119915955351,2.3392708959981974,,,,0.011120433556628728,0.042055502068295114,0.03308911496634159,0.05465545559191269,-79.13698470118834,deltaRIC0.5,EKF-G
28,125.01092223654115,78.61204335613994,97.20019196381719,1210.4615150165396,0.07973452939032395,0.022865268904092732,0.07638569666527868,1.341374292719385,2.3306585640020785,,,,-0.00566744873459657,0.0005325246253593541,0.021460912847643843,0.022203025422001817,-32.66691714612534,deltaRIC0.5,EKF-G
29,183.0632996936057,109.76629317398758,146.50437733239616,1140.098863809603,0.13597810796536872,0.0408424391659897,0.129699425630239,1.2613862168045689,2.7950379680005426,,,,-0.25731248216285496,-0.24684524228457727,-0.2766357607369632,0.45129771906565136,-49.79471341851604,deltaRIC0.5,EKF-G
30,117.82048226979623,70.87611390220407,94.11823691723706,850.1479553094701,0.11750998206145183,0.03272235041739007,0.11286205592334504,1.0304644575975979,2.122731986000872,,,,0.01934974949750412,0.01624918253330232,0.055280800620280734,0.0607817049434776,-51.837371991874534,deltaRIC0.5,EKF-G
31,122.9771464455834,97.47142659970946,74.98466206175708,592.9090305100215,0.11737320233654634,0.03366971997121677,0.11244028897061628,1.3001483325190353,2.0876158850005595,,,,-0.32231255211212506,-0.30996769338598495,-0.06480449797573651,0.4518461852776302,-59.4028838532322,deltaRIC0.5,EKF-G
32,175.66299489107297,108.67930583050128,138.0083195256775,976.933178857638,0.0897298611768846,0.03226932565362375,0.0837265705059234,0.9766847863587244,2.110695602001215,,,,-0.29567823272322735,-0.1910849381572251,-0.13882505982446297,0.37843291100556686,-10.169577190492419,deltaRIC0.5,EKF-G
33,139.8599565149726,68.8138226072734,121.75986717529196,1448.2724399519052,0.20021589741731385,0.03870679198038215,0.1964387686614019,2.0959446271769533,1.494485025999893,,,,-0.02817104450222313,-9.020217944644138e-05,0.014218769029805123,0.03155612900059762,-54.137535028021375,deltaRIC0.5,EKF-G
34,165.0494149361646,91.97810803750606,137.04501819698189,1177.7274329458119,0.058688555989286705,0.01890943156245869,0.05555879770200514,1.0579267309114968,2.9147373599989805,,,,0.00539211357674696,0.015655063675658054,0.015880150680285032,0.022941994096895856,-18.02353627024422,deltaRIC0.5,EKF-G
35,190.60059191350118,106.5145459859249,158.06086527407504,1169.429985980299,0.06437405420317245,0.019566044831144505,0.061328531241328685,1.3327827929442058,2.8783449239999754,,,,0.020669353474242924,0.04080457809939486,0.003554092831014599,0.045878833275970324,-50.964297741309565,deltaRIC0.5,EKF-G
36,108.862376957969,78.8180780925845,75.09146211607676,734.053423537675,0.10983644671299174,0.027789327544462873,0.10626287357851016,1.9658626366507685,2.1169939470019017,,,,-0.2589416003082452,-0.39986247489908316,-0.32011210889611896,0.573944695475562,-99.25496254208701,deltaRIC0.5,EKF-G
37,125.65175928365238,76.31141256238499,99.82451063646842,706.0125555968135,0.0730140767471123,0.021022430960514017,0.06992219103935192,1.0336119923323714,2.1156871900020633,,,,-0.1142964785084361,-0.13971312237899186,-0.09837669179240122,0.20557581339334074,-58.07210166154982,deltaRIC0.5,EKF-G
38,212.51713036029966,111.15725632465345,181.12866990885757,1745.0929459069264,0.1631946371892589,0.03708798818494118,0.1589244183243327,1.9926575576958663,2.134415567998076,,,,0.02150095959488818,0.02608064020342893,0.02287727738898515,0.04081495899366186,-9.828259005022119,deltaRIC0.5,EKF-G
39,115.3780400865074,66.96147576199567,93.95878297412848,1156.6950393065226,0.09225137838381829,0.022163514626139996,0.08954940219304255,1.9161288522768585,2.9040066009984002,,,,-0.004859472496982542,0.00823139156104935,0.022123502743550127,0.024100200281825756,-15.199942462393665,deltaRIC0.5,EKF-G
40,179.088153390027,104.92446435937642,145.13243422318732,1385.8332503864503,0.10595442804107345,0.028922525755382785,0.10193050733436106,1.4512060928577368,1.7187124000010954,,,,-0.007395655737916618,0.024124977952532323,-0.01743970822369323,0.03067333871510408,3.136677114169288,deltaRIC0.5,EKF-G
41,193.07786136128215,107.98815844462061,160.05504735429625,1481.6864546119205,0.15526123189529223,0.03702502744805421,0.15078195340329867,1.8283330568978224,2.457321989000775,,,,-0.00911261082742848,-0.005535267992597792,-0.010989319722824908,0.01531156477348128,-11.070280861218635,deltaRIC0.5,EKF-G
42,205.22005026093152,116.35075232176827,169.04961243155157,1224.049229197623,0.2536381567324068,0.05368320271436428,0.24789196900452712,3.074726850767288,2.8650683230007417,,,,-0.10285372620147953,-0.09030149957759598,-0.05069074287562747,0.1459547917431095,-42.97610083863401,deltaRIC0.5,EKF-G
43,156.28093735572048,75.25275707165804,136.9699015619733,1217.4299322754218,0.14405909542400674,0.03482573717390521,0.13978623324446926,1.4632865989180202,2.1222549099984462,,,,-0.04487004809387396,-0.0491896791852367,-0.02027974161745527,0.069600385590626,-41.61170736500935,deltaRIC0.5,EKF-G
44,129.06559538515654,74.60351620756968,105.31971933874412,1069.3098213383546,0.13668531735414302,0.029608514465232657,0.13343991850778722,2.994308228483416,2.1018717990009463,,,,-0.12331409009590238,-0.03381084028927167,-0.02760358833333776,0.13081091631099961,-90.0537015123773,deltaRIC0.5,EKF-G
45,199.3862664277379,104.94437067307608,169.53336634428305,1133.155851573438,0.18055700460558516,0.04587678201858532,0.17463147707031657,1.7660683499129355,2.1152189890017326,,,,-0.006826253488212752,-0.005454941353954357,-0.005639499794615588,0.010399907681988693,13.647664352480206,deltaRIC0.5,EKF-G
46,160.56214875905354,81.70882999218259,138.216752658399,1547.0518215765594,0.18285028674509135,0.03911543398291166,0.17861749686716197,2.236398860823164,2.9615512829986983,,,,0.02059309488511052,0.02380550028937789,0.05415066671352542,0.06263443227565846,4.182329177208885,deltaRIC0.5,EKF-G
47,189.97926657907894,102.98841129313261,159.64181428824122,1501.6976818223745,0.19518096078553496,0.04545699678303833,0.1898137742542184,2.096778367740219,2.8236514249983884,,,,0.009512549703518003,9.054602072389173e-05,0.029315768433646028,0.03082062749683929,-13.539955586842552,deltaRIC0.5,EKF-G
48,170.28855514768557,97.26479686706587,139.77750643324111,1923.722761100282,0.13017245068717598,0.03319743375170209,0.12586817433412872,1.8001838592567345,2.1289140209992183,,,,-0.02810919227742653,-0.02871610915919348,-0.03671370966530879,0.05443012119333044,-15.66590169534902,deltaRIC0.5,EKF-G
49,146.89152464666827,77.6146661893661,124.71200265145303,1174.5354931881695,0.08428685224093344,0.02597210059397875,0.0801855563765769,0.860418421457357,2.125815055998828,,,,0.11215037277953743,0.12050780763345803,0.09957909592453351,0.19239499515413383,-11.578838375891792,deltaRIC0.5,EKF-G
50,183.27622400880998,91.2535628298297,158.9432652168371,2120.847756252815,0.11189198828928248,0.0297493878003075,0.10786468823871807,1.1479743972376866,2.0964853719997336,,,,-0.09323882544600409,-0.09408053481445722,-0.08002094770960144,0.15475134142832975,-13.767732378357323,deltaRIC0.5,EKF-G
51,155.37446983887574,95.1078699042297,122.86463673487104,1341.9040103336672,0.11543616102291401,0.029313866552597,0.11165215850777209,1.771903720586538,2.8982443470013095,,,,-0.12670089430389764,-0.02095758622914662,-0.2036752145000542,0.24078191385484635,-93.48631807310448,deltaRIC0.5,EKF-G
52,148.06295430127403,101.894422144556,107.42516079693893,901.5880245371201,0.12731212947927534,0.033141262415498945,0.12292288248351,1.4393647708807247,2.943841464999423,,,,-0.09604400728014073,-0.11155744337226203,-0.1546966970208537,0.2135429291157752,-42.891276166265015,deltaRIC0.5,EKF-G
53,161.5875656415951,90.44375894409286,133.9046968483168,1655.3247075685067,0.12537167369959032,0.027432432646259778,0.1223336348080321,1.9851565037684684,1.5213306820005528,,,,-0.008981018131899499,-0.01450131645252889,-0.013940062479090354,0.022028894830718026,1.4734679023968056,deltaRIC0.5,EKF-G
54,211.7580757488617,100.17799021841026,186.56326787623752,2379.2397401850303,0.13191071317424394,0.03653274065279365,0.12675091759247104,1.184557274850288,2.1409774070016283,,,,-0.01220444293770706,-0.016434964900703564,-0.022435297534220466,0.030371023594144876,-42.33161144001497,deltaRIC0.5,EKF-G
55,134.335286046383,79.36901939309574,108.38139986982054,982.8521156022477,0.12294367044149816,0.026336306309586676,0.12008973757817663,1.9622571023318414,2.0939283309999155,,,,-0.011801321310740798,-0.002540734268703826,-0.024110220054436027,0.02696347949313738,-27.691779253327695,deltaRIC0.5,EKF-G
56,113.44529637548547,79.97149320282746,80.46362870658928,741.7222616004576,0.08239141357723244,0.02184617030823588,0.07944236825597606,1.1180051450389856,2.1604964599973755,,,,-0.03258539705253344,-0.02796268020070347,-0.0515296731246791,0.06707478510896882,-16.04296835905552,deltaRIC0.5,EKF-G
57,180.83948810257908,109.78346032121313,143.70286113054067,1324.9715662656415,0.16596692637887686,0.04372545569788899,0.1601034202497357,1.9026547966194578,2.9067970780015457,,,,-0.2940356652937905,-0.21679939617678085,-0.2892563692262485,0.4659701683427068,-33.003248043358326,deltaRIC0.5,EKF-G
58,164.1822012870336,86.84262408602407,139.33468290884912,1774.6716989631711,0.11940389458976407,0.03181248693213611,0.11508803464477166,1.617951733900222,2.123808127002121,,,,-0.04666649894005248,-0.04658755198912634,-0.045444869181022196,0.08008369533520347,-9.001170828385511,deltaRIC0.5,EKF-G
59,127.08904875526342,68.59849227836756,106.98538765014813,1152.0833522429734,0.10388372970761954,0.02410465917104998,0.10104847700095866,1.726949096337228,2.0273847770004068,,,,-0.021036095574068603,-0.00528583484789602,-0.016492260851905194,0.027247973044758123,-36.10121587393951,deltaRIC0.5,EKF-G
60,154.72443071715225,81.17832841318324,131.71836795522563,1380.377148144227,0.13968420994607678,0.031008635332830877,0.1361989098453257,1.7221307899667158,2.8266415479993157,,,,-0.03561682124234489,-0.02726729992438537,-0.011093234482958014,0.04620739607324162,9.1704819315637,deltaRIC0.5,EKF-G
61,107.01136874389117,59.488599710778104,88.95245665461893,986.5041671283763,0.17320070930880396,0.03167939143786162,0.170278894356287,2.0477138311638896,2.129498981001234,,,,-0.1250310874909764,-0.1157402857519762,-0.12770606031210097,0.2129258660322021,-1.8960670598899014,deltaRIC0.5,EKF-G
62,139.29862333242215,89.38698625838337,106.8366657564322,792.7864080760195,0.08439412298062492,0.02704184838088432,0.07994439586246248,1.0194997681740376,1.7549754129977373,,,,-0.11912403940001337,-0.06402346572048906,-0.04266133407281569,0.1418080757598486,-44.925582467803906,deltaRIC0.5,EKF-G
63,136.9690355747313,74.66949352175558,114.82588316001105,1218.5980643783098,0.13274628943150574,0.031964500920280886,0.128840397541883,1.9296229942764598,2.090601168998546,,,,-0.03688816209956963,-0.01192885389846804,-0.02539822207883885,0.04634764010368962,-3.4972770285457955,deltaRIC0.5,EKF-G
64,123.00895858590789,65.72468243573219,103.97821892642594,1103.0349986692534,0.11097902023942322,0.026391495296131735,0.10779532415339993,1.809043630488006,2.9197077750031895,,,,-0.05141505188751294,-0.07516297627804824,7.00812724290234e-05,0.09106583044674241,-25.779134422642528,deltaRIC0.5,EKF-G
65,196.40997994048507,108.89414345030725,163.45930913363625,2036.9647206146024,0.19774581775615716,0.039882947017735426,0.19368210804623082,2.043576939853535,2.9143109880023985,,,,0.0016687629242833069,0.005468570027313824,0.006198173064101642,0.008432519028952904,-19.69999849384476,deltaRIC0.5,EKF-G
66,221.61957530522977,132.6580066262163,177.53053099799246,1505.7899953349029,0.1139929788151438,0.03559554129027655,0.1082929206338163,2.2156497980890926,2.9501752340001985,,,,-0.195043578794863,-0.06623167448114087,-0.1643881505690526,0.2635376564766357,-41.089170737999666,deltaRIC0.5,EKF-G
67,166.1734834470163,94.31515031585553,136.81476171018016,1383.6585532894067,0.16591622745761483,0.03883209467823665,0.16130797548995351,2.0612418358758795,2.1423867179983063,,,,-0.20202605775485827,-0.04447369937567058,-0.18211133842853405,0.27560293454961415,-59.9724230871725,deltaRIC0.5,EKF-G
68,143.20177053959128,81.03701904532257,118.06671262435393,1451.0664073144303,0.1037775341139806,0.02500577191092358,0.1007198488775538,1.457384121049869,2.9157933089991275,,,,-0.05881019483186478,-0.04282067914141929,-0.024947215452239546,0.076906522071374,-42.221785622685275,deltaRIC0.5,EKF-G
69,270.6344736916868,136.55267012309045,233.65869689063746,2503.37610281101,0.19149585726449442,0.041447514095887816,0.18695659101709897,2.222755191482594,2.091577879000397,,,,0.015516073995780588,0.023481974395408223,-0.009003644378910935,0.02955025018254567,-18.76472644363821,deltaRIC0.5,EKF-G
70,127.24335847908053,86.48971023191024,93.32953605925616,1049.8255872072218,0.09870810340826998,0.028546539599749246,0.09449013046523783,1.787580051507484,2.467130596000061,,,,-0.24905847573237733,-0.3039650771477016,-0.1761411739686226,0.43063976317403385,-3.5629528945792117,deltaRIC0.5,EKF-G
71,173.1445435476143,118.31656137220575,126.41291178265284,844.7787966135705,0.10820908589052625,0.03430027765361621,0.10262892975252212,1.903973603754058,1.6115208119990712,,,,-0.24718009424320586,-0.29688693324608084,-0.18759899962315824,0.4294569067810561,-10.799902085804206,deltaRIC0.5,EKF-G
72,134.37020011165524,95.20737339992785,94.82039194357391,1025.6426154034891,0.08966208618743143,0.02656737744795087,0.08563564768845094,1.1383518382315974,2.318196423999325,,,,0.0047850123639420206,-0.006853921357749204,0.0654113335953952,0.06594327216653238,-39.65339322423097,deltaRIC0.5,EKF-G
73,146.1718020534155,80.56545425332915,121.96476251974424,846.7668731814316,0.15426983384598109,0.027763747714121913,0.1517509668757771,2.6338722685705354,2.097479438998562,,,,0.0025555842350331037,-0.028966491871004252,0.008986780571723751,0.030436012996771056,0.1872377029430936,deltaRIC0.5,EKF-G
74,101.61638543176586,63.47780274848046,79.35022587518074,723.3046375892362,0.11240312495221394,0.0215555411482824,0.1103169123245739,2.000825060026532,2.1498185979980917,,,,0.010945027256213491,0.013717003329801525,0.011323753409814619,0.020884855596228824,-10.581509690964594,deltaRIC0.5,EKF-G
75,144.5652996048887,92.01257431111456,111.50252023381735,1287.68396059982,0.07885750983646397,0.024218205998585145,0.07504655458992175,0.9654025208271233,1.9393546979990788,,,,0.04338924144024614,0.005036622149659831,0.01823062359093297,0.047332330092154755,2.382070868865412,deltaRIC0.5,EKF-G
76,138.03730894074715,86.68906344666406,107.42115684698021,1214.8692946000422,0.08948494942872538,0.023666513939293976,0.08629862277129771,1.359680563891199,2.9327591319997737,,,,-0.09507669417800141,-0.11386025109188175,-0.12336845674379887,0.1929339541756975,-28.559239370180876,deltaRIC0.5,EKF-G
77,180.88667286648536,93.564936694006,154.80823958095235,1919.4387421965243,0.2735141997907613,0.054716344786937876,0.2679853337411162,2.482922634797757,2.915183855999203,,,,-0.18175007640464713,0.05455464337546434,-0.2025952893657978,0.2775862940783109,-32.07080951341777,deltaRIC0.5,EKF-G
78,168.7711743333231,107.44777613232168,130.1487022219869,1136.4964073692308,0.09295646605641944,0.032673177705179884,0.08702510005937364,1.0455051536544702,2.3005305149999913,,,,-0.22599868882246338,-0.09735662996847333,-0.23896077385476866,0.34301016339105866,-52.121351445661276,deltaRIC0.5,EKF-G
79,237.8672402552719,114.95318073356869,208.2464650981974,1629.658448578523,0.11367122102179059,0.03086459823641276,0.10940074526386734,1.7856589185975016,2.092272369998682,,,,0.003796934352327308,0.0008811607393256482,0.028196145711703813,0.02846428969287738,4.894658225195599,deltaRIC0.5,EKF-G
80,213.09602287234318,136.70439915693052,163.4681076392359,1336.0523947508698,0.08782620491383847,0.031746539307792664,0.08188772503584602,1.4787252038446526,2.9491337510007725,,,,-0.16511620682727962,-0.17782761193975372,-0.19249495223855306,0.30974235739166744,-39.65738562876504,deltaRIC0.5,EKF-G
81,144.20854852522618,73.88144837749068,123.84521409160995,1772.5844093127707,0.17643184873771645,0.03501794564004677,0.1729217763387804,3.405279329153884,2.138423189997411,,,,-0.08671871996524816,-0.10565749699275268,-0.0837804050704421,0.16032092607314877,-78.53718691837275,deltaRIC0.5,EKF-G
82,132.60711007885592,92.84523619936776,94.68055639121172,829.36225031016,0.07663227914710312,0.0256711601826186,0.07220455485741792,1.230639886804961,2.079844397998386,,,,-0.26334976660756004,-0.08965964888964156,-0.243981960849246,0.3700258767047423,-81.6793754015016,deltaRIC0.5,EKF-G
83,149.9391593935841,86.91616015504074,122.17746364840747,1051.2922409128369,0.1145862595468753,0.029481550218417887,0.11072871837812796,1.3007399715795065,2.1597499799972866,,,,-0.014287677862699188,-0.012782156646809706,-0.013124730510181981,0.023233162036553436,-32.063453122122155,deltaRIC0.5,EKF-G
84,233.65050564217225,112.36551584379978,204.85738853163085,1932.7604975865202,0.1166962118379558,0.02910090410444782,0.11300948295445294,1.2632889042455235,2.2955221019983583,,,,0.017154713999600113,0.03327016784632553,0.023803769790022966,0.04435997900300629,-12.952772250471753,deltaRIC0.5,EKF-G
85,148.21734075529537,73.83668885110046,128.5166272514071,1310.3335348594012,0.16615377770339973,0.03263887006102333,0.16291648782812138,2.3178222011673864,2.0998151599997072,,,,-0.003711423223531185,0.01444619085058696,-0.00031009983687507736,0.014918554029951393,-27.523419554767315,deltaRIC0.5,EKF-G
86,193.95438986193398,105.82994685638276,162.53715789040453,2559.1645379347187,0.20417038291258477,0.04765917315278472,0.19852996870262277,2.019177492387557,2.914940676000697,,,,-0.12096007647574264,-0.09112831954392292,-0.17419254016213148,0.2308219048791787,33.52981669807923,deltaRIC0.5,EKF-G
87,151.33737580865994,76.85367364964867,130.37067984483653,1504.1690951079554,0.17178002148515936,0.03402679129653233,0.16837622532740198,2.2094093576233504,2.1264900879978086,,,,0.07270912590735046,0.05871626379303452,0.03314174948979276,0.09915942811083743,26.33819398866035,deltaRIC0.5,EKF-G
88,182.37538153119678,96.84864477412864,154.535173323306,2087.141881483473,0.10731785360797859,0.028642259921165817,0.10342505813211757,1.154040261243215,2.1036259540014726,,,,-0.016037931852940668,-0.015747774600152975,-0.013836084136505888,0.026394031279993246,-4.937347667721042,deltaRIC0.5,EKF-G
89,119.40246307422035,78.16178802201247,90.26451728886906,1227.495151152886,0.120474632436788,0.025998103975918823,0.11763603040920961,1.568326261304101,2.0463066430020262,,,,-0.015885564657981133,-0.009274872817038704,0.01615723526750501,0.02448327350998331,-48.247368418487895,deltaRIC0.5,EKF-G
90,214.73701018219757,129.00850057835578,171.66476144076162,1939.5141419958943,0.13843940637506175,0.03592185918890776,0.13369775342125897,2.1115722856433266,2.943420960000367,,,,-0.4478089837189946,-0.2633884948822981,-0.43557121564503126,0.6779591942250591,-135.75755732860853,deltaRIC0.5,EKF-G
91,177.2629666455897,101.66033841104016,145.21478897876844,1725.1402163576965,0.09879579941046372,0.02967334045258085,0.09423429761789397,1.1507118014170519,2.160966436000308,,,,-0.0010442435361788793,0.06017281512468553,0.11252658863127907,0.1276091347576087,4.2973202425419,deltaRIC0.5,EKF-G
92,97.19544087476821,58.030550890355876,77.97056425473897,917.4377727089961,0.09242643982898414,0.019926179138314848,0.09025294546112395,1.5874488873051793,2.9050174170006358,,,,0.006143122296933257,0.008309177641165566,0.005241891562143608,0.011586967324403596,-0.3870363554888172,deltaRIC0.5,EKF-G
93,149.4728728641619,88.48070670033412,120.47117607160376,1092.9537859229888,0.09340313451374223,0.027762591857972613,0.08918174718135913,1.645008818476278,1.6688536309993651,,,,-0.10562907729708626,-0.007753074847015151,-0.015912071731483457,0.1071018495031954,-21.235649646892853,deltaRIC0.5,EKF-G
94,152.4363401080877,98.6416064800477,116.21820535778382,1153.0315742280866,0.12591303626725248,0.030566161220237458,0.12214664338530505,2.106693471004185,2.115257640998607,,,,-0.17093398013826205,-0.16042474150822023,-0.13241729986293999,0.2692375615639074,-36.517590835552255,deltaRIC0.5,EKF-G
95,162.00332933548475,83.21509310031175,138.99757910153681,1358.0560710842208,0.1639774792359178,0.03864920954400726,0.15935762390983765,1.8340435920187566,2.0918632299981255,,,,-0.002643874447818717,0.016232372418512497,0.023739436472778874,0.028879765069581467,-25.632474241130694,deltaRIC0.5,EKF-G
96,132.27287828515682,77.14455362312057,107.4468807184712,1270.8596849711687,0.1301098822883592,0.030663200920734955,0.12644504568540965,1.7929161140246417,2.10830221300057,,,,-0.005147919440101734,-0.003373541166364069,-0.005734820518279005,0.008412491957785415,2.7045918863732368,deltaRIC0.5,EKF-G
97,177.40714038412116,89.80196106850111,152.99967727914554,1543.7180891060218,0.12962822183694606,0.03338693687688593,0.12525489348758928,1.499464691346064,2.95242007500201,,,,-0.02202489785180739,-0.012146093428573701,-0.01745442141415271,0.030615037773307152,-21.58091677721677,deltaRIC0.5,EKF-G
98,130.073439160509,70.89013689650285,109.0581866062228,1292.8886964422927,0.08317744897025534,0.02343028593617313,0.0798092082290546,0.8785909197713115,2.1046039840002777,,,,0.015977937040066337,0.019014615692936165,0.027984690506874244,0.03741648012269347,-31.705879603985522,deltaRIC0.5,EKF-G
99,156.38052832768216,107.44670903852403,113.62250814357053,968.990870175118,0.1550522469885913,0.03823669744109519,0.15026361590554538,2.643081345940925,2.071201321999979,,,,0.046986676454983445,-0.019489457456281944,0.030245306695949048,0.05918078483222016,-38.46174697485549,deltaRIC0.5,EKF-G
100,164.648009637733,91.35141522474088,136.981334546368,1253.8682641552584,0.09814615214720515,0.03146908969164439,0.09296431345027825,1.2353300394860165,2.915116890002537,,,,-0.25724178537208076,-0.2590499470559633,-0.2923595288052522,0.4677117758773475,-88.75501009495201,deltaRIC0.5,EKF-G
101,174.1318975501885,84.33559484140989,152.34639866821564,1711.956733983153,0.14292374349087117,0.03825253816710277,0.13770962122240654,2.2823985440042693,2.132617207000294,,,,-0.05280452121427853,-0.04384330442196743,-0.04032780224639848,0.0796045503556871,-4.68909332894691,deltaRIC0.5,EKF-G
102,123.12167523871214,84.80705514195641,89.25643008621881,744.996030597441,0.10522800813879112,0.028245449908637702,0.10136630730334475,1.3429293573889602,2.8105532330009737,,,,-0.0585762362309466,-0.04099003715292693,-0.040881654458289396,0.08235695640338443,10.32638936866715,deltaRIC0.5,EKF-G
103,152.12583772945635,97.60747084986194,116.6835555645363,1199.8436909462248,0.08948912936469387,0.028237589611460782,0.08491727037173083,1.0086952547299195,2.928138729999773,,,,0.03417650910345216,0.04954093330073572,0.04027262213923222,0.07241700035748284,21.593068498492357,deltaRIC0.5,EKF-G
104,141.5434623159593,81.75730551372888,115.54347545198812,1087.3615370405164,0.1854570240313797,0.03095380004043129,0.18285559883589222,3.7689310910709954,1.5423320199988666,,,,-0.016852731396883924,-0.008624645265654984,0.0034622906290158184,0.019245428493376626,-6.129279288397811,deltaRIC0.5,EKF-G
105,185.08949884584646,98.91918450808315,156.4388619213986,1087.647399237995,0.14128002063543968,0.033529800577075046,0.13724356707697394,1.759038929629495,2.1285384460024943,,,,-0.06295591496405512,-0.0358662137356352,-0.059988514058642584,0.09406622313910326,-52.56260171849135,deltaRIC0.5,EKF-G
106,226.44724041758434,84.35964408743433,210.1470988193286,2225.4028247704478,0.11501536011813912,0.029620825886159878,0.11113568165502484,1.3977126276495042,2.0858841169974767,,,,0.04067540719222884,0.018143241607247007,0.004217722476696606,0.044737625654062065,-10.256368116184603,deltaRIC0.5,EKF-G
107,130.3156969118826,74.03252523879054,107.24442208524177,1010.2725116637766,0.11609559741874027,0.028340758354226715,0.11258325433172352,1.4118549104659646,2.3719411679994664,,,,-0.025671763309924545,0.009106141105966747,-0.03154299411136996,0.0416763927756768,-18.228231448571023,deltaRIC0.5,EKF-G
108,139.59889405034875,76.90616119275361,116.50447884383973,1121.2883043513225,0.07362849045738011,0.022418421241194118,0.07013251026510381,0.8669407155480165,2.7935186979993887,,,,-0.1286682853567408,-0.14497496090355838,-0.13363400200673814,0.2354385555468111,-14.26841812474595,deltaRIC0.5,EKF-G
109,181.3774277342996,124.30827338811932,132.08037120925903,853.7407259378466,0.09760960497011738,0.026406539748735573,0.0939698336750726,1.9568384733652284,2.1064594740018947,,,,0.08272050979766465,0.06087147588084707,0.07357311985631387,0.12633694345871127,-63.32733197156631,deltaRIC0.5,EKF-G
110,158.7331218579489,85.50877619933374,133.73276774097928,1260.082475344758,0.13630272249099032,0.035335516923459244,0.13164282510721137,1.2503061990382962,2.107315502002166,,,,-0.06655787121507017,-0.0754371223875468,0.0022778615473287855,0.10062752261694799,-12.071346887496475,deltaRIC0.5,EKF-G
111,117.65810811901325,77.10391414140021,88.87303770109918,604.3214578270675,0.12151706216472413,0.026969745206555214,0.11848640951872465,1.5730910628610744,2.1229487029995653,,,,0.013233121737342923,0.01360880704322931,0.017012179815707906,0.025489790154827968,-6.256344955501845,deltaRIC0.5,EKF-G
112,161.4002663383929,100.20151914189208,126.52944928261246,1062.6213080754806,0.1562159483664769,0.03969555946367301,0.15108833536346797,1.9611331290358087,2.800657670999499,,,,-0.25035137139367036,-0.07975334284818258,-0.2069110365350192,0.3344377100360354,-31.065603410461335,deltaRIC0.5,EKF-G
113,197.32522257736272,106.27762016147427,166.25976939121242,1302.7045013355705,0.10283713912022632,0.0254298548975541,0.09964336235957783,1.9208092140849806,2.1206970239982184,,,,-0.030353506938787467,-0.0857554121162703,-0.020200204873766447,0.09318462516776314,-23.904348729403864,deltaRIC0.5,EKF-G
114,113.79725706818397,70.61464549332092,89.23781461967204,1100.6468026569491,0.13296099224221794,0.029876292853573006,0.12956092228508825,2.054679754657025,1.7229825390022597,,,,-0.0838808660077206,-0.1266786378302157,-0.12028331159835476,0.19378222832290642,14.245085614704294,deltaRIC0.5,EKF-G
115,158.0390822184143,91.43666223397318,128.9018553316787,938.1329571313116,0.10929012442891167,0.02518023073555194,0.10634983440415582,1.5903565767184398,2.9047553130003507,,,,-0.01170299387951157,-0.016328910455149948,0.0011160310564584108,0.020120609029429755,-25.577244691434316,deltaRIC0.5,EKF-G
116,157.82417170806823,96.41747988072538,124.94854440443764,1094.3085874379044,0.13250008114719442,0.03794645520362491,0.12695013998216934,1.2349107625896487,2.8482367689975945,,,,0.14910952515901854,0.034867524947224005,0.11281576236029756,0.19020197429582167,5.376403025715263,deltaRIC0.5,EKF-G
117,225.184914217249,102.87559426761426,200.31190103215283,1849.726597462247,0.1749395414963706,0.03819578130133766,0.17071884919287839,1.948042602339869,2.912395220999315,,,,-0.148557135058013,-0.1190391061425704,-0.14104671416376557,0.23692552995458688,-42.04461403267487,deltaRIC0.5,EKF-G
118,123.73440120474127,65.97334277589049,104.67912917325371,1335.183956822543,0.0850470235403039,0.02277762493230167,0.08194007575971843,0.8403309857969737,2.8244411160012532,,,,-0.007275554181182031,-0.0019611912150508393,-0.008869457473369646,0.011638180076679541,-36.91923025378492,deltaRIC0.5,EKF-G
119,143.4083042768697,85.97054170253986,114.78243635216627,987.2415881559116,0.11239136674785284,0.02820391906062543,0.10879502869649904,1.9186668107398934,2.0949376429998665,,,,-0.08587286831412638,-0.08171489506462326,-0.07982480385457569,0.14291071652727505,-53.37694258255215,deltaRIC0.5,EKF-G
120,175.32333391344477,96.20427974795737,146.5708292011136,945.9757633876222,0.18750286384848064,0.03507525589822923,0.18419297048219727,2.2428201481960497,2.107090262001293,,,,0.012516155184585487,0.01860289921262792,0.03153261191372625,0.03869144109259164,-58.30540430064866,deltaRIC0.5,EKF-G
121,168.68893946046583,98.78324439256063,136.74000483975544,1551.9713446870412,0.23957367312526007,0.048429792717928404,0.23462757730502917,2.636223509234229,2.1038673809998727,,,,-0.08360389815107594,-0.07341081123880056,-0.07851559429398886,0.13617436447486192,-3.220292848338431,deltaRIC0.5,EKF-G
122,145.01142835897372,84.41920021040268,117.90552569979796,922.3950562511291,0.24798283891210943,0.04894091390111608,0.2431054819238611,2.325436317658885,2.1534211720027088,,,,-0.1365877017247198,0.019457791307520678,-0.058597379667905625,0.1498948258244851,-91.02357637659588,deltaRIC0.5,EKF-G
123,166.13757442806963,95.7868702048736,135.7444994583466,1223.6763329204891,0.18190227331191486,0.036636625032876804,0.17817461868134574,2.9943877158135654,2.109391604000848,,,,0.05416387329692718,0.055213877652020016,0.06100795824202643,0.09851024527813672,-28.66278162686649,deltaRIC0.5,EKF-G
124,114.98143932371427,66.89557655216305,93.51851809511676,857.1614860062252,0.06872727144835228,0.019423856136028324,0.06592534909685632,1.0741714924457324,2.1373492940001597,,,,0.03252882780543753,0.029706970206553995,0.03494211628931143,0.05622793085313255,-41.3152718385536,deltaRIC0.5,EKF-G
125,228.42508502323972,123.56341200637598,192.12002155219764,1771.1453353372178,0.12498293922169204,0.0344526417101984,0.12014054509482576,1.6148276550085663,1.492568518002372,,,,0.01841333933057665,0.009542426761660172,0.004077760102262351,0.021136156255483443,-30.660278027491586,deltaRIC0.5,EKF-G
126,119.83665262755213,75.85865257352467,92.77008215316981,1051.455694319453,0.1324460738910661,0.03157350458362006,0.12862766536583747,2.418866796662531,2.1198112099991704,,,,-0.10340756078260843,-0.09924997801752267,-0.0983955063480979,0.1738544144765561,-67.2802461409592,deltaRIC0.5,EKF-G
127,200.60187374314535,116.28145813938315,163.46172103045936,1033.5073130022251,0.05471423510043995,0.02038230550464354,0.05077606862431938,0.6511425251479983,2.841472549000173,,,,-0.03679732482683978,-0.016968989954235403,-0.06740248950719574,0.07864531344108518,-31.850882682316296,deltaRIC0.5,EKF-G
128,198.39481049668075,93.02987172360518,175.23111538509204,1893.8150773826167,0.22075458679060303,0.042065920132557603,0.2167095889721799,2.4161488608098383,2.8998298619990237,,,,0.076282924301312,0.08326796465614483,0.07485668996142536,0.13548491617120204,-15.940437641897006,deltaRIC0.5,EKF-G
129,256.73803451478,143.30872675722662,213.01884236314615,1310.6605015266803,0.08378963672139347,0.02632331824809789,0.07954738297588707,1.316712216570824,2.1061708930028544,,,,-0.01644783241608566,-0.010835241561288178,0.007529559013551013,0.02108620188221796,-52.56745960596163,deltaRIC0.5,EKF-G
130,211.66778382550558,104.41065032978322,184.12405276691229,1869.2994008632159,0.12403711161687564,0.030126638814573985,0.1203228602219606,1.870635691395905,2.1363267809974786,,,,0.011026139476154606,0.0409915632780693,-0.016343775391875093,0.045486294702774335,-32.44967666231241,deltaRIC0.5,EKF-G
131,171.59423009223482,95.11972785152489,142.81742601797117,1103.395160471129,0.07951484888884638,0.02530099127267709,0.07538216655440458,1.0422920235404798,3.0011817119993793,,,,-0.027583127845242805,-0.031707985906516745,-0.02983225687403207,0.05153822719276544,5.994474575840286,deltaRIC0.5,EKF-G
132,255.1365571032267,121.14036210776192,224.54325961579957,1905.1368867816172,0.15322744087556667,0.03643061957992483,0.14883366082408261,1.307861110619757,2.1167160980003246,,,,-0.03596209340251655,0.028546373678026038,0.01635738410254195,0.04874147747796444,-43.81903185927513,deltaRIC0.5,EKF-G
133,139.34534172799331,84.38266259969596,110.89044374461268,1103.460762696226,0.09550916186234447,0.025630113459367034,0.0920059633051439,1.3436564166261404,2.1167284859984647,,,,-0.17143235619680025,-0.19700653205149565,-0.14140568218132582,0.2969784392431708,-77.62335367112973,deltaRIC0.5,EKF-G
134,166.00640918153752,74.91247405609117,148.14266475308025,1992.8180657372748,0.279080023376292,0.04891481741410857,0.2747598953360117,2.9351756626897894,2.116362085998844,,,,-0.03546644304571306,-0.038272319913150554,-0.04569714443657974,0.06936042144845271,-45.12188592994062,deltaRIC0.5,EKF-G
135,148.73187734014263,82.93891562778106,123.45974085349059,1213.8957610330785,0.11372577574549264,0.028060428255949857,0.11020963857579234,1.5427969088055138,2.1371989310027857,,,,-0.07593733960617838,-0.06496943681052603,-0.0524646904801469,0.11287183445447593,-27.42974906721065,deltaRIC0.5,EKF-G
136,178.96251499025433,124.60016869620667,128.46158854892712,837.9137766316417,0.1367177763380716,0.03786615783748986,0.13136934367444056,2.2686763260529386,2.1525574660008715,,,,-0.04052621748546459,-0.025553492642480358,-0.003905600397463793,0.04806879449677455,-107.80838433436293,deltaRIC0.5,EKF-G
137,173.12568688853318,93.69792229235826,145.5788542980114,1652.7799203068787,0.11782789874152007,0.03409164424502865,0.11278817985282107,1.3610105006117632,2.1324563799971656,,,,-0.03583287426109688,-0.1375195464808608,-0.07579776761095419,0.1610618580450301,-15.784935916810355,deltaRIC0.5,EKF-G
138,196.6174755511438,83.67161891664104,177.925523407894,1571.2825293131016,0.22758595869459172,0.0502910795153744,0.22195985203661203,1.9472695170252632,2.073348468002223,,,,0.022373572052845292,0.07778317078269925,0.020213200997711178,0.08342284985535013,22.363011653687863,deltaRIC0.5,EKF-G
139,147.955080206078,90.83903651982801,116.78602314890395,1239.8126296682508,0.09636042884425516,0.028402642626434393,0.09207943385405784,1.5481931970676082,2.875182608000614,,,,-0.3136549850626973,-0.3455761164524138,-0.18583180958651507,0.5023303329196953,-145.63068604889122,deltaRIC0.5,EKF-G
140,134.77752941721326,82.49237984494337,106.58325245236874,1011.9742515339849,0.08163454097329834,0.025145779841262074,0.07766523054814105,0.9959531029835313,2.1436888860007457,,,,-0.01887166896588066,-0.03125961124854143,0.004869261530387692,0.036837655908309834,-57.05217685132811,deltaRIC0.5,EKF-G
141,143.29158779918146,90.47734135939703,111.11403977241432,765.7301852238855,0.10729985560061174,0.028166177032975127,0.10353707298962644,1.6629313917002246,2.920877748001658,,,,0.03907380050089404,0.03237878786488124,0.04017226443419575,0.06472216481974005,12.526281743208528,deltaRIC0.5,EKF-G
142,139.73384603697826,78.64594087953891,115.50049225634504,938.1112586848209,0.12597240664859408,0.02610733252199188,0.12323739053316934,2.9755938501270767,2.0788271029996395,,,,0.0765587856235932,0.05855791617395012,0.05667999510818045,0.11181636306130704,-38.72722912039899,deltaRIC0.5,EKF-G
143,168.09708741443205,83.65528813839721,145.80268709354075,1376.299754638372,0.1295357111650685,0.03092351395884309,0.1257904477751681,1.4283625808765066,2.1401766710005177,,,,-0.014556346346791704,-0.004389183541183228,0.00433039886959985,0.015808368211038783,-10.960864914748527,deltaRIC0.5,EKF-G
144,129.03085074956195,80.54106045697306,100.8072320105157,732.315043096833,0.09978964203212744,0.027149239086989702,0.09602547304698689,1.3343593996534813,1.8712352369984728,,,,-0.008537297273861932,0.03762102643143528,0.01241589214370542,0.040526305681879864,-17.319373569182062,deltaRIC0.5,EKF-G
145,110.18710065253977,72.86899662524898,82.65171795578351,907.8107926959639,0.07589363096388071,0.02356906619116141,0.07214112793516861,0.9728357501016109,2.9036669679990155,,,,-0.009835513102342375,0.0092858630265793,-0.0002159823815428008,0.013528163900687997,-31.775147900465527,deltaRIC0.5,EKF-G
146,109.07027541067788,60.90025504665019,90.48471646313584,1176.8083736706387,0.15231013149832373,0.027976336856723977,0.14971873875075148,2.4766670966733924,2.1497318319998158,,,,0.0072022566175221625,0.0030134326421685786,0.017883552527099944,0.01951344991699499,-13.567162887244194,deltaRIC0.5,EKF-G
147,210.88567942743572,107.93151083392655,181.17273182429304,1503.5882191879878,0.10124243691290635,0.02864980172205737,0.09710417031904767,1.7378888881162662,2.8376916279994475,,,,-0.01630680811591978,-0.020101836819209407,-0.012686256401937435,0.028825976755892393,-13.511873968091095,deltaRIC0.5,EKF-G
148,146.91704756650446,88.4376741397147,117.31750363187996,917.6945272237459,0.11207403427291254,0.03125806874688837,0.1076267731394971,1.7319991777772894,2.0848646129998087,,,,-0.2239725253991885,-0.17501408501702026,-0.16266440089016232,0.32749554104596657,-67.66486148240074,deltaRIC0.5,EKF-G
149,204.700681690044,91.26508276905197,183.22951113706222,2197.4071755472623,0.20558520091088348,0.03561130962305101,0.20247742950882083,2.9056077194545957,2.5054827040003147,,,,0.003957764370608574,0.0027198535672284807,0.007892031622236506,0.009238271773811656,-4.4877382912818575,deltaRIC0.5,EKF-G
150,150.7058405946753,75.84539797435913,130.22951276672566,1436.0402772723087,0.0987434870673592,0.025568443850489817,0.09537573547441763,1.5977916376432575,2.083404259999952,,,,-0.03893652652748336,-0.026223190798013774,-0.03747226833414313,0.06006562850549785,-20.426093224195938,deltaRIC0.5,EKF-G
151,162.06116629004356,88.40292409197089,135.82615591732832,1478.2208407449632,0.10129200978461475,0.029535562746227217,0.09689025637013333,0.8625526839019835,2.097107205001521,,,,-0.08249144270266162,-0.14350777223551348,-0.09246517033065382,0.1896025488632559,15.08387906763528,deltaRIC0.5,EKF-G
152,205.99527346317242,100.04971114356353,180.0669541844274,1319.8462597659434,0.09552529246134317,0.024266638817938623,0.0923916215914888,1.2510468200154188,2.1562613599999167,,,,-0.014699125362754417,-0.011815133198545491,-0.010213579690630803,0.02144711796550315,-29.84491161313781,deltaRIC0.5,EKF-G
153,173.27421514876175,87.96602090554815,149.28473733595155,1510.4143844150701,0.1908616607299123,0.04340816041467942,0.18585990731191493,2.284525794400441,2.949737990998983,,,,-0.09800756214196238,-0.12561804141078692,-0.11536878712307885,0.19671128998393325,17.760498144569283,deltaRIC0.5,EKF-G
154,158.25635960931822,85.28301984514029,133.3112218940598,1686.2892084502078,0.12995007491974614,0.030414330311233195,0.12634077126314702,1.576539588750802,2.927649264001957,,,,-0.07174493787899405,-0.06723412514467958,-0.0730190044520661,0.12247260390145218,14.646425142687804,deltaRIC0.5,EKF-G
155,137.62601862370275,81.10415742551923,111.18919304729381,868.6069307904648,0.09226157105326643,0.023863519701329744,0.08912199459550475,1.1103581833591736,1.5859055290020478,,,,-0.024514345483454325,-0.02158037440045979,-0.017527611381480346,0.0370659257875259,4.118254633693141,deltaRIC0.5,EKF-G
156,236.24113544648142,115.46530898438174,206.1010346848944,2099.533252133456,0.117209565180502,0.03141151894421913,0.11292209105139396,1.6595512103067473,2.114980441001535,,,,-0.068071404954957,-0.034202075662804254,-0.03875020579294275,0.08546974085125884,10.518955967374495,deltaRIC0.5,EKF-G
157,139.750076648059,85.48434860029582,110.55546150019667,1719.4837409745708,0.13567678207135747,0.029161513082799594,0.1325058313734167,2.1817942385529134,2.1005250139969576,,,,-0.03023396171933912,-0.004630152879797289,-0.02582745505935624,0.04003233932434907,-48.27729964725586,deltaRIC0.5,EKF-G
158,161.2695997654895,91.36018426515454,132.89544965708257,1115.9912763577126,0.10189017234565922,0.026651674098360306,0.09834274497075488,1.621658858629169,2.084010014001251,,,,0.006162464848948113,-0.009672263329062847,0.014962620687195893,0.018852285504685037,11.239589418044488,deltaRIC0.5,EKF-G
159,158.33824304458636,83.42364931139834,134.5789506052686,1146.152552881203,0.08398838093412381,0.02227162554377158,0.08098162030716298,1.2407644927965793,2.9394870670003,,,,-0.02916479295239932,-0.023644821647260283,-0.0242369972586971,0.0446888663405681,-38.239207500591874,deltaRIC0.5,EKF-G
160,153.45198816030987,87.68620007555315,125.931104127066,1049.5893229123983,0.1135833189197517,0.031021056547367244,0.10926511056833771,1.2007074925947248,2.104781702000764,,,,-0.12842668113328076,-0.11284248147933051,-0.11016501488962477,0.20337937102605483,-51.85925964399212,deltaRIC0.5,EKF-G
161,133.72533954030547,86.25747467653908,102.18666496953607,782.8764082020052,0.06793275677352137,0.02012940475660762,0.06488194284232768,0.9445220050127667,2.8679942740018305,,,,0.018325912429663638,0.023278178819008954,0.01250263941909946,0.03215631614400936,10.511181089437741,deltaRIC0.5,EKF-G
162,217.98682778318275,84.45044003901481,200.9636292073562,1797.9717591131823,0.19691565649159554,0.039755598865509355,0.19286074802914344,2.21515702806291,2.1141012529988075,,,,-0.029872004611674274,-0.003459551650083492,-0.02431319085214151,0.03867087284445674,3.6079859498495352,deltaRIC0.5,EKF-G
163,115.62598563160425,73.55889947284408,89.21018362061574,878.8494781824757,0.13856922450721043,0.027961662923439663,0.1357187363155347,2.3105929904015547,2.2701819359972433,,,,-0.14385657044680733,-0.051656676646392785,-0.08621364487010807,0.1754876567301995,-135.0896683189494,deltaRIC0.5,EKF-G
164,218.2681344106557,106.36729114075526,190.59637424275908,1560.6450342884368,0.15538572970422818,0.0408081048506049,0.14993139622579887,1.9657549267365793,2.9321612379972066,,,,-0.10163182710645052,-0.11864010098181954,-0.14104204427132078,0.2104693804195874,-5.674016776807548,deltaRIC0.5,EKF-G
165,98.47569393663302,64.97942664100756,73.99416470038256,1094.7446984512785,0.09865330850080288,0.024716072220505723,0.09550702095733764,1.2210650331535406,2.942955129998154,,,,-0.07963929036205891,-0.07293507679166067,-0.07370348046354491,0.13074457934621195,-21.779956154117826,deltaRIC0.5,EKF-G
166,142.74345797339072,67.81439754232072,125.60613950031762,1215.2642271486045,0.1225229058570951,0.029539297482664928,0.11890875646434629,1.2274214365166358,2.1227622119986336,,,,-0.020359320307755724,-0.017334455795446846,-0.017014293699906535,0.031693397912258864,-1.340089328463364,deltaRIC0.5,EKF-G
167,149.15731925718006,79.31052410186928,126.323974979713,1538.687845070088,0.15061800351202137,0.03151407066986245,0.14728423653521852,1.5994916924339109,1.6650068729977647,,,,-0.03262541799070695,-0.028931702880257593,-0.0023917607637083393,0.04367129320469758,6.211957804240228,deltaRIC0.5,EKF-G
168,176.30503191484436,104.04950664267083,142.3276657783408,1156.1298963736801,0.1809438737136732,0.042207414978290766,0.1759523218242944,2.255170923124913,2.984143875997688,,,,-0.05954178993262965,0.024706213365003893,-0.019667014049143228,0.06739742701934319,-28.78299352850445,deltaRIC0.5,EKF-G
169,209.01033242298695,115.47268321102354,174.21647020765317,1246.7416256985932,0.10076651167390763,0.03458944887857682,0.0946438582328726,1.132381782051453,2.124266358001478,,,,-0.05937817518526506,0.08701673126597365,0.07763985675567786,0.1308649172451841,-42.83557960474718,deltaRIC0.5,EKF-G
170,189.8273651370053,98.6139249897033,162.2027199309034,1863.743009596825,0.12261789817065101,0.027048964535039376,0.11959725109453949,2.503215307149797,2.161407641997357,,,,0.02659870951303711,0.037645611950403834,0.03618395262298013,0.05860001599233049,6.048840975214262,deltaRIC0.5,EKF-G
171,176.8735070553379,101.00553890360041,145.19682713078802,1036.120192350032,0.20949992447475838,0.0455490247515497,0.2044883974681991,2.1656407274957976,2.921289631998661,,,,-0.00821944746251918,-0.022815536181663543,-0.02440333531022315,0.03440393556134378,-20.079940008312406,deltaRIC0.5,EKF-G
172,151.67936035090415,89.88232479908572,122.17936014389294,906.6384697829418,0.11578291662621026,0.027466896436994844,0.11247779061926563,1.1311939927922432,2.092917412002862,,,,0.05594235540401937,0.028349375445147262,0.05709483513167879,0.08481187661520713,-34.73474514760164,deltaRIC0.5,EKF-G
173,161.760302621573,91.86971138252173,133.1403456308982,1221.5191970086823,0.18214277630628056,0.039617541341133676,0.17778200521606038,2.919754887421623,2.118007930999738,,,,-0.03741918168817421,-0.033047934843294935,-0.03437734965541639,0.060614877092591855,-9.748854744961136,deltaRIC0.5,EKF-G
174,162.67010282408415,88.196130464844,136.68578903392384,1374.1986797369598,0.14411963142427733,0.029755734190800628,0.14101441218767666,1.796306889412432,2.1131895469989104,,,,-0.027415596297927336,-0.030891679920416193,-0.0029675820833562905,0.04140914575426338,-11.271310049982276,deltaRIC0.5,EKF-G
175,133.12205572449372,88.89568024104581,99.09106798696314,981.0913711953375,0.12619079896419635,0.026866098948300766,0.12329773100313866,1.888155162488152,1.6153800439969928,,,,-0.059050989125122244,-0.05495661786707495,-0.0501064605108284,0.09496265870839028,3.64153433519823,deltaRIC0.5,EKF-G
176,226.9727784531748,105.98079796475548,200.71051945901505,2027.230389265045,0.15309239884841772,0.04325365903009293,0.14685504269745547,1.5505586077107127,2.3025323080000817,,,,-0.12831543681039076,-0.17343430555879902,-0.13030913587667725,0.2520412279001802,-59.84746479301975,deltaRIC0.5,EKF-G
177,180.46897781592165,88.3058301711217,157.38847579067738,1601.2042652422363,0.16397532393294784,0.03732700292800002,0.15967029063457064,2.1494196411441333,2.0559594500009553,,,,0.010745146224266144,-0.009229685365271356,-0.004148872802409886,0.014760027264654415,-20.504757853181218,deltaRIC0.5,EKF-G
178,213.59155225768592,110.67136719005268,182.68333169759168,1753.885866287941,0.11365370197271174,0.028752315901847094,0.10995666556595089,1.3052422897992686,2.931890748001024,,,,-0.02132076177064479,-0.01625985307534228,-0.0484262232891049,0.05535392313611161,-44.85787602370692,deltaRIC0.5,EKF-G
179,187.23685447167918,73.24299795265635,172.31686778535624,2151.0117369030527,0.1600677091554831,0.03234851063149158,0.15676493668613722,1.939515356934515,2.8975648419982463,,,,-0.0028103907927115035,0.0010717891467234564,-0.005455466735411751,0.006229698683241103,-47.113837356584554,deltaRIC0.5,EKF-G
180,180.7651779398196,101.27349546176146,149.7321898342879,1227.7778800867918,0.19937235434363923,0.04026316165425977,0.19526447062926885,2.768157329150236,2.8650502849995974,,,,-0.011497464933244272,0.004211623899106787,0.005970266238895405,0.013622538483043588,-34.13673875293898,deltaRIC0.5,EKF-G
181,136.08318235954005,84.67739426621206,106.52873519095357,1361.6842465874229,0.14296900700819115,0.035348562082663425,0.13853019931984614,2.1266828275203116,2.887179148998257,,,,0.03371833905078281,0.014931124371931115,0.05101680028661404,0.06294901726665701,-23.699528260258376,deltaRIC0.5,EKF-G
182,119.41183074197333,86.23695016463732,82.59766187642087,618.2260978149246,0.07038168238332912,0.02264802331772573,0.06663818916287845,0.7367522134950969,2.1221107530000154,,,,-0.005935621722124251,-0.03866220724426722,-0.03699901922775556,0.053841668789541136,-9.984616447865847,deltaRIC0.5,EKF-G
183,167.46600829877875,102.10458282283481,132.73853284597317,1359.5982623489324,0.15701266002157355,0.03762521532425047,0.15243791712974178,1.9376523760891384,2.091182508000202,,,,-0.027427659622085654,0.021320994926201098,0.009334810801059579,0.035972211909745824,3.630320864744135,deltaRIC0.5,EKF-G
184,119.73523032422578,65.67970529572773,100.11344411746981,1277.814095037573,0.09296213974789325,0.023870493869488918,0.08984519435636794,1.0550025929550626,2.111977658998512,,,,-0.08799747667928143,0.011345723220587245,-0.082835931700465,0.12138398954558609,-26.432840004861646,deltaRIC0.5,EKF-G
185,235.62182631692443,98.25958713196783,214.1557810883893,2690.444869303086,0.24715034738583158,0.05380717752404741,0.24122205923139134,2.011795562132444,2.108399348002422,,,,0.06836080773677211,0.055194663984926784,0.08303248469325364,0.1208885622429529,-35.67268788431102,deltaRIC0.5,EKF-G
186,178.19090431528815,100.5753296967907,147.09385247889193,1532.4596710696721,0.11977742091613744,0.031672275815053184,0.11551405761212251,1.3959365228114158,2.5198124000016833,,,,-0.09158016434235217,-0.08104335665991214,-0.018856693834097382,0.12373571457760625,-119.92957229852618,deltaRIC0.5,EKF-G
187,181.66463177532293,111.0755630088618,143.75067909518913,1025.6358137391803,0.09861566763469985,0.030476776327033325,0.09378814428140463,1.2292563373127676,1.4724479249998694,,,,-0.25752133884758904,-0.23939432156801582,-0.3132880808787231,0.4709313142927944,-71.07048295864661,deltaRIC0.5,EKF-G
188,231.45988612312905,135.82584651750255,187.4166969667743,880.0108284717371,0.1482223408293415,0.04229796328873108,0.1420589477032497,2.239857887557223,2.0849660439998843,,,,0.027723746404834326,-0.007036738825363098,0.004385051437019505,0.028937008900735466,33.70266791264294,deltaRIC0.5,EKF-G
189,140.78870318315728,79.08520303351222,116.47742101001083,1187.985881849112,0.11096439330065877,0.026708153773527876,0.10770223350791233,2.1766570096972973,2.9237057540012756,,,,-0.007917743246380726,-0.03895846862003405,-0.0021261326235311184,0.03981172409311896,-36.06210993865534,deltaRIC0.5,EKF-G
190,110.29567975777714,79.00957988202677,76.9585814584427,628.0896635293941,0.09471026384523944,0.0240221415087279,0.09161315841607864,1.525622312884787,2.133942898002715,,,,-0.0639036615036267,-0.04697621890194492,-0.13256367377945433,0.15447838263588576,-97.1617329458968,deltaRIC0.5,EKF-G
191,166.32437081341087,98.57755363855543,133.96366016616116,867.8215380217293,0.09695695695138094,0.026602998701164657,0.09323589416838222,1.0889876854003742,2.5301367130014114,,,,-0.011049493006662914,-0.004941731827077744,-0.00808735212829681,0.01455737866520318,2.878457754093688,deltaRIC0.5,EKF-G
192,209.28255958953088,116.04852646513787,174.16064209119043,802.5085930628514,0.07698601494601139,0.0248973066028189,0.07284895758480502,1.245766110899276,2.9365383439981088,,,,0.03291861843894561,0.033145236870385175,0.04600803341217985,0.0655666173107862,-18.84938728812267,deltaRIC0.5,EKF-G
193,129.517301549378,77.7853736712659,103.55755425585352,769.0716043191557,0.10728860030735726,0.02754948230618877,0.10369122325719207,1.5172712238977581,2.767975717000809,,,,0.005141443232369314,0.0368160412152464,-0.0004829099116308022,0.037176451299944555,-24.779883931259974,deltaRIC0.5,EKF-G
194,134.66317726338397,86.99620976950678,102.79022714445935,688.7441822312974,0.15606725633629737,0.03291249053727022,0.15255738745460232,2.0244525480803213,2.0838998120016186,,,,-0.00017331150794086536,0.0036759766216680756,0.01040326140443082,0.01103497570684933,2.2580169540742645,deltaRIC0.5,EKF-G
195,143.68724703696577,79.10649506079982,119.95077073640537,1839.3119894852484,0.12752824938860752,0.03031939502554399,0.12387166212418353,1.4970821432958594,2.1175153619988123,,,,0.03618385237646793,0.03715573297831054,0.02732676990860028,0.05862228262013617,-49.21342097095476,deltaRIC0.5,EKF-G
196,119.3367517381715,78.57781314760464,89.81529711779677,989.7285532073121,0.13898775880269026,0.028627683226996898,0.13600754703342577,2.0488693523136043,2.8574062360021344,,,,0.042662237428471084,0.029403487233975678,0.010811353627512732,0.05292935793282347,-60.86545862058847,deltaRIC0.5,EKF-G
197,149.95077249202205,95.60455660544964,115.5205736101995,1582.4596407080119,0.16051146595733928,0.04046056586637431,0.155328275962707,1.6588953945696396,2.8771819030007464,,,,-0.044486904631929,0.007564151214317527,-0.04555705073654537,0.064122897151763,-25.722702316117648,deltaRIC0.5,EKF-G
198,238.0424643710754,118.26693508217765,206.58447887032236,2180.197694340766,0.08702823360134146,0.022240610351478722,0.08413839013769726,1.5604990358321564,2.115486819002399,,,,-0.001691023929790758,-0.007646209840581508,0.00699777193580553,0.010502042607173042,13.023067907844961,deltaRIC0.5,EKF-G
199,187.21333187041972,88.20189768317628,165.13405728410606,1907.2746173371156,0.1073086910371298,0.03221229376324386,0.10235977384994879,1.171002136792731,2.1322314370008826,,,,-0.07106655188655642,-0.02678766150510603,-0.046122888010562524,0.0888558068130139,-34.29340439279622,deltaRIC0.5,EKF-G
200,137.09912842640188,83.5732820035818,108.68154190307031,1172.0161541769291,0.10262056219989844,0.02660625376996486,0.09911148796457181,1.1092817039944716,2.1295735519997834,,,,-0.1435695192760708,-0.16466387202300264,-0.16228501712925586,0.2721448592191532,12.63404359537526,deltaRIC0.5,EKF-G
1,12878.541147531369,8713.098476185447,9483.603588982063,25901.591751813794,1.3943175500625826,0.9797947075210979,0.9920301212796764,2.625616721817524,1.4124667660034902,,,,,,,,,deltaRIC1,EKF-B
2,12869.794747766979,8714.902745342832,9470.062670799307,25866.95544505217,1.3803609176957836,0.9683155415156701,0.9837485833083374,2.6231543408058893,1.9161522290014545,,,,,,,,,deltaRIC1,EKF-B
3,12868.56903322436,8699.320479203041,9482.715442476352,25874.821932751744,1.3783611385951773,0.9596395850798144,0.9894297828230336,2.6240034835867196,1.437190055999963,,,,,,,,,deltaRIC1,EKF-B
4,12872.956111292748,8691.4609876944,9495.86778249653,25885.93666001557,1.3740139806310856,0.9533547852329604,0.9894589796667153,2.62488332293468,1.43728344000192,,,,,,,,,deltaRIC1,EKF-B
5,12871.611905571332,8700.635173220053,9485.638651676107,25870.9549882193,1.374953800147797,0.9574064833014415,0.9868489135998657,2.6236133628311,1.8308144550028373,,,,,,,,,deltaRIC1,EKF-B
6,12871.748264948732,8699.350382458146,9487.001966872147,25881.124652305098,1.3755177983983846,0.9586161351594915,0.9864605005384748,2.6233015582821477,1.4087482169998111,,,,,,,,,deltaRIC1,EKF-B
7,12884.162704483744,8728.766801146401,9476.828516271375,25894.678492372845,1.3902545647378373,0.9769699972635227,0.9891093868836275,2.670146569991521,1.9169128949979495,,,,,,,,,deltaRIC1,EKF-B
8,12884.034199712753,8736.804142056215,9469.244459972362,25922.604972743306,1.3825007969719179,0.9730025896847398,0.9821274938086081,2.6263780126759304,1.9061595849998412,,,,,,,,,deltaRIC1,EKF-B
9,12881.925792305808,8702.944565728822,9497.513780159774,25916.66240484238,1.3785302602629448,0.9605942848939735,0.9887387411696066,2.627320902666079,1.3811341200016614,,,,,,,,,deltaRIC1,EKF-B
10,12875.704207859751,8689.507111151392,9501.380163615531,25894.327717239627,1.3742631608509808,0.9548340792833139,0.9883780229807394,2.625747552636288,1.3807345530003658,,,,,,,,,deltaRIC1,EKF-B
11,12871.949756732554,8689.467775260235,9496.327728262182,25891.246055567066,1.3831552104117466,0.9676553637297762,0.9883124167661549,2.62443463224269,1.4121344570012297,,,,,,,,,deltaRIC1,EKF-B
12,12868.877653798974,8695.524923418403,9486.614695172138,25880.139635862804,1.3748431811540214,0.9567552626789444,0.9873262581851316,2.6236695391148164,1.350838255999406,,,,,,,,,deltaRIC1,EKF-B
13,12877.146516785067,8695.432967740042,9497.912819050794,25900.133208483712,1.378604049227168,0.9631018474274018,0.9863994910924629,2.624531283996054,2.083725761000096,,,,,,,,,deltaRIC1,EKF-B
14,12877.305117201564,8739.848835882258,9457.273888781752,25887.52268480808,1.3791333580248482,0.9643266575685062,0.9859426538697103,2.625663599121592,1.354063851002138,,,,,,,,,deltaRIC1,EKF-B
15,12874.214995027989,8691.756659637313,9497.303717785062,25911.5696828718,1.3742122970830797,0.9544883426084269,0.9886412095795787,2.6240953428552767,0.9893856649978261,,,,,,,,,deltaRIC1,EKF-B
16,12876.346981979399,8701.908965559032,9490.895213595677,25879.21887039647,1.3761382270292997,0.9608353458700337,0.9851659038041041,2.625271155138853,1.70141520299876,,,,,,,,,deltaRIC1,EKF-B
17,12872.784248478034,8706.263802241447,9482.064380378593,25879.867038627704,1.3765832363555779,0.9579137267787464,0.9886266730490586,2.622931878577137,1.373657333002484,,,,,,,,,deltaRIC1,EKF-B
18,12875.237103656205,8705.35649455715,9486.226793516853,25882.17200054188,1.3753922455172731,0.9590012832326842,0.9859109329889348,2.6248897059129797,1.9233356430013373,,,,,,,,,deltaRIC1,EKF-B
19,12874.582646642932,8735.34173312384,9457.731394514454,25874.09573256319,1.38006254453986,0.9675855599268361,0.9840481751738093,2.6241612187332626,1.4101758179967874,,,,,,,,,deltaRIC1,EKF-B
20,12873.508471081283,8695.919602852378,9492.534046066374,25895.12468603267,1.376105120708499,0.955261563248391,0.9905254408748889,2.623244042682208,1.1992794159996265,,,,,,,,,deltaRIC1,EKF-B
21,12874.380312959736,8709.7939145568,9480.989315924504,25907.21714282492,1.3824276164438092,0.9681161374094422,0.9868420639565043,3.2453388782332855,1.398472684002627,,,,,,,,,deltaRIC1,EKF-B
22,12882.489193923135,8729.51106597244,9473.867445801165,25892.561934443755,1.381536379489624,0.971782664594076,0.9819782180108356,2.6269135898181393,1.9137582900002599,,,,,,,,,deltaRIC1,EKF-B
23,12878.880825634202,8700.56336349852,9495.565727150524,25899.491152208888,1.3769606272474588,0.9613796853719404,0.9857837843786355,2.626523192729914,1.392196201999468,,,,,,,,,deltaRIC1,EKF-B
24,12874.596989837679,8710.459076226156,9480.672462021184,25872.313522021075,1.379189980665609,0.9670435581611558,0.9833573914846084,2.625585225469088,1.4259675630019046,,,,,,,,,deltaRIC1,EKF-B
25,12877.399909295038,8699.153271523403,9494.849171127236,25896.30455036795,1.3748684162780822,0.9564798755082479,0.9876281738724999,2.6252188669036163,1.397105788000772,,,,,,,,,deltaRIC1,EKF-B
26,12877.09568643528,8724.105990967279,9471.513499751713,25882.411420253356,1.3768438735729653,0.9637438054824069,0.9833091729408894,2.6245090808017353,1.4260960309984512,,,,,,,,,deltaRIC1,EKF-B
27,12876.472655663667,8695.289271186506,9497.130753150814,25886.457463926177,1.379156863637297,0.9617485092805826,0.9884904953586773,2.6233795264161257,1.9100734669991652,,,,,,,,,deltaRIC1,EKF-B
28,12871.476585068833,8698.656551114444,9487.26955903167,25868.971836773773,1.3744179198116213,0.9551826540947534,0.9882564017580695,2.6242588548509116,1.9019030179988476,,,,,,,,,deltaRIC1,EKF-B
29,12877.681346585447,8704.828249204906,9490.028557177213,25887.25801732557,1.3791690740905378,0.9668247471649055,0.9835432086071603,2.6258750436926004,1.391542722001759,,,,,,,,,deltaRIC1,EKF-B
30,12882.839797956553,8699.062042857982,9502.309236933976,25899.897331809334,1.3784382904945591,0.9668370496133669,0.9825061018622134,2.627694128017252,1.3960458560031839,,,,,,,,,deltaRIC1,EKF-B
31,12878.011925357376,8699.796175553989,9495.09018669454,25887.688150101094,1.377410490966801,0.9616875773596961,0.9861118923212734,2.6250872290336895,1.3324349869981233,,,,,,,,,deltaRIC1,EKF-B
32,12871.25782978927,8697.434691705972,9488.092954035656,25893.760426725134,1.3744627096675863,0.9563670069368249,0.9871726740086879,2.624998009787857,1.397690543999488,,,,,,,,,deltaRIC1,EKF-B
33,12870.74325575098,8695.253588360149,9489.393921087336,25877.976427371676,1.3866496638752792,0.9717725949425301,0.9891690017606122,2.6232096418383652,1.8183092379986192,,,,,,,,,deltaRIC1,EKF-B
34,12880.049150684861,8725.138011968063,9474.578238431923,25889.140432363427,1.374524737507038,0.9548431695364027,0.9887329141929424,2.626924193067312,1.3371885229971667,,,,,,,,,deltaRIC1,EKF-B
35,12879.335179356129,8738.522421609203,9461.263158227533,25879.377082100233,1.3743766676907412,0.9554948018906181,0.9878972154291734,2.6244441453271836,1.4230666149996978,,,,,,,,,deltaRIC1,EKF-B
36,12876.293014558281,8689.697047831354,9502.00436822008,25879.009333162234,1.3766808215797277,0.957394347344926,0.9892654589024209,2.6234342996819304,2.038965502000792,,,,,,,,,deltaRIC1,EKF-B
37,12877.451603443447,8700.7061576597,9493.496308372947,25881.684613802972,1.374221597612293,0.9533763609751501,0.9897264842762685,2.6254650144857745,0.9888113199995132,,,,,,,,,deltaRIC1,EKF-B
38,12871.171148948892,8732.303725290314,9455.893315536889,25880.01087689262,1.3816725352788835,0.9701573338503214,0.9837752499023408,2.623411107340762,1.4200174780016823,,,,,,,,,deltaRIC1,EKF-B
39,12880.686908056105,8699.879750250055,9498.64135308608,25906.527877945664,1.3762681006493138,0.9575372154461056,0.9885526621786965,2.627142854197748,1.8971712719976495,,,,,,,,,deltaRIC1,EKF-B
40,12874.076098681131,8716.643680298701,9474.278777054296,25890.452209587686,1.3765133822830193,0.9614043231329169,0.9851349242949289,2.627178207042137,1.910330396000063,,,,,,,,,deltaRIC1,EKF-B
41,12877.748659771056,8726.92476937528,9469.80435985345,25888.685872497652,1.3815899451638585,0.9707600462380493,0.9830644481445628,2.626604940040428,1.9169980149999901,,,,,,,,,deltaRIC1,EKF-B
42,12875.180162843933,8724.848779872764,9468.224648477806,25896.28213360095,1.3948400185305045,0.980054792003851,0.9925075727491788,3.074726850767288,1.3737068059999729,,,,,,,,,deltaRIC1,EKF-B
43,12873.388283914353,8702.038090690803,9486.762302102317,25886.51948286478,1.379703177366947,0.9690758897203677,0.9820757494201389,2.623823310056879,1.910129419000441,,,,,,,,,deltaRIC1,EKF-B
44,12875.438301928529,8700.394732357494,9491.050677766616,25889.65701209283,1.3794649693527232,0.9637002232739109,0.9870184807454843,2.994308228483416,1.3970159669988789,,,,,,,,,deltaRIC1,EKF-B
45,12880.336397873154,8712.601194453846,9486.498097231528,25889.43111806873,1.384184681697382,0.9730114582852577,0.9844876510608341,2.6265702190723563,1.4003776199970162,,,,,,,,,deltaRIC1,EKF-B
46,12871.22574307391,8706.485800588254,9479.744571101253,25882.82895724662,1.3840728163927924,0.971725654858753,0.985599722385718,2.6243631703070616,0.9298777830008476,,,,,,,,,deltaRIC1,EKF-B
47,12880.915369016164,8719.159684108512,9481.257044652548,25895.493029108373,1.3869602406644732,0.9788718543489102,0.9825826183825866,2.6271220830163635,1.362409444001969,,,,,,,,,deltaRIC1,EKF-B
48,12875.005355034305,8714.31875777104,9477.679646417779,25894.42169548286,1.3786026573671966,0.9643888469346604,0.985139299189679,2.624118096439731,1.5592419219974545,,,,,,,,,deltaRIC1,EKF-B
49,12880.016537714764,8700.345009810997,9497.306077096951,25894.372868696417,1.3747276226277008,0.9552614481854634,0.9886109457345803,2.6261816510933893,1.412479031998373,,,,,,,,,deltaRIC1,EKF-B
50,12883.02380750868,8720.029219753238,9483.321824734474,25905.75304678019,1.3777938731212178,0.9635252165142124,0.984852838728511,2.6254233094465524,1.9104440299997805,,,,,,,,,deltaRIC1,EKF-B
51,12884.30677074513,8720.78966978423,9484.36547682835,25902.557460454696,1.3782657369500657,0.9632587338449607,0.9857733275565488,2.626567318914087,1.4104720809991704,,,,,,,,,deltaRIC1,EKF-B
52,12877.710622376893,8710.188394083143,9485.148866162197,25889.92777742702,1.3785936722262813,0.9642247025745744,0.9852873875409739,2.6253589494429583,1.929262577999907,,,,,,,,,deltaRIC1,EKF-B
53,12870.369071269331,8711.742105375459,9473.75055192581,25873.668770456876,1.3777802574994928,0.962278064540537,0.9860524146613541,2.623688262288124,1.0536163240030874,,,,,,,,,deltaRIC1,EKF-B
54,12870.194666019923,8709.96188209428,9475.15038158827,25880.93094874951,1.3784299802251614,0.9689156475652762,0.9804446329531826,2.623737695850468,2.0735163610006566,,,,,,,,,deltaRIC1,EKF-B
55,12876.695570360109,8699.403222686886,9493.664855093455,25887.429135082082,1.37804737237009,0.9596995056683525,0.9889344868675725,2.62401779783044,1.3871368679974694,,,,,,,,,deltaRIC1,EKF-B
56,12876.093565288797,8696.669652346434,9495.3526769693,25894.312886109423,1.3753275317340454,0.9555181603758967,0.9891970808375469,2.625635612334544,1.9168023160018492,,,,,,,,,deltaRIC1,EKF-B
57,12876.52179859975,8716.343455985028,9477.877947469122,25901.197327205038,1.3816694395577345,0.9693496238468723,0.9845667813590462,2.624918230515555,1.398153818998253,,,,,,,,,deltaRIC1,EKF-B
58,12880.031777726585,8711.76594876659,9486.851566729481,25896.83401162526,1.3778676138049877,0.9650703484385629,0.9834421100081701,2.6243839307105126,1.3956260859995382,,,,,,,,,deltaRIC1,EKF-B
59,12879.766717676468,8698.539679728126,9498.620854732637,25898.063236588572,1.3770333549784404,0.9596298193447287,0.9875887152795858,2.626994402048252,1.4253197960024409,,,,,,,,,deltaRIC1,EKF-B
60,12874.042708012776,8701.863963458507,9487.810032309833,25901.277280122013,1.3792590454635756,0.96521544947605,0.9852485222449413,2.6255843299206187,1.948105299998133,,,,,,,,,deltaRIC1,EKF-B
61,12874.181108846424,8688.078750375807,9500.622445432007,25891.778942273315,1.3832565591512525,0.9664391715194738,0.9896433883918571,2.625366563005418,1.4169541310002387,,,,,,,,,deltaRIC1,EKF-B
62,12877.092686203305,8704.709984493062,9489.33823482636,25890.640115712427,1.375290583676293,0.9584431256426849,0.9863117988024678,2.6247220801997018,1.3437760209999396,,,,,,,,,deltaRIC1,EKF-B
63,12869.890280394973,8695.059604517746,9488.414741319471,25892.884718576584,1.3783043722042363,0.963966929009588,0.985134864987093,2.6236086717752674,1.9037778339989018,,,,,,,,,deltaRIC1,EKF-B
64,12880.2214009849,8699.546269408609,9498.31553723123,25880.616123968353,1.3771826142522285,0.9607857797350621,0.9866725082100396,2.6246445355695207,1.4205069370000274,,,,,,,,,deltaRIC1,EKF-B
65,12879.117825666643,8732.456614130173,9466.566296695886,25892.868921019468,1.3869440769737653,0.9736348442345985,0.9877494939228668,2.62636259729321,1.1071218750003027,,,,,,,,,deltaRIC1,EKF-B
66,12879.422639235134,8722.808390213762,9475.871532880703,25889.71170197204,1.37691431024424,0.9588070372233269,0.988221677118245,2.624292198544804,1.924098743002105,,,,,,,,,deltaRIC1,EKF-B
67,12877.799284494531,8705.643174897674,9489.44104376466,25900.66148606611,1.3821711478221208,0.96730238466888,0.987280698933093,2.6261481537673625,1.380012521000026,,,,,,,,,deltaRIC1,EKF-B
68,12875.448528157087,8694.04324324833,9496.883008953544,25863.620825089198,1.3762131859479687,0.9569903337643818,0.9890056795886442,2.624794952311889,1.4047949100022379,,,,,,,,,deltaRIC1,EKF-B
69,12876.563733246456,8748.920508871175,9447.871903545856,25892.580744626845,1.385717252321045,0.9737011203230049,0.9859606643583261,2.6241843437606986,1.3388766249991022,,,,,,,,,deltaRIC1,EKF-B
70,12875.651517621543,8692.522899623018,9498.549765240976,25891.9610525168,1.3756341770574245,0.957689664545245,0.9875220987459846,2.6238793471138093,1.2374094629994943,,,,,,,,,deltaRIC1,EKF-B
71,12872.764036022902,8695.194868899209,9492.188373551882,25896.770121376136,1.375291554972396,0.9564316924572764,0.988263769872042,2.624545171137638,1.917387116998725,,,,,,,,,deltaRIC1,EKF-B
72,12879.813670232976,8701.39438414687,9496.069500138336,25898.429667310455,1.3756675759339698,0.9563246125003683,0.9888905475339854,2.626438398068322,2.113447448999068,,,,,,,,,deltaRIC1,EKF-B
73,12872.180047326108,8706.274281090466,9481.234482555692,25885.386570006423,1.3808475965790243,0.9630701647006736,0.9895635112722605,2.6338722685705354,1.9273002360023384,,,,,,,,,deltaRIC1,EKF-B
74,12876.39172459449,8688.911496100032,9502.856457831309,25902.221618016294,1.377604796384202,0.9565849859441751,0.9913325071271202,2.626652522487916,1.0156627010001102,,,,,,,,,deltaRIC1,EKF-B
75,12884.488984630565,8704.756885771067,9499.329658175231,25923.65770619884,1.3754753234752028,0.9564935605538268,0.9884596269490611,2.6257197452303878,1.4484697379994032,,,,,,,,,deltaRIC1,EKF-B
76,12878.064838001059,8706.889199863372,9488.65819982266,25890.01219966876,1.3756845644008573,0.9566627459409183,0.988587078238209,2.625885663667732,1.3959196249998058,,,,,,,,,deltaRIC1,EKF-B
77,12873.793179000038,8706.539280608848,9483.181141941932,25890.66733503818,1.39926701528597,0.9857363544109985,0.9931122895523052,2.624854183255725,1.9428907159999653,,,,,,,,,deltaRIC1,EKF-B
78,12878.58389810366,8711.404159286103,9485.218015104747,25883.686337326097,1.375199241428843,0.9583292856114598,0.9862950542134409,2.625483961179748,1.435524913998961,,,,,,,,,deltaRIC1,EKF-B
79,12878.007443976614,8744.942881436285,9453.520493844288,25888.52012391956,1.3772985764621635,0.965461334174465,0.9822605463616892,2.624747376730684,1.8688585039999452,,,,,,,,,deltaRIC1,EKF-B
80,12876.976556422474,8730.988930806097,9465.007000778996,25886.69432741503,1.3750560664733313,0.9591098701510569,0.9853362080650105,2.6254518160192726,1.3898347510003077,,,,,,,,,deltaRIC1,EKF-B
81,12878.448926971618,8698.702976703817,9496.684331265338,25899.121649555782,1.3838884266882179,0.9678851018827902,0.9891135460981879,3.405279329153884,1.3888877409990528,,,,,,,,,deltaRIC1,EKF-B
82,12873.829448037817,8688.806678957537,9499.480151717176,25895.751500487986,1.3742183254274316,0.9527886918663311,0.9902876928409339,2.6243391243798495,1.4043958530019154,,,,,,,,,deltaRIC1,EKF-B
83,12876.955419511616,8705.194040966784,9488.707898613275,25906.64497321303,1.3774685305384864,0.9611560313760964,0.9867110194850414,2.6269350172680377,1.4170066240003507,,,,,,,,,deltaRIC1,EKF-B
84,12882.844094800943,8740.040202862994,9464.637828426725,25888.695199281537,1.3781427752967341,0.9641216216490692,0.9847573344592836,2.626278085631066,0.9426185900010751,,,,,,,,,deltaRIC1,EKF-B
85,12882.505510458719,8700.976954169751,9500.102539973246,25891.40402940911,1.3830723773953315,0.9653603873435125,0.9904385511792025,2.6256463541128925,1.9355730520001089,,,,,,,,,deltaRIC1,EKF-B
86,12875.162306339455,8708.378020082251,9483.351552796754,25893.344947905483,1.3870913083469198,0.9770557265433665,0.9845732095280597,2.62305428270172,1.9198744649984292,,,,,,,,,deltaRIC1,EKF-B
87,12871.673127170778,8693.296387829496,9492.447893250768,25883.2260539173,1.3825116226210348,0.9647627972117794,0.9902379167646272,2.625716811247935,1.398323271998379,,,,,,,,,deltaRIC1,EKF-B
88,12872.84095435679,8721.466304702877,9468.160314026045,25883.9039387811,1.376608177070954,0.963793769650908,0.982930131169407,2.6251288002894757,1.418424060997495,,,,,,,,,deltaRIC1,EKF-B
89,12872.89011292109,8696.182459075955,9491.454603895087,25880.456250884818,1.377725318547783,0.9604591842999145,0.9877475429792435,2.6262451567076437,1.3857376580017444,,,,,,,,,deltaRIC1,EKF-B
90,12876.117284334126,8719.26952977234,9474.636414507508,25882.040543760213,1.3786206741305198,0.9602427048962113,0.9892062023833537,2.624955568522612,1.9131376440018357,,,,,,,,,deltaRIC1,EKF-B
91,12884.74864673213,8731.75489184198,9474.872252345102,25904.081674032153,1.3763766617383075,0.960756260543486,0.9855760360339457,2.627196206244825,2.0872303449978062,,,,,,,,,deltaRIC1,EKF-B
92,12874.44100561163,8688.08985045438,9500.964475115446,25897.285422824527,1.3756711167625097,0.9558876663863392,0.9893178411133045,2.623899923532598,1.4212572289980017,,,,,,,,,deltaRIC1,EKF-B
93,12878.764067701084,8694.716422875754,9500.761560910958,25889.86855648962,1.375069556571398,0.9539908534992944,0.9903119391631855,2.6233884130325924,0.9557918149985198,,,,,,,,,deltaRIC1,EKF-B
94,12880.105249488233,8720.667158652113,9478.769727443578,25896.653518854113,1.3784262284527444,0.962633812049182,0.9866078304909801,2.6275119643114824,1.4341670339999837,,,,,,,,,deltaRIC1,EKF-B
95,12880.02124147365,8710.2541365318,9488.225337640493,25901.34207837401,1.3826865309769478,0.9713553717505302,0.9840176750020575,2.6261729664486486,1.877379657998972,,,,,,,,,deltaRIC1,EKF-B
96,12871.94229400839,8695.337709340156,9490.943079631712,25885.35016586429,1.3784924012622508,0.9647812189130959,0.9846006804640789,2.6259525392336416,1.8956241749983747,,,,,,,,,deltaRIC1,EKF-B
97,12877.449356332863,8720.190356339435,9475.599298942649,25885.96848938236,1.378953846927546,0.9690915319813479,0.9810072958945424,2.6248186440538714,1.3942059189976135,,,,,,,,,deltaRIC1,EKF-B
98,12868.81768600323,8691.718817415576,9490.020686730539,25880.652772964895,1.3745892126531107,0.9577120278779965,0.986044205499994,2.6233581172899014,1.394998512998427,,,,,,,,,deltaRIC1,EKF-B
99,12875.091658647594,8714.550950372712,9477.583391979992,25884.85016071153,1.3810735389253381,0.968404331490784,0.98466094198442,2.643081345940925,1.3561063109991665,,,,,,,,,deltaRIC1,EKF-B
100,12873.577612552244,8704.44092331285,9484.81464020056,25887.55697759434,1.3750040520636995,0.9602605253957132,0.984142198342466,2.625333727013585,1.9480338590001338,,,,,,,,,deltaRIC1,EKF-B
101,12876.262122718737,8699.906311692737,9492.61588924413,25894.221018510354,1.37980437447433,0.9679878085585966,0.9832902492654053,2.6243334377840233,1.418842250997841,,,,,,,,,deltaRIC1,EKF-B
102,12877.232524886844,8706.984681303164,9487.440922585796,25895.291992966704,1.3765657090623815,0.960384099225534,0.9862025822928964,2.62526084800602,1.0093476170004578,,,,,,,,,deltaRIC1,EKF-B
103,12875.744252109822,8716.529907380002,9476.650063154653,25883.889450758885,1.3753009589859162,0.959971376300723,0.9848389129552488,2.6246323414883728,1.5597432180002215,,,,,,,,,deltaRIC1,EKF-B
104,12879.550472032375,8703.495999582621,9493.786270339073,25901.753265785672,1.3856447572596733,0.9653907639302229,0.9939980212452334,3.7689310910709954,1.4100169500015909,,,,,,,,,deltaRIC1,EKF-B
105,12882.163668526684,8724.577451457419,9477.968615490856,25884.020352164913,1.3805348745014823,0.9669298809062565,0.9853543246596302,2.625680383009817,1.8594280059987796,,,,,,,,,deltaRIC1,EKF-B
106,12874.454732593238,8711.287064446335,9479.718473794588,25884.991415356926,1.3767377743677491,0.9618136917890502,0.9850488930292655,2.6239128296586,1.8705260259994247,,,,,,,,,deltaRIC1,EKF-B
107,12873.600747063063,8698.931137146354,9489.899539297994,25884.57729156583,1.3774455372127756,0.9632854636732576,0.9846000830099444,2.6235141555263426,1.367406793000555,,,,,,,,,deltaRIC1,EKF-B
108,12871.80822264089,8693.595076370939,9492.357534803701,25876.316260044583,1.37398510433233,0.9544940768189776,0.9883198491604887,2.6237789874121624,1.4121509229989897,,,,,,,,,deltaRIC1,EKF-B
109,12869.789565794754,8717.176376605523,9467.96279497285,25872.038251048478,1.3749406721815767,0.9553344266560754,0.9888366828070415,2.62277617358223,1.3816495930004749,,,,,,,,,deltaRIC1,EKF-B
110,12876.2666274174,8702.410292351358,9490.326515137414,25888.386374713962,1.37909736845388,0.9665516304942399,0.9837110842444255,2.625719080533338,2.0325182319975283,,,,,,,,,deltaRIC1,EKF-B
111,12875.009910545765,8700.555748881963,9490.321904827502,25894.964684372615,1.377857994236427,0.9620786461739587,0.9863555803346542,2.6259193141410915,1.8870594549989619,,,,,,,,,deltaRIC1,EKF-B
112,12881.336475543641,8701.131449568273,9498.375697639309,25910.706122080286,1.381262047885177,0.9658805325705162,0.9874004464903028,2.627333015372095,0.9759189090000291,,,,,,,,,deltaRIC1,EKF-B
113,12876.506612544104,8729.992193433396,9465.287045065461,25901.433181353812,1.3765999690837085,0.960296903156765,0.9863353043812201,2.624967504119908,1.9176801499997964,,,,,,,,,deltaRIC1,EKF-B
114,12879.096592838347,8694.595566342612,9501.322907121708,25907.28359159431,1.3793370219497234,0.9636935706494056,0.9868461491084266,2.626987616976272,1.3950831699985429,,,,,,,,,deltaRIC1,EKF-B
115,12872.827248232183,8718.889710869234,9470.514430194778,25892.819380426143,1.3766745192179375,0.9596106085803104,0.9871069910420377,2.6236368738368823,1.4253746909998881,,,,,,,,,deltaRIC1,EKF-B
116,12877.611548431489,8700.35847405169,9494.03189457951,25906.67227587901,1.378912881097716,0.9664532793326418,0.9835490798757253,2.6271989790952315,1.3889373269994394,,,,,,,,,deltaRIC1,EKF-B
117,12880.68297253522,8725.569738934053,9475.042299111763,25883.338852534915,1.383539452564097,0.9698393759991395,0.9867081643337915,2.626980996656551,1.4722398630001408,,,,,,,,,deltaRIC1,EKF-B
118,12879.820259943828,8699.488088549337,9497.824852335805,25903.02121125743,1.3758323712927272,0.9587205427603553,0.9867976665893868,2.6261890325252217,1.92293053100002,,,,,,,,,deltaRIC1,EKF-B
119,12866.623400519276,8689.513796964759,9489.064637947691,25869.499274296908,1.375739986246254,0.956099483451061,0.9892089200474576,2.6230112210662506,1.4048851389998163,,,,,,,,,deltaRIC1,EKF-B
120,12873.226978106382,8725.106228982373,9465.331168153547,25884.70448097532,1.3849080291498408,0.9699237713885317,0.9885434370320525,2.62381311177729,1.148166298000433,,,,,,,,,deltaRIC1,EKF-B
121,12877.760635077377,8714.789896786951,9480.989190438335,25876.01343455278,1.3931509611928985,0.9783075459788054,0.9918588337831269,2.636223509234229,1.4310304520004138,,,,,,,,,deltaRIC1,EKF-B
122,12881.702040742806,8701.208254302122,9498.801102336125,25919.797038038676,1.3950852699728464,0.9798301237719695,0.9930739343292707,2.6268503356510973,1.391822128000058,,,,,,,,,deltaRIC1,EKF-B
123,12881.400084471554,8718.546847373927,9482.479053832383,25897.64885938797,1.3848858746775108,0.9704483679210829,0.9879973942681227,2.9943877158135654,1.9051132450003934,,,,,,,,,deltaRIC1,EKF-B
124,12879.57209044962,8697.61069365242,9499.20762246788,25911.01969150066,1.3747528263827773,0.9544719292648837,0.9894082422806096,2.624371289917734,1.91216929300208,,,,,,,,,deltaRIC1,EKF-B
125,12879.455075468055,8736.188369208869,9463.581553444737,25894.07686718102,1.3777776601894602,0.9626776890205827,0.985658636638027,2.6251013888547337,1.4095594819991675,,,,,,,,,deltaRIC1,EKF-B
126,12882.403035223266,8697.324440668923,9503.307610283517,25914.50373849133,1.3785288240889901,0.9608891380366281,0.9884501925981903,2.626438276195098,1.0334405790017627,,,,,,,,,deltaRIC1,EKF-B
127,12882.219207297165,8745.458733058138,9458.780220156996,25908.627669891324,1.3741448101365557,0.9556993884862315,0.9873766444838938,2.6263867548259596,1.905895715000952,,,,,,,,,deltaRIC1,EKF-B
128,12883.429440468299,8721.460693085883,9482.556486859605,25914.10456490332,1.3909987529872692,0.976781536611248,0.9903410324466553,2.6266224318748677,2.073652791001223,,,,,,,,,deltaRIC1,EKF-B
129,12877.381737924834,8763.078701694789,9435.857782530593,25892.263491475536,1.3750515421790865,0.9583344375747527,0.9860840985470595,2.6246148630976056,1.9167821400005778,,,,,,,,,deltaRIC1,EKF-B
130,12882.74377700653,8730.42751721873,9473.369125637959,25893.19767262759,1.378551870823867,0.9627350644150177,0.9866845779162638,2.625578133047763,1.3911052809999092,,,,,,,,,deltaRIC1,EKF-B
131,12878.451058938475,8724.597861373988,9472.903136567058,25897.211280494477,1.3750537115588364,0.9601308605003943,0.9843380722020785,2.6264402594098324,0.9369600930003799,,,,,,,,,deltaRIC1,EKF-B
132,12879.895185284051,8746.708409891728,9454.45884100368,25891.75980221365,1.3815828642371129,0.9706945445529603,0.9831191748352515,2.6265006430681366,1.3994843020009284,,,,,,,,,deltaRIC1,EKF-B
133,12877.673271315405,8707.493165623215,9487.572484749522,25889.43006444482,1.3756132314269194,0.9577876135009976,0.9873979187241966,2.625702668729007,1.8778959900009795,,,,,,,,,deltaRIC1,EKF-B
134,12877.695369729174,8699.438421544184,9494.988635343647,25884.73729763037,1.4007197409060417,0.9810859328129357,0.9997430594910178,2.9351756626897894,1.8862225330012734,,,,,,,,,deltaRIC1,EKF-B
135,12876.084481268004,8697.399531960344,9494.671818983883,25894.881068388302,1.376788324377982,0.9579753097109259,0.9888525654149798,2.623928160079479,1.3882990769998287,,,,,,,,,deltaRIC1,EKF-B
136,12872.761150456381,8730.447456627691,9459.770972056467,25884.52687538581,1.3783361573405895,0.966288277740047,0.9829026029747788,2.6245482495254016,1.87248247000025,,,,,,,,,deltaRIC1,EKF-B
137,12881.419322145457,8712.365463151875,9488.1848521949,25902.47776011745,1.377876963961028,0.9663094511024536,0.9822377372736882,2.6258096269504607,1.4100444539981254,,,,,,,,,deltaRIC1,EKF-B
138,12874.462930727215,8713.460389625845,9477.731996268445,25879.808853208073,1.3906236710775859,0.983338275553184,0.9833005798805328,2.624558699420322,0.9586413899996842,,,,,,,,,deltaRIC1,EKF-B
139,12875.102356562644,8699.500656024817,9491.414490358573,25880.21930901096,1.3751466723928545,0.9564397448093429,0.9880543432130543,2.6239526403436186,1.404041211000731,,,,,,,,,deltaRIC1,EKF-B
140,12876.120351398107,8700.195033404047,9492.158958025306,25897.24012980365,1.375276972675117,0.9590995863278104,0.9856544704287897,2.624254501975203,1.4079810959992756,,,,,,,,,deltaRIC1,EKF-B
141,12878.678392007341,8717.38992915327,9479.845460125074,25904.344283379134,1.3768198650653323,0.962600064565674,0.9843952745399988,2.624433716706974,1.4060728300028131,,,,,,,,,deltaRIC1,EKF-B
142,12878.491994639295,8701.103287517699,9494.543571754099,25889.317136234004,1.378656144499829,0.9591556895884138,0.9903096121402174,2.9755938501270767,1.3871929010019812,,,,,,,,,deltaRIC1,EKF-B
143,12877.603638777826,8710.890653447692,9484.358676322903,25894.68921155906,1.3785438632012361,0.9644088295226197,0.9850374573124613,2.6249716564687304,1.8962049869987823,,,,,,,,,deltaRIC1,EKF-B
144,12878.415440624354,8700.414071924564,9495.071312969107,25904.46829540444,1.3763237702196232,0.9598364950554749,0.9863980044744511,2.6244768137474175,1.4000625999979093,,,,,,,,,deltaRIC1,EKF-B
145,12878.297829264935,8690.81776926658,9503.696200986764,25898.67813579107,1.3748950494843455,0.9556439839860549,0.9884740628705551,2.625248082646527,1.3559672980009054,,,,,,,,,deltaRIC1,EKF-B
146,12876.042014756522,8693.146622432934,9498.508291656017,25891.023529780097,1.3809163752268465,0.9635463427976381,0.9891958757753438,2.6264907521397953,1.9418442189999041,,,,,,,,,deltaRIC1,EKF-B
147,12874.721095422403,8702.699804680893,9487.963922492634,25886.78722650176,1.3758045719664453,0.9555947894980971,0.9897862489082487,2.625475781316464,1.0041121809990727,,,,,,,,,deltaRIC1,EKF-B
148,12877.962806201022,8695.204151726835,9499.228958062295,25905.799091917535,1.3767421248014506,0.958410931931245,0.988366006981976,2.6263019845268403,2.008655074998387,,,,,,,,,deltaRIC1,EKF-B
149,12868.760005430142,8707.430232923372,9475.528629904,25867.579727487253,1.3871382527331368,0.9686511952668001,0.9929085527397472,2.9056077194545957,1.9344685799987928,,,,,,,,,deltaRIC1,EKF-B
150,12877.198121870399,8695.054373285047,9498.329374975323,25889.405507789248,1.3760613460149027,0.9577388832148424,0.9880693596983625,2.6237483887163395,1.9571840910030005,,,,,,,,,deltaRIC1,EKF-B
151,12878.055148809883,8705.298196487398,9490.104726820562,25895.638386901523,1.3762741729618146,0.9601131328002491,0.9860595171622342,2.625617271103635,1.4152577739987464,,,,,,,,,deltaRIC1,EKF-B
152,12881.695860191654,8734.476493229764,9468.210423501132,25893.956273358755,1.3761578885841053,0.9596771416404473,0.9863216098844653,2.625451177028442,1.4163885160014615,,,,,,,,,deltaRIC1,EKF-B
153,12878.62714786437,8709.396969253676,9487.119776078724,25898.727987382226,1.3857560946001266,0.9740005751175659,0.9857194496366836,2.625984663446068,1.6222795409994433,,,,,,,,,deltaRIC1,EKF-B
154,12876.59092890257,8707.768321215615,9485.850769136614,25894.946063623476,1.3788891689864273,0.9653156464798442,0.9846324405631172,2.625339547932877,1.3612992730013502,,,,,,,,,deltaRIC1,EKF-B
155,12877.478177759795,8708.837612796506,9486.073563525666,25906.65343300498,1.375739035390124,0.9589939226422289,0.98640181966145,2.6253636719215954,1.424226038998313,,,,,,,,,deltaRIC1,EKF-B
156,12876.17194160579,8740.838832167026,9454.81572426862,25893.028141810737,1.3773501474748322,0.965544415259099,0.9822511954235059,2.623960148460566,1.3954709119971085,,,,,,,,,deltaRIC1,EKF-B
157,12874.65789743802,8706.96996362041,9483.959617621493,25892.504522777013,1.3791633155823375,0.9637536377577042,0.9865446653633366,2.6259859985513336,1.254460634001589,,,,,,,,,deltaRIC1,EKF-B
158,12879.02890485596,8716.013017714236,9481.587557321363,25909.345023988237,1.3766870112622358,0.9614318357380419,0.9853506747384535,2.6253415311509736,1.404226684000605,,,,,,,,,deltaRIC1,EKF-B
159,12874.819052763029,8710.831532893633,9480.631816864097,25889.35555791036,1.3751729536709238,0.956842283968888,0.9877011167945571,2.6242679764299344,1.4201795980006864,,,,,,,,,deltaRIC1,EKF-B
160,12886.26884757626,8714.37690033529,9492.9215761491,25913.824645631023,1.377790024630922,0.9633633430416723,0.9850057975748417,2.625714476076083,1.8895508460009296,,,,,,,,,deltaRIC1,EKF-B
161,12877.78156183722,8713.215549739323,9482.464486523297,25889.291111460516,1.3742226830424773,0.954294311786481,0.98884293448476,2.62373223117617,1.9058816030010348,,,,,,,,,deltaRIC1,EKF-B
162,12884.589657355173,8715.3492693514,9489.74908791797,25921.97888418204,1.3869036629394984,0.9735184109370745,0.9878075084962411,2.6258647526649224,1.3993076379993,,,,,,,,,deltaRIC1,EKF-B
163,12868.211294364433,8689.308438210048,9491.405627306212,25866.141137997718,1.3789495701195806,0.9605222262244664,0.9893932331796955,2.62178008713066,1.4100983680000354,,,,,,,,,deltaRIC1,EKF-B
164,12876.650934283818,8720.551252472143,9474.182029937934,25889.1115113054,1.3809957176678094,0.9715150747895106,0.9814823644231001,2.624550398056204,1.408642072998191,,,,,,,,,deltaRIC1,EKF-B
165,12876.882549874339,8687.373032857015,9504.92787932907,25908.232604287474,1.3760489771153699,0.9580034189448785,0.987795645217258,2.6245624955561038,1.8916547740009264,,,,,,,,,deltaRIC1,EKF-B
166,12874.45505776806,8695.685515028359,9494.032149630399,25889.166239722257,1.3780106110172181,0.964547915892985,0.9841547449575931,2.6258629816320664,1.3986655049993715,,,,,,,,,deltaRIC1,EKF-B
167,12877.101691281638,8699.962384550536,9493.703306666697,25899.812308924753,1.3806289087948136,0.9637805165570416,0.9885662849323761,2.62545974389847,1.8849279440000828,,,,,,,,,deltaRIC1,EKF-B
168,12884.144344872975,8713.302320197976,9491.024084699968,25908.017731432392,1.3848634444451058,0.9705545079807609,0.9878616840421466,2.626751269879538,1.4065097249986138,,,,,,,,,deltaRIC1,EKF-B
169,12872.214545450408,8706.051077227461,9481.486272985458,25877.647450181856,1.3746207480652886,0.9570846498536181,0.9866971034852341,2.6234539060076467,1.4965025720011909,,,,,,,,,deltaRIC1,EKF-B
170,12878.873785067542,8713.771155087346,9483.43725810783,25907.479689734846,1.3781346497945146,0.9589388039799287,0.9897936568728822,2.6251600267485173,1.3891687110008206,,,,,,,,,deltaRIC1,EKF-B
171,12871.97272008805,8711.102603741809,9476.516930485253,25878.25382390513,1.3874756404383501,0.973316613204106,0.9888090934405378,2.623081126928888,1.386252472999331,,,,,,,,,deltaRIC1,EKF-B
172,12880.444810305786,8716.616799389327,9482.95576726671,25899.691300464845,1.3777943878174541,0.9622701779333773,0.9860798546574915,2.625761744711358,1.4136237429993344,,,,,,,,,deltaRIC1,EKF-B
173,12870.408795734284,8693.667797644937,9490.393184347306,25879.037925545214,1.383623416786474,0.9667957683254758,0.9898079115807424,2.919754887421623,1.3817851159983547,,,,,,,,,deltaRIC1,EKF-B
174,12870.582772633383,8698.429161660244,9486.265388802165,25873.166875273204,1.37938651077659,0.9624672419784226,0.9881113066000532,2.623943751862085,1.4135201339995547,,,,,,,,,deltaRIC1,EKF-B
175,12873.982074839878,8705.661982661388,9484.242927453024,25887.799052743758,1.3780880325536704,0.9608682382141862,0.9878556849352097,2.623177539497593,1.365096932000597,,,,,,,,,deltaRIC1,EKF-B
176,12880.857707224191,8717.005801239651,9483.159027186623,25889.227504504437,1.380939741339234,0.9700727677040278,0.9828292804801441,2.627493769243805,1.452058830000169,,,,,,,,,deltaRIC1,EKF-B
177,12872.588676563584,8705.957085556998,9482.08049219331,25875.629123374518,1.3814365841621545,0.9678749773489824,0.98569014618353,2.621529520681783,1.412744429999293,,,,,,,,,deltaRIC1,EKF-B
178,12876.303889890449,8730.59947657496,9464.451101064284,25888.494847616028,1.3772143950389855,0.9620384405622914,0.9854955752224731,2.6241721659949557,1.9141048950004915,,,,,,,,,deltaRIC1,EKF-B
179,12876.491127682768,8697.942893610374,9494.725545311241,25876.63792585996,1.3821310524657817,0.9669930317318091,0.9875275807653648,2.6250477028810852,1.3933642089978093,,,,,,,,,deltaRIC1,EKF-B
180,12874.680037230575,8710.372607034178,9480.864681435554,25883.63552358867,1.3864953074722453,0.9693315469849213,0.9913453432898017,2.768157329150236,1.8797999670023273,,,,,,,,,deltaRIC1,EKF-B
181,12878.572969565354,8705.335633011035,9490.773058557861,25898.769771108127,1.3802389610760721,0.9678856886564684,0.9840004488649122,2.6244257470787384,1.4043595350012765,,,,,,,,,deltaRIC1,EKF-B
182,12869.713194929509,8699.750369680158,9483.873745732419,25888.945383491005,1.3737484638925475,0.9541741394438772,0.98829982984096,2.6257768222355473,1.4235511599981692,,,,,,,,,deltaRIC1,EKF-B
183,12884.368772631802,8711.906673113623,9492.609798581625,25902.201868152515,1.3820472125205518,0.9672299123310656,0.9871781978588602,2.627361212481631,1.356299012000818,,,,,,,,,deltaRIC1,EKF-B
184,12876.367659280968,8687.058488017217,9504.517816425241,25884.929129354514,1.375599000669377,0.9558930864095561,0.9892123220001868,2.62565033536929,1.9005707789983717,,,,,,,,,deltaRIC1,EKF-B
185,12873.488302524584,8716.936738156934,9473.210383930427,25886.26957548752,1.394157957536512,0.9858504376142878,0.9857866529924698,2.6243305169756006,1.3991879810018872,,,,,,,,,deltaRIC1,EKF-B
186,12873.169562215639,8712.594174697508,9476.77146102945,25900.982550636072,1.377067990915503,0.9625479049858565,0.9847932687683232,2.6248642964133366,1.386112307998701,,,,,,,,,deltaRIC1,EKF-B
187,12880.714364060506,8720.968267957134,9479.320386915897,25908.405535401413,1.3754248472087276,0.9578798380757341,0.9870459594806906,2.625429805316537,1.8856499859975884,,,,,,,,,deltaRIC1,EKF-B
188,12878.816584922803,8742.687660065923,9456.708153824651,25890.27288847879,1.380232890245317,0.9690119199672795,0.9828828670173612,2.62555857060886,1.4138361500008614,,,,,,,,,deltaRIC1,EKF-B
189,12876.160510673239,8704.515986963821,9488.251205006756,25896.226278260296,1.3770551551063261,0.9613294802545364,0.9859647714794131,2.624691520551036,1.3729477029992267,,,,,,,,,deltaRIC1,EKF-B
190,12876.017433448482,8690.460201319349,9500.932924495031,25875.507351136814,1.375728871509543,0.9562310511911943,0.9890662791960425,2.624607325168261,0.9644211659979192,,,,,,,,,deltaRIC1,EKF-B
191,12883.77077558957,8729.10913656894,9475.980322890318,25920.4044747776,1.3767570726728144,0.9619923706217898,0.9849013737527665,2.6275057463924245,1.8801324240012036,,,,,,,,,deltaRIC1,EKF-B
192,12875.382806034517,8727.873171587464,9465.712456155272,25886.80027662981,1.3743729552809063,0.9567057746461525,0.9867193526866075,2.623603146041608,2.1221174290003546,,,,,,,,,deltaRIC1,EKF-B
193,12877.170672784057,8705.20778268644,9488.9874062655,25896.210343726165,1.3767386204882046,0.9625443354646748,0.9843361374086763,2.624087418347573,1.4114395360011258,,,,,,,,,deltaRIC1,EKF-B
194,12866.972829144675,8700.712051263159,9479.27210216857,25875.05637749921,1.3806607064341914,0.9667660601944391,0.9856913163599861,2.6224613110445154,1.5086218920005194,,,,,,,,,deltaRIC1,EKF-B
195,12881.138574844355,8696.476638307864,9502.369444707398,25903.07666988736,1.3783557326984792,0.9598517185225388,0.9892164597862743,2.6258823289433706,1.028358866002236,,,,,,,,,deltaRIC1,EKF-B
196,12879.596074049356,8702.135512633662,9495.095183852958,25896.090388973113,1.3798113922536417,0.9623489746142581,0.9888194624155712,2.6266889935701028,1.3773359669976344,,,,,,,,,deltaRIC1,EKF-B
197,12883.006210570176,8718.56522344931,9484.643876606546,25899.173834512552,1.3825460417217508,0.9731882489090796,0.9820072248541558,2.6268456950434533,1.8868429309986823,,,,,,,,,deltaRIC1,EKF-B
198,12877.669612561518,8736.67414798757,9460.702906347706,25904.61018663035,1.3751050637167206,0.9558260604601492,0.9885901468275909,2.6268563355432297,1.3960543979992508,,,,,,,,,deltaRIC1,EKF-B
199,12876.600101528771,8707.855691981373,9485.783015772517,25889.844273992,1.3763688449388638,0.9622354474362362,0.9841209991741505,2.6253319505667934,1.9129887939998298,,,,,,,,,deltaRIC1,EKF-B
200,12879.03965634958,8702.342749358346,9494.150469763756,25891.44013766793,1.3764613432741055,0.9597703134010196,0.9866543341221702,2.627084047746601,1.6996615759999258,,,,,,,,,deltaRIC1,EKF-B
1,147.41371793793473,92.41380137410424,114.84987397412587,1037.4245214207886,0.24899822218522627,0.05034442772035902,0.24385559917482486,2.6205539655485204,2.157790450997709,,,,-0.051008265010402454,-0.04444962420916754,-0.028167188993122427,0.07328712525049633,-5.360721894525341,deltaRIC1,EKF-G
2,154.9359464238232,99.58584737585765,118.69206585394912,1437.5135915541587,0.15278401657810306,0.03709628395438765,0.1482120826333451,1.5842724172127725,2.923587580000458,,,,0.04352606760082112,0.021549782130965367,-0.01686943272458019,0.05141487558219373,-38.4129008529344,deltaRIC1,EKF-G
3,241.00804807206475,111.0530441152869,213.89740678239835,2203.2456785723725,0.15347567270755008,0.038154816411770875,0.14865729749198017,1.6212210884101013,2.071069959001761,,,,-0.28495945630928055,-0.32258618429986075,-0.2893725220066802,0.5186522867333481,-8.164054410008248,deltaRIC1,EKF-G
4,110.48823126154434,73.36034722164113,82.61905774592661,746.761828322105,0.0831987759980538,0.02290969943459541,0.07998238555701392,1.1102036553158225,2.2927689339994686,,,,-0.06969868377003052,-0.08091946704328101,-0.05703563055742589,0.12107406749145967,13.753740065410966,deltaRIC1,EKF-G
5,132.39476330915298,79.63986476972012,105.7632511373744,1061.9192959288878,0.08894695510210625,0.02574628291216643,0.08513923735941492,1.0594326573537767,2.103965357000561,,,,-0.05481473460259623,-0.06716347891326802,-0.09290729246838225,0.12707223545327112,-24.74949715911498,deltaRIC1,EKF-G
6,185.6524460008923,76.90242254454066,168.97588026962651,2239.918275799556,0.103658775382352,0.02447388832918146,0.10072820113463589,1.2743003016770442,2.1221257200013497,,,,0.08491962570697287,0.11669206377442798,0.08037350465053406,0.1651916487839411,-42.14484328588151,deltaRIC1,EKF-G
7,196.09181308414372,119.02609915012881,155.83576893553823,743.604366073458,0.21801480529199715,0.04681163424005435,0.21292986222294613,2.670146569991521,2.157739728998422,,,,0.03356641995277232,0.06786889494976966,0.047566862433761736,0.08941754778532654,-3.2415263405273436,deltaRIC1,EKF-G
8,243.87075969822743,149.84445757331187,192.40474518667807,1977.1201089974954,0.17347805429690863,0.052336961917148234,0.165394914492327,2.311802915748112,2.0822504320021835,,,,-0.30086541433549596,-0.21158866338186644,-0.22592045451037546,0.43165937008383015,9.192733284777205,deltaRIC1,EKF-G
9,138.70991564797524,76.67927486695558,115.58862186628178,1404.3936892667964,0.12893318429694411,0.027509301394360468,0.12596429791708438,2.2698140015974224,2.8899195100020734,,,,-0.015106660465354471,0.007410808964092519,-0.011278715712772391,0.02025686816976693,-26.858270643897413,deltaRIC1,EKF-G
10,115.42666315307373,86.31164618607772,76.63950873604607,816.6667368160453,0.08750085133074918,0.027965520280882464,0.08291157132165224,1.5895068582610492,2.104259657997318,,,,-0.257005989897674,-0.18633569667201122,-0.23486902402661847,0.3948879956959231,-46.40416075511894,deltaRIC1,EKF-G
11,129.91058247422205,72.40430792617622,107.86276295609669,748.7840870636762,0.17479022724871499,0.03648666710984186,0.1709395994638838,1.9637227715561938,2.133301821999339,,,,-0.021005813430200915,-0.005452965689670242,-0.042364972774948884,0.04760010452613828,-6.440744224353693,deltaRIC1,EKF-G
12,119.24698314858621,71.20871093694595,95.65125444414035,798.5308044850451,0.08734915391476027,0.022898570080390077,0.08429430691273251,0.9412209742517416,2.912722864002717,,,,0.06377353204272329,0.06812942663141008,0.07565450709344579,0.12013445220202731,-26.055772361476556,deltaRIC1,EKF-G
13,140.13638169995068,78.04107432675539,116.39500072546117,1021.199847989559,0.153124781161187,0.03630852745481565,0.1487578214405021,2.1654628057936325,2.1974070200012648,,,,-0.19797232533702547,-0.15858797248800793,-0.19042439846005454,0.31718234210951884,-52.31023792998894,deltaRIC1,EKF-G
14,224.6078309244605,117.63914001009188,191.33664168234225,1662.0113587817339,0.1411488285906349,0.03446715752880111,0.13687588123695585,1.8218314000548612,2.802583937002055,,,,-0.10962837467768971,-0.10713894895967435,-0.10793205776461334,0.18747390221564028,-10.093127664295025,deltaRIC1,EKF-G
15,102.1301713786766,70.84543188969892,73.56287573361908,853.2139523731549,0.07453329631410907,0.02110281345138192,0.07148344930040071,0.7965257204159049,2.33500063700194,,,,0.007190454399115698,0.008498812803627409,0.005936677399485335,0.012616520601276068,-6.243344053262263,deltaRIC1,EKF-G
16,114.6320626866185,72.55033832181113,88.75222929695668,713.9536059283168,0.0977885949919777,0.025582575828035407,0.09438294933147547,1.2673341297729692,2.108154547997401,,,,-0.022984736687953866,-0.050656593672163575,-0.024374712488745898,0.06073314755543533,-11.626346001248749,deltaRIC1,EKF-G
17,158.30999026882037,92.2223173930305,128.6743843722329,1646.35905625953,0.1168822020170011,0.028876764676712772,0.11325891404277551,2.5006296493410014,2.8832577489993128,,,,-0.09750421383935881,-0.07461912770297285,-0.06425765126102423,0.13857897272374115,-24.202573766509886,deltaRIC1,EKF-G
18,162.18290405466684,92.73193500977905,133.05668941074472,989.0929650375832,0.11756627984669135,0.03297507435990135,0.1128471294626032,1.5679483445354536,2.1046053980026045,,,,-0.1848062861964188,-0.18264446438362314,-0.16769662482103798,0.3092483173180756,-70.03468605876697,deltaRIC1,EKF-G
19,217.17419020609236,117.52049854396327,182.62957403895544,1472.0155827102649,0.15462124707257113,0.03786066514845152,0.14991430912622689,1.6815178551851961,2.0819371310026327,,,,-0.051110536562813946,0.020024708213964404,-0.08752533163457821,0.10331485645605887,-6.3469644021606655,deltaRIC1,EKF-G
20,99.87439631130702,67.8066490455848,73.3290759777928,626.328748499941,0.10509919743095586,0.02133452101136212,0.10291102717321787,2.5795955999636955,2.0992311390000395,,,,-0.14283137386093847,-0.1419412008283334,-0.11654655318541529,0.23266113751762085,-38.69701291187812,deltaRIC1,EKF-G
21,177.5663508209458,99.09439313389097,147.34351086251831,1534.385760930585,0.1692741602359081,0.036787882731372346,0.16522830570975022,3.2453388782332855,2.1155128460013657,,,,-0.07589929522268313,-0.07236874389003511,-0.07309998981465027,0.12783405891398222,-17.857758634992933,deltaRIC1,EKF-G
22,165.78579051397972,110.632480917896,123.47219323514322,1055.7553267324733,0.1628963664831244,0.04101853621919896,0.15764741006384672,1.5805387460258693,2.1072623410000233,,,,0.025674190689462195,0.03958610560815812,0.042848161136244345,0.06373530212948453,-55.468107724045694,deltaRIC1,EKF-G
23,111.56250232745128,72.62296128638478,84.68823660673796,1106.7062508006404,0.11088348001087699,0.02828716802114194,0.10721465508346441,1.4211818843412856,2.1273751670014462,,,,-0.009081246114445385,0.007801307607619767,0.03527099113731991,0.03724744618344639,-1.577050904466887,deltaRIC1,EKF-G
24,175.88370381558502,92.87221399993929,149.36475198197837,2425.564693963438,0.13617396674732804,0.03461277349170655,0.13170157603808022,1.601404233681084,2.147601050000958,,,,-0.02432449910342449,-0.0284103354361247,-0.0502697919285805,0.06265684636788225,-18.29794050569035,deltaRIC1,EKF-G
25,142.4923860528301,75.41170167676027,120.90142816875276,1205.8766706715116,0.07711496911322333,0.022743219134030327,0.07368489970648577,0.8461193610633743,2.213838878000388,,,,-0.046376627943959026,-0.06435683786983237,-0.024730632573504385,0.0830915061094813,-13.50996128202678,deltaRIC1,EKF-G
26,182.22232485319367,95.25637414434843,155.3421992240832,888.5915907983693,0.12131543466387557,0.03286476710248102,0.11677902967136157,1.4853888589827802,2.873540712000249,,,,-0.09738346011295795,-0.04471872872198557,-0.07900687385299121,0.13313673091264136,-25.035370756035263,deltaRIC1,EKF-G
27,128.6083977815773,60.61097797756082,113.43028400100239,1588.6626435448165,0.13544328556311186,0.02608580674331061,0.1329075403830848,2.21119915955351,2.1180929069996637,,,,-0.05645272376139765,0.010942637097398844,-0.009275522437385053,0.05824677367213118,-57.61459185134299,deltaRIC1,EKF-G
28,126.460116233508,80.07511825435358,97.87817138843393,1210.4615150165396,0.08698101998558348,0.02463477393457363,0.08341957654486701,1.341374292719385,2.3467153960009455,,,,-0.018598940441922007,-0.01051955499519519,0.016563923305309203,0.027035997820004046,-20.609712875004334,deltaRIC1,EKF-G
29,210.04950945248171,131.16258184721812,164.0645407892882,1140.098863809603,0.14790889566772683,0.04762484365000033,0.14003183811176487,1.5753307318087937,2.8841327569971327,,,,-0.43785793794666217,-0.4256795883458918,-0.4660194780183813,0.7681776094431259,-53.793747394949605,deltaRIC1,EKF-G
30,122.13140925918688,73.4780235642796,97.55542619824985,850.1479553094701,0.12117774420920371,0.03445146328746548,0.11617720244946345,1.2145503938053999,2.904306689000805,,,,0.04652180524805205,0.043200177061875955,0.08687100005665549,0.10759695308213219,-43.480636550622876,deltaRIC1,EKF-G
31,155.0090836080461,128.34848090128966,86.91653151925418,592.9090305100215,0.13178534050500348,0.04161854673953713,0.12504108340584977,1.6743816949160417,2.7849197549985547,,,,-0.41672242737598364,-0.40807012895701833,-0.09676707590278644,0.5912213448480231,-50.69305286344752,deltaRIC1,EKF-G
32,198.8276704849372,132.14502886727448,148.5602029351534,976.933178857638,0.10805591591329163,0.039411464456173786,0.10061221314174588,1.418452879908656,2.1199169179999444,,,,-0.2678581370037886,-0.17493465264938035,-0.12770615209300062,0.344469121314379,23.609907409387233,deltaRIC1,EKF-G
33,143.79336835408546,71.36262335116393,124.8355268785838,1448.2724399519052,0.20319485647629948,0.041657047893691075,0.19887895831185026,2.0959446271769533,2.1298160679980356,,,,0.03172829064367688,0.06214973930194145,0.07745745996183695,0.10425417318365963,-50.558200658451824,deltaRIC1,EKF-G
34,165.04152004066458,92.07479932930438,136.97056131082118,1177.7274329458119,0.06362503193017133,0.019659002144439556,0.06051172054073691,1.0579267309114968,1.5492548829970474,,,,0.00704818557365261,0.02143249566746319,0.02325978036085008,0.032404415946772756,-9.46923497246462,deltaRIC1,EKF-G
35,190.99821373817647,106.46943586196967,158.57041615133662,1169.429985980299,0.06684398626546942,0.02038642144990106,0.06365934589928865,1.3327827929442058,2.1306256109965034,,,,0.04135587338092539,0.07551205783302883,0.00654922615585618,0.08634391411395696,-47.94241923253867,deltaRIC1,EKF-G
36,127.4693641615615,93.07570765577543,87.09392311826012,734.053423537675,0.12249640977961351,0.032880265083677404,0.1180010956598374,1.9658626366507685,2.8740179129999888,,,,-0.4012686269479381,-0.5397404877647385,-0.46467458208923595,0.8174709611631519,-81.77362511005049,deltaRIC1,EKF-G
37,137.5892646025331,82.43229812067784,110.16225288368769,706.0125555968135,0.10761185898915235,0.027437131450843113,0.10405535071706003,1.816177328878062,2.1029594669998914,,,,-0.2843906616401741,-0.2869538312611003,-0.28590236236602473,0.4949350568610328,-27.6696840186778,deltaRIC1,EKF-G
38,211.06338829909598,110.38461990233797,179.89716387233946,1745.0929459069264,0.16406974323984172,0.03727729007992177,0.1597788605888931,1.9926575576958663,2.144310551997478,,,,0.01683903780531626,0.018207060364281435,0.01902365428123831,0.03125619400262186,-5.3961564536512014,deltaRIC1,EKF-G
39,115.64720600783826,67.03448061091835,94.23722548252252,1156.6950393065226,0.09336945206964584,0.022636380386719095,0.09058393269655303,1.9161288522768585,2.849991366001632,,,,-0.03451006207414753,-0.012368242509796734,0.013140807785425368,0.038943531380656204,-13.419536165129102,deltaRIC1,EKF-G
40,183.96397222991672,108.76725369381344,148.3658572668092,1385.8332503864503,0.10961913359006115,0.030282421696532804,0.10535335488359651,1.4512060928577368,2.131391586000973,,,,0.0773599982725699,0.06843354875294883,0.09721434460989697,0.1418391649918528,-27.08351713274169,deltaRIC1,EKF-G
41,191.97440023782264,107.81046091444918,158.842925130727,1481.6864546119205,0.1575681574644702,0.03808062092528805,0.15289732030579406,1.8283330568978224,2.14398830799837,,,,-0.04398785109876746,-0.03935054948876482,-0.054241013418063866,0.08015911879489226,-4.2374929773650365,deltaRIC1,EKF-G
42,227.4546963170872,125.8153120290426,189.48917155271172,1224.049229197623,0.25991563090601844,0.05914664242695111,0.2530964438290116,3.074726850767288,1.5732473869975365,,,,-0.018562056504394686,-0.00614201161493555,0.07117150633197933,0.07380824860348142,-50.28857678026543,deltaRIC1,EKF-G
43,155.1248176735718,74.62931480859324,135.9932881779788,1217.4299322754218,0.14998987423365134,0.036178221265679066,0.14556132274295297,1.4632865989180202,2.1125239510001848,,,,-0.07144693930072932,-0.0843304264848711,-0.03163608800069839,0.11496576895124166,-34.48250903905864,deltaRIC1,EKF-G
44,127.3807402881143,70.3015144643585,106.22405594010057,1069.3098213383546,0.1379372646754421,0.029088074586574617,0.13483535479609504,2.994308228483416,2.8359654409978248,,,,-0.02199182185149806,0.0805066816399882,0.08826718957311885,0.12147453548858436,-98.15929851705732,deltaRIC1,EKF-G
45,193.10628408378147,103.79352893200277,162.84022937986674,1133.155851573438,0.18082971243573204,0.04572556025269549,0.17495301666209317,1.7660683499129355,2.8701846139992995,,,,-0.0443245773330363,-0.047816780154740446,-0.05122555279707386,0.08291664416439498,3.8733192785221036,deltaRIC1,EKF-G
46,159.56938555413464,80.06453976988152,138.0291935699152,1547.0518215765594,0.1838617708003694,0.03926393345667951,0.17962041724524805,2.236398860823164,2.12338309000188,,,,0.008376727079056234,0.011877277976989342,0.027865819741389464,0.031428382054431006,3.58452741857036,deltaRIC1,EKF-G
47,188.93930667125824,103.20808206682344,158.25976558021185,1501.6976818223745,0.19664805738306185,0.045927333450767875,0.19120967160327945,2.096778367740219,2.1239493309985846,,,,0.0262858439070508,0.01627416735358911,0.047363963579947876,0.056560933151434956,-9.410605512995971,deltaRIC1,EKF-G
48,165.51974520720427,92.68262496495457,137.13758450207368,1923.722761100282,0.13202866934351268,0.031016248949565676,0.12833379067773681,1.8001838592567345,2.8568124289995467,,,,-0.1285308293106785,-0.12325210408098419,-0.11673391326441807,0.21292736261388578,-11.628415864623094,deltaRIC1,EKF-G
49,126.77236562145858,65.4877141035401,108.54764846257042,1174.5354931881695,0.09941599570805837,0.02321337741106505,0.09666788149016267,1.6215178966693131,2.0733377159995143,,,,-0.14004297139333188,-0.1106961965242319,-0.18430055849888782,0.2565782095669991,-38.57119862221589,deltaRIC1,EKF-G
50,184.0949800647984,93.36819627258546,158.6610904092824,2120.847756252815,0.11764580675878118,0.03160719440652457,0.11332043553425238,1.1479743972376866,2.8892096460003813,,,,-0.0610241431898817,-0.07979155494754497,-0.03385134581645555,0.10600260330101113,-36.981164467011695,deltaRIC1,EKF-G
51,158.66911578387163,104.8803192697232,119.06303764609984,1341.9040103336672,0.12101642841738239,0.032159177142620815,0.11666517591984751,1.771903720586538,2.084323682000104,,,,-0.17295441488290508,-0.020152451688427386,-0.2936626216567412,0.34140457860850776,-83.56690699698811,deltaRIC1,EKF-G
52,159.84768459789748,109.49637258513602,116.455256051438,901.5880245371201,0.13173002008172557,0.03362411194945232,0.1273664684536025,1.546990112363522,2.763854523000191,,,,0.10642220111217449,0.09145273796046327,0.040522346633290685,0.14605255474209902,-113.7801424070567,deltaRIC1,EKF-G
53,163.38976016798551,92.63021971530917,134.59515638850223,1655.3247075685067,0.1276094685185703,0.028390687040975197,0.1244111946125966,1.9851565037684684,2.155288637000922,,,,-0.04755247087445924,-0.04809508947038488,-0.04854443534201969,0.08325225114137245,-1.0908562108525075,deltaRIC1,EKF-G
54,209.7453892143959,98.161538953646,185.35760185908282,2379.2397401850303,0.13249098922098748,0.03610970118633508,0.12747529841106242,1.184557274850288,2.0840121069995803,,,,-0.04699188965142742,-0.05127418048838328,-0.057301919042953675,0.09011542156463817,-16.21159315877594,deltaRIC1,EKF-G
55,137.94329752571758,82.02265118499604,110.90824146497461,982.8521156022477,0.12710134423029543,0.028332681710327517,0.12390323180712166,1.9622571023318414,2.9225658669965924,,,,0.022370308113592863,0.03387964124084819,0.003904764203514821,0.040786124591467514,-25.50964441101678,deltaRIC1,EKF-G
56,110.38442824219565,78.38645301884094,77.7192767689039,741.7222616004576,0.08615350562267754,0.02227793160403432,0.0832233158106711,1.1180051450389856,2.200596278999001,,,,-0.08126989891723546,-0.07571302934991608,-0.10820592261691087,0.15506702090623856,-15.75773056516482,deltaRIC1,EKF-G
57,219.59615166641404,134.6998204919594,173.43133565227663,1324.9715662656415,0.20549726415544975,0.05771850042629084,0.1972249991352895,2.281925545241252,2.125085521998699,,,,-0.6552026666651916,-0.5956941257343852,-0.645086448769139,1.0955722487472976,-76.0262482468388,deltaRIC1,EKF-G
58,165.61126752347977,87.63757400283542,140.52312106422607,1774.6716989631711,0.12939708964529803,0.034429663490234935,0.12473253417061035,1.617951733900222,1.8603198939999857,,,,-0.14708278311071266,-0.143269478436292,-0.13779066976044108,0.24727668149672144,3.8397023718207492,deltaRIC1,EKF-G
59,131.01939456800133,70.8619140815389,110.20286242047534,1152.0833522429734,0.10520814285028879,0.025430501801910258,0.10208840727580096,1.726949096337228,2.150501426000119,,,,-0.06729298437839915,-0.04804407289355894,-0.06137541629015797,0.10297339662040514,-18.673262519019772,deltaRIC1,EKF-G
60,154.9594205731361,81.06385076580091,132.0646588735307,1380.377148144227,0.1412885516139874,0.03127834624058888,0.13778287220707885,1.7221307899667158,2.128941720999137,,,,0.04516691000176554,0.05456689723213404,0.07562378635790656,0.10361733974464003,-29.65865184069844,deltaRIC1,EKF-G
61,110.09528766687845,60.49642071721433,91.98453917294209,986.5041671283763,0.18338784556949597,0.03649368931581628,0.17972009498868505,2.0477138311638896,2.8796712680014025,,,,-0.24954712292156345,-0.23941026074986982,-0.2584930420924384,0.4317518874549985,7.060144543953356,deltaRIC1,EKF-G
62,137.61244805423766,87.83158916519844,105.93770718774337,792.7864080760195,0.08614935324602821,0.026881120801819317,0.08184813015058405,1.0194997681740376,2.1537126719995285,,,,-0.11510529967879035,-0.04552461325536816,-0.017168824917709657,0.12496595126373401,-48.873787018004805,deltaRIC1,EKF-G
63,137.0793777134035,75.02605110895473,114.72509511563045,1218.5980643783098,0.1367806160036856,0.03364860353130417,0.13257717901185254,1.9296229942764598,2.8698889410006814,,,,-0.006592388698151486,0.029314889237733954,0.008557596034290071,0.031241875258284715,-11.119528417417314,deltaRIC1,EKF-G
64,127.71575448702542,69.41232018093277,107.20654714750322,1103.0349986692534,0.11444746326744056,0.028437207074827733,0.11085822974473084,1.809043630488006,2.1575016589995357,,,,-0.14615601890361163,-0.1924902257595822,-0.062486051697724365,0.24963688736142037,-22.52725563418062,deltaRIC1,EKF-G
65,196.66378940966013,109.2488745330484,163.5277636312238,2036.9647206146024,0.1996321992350475,0.040408869403392,0.19549971418127776,2.043576939853535,2.9354381330012984,,,,0.00729904275910731,0.029214807453624037,0.02876733516624963,0.04164541478144918,-12.60676231544494,deltaRIC1,EKF-G
66,231.96533065515823,142.0752291147262,183.36451101005056,1505.7899953349029,0.12488982714926944,0.038966825720633654,0.11865519549784645,2.2156497980890926,2.0785433490018477,,,,-0.3436857457047575,-0.1116860564651091,-0.28078426535467227,0.4576390178733953,-104.5999316643356,deltaRIC1,EKF-G
67,168.46555774677978,100.20973514659961,135.420283299002,1383.6585532894067,0.16955256213714356,0.04080273967464424,0.16456976563850703,2.0612418358758795,2.1278656229987973,,,,-0.23249547971914875,-0.03023141555081177,-0.20721940160015628,0.31290248796641074,-59.21245879311755,deltaRIC1,EKF-G
68,146.60327812598334,82.7997074983214,120.98235241338651,1451.0664073144303,0.11853831155953494,0.028551725725338022,0.1150483822810666,1.457384121049869,2.3741568439982075,,,,-0.13431991220155914,-0.1284346419796938,-0.12700862926804712,0.22509661921680413,-40.609310342340905,deltaRIC1,EKF-G
69,279.00873948890955,144.69113939865102,238.55890444649168,2503.37610281101,0.19392969768385074,0.043869929646156665,0.1889025063798546,2.222755191482594,2.118810140000278,,,,0.15524463006486133,0.17462491561976634,0.073111520736026,0.24482657287051282,-42.479328409921436,deltaRIC1,EKF-G
70,168.567096334002,116.57536548445279,121.75816247234914,1049.8255872072218,0.11698509470438627,0.03746075949422048,0.11082510492262297,1.787580051507484,2.1587792220016127,,,,-0.4424969054179997,-0.5044263382346073,-0.36827369142598654,0.7654246885264436,18.18375508570898,deltaRIC1,EKF-G
71,211.57283967262592,156.9488421971532,141.8806802214867,844.7787966135705,0.13223279622475775,0.0448509912517937,0.12439413563809923,1.903973603754058,2.1373876910001854,,,,-0.2199138439309385,-0.2936900810098081,-0.15732272426930316,0.39920721687808197,-43.09195248171454,deltaRIC1,EKF-G
72,141.9652041284359,99.64319192985673,101.12048993778757,1025.6426154034891,0.09391241668232159,0.028199770022104713,0.0895785408332509,1.1383518382315974,2.140478451998206,,,,0.044040249069785764,0.02705700257641852,0.12183318772121199,0.13234406128293466,-31.326424344246334,deltaRIC1,EKF-G
73,147.0265830071918,81.68791785347976,122.24524607334959,846.7668731814316,0.1552555333309749,0.028522058101436227,0.15261314763657732,2.6338722685705354,2.93837390799672,,,,-0.0012277729533967108,-0.03942599332103258,0.005935222053947475,0.0398891368245148,-1.7773113153671147,deltaRIC1,EKF-G
74,103.98040104881719,64.71834376619253,81.38464094922203,723.3046375892362,0.11324665560444248,0.022219941500727942,0.11104539254419986,2.000825060026532,2.153337099000055,,,,-0.02252214921633333,-0.02012648820140084,-0.020758835042864132,0.03665040197570492,-5.159267584014742,deltaRIC1,EKF-G
75,147.84714692169922,92.756865390592,115.13011237638095,1287.68396059982,0.0810380323672421,0.02466900678156568,0.07719198659423944,0.9654025208271233,2.1783262899989495,,,,0.06844593273510302,0.020587773834935597,0.036983628065061946,0.08047664806831571,-1.6081722062517656,deltaRIC1,EKF-G
76,143.60098909460285,88.8736222589152,112.79505013752998,1214.8692946000422,0.09498001343765139,0.02422741455076112,0.09183809305948162,1.359680563891199,2.1624780429992825,,,,0.04738801137386517,0.04068752128259323,0.030533990344418616,0.06952282054436587,-70.38694327158737,deltaRIC1,EKF-G
77,181.13654997160359,91.55956926702108,156.2923382999078,1919.4387421965243,0.27549114938417985,0.05554375849463965,0.269833771572992,2.482922634797757,2.8663320539999404,,,,-0.19914433290947697,0.041842621628475296,-0.22008702417077342,0.2997458398761373,-91.79919409051217,deltaRIC1,EKF-G
78,153.26425082405908,91.64835211348023,122.84343749481958,1136.4964073692308,0.09276803259959458,0.026294375908760336,0.08896355246935819,1.5812365080609316,2.097296207000909,,,,-0.06366700731198172,0.06039428063152297,-0.07531445936099768,0.11564265969745963,-120.6614433201903,deltaRIC1,EKF-G
79,240.9285695682247,119.28816081790198,209.32489178994757,1629.658448578523,0.1155778494334662,0.0325218191611433,0.11090793730889992,1.7856589185975016,2.858552442998189,,,,-0.033341347435787094,-0.04051747637644021,0.004873803403890653,0.05269786808182123,4.605172651514295,deltaRIC1,EKF-G
80,213.79538425124193,144.2532297503053,157.7956654466206,1336.0523947508698,0.0931585328955255,0.03338506450092662,0.08697097055636255,1.4787252038446526,2.0808790730006876,,,,-0.1950896592821867,-0.21201169750864157,-0.23196139964206552,0.36988515239631,-42.75799034445663,deltaRIC1,EKF-G
81,146.6717316445451,74.85805118830854,126.13036524127739,1772.5844093127707,0.17966056173198203,0.035940827332014626,0.17602890209434827,3.405279329153884,2.1350478310014296,,,,-0.20605577524732832,-0.2299662147892103,-0.20582505318682875,0.3710894703122356,-31.51721632803674,deltaRIC1,EKF-G
82,147.8659863913331,108.55408096274601,100.40100317136029,829.36225031016,0.09041262488040393,0.030261488245294548,0.08519791703407154,1.5768798899473122,2.6051661519995832,,,,-0.3361232679267061,-0.10948393503665232,-0.31473201548050556,0.47330943878319115,-85.06277170780959,deltaRIC1,EKF-G
83,144.4574036878243,82.83862582256336,118.34569511417122,1051.2922409128369,0.11820937855163646,0.02893007144654652,0.11461460702572689,1.3007399715795065,2.1123151240026345,,,,-0.06234126617086788,-0.05781136030038825,-0.05816933308975458,0.10301581509494122,-17.913438243114797,deltaRIC1,EKF-G
84,232.66637238235253,111.41775284099457,204.2540701906001,1932.7604975865202,0.11800189040125156,0.029227190971888608,0.11432505169979909,1.2632889042455235,2.1102139960021304,,,,0.00683255727926535,0.019412154991333974,0.012475049996579113,0.0240653791326703,-8.173381010892626,deltaRIC1,EKF-G
85,150.29061179906387,75.46147448108104,129.97243501634517,1310.3335348594012,0.169700655881951,0.03431440759342267,0.1661951685166473,2.3178222011673864,2.937017501997616,,,,0.008633466962197911,0.04848863661490532,0.02140152959992414,0.05370018716704932,-23.66817275827634,deltaRIC1,EKF-G
86,203.7411224075074,122.49128430927502,162.80764794116791,2559.1645379347187,0.21112735384385162,0.053826400449958234,0.20415062614576437,2.019177492387557,2.1361718330008443,,,,-0.2551627176968134,-0.21108961663537817,-0.3416775193515419,0.47582598288021,35.14516903558251,deltaRIC1,EKF-G
87,147.7360189669734,76.12165384165469,126.61526415334457,1504.1690951079554,0.17212104467788886,0.03374911060848208,0.16877989084646386,2.2094093576233504,2.0733691269997507,,,,0.07266027439378009,0.06854590902884694,0.04251946243092375,0.10856316965244296,10.630872587498743,deltaRIC1,EKF-G
88,182.6906342466896,97.28080583847954,154.63606518814993,2087.141881483473,0.11133656209045176,0.02966867261790125,0.10731076331483629,1.154040261243215,2.170131451999623,,,,-0.030322176391691436,-0.0333974688622839,-0.02817202263937546,0.05318353285679277,-3.2442959262261866,deltaRIC1,EKF-G
89,118.13975333264943,76.74296671826849,89.81936526594913,1227.495151152886,0.12118087632224375,0.025968887065942227,0.11836562715072006,1.568326261304101,2.9764964700007113,,,,-0.058261265519878425,-0.044436173994885975,0.0109573291352687,0.07408786460048747,-33.0992865511289,deltaRIC1,EKF-G
90,229.176549870012,146.88756222047957,175.91456754699664,1939.5141419958943,0.1525637157193922,0.04147373565508745,0.14681831154498218,2.1115722856433266,2.9107171119976556,,,,-0.5524684512470661,-0.39904239174296263,-0.5448745103157677,0.8725505441079753,-261.95956969365943,deltaRIC1,EKF-G
91,179.13571268000152,102.54915797284004,146.87843189670005,1725.1402163576965,0.10063729088486364,0.030342387078591458,0.09595417584981689,1.1507118014170519,2.0956090629988466,,,,0.019734128981617305,0.08520394495817629,0.11450282975935977,0.14408346923224735,-5.933243914463674,deltaRIC1,EKF-G
92,97.29152515465917,57.96486970647838,78.13907311218033,917.4377727089961,0.09408510520062414,0.02037563063093033,0.09185227649331511,1.5874488873051793,1.8359224640007596,,,,-0.006685499588532928,-0.0030559788388121456,-0.0034184631982115965,0.008106836747404542,-0.8480231478679343,deltaRIC1,EKF-G
93,161.009012179583,91.19026075050917,132.69603742124048,1092.9537859229888,0.10320805130623148,0.030416208563234855,0.09862431805121649,1.645008818476278,2.11646396499782,,,,-0.07189129124129312,0.042463765775688556,0.03222449296110663,0.08949830784318426,-27.83696650276397,deltaRIC1,EKF-G
94,169.1739438206899,111.5617739297869,127.17623152729865,1153.0315742280866,0.15501756452506393,0.03954064043904477,0.14988990314545053,2.106693471004185,2.469131372999982,,,,-0.44483599077044,-0.43447295011510834,-0.42194425223781973,0.7514537610944383,-69.54586423627916,deltaRIC1,EKF-G
95,163.43415237199008,84.71935368430593,139.76177328892314,1358.0560710842208,0.16583222997360755,0.03974853689260154,0.1609980817057053,1.8340435920187566,2.044114954998804,,,,0.02296993225789712,0.040394137191494206,0.04614046388070947,0.06548470443168154,-23.27039701295871,deltaRIC1,EKF-G
96,131.57020455806355,76.6216238787409,106.95721332212918,1270.8596849711687,0.13337231910739467,0.0313783356083702,0.12962860625083183,1.7929161140246417,2.1078821609989973,,,,-0.03269529283226913,-0.02589996064706357,-0.03049683804188097,0.05167056478750729,0.943384527519811,deltaRIC1,EKF-G
97,177.60200270369396,89.41901860464166,153.44937431004945,1543.7180891060218,0.13577023181706038,0.03587725127265227,0.13094418157664467,1.499464691346064,2.1847889029995713,,,,-0.07390293733793163,-0.07834307883070157,-0.0726013297997089,0.1298854696897766,-10.061826808014303,deltaRIC1,EKF-G
98,128.9443891814343,69.9704697621312,108.30876632406017,1292.8886964422927,0.08489034190776237,0.02356016860695277,0.08155543270946918,0.8785909197713115,2.1068510829973093,,,,-0.004278072544853351,0.009993237839893698,0.03386206972641603,0.035564117778743964,-30.42825199381332,deltaRIC1,EKF-G
99,154.91646942615728,106.612701041895,112.39592731063277,968.990870175118,0.1556656020924927,0.037987353708775616,0.15095940061163013,2.643081345940925,2.620381279997673,,,,0.049379662767563115,-0.01743727109690074,0.03257814767201328,0.06167451032707575,-28.90608382562641,deltaRIC1,EKF-G
100,183.23128740222774,106.37846306307114,149.18889797641305,1253.8682641552584,0.14248999823876993,0.04073184956936932,0.13654419075428634,2.382753653973254,2.7463152630007244,,,,-0.4695312957976929,-0.46278998148088324,-0.4775565077219045,0.8140604539959414,-80.93712317655445,deltaRIC1,EKF-G
101,183.57939260870046,93.24937606569142,158.13268875832927,1711.956733983153,0.1475902440012276,0.041829719867008903,0.1415385271231457,2.2823985440042693,2.8675540149997687,,,,-0.1448643882693913,-0.12495448017300081,-0.11707017764644156,0.22428718108295712,2.5222499637311557,deltaRIC1,EKF-G
102,127.11884461952731,87.71252082190048,92.00931663951863,744.996030597441,0.1206422723189452,0.033145008160134534,0.11599985476000885,1.3429293573889602,2.1582999960010056,,,,-0.15629650873788392,-0.13934431967922778,-0.13792353838521854,0.2507355988112121,15.146673319941328,deltaRIC1,EKF-G
103,153.58797356439314,99.57805263333502,116.93364382148317,1199.8436909462248,0.09092111487201288,0.02900217130979994,0.08617147549442784,1.0086952547299195,2.136037504998967,,,,-0.007590012851010575,-0.0012824522730209287,-0.002868264956898736,0.008214616410646058,13.033062322909245,deltaRIC1,EKF-G
104,138.3599865698461,79.36510331383829,113.33431192534661,1087.3615370405164,0.1873912882076099,0.03204502523710575,0.18463101379145586,3.7689310910709954,2.092353774001822,,,,-0.0903463979674396,-0.09061276296456366,-0.09578211312702789,0.15983540794467896,-2.209998555939819,deltaRIC1,EKF-G
105,188.70401758889187,101.16762871946577,159.29317987117068,1087.647399237995,0.15055552751494877,0.03775131670314543,0.14574568587949116,1.759038929629495,2.9120430260009016,,,,-0.1574033706822714,-0.11994684442876202,-0.15556685376476698,0.2517222925782032,-22.444486637337832,deltaRIC1,EKF-G
106,227.83649266982874,84.82870285114328,211.45580759270092,2225.4028247704478,0.11710266440715776,0.03056476424885007,0.11304348365857993,1.3977126276495042,2.08736638299888,,,,0.0431966718945751,0.012777696539445715,-0.006866308053804171,0.045567183124607044,-14.215191085990227,deltaRIC1,EKF-G
107,130.6414489734805,75.49733519440103,106.61773102272794,1010.2725116637766,0.11758434538149891,0.029081033640825156,0.11393143447344468,1.4118549104659646,2.1462619960002485,,,,-0.10959127224418685,-0.04179829179112837,-0.12660999896406233,0.1725903704916229,-20.28285351879458,deltaRIC1,EKF-G
108,152.55516221961614,88.99277959793731,123.90868694036891,1121.2883043513225,0.08352537743584013,0.026815628621242916,0.07910379723785153,1.1960451702685164,2.1442220889985038,,,,-0.2497988619810796,-0.27936922942355336,-0.2577685209588485,0.45485299624501185,-20.294095463068516,deltaRIC1,EKF-G
109,174.50209734151503,122.16275257580922,124.60836191720522,853.7407259378466,0.10524595401061322,0.026545235684348543,0.10184331739523465,1.9568384733652284,2.135387169997557,,,,-0.09842951918133058,-0.3805704231854836,-0.26213016191541993,0.4724769190507091,-160.24487677867,deltaRIC1,EKF-G
110,171.10223504595777,93.42102911747766,143.34743163500897,1260.082475344758,0.13962856817163866,0.03814460288962805,0.13431725994843152,1.2503061990382962,2.137208243999339,,,,-0.14529474763916306,-0.1575428464329487,-0.06096197509856227,0.22281533735728665,-5.891997815364448,deltaRIC1,EKF-G
111,119.2810747059303,78.69936388174196,89.63473047658978,604.3214578270675,0.1234194999325599,0.028304875516142764,0.12012995873477528,1.5730910628610744,2.1065656150021823,,,,0.031584656406858036,0.038113172218695146,0.030776529299691324,0.05828721277129275,-8.287635734610376,deltaRIC1,EKF-G
112,205.66899852252402,140.5394845374967,150.1612141639535,1062.6213080754806,0.175027993141748,0.05178352628876528,0.16719229883080303,1.9611331290358087,2.8801284360015416,,,,-0.36515613496591404,-0.16219436436552337,-0.31792101568829134,0.5106072727169637,41.76482430427859,deltaRIC1,EKF-G
113,198.411991997584,107.8176041168329,166.56134849044432,1302.7045013355705,0.1059277590846355,0.026458185513181274,0.10257024209800163,1.9208092140849806,2.277411638999183,,,,-0.08872323031658769,-0.17412843069374928,-0.0740612736581222,0.2089918520649582,-32.28550994667603,deltaRIC1,EKF-G
114,120.20363694620484,79.78635798000235,89.90579189007755,1100.6468026569491,0.13877377775333782,0.03350679104187037,0.13466794847330688,2.054679754657025,2.4058202259984682,,,,-0.20278557321135804,-0.2658211289612795,-0.25661979742479446,0.4214695501874967,13.230392931473034,deltaRIC1,EKF-G
115,159.36931170736855,91.9563033967011,130.16380364638343,938.1329571313116,0.11724149797855007,0.02787596632222654,0.11387931923688538,1.5903565767184398,2.0907627159976983,,,,-0.059858556210978575,-0.06783498900533924,-0.04278203794398594,0.10007464841635982,-10.68887856794754,deltaRIC1,EKF-G
116,167.66750856217448,101.34486964952173,133.57249276392315,1094.3085874379044,0.1383975345188465,0.04050201911307251,0.1323384449381948,1.4071219510016308,2.949079707999772,,,,0.20105016498763328,0.0778772387378377,0.16169383986578323,0.2695012634581261,8.510785925180244,deltaRIC1,EKF-G
117,244.0122555388814,119.3868267433077,212.81157499848496,1849.726597462247,0.19407515362206462,0.04844625554545984,0.18793117244632937,1.9800859558205581,2.1592205109991482,,,,-0.40963470698103244,-0.3874227649741857,-0.402812344303739,0.6929320144914315,-42.67741323024529,deltaRIC1,EKF-G
118,124.42170768224811,66.72553493397938,105.01649551542413,1335.183956822543,0.09010579328443323,0.023811387660375945,0.08690265704283334,0.9332834092893972,2.968927235000592,,,,-0.010597694261877733,0.0047271381292339765,-0.0202072488776337,0.023302142943594742,-19.98315292391635,deltaRIC1,EKF-G
119,156.53591857892317,92.54942151187846,126.2461816577591,987.2415881559116,0.13096183864870625,0.03330527109498651,0.12665607802051673,1.9186668107398934,2.100773685000604,,,,-0.17768633233515585,-0.1658275368684785,-0.17389324374823578,0.29884789593348215,-37.99378531501134,deltaRIC1,EKF-G
120,171.45328354950405,92.35853413883062,144.4511322615129,945.9757633876222,0.18876596730657544,0.03469783927313177,0.1855495900371731,2.2428201481960497,1.5958965459976753,,,,0.07014120166889737,0.07609285936631172,0.08950167376593021,0.1368227357751672,-48.440479199074616,deltaRIC1,EKF-G
121,175.59665303261283,106.56128177921708,139.56675027321555,1551.9713446870412,0.24100935058727918,0.05112087898848108,0.2355252912150776,2.636223509234229,2.821750182996766,,,,-0.14262852625049594,-0.12895925424330834,-0.13713588088983475,0.23617712756067127,2.172681702999398,deltaRIC1,EKF-G
122,169.43652313061003,92.9486009072327,141.66613201459873,922.3950562511291,0.25151081188706004,0.05322780269535042,0.24581393271397975,2.325436317658885,2.0036966540028516,,,,-0.2611072880110874,-0.003917636337872121,-0.1296659321387008,0.29155722883231505,-52.41345841931616,deltaRIC1,EKF-G
123,163.12346924797595,91.64514773316975,134.94603779459717,1223.6763329204891,0.18419795209594633,0.035949892932807495,0.18065572438885022,2.9943877158135654,2.098946268997679,,,,0.019349021617290907,0.009354928472736335,0.09551309174447797,0.09790122582922785,-82.20570127174142,deltaRIC1,EKF-G
124,111.41273359850257,63.305422136155165,91.67999092525096,857.1614860062252,0.07218598372919748,0.019215140102561482,0.0695815682331959,1.0741714924457324,2.1052863730001263,,,,0.0650700190386615,0.06967535368109634,0.06696476312476829,0.11650339818491974,-29.024585088896856,deltaRIC1,EKF-G
125,231.53331369480802,124.76759353684587,195.04031109881564,1771.1453353372178,0.1279935621558123,0.03560941003520454,0.12294031832673308,1.6148276550085663,2.9053170289989794,,,,0.03952431988375471,0.009917347269713828,0.007930008935001398,0.04151398175134096,-26.85716756909096,deltaRIC1,EKF-G
126,131.3554418536352,82.22794103985515,102.43445619961012,1051.455694319453,0.15282582785588286,0.03726510985801594,0.14821283765958312,2.418866796662531,2.069349263998447,,,,-0.1854243809008752,-0.19183600256557365,-0.18052588329883668,0.3221379323420898,-54.82510215644288,deltaRIC1,EKF-G
127,198.19275194800346,112.38866608920696,163.24568802700907,1033.5073130022251,0.05866202458757748,0.019878431471743632,0.05519131354603491,0.8606564184696761,2.118682888998592,,,,0.007993907969637837,0.02687868374038893,-0.020417184530562182,0.03468757167052654,-40.05113654019806,deltaRIC1,EKF-G
128,198.6498847202075,94.00306063268877,175.0005751163086,1893.8150773826167,0.22181514692098164,0.04259401667195721,0.2176871818627034,2.4161488608098383,2.9253929469996365,,,,0.06941297289397563,0.06867734572820283,0.07109138810787097,0.1207837906565067,-12.27279471330985,deltaRIC1,EKF-G
129,260.5908726349474,147.33920962622565,214.93896856401474,1310.6605015266803,0.09395805957077095,0.029330776667045876,0.08926266015760688,1.3318788149555065,2.072207598001114,,,,0.018061700619176113,0.023566873445818093,0.053370469317287395,0.061073967845682565,-48.1570757251975,deltaRIC1,EKF-G
130,214.06701227169842,105.56113344391115,186.22978507469819,1869.2994008632159,0.1291563376235147,0.03189256062430955,0.1251567981579269,1.870635691395905,2.8678167700018093,,,,-0.010254289348139767,0.01961418266156678,-0.03378991645823948,0.040393378984327155,-16.280737193294044,deltaRIC1,EKF-G
131,173.4967605917207,97.03233687982171,143.8257679814769,1103.395160471129,0.08794271068325986,0.027110007719860024,0.08365983411260552,1.2347011089893931,2.1160084339971945,,,,-0.08835993098950057,-0.0860056668450242,-0.08781355289083548,0.15137923307124448,-0.990365846446366,deltaRIC1,EKF-G
132,252.79059389547433,117.21393141128553,223.97316501120636,1905.1368867816172,0.15453272878333127,0.03580546341358216,0.1503274195047638,1.307861110619757,2.11233267499847,,,,0.007616035090404871,0.08375112065025525,0.06935388762499861,0.10900557751497317,-23.20397975294327,deltaRIC1,EKF-G
133,155.30028580694474,97.52494130657428,120.85968970201756,1103.460762696226,0.13016575604816705,0.03499843125803568,0.1253723807585526,2.0794972657754665,1.5219724460002908,,,,-0.4504059581549884,-0.46941658151046195,-0.4276997872922086,0.7785528640935577,-61.88487539393827,deltaRIC1,EKF-G
134,162.6870361451248,72.80848292384032,145.48538257850515,1992.8180657372748,0.2790528961470317,0.048368929822789467,0.2748289749568705,2.9351756626897894,2.9247893589999876,,,,-0.06947179329066389,-0.07489545835948674,-0.08554398148754183,0.1332420073199111,-22.46484302572935,deltaRIC1,EKF-G
135,157.68753063078495,86.81030719882186,131.64090504277505,1213.8957610330785,0.12616808317413705,0.03164351546135933,0.12213547044606934,1.5427969088055138,2.9697626599991054,,,,-0.13330770101790812,-0.12859155889971718,-0.12570141489959463,0.22384721994856102,-21.80508280327922,deltaRIC1,EKF-G
136,181.89043086136485,125.56399525188134,131.59715777826838,837.9137766316417,0.14641332312995586,0.03962240214673814,0.14095008491689187,2.2686763260529386,2.0768267800012836,,,,0.0016964553828850981,0.024738743367732408,0.06235734787506675,0.06710679710947869,-92.8324736491486,deltaRIC1,EKF-G
137,172.70807986462168,93.98248060211935,144.89780602340673,1652.7799203068787,0.12050498369336711,0.034622211322107445,0.11542423306267192,1.3610105006117632,2.1250760199982324,,,,-0.031437616738045904,-0.16832590938836023,-0.08571270454819935,0.19149047819292123,-41.03626165933383,deltaRIC1,EKF-G
138,217.90278024563509,107.25766508051555,189.67713336154543,1571.2825293131016,0.24368412480786253,0.06085058910793321,0.2359643161340108,1.9472695170252632,2.923009396003181,,,,-0.45338928520541255,-0.3312346778946016,-0.4595600823096986,0.7255850915168478,-56.27965095545369,deltaRIC1,EKF-G
139,159.89268356454303,104.26993979494763,121.21654141506055,1239.8126296682508,0.11378403833643799,0.03238521641073004,0.10907797732896486,1.7165801279307198,2.132450154000253,,,,-0.44040735360031025,-0.48858530525996124,-0.25801565100468216,0.7065736435677233,-285.65511480747955,deltaRIC1,EKF-G
140,161.1922294974417,113.99964919481597,113.96058456244776,1011.9742515339849,0.09629497771140016,0.03417028586371439,0.09002840827445022,1.5615642734610455,2.9357941950001987,,,,-0.34814573976987784,-0.4285395752795451,-0.2764363565801309,0.6174695805786595,-53.56046845440869,deltaRIC1,EKF-G
141,145.7036546209446,92.03684523302759,112.95474354559546,765.7301852238855,0.11024387029372008,0.029589688093222037,0.10619868782562435,1.6629313917002246,1.4915260679990752,,,,0.005042831643650825,0.010566922101394871,0.009213140021587574,0.014898722856021323,6.759298070210207,deltaRIC1,EKF-G
142,172.22151863383127,95.1214716623953,143.56934599462105,938.1112586848209,0.1359549774852242,0.03361848853989055,0.13173288553471024,2.9755938501270767,2.1185578030017496,,,,0.22215832907819144,0.19640833520003942,0.19511501549704824,0.354965387872224,-0.6076121253354358,deltaRIC1,EKF-G
143,168.0588080972691,84.13160370731968,145.48414427939983,1376.299754638372,0.132763403322869,0.031784635336094866,0.12890251439914682,1.4283625808765066,2.278339249001874,,,,-0.010483995925919865,0.006489918055019084,0.023202313793624363,0.026275094144710087,-6.995986050467764,deltaRIC1,EKF-G
144,132.4286355458972,81.59588219453492,104.30462847565131,732.315043096833,0.10258243444517269,0.02805427580806706,0.09867174603493672,1.3343593996534813,2.127496371002053,,,,-0.016346569420905066,0.014413592324101332,-0.0014010665367314434,0.02183861174521426,-15.811638958759431,deltaRIC1,EKF-G
145,99.3673514226814,68.52588727886665,71.9588306005783,907.8107926959639,0.07628881894525576,0.022385095001247243,0.07293073027090259,0.9728357501016109,2.1292675799995777,,,,-0.060964347764517424,-0.03443520575770087,-0.048531056953726504,0.08519212747064168,-14.483901733525272,deltaRIC1,EKF-G
146,110.1693900193028,61.466863837252134,91.42821855006233,1176.8083736706387,0.15496145185396248,0.028841686478786883,0.15225376409713912,2.4766670966733924,2.881641170999501,,,,-0.00021560112590968128,0.0020378994993968114,0.0036924922654064662,0.004223034139717778,-8.645498128185864,deltaRIC1,EKF-G
147,196.4090846845346,100.83240728825456,168.55074662270778,1503.5882191879878,0.10142705619205387,0.026941460850824304,0.09778346186860822,1.7378888881162662,2.129707571999461,,,,-0.06627830087663789,-0.11776298125104179,-0.11554513597820804,0.17779654487208107,-10.872473091774737,deltaRIC1,EKF-G
148,133.74143009442764,79.99954560021537,107.17668975790275,917.6945272237459,0.11287556578282615,0.02860512521940189,0.1091908428485441,1.7319991777772894,2.8996139929986384,,,,-0.16134518321704683,-0.10741576358551352,-0.0945206140488799,0.21564916158932465,-132.20261410649982,deltaRIC1,EKF-G
149,206.2406450697306,92.50381421286377,184.331896412017,2197.4071755472623,0.20899633099430986,0.037369545878331606,0.2056282651046067,2.9056077194545957,2.1588937470005476,,,,-0.02083824158776637,-0.020749782896052338,-0.015427449564527684,0.033208312254155097,1.413045407847676,deltaRIC1,EKF-G
150,150.31067334683382,76.03091985843986,129.6634017271569,1436.0402772723087,0.10824051346912107,0.02770043289666842,0.10463601088246889,1.5977916376432575,2.756438315002015,,,,-0.0822425521747937,-0.05173481260987245,-0.08088401932814449,0.12642212150837343,-7.994746376651165,deltaRIC1,EKF-G
151,171.52596805560287,98.93402565905647,140.11857936870774,1478.2208407449632,0.11007403850421844,0.03353807704837077,0.1048403135274104,1.4597814915776703,1.584997731999465,,,,-0.16416482338303617,-0.28125169290983176,-0.18338723509982646,0.37374253437171,-19.343915850993653,deltaRIC1,EKF-G
152,207.8804996791518,102.30815519377703,180.96227100614055,1319.8462597659434,0.10032612587362263,0.026002929689675342,0.0968977769629612,1.2510468200154188,2.166172392997396,,,,0.011430490901495505,0.015120020734344264,0.016780364883572707,0.02531505075803744,-26.139312060804514,deltaRIC1,EKF-G
153,184.5902624810302,102.86120265676372,153.27471412734656,1510.4143844150701,0.19516790213141572,0.04811768671008589,0.18914332726281383,2.284525794400441,2.9223542569998244,,,,-0.21174142773460658,-0.25788374210616627,-0.23924315872296442,0.4105797677157398,16.797749138662766,deltaRIC1,EKF-G
154,159.60356397451008,88.67372622152085,132.70368461861298,1686.2892084502078,0.1388288744685465,0.03476500097375727,0.13440554710836194,1.8742109230773185,2.1162119379987416,,,,-0.2160876145987034,-0.21517325695954292,-0.20778262312663887,0.36900813834781765,15.016775915173639,deltaRIC1,EKF-G
155,144.05896311639148,86.02037437868361,115.5572587331534,868.6069307904648,0.09506818003439534,0.026092361565638354,0.09141743555241638,1.1103581833591736,2.9203164749997086,,,,-0.09774314342130663,-0.09307677895478728,-0.08567868274042989,0.15986821304628288,1.438582059527107,deltaRIC1,EKF-G
156,235.2425651970255,114.25854581702588,205.63085660536308,2099.533252133456,0.12379155943063334,0.033463776981173386,0.11918274126912135,1.6595512103067473,2.8259245629997167,,,,-0.1429487289375141,-0.10948462927401792,-0.11496359632830544,0.21363017491182648,12.861303826022777,deltaRIC1,EKF-G
157,141.1533147183237,89.3377514985239,109.28414529637011,1719.4837409745708,0.13985954239744416,0.030763027108652252,0.13643433498476404,2.1817942385529134,2.108881926000322,,,,-0.15817354633673686,-0.10373728420253381,-0.1374391299900477,0.23381575940658564,-98.08903337756783,deltaRIC1,EKF-G
158,159.9649065251097,89.63840360074957,132.49048237324902,1115.9912763577126,0.10619462587251068,0.026856682376580728,0.10274247989963049,1.621658858629169,2.152393383999879,,,,-0.002294909894829278,-0.013771197088268683,0.00526231290769319,0.014919933572499561,7.41950162780995,deltaRIC1,EKF-G
159,163.7844609537385,85.55978628719483,139.65984612764055,1146.152552881203,0.08851661872616952,0.02444713445448639,0.08507367047258706,1.2407644927965793,3.0287528750013735,,,,-0.085277561461373,-0.0803846997612856,-0.08081820944732654,0.14235710527677295,-19.52480475811899,deltaRIC1,EKF-G
160,153.64999062371376,88.81687772365918,125.37895297891069,1049.5893229123983,0.12281551462666566,0.03260522623570819,0.1184084028062663,1.3637077950061878,2.1281985840032576,,,,-0.12053669122601218,-0.09422316419689003,-0.08057726283036448,0.1729155686692865,-60.353689226321876,deltaRIC1,EKF-G
161,133.63301224857258,85.98378093765298,102.29648761464323,782.8764082020052,0.07278738097872109,0.021152937136908436,0.06964593369482161,1.2016918594109105,2.1549705209981767,,,,0.005557635506902248,0.011121595062762335,0.0008171657639286511,0.01245973310522249,3.5012022847367916,deltaRIC1,EKF-G
162,224.948100490905,90.50292802431258,205.93899080429722,1797.9717591131823,0.20240189691639734,0.04378012826197566,0.19761029387337314,2.21515702806291,1.6183169789983367,,,,-0.09140221603304877,-0.0753732248374206,-0.08679693015048873,0.1468645471231682,-1.0172628685104428,deltaRIC1,EKF-G
163,110.47640332311845,67.83284359010834,87.19943246198473,878.8494781824757,0.14039205506496025,0.026850839860866404,0.13780044094315858,2.3105929904015547,2.9042969130023266,,,,-0.11196182600067872,0.004427813291273619,-0.03637602718945476,0.11780607525096738,-134.37762448481226,deltaRIC1,EKF-G
164,221.2835260396131,109.51293830127528,192.28446437802825,1560.6450342884368,0.15832065407395537,0.04257065976724711,0.15248989616819317,1.9657549267365793,2.931767727000988,,,,-0.1357048376761284,-0.15475853084419144,-0.1785286499349028,0.2724674011424779,-29.85035959583911,deltaRIC1,EKF-G
165,102.21322599744808,67.40157984471624,76.84120381176845,1094.7446984512785,0.11316953752117491,0.028863315722030197,0.1094269310009516,1.3073047554486426,2.695113986999786,,,,-0.1364535694303104,-0.14075270216123248,-0.13951439876835925,0.24061414596747616,-14.359448628798418,deltaRIC1,EKF-G
166,141.8548164303001,67.12794874885928,124.96650527739288,1215.2642271486045,0.12732379354999188,0.029700701102418958,0.12381121418508798,1.2274214365166358,2.145344872998976,,,,-0.08084193792452399,-0.07928879390325327,-0.0789216565700337,0.13802448928282077,-4.792515005858149,deltaRIC1,EKF-G
167,149.96917734421507,81.00638398269216,126.20903259018061,1538.687845070088,0.1522847208549231,0.03180676850879311,0.1489260409830661,1.5994916924339109,2.1375072820010246,,,,-0.09814869232571155,-0.09738707687580506,-0.10716605345955088,0.17493419208878655,4.412601888405334,deltaRIC1,EKF-G
168,177.09390480092665,103.65748118118003,143.58752631344055,1156.1298963736801,0.1822375839953696,0.04280355350675949,0.17713947281073006,2.255170923124913,2.1233597399987048,,,,-0.06467233242572956,0.028957304373571358,-0.019716474645715687,0.07355117558831317,-15.750562462148082,deltaRIC1,EKF-G
169,216.9217028564535,117.70978305232528,182.2071133186573,1246.7416256985932,0.10978936704615269,0.03706545838997202,0.103343393164421,1.132381782051453,2.113532605999353,,,,-0.0032654373618313803,0.13236455891918508,0.12274414521753374,0.18054684911185095,-39.04960673421738,deltaRIC1,EKF-G
170,189.5207216452715,98.64720971525249,161.82345920273565,1863.743009596825,0.12498809154876021,0.027820344488045472,0.12185258085722987,2.503215307149797,2.763228938998509,,,,0.012558734054032294,0.015755437892696955,0.015343167339623154,0.025325252382596704,3.36720174090442,deltaRIC1,EKF-G
171,193.49157414054594,109.78825437020544,159.3283667955253,1036.120192350032,0.21631828700873085,0.0505739082827016,0.21032327758810843,2.1656407274957976,1.6077494439996372,,,,-0.08872282184099145,-0.09174894601522166,-0.09461278387261585,0.15887475281635746,-14.641129746218212,deltaRIC1,EKF-G
172,151.4949830401999,89.33660437819678,122.3507294809639,906.6384697829418,0.11778361666496857,0.027638614649190863,0.11449492274749042,1.1311939927922432,2.9545062620018143,,,,0.07667225423584689,0.0576297472529721,0.079201517069174,0.12438931885056066,-35.22956466433243,deltaRIC1,EKF-G
173,169.23155825939867,95.18873419302928,139.92292590434585,1221.5191970086823,0.18676661521238413,0.04215725491664008,0.1819465152614476,2.919754887421623,2.2369655959992087,,,,0.00018600009642222304,0.005954472027870139,-0.005074291902121164,0.007825520524188116,-31.631705629333737,deltaRIC1,EKF-G
174,170.2115841294573,93.30731895369247,142.3577451406604,1374.1986797369598,0.14723624091271909,0.03178639322493049,0.1437641674544055,1.796306889412432,2.131517709000036,,,,-0.06577787983437255,-0.07146035272273243,-0.03562111991454375,0.1034513202947589,-5.985516485568951,deltaRIC1,EKF-G
175,133.79296406847078,91.82130592425922,97.31086790585476,981.0913711953375,0.13161337064465048,0.029568559091186074,0.12824889724951707,1.888155162488152,2.0802332419989398,,,,-0.17838036032731253,-0.19505629035370742,-0.19298793060360597,0.32727794107717356,2.795596373391163,deltaRIC1,EKF-G
176,239.450077796116,131.07736271350177,200.38728687379123,2027.230389265045,0.16217252935926615,0.04840897581285631,0.1547788756243317,1.697963810729497,2.8817106829992554,,,,-0.28516414155020176,-0.400693787005604,-0.3001710897315175,0.5761742632932875,-170.89333935776085,deltaRIC1,EKF-G
177,178.98362138380108,87.31330741859371,156.24187361679327,1601.2042652422363,0.16634806969399812,0.037562423086560146,0.16205167281699231,2.1494196411441333,2.883878545002517,,,,0.013055646153925737,-0.009426900560054685,-0.004620270091921452,0.016753007084937887,-12.601003445641254,deltaRIC1,EKF-G
178,211.71416282947757,108.3124546051408,181.91013968439432,1753.885866287941,0.1147715784147982,0.028536612991351757,0.11116733751784283,1.3052422897992686,2.1026405270022224,,,,-0.04284837068020586,-0.037841175581360464,-0.06940755903604634,0.08991855587513589,-18.342895004134334,deltaRIC1,EKF-G
179,185.96738889035817,71.39043192751144,171.7185952653383,2151.0117369030527,0.16176640499784065,0.0325195970971608,0.15846401986117772,1.939515356934515,2.1007962910007336,,,,0.02792855443586828,0.03148334848756229,0.027857990453317383,0.05047051631362286,-29.24553580369684,deltaRIC1,EKF-G
180,188.47674255128797,104.8295694709026,156.63410818621114,1227.7778800867918,0.2040693274101809,0.04287616224174661,0.1995142228039471,2.768157329150236,1.4339198680027039,,,,-0.04596760253225529,-0.045382791054108806,-0.05000570346396038,0.08168958676202151,-18.74494685963873,deltaRIC1,EKF-G
181,134.5104031720394,83.59883206790937,105.37686576467374,1361.6842465874229,0.14511042742162142,0.035189630353586174,0.14077899723347806,2.1266828275203116,2.9467319390023476,,,,0.020924456394602498,0.009788083039628637,0.03524531912954143,0.04214109592243071,-15.762846191333665,deltaRIC1,EKF-G
182,116.75473054034337,84.4638377136032,80.60724050752695,618.2260978149246,0.07586774415539889,0.022958571597990016,0.07231057041269295,0.8757763606009911,2.1153874049996375,,,,0.04009029656269725,-0.026712331008973855,-0.01759334226421938,0.05128651088194603,-15.15048522347206,deltaRIC1,EKF-G
183,159.50214339962744,97.66798536558682,126.10272948553825,1359.5982623489324,0.1577001745500375,0.0367921678346523,0.15334823585271226,1.9376523760891384,2.8801490389996616,,,,-0.052222469927235005,-0.028175977366303617,-0.03454961188729966,0.0686640207635007,2.706434802021249,deltaRIC1,EKF-G
184,118.58423872717862,70.98116852662268,94.99418608051587,1277.814095037573,0.10529831882541965,0.026218656033161595,0.10198194949732274,1.5568667677126815,2.0910593299995526,,,,-0.2818157984934071,-0.11616522301855048,-0.27292254351221323,0.4091469394686976,-32.15833908712375,deltaRIC1,EKF-G
185,237.57977479494707,100.48346472633834,215.2840512165462,2690.444869303086,0.24957087002646053,0.055192228209162704,0.24339153048344175,2.011795562132444,2.1384757259984326,,,,0.08461432217072984,0.06990262744551479,0.10014285773334963,0.14857507460943914,-34.60257032775553,deltaRIC1,EKF-G
186,207.4308200572153,130.87020529200467,160.93642992323828,1532.4596710696721,0.13259591779112542,0.03924423847700062,0.1266553084605268,1.6783240243129798,2.4417751530017995,,,,-0.3999437735969247,-0.37945417426364403,-0.19524691173160635,0.5848605380308897,-164.5520559319266,deltaRIC1,EKF-G
187,233.83805169745258,149.613380651682,179.71107576227854,1025.6358137391803,0.15818167805118924,0.04742672234240727,0.15090443757208166,2.290647578766236,2.11482404599883,,,,-0.7144721145364774,-0.6847782930325199,-0.7587812813927928,1.2470528240819816,-111.5137612737235,deltaRIC1,EKF-G
188,255.17897573662884,152.72212024068594,204.4315622578482,880.0108284717371,0.1590379202696082,0.04846567179161596,0.15147322780435366,2.239857887557223,2.9318651930007036,,,,-0.1312647131496586,-0.1265386396296222,-0.13514556136759648,0.2269510409646546,16.49444701349421,deltaRIC1,EKF-G
189,144.6753851796581,81.55789524193027,119.49592796655776,1187.985881849112,0.11480436601792011,0.028470887898752725,0.11121803360531611,2.1766570096972973,2.9414819789999456,,,,-0.042863669123145653,-0.07261936140943548,-0.036371629245118275,0.09183551162898293,-26.648012578960333,deltaRIC1,EKF-G
190,116.70938305232654,87.21187918471361,77.55751557086914,628.0896635293941,0.10338339876999499,0.025994561491132585,0.10006203033178733,1.6143326297993195,1.7229322470011539,,,,-0.13633407506050377,-0.10838700122255418,-0.2870899406760562,0.3357906432496333,-172.19365511903743,deltaRIC1,EKF-G
191,167.31899262876192,99.49324792633878,134.52412018434376,867.8215380217293,0.09781357838611016,0.027354825713091727,0.09391064703696857,1.0889876854003742,2.14740049700049,,,,-0.09331553482967858,-0.04705250630053259,-0.08917231436258988,0.13738059920706114,5.2267416676695575,deltaRIC1,EKF-G
192,207.19046205837742,116.58544995739791,171.2767363835352,802.5085930628514,0.08013140275617588,0.024941337244280718,0.07615097769654389,1.245766110899276,2.1249294849985745,,,,0.015682982076717922,0.014979734609732898,0.03231922954707911,0.038921471892947174,-14.405370826134458,deltaRIC1,EKF-G
193,131.7641756408865,79.80851491114669,104.84464187548956,769.0716043191557,0.11285127184356063,0.02933945345879283,0.10897066590348316,1.5172712238977581,2.8978435440003523,,,,0.03584521353372505,0.08135433789115543,0.02748729725950061,0.09305352834588693,-21.726619598914112,deltaRIC1,EKF-G
194,133.16601418990916,86.35393787449979,101.37151842995208,688.7441822312974,0.1569845440838543,0.033469082575238736,0.15337525091352724,2.0244525480803213,2.117247211997892,,,,-0.02209234386797221,-0.017665690152815272,-0.011379561611820299,0.030490042450498786,1.4434657448509824,deltaRIC1,EKF-G
195,155.81836953218058,85.80574372960173,130.06436340011467,1839.3119894852484,0.1410295067154469,0.03423466265614009,0.1368112189742587,1.7270769489357065,2.9305998429990723,,,,-0.00593075608037863,-0.012614202936854557,-0.0396204826212434,0.04200088840200108,-47.3581317089629,deltaRIC1,EKF-G
196,128.31758060559616,83.20392080919193,97.6857668980051,989.7285532073121,0.14462907622869112,0.03163142488813567,0.14112768208367477,2.0488693523136043,2.10464384000079,,,,0.11931004362460529,0.10281369164590726,0.08030735484034257,0.1767903078254507,-54.97127646582521,deltaRIC1,EKF-G
197,149.83138051666037,97.10217976070076,114.10788436058584,1582.4596407080119,0.16364221302545198,0.04135674013274276,0.15833001588283943,1.6588953945696396,2.1611052400003246,,,,-0.027169566293810954,0.03691649952862841,-0.027615980661966688,0.053513135377803535,-25.870989535607805,deltaRIC1,EKF-G
198,236.92333318363242,116.8141146521886,206.12406076163896,2180.197694340766,0.0892737927575072,0.022370413846202954,0.0864255440113625,1.5604990358321564,2.9082931189986994,,,,-0.010468060198980278,-0.01352323235918862,-0.0030365854801228664,0.01736890754043484,7.047609163091693,deltaRIC1,EKF-G
199,205.57398008946316,100.94770417387805,179.08160796644142,1907.2746173371156,0.11687712347384421,0.03695969605390696,0.11087940683067816,1.2723964131677197,2.109900598999957,,,,-0.2615897511138323,-0.11194492639114029,-0.16705448338498785,0.329951609863537,-29.830082564665645,deltaRIC1,EKF-G
200,140.0095154588647,91.39942404051234,106.06040592081804,1172.0161541769291,0.11347681081680071,0.030465717181586107,0.10931068872605089,1.98840395571193,1.6218247649994737,,,,-0.26409444905412605,-0.29868867144293354,-0.29678788509702003,0.49703505833080736,13.446164167151437,deltaRIC1,EKF-G
