config,mode,seed,x0_pos_err_x,x0_pos_err_y,x0_pos_err_z,x0_pos_err_norm,x0_vel_err_x,x0_vel_err_y,x0_vel_err_z,x0_vel_err_norm,dv_guess_err_R,dv_guess_err_I,dv_guess_err_C,dv_guess_err_norm,t_star_guess_err
deltaRIC0,BLS-B,1,1216.5821887568043,859.6656112931041,-745.7766326203762,1665.9171561043574,-1.9523521565942057,-1.6476764198509941,0.16606751284602522,2.5600966674549417,,,,,
deltaRIC0,BLS-B,2,1802.0962537381306,-801.9127964984071,-57.0996389527044,1973.2905031174273,-1.0375382926516563,0.08240205575838278,0.9779841803584377,1.4281907661594395,,,,,
deltaRIC0,BLS-B,6,1745.3232576153637,2911.8294840419585,-1804.6818412812113,3844.708150947131,0.24215699477809455,0.5376251020390141,-0.4787975762774286,0.7595576867569431,,,,,
deltaRIC0,BLS-B,5,-190.03111495028307,582.3024031934638,1455.0739745828353,1578.742596157594,-0.5912917875659108,-0.688195688995287,-0.17097050326239338,0.923293126466554,,,,,
deltaRIC0,BLS-B,3,-1397.7013166015206,-1661.8038492384965,915.1253985125416,2356.398841193113,-1.3711735634462272,-0.6317779487980174,-0.12129710407952085,1.5145868430497254,,,,,
deltaRIC0,BLS-B,4,-562.7965914257072,566.7659041223603,-583.8517815069617,989.3667147043527,-0.5340735545629803,0.9366861153776486,0.1395914832897364,1.087244785056169,,,,,
deltaRIC0,BLS-B,7,-100.35080006369819,-834.6927434855999,211.26980170447487,866.8432316244904,2.2909461718325397,-0.5387569664728519,1.1166485358888738,2.604917922672414,,,,,
deltaRIC0,BLS-B,9,728.087830032529,-485.40846086522964,-480.63550004970176,998.3705454534678,0.7870212224230648,-0.6338824861949477,1.9008242185236421,2.1527522199674998,,,,,
deltaRIC0,BLS-B,10,-1508.382909275355,2848.074240458545,-1677.5584426661028,3633.3109155036295,-0.1134801413272868,0.11243393268336284,0.13686190133903572,0.21035758063935775,,,,,
deltaRIC0,BLS-B,11,903.8350263082697,483.5902540886392,180.89184314998602,1040.9126512582045,1.7455520527565231,0.5476893639818975,0.005034523288413314,1.829464663426476,,,,,
deltaRIC0,BLS-B,8,864.5519067068115,943.9607247786118,-402.9773504189663,1341.9771213644574,-0.37958581368138816,0.655054963377508,-1.8637785928472848,2.011679158849511,,,,,
deltaRIC0,BLS-B,15,527.1712078553843,-98.72004605529791,-153.52909854974652,557.8766117936499,-0.15217365697658672,0.7131565120134402,-0.30466352920885453,0.7902967155029803,,,,,
deltaRIC0,BLS-B,13,588.0567701170796,-247.05016190219334,1296.3434205337612,1444.7666978919483,-0.8640007804003574,0.5936646173107969,-1.1044830125096594,1.5227664795698697,,,,,
deltaRIC0,BLS-B,16,-515.1539331130119,1469.3920003528888,1961.9100915685326,2504.713083948203,0.47468466893123556,0.46331419901258997,-0.6195714782888812,0.9076642543551575,,,,,
deltaRIC0,BLS-B,12,966.0609496383138,-1351.2490065050802,-492.77730399000626,1732.6214552881152,0.5264309091527242,0.6218176891589153,0.3537948512940267,0.8882328171512577,,,,,
deltaRIC0,BLS-B,20,123.9083570315129,-429.97166276346337,934.8875123613086,1036.4572217370778,-1.0118962024729325,2.267493293399191,0.6991807342616229,2.5795955999636986,,,,,
deltaRIC0,BLS-B,14,-147.62427734040952,-1483.1956457087288,-2067.9121016690883,2549.1023343402826,-0.6887856058713059,0.612994508787544,1.2080670010036836,1.5197413456155024,,,,,
deltaRIC0,BLS-B,17,1495.2085272811166,-276.72281503715726,-1262.8673764301286,1976.62795357846,-0.38418400483776255,1.6934553608530274,1.799377735326385,2.5006296493410116,,,,,
deltaRIC0,BLS-B,21,747.452685396042,678.4033202941014,388.1300082055202,1081.4626600865297,1.2393569180294786,-1.6052229901539852,-2.5336688844808872,3.245338878233374,,,,,
deltaRIC0,BLS-B,18,816.4835072050148,-1241.5841890469533,233.57761075543232,1504.2390489132365,-0.0538483346582793,1.236996332524299,-0.1060907578414829,1.2427046385700087,,,,,
deltaRIC0,BLS-B,19,-465.8994427524357,-1321.7732671489916,-29.139249039008035,1401.7831345615866,0.9290439589958662,1.1288979441041675,0.7267924139940558,1.6327156699770586,,,,,
deltaRIC0,BLS-B,22,1050.3415426821348,1716.240457173211,-180.12256080603663,2020.1838530275713,-1.2755512846982207,-0.06974172554515051,0.16912733215382172,1.2886035242303062,,,,,
deltaRIC0,BLS-B,24,-1885.5618511029975,-1252.7322466551425,1349.2411309035115,2635.3620634490417,-1.2944265402917972,-0.04182246173831621,-0.07802773880419807,1.2974503900113254,,,,,
deltaRIC0,BLS-B,25,1299.182427620178,-814.1725806932351,1234.000596162245,1968.123330159601,0.005487634350319156,-0.554721550014234,0.4433610397263945,0.7101514794240921,,,,,
deltaRIC0,BLS-B,26,5.364255151391547,-814.4656596411559,-1824.944430957438,1998.4507154419896,0.9465189725004315,-0.5978459709672033,0.8411994638485469,1.4003337131855655,,,,,
deltaRIC0,BLS-B,28,754.8000330619021,-72.60964423757098,1495.8840105675374,1677.0999443736725,0.24477386120566952,1.2797557125790577,0.3187413781736211,1.3413742927193302,,,,,
deltaRIC0,BLS-B,27,35.867148009079216,683.3927995350406,-37.229935686043106,685.3453427826239,0.9317935797534782,-0.7760315528963501,-1.7323671518345019,2.1146063924796277,,,,,
deltaRIC0,BLS-B,23,-11.017456998423807,356.5858511830404,-21.09316324020464,357.379035700366,-0.4352385460408071,-1.093730790799422,0.50290891142711,1.2800769538958374,,,,,
deltaRIC0,BLS-B,34,1210.8545408781272,1073.982051409893,-375.91234018152323,1661.6005095739865,-0.2511154090258257,1.0266138598740793,-0.04705318311673851,1.0579267309115414,,,,,
deltaRIC0,BLS-B,36,-215.8585161367498,813.5706593318647,2401.4807191387567,2544.720369924689,0.4201834846972547,-0.8334791612172461,1.1507200115768206,1.4816876249868223,,,,,
deltaRIC0,BLS-B,32,-31.342260076104285,569.121061839632,-1693.9059368404633,1787.2320619213153,0.5987719850404624,0.00659631602819792,-0.0806839971141934,0.6042195866113268,,,,,
deltaRIC0,BLS-B,37,58.34211555920497,818.6870675257014,-33.379814750538294,821.441738052393,0.05802986794386743,-0.4777649147405224,0.8642072958448344,0.9891820002011977,,,,,
deltaRIC0,BLS-B,35,-704.1234878453205,-1610.926575053682,-743.8237879380262,1908.9652023680576,-0.05198567549646117,-0.7271398491890634,1.1157397108792253,1.332782792944287,,,,,
deltaRIC0,BLS-B,33,2114.968981008593,169.34455968934972,-442.1586361484029,2167.319918711938,-1.461417105866295,0.14085721226778522,0.5813455753253367,1.5790957505853838,,,,,
deltaRIC0,BLS-B,30,352.63156693412157,-180.48213053358154,692.1743727902287,797.5137514726007,0.6558111904512469,0.6899272748066075,0.3946758623592211,1.0304644575977129,,,,,
deltaRIC0,BLS-B,40,991.682765525906,-1114.1599486968341,-1795.2893730281921,2334.0632021496763,0.9447977997806756,-0.11400843786618166,1.0663531613699013,1.4292480089678892,,,,,
deltaRIC0,BLS-B,31,418.9250882286721,-1199.7406277075695,394.89501910437724,1330.7208119786058,1.0312241311036112,-0.3551698340388698,0.6688502000308195,1.2794254216885264,,,,,
deltaRIC0,BLS-B,38,-325.1159668106905,-1149.166274942089,1309.6729695497197,1772.4352756895548,0.4535077315615546,0.7242675617274358,-1.2867103345003505,1.5446217169477827,,,,,
deltaRIC0,BLS-B,29,599.3515781603077,739.8756493368783,225.65031025156156,978.548084276672,-0.8605283531687403,0.004396399976429032,-0.6744915296587822,1.0933742262013957,,,,,
deltaRIC0,BLS-B,41,-747.659065093152,-890.1212216180824,-617.4485891990598,1316.2646493371851,0.37890460465480047,1.6162251091978954,0.7661915321349458,1.82833305689791,,,,,
deltaRIC0,BLS-B,43,-730.9191518332293,1282.5080832560843,246.28021903198456,1496.5706586794506,0.9159842692443994,0.31717255885675216,1.0827849209161906,1.4532889590712568,,,,,
deltaRIC0,BLS-B,45,317.5647906296757,-1003.8784163911636,619.3777133969791,1221.5760406117051,1.0566159791452394,0.9527802063730111,0.794179361486912,1.6294012112592189,,,,,
deltaRIC0,BLS-B,44,299.146483678077,83.15108305520009,-2156.23137179144,2178.471126732646,0.0715334021429775,-2.602424977052608,-1.479239324231959,2.9943082284834404,,,,,
deltaRIC0,BLS-B,42,312.0621317267384,858.2704301818718,-1262.9629368673227,1558.5526251246522,-1.9111593252604877,-0.5674472812283516,1.801528407832186,2.687011534722161,,,,,
deltaRIC0,BLS-B,39,491.57631803868435,-803.4171787820785,-979.4555480651917,1358.844954457391,0.5479799809666202,-1.2129112154848225,0.5821297512953816,1.452690856146713,,,,,
deltaRIC0,BLS-B,48,-1031.841628725968,-957.4359919226794,-842.705547632288,1640.589365262087,-0.8637949296185866,-1.121529061474705,1.1120669093906133,1.800183859256799,,,,,
deltaRIC0,BLS-B,50,-1427.4635781363095,-1458.5883630204398,1422.902088105729,2487.927376749572,0.5529161277952818,-0.02711077640170785,-0.4620523346218046,0.7210711466302697,,,,,
deltaRIC0,BLS-B,52,-681.8743630211662,-210.71969286452313,191.09262525352818,738.8313930341113,-1.2324261319950096,0.2997991570152371,0.6804537003216516,1.4393647708807715,,,,,
deltaRIC0,BLS-B,49,603.3788315355432,-170.46909214076757,-294.0583085258043,692.5287102594029,0.5134451423590478,0.060999486039776854,0.07318955197328075,0.5222102661067373,,,,,
deltaRIC0,BLS-B,46,-191.88395674444158,1088.107951751033,-525.9821572587003,1223.7056824556496,-1.6827193825313944,0.922159116830929,-1.1487201171692456,2.2363988608230336,,,,,
deltaRIC0,BLS-B,51,1660.5748686895847,228.6869458865011,-480.79760260723486,1743.83856718883,0.4088096030306921,0.02686515258941397,-1.7238897201023746,1.7719037205865358,,,,,
deltaRIC0,BLS-B,47,-807.694739380652,-377.94819741043096,393.83209130170377,974.8432428283262,1.8049635761877196,-0.3056214377942277,-1.0223412095869253,2.0967783677402414,,,,,
deltaRIC0,BLS-B,55,-676.0948636728864,-30.11491542978184,343.63249514959705,759.0088698684223,-1.2854454005665257,0.8806439462223106,-0.7414970331153995,1.7256075706760734,,,,,
deltaRIC0,BLS-B,53,1675.9243668483641,-665.2012677370448,371.4459936944627,1840.974561537103,1.085370943114184,0.3707168304211126,0.256050995429825,1.1751694196049578,,,,,
deltaRIC0,BLS-B,58,2317.4694003069903,148.228745279339,-206.74366864600907,2331.3899559729466,-0.7051221103374167,-0.0048769522721105515,-0.6309212615208419,0.9461937504492445,,,,,
deltaRIC0,BLS-B,54,-1914.375970546227,-404.89986036115965,-1224.142496401279,2308.095341406167,-0.9178751254966833,-0.38838960701945957,-0.6401833366736153,1.1845572748503324,,,,,
deltaRIC0,BLS-B,65,-1960.1340098716412,138.20034734766077,1005.2273730194727,2207.1943149913473,1.3885866915172045,0.870587428921323,0.8575558663434033,1.8497290437127598,,,,,
deltaRIC0,BLS-B,67,166.9015303517654,1171.4050788519219,581.8537177912104,1318.5597174573825,-0.9796519810561979,-1.361187526449211,-0.9469051585609064,1.9259228607235312,,,,,
deltaRIC0,BLS-B,56,208.5089001579946,-908.7137351777477,1815.8766088721466,2041.2360158969361,-0.2455551026367759,-1.085149095023351,0.10995288751208497,1.1180051450387876,,,,,
deltaRIC0,BLS-B,61,-429.21608397157786,478.8636952533958,-24.90627662237262,643.5504704270083,1.2916453051886938,0.31801076442177856,-1.4269280022937514,1.9507952133512514,,,,,
deltaRIC0,BLS-B,57,-1202.2562037244275,-99.25486633678221,-1017.8062182987204,1578.353891208479,0.5734001447912616,-0.41158172029771833,-0.9567538887693653,1.188934498702587,,,,,
deltaRIC0,BLS-B,60,-982.4538900456199,-348.0440006450926,-310.6442496641753,1087.5891330370264,-1.6219276439631527,0.14967880548555365,0.05798452773457811,1.6298512915355339,,,,,
deltaRIC0,BLS-B,66,157.77371893420943,1098.2400932466653,-289.9941791396846,1146.7870215239072,-0.4281264081969193,-0.7663003499549658,-0.3973746698048632,0.9635429808468443,,,,,
deltaRIC0,BLS-B,59,177.2464711795738,-1448.0193242693742,589.6105328745282,1573.4728645514456,0.3067173127447097,-1.2699066606595975,1.1294311597502713,1.726949096337176,,,,,
deltaRIC0,BLS-B,70,251.99152428694194,990.0078941695839,-1114.3710540511731,1511.7665841450766,0.037632729418446,-0.9471428396098216,0.6691786036130758,1.1602998683448966,,,,,
deltaRIC0,BLS-B,63,-16.726427610251267,-1277.569623415483,-965.4926637101502,1601.4493434800556,-0.24166020921099712,-1.232926935227201,1.4256928465006717,1.9002917083668573,,,,,
deltaRIC0,BLS-B,68,-135.48696787993754,-1313.1589149121855,-666.0152246875948,1478.620753876502,-0.10714009172084236,1.3409453829233886,-0.0026702257997519925,1.3452214127582587,,,,,
deltaRIC0,BLS-B,64,498.73246143848917,-5.79964657597963,929.6934764807802,1055.0344374492329,0.5113148238419627,0.8854960816008648,1.4923446979161885,1.8090436304881048,,,,,
deltaRIC0,BLS-B,62,-576.8021243325462,-2611.829609563589,1069.0161447641049,2880.477411436156,-0.1790309004363123,0.4429326026456953,-0.47799510551952984,0.6758111235383394,,,,,
deltaRIC0,BLS-B,71,535.3250336072798,1085.383386583267,1093.3870786127677,1630.9890530457155,-0.09117600891661308,1.5746414429107078,0.9141724080584113,1.8230523662224276,,,,,
deltaRIC0,BLS-B,75,-1784.5875801822851,10.840379547261103,38.461192711798766,1785.0349040045146,-0.64037886146036,0.38095789500377736,0.15278861423980522,0.7606302417155764,,,,,
deltaRIC0,BLS-B,72,-213.02788871141868,1288.4160892893437,-53.4753549514145,1307.0028745552438,0.050882726814277496,0.11299318957551574,-0.6432591848897237,0.655086934477781,,,,,
deltaRIC0,BLS-B,69,-1071.86452195416,-724.9931181477463,-605.8225620436123,1428.8210354927933,-1.512514045648869,-0.7383299367296787,-0.7766620748603242,1.8536541781796043,,,,,
deltaRIC0,BLS-B,76,95.55514852494989,-564.4267097776954,-154.97771338442647,593.0652483209293,0.8333598879564863,-0.7740367381483217,0.27448322711698003,1.1700267590216442,,,,,
deltaRIC0,BLS-B,74,25.719793623994796,-90.43157096225424,527.3960344167548,535.7106998458038,-0.09488321052412128,0.07798531607298678,-1.886163990016889,1.890158493459953,,,,,
deltaRIC0,BLS-B,77,-1762.7928825017816,-902.0426404569025,297.3116074694759,2002.3770533387271,2.0586366136744876,-0.06246993250472803,-0.21182970149543373,2.0704489904520593,,,,,
deltaRIC0,BLS-B,78,-261.9369718641336,633.5658261715306,878.1415639240861,1114.0687768772652,0.24688652677485018,0.0667824801132928,-0.37336194576938025,0.4525615972458653,,,,,
deltaRIC0,BLS-B,73,-296.0636665928437,604.7453638023114,476.7503138717188,825.0221278811683,0.4459845590463795,0.27607156494152574,2.1885836484121075,2.250559068759118,,,,,
deltaRIC0,BLS-B,80,226.66008130756632,-50.53547827043853,-103.70757528786802,254.33027384576803,-0.6754460244840242,1.3153891868234606,0.012336275068602453,1.4787252038448275,,,,,
deltaRIC0,BLS-B,79,426.80670662389815,-386.9845025574549,1785.7145888698064,1876.3521958686863,-0.9597699670365337,-0.6380572817813281,0.19200824673542033,1.1683931920693034,,,,,
deltaRIC0,BLS-B,84,-548.9436919680373,586.661811258729,-442.928204654948,917.4402717451026,-1.0294923606515578,0.22843028305960725,-0.5927071872275128,1.2096845558449358,,,,,
deltaRIC0,BLS-B,89,-174.00878829204737,1543.1975238280088,-193.66192672861763,1565.0056222953338,0.6764763225604961,0.26894896861812445,1.2484977930971817,1.4452337188407478,,,,,
deltaRIC0,BLS-B,83,-1290.0217338523935,1730.8261747323984,-789.3029184803121,2298.4591399613482,-0.6519518932089234,-0.973070896329179,0.5656997731331158,1.30073997157942,,,,,
deltaRIC0,BLS-B,81,-637.9277954589751,-692.1980836427108,-1352.9727327673074,1648.2188188555624,1.059126830874443,-2.48970700279787,-2.0677370978691267,3.405279329153944,,,,,
deltaRIC0,BLS-B,82,-870.8467717729609,1654.3658285465658,-1597.9442879794035,2459.415853827074,-0.24120968571067994,0.5774155773257381,-1.059662054419426,1.2306398868050146,,,,,
deltaRIC0,BLS-B,94,60.20346846574813,924.6544093355221,-364.1909345601079,995.613012738732,0.23146287845127073,-1.4680304736372967,-1.3582870346160498,2.0133634058546797,,,,,
deltaRIC0,BLS-B,87,-1821.0206164079457,1723.2544230489664,74.25354528178816,2508.233537956048,-1.9794287514625521,0.3300537415369351,-0.8818215798269556,2.1919587024092486,,,,,
deltaRIC0,BLS-B,92,205.40628504343937,1091.148208967912,324.43499744411395,1156.742937491209,-0.5162330422563404,-1.0271198694364922,-0.5003689487467063,1.2537307785080325,,,,,
deltaRIC0,BLS-B,90,1149.280498500209,588.5601516358797,142.72491710130646,1299.08395351806,0.5728752656183721,0.5570505916129745,1.9545449818111893,2.111572285643328,,,,,
deltaRIC0,BLS-B,91,-781.6142438733476,-2707.40202254976,-103.10900404293415,2819.854252376701,-0.6849667111279247,0.03322383024976805,0.9240424404055333,1.1507118014170554,,,,,
deltaRIC0,BLS-B,85,-550.5837611589847,227.35769507456982,419.9805462723959,728.8468006439042,-1.2706771415268008,-1.3842676285936595,0.41060914831177414,1.9233868925019624,,,,,
deltaRIC0,BLS-B,88,1277.8087673291636,1947.501353151597,-1486.71129265766,2763.307299977038,-0.3847834093275808,0.24916344036803498,-0.9715747619193453,1.0742896304574594,,,,,
deltaRIC0,BLS-B,95,929.6271825112775,825.2553928464343,-48.931415495333944,1244.0447923239562,1.6202396814164977,-0.12984006615565913,-0.6247354719568208,1.7413585150499742,,,,,
deltaRIC0,BLS-B,96,-390.75990569954126,-552.9037651903044,-4.7100802991279895,677.0657739986226,1.0728994004097478,-0.6320605558631717,-1.2899358597433368,1.7929161140247023,,,,,
deltaRIC0,BLS-B,99,291.37128411193044,438.6625467638508,-907.3641725299382,1049.1100022063092,-1.4041999499013817,2.0998093854939532,0.7063573513802056,2.62295971424656,,,,,
deltaRIC0,BLS-B,86,-1866.7953521316538,-2494.5583151338456,-1933.1481032337463,3666.7161961869897,0.9216620121099642,-0.6150276753381828,-0.782689088193778,1.3565847245108154,,,,,
deltaRIC0,BLS-B,100,-13.800738789073545,357.5461139841666,1613.5408335741045,1652.7382447403213,0.23738912982157237,-1.18817519027507,-0.2406790907279704,1.23533003948592,,,,,
deltaRIC0,BLS-B,106,-1834.9695633352521,-375.68763226723377,-908.4541299153705,2081.716455611959,-0.10018583801901937,-0.9350088301619207,0.03381049997362131,0.9409685778647462,,,,,
deltaRIC0,BLS-B,93,399.62824350798144,-104.32184554889619,2.965443870784138,413.03096049249507,0.8290710567099796,-0.9576038231359917,-0.8818222204183433,1.5433646126506877,,,,,
deltaRIC0,BLS-B,101,835.1509845703031,-657.0133182941994,324.6619984338797,1111.1026418255797,0.2802668941514156,-0.6155162361294366,1.4370940911980028,1.5882849857164938,,,,,
deltaRIC0,BLS-B,97,-1162.333244600598,-1238.3995331359715,3110.987067073796,3544.41708982952,-0.20549004415431013,1.1364707278452248,-0.7477245776645028,1.3758211793467765,,,,,
deltaRIC0,BLS-B,98,-605.4894047529702,1229.9785078558264,-1577.0905324647892,2089.6600433193494,0.24802156821120164,-0.3063641139015415,-0.21353735091955145,0.44829886105405187,,,,,
deltaRIC0,BLS-B,102,-65.98898681667931,-512.1727286249935,754.2151176877785,914.065585216429,-0.9498037857846365,0.29304822220539745,-0.9030253412327405,1.342929357388943,,,,,
deltaRIC0,BLS-B,108,-527.1523209613104,1797.4221847510619,777.7132055200381,2028.1651584056044,-0.4316002838381376,0.2450386582493405,0.25042477255079554,0.5559094492387369,,,,,
deltaRIC0,BLS-B,107,651.9703802551462,1346.5108853502484,669.3740795644446,1638.9687609864616,0.8839681129274871,0.6163888026359647,-0.2778392020655305,1.1128923590770095,,,,,
deltaRIC0,BLS-B,104,-1317.460409755589,497.5586260860104,-998.0520093529195,1726.0864205014077,-1.3072070069399848,1.2099858733386175,3.321443300218999,3.768931091071006,,,,,
deltaRIC0,BLS-B,103,-946.3231807631058,431.3273921147751,600.1475585953149,1200.7281014976088,0.405486401157275,-0.25860263189498084,0.4758988059166811,0.6765901390202287,,,,,
deltaRIC0,BLS-B,105,-78.04550782390866,-2009.294631601962,351.6131572889768,2041.3201194949015,1.1420541778949833,0.05511893852673009,-0.49547784021520297,1.2461236426518927,,,,,
deltaRIC0,BLS-B,111,29.90760479589177,948.2126192710492,-12.17360954223045,948.7622636565904,-1.3468787128488904,0.3640898250630046,-0.06372614847420048,1.3966763010229855,,,,,
deltaRIC0,BLS-B,110,-912.0040266422207,-417.5854790948236,450.7092454520712,1099.6671318623892,0.5091231523424795,1.0461570097411117,0.4578369994577025,1.2503061990384758,,,,,
deltaRIC0,BLS-B,116,728.4262262929517,673.4788231431173,-230.8496259391684,1018.5627335465807,-0.8684266092938775,-0.2168916419361849,-0.1555437153483827,0.9085156066110333,,,,,
deltaRIC0,BLS-B,109,133.09528041072926,188.5361417192191,-85.93088814256717,246.26073162189402,-0.5185349634530199,1.555618147732277,1.0678906690130483,1.9568384733652293,,,,,
deltaRIC0,BLS-B,112,799.0460472381574,1048.3341062186896,41.10130067608926,1318.7753033726135,-0.7117683326894104,-0.6822954244718739,-1.4139365125375833,1.7237626481513229,,,,,
deltaRIC0,BLS-B,113,-235.80650193906826,946.7314120438751,-394.50776920086014,1052.3979536597212,-0.009416702275880765,-1.7241873895647017,-0.8465206484773418,1.920809214085093,,,,,
deltaRIC0,BLS-B,117,449.39965820978375,-170.93532087081923,1855.0162722284094,1916.3152942437382,1.4030283334787752,0.263688765923173,0.39497349786938873,1.481223931023765,,,,,
deltaRIC0,BLS-B,118,943.021729007945,-19.99102800228197,-2029.8471329527854,2238.296004941787,0.10062821278367767,-0.21167691286150567,0.2354023160852869,0.33218579600117143,,,,,
deltaRIC0,BLS-B,121,107.28254636749142,323.316610429969,1129.8389377459082,1180.075930006972,-1.6288174573451937,-1.8099410906031907,-0.9302587983509893,2.6065905878591207,,,,,
deltaRIC0,BLS-B,120,348.3033350774498,-586.2724068253962,-107.44119219114441,690.3435072558962,-1.6024494068195314,-0.6636679818381149,0.5147563793887505,1.8092190087589617,,,,,
deltaRIC0,BLS-B,114,693.339264184508,-204.68848480355916,-1076.5945361735744,1296.7931625320539,-0.45257883989183095,-1.8665135856031825,-0.7300741898181097,2.054679754657074,,,,,
deltaRIC0,BLS-B,122,359.25711936790697,993.7809709976707,32.46582198465503,1057.2229309520008,2.107149974745342,0.8827827495798678,-0.40859620412980996,2.32084839165646,,,,,
deltaRIC0,BLS-B,115,-1053.43852111261,1831.3579604420886,-2734.9043232092167,3455.9089042026258,-0.6116740415765403,-0.755157979341737,0.5690904140596301,1.1261760991410872,,,,,
deltaRIC0,BLS-B,127,-776.030663257888,-212.21707107227792,-609.4329263998411,1009.2909230500629,-0.1222203914133104,-0.09544798749728428,0.1138968429797052,0.19240746668268402,,,,,
deltaRIC0,BLS-B,123,396.2680708862394,-1463.7796610030623,-107.41812136240219,1520.269033022501,-1.5866508141369475,1.0594947666346806,-2.3078925074811503,2.994387715813593,,,,,
deltaRIC0,BLS-B,124,-632.4827449897115,-800.9564362934407,799.9670209048804,1296.731610660062,0.1585065413752711,-0.5860926312480179,-0.4775663783499643,0.772462647506193,,,,,
deltaRIC0,BLS-B,119,-1211.064670795074,926.6762155027938,-341.61605645683534,1562.7245359485726,0.008141376733201991,-1.0879480220023112,1.4596884221886304,1.8205459264916628,,,,,
deltaRIC0,BLS-B,130,315.6290239735401,2409.0620556115764,-1528.1600009948938,2870.274317413351,-1.4032611396483599,0.8277979407533506,-0.9191771500429918,1.870635691395804,,,,,
deltaRIC0,BLS-B,125,1745.1348400666518,1132.528720074367,2184.575925941473,3016.701657110094,-0.38903371069421794,-0.29223496768548096,1.539779156562976,1.6148276550085572,,,,,
deltaRIC0,BLS-B,128,474.4213464750423,-255.59447046064233,-766.6478024856721,937.0981807566155,1.823961847271571,1.1163937462477254,-0.4020629387087133,2.17596563016203,,,,,
deltaRIC0,BLS-B,129,-81.17537425280224,1963.4193594945068,337.6418053226183,1993.8924272197883,0.8690366440387081,-0.21420811440697532,-0.3834722130613533,0.9737354585050417,,,,,
deltaRIC0,BLS-B,131,-1293.445676873362,291.7026718454823,183.4396315682557,1338.5597731196317,-0.3537257581420921,-0.2217410226596306,-0.22813050074634272,0.4757462753129169,,,,,
deltaRIC0,BLS-B,133,-139.74294403996404,951.1835918627338,-618.9254936561853,1143.3927945091316,0.45263441631020895,0.32379464609060665,-0.5504913345424735,0.7827909025223646,,,,,
deltaRIC0,BLS-B,126,42.898514786997126,895.2320498364301,1020.679637886095,1358.3326650053575,1.1705883104220598,-1.204198590601013,-1.7408461568713283,2.418866796662419,,,,,
deltaRIC0,BLS-B,137,900.8674690386774,982.7299339155456,587.7185559423303,1456.9603360368956,0.271787548425788,0.6228315228642811,-0.2168772163518393,0.7133185153388787,,,,,
deltaRIC0,BLS-B,139,-982.1897797719947,-1062.1025695695596,604.6124744978645,1567.9014242270628,-0.5765662632303453,-0.8622413158400366,-0.5705289307860264,1.1838040393159706,,,,,
deltaRIC0,BLS-B,135,603.3513007398415,1266.896096192292,-209.28047742289175,1418.751855992471,0.7279519452971073,0.29666928105471635,1.0693740662650202,1.32721045451863,,,,,
deltaRIC0,BLS-B,136,328.5910553580344,-1885.89380480039,-924.9146738248716,2126.037318229002,1.1289426654216888,-1.4799076476945046,-1.2970173803305358,2.2686763260530567,,,,,
deltaRIC0,BLS-B,138,-84.84248088051989,2108.474561867685,-1838.0646504162694,2798.4540167233354,-1.843525059010378,-0.3265442329781073,-0.388416984607302,1.9120887880069553,,,,,
deltaRIC0,BLS-B,143,-1286.4449921787134,-250.23728777464765,-65.82331765656869,1312.2088733284115,0.06862069403384916,0.05534486094832889,0.7128621215525152,0.7182925988950671,,,,,
deltaRIC0,BLS-B,134,319.8376996866555,-1146.9509614565677,-587.6828463297196,1327.8417789771481,-2.6509917018630125,0.5187199052443567,0.8637256484868995,2.835991773489017,,,,,
deltaRIC0,BLS-B,142,-1602.7550205651585,745.2769026036844,-1471.6084543407983,2299.9766869228642,-0.341684364982934,1.9985990852806577,-2.1778457824088053,2.975593850127113,,,,,
deltaRIC0,BLS-B,144,-256.16331134856887,-1037.927882656306,1459.9117493179533,1809.4906044169097,-0.5795303584970546,-0.578470028485507,-0.5373230670322382,0.9793870984655041,,,,,
deltaRIC0,BLS-B,132,-43.123555673711216,-645.5262608366734,-1686.7617899774386,1806.5794005832163,1.2211049862137973,-0.4280859203681372,-0.19012033583433696,1.3078611106196996,,,,,
deltaRIC0,BLS-B,141,615.5197848272315,-550.0178040644307,312.8839194523039,882.7686771479014,0.2859806097358346,-0.7677294788554567,1.049355702096292,1.3312929247053606,,,,,
deltaRIC0,BLS-B,147,-306.7375002334424,-1096.7307085088594,-426.80609948766175,1216.1700487989651,0.23813963908922145,-1.0270011048009577,-1.381599084564679,1.7378888881162373,,,,,
deltaRIC0,BLS-B,145,63.66156028238841,-1129.1521843073642,-1883.4879413875972,2196.9443040132282,0.36834856004644023,-0.10007611921655116,0.5662482045080828,0.6828857301440402,,,,,
deltaRIC0,BLS-B,140,206.68503541833144,-999.3528476799027,1018.3871759732543,1441.7133065275452,-0.05807417546179755,0.2978883998670702,-0.6412766299403192,0.7094686918663461,,,,,
deltaRIC0,BLS-B,146,102.08088255163871,318.28576899261526,2925.977806823201,2945.0080582822948,-0.20972342374123074,-1.182487082880267,-1.532201602001085,1.946766900483753,,,,,
deltaRIC0,BLS-B,151,1508.6885579509506,279.68659652631504,-1333.5904119791276,2032.936089524521,-0.46080146924548243,-0.16574158267678793,0.2546342863202883,0.551948263931362,,,,,
deltaRIC0,BLS-B,148,-746.1064016478117,-197.59764410748105,226.98214178678697,804.5125755554039,-0.6412251052927838,0.5674909667507535,0.9550883326961185,1.2827351075938078,,,,,
deltaRIC0,BLS-B,154,1678.315698292682,-1041.2610334502822,-1007.8126766085842,2217.353042266964,-0.40206717734709235,-0.3318652930756693,1.4878455857549362,1.5765395887507891,,,,,
deltaRIC0,BLS-B,149,2091.772882989383,2006.5866573015967,-117.6292148074002,2900.9895621057854,2.052025040733815,1.9711800456769373,0.5883865048417125,2.905607719454468,,,,,
deltaRIC0,BLS-B,152,137.46163472541926,-692.0202045267541,-380.9992697391131,801.8404504864872,0.5930878612717887,0.09177348120342414,-0.9358844370382552,1.1117802222249464,,,,,
deltaRIC0,BLS-B,153,-1240.8816160272982,1377.9607670929458,-638.6668891263141,1961.2390103983203,1.7386523679566712,-1.481529407293282,0.034880711073731696,2.2845257944004773,,,,,
deltaRIC0,BLS-B,150,-1278.802386072127,1156.1164720171816,4.869349458912281,1723.938673519848,-0.6197840103822294,1.0789840082271631,1.0022970656385046,1.5977916376433416,,,,,
deltaRIC0,BLS-B,157,1766.4104706802814,228.1364026419218,743.4538566635741,1930.019638793158,-0.012554331822072213,-0.23306738870713914,-2.159138898911459,2.171717938342558,,,,,
deltaRIC0,BLS-B,155,-30.865620393492268,-15.987436010001913,-136.29959236739083,140.66223200264517,0.6758634197738145,0.30128031702800434,-0.27085417257622785,0.7879867856879347,,,,,
deltaRIC0,BLS-B,161,78.74726955891744,-43.516186933749644,-1450.8793011723492,1453.6662400835353,-0.3115597346073121,-0.1259738046635225,0.17089863598975902,0.3770215000144451,,,,,
deltaRIC0,BLS-B,160,1378.8534790905621,16.355272597568263,56.40152462690112,1380.1034539925356,-0.5323988706648723,-1.058218778737037,0.19601770740352492,1.2007074925945418,,,,,
deltaRIC0,BLS-B,163,-630.313589192515,-1305.5830448026472,-56.528016685080765,1450.874813437483,-1.4841129173949648,0.20162396358033824,1.7463588742602412,2.300654839817554,,,,,
deltaRIC0,BLS-B,162,-1316.8392453590232,-1002.1018003690145,-1749.7794418436995,2408.3192710933054,-1.4878592678132152,-1.375007093728546,0.3185358102250019,2.0508131974943984,,,,,
deltaRIC0,BLS-B,158,221.35497331068075,-1120.768461607218,-1225.6338252199166,1675.4994008551562,0.5076815976327322,-0.34535662288849445,0.8406536941924525,1.0410141378037507,,,,,
deltaRIC0,BLS-B,159,795.4361104915571,1392.3414752775773,884.5752590094077,1831.3401591467484,0.4714557455275302,-0.34902418762174864,0.42281041950379084,0.7230885522374922,,,,,
deltaRIC0,BLS-B,168,-1412.580892801138,-110.75223989982766,66.00040384654768,1418.4522870571277,1.1520530692705981,1.9385398538335716,-0.02515657353446642,2.2551709231250934,,,,,
deltaRIC0,BLS-B,164,-277.0034331085738,-896.89776187047,-421.90186684381825,1029.1538672368158,-0.9475731579609631,0.625348227989008,-1.6047545407482324,1.9657549267365897,,,,,
deltaRIC0,BLS-B,156,-1530.3229635402888,-431.3512639980225,-725.7943453674606,1747.7785092679233,0.8769058605048828,-1.1855408105805454,0.7613404743545558,1.6595512103066317,,,,,
deltaRIC0,BLS-B,166,164.98528964865199,311.23118468264454,-583.7616383538347,681.8083649625936,0.7086135498558176,-0.37924817983879033,0.562340006493769,0.9809121407413157,,,,,
deltaRIC0,BLS-B,165,465.61728859527284,-1527.6073521316557,-1610.2877779368876,2267.908818603257,0.9818819587589823,0.47306077139025793,0.17162912394823662,1.103329157845455,,,,,
deltaRIC0,BLS-B,170,1397.5952544020374,-110.4428116171321,-1295.6860980872405,1908.9977932259458,1.0831989659356724,-1.433803105105157,-1.7426920353107593,2.503215307149758,,,,,
deltaRIC0,BLS-B,172,-320.72119713051296,-249.21405070214257,-1137.4065754342691,1207.751401240053,0.7151875826650891,0.5921577062160672,-0.0672097817664336,0.9309463906125311,,,,,
deltaRIC0,BLS-B,167,100.2594153574081,964.5781141070316,892.9562886476928,1318.2692524736926,-0.9618611702187898,-1.24767462267896,0.27659500956006944,1.599491692433968,,,,,
deltaRIC0,BLS-B,176,704.5345499542299,-869.02440210292,-643.2546766536001,1290.4839877217673,-0.1009429554589973,0.5883529864379022,-0.3098862087789795,0.6725906476443192,,,,,
deltaRIC0,BLS-B,171,-781.9827206084749,-1525.0794747431266,-949.6426435923654,1959.3839670013888,1.4855183762661481,1.1364785684685563,0.5719934486028465,1.95589490721187,,,,,
deltaRIC0,BLS-B,169,-427.3329949973675,1445.1616593701929,1155.3605858022,1898.9375433521325,0.20619825351079799,-1.0761033317955122,0.2859587380550286,1.1323817820515878,,,,,
deltaRIC0,BLS-B,173,-1715.2308987974104,311.8034452484911,-645.6356481467649,1859.0545486391986,-1.727948904421723,0.7482620324932922,1.7314817901773767,2.55807206217477,,,,,
deltaRIC0,BLS-B,175,-803.2804913142204,166.40096461369694,-46.92429720560729,821.6755554466887,-1.0524701587871985,-0.3059965153166428,-1.537466297226473,1.8881551624881787,,,,,
deltaRIC0,BLS-B,177,425.38678625963416,447.05904371680964,-483.26845270565144,783.8138196496682,1.4210242849853618,-0.4112843370491124,-0.9877767164042355,1.778810744820938,,,,,
deltaRIC0,BLS-B,181,-1956.824419828131,863.098515936236,1503.9410371901351,2614.56296569648,0.3301539142345993,-0.3679215443655845,-1.7458199388587394,1.8144572546107325,,,,,
deltaRIC0,BLS-B,174,74.68858014481236,-856.5246093380982,-1380.8838321328897,1626.669280539792,-1.4923991143990538,0.5985279809236014,0.8007668701580686,1.796306889412361,,,,,
deltaRIC0,BLS-B,178,1941.3434110299352,-413.8116765532796,1234.7608289369591,2337.6673518441985,-0.6024662395506463,-0.3268694990691386,0.27250829222694734,0.7376110143920396,,,,,
deltaRIC0,BLS-B,179,136.6701348719222,1108.137322788586,702.7406831348624,1319.2768927165432,1.598420903326269,-0.598444567836232,0.5381089911776076,1.7895939682925965,,,,,
deltaRIC0,BLS-B,182,-980.7364617354291,425.34129962068766,-696.34652619945,1275.796893353478,-0.04118876244393705,0.2730410144825427,0.07403638154400485,0.28588336001496945,,,,,
deltaRIC0,BLS-B,184,-43.6989608895855,-309.21566212415036,963.0859945657572,1012.4517557960083,0.7224510558587505,-0.7110453938735738,-0.03577185976352984,1.0142981347765512,,,,,
deltaRIC0,BLS-B,185,-2333.4275436689613,-1310.3440921039676,575.9293981224806,2737.4404857250242,1.3319938324480978,0.7394288541231194,-0.0783375863652936,1.5254833258436948,,,,,
deltaRIC0,BLS-B,180,218.91449150620352,-624.4153591493865,1604.3831169476084,1735.4720629499054,-1.0638224467380526,-2.277769559737807,-1.1587677219684596,2.7681573291501826,,,,,
deltaRIC0,BLS-B,195,-1598.3426017826646,-1244.6365367742121,-522.7414623603393,2092.1467008356053,0.5342278513493294,0.004172831601567871,-0.14988200595917897,0.5548706384295745,,,,,
deltaRIC0,BLS-B,187,391.3589944328244,214.5847471899888,841.7173594546113,952.7311212809761,-0.5693016003331456,0.7963182958069048,-0.5879308702730064,1.1418799624297944,,,,,
deltaRIC0,BLS-B,183,-786.4707450856223,-753.4034134861807,-223.29074838951993,1111.7606283029252,1.200491317396052,-0.9285131218505983,-1.2046496212473805,1.9376523760890418,,,,,
deltaRIC0,BLS-B,193,-994.0887728665803,679.3721938614422,871.9167220962277,1486.6061470350924,0.6364517770937649,0.7568162493910829,1.1507694238898607,1.5172712238976915,,,,,
deltaRIC0,BLS-B,194,-45.105027674157604,-1467.2254508017422,-397.78667268858277,1520.8613427826076,1.522271437652033,0.09535546534577612,1.0585703459421163,1.856602857902171,,,,,
deltaRIC0,BLS-B,189,-1009.108909546564,261.8591487173092,-113.93359117381716,1048.7382267710907,-0.6926879493580653,1.1452786725794732,0.20527962852884446,1.354112092457719,,,,,
deltaRIC0,BLS-B,186,428.61132530668954,-1438.4868685091778,1936.5465718567189,2450.135662371475,1.0309880670812464,-0.20130454437409884,-0.6190835891166753,1.2193130870958337,,,,,
deltaRIC0,BLS-B,190,-975.458491641886,-488.25734739891647,-1836.5845763481072,2136.108005763062,0.046929884847793445,1.5184392164102039,-0.1402261514409175,1.525622312884874,,,,,
deltaRIC0,BLS-B,191,1619.4522162336325,-1087.8209268179942,771.6991998170505,2097.975096250063,-0.3767888504083472,0.157487085055042,-0.8375304559706946,0.9317882186578974,,,,,
deltaRIC0,BLS-B,198,-2161.4013320351087,911.8458075558289,-1564.023282416806,2819.4480528681715,-0.11034423207721372,0.42533305379947706,1.0329748869119941,1.122551189566848,,,,,
deltaRIC0,BLS-B,188,10.669878878304191,-708.708713899784,-1715.5684369226053,1856.221147718621,-0.7038506867143115,-1.0936366673762592,-1.2142717194683614,1.7792983892868304,,,,,
deltaRIC0,BLS-B,192,-443.8153076543896,1169.3845426402397,1294.1234442209368,1799.7743538445434,0.21494358629536492,-0.9166601300328753,-0.633426716094194,1.1347669117238461,,,,,
deltaRIC0,BLS-B,196,465.04831107142144,-794.8489530555453,173.47009462731398,937.0947996515013,1.4991462795026715,-0.9832429647245321,-0.7730105800883044,1.9523707772745027,,,,,
deltaRIC0,BLS-B,199,2083.967672318066,854.4511486551824,-843.2031070205485,2404.9946994523802,0.8811547328116642,-0.21751979151701292,-0.6267054808529574,1.1029543429304483,,,,,
deltaRIC1,BLS-B,5,-190.03111495028307,582.3024031934638,1455.0739745828353,1578.742596157594,-0.5912917875659108,-0.688195688995287,-0.17097050326239338,0.923293126466554,,,,,
deltaRIC0,BLS-B,200,-1573.859524056272,107.0371448195822,292.48858816186527,1604.3816023747854,0.008245688904879502,0.13691125645053334,-0.7908561479811042,0.8026619028756067,,,,,
deltaRIC0,BLS-B,197,1660.5502378815831,-1184.3749147195306,-812.8888154878518,2195.668294048698,-0.776272663411659,-1.392266713774296,-0.4592690713294468,1.658895394569507,,,,,
deltaRIC1,BLS-B,1,1216.5821887568043,859.6656112931041,-745.7766326203762,1665.9171561043574,-1.9523521565942057,-1.6476764198509941,0.16606751284602522,2.5600966674549417,,,,,
deltaRIC1,BLS-B,3,-1397.7013166015206,-1661.8038492384965,915.1253985125416,2356.398841193113,-1.3711735634462272,-0.6317779487980174,-0.12129710407952085,1.5145868430497254,,,,,
deltaRIC1,BLS-B,4,-562.7965914257072,566.7659041223603,-583.8517815069617,989.3667147043527,-0.5340735545629803,0.9366861153776486,0.1395914832897364,1.087244785056169,,,,,
deltaRIC1,BLS-B,7,-100.35080006369819,-834.6927434855999,211.26980170447487,866.8432316244904,2.2909461718325397,-0.5387569664728519,1.1166485358888738,2.604917922672414,,,,,
deltaRIC1,BLS-B,6,1745.3232576153637,2911.8294840419585,-1804.6818412812113,3844.708150947131,0.24215699477809455,0.5376251020390141,-0.4787975762774286,0.7595576867569431,,,,,
deltaRIC1,BLS-B,10,-1508.382909275355,2848.074240458545,-1677.5584426661028,3633.3109155036295,-0.1134801413272868,0.11243393268336284,0.13686190133903572,0.21035758063935775,,,,,
deltaRIC1,BLS-B,8,864.5519067068115,943.9607247786118,-402.9773504189663,1341.9771213644574,-0.37958581368138816,0.655054963377508,-1.8637785928472848,2.011679158849511,,,,,
deltaRIC1,BLS-B,16,-515.1539331130119,1469.3920003528888,1961.9100915685326,2504.713083948203,0.47468466893123556,0.46331419901258997,-0.6195714782888812,0.9076642543551575,,,,,
deltaRIC1,BLS-B,11,903.8350263082697,483.5902540886392,180.89184314998602,1040.9126512582045,1.7455520527565231,0.5476893639818975,0.005034523288413314,1.829464663426476,,,,,
deltaRIC1,BLS-B,14,-147.62427734040952,-1483.1956457087288,-2067.9121016690883,2549.1023343402826,-0.6887856058713059,0.612994508787544,1.2080670010036836,1.5197413456155024,,,,,
deltaRIC1,BLS-B,15,527.1712078553843,-98.72004605529791,-153.52909854974652,557.8766117936499,-0.15217365697658672,0.7131565120134402,-0.30466352920885453,0.7902967155029803,,,,,
deltaRIC1,BLS-B,12,966.0609496383138,-1351.2490065050802,-492.77730399000626,1732.6214552881152,0.5264309091527242,0.6218176891589153,0.3537948512940267,0.8882328171512577,,,,,
deltaRIC1,BLS-B,18,816.4835072050148,-1241.5841890469533,233.57761075543232,1504.2390489132365,-0.0538483346582793,1.236996332524299,-0.1060907578414829,1.2427046385700087,,,,,
deltaRIC1,BLS-B,9,728.087830032529,-485.40846086522964,-480.63550004970176,998.3705454534678,0.7870212224230648,-0.6338824861949477,1.9008242185236421,2.1527522199674998,,,,,
deltaRIC1,BLS-B,17,1495.2085272811166,-276.72281503715726,-1262.8673764301286,1976.62795357846,-0.38418400483776255,1.6934553608530274,1.799377735326385,2.5006296493410116,,,,,
deltaRIC1,BLS-B,19,-465.8994427524357,-1321.7732671489916,-29.139249039008035,1401.7831345615866,0.9290439589958662,1.1288979441041675,0.7267924139940558,1.6327156699770586,,,,,
deltaRIC1,BLS-B,27,35.867148009079216,683.3927995350406,-37.229935686043106,685.3453427826239,0.9317935797534782,-0.7760315528963501,-1.7323671518345019,2.1146063924796277,,,,,
deltaRIC1,BLS-B,22,1050.3415426821348,1716.240457173211,-180.12256080603663,2020.1838530275713,-1.2755512846982207,-0.06974172554515051,0.16912733215382172,1.2886035242303062,,,,,
deltaRIC1,BLS-B,23,-11.017456998423807,356.5858511830404,-21.09316324020464,357.379035700366,-0.4352385460408071,-1.093730790799422,0.50290891142711,1.2800769538958374,,,,,
deltaRIC1,BLS-B,20,123.9083570315129,-429.97166276346337,934.8875123613086,1036.4572217370778,-1.0118962024729325,2.267493293399191,0.6991807342616229,2.5795955999636986,,,,,
deltaRIC1,BLS-B,13,588.0567701170796,-247.05016190219334,1296.3434205337612,1444.7666978919483,-0.8640007804003574,0.5936646173107969,-1.1044830125096594,1.5227664795698697,,,,,
deltaRIC1,BLS-B,26,5.364255151391547,-814.4656596411559,-1824.944430957438,1998.4507154419896,0.9465189725004315,-0.5978459709672033,0.8411994638485469,1.4003337131855655,,,,,
deltaRIC1,BLS-B,25,1299.182427620178,-814.1725806932351,1234.000596162245,1968.123330159601,0.005487634350319156,-0.554721550014234,0.4433610397263945,0.7101514794240921,,,,,
deltaRIC1,BLS-B,28,754.8000330619021,-72.60964423757098,1495.8840105675374,1677.0999443736725,0.24477386120566952,1.2797557125790577,0.3187413781736211,1.3413742927193302,,,,,
deltaRIC1,BLS-B,24,-1885.5618511029975,-1252.7322466551425,1349.2411309035115,2635.3620634490417,-1.2944265402917972,-0.04182246173831621,-0.07802773880419807,1.2974503900113254,,,,,
deltaRIC1,BLS-B,32,-31.342260076104285,569.121061839632,-1693.9059368404633,1787.2320619213153,0.5987719850404624,0.00659631602819792,-0.0806839971141934,0.6042195866113268,,,,,
deltaRIC1,BLS-B,35,-704.1234878453205,-1610.926575053682,-743.8237879380262,1908.9652023680576,-0.05198567549646117,-0.7271398491890634,1.1157397108792253,1.332782792944287,,,,,
deltaRIC1,BLS-B,21,747.452685396042,678.4033202941014,388.1300082055202,1081.4626600865297,1.2393569180294786,-1.6052229901539852,-2.5336688844808872,3.245338878233374,,,,,
deltaRIC1,BLS-B,36,-215.8585161367498,813.5706593318647,2401.4807191387567,2544.720369924689,0.4201834846972547,-0.8334791612172461,1.1507200115768206,1.4816876249868223,,,,,
deltaRIC1,BLS-B,30,352.63156693412157,-180.48213053358154,692.1743727902287,797.5137514726007,0.6558111904512469,0.6899272748066075,0.3946758623592211,1.0304644575977129,,,,,
deltaRIC1,BLS-B,34,1210.8545408781272,1073.982051409893,-375.91234018152323,1661.6005095739865,-0.2511154090258257,1.0266138598740793,-0.04705318311673851,1.0579267309115414,,,,,
deltaRIC1,BLS-B,33,2114.968981008593,169.34455968934972,-442.1586361484029,2167.319918711938,-1.461417105866295,0.14085721226778522,0.5813455753253367,1.5790957505853838,,,,,
deltaRIC1,BLS-B,2,1802.0962537381306,-801.9127964984071,-57.0996389527044,1973.2905031174273,-1.0375382926516563,0.08240205575838278,0.9779841803584377,1.4281907661594395,,,,,
deltaRIC1,BLS-B,31,418.9250882286721,-1199.7406277075695,394.89501910437724,1330.7208119786058,1.0312241311036112,-0.3551698340388698,0.6688502000308195,1.2794254216885264,,,,,
deltaRIC1,BLS-B,29,599.3515781603077,739.8756493368783,225.65031025156156,978.548084276672,-0.8605283531687403,0.004396399976429032,-0.6744915296587822,1.0933742262013957,,,,,
deltaRIC1,BLS-B,38,-325.1159668106905,-1149.166274942089,1309.6729695497197,1772.4352756895548,0.4535077315615546,0.7242675617274358,-1.2867103345003505,1.5446217169477827,,,,,
deltaRIC1,BLS-B,43,-730.9191518332293,1282.5080832560843,246.28021903198456,1496.5706586794506,0.9159842692443994,0.31717255885675216,1.0827849209161906,1.4532889590712568,,,,,
deltaRIC1,BLS-B,40,991.682765525906,-1114.1599486968341,-1795.2893730281921,2334.0632021496763,0.9447977997806756,-0.11400843786618166,1.0663531613699013,1.4292480089678892,,,,,
deltaRIC1,BLS-B,47,-807.694739380652,-377.94819741043096,393.83209130170377,974.8432428283262,1.8049635761877196,-0.3056214377942277,-1.0223412095869253,2.0967783677402414,,,,,
deltaRIC1,BLS-B,39,491.57631803868435,-803.4171787820785,-979.4555480651917,1358.844954457391,0.5479799809666202,-1.2129112154848225,0.5821297512953816,1.452690856146713,,,,,
deltaRIC1,BLS-B,41,-747.659065093152,-890.1212216180824,-617.4485891990598,1316.2646493371851,0.37890460465480047,1.6162251091978954,0.7661915321349458,1.82833305689791,,,,,
deltaRIC1,BLS-B,44,299.146483678077,83.15108305520009,-2156.23137179144,2178.471126732646,0.0715334021429775,-2.602424977052608,-1.479239324231959,2.9943082284834404,,,,,
deltaRIC1,BLS-B,37,58.34211555920497,818.6870675257014,-33.379814750538294,821.441738052393,0.05802986794386743,-0.4777649147405224,0.8642072958448344,0.9891820002011977,,,,,
deltaRIC1,BLS-B,53,1675.9243668483641,-665.2012677370448,371.4459936944627,1840.974561537103,1.085370943114184,0.3707168304211126,0.256050995429825,1.1751694196049578,,,,,
deltaRIC1,BLS-B,46,-191.88395674444158,1088.107951751033,-525.9821572587003,1223.7056824556496,-1.6827193825313944,0.922159116830929,-1.1487201171692456,2.2363988608230336,,,,,
deltaRIC1,BLS-B,52,-681.8743630211662,-210.71969286452313,191.09262525352818,738.8313930341113,-1.2324261319950096,0.2997991570152371,0.6804537003216516,1.4393647708807715,,,,,
deltaRIC1,BLS-B,42,312.0621317267384,858.2704301818718,-1262.9629368673227,1558.5526251246522,-1.9111593252604877,-0.5674472812283516,1.801528407832186,2.687011534722161,,,,,
deltaRIC1,BLS-B,50,-1427.4635781363095,-1458.5883630204398,1422.902088105729,2487.927376749572,0.5529161277952818,-0.02711077640170785,-0.4620523346218046,0.7210711466302697,,,,,
deltaRIC1,BLS-B,58,2317.4694003069903,148.228745279339,-206.74366864600907,2331.3899559729466,-0.7051221103374167,-0.0048769522721105515,-0.6309212615208419,0.9461937504492445,,,,,
deltaRIC1,BLS-B,48,-1031.841628725968,-957.4359919226794,-842.705547632288,1640.589365262087,-0.8637949296185866,-1.121529061474705,1.1120669093906133,1.800183859256799,,,,,
deltaRIC1,BLS-B,56,208.5089001579946,-908.7137351777477,1815.8766088721466,2041.2360158969361,-0.2455551026367759,-1.085149095023351,0.10995288751208497,1.1180051450387876,,,,,
deltaRIC1,BLS-B,57,-1202.2562037244275,-99.25486633678221,-1017.8062182987204,1578.353891208479,0.5734001447912616,-0.41158172029771833,-0.9567538887693653,1.188934498702587,,,,,
deltaRIC1,BLS-B,54,-1914.375970546227,-404.89986036115965,-1224.142496401279,2308.095341406167,-0.9178751254966833,-0.38838960701945957,-0.6401833366736153,1.1845572748503324,,,,,
deltaRIC1,BLS-B,60,-982.4538900456199,-348.0440006450926,-310.6442496641753,1087.5891330370264,-1.6219276439631527,0.14967880548555365,0.05798452773457811,1.6298512915355339,,,,,
deltaRIC1,BLS-B,59,177.2464711795738,-1448.0193242693742,589.6105328745282,1573.4728645514456,0.3067173127447097,-1.2699066606595975,1.1294311597502713,1.726949096337176,,,,,
deltaRIC1,BLS-B,55,-676.0948636728864,-30.11491542978184,343.63249514959705,759.0088698684223,-1.2854454005665257,0.8806439462223106,-0.7414970331153995,1.7256075706760734,,,,,
deltaRIC1,BLS-B,68,-135.48696787993754,-1313.1589149121855,-666.0152246875948,1478.620753876502,-0.10714009172084236,1.3409453829233886,-0.0026702257997519925,1.3452214127582587,,,,,
deltaRIC1,BLS-B,62,-576.8021243325462,-2611.829609563589,1069.0161447641049,2880.477411436156,-0.1790309004363123,0.4429326026456953,-0.47799510551952984,0.6758111235383394,,,,,
deltaRIC1,BLS-B,65,-1960.1340098716412,138.20034734766077,1005.2273730194727,2207.1943149913473,1.3885866915172045,0.870587428921323,0.8575558663434033,1.8497290437127598,,,,,
deltaRIC1,BLS-B,70,251.99152428694194,990.0078941695839,-1114.3710540511731,1511.7665841450766,0.037632729418446,-0.9471428396098216,0.6691786036130758,1.1602998683448966,,,,,
deltaRIC1,BLS-B,61,-429.21608397157786,478.8636952533958,-24.90627662237262,643.5504704270083,1.2916453051886938,0.31801076442177856,-1.4269280022937514,1.9507952133512514,,,,,
deltaRIC1,BLS-B,67,166.9015303517654,1171.4050788519219,581.8537177912104,1318.5597174573825,-0.9796519810561979,-1.361187526449211,-0.9469051585609064,1.9259228607235312,,,,,
deltaRIC1,BLS-B,66,157.77371893420943,1098.2400932466653,-289.9941791396846,1146.7870215239072,-0.4281264081969193,-0.7663003499549658,-0.3973746698048632,0.9635429808468443,,,,,
deltaRIC1,BLS-B,64,498.73246143848917,-5.79964657597963,929.6934764807802,1055.0344374492329,0.5113148238419627,0.8854960816008648,1.4923446979161885,1.8090436304881048,,,,,
deltaRIC1,BLS-B,69,-1071.86452195416,-724.9931181477463,-605.8225620436123,1428.8210354927933,-1.512514045648869,-0.7383299367296787,-0.7766620748603242,1.8536541781796043,,,,,
deltaRIC1,BLS-B,72,-213.02788871141868,1288.4160892893437,-53.4753549514145,1307.0028745552438,0.050882726814277496,0.11299318957551574,-0.6432591848897237,0.655086934477781,,,,,
deltaRIC1,BLS-B,78,-261.9369718641336,633.5658261715306,878.1415639240861,1114.0687768772652,0.24688652677485018,0.0667824801132928,-0.37336194576938025,0.4525615972458653,,,,,
deltaRIC1,BLS-B,73,-296.0636665928437,604.7453638023114,476.7503138717188,825.0221278811683,0.4459845590463795,0.27607156494152574,2.1885836484121075,2.250559068759118,,,,,
deltaRIC1,BLS-B,77,-1762.7928825017816,-902.0426404569025,297.3116074694759,2002.3770533387271,2.0586366136744876,-0.06246993250472803,-0.21182970149543373,2.0704489904520593,,,,,
deltaRIC1,BLS-B,71,535.3250336072798,1085.383386583267,1093.3870786127677,1630.9890530457155,-0.09117600891661308,1.5746414429107078,0.9141724080584113,1.8230523662224276,,,,,
deltaRIC1,BLS-B,75,-1784.5875801822851,10.840379547261103,38.461192711798766,1785.0349040045146,-0.64037886146036,0.38095789500377736,0.15278861423980522,0.7606302417155764,,,,,
deltaRIC1,BLS-B,79,426.80670662389815,-386.9845025574549,1785.7145888698064,1876.3521958686863,-0.9597699670365337,-0.6380572817813281,0.19200824673542033,1.1683931920693034,,,,,
deltaRIC1,BLS-B,76,95.55514852494989,-564.4267097776954,-154.97771338442647,593.0652483209293,0.8333598879564863,-0.7740367381483217,0.27448322711698003,1.1700267590216442,,,,,
deltaRIC1,BLS-B,74,25.719793623994796,-90.43157096225424,527.3960344167548,535.7106998458038,-0.09488321052412128,0.07798531607298678,-1.886163990016889,1.890158493459953,,,,,
deltaRIC1,BLS-B,80,226.66008130756632,-50.53547827043853,-103.70757528786802,254.33027384576803,-0.6754460244840242,1.3153891868234606,0.012336275068602453,1.4787252038448275,,,,,
deltaRIC1,BLS-B,83,-1290.0217338523935,1730.8261747323984,-789.3029184803121,2298.4591399613482,-0.6519518932089234,-0.973070896329179,0.5656997731331158,1.30073997157942,,,,,
deltaRIC1,BLS-B,81,-637.9277954589751,-692.1980836427108,-1352.9727327673074,1648.2188188555624,1.059126830874443,-2.48970700279787,-2.0677370978691267,3.405279329153944,,,,,
deltaRIC1,BLS-B,82,-870.8467717729609,1654.3658285465658,-1597.9442879794035,2459.415853827074,-0.24120968571067994,0.5774155773257381,-1.059662054419426,1.2306398868050146,,,,,
deltaRIC1,BLS-B,84,-548.9436919680373,586.661811258729,-442.928204654948,917.4402717451026,-1.0294923606515578,0.22843028305960725,-0.5927071872275128,1.2096845558449358,,,,,
deltaRIC1,BLS-B,51,1660.5748686895847,228.6869458865011,-480.79760260723486,1743.83856718883,0.4088096030306921,0.02686515258941397,-1.7238897201023746,1.7719037205865358,,,,,
deltaRIC1,BLS-B,45,317.5647906296757,-1003.8784163911636,619.3777133969791,1221.5760406117051,1.0566159791452394,0.9527802063730111,0.794179361486912,1.6294012112592189,,,,,
deltaRIC1,BLS-B,86,-1866.7953521316538,-2494.5583151338456,-1933.1481032337463,3666.7161961869897,0.9216620121099642,-0.6150276753381828,-0.782689088193778,1.3565847245108154,,,,,
deltaRIC1,BLS-B,63,-16.726427610251267,-1277.569623415483,-965.4926637101502,1601.4493434800556,-0.24166020921099712,-1.232926935227201,1.4256928465006717,1.9002917083668573,,,,,
deltaRIC1,BLS-B,85,-550.5837611589847,227.35769507456982,419.9805462723959,728.8468006439042,-1.2706771415268008,-1.3842676285936595,0.41060914831177414,1.9233868925019624,,,,,
deltaRIC1,BLS-B,49,603.3788315355432,-170.46909214076757,-294.0583085258043,692.5287102594029,0.5134451423590478,0.060999486039776854,0.07318955197328075,0.5222102661067373,,,,,
deltaRIC1,BLS-B,87,-1821.0206164079457,1723.2544230489664,74.25354528178816,2508.233537956048,-1.9794287514625521,0.3300537415369351,-0.8818215798269556,2.1919587024092486,,,,,
deltaRIC1,BLS-B,89,-174.00878829204737,1543.1975238280088,-193.66192672861763,1565.0056222953338,0.6764763225604961,0.26894896861812445,1.2484977930971817,1.4452337188407478,,,,,
deltaRIC1,BLS-B,90,1149.280498500209,588.5601516358797,142.72491710130646,1299.08395351806,0.5728752656183721,0.5570505916129745,1.9545449818111893,2.111572285643328,,,,,
deltaRIC1,BLS-B,95,929.6271825112775,825.2553928464343,-48.931415495333944,1244.0447923239562,1.6202396814164977,-0.12984006615565913,-0.6247354719568208,1.7413585150499742,,,,,
deltaRIC1,BLS-B,91,-781.6142438733476,-2707.40202254976,-103.10900404293415,2819.854252376701,-0.6849667111279247,0.03322383024976805,0.9240424404055333,1.1507118014170554,,,,,
deltaRIC1,BLS-B,93,399.62824350798144,-104.32184554889619,2.965443870784138,413.03096049249507,0.8290710567099796,-0.9576038231359917,-0.8818222204183433,1.5433646126506877,,,,,
deltaRIC1,BLS-B,98,-605.4894047529702,1229.9785078558264,-1577.0905324647892,2089.6600433193494,0.24802156821120164,-0.3063641139015415,-0.21353735091955145,0.44829886105405187,,,,,
deltaRIC1,BLS-B,92,205.40628504343937,1091.148208967912,324.43499744411395,1156.742937491209,-0.5162330422563404,-1.0271198694364922,-0.5003689487467063,1.2537307785080325,,,,,
deltaRIC1,BLS-B,105,-78.04550782390866,-2009.294631601962,351.6131572889768,2041.3201194949015,1.1420541778949833,0.05511893852673009,-0.49547784021520297,1.2461236426518927,,,,,
deltaRIC1,BLS-B,88,1277.8087673291636,1947.501353151597,-1486.71129265766,2763.307299977038,-0.3847834093275808,0.24916344036803498,-0.9715747619193453,1.0742896304574594,,,,,
deltaRIC1,BLS-B,97,-1162.333244600598,-1238.3995331359715,3110.987067073796,3544.41708982952,-0.20549004415431013,1.1364707278452248,-0.7477245776645028,1.3758211793467765,,,,,
deltaRIC1,BLS-B,104,-1317.460409755589,497.5586260860104,-998.0520093529195,1726.0864205014077,-1.3072070069399848,1.2099858733386175,3.321443300218999,3.768931091071006,,,,,
deltaRIC1,BLS-B,100,-13.800738789073545,357.5461139841666,1613.5408335741045,1652.7382447403213,0.23738912982157237,-1.18817519027507,-0.2406790907279704,1.23533003948592,,,,,
deltaRIC1,BLS-B,109,133.09528041072926,188.5361417192191,-85.93088814256717,246.26073162189402,-0.5185349634530199,1.555618147732277,1.0678906690130483,1.9568384733652293,,,,,
deltaRIC1,BLS-B,96,-390.75990569954126,-552.9037651903044,-4.7100802991279895,677.0657739986226,1.0728994004097478,-0.6320605558631717,-1.2899358597433368,1.7929161140247023,,,,,
deltaRIC1,BLS-B,101,835.1509845703031,-657.0133182941994,324.6619984338797,1111.1026418255797,0.2802668941514156,-0.6155162361294366,1.4370940911980028,1.5882849857164938,,,,,
deltaRIC1,BLS-B,106,-1834.9695633352521,-375.68763226723377,-908.4541299153705,2081.716455611959,-0.10018583801901937,-0.9350088301619207,0.03381049997362131,0.9409685778647462,,,,,
deltaRIC1,BLS-B,111,29.90760479589177,948.2126192710492,-12.17360954223045,948.7622636565904,-1.3468787128488904,0.3640898250630046,-0.06372614847420048,1.3966763010229855,,,,,
deltaRIC1,BLS-B,112,799.0460472381574,1048.3341062186896,41.10130067608926,1318.7753033726135,-0.7117683326894104,-0.6822954244718739,-1.4139365125375833,1.7237626481513229,,,,,
deltaRIC1,BLS-B,99,291.37128411193044,438.6625467638508,-907.3641725299382,1049.1100022063092,-1.4041999499013817,2.0998093854939532,0.7063573513802056,2.62295971424656,,,,,
deltaRIC1,BLS-B,108,-527.1523209613104,1797.4221847510619,777.7132055200381,2028.1651584056044,-0.4316002838381376,0.2450386582493405,0.25042477255079554,0.5559094492387369,,,,,
deltaRIC1,BLS-B,114,693.339264184508,-204.68848480355916,-1076.5945361735744,1296.7931625320539,-0.45257883989183095,-1.8665135856031825,-0.7300741898181097,2.054679754657074,,,,,
deltaRIC1,BLS-B,94,60.20346846574813,924.6544093355221,-364.1909345601079,995.613012738732,0.23146287845127073,-1.4680304736372967,-1.3582870346160498,2.0133634058546797,,,,,
deltaRIC1,BLS-B,103,-946.3231807631058,431.3273921147751,600.1475585953149,1200.7281014976088,0.405486401157275,-0.25860263189498084,0.4758988059166811,0.6765901390202287,,,,,
deltaRIC1,BLS-B,116,728.4262262929517,673.4788231431173,-230.8496259391684,1018.5627335465807,-0.8684266092938775,-0.2168916419361849,-0.1555437153483827,0.9085156066110333,,,,,
deltaRIC1,BLS-B,102,-65.98898681667931,-512.1727286249935,754.2151176877785,914.065585216429,-0.9498037857846365,0.29304822220539745,-0.9030253412327405,1.342929357388943,,,,,
deltaRIC1,BLS-B,115,-1053.43852111261,1831.3579604420886,-2734.9043232092167,3455.9089042026258,-0.6116740415765403,-0.755157979341737,0.5690904140596301,1.1261760991410872,,,,,
deltaRIC1,BLS-B,107,651.9703802551462,1346.5108853502484,669.3740795644446,1638.9687609864616,0.8839681129274871,0.6163888026359647,-0.2778392020655305,1.1128923590770095,,,,,
deltaRIC1,BLS-B,118,943.021729007945,-19.99102800228197,-2029.8471329527854,2238.296004941787,0.10062821278367767,-0.21167691286150567,0.2354023160852869,0.33218579600117143,,,,,
deltaRIC1,BLS-B,122,359.25711936790697,993.7809709976707,32.46582198465503,1057.2229309520008,2.107149974745342,0.8827827495798678,-0.40859620412980996,2.32084839165646,,,,,
deltaRIC1,BLS-B,117,449.39965820978375,-170.93532087081923,1855.0162722284094,1916.3152942437382,1.4030283334787752,0.263688765923173,0.39497349786938873,1.481223931023765,,,,,
deltaRIC1,BLS-B,113,-235.80650193906826,946.7314120438751,-394.50776920086014,1052.3979536597212,-0.009416702275880765,-1.7241873895647017,-0.8465206484773418,1.920809214085093,,,,,
deltaRIC1,BLS-B,125,1745.1348400666518,1132.528720074367,2184.575925941473,3016.701657110094,-0.38903371069421794,-0.29223496768548096,1.539779156562976,1.6148276550085572,,,,,
deltaRIC1,BLS-B,120,348.3033350774498,-586.2724068253962,-107.44119219114441,690.3435072558962,-1.6024494068195314,-0.6636679818381149,0.5147563793887505,1.8092190087589617,,,,,
deltaRIC1,BLS-B,123,396.2680708862394,-1463.7796610030623,-107.41812136240219,1520.269033022501,-1.5866508141369475,1.0594947666346806,-2.3078925074811503,2.994387715813593,,,,,
deltaRIC1,BLS-B,119,-1211.064670795074,926.6762155027938,-341.61605645683534,1562.7245359485726,0.008141376733201991,-1.0879480220023112,1.4596884221886304,1.8205459264916628,,,,,
deltaRIC1,BLS-B,121,107.28254636749142,323.316610429969,1129.8389377459082,1180.075930006972,-1.6288174573451937,-1.8099410906031907,-0.9302587983509893,2.6065905878591207,,,,,
deltaRIC1,BLS-B,127,-776.030663257888,-212.21707107227792,-609.4329263998411,1009.2909230500629,-0.1222203914133104,-0.09544798749728428,0.1138968429797052,0.19240746668268402,,,,,
deltaRIC1,BLS-B,124,-632.4827449897115,-800.9564362934407,799.9670209048804,1296.731610660062,0.1585065413752711,-0.5860926312480179,-0.4775663783499643,0.772462647506193,,,,,
deltaRIC1,BLS-B,126,42.898514786997126,895.2320498364301,1020.679637886095,1358.3326650053575,1.1705883104220598,-1.204198590601013,-1.7408461568713283,2.418866796662419,,,,,
deltaRIC1,BLS-B,128,474.4213464750423,-255.59447046064233,-766.6478024856721,937.0981807566155,1.823961847271571,1.1163937462477254,-0.4020629387087133,2.17596563016203,,,,,
deltaRIC1,BLS-B,129,-81.17537425280224,1963.4193594945068,337.6418053226183,1993.8924272197883,0.8690366440387081,-0.21420811440697532,-0.3834722130613533,0.9737354585050417,,,,,
deltaRIC1,BLS-B,135,603.3513007398415,1266.896096192292,-209.28047742289175,1418.751855992471,0.7279519452971073,0.29666928105471635,1.0693740662650202,1.32721045451863,,,,,
deltaRIC1,BLS-B,130,315.6290239735401,2409.0620556115764,-1528.1600009948938,2870.274317413351,-1.4032611396483599,0.8277979407533506,-0.9191771500429918,1.870635691395804,,,,,
deltaRIC1,BLS-B,137,900.8674690386774,982.7299339155456,587.7185559423303,1456.9603360368956,0.271787548425788,0.6228315228642811,-0.2168772163518393,0.7133185153388787,,,,,
deltaRIC1,BLS-B,138,-84.84248088051989,2108.474561867685,-1838.0646504162694,2798.4540167233354,-1.843525059010378,-0.3265442329781073,-0.388416984607302,1.9120887880069553,,,,,
deltaRIC1,BLS-B,133,-139.74294403996404,951.1835918627338,-618.9254936561853,1143.3927945091316,0.45263441631020895,0.32379464609060665,-0.5504913345424735,0.7827909025223646,,,,,
deltaRIC1,BLS-B,140,206.68503541833144,-999.3528476799027,1018.3871759732543,1441.7133065275452,-0.05807417546179755,0.2978883998670702,-0.6412766299403192,0.7094686918663461,,,,,
deltaRIC1,BLS-B,139,-982.1897797719947,-1062.1025695695596,604.6124744978645,1567.9014242270628,-0.5765662632303453,-0.8622413158400366,-0.5705289307860264,1.1838040393159706,,,,,
deltaRIC1,BLS-B,132,-43.123555673711216,-645.5262608366734,-1686.7617899774386,1806.5794005832163,1.2211049862137973,-0.4280859203681372,-0.19012033583433696,1.3078611106196996,,,,,
deltaRIC1,BLS-B,142,-1602.7550205651585,745.2769026036844,-1471.6084543407983,2299.9766869228642,-0.341684364982934,1.9985990852806577,-2.1778457824088053,2.975593850127113,,,,,
deltaRIC1,BLS-B,134,319.8376996866555,-1146.9509614565677,-587.6828463297196,1327.8417789771481,-2.6509917018630125,0.5187199052443567,0.8637256484868995,2.835991773489017,,,,,
deltaRIC1,BLS-B,136,328.5910553580344,-1885.89380480039,-924.9146738248716,2126.037318229002,1.1289426654216888,-1.4799076476945046,-1.2970173803305358,2.2686763260530567,,,,,
deltaRIC1,BLS-B,146,102.08088255163871,318.28576899261526,2925.977806823201,2945.0080582822948,-0.20972342374123074,-1.182487082880267,-1.532201602001085,1.946766900483753,,,,,
deltaRIC1,BLS-B,147,-306.7375002334424,-1096.7307085088594,-426.80609948766175,1216.1700487989651,0.23813963908922145,-1.0270011048009577,-1.381599084564679,1.7378888881162373,,,,,
deltaRIC1,BLS-B,144,-256.16331134856887,-1037.927882656306,1459.9117493179533,1809.4906044169097,-0.5795303584970546,-0.578470028485507,-0.5373230670322382,0.9793870984655041,,,,,
deltaRIC1,BLS-B,145,63.66156028238841,-1129.1521843073642,-1883.4879413875972,2196.9443040132282,0.36834856004644023,-0.10007611921655116,0.5662482045080828,0.6828857301440402,,,,,
deltaRIC1,BLS-B,151,1508.6885579509506,279.68659652631504,-1333.5904119791276,2032.936089524521,-0.46080146924548243,-0.16574158267678793,0.2546342863202883,0.551948263931362,,,,,
deltaRIC1,BLS-B,141,615.5197848272315,-550.0178040644307,312.8839194523039,882.7686771479014,0.2859806097358346,-0.7677294788554567,1.049355702096292,1.3312929247053606,,,,,
deltaRIC1,BLS-B,149,2091.772882989383,2006.5866573015967,-117.6292148074002,2900.9895621057854,2.052025040733815,1.9711800456769373,0.5883865048417125,2.905607719454468,,,,,
deltaRIC1,BLS-B,155,-30.865620393492268,-15.987436010001913,-136.29959236739083,140.66223200264517,0.6758634197738145,0.30128031702800434,-0.27085417257622785,0.7879867856879347,,,,,
deltaRIC1,BLS-B,157,1766.4104706802814,228.1364026419218,743.4538566635741,1930.019638793158,-0.012554331822072213,-0.23306738870713914,-2.159138898911459,2.171717938342558,,,,,
deltaRIC1,BLS-B,158,221.35497331068075,-1120.768461607218,-1225.6338252199166,1675.4994008551562,0.5076815976327322,-0.34535662288849445,0.8406536941924525,1.0410141378037507,,,,,
deltaRIC1,BLS-B,152,137.46163472541926,-692.0202045267541,-380.9992697391131,801.8404504864872,0.5930878612717887,0.09177348120342414,-0.9358844370382552,1.1117802222249464,,,,,
deltaRIC1,BLS-B,150,-1278.802386072127,1156.1164720171816,4.869349458912281,1723.938673519848,-0.6197840103822294,1.0789840082271631,1.0022970656385046,1.5977916376433416,,,,,
deltaRIC1,BLS-B,156,-1530.3229635402888,-431.3512639980225,-725.7943453674606,1747.7785092679233,0.8769058605048828,-1.1855408105805454,0.7613404743545558,1.6595512103066317,,,,,
deltaRIC1,BLS-B,163,-630.313589192515,-1305.5830448026472,-56.528016685080765,1450.874813437483,-1.4841129173949648,0.20162396358033824,1.7463588742602412,2.300654839817554,,,,,
deltaRIC1,BLS-B,162,-1316.8392453590232,-1002.1018003690145,-1749.7794418436995,2408.3192710933054,-1.4878592678132152,-1.375007093728546,0.3185358102250019,2.0508131974943984,,,,,
deltaRIC1,BLS-B,161,78.74726955891744,-43.516186933749644,-1450.8793011723492,1453.6662400835353,-0.3115597346073121,-0.1259738046635225,0.17089863598975902,0.3770215000144451,,,,,
deltaRIC1,BLS-B,153,-1240.8816160272982,1377.9607670929458,-638.6668891263141,1961.2390103983203,1.7386523679566712,-1.481529407293282,0.034880711073731696,2.2845257944004773,,,,,
deltaRIC1,BLS-B,165,465.61728859527284,-1527.6073521316557,-1610.2877779368876,2267.908818603257,0.9818819587589823,0.47306077139025793,0.17162912394823662,1.103329157845455,,,,,
deltaRIC1,BLS-B,167,100.2594153574081,964.5781141070316,892.9562886476928,1318.2692524736926,-0.9618611702187898,-1.24767462267896,0.27659500956006944,1.599491692433968,,,,,
deltaRIC1,BLS-B,159,795.4361104915571,1392.3414752775773,884.5752590094077,1831.3401591467484,0.4714557455275302,-0.34902418762174864,0.42281041950379084,0.7230885522374922,,,,,
deltaRIC1,BLS-B,168,-1412.580892801138,-110.75223989982766,66.00040384654768,1418.4522870571277,1.1520530692705981,1.9385398538335716,-0.02515657353446642,2.2551709231250934,,,,,
deltaRIC1,BLS-B,169,-427.3329949973675,1445.1616593701929,1155.3605858022,1898.9375433521325,0.20619825351079799,-1.0761033317955122,0.2859587380550286,1.1323817820515878,,,,,
deltaRIC1,BLS-B,166,164.98528964865199,311.23118468264454,-583.7616383538347,681.8083649625936,0.7086135498558176,-0.37924817983879033,0.562340006493769,0.9809121407413157,,,,,
deltaRIC1,BLS-B,143,-1286.4449921787134,-250.23728777464765,-65.82331765656869,1312.2088733284115,0.06862069403384916,0.05534486094832889,0.7128621215525152,0.7182925988950671,,,,,
deltaRIC1,BLS-B,174,74.68858014481236,-856.5246093380982,-1380.8838321328897,1626.669280539792,-1.4923991143990538,0.5985279809236014,0.8007668701580686,1.796306889412361,,,,,
deltaRIC1,BLS-B,171,-781.9827206084749,-1525.0794747431266,-949.6426435923654,1959.3839670013888,1.4855183762661481,1.1364785684685563,0.5719934486028465,1.95589490721187,,,,,
deltaRIC1,BLS-B,172,-320.72119713051296,-249.21405070214257,-1137.4065754342691,1207.751401240053,0.7151875826650891,0.5921577062160672,-0.0672097817664336,0.9309463906125311,,,,,
deltaRIC1,BLS-B,170,1397.5952544020374,-110.4428116171321,-1295.6860980872405,1908.9977932259458,1.0831989659356724,-1.433803105105157,-1.7426920353107593,2.503215307149758,,,,,
deltaRIC1,BLS-B,176,704.5345499542299,-869.02440210292,-643.2546766536001,1290.4839877217673,-0.1009429554589973,0.5883529864379022,-0.3098862087789795,0.6725906476443192,,,,,
deltaRIC1,BLS-B,110,-912.0040266422207,-417.5854790948236,450.7092454520712,1099.6671318623892,0.5091231523424795,1.0461570097411117,0.4578369994577025,1.2503061990384758,,,,,
deltaRIC1,BLS-B,175,-803.2804913142204,166.40096461369694,-46.92429720560729,821.6755554466887,-1.0524701587871985,-0.3059965153166428,-1.537466297226473,1.8881551624881787,,,,,
deltaRIC1,BLS-B,131,-1293.445676873362,291.7026718454823,183.4396315682557,1338.5597731196317,-0.3537257581420921,-0.2217410226596306,-0.22813050074634272,0.4757462753129169,,,,,
deltaRIC1,BLS-B,177,425.38678625963416,447.05904371680964,-483.26845270565144,783.8138196496682,1.4210242849853618,-0.4112843370491124,-0.9877767164042355,1.778810744820938,,,,,
deltaRIC1,BLS-B,178,1941.3434110299352,-413.8116765532796,1234.7608289369591,2337.6673518441985,-0.6024662395506463,-0.3268694990691386,0.27250829222694734,0.7376110143920396,,,,,
deltaRIC1,BLS-B,182,-980.7364617354291,425.34129962068766,-696.34652619945,1275.796893353478,-0.04118876244393705,0.2730410144825427,0.07403638154400485,0.28588336001496945,,,,,
deltaRIC1,BLS-B,180,218.91449150620352,-624.4153591493865,1604.3831169476084,1735.4720629499054,-1.0638224467380526,-2.277769559737807,-1.1587677219684596,2.7681573291501826,,,,,
deltaRIC1,BLS-B,179,136.6701348719222,1108.137322788586,702.7406831348624,1319.2768927165432,1.598420903326269,-0.598444567836232,0.5381089911776076,1.7895939682925965,,,,,
deltaRIC1,BLS-B,154,1678.315698292682,-1041.2610334502822,-1007.8126766085842,2217.353042266964,-0.40206717734709235,-0.3318652930756693,1.4878455857549362,1.5765395887507891,,,,,
deltaRIC1,BLS-B,185,-2333.4275436689613,-1310.3440921039676,575.9293981224806,2737.4404857250242,1.3319938324480978,0.7394288541231194,-0.0783375863652936,1.5254833258436948,,,,,
deltaRIC1,BLS-B,183,-786.4707450856223,-753.4034134861807,-223.29074838951993,1111.7606283029252,1.200491317396052,-0.9285131218505983,-1.2046496212473805,1.9376523760890418,,,,,
deltaRIC1,BLS-B,186,428.61132530668954,-1438.4868685091778,1936.5465718567189,2450.135662371475,1.0309880670812464,-0.20130454437409884,-0.6190835891166753,1.2193130870958337,,,,,
deltaRIC1,BLS-B,181,-1956.824419828131,863.098515936236,1503.9410371901351,2614.56296569648,0.3301539142345993,-0.3679215443655845,-1.7458199388587394,1.8144572546107325,,,,,
deltaRIC1,BLS-B,191,1619.4522162336325,-1087.8209268179942,771.6991998170505,2097.975096250063,-0.3767888504083472,0.157487085055042,-0.8375304559706946,0.9317882186578974,,,,,
deltaRIC1,BLS-B,184,-43.6989608895855,-309.21566212415036,963.0859945657572,1012.4517557960083,0.7224510558587505,-0.7110453938735738,-0.03577185976352984,1.0142981347765512,,,,,
deltaRIC1,BLS-B,187,391.3589944328244,214.5847471899888,841.7173594546113,952.7311212809761,-0.5693016003331456,0.7963182958069048,-0.5879308702730064,1.1418799624297944,,,,,
deltaRIC1,BLS-B,188,10.669878878304191,-708.708713899784,-1715.5684369226053,1856.221147718621,-0.7038506867143115,-1.0936366673762592,-1.2142717194683614,1.7792983892868304,,,,,
deltaRIC1,BLS-B,189,-1009.108909546564,261.8591487173092,-113.93359117381716,1048.7382267710907,-0.6926879493580653,1.1452786725794732,0.20527962852884446,1.354112092457719,,,,,
deltaRIC1,BLS-B,198,-2161.4013320351087,911.8458075558289,-1564.023282416806,2819.4480528681715,-0.11034423207721372,0.42533305379947706,1.0329748869119941,1.122551189566848,,,,,
deltaRIC1,BLS-B,197,1660.5502378815831,-1184.3749147195306,-812.8888154878518,2195.668294048698,-0.776272663411659,-1.392266713774296,-0.4592690713294468,1.658895394569507,,,,,
deltaRIC1,BLS-B,193,-994.0887728665803,679.3721938614422,871.9167220962277,1486.6061470350924,0.6364517770937649,0.7568162493910829,1.1507694238898607,1.5172712238976915,,,,,
deltaRIC1,BLS-B,199,2083.967672318066,854.4511486551824,-843.2031070205485,2404.9946994523802,0.8811547328116642,-0.21751979151701292,-0.6267054808529574,1.1029543429304483,,,,,
deltaRIC1,BLS-B,194,-45.105027674157604,-1467.2254508017422,-397.78667268858277,1520.8613427826076,1.522271437652033,0.09535546534577612,1.0585703459421163,1.856602857902171,,,,,
deltaRIC1,BLS-B,195,-1598.3426017826646,-1244.6365367742121,-522.7414623603393,2092.1467008356053,0.5342278513493294,0.004172831601567871,-0.14988200595917897,0.5548706384295745,,,,,
deltaRIC1,BLS-B,190,-975.458491641886,-488.25734739891647,-1836.5845763481072,2136.108005763062,0.046929884847793445,1.5184392164102039,-0.1402261514409175,1.525622312884874,,,,,
deltaRIC1,BLS-B,200,-1573.859524056272,107.0371448195822,292.48858816186527,1604.3816023747854,0.008245688904879502,0.13691125645053334,-0.7908561479811042,0.8026619028756067,,,,,
deltaRIC0.5,BLS-B,2,1802.0962537381306,-801.9127964984071,-57.0996389527044,1973.2905031174273,-1.0375382926516563,0.08240205575838278,0.9779841803584377,1.4281907661594395,,,,,
deltaRIC0.5,BLS-B,1,1216.5821887568043,859.6656112931041,-745.7766326203762,1665.9171561043574,-1.9523521565942057,-1.6476764198509941,0.16606751284602522,2.5600966674549417,,,,,
deltaRIC1,BLS-B,160,1378.8534790905621,16.355272597568263,56.40152462690112,1380.1034539925356,-0.5323988706648723,-1.058218778737037,0.19601770740352492,1.2007074925945418,,,,,
deltaRIC0.5,BLS-B,6,1745.3232576153637,2911.8294840419585,-1804.6818412812113,3844.708150947131,0.24215699477809455,0.5376251020390141,-0.4787975762774286,0.7595576867569431,,,,,
deltaRIC0.5,BLS-B,9,728.087830032529,-485.40846086522964,-480.63550004970176,998.3705454534678,0.7870212224230648,-0.6338824861949477,1.9008242185236421,2.1527522199674998,,,,,
deltaRIC0.5,BLS-B,5,-190.03111495028307,582.3024031934638,1455.0739745828353,1578.742596157594,-0.5912917875659108,-0.688195688995287,-0.17097050326239338,0.923293126466554,,,,,
deltaRIC0.5,BLS-B,3,-1397.7013166015206,-1661.8038492384965,915.1253985125416,2356.398841193113,-1.3711735634462272,-0.6317779487980174,-0.12129710407952085,1.5145868430497254,,,,,
deltaRIC1,BLS-B,148,-746.1064016478117,-197.59764410748105,226.98214178678697,804.5125755554039,-0.6412251052927838,0.5674909667507535,0.9550883326961185,1.2827351075938078,,,,,
deltaRIC0.5,BLS-B,4,-562.7965914257072,566.7659041223603,-583.8517815069617,989.3667147043527,-0.5340735545629803,0.9366861153776486,0.1395914832897364,1.087244785056169,,,,,
deltaRIC0.5,BLS-B,7,-100.35080006369819,-834.6927434855999,211.26980170447487,866.8432316244904,2.2909461718325397,-0.5387569664728519,1.1166485358888738,2.604917922672414,,,,,
deltaRIC0.5,BLS-B,8,864.5519067068115,943.9607247786118,-402.9773504189663,1341.9771213644574,-0.37958581368138816,0.655054963377508,-1.8637785928472848,2.011679158849511,,,,,
deltaRIC1,BLS-B,173,-1715.2308987974104,311.8034452484911,-645.6356481467649,1859.0545486391986,-1.727948904421723,0.7482620324932922,1.7314817901773767,2.55807206217477,,,,,
deltaRIC0.5,BLS-B,10,-1508.382909275355,2848.074240458545,-1677.5584426661028,3633.3109155036295,-0.1134801413272868,0.11243393268336284,0.13686190133903572,0.21035758063935775,,,,,
deltaRIC0.5,BLS-B,12,966.0609496383138,-1351.2490065050802,-492.77730399000626,1732.6214552881152,0.5264309091527242,0.6218176891589153,0.3537948512940267,0.8882328171512577,,,,,
deltaRIC0.5,BLS-B,13,588.0567701170796,-247.05016190219334,1296.3434205337612,1444.7666978919483,-0.8640007804003574,0.5936646173107969,-1.1044830125096594,1.5227664795698697,,,,,
deltaRIC0.5,BLS-B,11,903.8350263082697,483.5902540886392,180.89184314998602,1040.9126512582045,1.7455520527565231,0.5476893639818975,0.005034523288413314,1.829464663426476,,,,,
deltaRIC0.5,BLS-B,14,-147.62427734040952,-1483.1956457087288,-2067.9121016690883,2549.1023343402826,-0.6887856058713059,0.612994508787544,1.2080670010036836,1.5197413456155024,,,,,
deltaRIC0.5,BLS-B,20,123.9083570315129,-429.97166276346337,934.8875123613086,1036.4572217370778,-1.0118962024729325,2.267493293399191,0.6991807342616229,2.5795955999636986,,,,,
deltaRIC0.5,BLS-B,19,-465.8994427524357,-1321.7732671489916,-29.139249039008035,1401.7831345615866,0.9290439589958662,1.1288979441041675,0.7267924139940558,1.6327156699770586,,,,,
deltaRIC0.5,BLS-B,17,1495.2085272811166,-276.72281503715726,-1262.8673764301286,1976.62795357846,-0.38418400483776255,1.6934553608530274,1.799377735326385,2.5006296493410116,,,,,
deltaRIC0.5,BLS-B,18,816.4835072050148,-1241.5841890469533,233.57761075543232,1504.2390489132365,-0.0538483346582793,1.236996332524299,-0.1060907578414829,1.2427046385700087,,,,,
deltaRIC0.5,BLS-B,25,1299.182427620178,-814.1725806932351,1234.000596162245,1968.123330159601,0.005487634350319156,-0.554721550014234,0.4433610397263945,0.7101514794240921,,,,,
deltaRIC0.5,BLS-B,16,-515.1539331130119,1469.3920003528888,1961.9100915685326,2504.713083948203,0.47468466893123556,0.46331419901258997,-0.6195714782888812,0.9076642543551575,,,,,
deltaRIC0.5,BLS-B,26,5.364255151391547,-814.4656596411559,-1824.944430957438,1998.4507154419896,0.9465189725004315,-0.5978459709672033,0.8411994638485469,1.4003337131855655,,,,,
deltaRIC0.5,BLS-B,21,747.452685396042,678.4033202941014,388.1300082055202,1081.4626600865297,1.2393569180294786,-1.6052229901539852,-2.5336688844808872,3.245338878233374,,,,,
deltaRIC1,BLS-B,164,-277.0034331085738,-896.89776187047,-421.90186684381825,1029.1538672368158,-0.9475731579609631,0.625348227989008,-1.6047545407482324,1.9657549267365897,,,,,
deltaRIC0.5,BLS-B,27,35.867148009079216,683.3927995350406,-37.229935686043106,685.3453427826239,0.9317935797534782,-0.7760315528963501,-1.7323671518345019,2.1146063924796277,,,,,
deltaRIC0.5,BLS-B,32,-31.342260076104285,569.121061839632,-1693.9059368404633,1787.2320619213153,0.5987719850404624,0.00659631602819792,-0.0806839971141934,0.6042195866113268,,,,,
deltaRIC0.5,BLS-B,22,1050.3415426821348,1716.240457173211,-180.12256080603663,2020.1838530275713,-1.2755512846982207,-0.06974172554515051,0.16912733215382172,1.2886035242303062,,,,,
deltaRIC0.5,BLS-B,29,599.3515781603077,739.8756493368783,225.65031025156156,978.548084276672,-0.8605283531687403,0.004396399976429032,-0.6744915296587822,1.0933742262013957,,,,,
deltaRIC0.5,BLS-B,30,352.63156693412157,-180.48213053358154,692.1743727902287,797.5137514726007,0.6558111904512469,0.6899272748066075,0.3946758623592211,1.0304644575977129,,,,,
deltaRIC0.5,BLS-B,24,-1885.5618511029975,-1252.7322466551425,1349.2411309035115,2635.3620634490417,-1.2944265402917972,-0.04182246173831621,-0.07802773880419807,1.2974503900113254,,,,,
deltaRIC0.5,BLS-B,28,754.8000330619021,-72.60964423757098,1495.8840105675374,1677.0999443736725,0.24477386120566952,1.2797557125790577,0.3187413781736211,1.3413742927193302,,,,,
deltaRIC0.5,BLS-B,34,1210.8545408781272,1073.982051409893,-375.91234018152323,1661.6005095739865,-0.2511154090258257,1.0266138598740793,-0.04705318311673851,1.0579267309115414,,,,,
deltaRIC0.5,BLS-B,31,418.9250882286721,-1199.7406277075695,394.89501910437724,1330.7208119786058,1.0312241311036112,-0.3551698340388698,0.6688502000308195,1.2794254216885264,,,,,
deltaRIC0.5,BLS-B,36,-215.8585161367498,813.5706593318647,2401.4807191387567,2544.720369924689,0.4201834846972547,-0.8334791612172461,1.1507200115768206,1.4816876249868223,,,,,
deltaRIC0.5,BLS-B,39,491.57631803868435,-803.4171787820785,-979.4555480651917,1358.844954457391,0.5479799809666202,-1.2129112154848225,0.5821297512953816,1.452690856146713,,,,,
deltaRIC1,BLS-B,196,465.04831107142144,-794.8489530555453,173.47009462731398,937.0947996515013,1.4991462795026715,-0.9832429647245321,-0.7730105800883044,1.9523707772745027,,,,,
deltaRIC0.5,BLS-B,37,58.34211555920497,818.6870675257014,-33.379814750538294,821.441738052393,0.05802986794386743,-0.4777649147405224,0.8642072958448344,0.9891820002011977,,,,,
deltaRIC0.5,BLS-B,40,991.682765525906,-1114.1599486968341,-1795.2893730281921,2334.0632021496763,0.9447977997806756,-0.11400843786618166,1.0663531613699013,1.4292480089678892,,,,,
deltaRIC0.5,BLS-B,33,2114.968981008593,169.34455968934972,-442.1586361484029,2167.319918711938,-1.461417105866295,0.14085721226778522,0.5813455753253367,1.5790957505853838,,,,,
deltaRIC1,BLS-B,192,-443.8153076543896,1169.3845426402397,1294.1234442209368,1799.7743538445434,0.21494358629536492,-0.9166601300328753,-0.633426716094194,1.1347669117238461,,,,,
deltaRIC0.5,BLS-B,35,-704.1234878453205,-1610.926575053682,-743.8237879380262,1908.9652023680576,-0.05198567549646117,-0.7271398491890634,1.1157397108792253,1.332782792944287,,,,,
deltaRIC0.5,BLS-B,41,-747.659065093152,-890.1212216180824,-617.4485891990598,1316.2646493371851,0.37890460465480047,1.6162251091978954,0.7661915321349458,1.82833305689791,,,,,
deltaRIC0.5,BLS-B,44,299.146483678077,83.15108305520009,-2156.23137179144,2178.471126732646,0.0715334021429775,-2.602424977052608,-1.479239324231959,2.9943082284834404,,,,,
deltaRIC0.5,BLS-B,38,-325.1159668106905,-1149.166274942089,1309.6729695497197,1772.4352756895548,0.4535077315615546,0.7242675617274358,-1.2867103345003505,1.5446217169477827,,,,,
deltaRIC0.5,BLS-B,46,-191.88395674444158,1088.107951751033,-525.9821572587003,1223.7056824556496,-1.6827193825313944,0.922159116830929,-1.1487201171692456,2.2363988608230336,,,,,
deltaRIC0.5,BLS-B,45,317.5647906296757,-1003.8784163911636,619.3777133969791,1221.5760406117051,1.0566159791452394,0.9527802063730111,0.794179361486912,1.6294012112592189,,,,,
deltaRIC0.5,BLS-B,53,1675.9243668483641,-665.2012677370448,371.4459936944627,1840.974561537103,1.085370943114184,0.3707168304211126,0.256050995429825,1.1751694196049578,,,,,
deltaRIC0.5,BLS-B,42,312.0621317267384,858.2704301818718,-1262.9629368673227,1558.5526251246522,-1.9111593252604877,-0.5674472812283516,1.801528407832186,2.687011534722161,,,,,
deltaRIC0.5,BLS-B,56,208.5089001579946,-908.7137351777477,1815.8766088721466,2041.2360158969361,-0.2455551026367759,-1.085149095023351,0.10995288751208497,1.1180051450387876,,,,,
deltaRIC0.5,BLS-B,49,603.3788315355432,-170.46909214076757,-294.0583085258043,692.5287102594029,0.5134451423590478,0.060999486039776854,0.07318955197328075,0.5222102661067373,,,,,
deltaRIC0.5,BLS-B,55,-676.0948636728864,-30.11491542978184,343.63249514959705,759.0088698684223,-1.2854454005665257,0.8806439462223106,-0.7414970331153995,1.7256075706760734,,,,,
deltaRIC0.5,BLS-B,57,-1202.2562037244275,-99.25486633678221,-1017.8062182987204,1578.353891208479,0.5734001447912616,-0.41158172029771833,-0.9567538887693653,1.188934498702587,,,,,
deltaRIC0.5,BLS-B,43,-730.9191518332293,1282.5080832560843,246.28021903198456,1496.5706586794506,0.9159842692443994,0.31717255885675216,1.0827849209161906,1.4532889590712568,,,,,
deltaRIC0.5,BLS-B,47,-807.694739380652,-377.94819741043096,393.83209130170377,974.8432428283262,1.8049635761877196,-0.3056214377942277,-1.0223412095869253,2.0967783677402414,,,,,
deltaRIC0.5,BLS-B,51,1660.5748686895847,228.6869458865011,-480.79760260723486,1743.83856718883,0.4088096030306921,0.02686515258941397,-1.7238897201023746,1.7719037205865358,,,,,
deltaRIC0.5,BLS-B,59,177.2464711795738,-1448.0193242693742,589.6105328745282,1573.4728645514456,0.3067173127447097,-1.2699066606595975,1.1294311597502713,1.726949096337176,,,,,
deltaRIC0.5,BLS-B,48,-1031.841628725968,-957.4359919226794,-842.705547632288,1640.589365262087,-0.8637949296185866,-1.121529061474705,1.1120669093906133,1.800183859256799,,,,,
deltaRIC0.5,BLS-B,61,-429.21608397157786,478.8636952533958,-24.90627662237262,643.5504704270083,1.2916453051886938,0.31801076442177856,-1.4269280022937514,1.9507952133512514,,,,,
deltaRIC0.5,BLS-B,54,-1914.375970546227,-404.89986036115965,-1224.142496401279,2308.095341406167,-0.9178751254966833,-0.38838960701945957,-0.6401833366736153,1.1845572748503324,,,,,
deltaRIC0.5,BLS-B,62,-576.8021243325462,-2611.829609563589,1069.0161447641049,2880.477411436156,-0.1790309004363123,0.4429326026456953,-0.47799510551952984,0.6758111235383394,,,,,
deltaRIC0.5,BLS-B,64,498.73246143848917,-5.79964657597963,929.6934764807802,1055.0344374492329,0.5113148238419627,0.8854960816008648,1.4923446979161885,1.8090436304881048,,,,,
deltaRIC0.5,BLS-B,66,157.77371893420943,1098.2400932466653,-289.9941791396846,1146.7870215239072,-0.4281264081969193,-0.7663003499549658,-0.3973746698048632,0.9635429808468443,,,,,
deltaRIC0.5,BLS-B,63,-16.726427610251267,-1277.569623415483,-965.4926637101502,1601.4493434800556,-0.24166020921099712,-1.232926935227201,1.4256928465006717,1.9002917083668573,,,,,
deltaRIC0.5,BLS-B,58,2317.4694003069903,148.228745279339,-206.74366864600907,2331.3899559729466,-0.7051221103374167,-0.0048769522721105515,-0.6309212615208419,0.9461937504492445,,,,,
deltaRIC0.5,BLS-B,65,-1960.1340098716412,138.20034734766077,1005.2273730194727,2207.1943149913473,1.3885866915172045,0.870587428921323,0.8575558663434033,1.8497290437127598,,,,,
deltaRIC0.5,BLS-B,70,251.99152428694194,990.0078941695839,-1114.3710540511731,1511.7665841450766,0.037632729418446,-0.9471428396098216,0.6691786036130758,1.1602998683448966,,,,,
deltaRIC0.5,BLS-B,72,-213.02788871141868,1288.4160892893437,-53.4753549514145,1307.0028745552438,0.050882726814277496,0.11299318957551574,-0.6432591848897237,0.655086934477781,,,,,
deltaRIC0.5,BLS-B,60,-982.4538900456199,-348.0440006450926,-310.6442496641753,1087.5891330370264,-1.6219276439631527,0.14967880548555365,0.05798452773457811,1.6298512915355339,,,,,
deltaRIC0.5,BLS-B,69,-1071.86452195416,-724.9931181477463,-605.8225620436123,1428.8210354927933,-1.512514045648869,-0.7383299367296787,-0.7766620748603242,1.8536541781796043,,,,,
deltaRIC0.5,BLS-B,71,535.3250336072798,1085.383386583267,1093.3870786127677,1630.9890530457155,-0.09117600891661308,1.5746414429107078,0.9141724080584113,1.8230523662224276,,,,,
deltaRIC0.5,BLS-B,76,95.55514852494989,-564.4267097776954,-154.97771338442647,593.0652483209293,0.8333598879564863,-0.7740367381483217,0.27448322711698003,1.1700267590216442,,,,,
deltaRIC0.5,BLS-B,67,166.9015303517654,1171.4050788519219,581.8537177912104,1318.5597174573825,-0.9796519810561979,-1.361187526449211,-0.9469051585609064,1.9259228607235312,,,,,
deltaRIC0.5,BLS-B,77,-1762.7928825017816,-902.0426404569025,297.3116074694759,2002.3770533387271,2.0586366136744876,-0.06246993250472803,-0.21182970149543373,2.0704489904520593,,,,,
deltaRIC0.5,BLS-B,68,-135.48696787993754,-1313.1589149121855,-666.0152246875948,1478.620753876502,-0.10714009172084236,1.3409453829233886,-0.0026702257997519925,1.3452214127582587,,,,,
deltaRIC0.5,BLS-B,73,-296.0636665928437,604.7453638023114,476.7503138717188,825.0221278811683,0.4459845590463795,0.27607156494152574,2.1885836484121075,2.250559068759118,,,,,
deltaRIC0.5,BLS-B,74,25.719793623994796,-90.43157096225424,527.3960344167548,535.7106998458038,-0.09488321052412128,0.07798531607298678,-1.886163990016889,1.890158493459953,,,,,
deltaRIC0.5,BLS-B,83,-1290.0217338523935,1730.8261747323984,-789.3029184803121,2298.4591399613482,-0.6519518932089234,-0.973070896329179,0.5656997731331158,1.30073997157942,,,,,
deltaRIC0.5,BLS-B,81,-637.9277954589751,-692.1980836427108,-1352.9727327673074,1648.2188188555624,1.059126830874443,-2.48970700279787,-2.0677370978691267,3.405279329153944,,,,,
deltaRIC0.5,BLS-B,75,-1784.5875801822851,10.840379547261103,38.461192711798766,1785.0349040045146,-0.64037886146036,0.38095789500377736,0.15278861423980522,0.7606302417155764,,,,,
deltaRIC0.5,BLS-B,80,226.66008130756632,-50.53547827043853,-103.70757528786802,254.33027384576803,-0.6754460244840242,1.3153891868234606,0.012336275068602453,1.4787252038448275,,,,,
deltaRIC0.5,BLS-B,84,-548.9436919680373,586.661811258729,-442.928204654948,917.4402717451026,-1.0294923606515578,0.22843028305960725,-0.5927071872275128,1.2096845558449358,,,,,
deltaRIC0.5,BLS-B,78,-261.9369718641336,633.5658261715306,878.1415639240861,1114.0687768772652,0.24688652677485018,0.0667824801132928,-0.37336194576938025,0.4525615972458653,,,,,
deltaRIC0.5,BLS-B,82,-870.8467717729609,1654.3658285465658,-1597.9442879794035,2459.415853827074,-0.24120968571067994,0.5774155773257381,-1.059662054419426,1.2306398868050146,,,,,
deltaRIC0.5,BLS-B,15,527.1712078553843,-98.72004605529791,-153.52909854974652,557.8766117936499,-0.15217365697658672,0.7131565120134402,-0.30466352920885453,0.7902967155029803,,,,,
deltaRIC0.5,BLS-B,86,-1866.7953521316538,-2494.5583151338456,-1933.1481032337463,3666.7161961869897,0.9216620121099642,-0.6150276753381828,-0.782689088193778,1.3565847245108154,,,,,
deltaRIC0.5,BLS-B,85,-550.5837611589847,227.35769507456982,419.9805462723959,728.8468006439042,-1.2706771415268008,-1.3842676285936595,0.41060914831177414,1.9233868925019624,,,,,
deltaRIC0.5,BLS-B,89,-174.00878829204737,1543.1975238280088,-193.66192672861763,1565.0056222953338,0.6764763225604961,0.26894896861812445,1.2484977930971817,1.4452337188407478,,,,,
deltaRIC0.5,BLS-B,88,1277.8087673291636,1947.501353151597,-1486.71129265766,2763.307299977038,-0.3847834093275808,0.24916344036803498,-0.9715747619193453,1.0742896304574594,,,,,
deltaRIC0.5,BLS-B,90,1149.280498500209,588.5601516358797,142.72491710130646,1299.08395351806,0.5728752656183721,0.5570505916129745,1.9545449818111893,2.111572285643328,,,,,
deltaRIC0.5,BLS-B,79,426.80670662389815,-386.9845025574549,1785.7145888698064,1876.3521958686863,-0.9597699670365337,-0.6380572817813281,0.19200824673542033,1.1683931920693034,,,,,
deltaRIC0.5,BLS-B,87,-1821.0206164079457,1723.2544230489664,74.25354528178816,2508.233537956048,-1.9794287514625521,0.3300537415369351,-0.8818215798269556,2.1919587024092486,,,,,
deltaRIC0.5,BLS-B,92,205.40628504343937,1091.148208967912,324.43499744411395,1156.742937491209,-0.5162330422563404,-1.0271198694364922,-0.5003689487467063,1.2537307785080325,,,,,
deltaRIC0.5,BLS-B,94,60.20346846574813,924.6544093355221,-364.1909345601079,995.613012738732,0.23146287845127073,-1.4680304736372967,-1.3582870346160498,2.0133634058546797,,,,,
deltaRIC0.5,BLS-B,95,929.6271825112775,825.2553928464343,-48.931415495333944,1244.0447923239562,1.6202396814164977,-0.12984006615565913,-0.6247354719568208,1.7413585150499742,,,,,
deltaRIC0.5,BLS-B,23,-11.017456998423807,356.5858511830404,-21.09316324020464,357.379035700366,-0.4352385460408071,-1.093730790799422,0.50290891142711,1.2800769538958374,,,,,
deltaRIC0.5,BLS-B,101,835.1509845703031,-657.0133182941994,324.6619984338797,1111.1026418255797,0.2802668941514156,-0.6155162361294366,1.4370940911980028,1.5882849857164938,,,,,
deltaRIC0.5,BLS-B,50,-1427.4635781363095,-1458.5883630204398,1422.902088105729,2487.927376749572,0.5529161277952818,-0.02711077640170785,-0.4620523346218046,0.7210711466302697,,,,,
deltaRIC0.5,BLS-B,97,-1162.333244600598,-1238.3995331359715,3110.987067073796,3544.41708982952,-0.20549004415431013,1.1364707278452248,-0.7477245776645028,1.3758211793467765,,,,,
deltaRIC0.5,BLS-B,93,399.62824350798144,-104.32184554889619,2.965443870784138,413.03096049249507,0.8290710567099796,-0.9576038231359917,-0.8818222204183433,1.5433646126506877,,,,,
deltaRIC0.5,BLS-B,98,-605.4894047529702,1229.9785078558264,-1577.0905324647892,2089.6600433193494,0.24802156821120164,-0.3063641139015415,-0.21353735091955145,0.44829886105405187,,,,,
deltaRIC0.5,BLS-B,91,-781.6142438733476,-2707.40202254976,-103.10900404293415,2819.854252376701,-0.6849667111279247,0.03322383024976805,0.9240424404055333,1.1507118014170554,,,,,
deltaRIC0.5,BLS-B,102,-65.98898681667931,-512.1727286249935,754.2151176877785,914.065585216429,-0.9498037857846365,0.29304822220539745,-0.9030253412327405,1.342929357388943,,,,,
deltaRIC0.5,BLS-B,100,-13.800738789073545,357.5461139841666,1613.5408335741045,1652.7382447403213,0.23738912982157237,-1.18817519027507,-0.2406790907279704,1.23533003948592,,,,,
deltaRIC0.5,BLS-B,99,291.37128411193044,438.6625467638508,-907.3641725299382,1049.1100022063092,-1.4041999499013817,2.0998093854939532,0.7063573513802056,2.62295971424656,,,,,
deltaRIC0.5,BLS-B,103,-946.3231807631058,431.3273921147751,600.1475585953149,1200.7281014976088,0.405486401157275,-0.25860263189498084,0.4758988059166811,0.6765901390202287,,,,,
deltaRIC0.5,BLS-B,110,-912.0040266422207,-417.5854790948236,450.7092454520712,1099.6671318623892,0.5091231523424795,1.0461570097411117,0.4578369994577025,1.2503061990384758,,,,,
deltaRIC0.5,BLS-B,112,799.0460472381574,1048.3341062186896,41.10130067608926,1318.7753033726135,-0.7117683326894104,-0.6822954244718739,-1.4139365125375833,1.7237626481513229,,,,,
deltaRIC0.5,BLS-B,104,-1317.460409755589,497.5586260860104,-998.0520093529195,1726.0864205014077,-1.3072070069399848,1.2099858733386175,3.321443300218999,3.768931091071006,,,,,
deltaRIC0.5,BLS-B,107,651.9703802551462,1346.5108853502484,669.3740795644446,1638.9687609864616,0.8839681129274871,0.6163888026359647,-0.2778392020655305,1.1128923590770095,,,,,
deltaRIC0.5,BLS-B,52,-681.8743630211662,-210.71969286452313,191.09262525352818,738.8313930341113,-1.2324261319950096,0.2997991570152371,0.6804537003216516,1.4393647708807715,,,,,
deltaRIC0.5,BLS-B,105,-78.04550782390866,-2009.294631601962,351.6131572889768,2041.3201194949015,1.1420541778949833,0.05511893852673009,-0.49547784021520297,1.2461236426518927,,,,,
deltaRIC0.5,BLS-B,109,133.09528041072926,188.5361417192191,-85.93088814256717,246.26073162189402,-0.5185349634530199,1.555618147732277,1.0678906690130483,1.9568384733652293,,,,,
deltaRIC0.5,BLS-B,108,-527.1523209613104,1797.4221847510619,777.7132055200381,2028.1651584056044,-0.4316002838381376,0.2450386582493405,0.25042477255079554,0.5559094492387369,,,,,
deltaRIC0.5,BLS-B,117,449.39965820978375,-170.93532087081923,1855.0162722284094,1916.3152942437382,1.4030283334787752,0.263688765923173,0.39497349786938873,1.481223931023765,,,,,
deltaRIC0.5,BLS-B,106,-1834.9695633352521,-375.68763226723377,-908.4541299153705,2081.716455611959,-0.10018583801901937,-0.9350088301619207,0.03381049997362131,0.9409685778647462,,,,,
deltaRIC0.5,BLS-B,115,-1053.43852111261,1831.3579604420886,-2734.9043232092167,3455.9089042026258,-0.6116740415765403,-0.755157979341737,0.5690904140596301,1.1261760991410872,,,,,
deltaRIC0.5,BLS-B,116,728.4262262929517,673.4788231431173,-230.8496259391684,1018.5627335465807,-0.8684266092938775,-0.2168916419361849,-0.1555437153483827,0.9085156066110333,,,,,
deltaRIC0.5,BLS-B,113,-235.80650193906826,946.7314120438751,-394.50776920086014,1052.3979536597212,-0.009416702275880765,-1.7241873895647017,-0.8465206484773418,1.920809214085093,,,,,
deltaRIC0.5,BLS-B,119,-1211.064670795074,926.6762155027938,-341.61605645683534,1562.7245359485726,0.008141376733201991,-1.0879480220023112,1.4596884221886304,1.8205459264916628,,,,,
deltaRIC0.5,BLS-B,124,-632.4827449897115,-800.9564362934407,799.9670209048804,1296.731610660062,0.1585065413752711,-0.5860926312480179,-0.4775663783499643,0.772462647506193,,,,,
deltaRIC0.5,BLS-B,123,396.2680708862394,-1463.7796610030623,-107.41812136240219,1520.269033022501,-1.5866508141369475,1.0594947666346806,-2.3078925074811503,2.994387715813593,,,,,
deltaRIC0.5,BLS-B,125,1745.1348400666518,1132.528720074367,2184.575925941473,3016.701657110094,-0.38903371069421794,-0.29223496768548096,1.539779156562976,1.6148276550085572,,,,,
deltaRIC0.5,BLS-B,122,359.25711936790697,993.7809709976707,32.46582198465503,1057.2229309520008,2.107149974745342,0.8827827495798678,-0.40859620412980996,2.32084839165646,,,,,
deltaRIC0.5,BLS-B,126,42.898514786997126,895.2320498364301,1020.679637886095,1358.3326650053575,1.1705883104220598,-1.204198590601013,-1.7408461568713283,2.418866796662419,,,,,
deltaRIC0.5,BLS-B,121,107.28254636749142,323.316610429969,1129.8389377459082,1180.075930006972,-1.6288174573451937,-1.8099410906031907,-0.9302587983509893,2.6065905878591207,,,,,
deltaRIC0.5,BLS-B,127,-776.030663257888,-212.21707107227792,-609.4329263998411,1009.2909230500629,-0.1222203914133104,-0.09544798749728428,0.1138968429797052,0.19240746668268402,,,,,
deltaRIC0.5,BLS-B,129,-81.17537425280224,1963.4193594945068,337.6418053226183,1993.8924272197883,0.8690366440387081,-0.21420811440697532,-0.3834722130613533,0.9737354585050417,,,,,
deltaRIC0.5,BLS-B,114,693.339264184508,-204.68848480355916,-1076.5945361735744,1296.7931625320539,-0.45257883989183095,-1.8665135856031825,-0.7300741898181097,2.054679754657074,,,,,
deltaRIC0.5,BLS-B,132,-43.123555673711216,-645.5262608366734,-1686.7617899774386,1806.5794005832163,1.2211049862137973,-0.4280859203681372,-0.19012033583433696,1.3078611106196996,,,,,
deltaRIC0.5,BLS-B,128,474.4213464750423,-255.59447046064233,-766.6478024856721,937.0981807566155,1.823961847271571,1.1163937462477254,-0.4020629387087133,2.17596563016203,,,,,
deltaRIC0.5,BLS-B,131,-1293.445676873362,291.7026718454823,183.4396315682557,1338.5597731196317,-0.3537257581420921,-0.2217410226596306,-0.22813050074634272,0.4757462753129169,,,,,
deltaRIC0.5,BLS-B,136,328.5910553580344,-1885.89380480039,-924.9146738248716,2126.037318229002,1.1289426654216888,-1.4799076476945046,-1.2970173803305358,2.2686763260530567,,,,,
deltaRIC0.5,BLS-B,137,900.8674690386774,982.7299339155456,587.7185559423303,1456.9603360368956,0.271787548425788,0.6228315228642811,-0.2168772163518393,0.7133185153388787,,,,,
deltaRIC0.5,BLS-B,130,315.6290239735401,2409.0620556115764,-1528.1600009948938,2870.274317413351,-1.4032611396483599,0.8277979407533506,-0.9191771500429918,1.870635691395804,,,,,
deltaRIC0.5,BLS-B,134,319.8376996866555,-1146.9509614565677,-587.6828463297196,1327.8417789771481,-2.6509917018630125,0.5187199052443567,0.8637256484868995,2.835991773489017,,,,,
deltaRIC0.5,BLS-B,135,603.3513007398415,1266.896096192292,-209.28047742289175,1418.751855992471,0.7279519452971073,0.29666928105471635,1.0693740662650202,1.32721045451863,,,,,
deltaRIC0.5,BLS-B,138,-84.84248088051989,2108.474561867685,-1838.0646504162694,2798.4540167233354,-1.843525059010378,-0.3265442329781073,-0.388416984607302,1.9120887880069553,,,,,
deltaRIC0.5,BLS-B,139,-982.1897797719947,-1062.1025695695596,604.6124744978645,1567.9014242270628,-0.5765662632303453,-0.8622413158400366,-0.5705289307860264,1.1838040393159706,,,,,
deltaRIC0.5,BLS-B,143,-1286.4449921787134,-250.23728777464765,-65.82331765656869,1312.2088733284115,0.06862069403384916,0.05534486094832889,0.7128621215525152,0.7182925988950671,,,,,
deltaRIC0.5,BLS-B,145,63.66156028238841,-1129.1521843073642,-1883.4879413875972,2196.9443040132282,0.36834856004644023,-0.10007611921655116,0.5662482045080828,0.6828857301440402,,,,,
deltaRIC0.5,BLS-B,133,-139.74294403996404,951.1835918627338,-618.9254936561853,1143.3927945091316,0.45263441631020895,0.32379464609060665,-0.5504913345424735,0.7827909025223646,,,,,
deltaRIC0.5,BLS-B,141,615.5197848272315,-550.0178040644307,312.8839194523039,882.7686771479014,0.2859806097358346,-0.7677294788554567,1.049355702096292,1.3312929247053606,,,,,
deltaRIC0.5,BLS-B,140,206.68503541833144,-999.3528476799027,1018.3871759732543,1441.7133065275452,-0.05807417546179755,0.2978883998670702,-0.6412766299403192,0.7094686918663461,,,,,
deltaRIC0.5,BLS-B,146,102.08088255163871,318.28576899261526,2925.977806823201,2945.0080582822948,-0.20972342374123074,-1.182487082880267,-1.532201602001085,1.946766900483753,,,,,
deltaRIC0.5,BLS-B,144,-256.16331134856887,-1037.927882656306,1459.9117493179533,1809.4906044169097,-0.5795303584970546,-0.578470028485507,-0.5373230670322382,0.9793870984655041,,,,,
deltaRIC0.5,BLS-B,149,2091.772882989383,2006.5866573015967,-117.6292148074002,2900.9895621057854,2.052025040733815,1.9711800456769373,0.5883865048417125,2.905607719454468,,,,,
deltaRIC0.5,BLS-B,147,-306.7375002334424,-1096.7307085088594,-426.80609948766175,1216.1700487989651,0.23813963908922145,-1.0270011048009577,-1.381599084564679,1.7378888881162373,,,,,
deltaRIC0.5,BLS-B,148,-746.1064016478117,-197.59764410748105,226.98214178678697,804.5125755554039,-0.6412251052927838,0.5674909667507535,0.9550883326961185,1.2827351075938078,,,,,
deltaRIC0.5,BLS-B,142,-1602.7550205651585,745.2769026036844,-1471.6084543407983,2299.9766869228642,-0.341684364982934,1.9985990852806577,-2.1778457824088053,2.975593850127113,,,,,
deltaRIC0.5,BLS-B,152,137.46163472541926,-692.0202045267541,-380.9992697391131,801.8404504864872,0.5930878612717887,0.09177348120342414,-0.9358844370382552,1.1117802222249464,,,,,
deltaRIC0.5,BLS-B,151,1508.6885579509506,279.68659652631504,-1333.5904119791276,2032.936089524521,-0.46080146924548243,-0.16574158267678793,0.2546342863202883,0.551948263931362,,,,,
deltaRIC0.5,BLS-B,150,-1278.802386072127,1156.1164720171816,4.869349458912281,1723.938673519848,-0.6197840103822294,1.0789840082271631,1.0022970656385046,1.5977916376433416,,,,,
deltaRIC0.5,BLS-B,154,1678.315698292682,-1041.2610334502822,-1007.8126766085842,2217.353042266964,-0.40206717734709235,-0.3318652930756693,1.4878455857549362,1.5765395887507891,,,,,
deltaRIC0.5,BLS-B,153,-1240.8816160272982,1377.9607670929458,-638.6668891263141,1961.2390103983203,1.7386523679566712,-1.481529407293282,0.034880711073731696,2.2845257944004773,,,,,
deltaRIC0.5,BLS-B,155,-30.865620393492268,-15.987436010001913,-136.29959236739083,140.66223200264517,0.6758634197738145,0.30128031702800434,-0.27085417257622785,0.7879867856879347,,,,,
deltaRIC0.5,BLS-B,158,221.35497331068075,-1120.768461607218,-1225.6338252199166,1675.4994008551562,0.5076815976327322,-0.34535662288849445,0.8406536941924525,1.0410141378037507,,,,,
deltaRIC0.5,BLS-B,159,795.4361104915571,1392.3414752775773,884.5752590094077,1831.3401591467484,0.4714557455275302,-0.34902418762174864,0.42281041950379084,0.7230885522374922,,,,,
deltaRIC0.5,BLS-B,162,-1316.8392453590232,-1002.1018003690145,-1749.7794418436995,2408.3192710933054,-1.4878592678132152,-1.375007093728546,0.3185358102250019,2.0508131974943984,,,,,
deltaRIC0.5,BLS-B,96,-390.75990569954126,-552.9037651903044,-4.7100802991279895,677.0657739986226,1.0728994004097478,-0.6320605558631717,-1.2899358597433368,1.7929161140247023,,,,,
deltaRIC0.5,BLS-B,156,-1530.3229635402888,-431.3512639980225,-725.7943453674606,1747.7785092679233,0.8769058605048828,-1.1855408105805454,0.7613404743545558,1.6595512103066317,,,,,
deltaRIC0.5,BLS-B,161,78.74726955891744,-43.516186933749644,-1450.8793011723492,1453.6662400835353,-0.3115597346073121,-0.1259738046635225,0.17089863598975902,0.3770215000144451,,,,,
deltaRIC0.5,BLS-B,157,1766.4104706802814,228.1364026419218,743.4538566635741,1930.019638793158,-0.012554331822072213,-0.23306738870713914,-2.159138898911459,2.171717938342558,,,,,
deltaRIC0.5,BLS-B,165,465.61728859527284,-1527.6073521316557,-1610.2877779368876,2267.908818603257,0.9818819587589823,0.47306077139025793,0.17162912394823662,1.103329157845455,,,,,
deltaRIC0.5,BLS-B,160,1378.8534790905621,16.355272597568263,56.40152462690112,1380.1034539925356,-0.5323988706648723,-1.058218778737037,0.19601770740352492,1.2007074925945418,,,,,
deltaRIC0.5,BLS-B,166,164.98528964865199,311.23118468264454,-583.7616383538347,681.8083649625936,0.7086135498558176,-0.37924817983879033,0.562340006493769,0.9809121407413157,,,,,
deltaRIC0.5,BLS-B,167,100.2594153574081,964.5781141070316,892.9562886476928,1318.2692524736926,-0.9618611702187898,-1.24767462267896,0.27659500956006944,1.599491692433968,,,,,
deltaRIC0.5,BLS-B,172,-320.72119713051296,-249.21405070214257,-1137.4065754342691,1207.751401240053,0.7151875826650891,0.5921577062160672,-0.0672097817664336,0.9309463906125311,,,,,
deltaRIC0.5,BLS-B,120,348.3033350774498,-586.2724068253962,-107.44119219114441,690.3435072558962,-1.6024494068195314,-0.6636679818381149,0.5147563793887505,1.8092190087589617,,,,,
deltaRIC0.5,BLS-B,163,-630.313589192515,-1305.5830448026472,-56.528016685080765,1450.874813437483,-1.4841129173949648,0.20162396358033824,1.7463588742602412,2.300654839817554,,,,,
deltaRIC0.5,BLS-B,118,943.021729007945,-19.99102800228197,-2029.8471329527854,2238.296004941787,0.10062821278367767,-0.21167691286150567,0.2354023160852869,0.33218579600117143,,,,,
deltaRIC0.5,BLS-B,169,-427.3329949973675,1445.1616593701929,1155.3605858022,1898.9375433521325,0.20619825351079799,-1.0761033317955122,0.2859587380550286,1.1323817820515878,,,,,
deltaRIC0.5,BLS-B,176,704.5345499542299,-869.02440210292,-643.2546766536001,1290.4839877217673,-0.1009429554589973,0.5883529864379022,-0.3098862087789795,0.6725906476443192,,,,,
deltaRIC0.5,BLS-B,164,-277.0034331085738,-896.89776187047,-421.90186684381825,1029.1538672368158,-0.9475731579609631,0.625348227989008,-1.6047545407482324,1.9657549267365897,,,,,
deltaRIC0.5,BLS-B,175,-803.2804913142204,166.40096461369694,-46.92429720560729,821.6755554466887,-1.0524701587871985,-0.3059965153166428,-1.537466297226473,1.8881551624881787,,,,,
deltaRIC0.5,BLS-B,178,1941.3434110299352,-413.8116765532796,1234.7608289369591,2337.6673518441985,-0.6024662395506463,-0.3268694990691386,0.27250829222694734,0.7376110143920396,,,,,
deltaRIC0.5,BLS-B,173,-1715.2308987974104,311.8034452484911,-645.6356481467649,1859.0545486391986,-1.727948904421723,0.7482620324932922,1.7314817901773767,2.55807206217477,,,,,
deltaRIC0.5,BLS-B,177,425.38678625963416,447.05904371680964,-483.26845270565144,783.8138196496682,1.4210242849853618,-0.4112843370491124,-0.9877767164042355,1.778810744820938,,,,,
deltaRIC0.5,BLS-B,182,-980.7364617354291,425.34129962068766,-696.34652619945,1275.796893353478,-0.04118876244393705,0.2730410144825427,0.07403638154400485,0.28588336001496945,,,,,
deltaRIC0.5,BLS-B,111,29.90760479589177,948.2126192710492,-12.17360954223045,948.7622636565904,-1.3468787128488904,0.3640898250630046,-0.06372614847420048,1.3966763010229855,,,,,
deltaRIC0.5,BLS-B,184,-43.6989608895855,-309.21566212415036,963.0859945657572,1012.4517557960083,0.7224510558587505,-0.7110453938735738,-0.03577185976352984,1.0142981347765512,,,,,
deltaRIC0.5,BLS-B,171,-781.9827206084749,-1525.0794747431266,-949.6426435923654,1959.3839670013888,1.4855183762661481,1.1364785684685563,0.5719934486028465,1.95589490721187,,,,,
deltaRIC0.5,BLS-B,181,-1956.824419828131,863.098515936236,1503.9410371901351,2614.56296569648,0.3301539142345993,-0.3679215443655845,-1.7458199388587394,1.8144572546107325,,,,,
deltaRIC0.5,BLS-B,179,136.6701348719222,1108.137322788586,702.7406831348624,1319.2768927165432,1.598420903326269,-0.598444567836232,0.5381089911776076,1.7895939682925965,,,,,
deltaRIC0.5,BLS-B,180,218.91449150620352,-624.4153591493865,1604.3831169476084,1735.4720629499054,-1.0638224467380526,-2.277769559737807,-1.1587677219684596,2.7681573291501826,,,,,
deltaRIC0.5,BLS-B,185,-2333.4275436689613,-1310.3440921039676,575.9293981224806,2737.4404857250242,1.3319938324480978,0.7394288541231194,-0.0783375863652936,1.5254833258436948,,,,,
deltaRIC0.5,BLS-B,186,428.61132530668954,-1438.4868685091778,1936.5465718567189,2450.135662371475,1.0309880670812464,-0.20130454437409884,-0.6190835891166753,1.2193130870958337,,,,,
deltaRIC0.5,BLS-B,188,10.669878878304191,-708.708713899784,-1715.5684369226053,1856.221147718621,-0.7038506867143115,-1.0936366673762592,-1.2142717194683614,1.7792983892868304,,,,,
deltaRIC0.5,BLS-B,190,-975.458491641886,-488.25734739891647,-1836.5845763481072,2136.108005763062,0.046929884847793445,1.5184392164102039,-0.1402261514409175,1.525622312884874,,,,,
deltaRIC0.5,BLS-B,187,391.3589944328244,214.5847471899888,841.7173594546113,952.7311212809761,-0.5693016003331456,0.7963182958069048,-0.5879308702730064,1.1418799624297944,,,,,
deltaRIC0.5,BLS-B,183,-786.4707450856223,-753.4034134861807,-223.29074838951993,1111.7606283029252,1.200491317396052,-0.9285131218505983,-1.2046496212473805,1.9376523760890418,,,,,
deltaRIC0.5,BLS-B,189,-1009.108909546564,261.8591487173092,-113.93359117381716,1048.7382267710907,-0.6926879493580653,1.1452786725794732,0.20527962852884446,1.354112092457719,,,,,
deltaRIC0.5,BLS-B,195,-1598.3426017826646,-1244.6365367742121,-522.7414623603393,2092.1467008356053,0.5342278513493294,0.004172831601567871,-0.14988200595917897,0.5548706384295745,,,,,
deltaRIC0.5,BLS-B,191,1619.4522162336325,-1087.8209268179942,771.6991998170505,2097.975096250063,-0.3767888504083472,0.157487085055042,-0.8375304559706946,0.9317882186578974,,,,,
deltaRIC0.5,BLS-B,192,-443.8153076543896,1169.3845426402397,1294.1234442209368,1799.7743538445434,0.21494358629536492,-0.9166601300328753,-0.633426716094194,1.1347669117238461,,,,,
deltaRIC0.5,BLS-B,196,465.04831107142144,-794.8489530555453,173.47009462731398,937.0947996515013,1.4991462795026715,-0.9832429647245321,-0.7730105800883044,1.9523707772745027,,,,,
deltaRIC0.5,BLS-B,193,-994.0887728665803,679.3721938614422,871.9167220962277,1486.6061470350924,0.6364517770937649,0.7568162493910829,1.1507694238898607,1.5172712238976915,,,,,
deltaRIC0.5,BLS-B,198,-2161.4013320351087,911.8458075558289,-1564.023282416806,2819.4480528681715,-0.11034423207721372,0.42533305379947706,1.0329748869119941,1.122551189566848,,,,,
deltaRIC0.5,BLS-B,194,-45.105027674157604,-1467.2254508017422,-397.78667268858277,1520.8613427826076,1.522271437652033,0.09535546534577612,1.0585703459421163,1.856602857902171,,,,,
deltaI0.2,BLS-B,5,-190.03111495028307,582.3024031934638,1455.0739745828353,1578.742596157594,-0.5912917875659108,-0.688195688995287,-0.17097050326239338,0.923293126466554,,,,,
deltaRIC0.5,BLS-B,197,1660.5502378815831,-1184.3749147195306,-812.8888154878518,2195.668294048698,-0.776272663411659,-1.392266713774296,-0.4592690713294468,1.658895394569507,,,,,
deltaI0.2,BLS-B,2,1802.0962537381306,-801.9127964984071,-57.0996389527044,1973.2905031174273,-1.0375382926516563,0.08240205575838278,0.9779841803584377,1.4281907661594395,,,,,
deltaRIC0.5,BLS-B,199,2083.967672318066,854.4511486551824,-843.2031070205485,2404.9946994523802,0.8811547328116642,-0.21751979151701292,-0.6267054808529574,1.1029543429304483,,,,,
deltaI0.2,BLS-B,8,864.5519067068115,943.9607247786118,-402.9773504189663,1341.9771213644574,-0.37958581368138816,0.655054963377508,-1.8637785928472848,2.011679158849511,,,,,
deltaI0.2,BLS-B,4,-562.7965914257072,566.7659041223603,-583.8517815069617,989.3667147043527,-0.5340735545629803,0.9366861153776486,0.1395914832897364,1.087244785056169,,,,,
deltaI0.2,BLS-B,1,1216.5821887568043,859.6656112931041,-745.7766326203762,1665.9171561043574,-1.9523521565942057,-1.6476764198509941,0.16606751284602522,2.5600966674549417,,,,,
deltaI0.2,BLS-B,3,-1397.7013166015206,-1661.8038492384965,915.1253985125416,2356.398841193113,-1.3711735634462272,-0.6317779487980174,-0.12129710407952085,1.5145868430497254,,,,,
deltaI0.2,BLS-B,6,1745.3232576153637,2911.8294840419585,-1804.6818412812113,3844.708150947131,0.24215699477809455,0.5376251020390141,-0.4787975762774286,0.7595576867569431,,,,,
deltaI0.2,BLS-B,9,728.087830032529,-485.40846086522964,-480.63550004970176,998.3705454534678,0.7870212224230648,-0.6338824861949477,1.9008242185236421,2.1527522199674998,,,,,
deltaI0.2,BLS-B,13,588.0567701170796,-247.05016190219334,1296.3434205337612,1444.7666978919483,-0.8640007804003574,0.5936646173107969,-1.1044830125096594,1.5227664795698697,,,,,
deltaI0.2,BLS-B,11,903.8350263082697,483.5902540886392,180.89184314998602,1040.9126512582045,1.7455520527565231,0.5476893639818975,0.005034523288413314,1.829464663426476,,,,,
deltaI0.2,BLS-B,7,-100.35080006369819,-834.6927434855999,211.26980170447487,866.8432316244904,2.2909461718325397,-0.5387569664728519,1.1166485358888738,2.604917922672414,,,,,
deltaI0.2,BLS-B,14,-147.62427734040952,-1483.1956457087288,-2067.9121016690883,2549.1023343402826,-0.6887856058713059,0.612994508787544,1.2080670010036836,1.5197413456155024,,,,,
deltaI0.2,BLS-B,19,-465.8994427524357,-1321.7732671489916,-29.139249039008035,1401.7831345615866,0.9290439589958662,1.1288979441041675,0.7267924139940558,1.6327156699770586,,,,,
deltaI0.2,BLS-B,18,816.4835072050148,-1241.5841890469533,233.57761075543232,1504.2390489132365,-0.0538483346582793,1.236996332524299,-0.1060907578414829,1.2427046385700087,,,,,
deltaI0.2,BLS-B,15,527.1712078553843,-98.72004605529791,-153.52909854974652,557.8766117936499,-0.15217365697658672,0.7131565120134402,-0.30466352920885453,0.7902967155029803,,,,,
deltaI0.2,BLS-B,16,-515.1539331130119,1469.3920003528888,1961.9100915685326,2504.713083948203,0.47468466893123556,0.46331419901258997,-0.6195714782888812,0.9076642543551575,,,,,
deltaRIC0.5,BLS-B,168,-1412.580892801138,-110.75223989982766,66.00040384654768,1418.4522870571277,1.1520530692705981,1.9385398538335716,-0.02515657353446642,2.2551709231250934,,,,,
deltaI0.2,BLS-B,17,1495.2085272811166,-276.72281503715726,-1262.8673764301286,1976.62795357846,-0.38418400483776255,1.6934553608530274,1.799377735326385,2.5006296493410116,,,,,
deltaI0.2,BLS-B,23,-11.017456998423807,356.5858511830404,-21.09316324020464,357.379035700366,-0.4352385460408071,-1.093730790799422,0.50290891142711,1.2800769538958374,,,,,
deltaI0.2,BLS-B,12,966.0609496383138,-1351.2490065050802,-492.77730399000626,1732.6214552881152,0.5264309091527242,0.6218176891589153,0.3537948512940267,0.8882328171512577,,,,,
deltaI0.2,BLS-B,10,-1508.382909275355,2848.074240458545,-1677.5584426661028,3633.3109155036295,-0.1134801413272868,0.11243393268336284,0.13686190133903572,0.21035758063935775,,,,,
deltaRIC0.5,BLS-B,174,74.68858014481236,-856.5246093380982,-1380.8838321328897,1626.669280539792,-1.4923991143990538,0.5985279809236014,0.8007668701580686,1.796306889412361,,,,,
deltaI0.2,BLS-B,24,-1885.5618511029975,-1252.7322466551425,1349.2411309035115,2635.3620634490417,-1.2944265402917972,-0.04182246173831621,-0.07802773880419807,1.2974503900113254,,,,,
deltaI0.2,BLS-B,22,1050.3415426821348,1716.240457173211,-180.12256080603663,2020.1838530275713,-1.2755512846982207,-0.06974172554515051,0.16912733215382172,1.2886035242303062,,,,,
deltaI0.2,BLS-B,20,123.9083570315129,-429.97166276346337,934.8875123613086,1036.4572217370778,-1.0118962024729325,2.267493293399191,0.6991807342616229,2.5795955999636986,,,,,
deltaI0.2,BLS-B,27,35.867148009079216,683.3927995350406,-37.229935686043106,685.3453427826239,0.9317935797534782,-0.7760315528963501,-1.7323671518345019,2.1146063924796277,,,,,
deltaI0.2,BLS-B,25,1299.182427620178,-814.1725806932351,1234.000596162245,1968.123330159601,0.005487634350319156,-0.554721550014234,0.4433610397263945,0.7101514794240921,,,,,
deltaI0.2,BLS-B,21,747.452685396042,678.4033202941014,388.1300082055202,1081.4626600865297,1.2393569180294786,-1.6052229901539852,-2.5336688844808872,3.245338878233374,,,,,
deltaI0.2,BLS-B,30,352.63156693412157,-180.48213053358154,692.1743727902287,797.5137514726007,0.6558111904512469,0.6899272748066075,0.3946758623592211,1.0304644575977129,,,,,
deltaI0.2,BLS-B,32,-31.342260076104285,569.121061839632,-1693.9059368404633,1787.2320619213153,0.5987719850404624,0.00659631602819792,-0.0806839971141934,0.6042195866113268,,,,,
deltaRIC0.5,BLS-B,170,1397.5952544020374,-110.4428116171321,-1295.6860980872405,1908.9977932259458,1.0831989659356724,-1.433803105105157,-1.7426920353107593,2.503215307149758,,,,,
deltaI0.2,BLS-B,29,599.3515781603077,739.8756493368783,225.65031025156156,978.548084276672,-0.8605283531687403,0.004396399976429032,-0.6744915296587822,1.0933742262013957,,,,,
deltaI0.2,BLS-B,35,-704.1234878453205,-1610.926575053682,-743.8237879380262,1908.9652023680576,-0.05198567549646117,-0.7271398491890634,1.1157397108792253,1.332782792944287,,,,,
deltaI0.2,BLS-B,33,2114.968981008593,169.34455968934972,-442.1586361484029,2167.319918711938,-1.461417105866295,0.14085721226778522,0.5813455753253367,1.5790957505853838,,,,,
deltaI0.2,BLS-B,34,1210.8545408781272,1073.982051409893,-375.91234018152323,1661.6005095739865,-0.2511154090258257,1.0266138598740793,-0.04705318311673851,1.0579267309115414,,,,,
deltaI0.2,BLS-B,38,-325.1159668106905,-1149.166274942089,1309.6729695497197,1772.4352756895548,0.4535077315615546,0.7242675617274358,-1.2867103345003505,1.5446217169477827,,,,,
deltaI0.2,BLS-B,42,312.0621317267384,858.2704301818718,-1262.9629368673227,1558.5526251246522,-1.9111593252604877,-0.5674472812283516,1.801528407832186,2.687011534722161,,,,,
deltaI0.2,BLS-B,28,754.8000330619021,-72.60964423757098,1495.8840105675374,1677.0999443736725,0.24477386120566952,1.2797557125790577,0.3187413781736211,1.3413742927193302,,,,,
deltaI0.2,BLS-B,31,418.9250882286721,-1199.7406277075695,394.89501910437724,1330.7208119786058,1.0312241311036112,-0.3551698340388698,0.6688502000308195,1.2794254216885264,,,,,
deltaI0.2,BLS-B,40,991.682765525906,-1114.1599486968341,-1795.2893730281921,2334.0632021496763,0.9447977997806756,-0.11400843786618166,1.0663531613699013,1.4292480089678892,,,,,
deltaI0.2,BLS-B,36,-215.8585161367498,813.5706593318647,2401.4807191387567,2544.720369924689,0.4201834846972547,-0.8334791612172461,1.1507200115768206,1.4816876249868223,,,,,
deltaI0.2,BLS-B,39,491.57631803868435,-803.4171787820785,-979.4555480651917,1358.844954457391,0.5479799809666202,-1.2129112154848225,0.5821297512953816,1.452690856146713,,,,,
deltaI0.2,BLS-B,37,58.34211555920497,818.6870675257014,-33.379814750538294,821.441738052393,0.05802986794386743,-0.4777649147405224,0.8642072958448344,0.9891820002011977,,,,,
deltaI0.2,BLS-B,47,-807.694739380652,-377.94819741043096,393.83209130170377,974.8432428283262,1.8049635761877196,-0.3056214377942277,-1.0223412095869253,2.0967783677402414,,,,,
deltaI0.2,BLS-B,45,317.5647906296757,-1003.8784163911636,619.3777133969791,1221.5760406117051,1.0566159791452394,0.9527802063730111,0.794179361486912,1.6294012112592189,,,,,
deltaI0.2,BLS-B,43,-730.9191518332293,1282.5080832560843,246.28021903198456,1496.5706586794506,0.9159842692443994,0.31717255885675216,1.0827849209161906,1.4532889590712568,,,,,
deltaI0.2,BLS-B,44,299.146483678077,83.15108305520009,-2156.23137179144,2178.471126732646,0.0715334021429775,-2.602424977052608,-1.479239324231959,2.9943082284834404,,,,,
deltaI0.2,BLS-B,46,-191.88395674444158,1088.107951751033,-525.9821572587003,1223.7056824556496,-1.6827193825313944,0.922159116830929,-1.1487201171692456,2.2363988608230336,,,,,
deltaI0.2,BLS-B,50,-1427.4635781363095,-1458.5883630204398,1422.902088105729,2487.927376749572,0.5529161277952818,-0.02711077640170785,-0.4620523346218046,0.7210711466302697,,,,,
deltaI0.2,BLS-B,41,-747.659065093152,-890.1212216180824,-617.4485891990598,1316.2646493371851,0.37890460465480047,1.6162251091978954,0.7661915321349458,1.82833305689791,,,,,
deltaI0.2,BLS-B,54,-1914.375970546227,-404.89986036115965,-1224.142496401279,2308.095341406167,-0.9178751254966833,-0.38838960701945957,-0.6401833366736153,1.1845572748503324,,,,,
deltaI0.2,BLS-B,52,-681.8743630211662,-210.71969286452313,191.09262525352818,738.8313930341113,-1.2324261319950096,0.2997991570152371,0.6804537003216516,1.4393647708807715,,,,,
deltaI0.2,BLS-B,51,1660.5748686895847,228.6869458865011,-480.79760260723486,1743.83856718883,0.4088096030306921,0.02686515258941397,-1.7238897201023746,1.7719037205865358,,,,,
deltaI0.2,BLS-B,55,-676.0948636728864,-30.11491542978184,343.63249514959705,759.0088698684223,-1.2854454005665257,0.8806439462223106,-0.7414970331153995,1.7256075706760734,,,,,
deltaI0.2,BLS-B,58,2317.4694003069903,148.228745279339,-206.74366864600907,2331.3899559729466,-0.7051221103374167,-0.0048769522721105515,-0.6309212615208419,0.9461937504492445,,,,,
deltaI0.2,BLS-B,53,1675.9243668483641,-665.2012677370448,371.4459936944627,1840.974561537103,1.085370943114184,0.3707168304211126,0.256050995429825,1.1751694196049578,,,,,
deltaI0.2,BLS-B,48,-1031.841628725968,-957.4359919226794,-842.705547632288,1640.589365262087,-0.8637949296185866,-1.121529061474705,1.1120669093906133,1.800183859256799,,,,,
deltaI0.2,BLS-B,61,-429.21608397157786,478.8636952533958,-24.90627662237262,643.5504704270083,1.2916453051886938,0.31801076442177856,-1.4269280022937514,1.9507952133512514,,,,,
deltaI0.2,BLS-B,49,603.3788315355432,-170.46909214076757,-294.0583085258043,692.5287102594029,0.5134451423590478,0.060999486039776854,0.07318955197328075,0.5222102661067373,,,,,
deltaI0.2,BLS-B,59,177.2464711795738,-1448.0193242693742,589.6105328745282,1573.4728645514456,0.3067173127447097,-1.2699066606595975,1.1294311597502713,1.726949096337176,,,,,
deltaI0.2,BLS-B,56,208.5089001579946,-908.7137351777477,1815.8766088721466,2041.2360158969361,-0.2455551026367759,-1.085149095023351,0.10995288751208497,1.1180051450387876,,,,,
deltaI0.2,BLS-B,62,-576.8021243325462,-2611.829609563589,1069.0161447641049,2880.477411436156,-0.1790309004363123,0.4429326026456953,-0.47799510551952984,0.6758111235383394,,,,,
deltaI0.2,BLS-B,60,-982.4538900456199,-348.0440006450926,-310.6442496641753,1087.5891330370264,-1.6219276439631527,0.14967880548555365,0.05798452773457811,1.6298512915355339,,,,,
deltaI0.2,BLS-B,63,-16.726427610251267,-1277.569623415483,-965.4926637101502,1601.4493434800556,-0.24166020921099712,-1.232926935227201,1.4256928465006717,1.9002917083668573,,,,,
deltaI0.2,BLS-B,69,-1071.86452195416,-724.9931181477463,-605.8225620436123,1428.8210354927933,-1.512514045648869,-0.7383299367296787,-0.7766620748603242,1.8536541781796043,,,,,
deltaI0.2,BLS-B,66,157.77371893420943,1098.2400932466653,-289.9941791396846,1146.7870215239072,-0.4281264081969193,-0.7663003499549658,-0.3973746698048632,0.9635429808468443,,,,,
deltaI0.2,BLS-B,64,498.73246143848917,-5.79964657597963,929.6934764807802,1055.0344374492329,0.5113148238419627,0.8854960816008648,1.4923446979161885,1.8090436304881048,,,,,
deltaI0.2,BLS-B,65,-1960.1340098716412,138.20034734766077,1005.2273730194727,2207.1943149913473,1.3885866915172045,0.870587428921323,0.8575558663434033,1.8497290437127598,,,,,
deltaI0.2,BLS-B,68,-135.48696787993754,-1313.1589149121855,-666.0152246875948,1478.620753876502,-0.10714009172084236,1.3409453829233886,-0.0026702257997519925,1.3452214127582587,,,,,
deltaI0.2,BLS-B,70,251.99152428694194,990.0078941695839,-1114.3710540511731,1511.7665841450766,0.037632729418446,-0.9471428396098216,0.6691786036130758,1.1602998683448966,,,,,
deltaI0.2,BLS-B,72,-213.02788871141868,1288.4160892893437,-53.4753549514145,1307.0028745552438,0.050882726814277496,0.11299318957551574,-0.6432591848897237,0.655086934477781,,,,,
deltaI0.2,BLS-B,73,-296.0636665928437,604.7453638023114,476.7503138717188,825.0221278811683,0.4459845590463795,0.27607156494152574,2.1885836484121075,2.250559068759118,,,,,
deltaI0.2,BLS-B,74,25.719793623994796,-90.43157096225424,527.3960344167548,535.7106998458038,-0.09488321052412128,0.07798531607298678,-1.886163990016889,1.890158493459953,,,,,
deltaI0.2,BLS-B,71,535.3250336072798,1085.383386583267,1093.3870786127677,1630.9890530457155,-0.09117600891661308,1.5746414429107078,0.9141724080584113,1.8230523662224276,,,,,
deltaI0.2,BLS-B,77,-1762.7928825017816,-902.0426404569025,297.3116074694759,2002.3770533387271,2.0586366136744876,-0.06246993250472803,-0.21182970149543373,2.0704489904520593,,,,,
deltaI0.2,BLS-B,80,226.66008130756632,-50.53547827043853,-103.70757528786802,254.33027384576803,-0.6754460244840242,1.3153891868234606,0.012336275068602453,1.4787252038448275,,,,,
deltaI0.2,BLS-B,67,166.9015303517654,1171.4050788519219,581.8537177912104,1318.5597174573825,-0.9796519810561979,-1.361187526449211,-0.9469051585609064,1.9259228607235312,,,,,
deltaI0.2,BLS-B,78,-261.9369718641336,633.5658261715306,878.1415639240861,1114.0687768772652,0.24688652677485018,0.0667824801132928,-0.37336194576938025,0.4525615972458653,,,,,
deltaI0.2,BLS-B,75,-1784.5875801822851,10.840379547261103,38.461192711798766,1785.0349040045146,-0.64037886146036,0.38095789500377736,0.15278861423980522,0.7606302417155764,,,,,
deltaI0.2,BLS-B,76,95.55514852494989,-564.4267097776954,-154.97771338442647,593.0652483209293,0.8333598879564863,-0.7740367381483217,0.27448322711698003,1.1700267590216442,,,,,
deltaI0.2,BLS-B,79,426.80670662389815,-386.9845025574549,1785.7145888698064,1876.3521958686863,-0.9597699670365337,-0.6380572817813281,0.19200824673542033,1.1683931920693034,,,,,
deltaRIC0.5,BLS-B,200,-1573.859524056272,107.0371448195822,292.48858816186527,1604.3816023747854,0.008245688904879502,0.13691125645053334,-0.7908561479811042,0.8026619028756067,,,,,
deltaI0.2,BLS-B,81,-637.9277954589751,-692.1980836427108,-1352.9727327673074,1648.2188188555624,1.059126830874443,-2.48970700279787,-2.0677370978691267,3.405279329153944,,,,,
deltaI0.2,BLS-B,83,-1290.0217338523935,1730.8261747323984,-789.3029184803121,2298.4591399613482,-0.6519518932089234,-0.973070896329179,0.5656997731331158,1.30073997157942,,,,,
deltaI0.2,BLS-B,85,-550.5837611589847,227.35769507456982,419.9805462723959,728.8468006439042,-1.2706771415268008,-1.3842676285936595,0.41060914831177414,1.9233868925019624,,,,,
deltaI0.2,BLS-B,84,-548.9436919680373,586.661811258729,-442.928204654948,917.4402717451026,-1.0294923606515578,0.22843028305960725,-0.5927071872275128,1.2096845558449358,,,,,
deltaI0.2,BLS-B,88,1277.8087673291636,1947.501353151597,-1486.71129265766,2763.307299977038,-0.3847834093275808,0.24916344036803498,-0.9715747619193453,1.0742896304574594,,,,,
deltaI0.2,BLS-B,82,-870.8467717729609,1654.3658285465658,-1597.9442879794035,2459.415853827074,-0.24120968571067994,0.5774155773257381,-1.059662054419426,1.2306398868050146,,,,,
deltaI0.2,BLS-B,86,-1866.7953521316538,-2494.5583151338456,-1933.1481032337463,3666.7161961869897,0.9216620121099642,-0.6150276753381828,-0.782689088193778,1.3565847245108154,,,,,
deltaI0.2,BLS-B,89,-174.00878829204737,1543.1975238280088,-193.66192672861763,1565.0056222953338,0.6764763225604961,0.26894896861812445,1.2484977930971817,1.4452337188407478,,,,,
deltaI0.2,BLS-B,90,1149.280498500209,588.5601516358797,142.72491710130646,1299.08395351806,0.5728752656183721,0.5570505916129745,1.9545449818111893,2.111572285643328,,,,,
deltaI0.2,BLS-B,93,399.62824350798144,-104.32184554889619,2.965443870784138,413.03096049249507,0.8290710567099796,-0.9576038231359917,-0.8818222204183433,1.5433646126506877,,,,,
deltaI0.2,BLS-B,91,-781.6142438733476,-2707.40202254976,-103.10900404293415,2819.854252376701,-0.6849667111279247,0.03322383024976805,0.9240424404055333,1.1507118014170554,,,,,
deltaI0.2,BLS-B,87,-1821.0206164079457,1723.2544230489664,74.25354528178816,2508.233537956048,-1.9794287514625521,0.3300537415369351,-0.8818215798269556,2.1919587024092486,,,,,
deltaI0.2,BLS-B,94,60.20346846574813,924.6544093355221,-364.1909345601079,995.613012738732,0.23146287845127073,-1.4680304736372967,-1.3582870346160498,2.0133634058546797,,,,,
deltaI0.2,BLS-B,98,-605.4894047529702,1229.9785078558264,-1577.0905324647892,2089.6600433193494,0.24802156821120164,-0.3063641139015415,-0.21353735091955145,0.44829886105405187,,,,,
deltaI0.2,BLS-B,95,929.6271825112775,825.2553928464343,-48.931415495333944,1244.0447923239562,1.6202396814164977,-0.12984006615565913,-0.6247354719568208,1.7413585150499742,,,,,
deltaI0.2,BLS-B,96,-390.75990569954126,-552.9037651903044,-4.7100802991279895,677.0657739986226,1.0728994004097478,-0.6320605558631717,-1.2899358597433368,1.7929161140247023,,,,,
deltaI0.2,BLS-B,103,-946.3231807631058,431.3273921147751,600.1475585953149,1200.7281014976088,0.405486401157275,-0.25860263189498084,0.4758988059166811,0.6765901390202287,,,,,
deltaI0.2,BLS-B,101,835.1509845703031,-657.0133182941994,324.6619984338797,1111.1026418255797,0.2802668941514156,-0.6155162361294366,1.4370940911980028,1.5882849857164938,,,,,
deltaI0.2,BLS-B,102,-65.98898681667931,-512.1727286249935,754.2151176877785,914.065585216429,-0.9498037857846365,0.29304822220539745,-0.9030253412327405,1.342929357388943,,,,,
deltaI0.2,BLS-B,100,-13.800738789073545,357.5461139841666,1613.5408335741045,1652.7382447403213,0.23738912982157237,-1.18817519027507,-0.2406790907279704,1.23533003948592,,,,,
deltaI0.2,BLS-B,106,-1834.9695633352521,-375.68763226723377,-908.4541299153705,2081.716455611959,-0.10018583801901937,-0.9350088301619207,0.03381049997362131,0.9409685778647462,,,,,
deltaI0.2,BLS-B,105,-78.04550782390866,-2009.294631601962,351.6131572889768,2041.3201194949015,1.1420541778949833,0.05511893852673009,-0.49547784021520297,1.2461236426518927,,,,,
deltaI0.2,BLS-B,99,291.37128411193044,438.6625467638508,-907.3641725299382,1049.1100022063092,-1.4041999499013817,2.0998093854939532,0.7063573513802056,2.62295971424656,,,,,
deltaI0.2,BLS-B,92,205.40628504343937,1091.148208967912,324.43499744411395,1156.742937491209,-0.5162330422563404,-1.0271198694364922,-0.5003689487467063,1.2537307785080325,,,,,
deltaI0.2,BLS-B,26,5.364255151391547,-814.4656596411559,-1824.944430957438,1998.4507154419896,0.9465189725004315,-0.5978459709672033,0.8411994638485469,1.4003337131855655,,,,,
deltaI0.2,BLS-B,104,-1317.460409755589,497.5586260860104,-998.0520093529195,1726.0864205014077,-1.3072070069399848,1.2099858733386175,3.321443300218999,3.768931091071006,,,,,
deltaI0.2,BLS-B,97,-1162.333244600598,-1238.3995331359715,3110.987067073796,3544.41708982952,-0.20549004415431013,1.1364707278452248,-0.7477245776645028,1.3758211793467765,,,,,
deltaI0.2,BLS-B,108,-527.1523209613104,1797.4221847510619,777.7132055200381,2028.1651584056044,-0.4316002838381376,0.2450386582493405,0.25042477255079554,0.5559094492387369,,,,,
deltaI0.2,BLS-B,114,693.339264184508,-204.68848480355916,-1076.5945361735744,1296.7931625320539,-0.45257883989183095,-1.8665135856031825,-0.7300741898181097,2.054679754657074,,,,,
deltaI0.2,BLS-B,57,-1202.2562037244275,-99.25486633678221,-1017.8062182987204,1578.353891208479,0.5734001447912616,-0.41158172029771833,-0.9567538887693653,1.188934498702587,,,,,
deltaI0.2,BLS-B,110,-912.0040266422207,-417.5854790948236,450.7092454520712,1099.6671318623892,0.5091231523424795,1.0461570097411117,0.4578369994577025,1.2503061990384758,,,,,
deltaI0.2,BLS-B,111,29.90760479589177,948.2126192710492,-12.17360954223045,948.7622636565904,-1.3468787128488904,0.3640898250630046,-0.06372614847420048,1.3966763010229855,,,,,
deltaI0.2,BLS-B,112,799.0460472381574,1048.3341062186896,41.10130067608926,1318.7753033726135,-0.7117683326894104,-0.6822954244718739,-1.4139365125375833,1.7237626481513229,,,,,
deltaI0.2,BLS-B,119,-1211.064670795074,926.6762155027938,-341.61605645683534,1562.7245359485726,0.008141376733201991,-1.0879480220023112,1.4596884221886304,1.8205459264916628,,,,,
deltaI0.2,BLS-B,109,133.09528041072926,188.5361417192191,-85.93088814256717,246.26073162189402,-0.5185349634530199,1.555618147732277,1.0678906690130483,1.9568384733652293,,,,,
deltaI0.2,BLS-B,120,348.3033350774498,-586.2724068253962,-107.44119219114441,690.3435072558962,-1.6024494068195314,-0.6636679818381149,0.5147563793887505,1.8092190087589617,,,,,
deltaI0.2,BLS-B,122,359.25711936790697,993.7809709976707,32.46582198465503,1057.2229309520008,2.107149974745342,0.8827827495798678,-0.40859620412980996,2.32084839165646,,,,,
deltaI0.2,BLS-B,113,-235.80650193906826,946.7314120438751,-394.50776920086014,1052.3979536597212,-0.009416702275880765,-1.7241873895647017,-0.8465206484773418,1.920809214085093,,,,,
deltaI0.2,BLS-B,118,943.021729007945,-19.99102800228197,-2029.8471329527854,2238.296004941787,0.10062821278367767,-0.21167691286150567,0.2354023160852869,0.33218579600117143,,,,,
deltaI0.2,BLS-B,115,-1053.43852111261,1831.3579604420886,-2734.9043232092167,3455.9089042026258,-0.6116740415765403,-0.755157979341737,0.5690904140596301,1.1261760991410872,,,,,
deltaI0.2,BLS-B,125,1745.1348400666518,1132.528720074367,2184.575925941473,3016.701657110094,-0.38903371069421794,-0.29223496768548096,1.539779156562976,1.6148276550085572,,,,,
deltaI0.2,BLS-B,116,728.4262262929517,673.4788231431173,-230.8496259391684,1018.5627335465807,-0.8684266092938775,-0.2168916419361849,-0.1555437153483827,0.9085156066110333,,,,,
deltaI0.2,BLS-B,121,107.28254636749142,323.316610429969,1129.8389377459082,1180.075930006972,-1.6288174573451937,-1.8099410906031907,-0.9302587983509893,2.6065905878591207,,,,,
deltaI0.2,BLS-B,117,449.39965820978375,-170.93532087081923,1855.0162722284094,1916.3152942437382,1.4030283334787752,0.263688765923173,0.39497349786938873,1.481223931023765,,,,,
deltaI0.2,BLS-B,124,-632.4827449897115,-800.9564362934407,799.9670209048804,1296.731610660062,0.1585065413752711,-0.5860926312480179,-0.4775663783499643,0.772462647506193,,,,,
deltaI0.2,BLS-B,133,-139.74294403996404,951.1835918627338,-618.9254936561853,1143.3927945091316,0.45263441631020895,0.32379464609060665,-0.5504913345424735,0.7827909025223646,,,,,
deltaI0.2,BLS-B,128,474.4213464750423,-255.59447046064233,-766.6478024856721,937.0981807566155,1.823961847271571,1.1163937462477254,-0.4020629387087133,2.17596563016203,,,,,
deltaI0.2,BLS-B,123,396.2680708862394,-1463.7796610030623,-107.41812136240219,1520.269033022501,-1.5866508141369475,1.0594947666346806,-2.3078925074811503,2.994387715813593,,,,,
deltaI0.2,BLS-B,126,42.898514786997126,895.2320498364301,1020.679637886095,1358.3326650053575,1.1705883104220598,-1.204198590601013,-1.7408461568713283,2.418866796662419,,,,,
deltaI0.2,BLS-B,129,-81.17537425280224,1963.4193594945068,337.6418053226183,1993.8924272197883,0.8690366440387081,-0.21420811440697532,-0.3834722130613533,0.9737354585050417,,,,,
deltaI0.2,BLS-B,135,603.3513007398415,1266.896096192292,-209.28047742289175,1418.751855992471,0.7279519452971073,0.29666928105471635,1.0693740662650202,1.32721045451863,,,,,
deltaI0.2,BLS-B,134,319.8376996866555,-1146.9509614565677,-587.6828463297196,1327.8417789771481,-2.6509917018630125,0.5187199052443567,0.8637256484868995,2.835991773489017,,,,,
deltaI0.2,BLS-B,138,-84.84248088051989,2108.474561867685,-1838.0646504162694,2798.4540167233354,-1.843525059010378,-0.3265442329781073,-0.388416984607302,1.9120887880069553,,,,,
deltaI0.2,BLS-B,131,-1293.445676873362,291.7026718454823,183.4396315682557,1338.5597731196317,-0.3537257581420921,-0.2217410226596306,-0.22813050074634272,0.4757462753129169,,,,,
deltaI0.2,BLS-B,139,-982.1897797719947,-1062.1025695695596,604.6124744978645,1567.9014242270628,-0.5765662632303453,-0.8622413158400366,-0.5705289307860264,1.1838040393159706,,,,,
deltaI0.2,BLS-B,136,328.5910553580344,-1885.89380480039,-924.9146738248716,2126.037318229002,1.1289426654216888,-1.4799076476945046,-1.2970173803305358,2.2686763260530567,,,,,
deltaI0.2,BLS-B,127,-776.030663257888,-212.21707107227792,-609.4329263998411,1009.2909230500629,-0.1222203914133104,-0.09544798749728428,0.1138968429797052,0.19240746668268402,,,,,
deltaI0.2,BLS-B,130,315.6290239735401,2409.0620556115764,-1528.1600009948938,2870.274317413351,-1.4032611396483599,0.8277979407533506,-0.9191771500429918,1.870635691395804,,,,,
deltaI0.2,BLS-B,132,-43.123555673711216,-645.5262608366734,-1686.7617899774386,1806.5794005832163,1.2211049862137973,-0.4280859203681372,-0.19012033583433696,1.3078611106196996,,,,,
deltaI0.2,BLS-B,137,900.8674690386774,982.7299339155456,587.7185559423303,1456.9603360368956,0.271787548425788,0.6228315228642811,-0.2168772163518393,0.7133185153388787,,,,,
deltaI0.2,BLS-B,141,615.5197848272315,-550.0178040644307,312.8839194523039,882.7686771479014,0.2859806097358346,-0.7677294788554567,1.049355702096292,1.3312929247053606,,,,,
deltaI0.2,BLS-B,145,63.66156028238841,-1129.1521843073642,-1883.4879413875972,2196.9443040132282,0.36834856004644023,-0.10007611921655116,0.5662482045080828,0.6828857301440402,,,,,
deltaI0.2,BLS-B,142,-1602.7550205651585,745.2769026036844,-1471.6084543407983,2299.9766869228642,-0.341684364982934,1.9985990852806577,-2.1778457824088053,2.975593850127113,,,,,
deltaI0.2,BLS-B,152,137.46163472541926,-692.0202045267541,-380.9992697391131,801.8404504864872,0.5930878612717887,0.09177348120342414,-0.9358844370382552,1.1117802222249464,,,,,
deltaI0.2,BLS-B,143,-1286.4449921787134,-250.23728777464765,-65.82331765656869,1312.2088733284115,0.06862069403384916,0.05534486094832889,0.7128621215525152,0.7182925988950671,,,,,
deltaI0.2,BLS-B,150,-1278.802386072127,1156.1164720171816,4.869349458912281,1723.938673519848,-0.6197840103822294,1.0789840082271631,1.0022970656385046,1.5977916376433416,,,,,
deltaI0.2,BLS-B,144,-256.16331134856887,-1037.927882656306,1459.9117493179533,1809.4906044169097,-0.5795303584970546,-0.578470028485507,-0.5373230670322382,0.9793870984655041,,,,,
deltaI0.2,BLS-B,147,-306.7375002334424,-1096.7307085088594,-426.80609948766175,1216.1700487989651,0.23813963908922145,-1.0270011048009577,-1.381599084564679,1.7378888881162373,,,,,
deltaI0.2,BLS-B,154,1678.315698292682,-1041.2610334502822,-1007.8126766085842,2217.353042266964,-0.40206717734709235,-0.3318652930756693,1.4878455857549362,1.5765395887507891,,,,,
deltaI0.2,BLS-B,149,2091.772882989383,2006.5866573015967,-117.6292148074002,2900.9895621057854,2.052025040733815,1.9711800456769373,0.5883865048417125,2.905607719454468,,,,,
deltaI0.2,BLS-B,153,-1240.8816160272982,1377.9607670929458,-638.6668891263141,1961.2390103983203,1.7386523679566712,-1.481529407293282,0.034880711073731696,2.2845257944004773,,,,,
deltaI0.2,BLS-B,140,206.68503541833144,-999.3528476799027,1018.3871759732543,1441.7133065275452,-0.05807417546179755,0.2978883998670702,-0.6412766299403192,0.7094686918663461,,,,,
deltaI0.2,BLS-B,148,-746.1064016478117,-197.59764410748105,226.98214178678697,804.5125755554039,-0.6412251052927838,0.5674909667507535,0.9550883326961185,1.2827351075938078,,,,,
deltaI0.2,BLS-B,146,102.08088255163871,318.28576899261526,2925.977806823201,2945.0080582822948,-0.20972342374123074,-1.182487082880267,-1.532201602001085,1.946766900483753,,,,,
deltaI0.2,BLS-B,161,78.74726955891744,-43.516186933749644,-1450.8793011723492,1453.6662400835353,-0.3115597346073121,-0.1259738046635225,0.17089863598975902,0.3770215000144451,,,,,
deltaI0.2,BLS-B,163,-630.313589192515,-1305.5830448026472,-56.528016685080765,1450.874813437483,-1.4841129173949648,0.20162396358033824,1.7463588742602412,2.300654839817554,,,,,
deltaI0.2,BLS-B,160,1378.8534790905621,16.355272597568263,56.40152462690112,1380.1034539925356,-0.5323988706648723,-1.058218778737037,0.19601770740352492,1.2007074925945418,,,,,
deltaI0.2,BLS-B,158,221.35497331068075,-1120.768461607218,-1225.6338252199166,1675.4994008551562,0.5076815976327322,-0.34535662288849445,0.8406536941924525,1.0410141378037507,,,,,
deltaI0.2,BLS-B,157,1766.4104706802814,228.1364026419218,743.4538566635741,1930.019638793158,-0.012554331822072213,-0.23306738870713914,-2.159138898911459,2.171717938342558,,,,,
deltaI0.2,BLS-B,155,-30.865620393492268,-15.987436010001913,-136.29959236739083,140.66223200264517,0.6758634197738145,0.30128031702800434,-0.27085417257622785,0.7879867856879347,,,,,
deltaI0.2,BLS-B,162,-1316.8392453590232,-1002.1018003690145,-1749.7794418436995,2408.3192710933054,-1.4878592678132152,-1.375007093728546,0.3185358102250019,2.0508131974943984,,,,,
deltaI0.2,BLS-B,151,1508.6885579509506,279.68659652631504,-1333.5904119791276,2032.936089524521,-0.46080146924548243,-0.16574158267678793,0.2546342863202883,0.551948263931362,,,,,
deltaI0.2,BLS-B,159,795.4361104915571,1392.3414752775773,884.5752590094077,1831.3401591467484,0.4714557455275302,-0.34902418762174864,0.42281041950379084,0.7230885522374922,,,,,
deltaI0.2,BLS-B,107,651.9703802551462,1346.5108853502484,669.3740795644446,1638.9687609864616,0.8839681129274871,0.6163888026359647,-0.2778392020655305,1.1128923590770095,,,,,
deltaI0.2,BLS-B,167,100.2594153574081,964.5781141070316,892.9562886476928,1318.2692524736926,-0.9618611702187898,-1.24767462267896,0.27659500956006944,1.599491692433968,,,,,
deltaI0.2,BLS-B,165,465.61728859527284,-1527.6073521316557,-1610.2877779368876,2267.908818603257,0.9818819587589823,0.47306077139025793,0.17162912394823662,1.103329157845455,,,,,
deltaI0.2,BLS-B,166,164.98528964865199,311.23118468264454,-583.7616383538347,681.8083649625936,0.7086135498558176,-0.37924817983879033,0.562340006493769,0.9809121407413157,,,,,
deltaI0.2,BLS-B,156,-1530.3229635402888,-431.3512639980225,-725.7943453674606,1747.7785092679233,0.8769058605048828,-1.1855408105805454,0.7613404743545558,1.6595512103066317,,,,,
deltaI0.2,BLS-B,168,-1412.580892801138,-110.75223989982766,66.00040384654768,1418.4522870571277,1.1520530692705981,1.9385398538335716,-0.02515657353446642,2.2551709231250934,,,,,
deltaI0.2,BLS-B,164,-277.0034331085738,-896.89776187047,-421.90186684381825,1029.1538672368158,-0.9475731579609631,0.625348227989008,-1.6047545407482324,1.9657549267365897,,,,,
deltaI0.2,BLS-B,177,425.38678625963416,447.05904371680964,-483.26845270565144,783.8138196496682,1.4210242849853618,-0.4112843370491124,-0.9877767164042355,1.778810744820938,,,,,
deltaI0.2,BLS-B,170,1397.5952544020374,-110.4428116171321,-1295.6860980872405,1908.9977932259458,1.0831989659356724,-1.433803105105157,-1.7426920353107593,2.503215307149758,,,,,
deltaI0.2,BLS-B,174,74.68858014481236,-856.5246093380982,-1380.8838321328897,1626.669280539792,-1.4923991143990538,0.5985279809236014,0.8007668701580686,1.796306889412361,,,,,
deltaI0.2,BLS-B,176,704.5345499542299,-869.02440210292,-643.2546766536001,1290.4839877217673,-0.1009429554589973,0.5883529864379022,-0.3098862087789795,0.6725906476443192,,,,,
deltaI0.2,BLS-B,181,-1956.824419828131,863.098515936236,1503.9410371901351,2614.56296569648,0.3301539142345993,-0.3679215443655845,-1.7458199388587394,1.8144572546107325,,,,,
deltaI0.2,BLS-B,180,218.91449150620352,-624.4153591493865,1604.3831169476084,1735.4720629499054,-1.0638224467380526,-2.277769559737807,-1.1587677219684596,2.7681573291501826,,,,,
deltaI0.2,BLS-B,172,-320.72119713051296,-249.21405070214257,-1137.4065754342691,1207.751401240053,0.7151875826650891,0.5921577062160672,-0.0672097817664336,0.9309463906125311,,,,,
deltaI0.2,BLS-B,178,1941.3434110299352,-413.8116765532796,1234.7608289369591,2337.6673518441985,-0.6024662395506463,-0.3268694990691386,0.27250829222694734,0.7376110143920396,,,,,
deltaI0.2,BLS-B,183,-786.4707450856223,-753.4034134861807,-223.29074838951993,1111.7606283029252,1.200491317396052,-0.9285131218505983,-1.2046496212473805,1.9376523760890418,,,,,
deltaI0.2,BLS-B,179,136.6701348719222,1108.137322788586,702.7406831348624,1319.2768927165432,1.598420903326269,-0.598444567836232,0.5381089911776076,1.7895939682925965,,,,,
deltaI0.2,BLS-B,175,-803.2804913142204,166.40096461369694,-46.92429720560729,821.6755554466887,-1.0524701587871985,-0.3059965153166428,-1.537466297226473,1.8881551624881787,,,,,
deltaI0.2,BLS-B,188,10.669878878304191,-708.708713899784,-1715.5684369226053,1856.221147718621,-0.7038506867143115,-1.0936366673762592,-1.2142717194683614,1.7792983892868304,,,,,
deltaI0.2,BLS-B,182,-980.7364617354291,425.34129962068766,-696.34652619945,1275.796893353478,-0.04118876244393705,0.2730410144825427,0.07403638154400485,0.28588336001496945,,,,,
deltaI0.2,BLS-B,186,428.61132530668954,-1438.4868685091778,1936.5465718567189,2450.135662371475,1.0309880670812464,-0.20130454437409884,-0.6190835891166753,1.2193130870958337,,,,,
deltaI0.2,BLS-B,191,1619.4522162336325,-1087.8209268179942,771.6991998170505,2097.975096250063,-0.3767888504083472,0.157487085055042,-0.8375304559706946,0.9317882186578974,,,,,
deltaI0.2,BLS-B,184,-43.6989608895855,-309.21566212415036,963.0859945657572,1012.4517557960083,0.7224510558587505,-0.7110453938735738,-0.03577185976352984,1.0142981347765512,,,,,
deltaI0.2,BLS-B,185,-2333.4275436689613,-1310.3440921039676,575.9293981224806,2737.4404857250242,1.3319938324480978,0.7394288541231194,-0.0783375863652936,1.5254833258436948,,,,,
deltaI0.2,BLS-B,171,-781.9827206084749,-1525.0794747431266,-949.6426435923654,1959.3839670013888,1.4855183762661481,1.1364785684685563,0.5719934486028465,1.95589490721187,,,,,
deltaI0.2,BLS-B,189,-1009.108909546564,261.8591487173092,-113.93359117381716,1048.7382267710907,-0.6926879493580653,1.1452786725794732,0.20527962852884446,1.354112092457719,,,,,
deltaI0.2,BLS-B,190,-975.458491641886,-488.25734739891647,-1836.5845763481072,2136.108005763062,0.046929884847793445,1.5184392164102039,-0.1402261514409175,1.525622312884874,,,,,
deltaI0.2,BLS-B,192,-443.8153076543896,1169.3845426402397,1294.1234442209368,1799.7743538445434,0.21494358629536492,-0.9166601300328753,-0.633426716094194,1.1347669117238461,,,,,
deltaI0.2,BLS-B,198,-2161.4013320351087,911.8458075558289,-1564.023282416806,2819.4480528681715,-0.11034423207721372,0.42533305379947706,1.0329748869119941,1.122551189566848,,,,,
deltaI0.2,BLS-B,195,-1598.3426017826646,-1244.6365367742121,-522.7414623603393,2092.1467008356053,0.5342278513493294,0.004172831601567871,-0.14988200595917897,0.5548706384295745,,,,,
deltaI0.2,BLS-B,193,-994.0887728665803,679.3721938614422,871.9167220962277,1486.6061470350924,0.6364517770937649,0.7568162493910829,1.1507694238898607,1.5172712238976915,,,,,
deltaI0.2,BLS-B,194,-45.105027674157604,-1467.2254508017422,-397.78667268858277,1520.8613427826076,1.522271437652033,0.09535546534577612,1.0585703459421163,1.856602857902171,,,,,
deltaI0.2,BLS-B,196,465.04831107142144,-794.8489530555453,173.47009462731398,937.0947996515013,1.4991462795026715,-0.9832429647245321,-0.7730105800883044,1.9523707772745027,,,,,
deltaI0.2,BLS-B,197,1660.5502378815831,-1184.3749147195306,-812.8888154878518,2195.668294048698,-0.776272663411659,-1.392266713774296,-0.4592690713294468,1.658895394569507,,,,,
deltaC0.2,BLS-B,1,1216.5821887568043,859.6656112931041,-745.7766326203762,1665.9171561043574,-1.9523521565942057,-1.6476764198509941,0.16606751284602522,2.5600966674549417,,,,,
deltaC0.2,BLS-B,4,-562.7965914257072,566.7659041223603,-583.8517815069617,989.3667147043527,-0.5340735545629803,0.9366861153776486,0.1395914832897364,1.087244785056169,,,,,
deltaI0.2,BLS-B,199,2083.967672318066,854.4511486551824,-843.2031070205485,2404.9946994523802,0.8811547328116642,-0.21751979151701292,-0.6267054808529574,1.1029543429304483,,,,,
deltaI0.2,BLS-B,200,-1573.859524056272,107.0371448195822,292.48858816186527,1604.3816023747854,0.008245688904879502,0.13691125645053334,-0.7908561479811042,0.8026619028756067,,,,,
deltaC0.2,BLS-B,2,1802.0962537381306,-801.9127964984071,-57.0996389527044,1973.2905031174273,-1.0375382926516563,0.08240205575838278,0.9779841803584377,1.4281907661594395,,,,,
deltaC0.2,BLS-B,3,-1397.7013166015206,-1661.8038492384965,915.1253985125416,2356.398841193113,-1.3711735634462272,-0.6317779487980174,-0.12129710407952085,1.5145868430497254,,,,,
deltaC0.2,BLS-B,5,-190.03111495028307,582.3024031934638,1455.0739745828353,1578.742596157594,-0.5912917875659108,-0.688195688995287,-0.17097050326239338,0.923293126466554,,,,,
deltaC0.2,BLS-B,8,864.5519067068115,943.9607247786118,-402.9773504189663,1341.9771213644574,-0.37958581368138816,0.655054963377508,-1.8637785928472848,2.011679158849511,,,,,
deltaC0.2,BLS-B,7,-100.35080006369819,-834.6927434855999,211.26980170447487,866.8432316244904,2.2909461718325397,-0.5387569664728519,1.1166485358888738,2.604917922672414,,,,,
deltaC0.2,BLS-B,6,1745.3232576153637,2911.8294840419585,-1804.6818412812113,3844.708150947131,0.24215699477809455,0.5376251020390141,-0.4787975762774286,0.7595576867569431,,,,,
deltaC0.2,BLS-B,10,-1508.382909275355,2848.074240458545,-1677.5584426661028,3633.3109155036295,-0.1134801413272868,0.11243393268336284,0.13686190133903572,0.21035758063935775,,,,,
deltaC0.2,BLS-B,9,728.087830032529,-485.40846086522964,-480.63550004970176,998.3705454534678,0.7870212224230648,-0.6338824861949477,1.9008242185236421,2.1527522199674998,,,,,
deltaC0.2,BLS-B,13,588.0567701170796,-247.05016190219334,1296.3434205337612,1444.7666978919483,-0.8640007804003574,0.5936646173107969,-1.1044830125096594,1.5227664795698697,,,,,
deltaC0.2,BLS-B,11,903.8350263082697,483.5902540886392,180.89184314998602,1040.9126512582045,1.7455520527565231,0.5476893639818975,0.005034523288413314,1.829464663426476,,,,,
deltaC0.2,BLS-B,12,966.0609496383138,-1351.2490065050802,-492.77730399000626,1732.6214552881152,0.5264309091527242,0.6218176891589153,0.3537948512940267,0.8882328171512577,,,,,
deltaC0.2,BLS-B,17,1495.2085272811166,-276.72281503715726,-1262.8673764301286,1976.62795357846,-0.38418400483776255,1.6934553608530274,1.799377735326385,2.5006296493410116,,,,,
deltaC0.2,BLS-B,16,-515.1539331130119,1469.3920003528888,1961.9100915685326,2504.713083948203,0.47468466893123556,0.46331419901258997,-0.6195714782888812,0.9076642543551575,,,,,
deltaC0.2,BLS-B,22,1050.3415426821348,1716.240457173211,-180.12256080603663,2020.1838530275713,-1.2755512846982207,-0.06974172554515051,0.16912733215382172,1.2886035242303062,,,,,
deltaC0.2,BLS-B,14,-147.62427734040952,-1483.1956457087288,-2067.9121016690883,2549.1023343402826,-0.6887856058713059,0.612994508787544,1.2080670010036836,1.5197413456155024,,,,,
deltaC0.2,BLS-B,19,-465.8994427524357,-1321.7732671489916,-29.139249039008035,1401.7831345615866,0.9290439589958662,1.1288979441041675,0.7267924139940558,1.6327156699770586,,,,,
deltaC0.2,BLS-B,15,527.1712078553843,-98.72004605529791,-153.52909854974652,557.8766117936499,-0.15217365697658672,0.7131565120134402,-0.30466352920885453,0.7902967155029803,,,,,
deltaI0.2,BLS-B,187,391.3589944328244,214.5847471899888,841.7173594546113,952.7311212809761,-0.5693016003331456,0.7963182958069048,-0.5879308702730064,1.1418799624297944,,,,,
deltaC0.2,BLS-B,21,747.452685396042,678.4033202941014,388.1300082055202,1081.4626600865297,1.2393569180294786,-1.6052229901539852,-2.5336688844808872,3.245338878233374,,,,,
deltaC0.2,BLS-B,23,-11.017456998423807,356.5858511830404,-21.09316324020464,357.379035700366,-0.4352385460408071,-1.093730790799422,0.50290891142711,1.2800769538958374,,,,,
deltaC0.2,BLS-B,20,123.9083570315129,-429.97166276346337,934.8875123613086,1036.4572217370778,-1.0118962024729325,2.267493293399191,0.6991807342616229,2.5795955999636986,,,,,
deltaC0.2,BLS-B,18,816.4835072050148,-1241.5841890469533,233.57761075543232,1504.2390489132365,-0.0538483346582793,1.236996332524299,-0.1060907578414829,1.2427046385700087,,,,,
deltaC0.2,BLS-B,25,1299.182427620178,-814.1725806932351,1234.000596162245,1968.123330159601,0.005487634350319156,-0.554721550014234,0.4433610397263945,0.7101514794240921,,,,,
deltaC0.2,BLS-B,24,-1885.5618511029975,-1252.7322466551425,1349.2411309035115,2635.3620634490417,-1.2944265402917972,-0.04182246173831621,-0.07802773880419807,1.2974503900113254,,,,,
deltaC0.2,BLS-B,31,418.9250882286721,-1199.7406277075695,394.89501910437724,1330.7208119786058,1.0312241311036112,-0.3551698340388698,0.6688502000308195,1.2794254216885264,,,,,
deltaC0.2,BLS-B,27,35.867148009079216,683.3927995350406,-37.229935686043106,685.3453427826239,0.9317935797534782,-0.7760315528963501,-1.7323671518345019,2.1146063924796277,,,,,
deltaC0.2,BLS-B,32,-31.342260076104285,569.121061839632,-1693.9059368404633,1787.2320619213153,0.5987719850404624,0.00659631602819792,-0.0806839971141934,0.6042195866113268,,,,,
deltaI0.2,BLS-B,169,-427.3329949973675,1445.1616593701929,1155.3605858022,1898.9375433521325,0.20619825351079799,-1.0761033317955122,0.2859587380550286,1.1323817820515878,,,,,
deltaC0.2,BLS-B,29,599.3515781603077,739.8756493368783,225.65031025156156,978.548084276672,-0.8605283531687403,0.004396399976429032,-0.6744915296587822,1.0933742262013957,,,,,
deltaC0.2,BLS-B,30,352.63156693412157,-180.48213053358154,692.1743727902287,797.5137514726007,0.6558111904512469,0.6899272748066075,0.3946758623592211,1.0304644575977129,,,,,
deltaC0.2,BLS-B,34,1210.8545408781272,1073.982051409893,-375.91234018152323,1661.6005095739865,-0.2511154090258257,1.0266138598740793,-0.04705318311673851,1.0579267309115414,,,,,
deltaC0.2,BLS-B,35,-704.1234878453205,-1610.926575053682,-743.8237879380262,1908.9652023680576,-0.05198567549646117,-0.7271398491890634,1.1157397108792253,1.332782792944287,,,,,
deltaC0.2,BLS-B,38,-325.1159668106905,-1149.166274942089,1309.6729695497197,1772.4352756895548,0.4535077315615546,0.7242675617274358,-1.2867103345003505,1.5446217169477827,,,,,
deltaC0.2,BLS-B,33,2114.968981008593,169.34455968934972,-442.1586361484029,2167.319918711938,-1.461417105866295,0.14085721226778522,0.5813455753253367,1.5790957505853838,,,,,
deltaC0.2,BLS-B,36,-215.8585161367498,813.5706593318647,2401.4807191387567,2544.720369924689,0.4201834846972547,-0.8334791612172461,1.1507200115768206,1.4816876249868223,,,,,
deltaC0.2,BLS-B,37,58.34211555920497,818.6870675257014,-33.379814750538294,821.441738052393,0.05802986794386743,-0.4777649147405224,0.8642072958448344,0.9891820002011977,,,,,
deltaC0.2,BLS-B,28,754.8000330619021,-72.60964423757098,1495.8840105675374,1677.0999443736725,0.24477386120566952,1.2797557125790577,0.3187413781736211,1.3413742927193302,,,,,
deltaC0.2,BLS-B,26,5.364255151391547,-814.4656596411559,-1824.944430957438,1998.4507154419896,0.9465189725004315,-0.5978459709672033,0.8411994638485469,1.4003337131855655,,,,,
deltaC0.2,BLS-B,40,991.682765525906,-1114.1599486968341,-1795.2893730281921,2334.0632021496763,0.9447977997806756,-0.11400843786618166,1.0663531613699013,1.4292480089678892,,,,,
deltaC0.2,BLS-B,39,491.57631803868435,-803.4171787820785,-979.4555480651917,1358.844954457391,0.5479799809666202,-1.2129112154848225,0.5821297512953816,1.452690856146713,,,,,
deltaC0.2,BLS-B,45,317.5647906296757,-1003.8784163911636,619.3777133969791,1221.5760406117051,1.0566159791452394,0.9527802063730111,0.794179361486912,1.6294012112592189,,,,,
deltaC0.2,BLS-B,46,-191.88395674444158,1088.107951751033,-525.9821572587003,1223.7056824556496,-1.6827193825313944,0.922159116830929,-1.1487201171692456,2.2363988608230336,,,,,
deltaC0.2,BLS-B,41,-747.659065093152,-890.1212216180824,-617.4485891990598,1316.2646493371851,0.37890460465480047,1.6162251091978954,0.7661915321349458,1.82833305689791,,,,,
deltaC0.2,BLS-B,42,312.0621317267384,858.2704301818718,-1262.9629368673227,1558.5526251246522,-1.9111593252604877,-0.5674472812283516,1.801528407832186,2.687011534722161,,,,,
deltaC0.2,BLS-B,44,299.146483678077,83.15108305520009,-2156.23137179144,2178.471126732646,0.0715334021429775,-2.602424977052608,-1.479239324231959,2.9943082284834404,,,,,
deltaC0.2,BLS-B,43,-730.9191518332293,1282.5080832560843,246.28021903198456,1496.5706586794506,0.9159842692443994,0.31717255885675216,1.0827849209161906,1.4532889590712568,,,,,
deltaC0.2,BLS-B,48,-1031.841628725968,-957.4359919226794,-842.705547632288,1640.589365262087,-0.8637949296185866,-1.121529061474705,1.1120669093906133,1.800183859256799,,,,,
deltaC0.2,BLS-B,49,603.3788315355432,-170.46909214076757,-294.0583085258043,692.5287102594029,0.5134451423590478,0.060999486039776854,0.07318955197328075,0.5222102661067373,,,,,
deltaC0.2,BLS-B,47,-807.694739380652,-377.94819741043096,393.83209130170377,974.8432428283262,1.8049635761877196,-0.3056214377942277,-1.0223412095869253,2.0967783677402414,,,,,
deltaC0.2,BLS-B,50,-1427.4635781363095,-1458.5883630204398,1422.902088105729,2487.927376749572,0.5529161277952818,-0.02711077640170785,-0.4620523346218046,0.7210711466302697,,,,,
deltaC0.2,BLS-B,53,1675.9243668483641,-665.2012677370448,371.4459936944627,1840.974561537103,1.085370943114184,0.3707168304211126,0.256050995429825,1.1751694196049578,,,,,
deltaC0.2,BLS-B,51,1660.5748686895847,228.6869458865011,-480.79760260723486,1743.83856718883,0.4088096030306921,0.02686515258941397,-1.7238897201023746,1.7719037205865358,,,,,
deltaC0.2,BLS-B,52,-681.8743630211662,-210.71969286452313,191.09262525352818,738.8313930341113,-1.2324261319950096,0.2997991570152371,0.6804537003216516,1.4393647708807715,,,,,
deltaC0.2,BLS-B,55,-676.0948636728864,-30.11491542978184,343.63249514959705,759.0088698684223,-1.2854454005665257,0.8806439462223106,-0.7414970331153995,1.7256075706760734,,,,,
deltaC0.2,BLS-B,54,-1914.375970546227,-404.89986036115965,-1224.142496401279,2308.095341406167,-0.9178751254966833,-0.38838960701945957,-0.6401833366736153,1.1845572748503324,,,,,
deltaC0.2,BLS-B,60,-982.4538900456199,-348.0440006450926,-310.6442496641753,1087.5891330370264,-1.6219276439631527,0.14967880548555365,0.05798452773457811,1.6298512915355339,,,,,
deltaC0.2,BLS-B,56,208.5089001579946,-908.7137351777477,1815.8766088721466,2041.2360158969361,-0.2455551026367759,-1.085149095023351,0.10995288751208497,1.1180051450387876,,,,,
deltaC0.2,BLS-B,67,166.9015303517654,1171.4050788519219,581.8537177912104,1318.5597174573825,-0.9796519810561979,-1.361187526449211,-0.9469051585609064,1.9259228607235312,,,,,
deltaC0.2,BLS-B,58,2317.4694003069903,148.228745279339,-206.74366864600907,2331.3899559729466,-0.7051221103374167,-0.0048769522721105515,-0.6309212615208419,0.9461937504492445,,,,,
deltaC0.2,BLS-B,62,-576.8021243325462,-2611.829609563589,1069.0161447641049,2880.477411436156,-0.1790309004363123,0.4429326026456953,-0.47799510551952984,0.6758111235383394,,,,,
deltaC0.2,BLS-B,64,498.73246143848917,-5.79964657597963,929.6934764807802,1055.0344374492329,0.5113148238419627,0.8854960816008648,1.4923446979161885,1.8090436304881048,,,,,
deltaC0.2,BLS-B,66,157.77371893420943,1098.2400932466653,-289.9941791396846,1146.7870215239072,-0.4281264081969193,-0.7663003499549658,-0.3973746698048632,0.9635429808468443,,,,,
deltaC0.2,BLS-B,57,-1202.2562037244275,-99.25486633678221,-1017.8062182987204,1578.353891208479,0.5734001447912616,-0.41158172029771833,-0.9567538887693653,1.188934498702587,,,,,
deltaC0.2,BLS-B,59,177.2464711795738,-1448.0193242693742,589.6105328745282,1573.4728645514456,0.3067173127447097,-1.2699066606595975,1.1294311597502713,1.726949096337176,,,,,
deltaC0.2,BLS-B,61,-429.21608397157786,478.8636952533958,-24.90627662237262,643.5504704270083,1.2916453051886938,0.31801076442177856,-1.4269280022937514,1.9507952133512514,,,,,
deltaC0.2,BLS-B,69,-1071.86452195416,-724.9931181477463,-605.8225620436123,1428.8210354927933,-1.512514045648869,-0.7383299367296787,-0.7766620748603242,1.8536541781796043,,,,,
deltaC0.2,BLS-B,68,-135.48696787993754,-1313.1589149121855,-666.0152246875948,1478.620753876502,-0.10714009172084236,1.3409453829233886,-0.0026702257997519925,1.3452214127582587,,,,,
deltaC0.2,BLS-B,65,-1960.1340098716412,138.20034734766077,1005.2273730194727,2207.1943149913473,1.3885866915172045,0.870587428921323,0.8575558663434033,1.8497290437127598,,,,,
deltaC0.2,BLS-B,63,-16.726427610251267,-1277.569623415483,-965.4926637101502,1601.4493434800556,-0.24166020921099712,-1.232926935227201,1.4256928465006717,1.9002917083668573,,,,,
deltaC0.2,BLS-B,71,535.3250336072798,1085.383386583267,1093.3870786127677,1630.9890530457155,-0.09117600891661308,1.5746414429107078,0.9141724080584113,1.8230523662224276,,,,,
deltaI0.2,BLS-B,173,-1715.2308987974104,311.8034452484911,-645.6356481467649,1859.0545486391986,-1.727948904421723,0.7482620324932922,1.7314817901773767,2.55807206217477,,,,,
deltaC0.2,BLS-B,72,-213.02788871141868,1288.4160892893437,-53.4753549514145,1307.0028745552438,0.050882726814277496,0.11299318957551574,-0.6432591848897237,0.655086934477781,,,,,
deltaC0.2,BLS-B,73,-296.0636665928437,604.7453638023114,476.7503138717188,825.0221278811683,0.4459845590463795,0.27607156494152574,2.1885836484121075,2.250559068759118,,,,,
deltaC0.2,BLS-B,74,25.719793623994796,-90.43157096225424,527.3960344167548,535.7106998458038,-0.09488321052412128,0.07798531607298678,-1.886163990016889,1.890158493459953,,,,,
deltaC0.2,BLS-B,83,-1290.0217338523935,1730.8261747323984,-789.3029184803121,2298.4591399613482,-0.6519518932089234,-0.973070896329179,0.5656997731331158,1.30073997157942,,,,,
deltaC0.2,BLS-B,70,251.99152428694194,990.0078941695839,-1114.3710540511731,1511.7665841450766,0.037632729418446,-0.9471428396098216,0.6691786036130758,1.1602998683448966,,,,,
deltaC0.2,BLS-B,75,-1784.5875801822851,10.840379547261103,38.461192711798766,1785.0349040045146,-0.64037886146036,0.38095789500377736,0.15278861423980522,0.7606302417155764,,,,,
deltaC0.2,BLS-B,78,-261.9369718641336,633.5658261715306,878.1415639240861,1114.0687768772652,0.24688652677485018,0.0667824801132928,-0.37336194576938025,0.4525615972458653,,,,,
deltaC0.2,BLS-B,79,426.80670662389815,-386.9845025574549,1785.7145888698064,1876.3521958686863,-0.9597699670365337,-0.6380572817813281,0.19200824673542033,1.1683931920693034,,,,,
deltaC0.2,BLS-B,80,226.66008130756632,-50.53547827043853,-103.70757528786802,254.33027384576803,-0.6754460244840242,1.3153891868234606,0.012336275068602453,1.4787252038448275,,,,,
deltaC0.2,BLS-B,76,95.55514852494989,-564.4267097776954,-154.97771338442647,593.0652483209293,0.8333598879564863,-0.7740367381483217,0.27448322711698003,1.1700267590216442,,,,,
deltaC0.2,BLS-B,88,1277.8087673291636,1947.501353151597,-1486.71129265766,2763.307299977038,-0.3847834093275808,0.24916344036803498,-0.9715747619193453,1.0742896304574594,,,,,
deltaC0.2,BLS-B,77,-1762.7928825017816,-902.0426404569025,297.3116074694759,2002.3770533387271,2.0586366136744876,-0.06246993250472803,-0.21182970149543373,2.0704489904520593,,,,,
deltaC0.2,BLS-B,90,1149.280498500209,588.5601516358797,142.72491710130646,1299.08395351806,0.5728752656183721,0.5570505916129745,1.9545449818111893,2.111572285643328,,,,,
deltaC0.2,BLS-B,82,-870.8467717729609,1654.3658285465658,-1597.9442879794035,2459.415853827074,-0.24120968571067994,0.5774155773257381,-1.059662054419426,1.2306398868050146,,,,,
deltaC0.2,BLS-B,85,-550.5837611589847,227.35769507456982,419.9805462723959,728.8468006439042,-1.2706771415268008,-1.3842676285936595,0.41060914831177414,1.9233868925019624,,,,,
deltaC0.2,BLS-B,89,-174.00878829204737,1543.1975238280088,-193.66192672861763,1565.0056222953338,0.6764763225604961,0.26894896861812445,1.2484977930971817,1.4452337188407478,,,,,
deltaC0.2,BLS-B,86,-1866.7953521316538,-2494.5583151338456,-1933.1481032337463,3666.7161961869897,0.9216620121099642,-0.6150276753381828,-0.782689088193778,1.3565847245108154,,,,,
deltaC0.2,BLS-B,93,399.62824350798144,-104.32184554889619,2.965443870784138,413.03096049249507,0.8290710567099796,-0.9576038231359917,-0.8818222204183433,1.5433646126506877,,,,,
deltaC0.2,BLS-B,84,-548.9436919680373,586.661811258729,-442.928204654948,917.4402717451026,-1.0294923606515578,0.22843028305960725,-0.5927071872275128,1.2096845558449358,,,,,
deltaC0.2,BLS-B,95,929.6271825112775,825.2553928464343,-48.931415495333944,1244.0447923239562,1.6202396814164977,-0.12984006615565913,-0.6247354719568208,1.7413585150499742,,,,,
deltaC0.2,BLS-B,92,205.40628504343937,1091.148208967912,324.43499744411395,1156.742937491209,-0.5162330422563404,-1.0271198694364922,-0.5003689487467063,1.2537307785080325,,,,,
deltaC0.2,BLS-B,91,-781.6142438733476,-2707.40202254976,-103.10900404293415,2819.854252376701,-0.6849667111279247,0.03322383024976805,0.9240424404055333,1.1507118014170554,,,,,
deltaC0.2,BLS-B,81,-637.9277954589751,-692.1980836427108,-1352.9727327673074,1648.2188188555624,1.059126830874443,-2.48970700279787,-2.0677370978691267,3.405279329153944,,,,,
deltaC0.2,BLS-B,87,-1821.0206164079457,1723.2544230489664,74.25354528178816,2508.233537956048,-1.9794287514625521,0.3300537415369351,-0.8818215798269556,2.1919587024092486,,,,,
deltaC0.2,BLS-B,97,-1162.333244600598,-1238.3995331359715,3110.987067073796,3544.41708982952,-0.20549004415431013,1.1364707278452248,-0.7477245776645028,1.3758211793467765,,,,,
deltaC0.2,BLS-B,98,-605.4894047529702,1229.9785078558264,-1577.0905324647892,2089.6600433193494,0.24802156821120164,-0.3063641139015415,-0.21353735091955145,0.44829886105405187,,,,,
deltaC0.2,BLS-B,99,291.37128411193044,438.6625467638508,-907.3641725299382,1049.1100022063092,-1.4041999499013817,2.0998093854939532,0.7063573513802056,2.62295971424656,,,,,
deltaC0.2,BLS-B,104,-1317.460409755589,497.5586260860104,-998.0520093529195,1726.0864205014077,-1.3072070069399848,1.2099858733386175,3.321443300218999,3.768931091071006,,,,,
deltaC0.2,BLS-B,102,-65.98898681667931,-512.1727286249935,754.2151176877785,914.065585216429,-0.9498037857846365,0.29304822220539745,-0.9030253412327405,1.342929357388943,,,,,
deltaC0.2,BLS-B,100,-13.800738789073545,357.5461139841666,1613.5408335741045,1652.7382447403213,0.23738912982157237,-1.18817519027507,-0.2406790907279704,1.23533003948592,,,,,
deltaC0.2,BLS-B,109,133.09528041072926,188.5361417192191,-85.93088814256717,246.26073162189402,-0.5185349634530199,1.555618147732277,1.0678906690130483,1.9568384733652293,,,,,
deltaC0.2,BLS-B,105,-78.04550782390866,-2009.294631601962,351.6131572889768,2041.3201194949015,1.1420541778949833,0.05511893852673009,-0.49547784021520297,1.2461236426518927,,,,,
deltaC0.2,BLS-B,103,-946.3231807631058,431.3273921147751,600.1475585953149,1200.7281014976088,0.405486401157275,-0.25860263189498084,0.4758988059166811,0.6765901390202287,,,,,
deltaC0.2,BLS-B,107,651.9703802551462,1346.5108853502484,669.3740795644446,1638.9687609864616,0.8839681129274871,0.6163888026359647,-0.2778392020655305,1.1128923590770095,,,,,
deltaC0.2,BLS-B,108,-527.1523209613104,1797.4221847510619,777.7132055200381,2028.1651584056044,-0.4316002838381376,0.2450386582493405,0.25042477255079554,0.5559094492387369,,,,,
deltaC0.2,BLS-B,94,60.20346846574813,924.6544093355221,-364.1909345601079,995.613012738732,0.23146287845127073,-1.4680304736372967,-1.3582870346160498,2.0133634058546797,,,,,
deltaC0.2,BLS-B,112,799.0460472381574,1048.3341062186896,41.10130067608926,1318.7753033726135,-0.7117683326894104,-0.6822954244718739,-1.4139365125375833,1.7237626481513229,,,,,
deltaC0.2,BLS-B,101,835.1509845703031,-657.0133182941994,324.6619984338797,1111.1026418255797,0.2802668941514156,-0.6155162361294366,1.4370940911980028,1.5882849857164938,,,,,
deltaC0.2,BLS-B,96,-390.75990569954126,-552.9037651903044,-4.7100802991279895,677.0657739986226,1.0728994004097478,-0.6320605558631717,-1.2899358597433368,1.7929161140247023,,,,,
deltaC0.2,BLS-B,115,-1053.43852111261,1831.3579604420886,-2734.9043232092167,3455.9089042026258,-0.6116740415765403,-0.755157979341737,0.5690904140596301,1.1261760991410872,,,,,
deltaC0.2,BLS-B,106,-1834.9695633352521,-375.68763226723377,-908.4541299153705,2081.716455611959,-0.10018583801901937,-0.9350088301619207,0.03381049997362131,0.9409685778647462,,,,,
deltaC0.2,BLS-B,111,29.90760479589177,948.2126192710492,-12.17360954223045,948.7622636565904,-1.3468787128488904,0.3640898250630046,-0.06372614847420048,1.3966763010229855,,,,,
deltaC0.2,BLS-B,113,-235.80650193906826,946.7314120438751,-394.50776920086014,1052.3979536597212,-0.009416702275880765,-1.7241873895647017,-0.8465206484773418,1.920809214085093,,,,,
deltaC0.2,BLS-B,116,728.4262262929517,673.4788231431173,-230.8496259391684,1018.5627335465807,-0.8684266092938775,-0.2168916419361849,-0.1555437153483827,0.9085156066110333,,,,,
deltaC0.2,BLS-B,114,693.339264184508,-204.68848480355916,-1076.5945361735744,1296.7931625320539,-0.45257883989183095,-1.8665135856031825,-0.7300741898181097,2.054679754657074,,,,,
deltaC0.2,BLS-B,124,-632.4827449897115,-800.9564362934407,799.9670209048804,1296.731610660062,0.1585065413752711,-0.5860926312480179,-0.4775663783499643,0.772462647506193,,,,,
deltaC0.2,BLS-B,121,107.28254636749142,323.316610429969,1129.8389377459082,1180.075930006972,-1.6288174573451937,-1.8099410906031907,-0.9302587983509893,2.6065905878591207,,,,,
deltaC0.2,BLS-B,117,449.39965820978375,-170.93532087081923,1855.0162722284094,1916.3152942437382,1.4030283334787752,0.263688765923173,0.39497349786938873,1.481223931023765,,,,,
deltaC0.2,BLS-B,110,-912.0040266422207,-417.5854790948236,450.7092454520712,1099.6671318623892,0.5091231523424795,1.0461570097411117,0.4578369994577025,1.2503061990384758,,,,,
deltaC0.2,BLS-B,118,943.021729007945,-19.99102800228197,-2029.8471329527854,2238.296004941787,0.10062821278367767,-0.21167691286150567,0.2354023160852869,0.33218579600117143,,,,,
deltaC0.2,BLS-B,120,348.3033350774498,-586.2724068253962,-107.44119219114441,690.3435072558962,-1.6024494068195314,-0.6636679818381149,0.5147563793887505,1.8092190087589617,,,,,
deltaC0.2,BLS-B,129,-81.17537425280224,1963.4193594945068,337.6418053226183,1993.8924272197883,0.8690366440387081,-0.21420811440697532,-0.3834722130613533,0.9737354585050417,,,,,
deltaC0.2,BLS-B,128,474.4213464750423,-255.59447046064233,-766.6478024856721,937.0981807566155,1.823961847271571,1.1163937462477254,-0.4020629387087133,2.17596563016203,,,,,
deltaC0.2,BLS-B,131,-1293.445676873362,291.7026718454823,183.4396315682557,1338.5597731196317,-0.3537257581420921,-0.2217410226596306,-0.22813050074634272,0.4757462753129169,,,,,
deltaC0.2,BLS-B,127,-776.030663257888,-212.21707107227792,-609.4329263998411,1009.2909230500629,-0.1222203914133104,-0.09544798749728428,0.1138968429797052,0.19240746668268402,,,,,
deltaC0.2,BLS-B,119,-1211.064670795074,926.6762155027938,-341.61605645683534,1562.7245359485726,0.008141376733201991,-1.0879480220023112,1.4596884221886304,1.8205459264916628,,,,,
deltaC0.2,BLS-B,130,315.6290239735401,2409.0620556115764,-1528.1600009948938,2870.274317413351,-1.4032611396483599,0.8277979407533506,-0.9191771500429918,1.870635691395804,,,,,
deltaC0.2,BLS-B,122,359.25711936790697,993.7809709976707,32.46582198465503,1057.2229309520008,2.107149974745342,0.8827827495798678,-0.40859620412980996,2.32084839165646,,,,,
deltaC0.2,BLS-B,125,1745.1348400666518,1132.528720074367,2184.575925941473,3016.701657110094,-0.38903371069421794,-0.29223496768548096,1.539779156562976,1.6148276550085572,,,,,
deltaC0.2,BLS-B,123,396.2680708862394,-1463.7796610030623,-107.41812136240219,1520.269033022501,-1.5866508141369475,1.0594947666346806,-2.3078925074811503,2.994387715813593,,,,,
deltaC0.2,BLS-B,126,42.898514786997126,895.2320498364301,1020.679637886095,1358.3326650053575,1.1705883104220598,-1.204198590601013,-1.7408461568713283,2.418866796662419,,,,,
deltaC0.2,BLS-B,138,-84.84248088051989,2108.474561867685,-1838.0646504162694,2798.4540167233354,-1.843525059010378,-0.3265442329781073,-0.388416984607302,1.9120887880069553,,,,,
deltaC0.2,BLS-B,133,-139.74294403996404,951.1835918627338,-618.9254936561853,1143.3927945091316,0.45263441631020895,0.32379464609060665,-0.5504913345424735,0.7827909025223646,,,,,
deltaC0.2,BLS-B,141,615.5197848272315,-550.0178040644307,312.8839194523039,882.7686771479014,0.2859806097358346,-0.7677294788554567,1.049355702096292,1.3312929247053606,,,,,
deltaC0.2,BLS-B,137,900.8674690386774,982.7299339155456,587.7185559423303,1456.9603360368956,0.271787548425788,0.6228315228642811,-0.2168772163518393,0.7133185153388787,,,,,
deltaC0.2,BLS-B,135,603.3513007398415,1266.896096192292,-209.28047742289175,1418.751855992471,0.7279519452971073,0.29666928105471635,1.0693740662650202,1.32721045451863,,,,,
deltaC0.2,BLS-B,139,-982.1897797719947,-1062.1025695695596,604.6124744978645,1567.9014242270628,-0.5765662632303453,-0.8622413158400366,-0.5705289307860264,1.1838040393159706,,,,,
deltaC0.2,BLS-B,136,328.5910553580344,-1885.89380480039,-924.9146738248716,2126.037318229002,1.1289426654216888,-1.4799076476945046,-1.2970173803305358,2.2686763260530567,,,,,
deltaC0.2,BLS-B,134,319.8376996866555,-1146.9509614565677,-587.6828463297196,1327.8417789771481,-2.6509917018630125,0.5187199052443567,0.8637256484868995,2.835991773489017,,,,,
deltaC0.2,BLS-B,145,63.66156028238841,-1129.1521843073642,-1883.4879413875972,2196.9443040132282,0.36834856004644023,-0.10007611921655116,0.5662482045080828,0.6828857301440402,,,,,
deltaC0.2,BLS-B,146,102.08088255163871,318.28576899261526,2925.977806823201,2945.0080582822948,-0.20972342374123074,-1.182487082880267,-1.532201602001085,1.946766900483753,,,,,
deltaC0.2,BLS-B,132,-43.123555673711216,-645.5262608366734,-1686.7617899774386,1806.5794005832163,1.2211049862137973,-0.4280859203681372,-0.19012033583433696,1.3078611106196996,,,,,
deltaC0.2,BLS-B,140,206.68503541833144,-999.3528476799027,1018.3871759732543,1441.7133065275452,-0.05807417546179755,0.2978883998670702,-0.6412766299403192,0.7094686918663461,,,,,
deltaC0.2,BLS-B,143,-1286.4449921787134,-250.23728777464765,-65.82331765656869,1312.2088733284115,0.06862069403384916,0.05534486094832889,0.7128621215525152,0.7182925988950671,,,,,
deltaC0.2,BLS-B,148,-746.1064016478117,-197.59764410748105,226.98214178678697,804.5125755554039,-0.6412251052927838,0.5674909667507535,0.9550883326961185,1.2827351075938078,,,,,
deltaC0.2,BLS-B,144,-256.16331134856887,-1037.927882656306,1459.9117493179533,1809.4906044169097,-0.5795303584970546,-0.578470028485507,-0.5373230670322382,0.9793870984655041,,,,,
deltaC0.2,BLS-B,142,-1602.7550205651585,745.2769026036844,-1471.6084543407983,2299.9766869228642,-0.341684364982934,1.9985990852806577,-2.1778457824088053,2.975593850127113,,,,,
deltaC0.2,BLS-B,155,-30.865620393492268,-15.987436010001913,-136.29959236739083,140.66223200264517,0.6758634197738145,0.30128031702800434,-0.27085417257622785,0.7879867856879347,,,,,
deltaC0.2,BLS-B,159,795.4361104915571,1392.3414752775773,884.5752590094077,1831.3401591467484,0.4714557455275302,-0.34902418762174864,0.42281041950379084,0.7230885522374922,,,,,
deltaC0.2,BLS-B,151,1508.6885579509506,279.68659652631504,-1333.5904119791276,2032.936089524521,-0.46080146924548243,-0.16574158267678793,0.2546342863202883,0.551948263931362,,,,,
deltaC0.2,BLS-B,152,137.46163472541926,-692.0202045267541,-380.9992697391131,801.8404504864872,0.5930878612717887,0.09177348120342414,-0.9358844370382552,1.1117802222249464,,,,,
deltaC0.2,BLS-B,147,-306.7375002334424,-1096.7307085088594,-426.80609948766175,1216.1700487989651,0.23813963908922145,-1.0270011048009577,-1.381599084564679,1.7378888881162373,,,,,
deltaC0.2,BLS-B,154,1678.315698292682,-1041.2610334502822,-1007.8126766085842,2217.353042266964,-0.40206717734709235,-0.3318652930756693,1.4878455857549362,1.5765395887507891,,,,,
deltaC0.2,BLS-B,149,2091.772882989383,2006.5866573015967,-117.6292148074002,2900.9895621057854,2.052025040733815,1.9711800456769373,0.5883865048417125,2.905607719454468,,,,,
deltaC0.2,BLS-B,150,-1278.802386072127,1156.1164720171816,4.869349458912281,1723.938673519848,-0.6197840103822294,1.0789840082271631,1.0022970656385046,1.5977916376433416,,,,,
deltaC0.2,BLS-B,157,1766.4104706802814,228.1364026419218,743.4538566635741,1930.019638793158,-0.012554331822072213,-0.23306738870713914,-2.159138898911459,2.171717938342558,,,,,
deltaC0.2,BLS-B,163,-630.313589192515,-1305.5830448026472,-56.528016685080765,1450.874813437483,-1.4841129173949648,0.20162396358033824,1.7463588742602412,2.300654839817554,,,,,
deltaC0.2,BLS-B,153,-1240.8816160272982,1377.9607670929458,-638.6668891263141,1961.2390103983203,1.7386523679566712,-1.481529407293282,0.034880711073731696,2.2845257944004773,,,,,
deltaC0.2,BLS-B,162,-1316.8392453590232,-1002.1018003690145,-1749.7794418436995,2408.3192710933054,-1.4878592678132152,-1.375007093728546,0.3185358102250019,2.0508131974943984,,,,,
deltaC0.2,BLS-B,161,78.74726955891744,-43.516186933749644,-1450.8793011723492,1453.6662400835353,-0.3115597346073121,-0.1259738046635225,0.17089863598975902,0.3770215000144451,,,,,
deltaC0.2,BLS-B,158,221.35497331068075,-1120.768461607218,-1225.6338252199166,1675.4994008551562,0.5076815976327322,-0.34535662288849445,0.8406536941924525,1.0410141378037507,,,,,
deltaC0.2,BLS-B,165,465.61728859527284,-1527.6073521316557,-1610.2877779368876,2267.908818603257,0.9818819587589823,0.47306077139025793,0.17162912394823662,1.103329157845455,,,,,
deltaC0.2,BLS-B,156,-1530.3229635402888,-431.3512639980225,-725.7943453674606,1747.7785092679233,0.8769058605048828,-1.1855408105805454,0.7613404743545558,1.6595512103066317,,,,,
deltaC0.2,BLS-B,160,1378.8534790905621,16.355272597568263,56.40152462690112,1380.1034539925356,-0.5323988706648723,-1.058218778737037,0.19601770740352492,1.2007074925945418,,,,,
deltaC0.2,BLS-B,164,-277.0034331085738,-896.89776187047,-421.90186684381825,1029.1538672368158,-0.9475731579609631,0.625348227989008,-1.6047545407482324,1.9657549267365897,,,,,
deltaC0.2,BLS-B,171,-781.9827206084749,-1525.0794747431266,-949.6426435923654,1959.3839670013888,1.4855183762661481,1.1364785684685563,0.5719934486028465,1.95589490721187,,,,,
deltaC0.2,BLS-B,168,-1412.580892801138,-110.75223989982766,66.00040384654768,1418.4522870571277,1.1520530692705981,1.9385398538335716,-0.02515657353446642,2.2551709231250934,,,,,
deltaC0.2,BLS-B,173,-1715.2308987974104,311.8034452484911,-645.6356481467649,1859.0545486391986,-1.727948904421723,0.7482620324932922,1.7314817901773767,2.55807206217477,,,,,
deltaC0.2,BLS-B,166,164.98528964865199,311.23118468264454,-583.7616383538347,681.8083649625936,0.7086135498558176,-0.37924817983879033,0.562340006493769,0.9809121407413157,,,,,
deltaC0.2,BLS-B,172,-320.72119713051296,-249.21405070214257,-1137.4065754342691,1207.751401240053,0.7151875826650891,0.5921577062160672,-0.0672097817664336,0.9309463906125311,,,,,
deltaC0.2,BLS-B,180,218.91449150620352,-624.4153591493865,1604.3831169476084,1735.4720629499054,-1.0638224467380526,-2.277769559737807,-1.1587677219684596,2.7681573291501826,,,,,
deltaC0.2,BLS-B,175,-803.2804913142204,166.40096461369694,-46.92429720560729,821.6755554466887,-1.0524701587871985,-0.3059965153166428,-1.537466297226473,1.8881551624881787,,,,,
deltaC0.2,BLS-B,170,1397.5952544020374,-110.4428116171321,-1295.6860980872405,1908.9977932259458,1.0831989659356724,-1.433803105105157,-1.7426920353107593,2.503215307149758,,,,,
deltaC0.2,BLS-B,182,-980.7364617354291,425.34129962068766,-696.34652619945,1275.796893353478,-0.04118876244393705,0.2730410144825427,0.07403638154400485,0.28588336001496945,,,,,
deltaC0.2,BLS-B,169,-427.3329949973675,1445.1616593701929,1155.3605858022,1898.9375433521325,0.20619825351079799,-1.0761033317955122,0.2859587380550286,1.1323817820515878,,,,,
deltaC0.2,BLS-B,176,704.5345499542299,-869.02440210292,-643.2546766536001,1290.4839877217673,-0.1009429554589973,0.5883529864379022,-0.3098862087789795,0.6725906476443192,,,,,
deltaC0.2,BLS-B,177,425.38678625963416,447.05904371680964,-483.26845270565144,783.8138196496682,1.4210242849853618,-0.4112843370491124,-0.9877767164042355,1.778810744820938,,,,,
deltaC0.2,BLS-B,179,136.6701348719222,1108.137322788586,702.7406831348624,1319.2768927165432,1.598420903326269,-0.598444567836232,0.5381089911776076,1.7895939682925965,,,,,
deltaC0.2,BLS-B,178,1941.3434110299352,-413.8116765532796,1234.7608289369591,2337.6673518441985,-0.6024662395506463,-0.3268694990691386,0.27250829222694734,0.7376110143920396,,,,,
deltaC0.2,BLS-B,181,-1956.824419828131,863.098515936236,1503.9410371901351,2614.56296569648,0.3301539142345993,-0.3679215443655845,-1.7458199388587394,1.8144572546107325,,,,,
deltaC0.2,BLS-B,174,74.68858014481236,-856.5246093380982,-1380.8838321328897,1626.669280539792,-1.4923991143990538,0.5985279809236014,0.8007668701580686,1.796306889412361,,,,,
deltaC0.2,BLS-B,185,-2333.4275436689613,-1310.3440921039676,575.9293981224806,2737.4404857250242,1.3319938324480978,0.7394288541231194,-0.0783375863652936,1.5254833258436948,,,,,
deltaC0.2,BLS-B,188,10.669878878304191,-708.708713899784,-1715.5684369226053,1856.221147718621,-0.7038506867143115,-1.0936366673762592,-1.2142717194683614,1.7792983892868304,,,,,
deltaC0.2,BLS-B,183,-786.4707450856223,-753.4034134861807,-223.29074838951993,1111.7606283029252,1.200491317396052,-0.9285131218505983,-1.2046496212473805,1.9376523760890418,,,,,
deltaC0.2,BLS-B,190,-975.458491641886,-488.25734739891647,-1836.5845763481072,2136.108005763062,0.046929884847793445,1.5184392164102039,-0.1402261514409175,1.525622312884874,,,,,
deltaC0.2,BLS-B,194,-45.105027674157604,-1467.2254508017422,-397.78667268858277,1520.8613427826076,1.522271437652033,0.09535546534577612,1.0585703459421163,1.856602857902171,,,,,
deltaC0.2,BLS-B,196,465.04831107142144,-794.8489530555453,173.47009462731398,937.0947996515013,1.4991462795026715,-0.9832429647245321,-0.7730105800883044,1.9523707772745027,,,,,
deltaC0.2,BLS-B,184,-43.6989608895855,-309.21566212415036,963.0859945657572,1012.4517557960083,0.7224510558587505,-0.7110453938735738,-0.03577185976352984,1.0142981347765512,,,,,
deltaC0.2,BLS-B,197,1660.5502378815831,-1184.3749147195306,-812.8888154878518,2195.668294048698,-0.776272663411659,-1.392266713774296,-0.4592690713294468,1.658895394569507,,,,,
deltaC0.2,BLS-B,192,-443.8153076543896,1169.3845426402397,1294.1234442209368,1799.7743538445434,0.21494358629536492,-0.9166601300328753,-0.633426716094194,1.1347669117238461,,,,,
deltaC0.2,BLS-B,193,-994.0887728665803,679.3721938614422,871.9167220962277,1486.6061470350924,0.6364517770937649,0.7568162493910829,1.1507694238898607,1.5172712238976915,,,,,
deltaC0.2,BLS-B,187,391.3589944328244,214.5847471899888,841.7173594546113,952.7311212809761,-0.5693016003331456,0.7963182958069048,-0.5879308702730064,1.1418799624297944,,,,,
deltaC0.2,BLS-B,186,428.61132530668954,-1438.4868685091778,1936.5465718567189,2450.135662371475,1.0309880670812464,-0.20130454437409884,-0.6190835891166753,1.2193130870958337,,,,,
deltaC0.2,BLS-B,191,1619.4522162336325,-1087.8209268179942,771.6991998170505,2097.975096250063,-0.3767888504083472,0.157487085055042,-0.8375304559706946,0.9317882186578974,,,,,
deltaC0.2,BLS-B,195,-1598.3426017826646,-1244.6365367742121,-522.7414623603393,2092.1467008356053,0.5342278513493294,0.004172831601567871,-0.14988200595917897,0.5548706384295745,,,,,
deltaC0.2,BLS-B,199,2083.967672318066,854.4511486551824,-843.2031070205485,2404.9946994523802,0.8811547328116642,-0.21751979151701292,-0.6267054808529574,1.1029543429304483,,,,,
deltaC0.2,BLS-B,189,-1009.108909546564,261.8591487173092,-113.93359117381716,1048.7382267710907,-0.6926879493580653,1.1452786725794732,0.20527962852884446,1.354112092457719,,,,,
deltaC0.2,BLS-B,200,-1573.859524056272,107.0371448195822,292.48858816186527,1604.3816023747854,0.008245688904879502,0.13691125645053334,-0.7908561479811042,0.8026619028756067,,,,,
deltaC0.2,BLS-B,198,-2161.4013320351087,911.8458075558289,-1564.023282416806,2819.4480528681715,-0.11034423207721372,0.42533305379947706,1.0329748869119941,1.122551189566848,,,,,
deltaRIC0,BLS-G,3,-1397.7013166015206,-1661.8038492384965,915.1253985125416,2356.398841193113,-1.3711735634462272,-0.6317779487980174,-0.12129710407952085,1.5145868430497254,-0.1007028664253861,0.18322642394580693,-0.04247128221555279,0.2133466651984297,-67.96817120518651
deltaRIC0,BLS-G,2,1802.0962537381306,-801.9127964984071,-57.0996389527044,1973.2905031174273,-1.0375382926516563,0.08240205575838278,0.9779841803584377,1.4281907661594395,-0.11641747185968512,-0.06765025211443776,-0.004780935377688357,0.13473099757826035,65.66162841290736
deltaRIC0,BLS-G,5,-190.03111495028307,582.3024031934638,1455.0739745828353,1578.742596157594,-0.5912917875659108,-0.688195688995287,-0.17097050326239338,0.923293126466554,-0.2096867274655507,-0.11515304238254387,0.03063968623854954,0.2411794709712351,-2.0649976208060874
deltaRIC0,BLS-G,1,1216.5821887568043,859.6656112931041,-745.7766326203762,1665.9171561043574,-1.9523521565942057,-1.6476764198509941,0.16606751284602522,2.5600966674549417,-0.041711750231517714,-0.002635176651734966,0.04430864012887391,0.06091034274597724,-84.55147267637314
deltaRIC0,BLS-G,4,-562.7965914257072,566.7659041223603,-583.8517815069617,989.3667147043527,-0.5340735545629803,0.9366861153776486,0.1395914832897364,1.087244785056169,-0.011637730805024128,-0.05342003312694089,0.05716637845521358,0.07910203248500242,-16.44410741139773
deltaRIC0,BLS-G,10,-1508.382909275355,2848.074240458545,-1677.5584426661028,3633.3109155036295,-0.1134801413272868,0.11243393268336284,0.13686190133903572,0.21035758063935775,0.07936203313588937,0.010993572688566619,0.05015197727404177,0.09452201737382038,219.9441516982386
deltaRIC0,BLS-G,14,-147.62427734040952,-1483.1956457087288,-2067.9121016690883,2549.1023343402826,-0.6887856058713059,0.612994508787544,1.2080670010036836,1.5197413456155024,0.08456423975914044,0.077082350053677,-0.04624342746825041,0.12341496635274964,-1.4294359087849764
deltaRIC0,BLS-G,12,966.0609496383138,-1351.2490065050802,-492.77730399000626,1732.6214552881152,0.5264309091527242,0.6218176891589153,0.3537948512940267,0.8882328171512577,0.03817129290262048,0.04613874273944046,-0.04317731309183458,0.07382487080425013,49.02168877916772
deltaRIC0,BLS-G,6,1745.3232576153637,2911.8294840419585,-1804.6818412812113,3844.708150947131,0.24215699477809455,0.5376251020390141,-0.4787975762774286,0.7595576867569431,0.06391666235185407,0.1561665876697589,0.042365940103112266,0.17397762991671634,-166.80400486759052
deltaRIC0,BLS-G,7,-100.35080006369819,-834.6927434855999,211.26980170447487,866.8432316244904,2.2909461718325397,-0.5387569664728519,1.1166485358888738,2.604917922672414,-0.1421028914143807,0.1156563483605538,-0.015983638704539997,0.18391601172998048,31.475268474526615
deltaRIC0,BLS-G,8,864.5519067068115,943.9607247786118,-402.9773504189663,1341.9771213644574,-0.37958581368138816,0.655054963377508,-1.8637785928472848,2.011679158849511,0.10146028143325203,-0.02121593145026678,-0.005028759711837983,0.10377664901150224,81.53364675074438
deltaRIC0,BLS-G,9,728.087830032529,-485.40846086522964,-480.63550004970176,998.3705454534678,0.7870212224230648,-0.6338824861949477,1.9008242185236421,2.1527522199674998,-0.06726566021033806,0.08066505340260388,-0.041952506286543276,0.11309965812370984,-99.51181621306793
deltaRIC0,BLS-G,11,903.8350263082697,483.5902540886392,180.89184314998602,1040.9126512582045,1.7455520527565231,0.5476893639818975,0.005034523288413314,1.829464663426476,-0.11540184225245147,-0.24418051285774128,0.11800058000172862,0.29473012220584716,28.48420588061895
deltaRIC0,BLS-G,17,1495.2085272811166,-276.72281503715726,-1262.8673764301286,1976.62795357846,-0.38418400483776255,1.6934553608530274,1.799377735326385,2.5006296493410116,0.13867824591390362,0.035387728323195825,-0.02046716533084749,0.14457818667528546,73.16736480326836
deltaRIC0,BLS-G,13,588.0567701170796,-247.05016190219334,1296.3434205337612,1444.7666978919483,-0.8640007804003574,0.5936646173107969,-1.1044830125096594,1.5227664795698697,0.02904946214280761,-0.138582308443526,0.049793219085211615,0.15009427747649431,-242.24616728027507
deltaRIC0,BLS-G,16,-515.1539331130119,1469.3920003528888,1961.9100915685326,2504.713083948203,0.47468466893123556,0.46331419901258997,-0.6195714782888812,0.9076642543551575,-0.03569800912579236,0.14857244076701379,-0.004511043179082083,0.15286748353255677,15.144501811854564
deltaRIC0,BLS-G,20,123.9083570315129,-429.97166276346337,934.8875123613086,1036.4572217370778,-1.0118962024729325,2.267493293399191,0.6991807342616229,2.5795955999636986,-0.05726191209984779,-0.047790513106151886,-0.14510727052156644,0.16315323986516184,75.56810447846934
deltaRIC0,BLS-G,18,816.4835072050148,-1241.5841890469533,233.57761075543232,1504.2390489132365,-0.0538483346582793,1.236996332524299,-0.1060907578414829,1.2427046385700087,-0.06514785880139991,-0.13739536664044913,-0.0998954645089235,0.18193634631410013,-296.38601505371145
deltaRIC0,BLS-G,15,527.1712078553843,-98.72004605529791,-153.52909854974652,557.8766117936499,-0.15217365697658672,0.7131565120134402,-0.30466352920885453,0.7902967155029803,0.017318783420217407,-0.0070233369519658384,-0.17627848186120415,0.17726638341317885,38.89442031939342
deltaRIC0,BLS-G,19,-465.8994427524357,-1321.7732671489916,-29.139249039008035,1401.7831345615866,0.9290439589958662,1.1288979441041675,0.7267924139940558,1.6327156699770586,-0.0691350234230784,0.24813861083934813,-0.2420728651286076,0.3534850685454254,-50.03266589730919
deltaRIC0,BLS-G,21,747.452685396042,678.4033202941014,388.1300082055202,1081.4626600865297,1.2393569180294786,-1.6052229901539852,-2.5336688844808872,3.245338878233374,0.009121126262606851,-0.06432991836054981,0.050969058728964664,0.08257952705295708,-65.14851836476346
deltaRIC0,BLS-G,27,35.867148009079216,683.3927995350406,-37.229935686043106,685.3453427826239,0.9317935797534782,-0.7760315528963501,-1.7323671518345019,2.1146063924796277,-0.0143830865664194,-0.11184242924310268,-0.07991006026727594,0.13820716294785598,81.03525887553947
deltaRIC0,BLS-G,22,1050.3415426821348,1716.240457173211,-180.12256080603663,2020.1838530275713,-1.2755512846982207,-0.06974172554515051,0.16912733215382172,1.2886035242303062,-0.017693932614664443,0.030052390825865073,0.03100070210498005,0.04666117204619425,-203.7211133518086
deltaC0.2,BLS-B,167,100.2594153574081,964.5781141070316,892.9562886476928,1318.2692524736926,-0.9618611702187898,-1.24767462267896,0.27659500956006944,1.599491692433968,,,,,
deltaRIC0,BLS-G,30,352.63156693412157,-180.48213053358154,692.1743727902287,797.5137514726007,0.6558111904512469,0.6899272748066075,0.3946758623592211,1.0304644575977129,-0.03658387045183702,-0.05567259220018584,0.09434362138045528,0.1154925798253017,-150.79851152411598
deltaRIC0,BLS-G,31,418.9250882286721,-1199.7406277075695,394.89501910437724,1330.7208119786058,1.0312241311036112,-0.3551698340388698,0.6688502000308195,1.2794254216885264,0.08827435146323089,0.08020681137837161,-0.16197038171314032,0.20114645975020312,244.85962148033576
deltaRIC0,BLS-G,25,1299.182427620178,-814.1725806932351,1234.000596162245,1968.123330159601,0.005487634350319156,-0.554721550014234,0.4433610397263945,0.7101514794240921,-0.03307670266637201,0.06690299577229643,-0.11127958273903792,0.13398964376832218,53.65241287405128
deltaRIC0,BLS-G,24,-1885.5618511029975,-1252.7322466551425,1349.2411309035115,2635.3620634490417,-1.2944265402917972,-0.04182246173831621,-0.07802773880419807,1.2974503900113254,-0.12714729269252537,-0.07472132654852588,0.04536473479500749,0.15429734230773878,13.531261093142573
deltaRIC0,BLS-G,26,5.364255151391547,-814.4656596411559,-1824.944430957438,1998.4507154419896,0.9465189725004315,-0.5978459709672033,0.8411994638485469,1.4003337131855655,-0.12750183952718205,0.24124511067341223,-0.010683306824548175,0.27307518296496597,-98.86459145651267
deltaRIC0,BLS-G,33,2114.968981008593,169.34455968934972,-442.1586361484029,2167.319918711938,-1.461417105866295,0.14085721226778522,0.5813455753253367,1.5790957505853838,-0.13736447184842235,-0.0598548294137546,-0.01896312809488789,0.15103376760674683,-166.344153969158
deltaRIC0,BLS-G,38,-325.1159668106905,-1149.166274942089,1309.6729695497197,1772.4352756895548,0.4535077315615546,0.7242675617274358,-1.2867103345003505,1.5446217169477827,-0.0306903492005476,0.025409152993667486,-0.032782702464588184,0.051596784500479,34.44547396590407
deltaRIC0,BLS-G,29,599.3515781603077,739.8756493368783,225.65031025156156,978.548084276672,-0.8605283531687403,0.004396399976429032,-0.6744915296587822,1.0933742262013957,-0.007986821818536471,-0.02257546532467025,0.03255620095341292,0.04041469012507016,174.26317985321376
deltaRIC0,BLS-G,32,-31.342260076104285,569.121061839632,-1693.9059368404633,1787.2320619213153,0.5987719850404624,0.00659631602819792,-0.0806839971141934,0.6042195866113268,0.08185132479659844,-0.024494516925946088,-0.07838473576382328,0.11594734809885954,173.9296949395379
deltaRIC0,BLS-G,37,58.34211555920497,818.6870675257014,-33.379814750538294,821.441738052393,0.05802986794386743,-0.4777649147405224,0.8642072958448344,0.9891820002011977,-0.03634713191654042,0.20484323440154398,-0.15791212405391178,0.26118595598129374,-137.76588832040997
deltaRIC0,BLS-G,23,-11.017456998423807,356.5858511830404,-21.09316324020464,357.379035700366,-0.4352385460408071,-1.093730790799422,0.50290891142711,1.2800769538958374,-0.09375672180071574,0.02039257918328412,0.2253392448516407,0.24491622126529514,-46.388151351559365
deltaRIC0,BLS-G,35,-704.1234878453205,-1610.926575053682,-743.8237879380262,1908.9652023680576,-0.05198567549646117,-0.7271398491890634,1.1157397108792253,1.332782792944287,-0.0213841462488414,-0.11145730232365342,0.09337010656135888,0.14696254200080247,85.13310656979576
deltaRIC0,BLS-G,39,491.57631803868435,-803.4171787820785,-979.4555480651917,1358.844954457391,0.5479799809666202,-1.2129112154848225,0.5821297512953816,1.452690856146713,0.06316568521811314,-0.009552875736608527,-0.10279614828651223,0.12102978693881705,61.5961260849984
deltaRIC0,BLS-G,34,1210.8545408781272,1073.982051409893,-375.91234018152323,1661.6005095739865,-0.2511154090258257,1.0266138598740793,-0.04705318311673851,1.0579267309115414,0.03840829028089751,-0.056606094820769996,-0.0790535439558609,0.1045414250196587,35.95256291968547
deltaRIC0,BLS-G,36,-215.8585161367498,813.5706593318647,2401.4807191387567,2544.720369924689,0.4201834846972547,-0.8334791612172461,1.1507200115768206,1.4816876249868223,-0.18327787560409076,-0.006528018895656955,-0.09967293347984779,0.20872970173199784,182.16727331366434
deltaRIC0,BLS-G,40,991.682765525906,-1114.1599486968341,-1795.2893730281921,2334.0632021496763,0.9447977997806756,-0.11400843786618166,1.0663531613699013,1.4292480089678892,-0.07101454029942747,0.15650841238964672,-0.23940280154731727,0.2947060390819484,122.79767038589807
deltaRIC0,BLS-G,43,-730.9191518332293,1282.5080832560843,246.28021903198456,1496.5706586794506,0.9159842692443994,0.31717255885675216,1.0827849209161906,1.4532889590712568,-0.02902573985364652,-0.0902702618701715,0.11034720670665915,0.14549130482651898,-155.69869846386248
deltaRIC0,BLS-G,42,312.0621317267384,858.2704301818718,-1262.9629368673227,1558.5526251246522,-1.9111593252604877,-0.5674472812283516,1.801528407832186,2.687011534722161,-0.20388221304462942,-0.18131259834411476,-0.01881969440752957,0.27348929780132664,-213.85380983817947
deltaRIC0,BLS-G,28,754.8000330619021,-72.60964423757098,1495.8840105675374,1677.0999443736725,0.24477386120566952,1.2797557125790577,0.3187413781736211,1.3413742927193302,0.04383082819296581,0.06892346234198202,0.17097874596534077,0.1894869830177483,-93.13108742809304
deltaRIC0,BLS-G,44,299.146483678077,83.15108305520009,-2156.23137179144,2178.471126732646,0.0715334021429775,-2.602424977052608,-1.479239324231959,2.9943082284834404,0.055389483955994676,-0.10493254549269274,-0.11953684418490002,0.16842770304843704,127.03164827847716
deltaRIC0,BLS-G,50,-1427.4635781363095,-1458.5883630204398,1422.902088105729,2487.927376749572,0.5529161277952818,-0.02711077640170785,-0.4620523346218046,0.7210711466302697,-0.14907289882732488,-0.20863468383076197,-0.07055971134839477,0.2659508099771697,-192.87022024351612
deltaRIC0,BLS-G,47,-807.694739380652,-377.94819741043096,393.83209130170377,974.8432428283262,1.8049635761877196,-0.3056214377942277,-1.0223412095869253,2.0967783677402414,0.03799138076575548,-0.037512940180611826,0.16367685054376865,0.1721646801681749,-63.301005055123206
deltaRIC0,BLS-G,49,603.3788315355432,-170.46909214076757,-294.0583085258043,692.5287102594029,0.5134451423590478,0.060999486039776854,0.07318955197328075,0.5222102661067373,-0.03922977237202533,-0.11735352021128288,0.1174267846318049,0.17058685030008966,-169.46262886352292
deltaRIC0,BLS-G,51,1660.5748686895847,228.6869458865011,-480.79760260723486,1743.83856718883,0.4088096030306921,0.02686515258941397,-1.7238897201023746,1.7719037205865358,0.005506308448036385,-0.11522150702777283,0.09825320665062437,0.15152560091154998,179.16095854738876
deltaRIC0,BLS-G,41,-747.659065093152,-890.1212216180824,-617.4485891990598,1316.2646493371851,0.37890460465480047,1.6162251091978954,0.7661915321349458,1.82833305689791,0.018793969706060943,0.039152786354608934,-0.12618129233546024,0.1334461408662269,-47.84459638020512
deltaRIC0,BLS-G,57,-1202.2562037244275,-99.25486633678221,-1017.8062182987204,1578.353891208479,0.5734001447912616,-0.41158172029771833,-0.9567538887693653,1.188934498702587,-0.061313400368999814,-0.14904934946188164,-0.06497873745397369,0.1737736400059912,-334.8629772017105
deltaRIC0,BLS-G,45,317.5647906296757,-1003.8784163911636,619.3777133969791,1221.5760406117051,1.0566159791452394,0.9527802063730111,0.794179361486912,1.6294012112592189,-0.19365886426903167,-0.0278874096790126,0.07009250415691255,0.2078326790174325,33.56754581794837
deltaRIC0,BLS-G,58,2317.4694003069903,148.228745279339,-206.74366864600907,2331.3899559729466,-0.7051221103374167,-0.0048769522721105515,-0.6309212615208419,0.9461937504492445,-0.10205107719994773,0.004577453160512751,0.06708642917166598,0.1222127833498253,-35.82072676681069
deltaRIC0,BLS-G,46,-191.88395674444158,1088.107951751033,-525.9821572587003,1223.7056824556496,-1.6827193825313944,0.922159116830929,-1.1487201171692456,2.2363988608230336,0.0650716450259349,0.07994720401607879,0.3113365392096063,0.3279577946373352,11.210925009238691
deltaRIC0,BLS-G,54,-1914.375970546227,-404.89986036115965,-1224.142496401279,2308.095341406167,-0.9178751254966833,-0.38838960701945957,-0.6401833366736153,1.1845572748503324,-0.117027013411267,-0.08358569387612166,-0.05332920987695425,0.15338153316098332,10.688528984598308
deltaRIC0,BLS-G,48,-1031.841628725968,-957.4359919226794,-842.705547632288,1640.589365262087,-0.8637949296185866,-1.121529061474705,1.1120669093906133,1.800183859256799,-0.1464276309529694,-0.1731550480516235,-0.2644004635103883,0.34832646594361333,-11.439621354196131
deltaRIC0,BLS-G,52,-681.8743630211662,-210.71969286452313,191.09262525352818,738.8313930341113,-1.2324261319950096,0.2997991570152371,0.6804537003216516,1.4393647708807715,-0.019017057977116458,0.020971821129992223,0.1359817833185602,0.13889748439086022,192.71703541911904
deltaRIC0,BLS-G,53,1675.9243668483641,-665.2012677370448,371.4459936944627,1840.974561537103,1.085370943114184,0.3707168304211126,0.256050995429825,1.1751694196049578,-0.03148917220448902,-0.07589342588359475,-0.07002634146579603,0.1079586428108325,-36.303342846556546
deltaRIC0,BLS-G,60,-982.4538900456199,-348.0440006450926,-310.6442496641753,1087.5891330370264,-1.6219276439631527,0.14967880548555365,0.05798452773457811,1.6298512915355339,0.018287359397981758,-0.000871988357285601,-0.06473111103313814,0.06727038436809063,128.90571538085692
deltaRIC0,BLS-G,63,-16.726427610251267,-1277.569623415483,-965.4926637101502,1601.4493434800556,-0.24166020921099712,-1.232926935227201,1.4256928465006717,1.9002917083668573,-0.17527522973878987,-0.04073519046540935,-0.12245526909112146,0.21766041172068407,-90.8751176348378
deltaRIC0,BLS-G,61,-429.21608397157786,478.8636952533958,-24.90627662237262,643.5504704270083,1.2916453051886938,0.31801076442177856,-1.4269280022937514,1.9507952133512514,-0.11977319271057246,-0.045904309568104,-0.17508955113807723,0.21704647946175404,-135.96902820090978
deltaRIC0,BLS-G,56,208.5089001579946,-908.7137351777477,1815.8766088721466,2041.2360158969361,-0.2455551026367759,-1.085149095023351,0.10995288751208497,1.1180051450387876,-0.05626726785192361,-0.07554367875465486,0.12720240780305042,0.15828235966841078,58.86709332784463
deltaRIC0,BLS-G,59,177.2464711795738,-1448.0193242693742,589.6105328745282,1573.4728645514456,0.3067173127447097,-1.2699066606595975,1.1294311597502713,1.726949096337176,0.013193680520238569,-0.0602801178204477,-0.002305138129810319,0.06175013742425748,38.04860328712249
deltaRIC0,BLS-G,55,-676.0948636728864,-30.11491542978184,343.63249514959705,759.0088698684223,-1.2854454005665257,0.8806439462223106,-0.7414970331153995,1.7256075706760734,-0.014111707791875398,0.021020952687731097,-0.0844560003699648,0.08816936399449982,-122.55649328114467
deltaRIC0,BLS-G,65,-1960.1340098716412,138.20034734766077,1005.2273730194727,2207.1943149913473,1.3885866915172045,0.870587428921323,0.8575558663434033,1.8497290437127598,-0.021351471564825406,0.1839482555537071,0.1797706849559596,0.2580898007065959,-55.285037075976796
deltaRIC0,BLS-G,64,498.73246143848917,-5.79964657597963,929.6934764807802,1055.0344374492329,0.5113148238419627,0.8854960816008648,1.4923446979161885,1.8090436304881048,0.021073896800930473,0.1347895158221797,-0.14131511976390942,0.1964237403570199,87.80435954534454
deltaRIC0,BLS-G,62,-576.8021243325462,-2611.829609563589,1069.0161447641049,2880.477411436156,-0.1790309004363123,0.4429326026456953,-0.47799510551952984,0.6758111235383394,0.0626340813284319,-0.03177045710781728,-0.07767579914040293,0.10471828809141458,113.31504830032367
deltaRIC0,BLS-G,66,157.77371893420943,1098.2400932466653,-289.9941791396846,1146.7870215239072,-0.4281264081969193,-0.7663003499549658,-0.3973746698048632,0.9635429808468443,0.12863258069948488,-0.20281068186058962,0.031214093863955482,0.24218347001790733,196.6099452318889
deltaRIC0,BLS-G,67,166.9015303517654,1171.4050788519219,581.8537177912104,1318.5597174573825,-0.9796519810561979,-1.361187526449211,-0.9469051585609064,1.9259228607235312,0.10664187624791985,-0.11046989191287399,0.07869894282376655,0.17253872142361895,148.89302612510826
deltaRIC0,BLS-G,72,-213.02788871141868,1288.4160892893437,-53.4753549514145,1307.0028745552438,0.050882726814277496,0.11299318957551574,-0.6432591848897237,0.655086934477781,-0.014256193972867684,-0.08723211726123999,0.26842829236644794,0.2826064923019958,-116.07546213332401
deltaRIC0,BLS-G,75,-1784.5875801822851,10.840379547261103,38.461192711798766,1785.0349040045146,-0.64037886146036,0.38095789500377736,0.15278861423980522,0.7606302417155764,0.2044437723771305,-0.04655773783773715,0.04179724708703866,0.21380338837449317,-57.234760931546255
deltaRIC0,BLS-G,73,-296.0636665928437,604.7453638023114,476.7503138717188,825.0221278811683,0.4459845590463795,0.27607156494152574,2.1885836484121075,2.250559068759118,-0.03235393468095031,0.03993963537009249,-0.03605481946604935,0.06278456473978739,76.07795926356256
deltaRIC0,BLS-G,71,535.3250336072798,1085.383386583267,1093.3870786127677,1630.9890530457155,-0.09117600891661308,1.5746414429107078,0.9141724080584113,1.8230523662224276,0.08223975086397839,0.12484309545650504,0.0350509111159184,0.1535504525404835,305.40109692719847
deltaRIC0,BLS-G,74,25.719793623994796,-90.43157096225424,527.3960344167548,535.7106998458038,-0.09488321052412128,0.07798531607298678,-1.886163990016889,1.890158493459953,-0.008805902000633178,0.008179320242761643,-0.014932266132460629,0.019168144446686446,-10.115514968621556
deltaRIC0,BLS-G,77,-1762.7928825017816,-902.0426404569025,297.3116074694759,2002.3770533387271,2.0586366136744876,-0.06246993250472803,-0.21182970149543373,2.0704489904520593,0.04752037334774293,-0.25423207776826756,0.07500590627683376,0.2692917028537799,148.95044932763332
deltaRIC0,BLS-G,82,-870.8467717729609,1654.3658285465658,-1597.9442879794035,2459.415853827074,-0.24120968571067994,0.5774155773257381,-1.059662054419426,1.2306398868050146,0.06653038385467715,-0.11510482184824905,0.04823881012559856,0.14142982284829952,197.4415576987118
deltaRIC0,BLS-G,68,-135.48696787993754,-1313.1589149121855,-666.0152246875948,1478.620753876502,-0.10714009172084236,1.3409453829233886,-0.0026702257997519925,1.3452214127582587,0.09237620921274303,0.01796989347654186,-0.10597749348928769,0.14173041390734292,-142.14456957660977
deltaRIC0,BLS-G,69,-1071.86452195416,-724.9931181477463,-605.8225620436123,1428.8210354927933,-1.512514045648869,-0.7383299367296787,-0.7766620748603242,1.8536541781796043,-0.056600354257251864,-0.1127105364979811,0.224946131886087,0.2578915031369238,129.6552864784547
deltaRIC0,BLS-G,70,251.99152428694194,990.0078941695839,-1114.3710540511731,1511.7665841450766,0.037632729418446,-0.9471428396098216,0.6691786036130758,1.1602998683448966,-0.06282179729388383,0.052401998931889404,-0.18667272873780036,0.20381181359702377,65.29787557917336
deltaRIC0,BLS-G,78,-261.9369718641336,633.5658261715306,878.1415639240861,1114.0687768772652,0.24688652677485018,0.0667824801132928,-0.37336194576938025,0.4525615972458653,0.047950058363316755,-0.22251077323562046,0.06249656516076591,0.23604252362625905,194.1806320012501
deltaRIC0,BLS-G,79,426.80670662389815,-386.9845025574549,1785.7145888698064,1876.3521958686863,-0.9597699670365337,-0.6380572817813281,0.19200824673542033,1.1683931920693034,0.053156295140080134,0.10636266979043985,-0.0958276254761432,0.15271392550244206,6.100978164008384
deltaRIC0,BLS-G,76,95.55514852494989,-564.4267097776954,-154.97771338442647,593.0652483209293,0.8333598879564863,-0.7740367381483217,0.27448322711698003,1.1700267590216442,-0.06945090551031419,0.03140511247796589,0.05933370656756499,0.09659295057612736,151.55784127937346
deltaRIC0,BLS-G,83,-1290.0217338523935,1730.8261747323984,-789.3029184803121,2298.4591399613482,-0.6519518932089234,-0.973070896329179,0.5656997731331158,1.30073997157942,-0.11073428556548802,0.005170170887753717,0.01957128773268158,0.11256930296587538,-33.09200965290383
deltaRIC0,BLS-G,84,-548.9436919680373,586.661811258729,-442.928204654948,917.4402717451026,-1.0294923606515578,0.22843028305960725,-0.5927071872275128,1.2096845558449358,0.04955662215032724,-0.09150017046630092,0.0066027571583970575,0.10426761911737122,-29.533085914060738
deltaRIC0,BLS-G,85,-550.5837611589847,227.35769507456982,419.9805462723959,728.8468006439042,-1.2706771415268008,-1.3842676285936595,0.41060914831177414,1.9233868925019624,-0.13824111805375427,0.09051262253135149,-0.0512052362092474,0.172988779328313,-103.21071694655262
deltaRIC0,BLS-G,80,226.66008130756632,-50.53547827043853,-103.70757528786802,254.33027384576803,-0.6754460244840242,1.3153891868234606,0.012336275068602453,1.4787252038448275,0.039571409472490604,0.06455133306617628,0.08554730400044576,0.11424146475778672,162.28774203102367
deltaRIC0,BLS-G,88,1277.8087673291636,1947.501353151597,-1486.71129265766,2763.307299977038,-0.3847834093275808,0.24916344036803498,-0.9715747619193453,1.0742896304574594,-0.026455644550167898,-0.07965048238620813,-0.02466661508222855,0.08747881099177848,-38.396545736686164
deltaRIC0,BLS-G,89,-174.00878829204737,1543.1975238280088,-193.66192672861763,1565.0056222953338,0.6764763225604961,0.26894896861812445,1.2484977930971817,1.4452337188407478,-0.0076984005032491275,-0.036539370889754105,-0.17994553172439215,0.18377917559642512,83.69323699566723
deltaRIC0,BLS-G,90,1149.280498500209,588.5601516358797,142.72491710130646,1299.08395351806,0.5728752656183721,0.5570505916129745,1.9545449818111893,2.111572285643328,-0.052040965449442214,-0.16341209787383315,-0.06192726971255809,0.18233694784790375,285.69774127853776
deltaRIC0,BLS-G,93,399.62824350798144,-104.32184554889619,2.965443870784138,413.03096049249507,0.8290710567099796,-0.9576038231359917,-0.8818222204183433,1.5433646126506877,-0.28922321856834765,0.01851709248212526,-0.017090443973683936,0.2903188525539521,-142.9786806148855
deltaRIC0,BLS-G,86,-1866.7953521316538,-2494.5583151338456,-1933.1481032337463,3666.7161961869897,0.9216620121099642,-0.6150276753381828,-0.782689088193778,1.3565847245108154,0.049050478826999935,-0.013022716959069324,0.18363791493273882,0.19052145399140175,94.40138773050228
deltaRIC0,BLS-G,91,-781.6142438733476,-2707.40202254976,-103.10900404293415,2819.854252376701,-0.6849667111279247,0.03322383024976805,0.9240424404055333,1.1507118014170554,-0.10065770768964898,0.11088023052516634,0.1528012217283667,0.21395002453921413,-66.29393841414225
deltaRIC0,BLS-G,95,929.6271825112775,825.2553928464343,-48.931415495333944,1244.0447923239562,1.6202396814164977,-0.12984006615565913,-0.6247354719568208,1.7413585150499742,-0.10019639190536064,-0.029887774335982182,0.0027374436758901845,0.10459488325673434,-96.4679128227201
deltaRIC0,BLS-G,81,-637.9277954589751,-692.1980836427108,-1352.9727327673074,1648.2188188555624,1.059126830874443,-2.48970700279787,-2.0677370978691267,3.405279329153944,-0.21499746401020203,-0.08230672884730579,-0.1965105207078405,0.30267918972606733,10.913707429418944
deltaRIC0,BLS-G,96,-390.75990569954126,-552.9037651903044,-4.7100802991279895,677.0657739986226,1.0728994004097478,-0.6320605558631717,-1.2899358597433368,1.7929161140247023,0.028615933125875997,-0.026927330495246465,-0.004585942623103741,0.039559873938212156,19.737507762494726
deltaRIC0,BLS-G,98,-605.4894047529702,1229.9785078558264,-1577.0905324647892,2089.6600433193494,0.24802156821120164,-0.3063641139015415,-0.21353735091955145,0.44829886105405187,0.020794085462511096,-0.01953362906329522,-0.09458012396924698,0.09878945543246381,90.79195563267227
deltaRIC0,BLS-G,94,60.20346846574813,924.6544093355221,-364.1909345601079,995.613012738732,0.23146287845127073,-1.4680304736372967,-1.3582870346160498,2.0133634058546797,-0.025921308271084055,-0.015772150425513356,-0.11556115181673536,0.11947826061983055,-260.79295779929834
deltaRIC0,BLS-G,97,-1162.333244600598,-1238.3995331359715,3110.987067073796,3544.41708982952,-0.20549004415431013,1.1364707278452248,-0.7477245776645028,1.3758211793467765,-0.05678684298537572,-0.18644991680932602,-0.09652278436220665,0.2174970457626571,-45.174611209325114
deltaRIC0,BLS-G,92,205.40628504343937,1091.148208967912,324.43499744411395,1156.742937491209,-0.5162330422563404,-1.0271198694364922,-0.5003689487467063,1.2537307785080325,0.05263393170764184,0.03182286747874582,-0.10367101326618539,0.12054337249808514,-28.96583810757271
deltaRIC0,BLS-G,99,291.37128411193044,438.6625467638508,-907.3641725299382,1049.1100022063092,-1.4041999499013817,2.0998093854939532,0.7063573513802056,2.62295971424656,0.16724043311191863,-0.08058112142719123,0.09677692792401899,0.20935246207373975,-113.7527820514142
deltaRIC0,BLS-G,102,-65.98898681667931,-512.1727286249935,754.2151176877785,914.065585216429,-0.9498037857846365,0.29304822220539745,-0.9030253412327405,1.342929357388943,-0.03309446824326572,0.152682007270315,0.0910697528073151,0.1808334566632583,-15.839024014780922
deltaRIC0,BLS-G,101,835.1509845703031,-657.0133182941994,324.6619984338797,1111.1026418255797,0.2802668941514156,-0.6155162361294366,1.4370940911980028,1.5882849857164938,0.12362198236037866,0.02277672377525591,-0.03308761449725389,0.12998447561829438,-14.307207669972057
deltaRIC0,BLS-G,100,-13.800738789073545,357.5461139841666,1613.5408335741045,1652.7382447403213,0.23738912982157237,-1.18817519027507,-0.2406790907279704,1.23533003948592,-0.0999986236299114,-0.028501419865542537,-0.0061523636353503185,0.10416288801934304,-313.54854583240245
deltaRIC0,BLS-G,105,-78.04550782390866,-2009.294631601962,351.6131572889768,2041.3201194949015,1.1420541778949833,0.05511893852673009,-0.49547784021520297,1.2461236426518927,-0.12618697222078287,0.05012813423683011,-0.11872356852952592,0.18036426343569095,-118.17060474365802
deltaRIC0,BLS-G,107,651.9703802551462,1346.5108853502484,669.3740795644446,1638.9687609864616,0.8839681129274871,0.6163888026359647,-0.2778392020655305,1.1128923590770095,0.009317000737676873,-0.11483680989651987,0.05540574219122547,0.127844028713569,87.78655584615437
deltaRIC0,BLS-G,108,-527.1523209613104,1797.4221847510619,777.7132055200381,2028.1651584056044,-0.4316002838381376,0.2450386582493405,0.25042477255079554,0.5559094492387369,0.006845425371086626,0.08423538248871708,0.031038955417577768,0.0900326399976473,115.64951887323762
deltaRIC0,BLS-G,103,-946.3231807631058,431.3273921147751,600.1475585953149,1200.7281014976088,0.405486401157275,-0.25860263189498084,0.4758988059166811,0.6765901390202287,0.07604939280793484,0.1554593661917879,0.08762611307585257,0.1939831445667125,5.182031743653603
deltaRIC0,BLS-G,112,799.0460472381574,1048.3341062186896,41.10130067608926,1318.7753033726135,-0.7117683326894104,-0.6822954244718739,-1.4139365125375833,1.7237626481513229,0.029905536912569627,-0.18918484471668803,-0.028980999284992617,0.19371408035572213,160.55250505237044
deltaRIC0,BLS-G,110,-912.0040266422207,-417.5854790948236,450.7092454520712,1099.6671318623892,0.5091231523424795,1.0461570097411117,0.4578369994577025,1.2503061990384758,0.05130378798773644,0.10014370878659339,-0.18370105538062123,0.21542265159304555,56.223376543150614
deltaRIC0,BLS-G,109,133.09528041072926,188.5361417192191,-85.93088814256717,246.26073162189402,-0.5185349634530199,1.555618147732277,1.0678906690130483,1.9568384733652293,-0.14801799949491903,0.08333782431711342,-0.01403397898003682,0.1704449286496962,227.40313851365792
deltaRIC0,BLS-G,106,-1834.9695633352521,-375.68763226723377,-908.4541299153705,2081.716455611959,-0.10018583801901937,-0.9350088301619207,0.03381049997362131,0.9409685778647462,0.11899140696842028,-0.08938289465136304,-0.2214366806677564,0.2668004129189736,-76.77176115830659
deltaRIC0,BLS-G,111,29.90760479589177,948.2126192710492,-12.17360954223045,948.7622636565904,-1.3468787128488904,0.3640898250630046,-0.06372614847420048,1.3966763010229855,-0.02400604513254727,-0.0922746193789075,0.04318303286774277,0.10466933606402928,61.21393850788512
deltaRIC0,BLS-G,104,-1317.460409755589,497.5586260860104,-998.0520093529195,1726.0864205014077,-1.3072070069399848,1.2099858733386175,3.321443300218999,3.768931091071006,-0.037903924555359715,0.019474819804346434,0.11289073487457672,0.12066604378876494,20.98503019425864
deltaRIC0,BLS-G,113,-235.80650193906826,946.7314120438751,-394.50776920086014,1052.3979536597212,-0.009416702275880765,-1.7241873895647017,-0.8465206484773418,1.920809214085093,-0.0464276189788176,0.15574563848201028,-0.07133159254340263,0.17748358742427234,98.26783808644511
deltaRIC0,BLS-G,120,348.3033350774498,-586.2724068253962,-107.44119219114441,690.3435072558962,-1.6024494068195314,-0.6636679818381149,0.5147563793887505,1.8092190087589617,0.05027825933960677,0.053767714055792,0.11919957294948536,0.1400978537606692,-145.7460445234335
deltaRIC0,BLS-G,117,449.39965820978375,-170.93532087081923,1855.0162722284094,1916.3152942437382,1.4030283334787752,0.263688765923173,0.39497349786938873,1.481223931023765,0.04525362684103101,-0.04074215966808201,0.03508026799642721,0.07027403161472896,-161.789284857806
deltaRIC0,BLS-G,116,728.4262262929517,673.4788231431173,-230.8496259391684,1018.5627335465807,-0.8684266092938775,-0.2168916419361849,-0.1555437153483827,0.9085156066110333,-0.16091964172382692,0.13022242768555922,-0.06367881615381062,0.216582555603161,11.408151874592463
deltaRIC0,BLS-G,118,943.021729007945,-19.99102800228197,-2029.8471329527854,2238.296004941787,0.10062821278367767,-0.21167691286150567,0.2354023160852869,0.33218579600117143,-0.02384471441991547,0.07052657864817213,-0.09673850967718355,0.12206927523396978,-56.080167749962776
deltaRIC0,BLS-G,115,-1053.43852111261,1831.3579604420886,-2734.9043232092167,3455.9089042026258,-0.6116740415765403,-0.755157979341737,0.5690904140596301,1.1261760991410872,0.0023334705967942154,-0.0595867798758302,0.09848369519786039,0.11513065465297162,-33.290842738807044
deltaRIC0,BLS-G,119,-1211.064670795074,926.6762155027938,-341.61605645683534,1562.7245359485726,0.008141376733201991,-1.0879480220023112,1.4596884221886304,1.8205459264916628,0.07813422230027262,0.13711958396686721,0.07421126115141767,0.17439623930406034,-157.1679107043011
deltaRIC0,BLS-G,122,359.25711936790697,993.7809709976707,32.46582198465503,1057.2229309520008,2.107149974745342,0.8827827495798678,-0.40859620412980996,2.32084839165646,0.07492927925925119,-0.18143339987109253,-0.057367804473381905,0.20450804499870118,114.56656636188782
deltaRIC0,BLS-G,121,107.28254636749142,323.316610429969,1129.8389377459082,1180.075930006972,-1.6288174573451937,-1.8099410906031907,-0.9302587983509893,2.6065905878591207,0.12964377257916235,0.09426790618577516,0.12329210006697622,0.2022248447746541,6.6217573744744485
deltaRIC0,BLS-G,114,693.339264184508,-204.68848480355916,-1076.5945361735744,1296.7931625320539,-0.45257883989183095,-1.8665135856031825,-0.7300741898181097,2.054679754657074,-0.087923018127205,0.11681177694590687,0.07916314433392645,0.16625959151486927,47.19700497271292
deltaRIC0,BLS-G,128,474.4213464750423,-255.59447046064233,-766.6478024856721,937.0981807566155,1.823961847271571,1.1163937462477254,-0.4020629387087133,2.17596563016203,0.030117709770407737,0.1930919322336403,-0.03590010621722639,0.19869672458785875,-67.18443120092164
deltaRIC0,BLS-G,124,-632.4827449897115,-800.9564362934407,799.9670209048804,1296.731610660062,0.1585065413752711,-0.5860926312480179,-0.4775663783499643,0.772462647506193,0.08197101135859747,-0.05744170102549083,0.11318601490627454,0.15109556476024236,60.29009950611065
deltaRIC0,BLS-G,129,-81.17537425280224,1963.4193594945068,337.6418053226183,1993.8924272197883,0.8690366440387081,-0.21420811440697532,-0.3834722130613533,0.9737354585050417,-0.07771701124233839,-0.06977574180502022,0.022019007959141784,0.10673998637992863,-173.40896038198278
deltaRIC0,BLS-G,132,-43.123555673711216,-645.5262608366734,-1686.7617899774386,1806.5794005832163,1.2211049862137973,-0.4280859203681372,-0.19012033583433696,1.3078611106196996,0.12205001170210487,-0.05153792822418669,-0.012924793636192226,0.13311428808607853,52.258112035971074
deltaRIC0,BLS-G,126,42.898514786997126,895.2320498364301,1020.679637886095,1358.3326650053575,1.1705883104220598,-1.204198590601013,-1.7408461568713283,2.418866796662419,0.07140176253215635,0.029085150085977465,0.0913765964342303,0.11955684850365733,-201.194932628059
deltaRIC0,BLS-G,125,1745.1348400666518,1132.528720074367,2184.575925941473,3016.701657110094,-0.38903371069421794,-0.29223496768548096,1.539779156562976,1.6148276550085572,-0.2792517540571622,-0.026103196744856248,-0.036148284678211455,0.2827889982115278,68.81736463585861
deltaRIC0,BLS-G,133,-139.74294403996404,951.1835918627338,-618.9254936561853,1143.3927945091316,0.45263441631020895,0.32379464609060665,-0.5504913345424735,0.7827909025223646,0.006254363328845315,0.07966266125745498,-0.052641646117840085,0.09568907756512826,-191.99457516580324
deltaRIC0,BLS-G,130,315.6290239735401,2409.0620556115764,-1528.1600009948938,2870.274317413351,-1.4032611396483599,0.8277979407533506,-0.9191771500429918,1.870635691395804,-0.007870169807078593,0.09922465984943116,-0.10035762422708047,0.14134753423930485,-38.13308035989702
deltaRIC0,BLS-G,127,-776.030663257888,-212.21707107227792,-609.4329263998411,1009.2909230500629,-0.1222203914133104,-0.09544798749728428,0.1138968429797052,0.19240746668268402,0.004633781802623059,-0.03874855252707028,0.08090596134572421,0.08982592519987348,83.61311574073443
deltaRIC0,BLS-G,131,-1293.445676873362,291.7026718454823,183.4396315682557,1338.5597731196317,-0.3537257581420921,-0.2217410226596306,-0.22813050074634272,0.4757462753129169,-0.06036512842664844,-0.003996368632632322,-0.032820622027328605,0.06882668757447517,-50.04067325164572
deltaRIC0,BLS-G,123,396.2680708862394,-1463.7796610030623,-107.41812136240219,1520.269033022501,-1.5866508141369475,1.0594947666346806,-2.3078925074811503,2.994387715813593,0.015117980928225508,0.04148601335556634,-0.10130885785594337,0.1105130188328966,163.62334093728407
deltaRIC0,BLS-G,135,603.3513007398415,1266.896096192292,-209.28047742289175,1418.751855992471,0.7279519452971073,0.29666928105471635,1.0693740662650202,1.32721045451863,0.12710216564262702,0.08714264498166567,0.011366632031165736,0.15452508343042026,-88.48712702861522
deltaRIC0,BLS-G,139,-982.1897797719947,-1062.1025695695596,604.6124744978645,1567.9014242270628,-0.5765662632303453,-0.8622413158400366,-0.5705289307860264,1.1838040393159706,-0.03198424132735714,0.012541235383796989,-0.16017432637467652,0.1638172430112893,292.8015957074655
deltaRIC0,BLS-G,138,-84.84248088051989,2108.474561867685,-1838.0646504162694,2798.4540167233354,-1.843525059010378,-0.3265442329781073,-0.388416984607302,1.9120887880069553,0.06644340895203983,-0.12296549596475631,0.09178218065216615,0.16721007289123874,-210.89750152529805
deltaRIC0,BLS-G,142,-1602.7550205651585,745.2769026036844,-1471.6084543407983,2299.9766869228642,-0.341684364982934,1.9985990852806577,-2.1778457824088053,2.975593850127113,-0.08625515146422097,-0.020343808372151755,-0.01686184628243953,0.09021165974113962,66.3619952226946
deltaRIC0,BLS-G,143,-1286.4449921787134,-250.23728777464765,-65.82331765656869,1312.2088733284115,0.06862069403384916,0.05534486094832889,0.7128621215525152,0.7182925988950671,-0.10358003090451055,-0.01877660255533655,0.08106485973199608,0.13286419792054077,-49.385187752752984
deltaRIC0,BLS-G,137,900.8674690386774,982.7299339155456,587.7185559423303,1456.9603360368956,0.271787548425788,0.6228315228642811,-0.2168772163518393,0.7133185153388787,-0.07255887038793507,0.19365190025676277,0.03660677181822309,0.21001405640570778,128.74894395787035
deltaRIC0,BLS-G,136,328.5910553580344,-1885.89380480039,-924.9146738248716,2126.037318229002,1.1289426654216888,-1.4799076476945046,-1.2970173803305358,2.2686763260530567,-0.019874276473464386,0.04780093520632435,0.18447312978038563,0.1915991959349358,-254.9846349055341
deltaRIC0,BLS-G,140,206.68503541833144,-999.3528476799027,1018.3871759732543,1441.7133065275452,-0.05807417546179755,0.2978883998670702,-0.6412766299403192,0.7094686918663461,0.012861227345829174,0.08725404680505493,-0.050914154752466516,0.10183776807676968,196.07185147613598
deltaRIC0,BLS-G,134,319.8376996866555,-1146.9509614565677,-587.6828463297196,1327.8417789771481,-2.6509917018630125,0.5187199052443567,0.8637256484868995,2.835991773489017,-0.1501568191000102,-0.07327588131934071,0.0006417686202700487,0.16708332344169258,-41.10307240199492
deltaRIC0,BLS-G,145,63.66156028238841,-1129.1521843073642,-1883.4879413875972,2196.9443040132282,0.36834856004644023,-0.10007611921655116,0.5662482045080828,0.6828857301440402,-0.02494781946122905,-0.20822772548905688,-0.09586491901332263,0.23058894608295302,-8.830794420111546
deltaRIC0,BLS-G,148,-746.1064016478117,-197.59764410748105,226.98214178678697,804.5125755554039,-0.6412251052927838,0.5674909667507535,0.9550883326961185,1.2827351075938078,0.09858204154691193,0.03045950711374307,0.0038880192177033392,0.10325365457264195,178.25540210997016
deltaRIC0,BLS-G,144,-256.16331134856887,-1037.927882656306,1459.9117493179533,1809.4906044169097,-0.5795303584970546,-0.578470028485507,-0.5373230670322382,0.9793870984655041,-0.10536235448021807,0.05110067971673202,-0.04357400208191226,0.12494478327069782,-65.40925679815561
deltaRIC0,BLS-G,87,-1821.0206164079457,1723.2544230489664,74.25354528178816,2508.233537956048,-1.9794287514625521,0.3300537415369351,-0.8818215798269556,2.1919587024092486,0.1408761727293295,0.1303888217977523,0.045425861119801965,0.19725833252652578,-52.18200291619099
deltaRIC0,BLS-G,141,615.5197848272315,-550.0178040644307,312.8839194523039,882.7686771479014,0.2859806097358346,-0.7677294788554567,1.049355702096292,1.3312929247053606,0.08827546423105241,-0.058063069623788266,0.04749821589606544,0.11584454304219055,-22.977645575189865
deltaRIC0,BLS-G,147,-306.7375002334424,-1096.7307085088594,-426.80609948766175,1216.1700487989651,0.23813963908922145,-1.0270011048009577,-1.381599084564679,1.7378888881162373,-0.2017092598287061,0.07542907559341433,0.08374785496051068,0.2310624897208723,44.698755169831465
deltaRIC0,BLS-G,157,1766.4104706802814,228.1364026419218,743.4538566635741,1930.019638793158,-0.012554331822072213,-0.23306738870713914,-2.159138898911459,2.171717938342558,0.03649632279739238,-0.02314697358719385,0.010919434606751611,0.04457575592302207,172.15180272963244
deltaRIC0,BLS-G,150,-1278.802386072127,1156.1164720171816,4.869349458912281,1723.938673519848,-0.6197840103822294,1.0789840082271631,1.0022970656385046,1.5977916376433416,-0.01348558628959725,0.21581111808296494,-0.009701581882687325,0.21644957938702514,-69.68933605650851
deltaRIC0,BLS-G,151,1508.6885579509506,279.68659652631504,-1333.5904119791276,2032.936089524521,-0.46080146924548243,-0.16574158267678793,0.2546342863202883,0.551948263931362,-0.011637679430582895,0.2498512935267948,0.030814896052523657,0.2520132184594083,157.17313016907582
deltaRIC0,BLS-G,146,102.08088255163871,318.28576899261526,2925.977806823201,2945.0080582822948,-0.20972342374123074,-1.182487082880267,-1.532201602001085,1.946766900483753,0.03518164575291678,0.12551996511939273,-0.0551749785993467,0.14155312820596958,-41.378507602574494
deltaRIC0,BLS-G,149,2091.772882989383,2006.5866573015967,-117.6292148074002,2900.9895621057854,2.052025040733815,1.9711800456769373,0.5883865048417125,2.905607719454468,-0.051891870137625445,-0.03420092380020644,0.07222431853232857,0.0952828503070042,-10.005620286829139
deltaRIC0,BLS-G,159,795.4361104915571,1392.3414752775773,884.5752590094077,1831.3401591467484,0.4714557455275302,-0.34902418762174864,0.42281041950379084,0.7230885522374922,0.030744214268977395,-0.024931047314873337,-0.028474543597367858,0.04876026521986575,-25.874999783209432
deltaRIC0,BLS-G,156,-1530.3229635402888,-431.3512639980225,-725.7943453674606,1747.7785092679233,0.8769058605048828,-1.1855408105805454,0.7613404743545558,1.6595512103066317,-0.11328554369104128,0.00641327451878685,-0.028985604706064233,0.11711067320959417,-86.44141889808449
deltaRIC0,BLS-G,154,1678.315698292682,-1041.2610334502822,-1007.8126766085842,2217.353042266964,-0.40206717734709235,-0.3318652930756693,1.4878455857549362,1.5765395887507891,-0.00039579071113528464,0.01788244563018687,-0.04721859685712153,0.050492914365868974,8.215445913911646
deltaRIC0,BLS-G,155,-30.865620393492268,-15.987436010001913,-136.29959236739083,140.66223200264517,0.6758634197738145,0.30128031702800434,-0.27085417257622785,0.7879867856879347,-0.0033879891205536765,-0.017448988984899737,-0.10641238858577658,0.10788670970701839,-16.586656577601925
deltaRIC0,BLS-G,163,-630.313589192515,-1305.5830448026472,-56.528016685080765,1450.874813437483,-1.4841129173949648,0.20162396358033824,1.7463588742602412,2.300654839817554,0.036800691737954104,-0.11767119015652361,-0.06163714602930963,0.13784026144738373,135.68859411146127
deltaRIC0,BLS-G,161,78.74726955891744,-43.516186933749644,-1450.8793011723492,1453.6662400835353,-0.3115597346073121,-0.1259738046635225,0.17089863598975902,0.3770215000144451,0.13893743349833892,0.1130634930077052,0.214659742555617,0.2795814173943836,-6.495164384084977
deltaRIC0,BLS-G,152,137.46163472541926,-692.0202045267541,-380.9992697391131,801.8404504864872,0.5930878612717887,0.09177348120342414,-0.9358844370382552,1.1117802222249464,-0.018944233405188672,-0.010363077353037282,-0.00608796228023567,0.02243525431683075,-112.01879207942909
deltaRIC0,BLS-G,158,221.35497331068075,-1120.768461607218,-1225.6338252199166,1675.4994008551562,0.5076815976327322,-0.34535662288849445,0.8406536941924525,1.0410141378037507,-0.07396473671406381,0.05839294043095746,-0.14186096966429926,0.1703086976153871,-1.4757446672467318
deltaRIC0,BLS-G,162,-1316.8392453590232,-1002.1018003690145,-1749.7794418436995,2408.3192710933054,-1.4878592678132152,-1.375007093728546,0.3185358102250019,2.0508131974943984,0.02357914057190405,-0.09498219304762674,0.0087915528784992,0.09825927064792254,-34.48784823616461
deltaRIC0,BLS-G,160,1378.8534790905621,16.355272597568263,56.40152462690112,1380.1034539925356,-0.5323988706648723,-1.058218778737037,0.19601770740352492,1.2007074925945418,-0.13211556496181284,-0.06017631851853564,-0.018181304967863757,0.1463088229258841,-246.7251456055397
deltaRIC0,BLS-G,153,-1240.8816160272982,1377.9607670929458,-638.6668891263141,1961.2390103983203,1.7386523679566712,-1.481529407293282,0.034880711073731696,2.2845257944004773,0.0719804334195951,0.19453458097215492,0.13674859298503478,0.24844529311836716,59.612489443556875
deltaRIC0,BLS-G,166,164.98528964865199,311.23118468264454,-583.7616383538347,681.8083649625936,0.7086135498558176,-0.37924817983879033,0.562340006493769,0.9809121407413157,-0.04734092548928474,-0.10815745413570294,-0.08033540960592378,0.14280397805331,-36.59589356815914
deltaRIC0,BLS-G,171,-781.9827206084749,-1525.0794747431266,-949.6426435923654,1959.3839670013888,1.4855183762661481,1.1364785684685563,0.5719934486028465,1.95589490721187,0.1879939029701371,0.025717339526247215,0.03934050797621747,0.1937801968057635,17.752505947222005
deltaRIC0,BLS-G,165,465.61728859527284,-1527.6073521316557,-1610.2877779368876,2267.908818603257,0.9818819587589823,0.47306077139025793,0.17162912394823662,1.103329157845455,0.02713670526045546,-0.020815515009935844,-0.025672148309459866,0.04276383561310419,-99.2552601301627
deltaRIC0,BLS-G,164,-277.0034331085738,-896.89776187047,-421.90186684381825,1029.1538672368158,-0.9475731579609631,0.625348227989008,-1.6047545407482324,1.9657549267365897,-0.02123376157650821,0.061322738370339684,0.12819480957155302,0.14368458537021941,114.01016170492213
deltaRIC0,BLS-G,168,-1412.580892801138,-110.75223989982766,66.00040384654768,1418.4522870571277,1.1520530692705981,1.9385398538335716,-0.02515657353446642,2.2551709231250934,0.19871812175917422,-0.13154357633925717,0.04700351382834422,0.24290313852197817,38.85357400416315
deltaRIC0,BLS-G,167,100.2594153574081,964.5781141070316,892.9562886476928,1318.2692524736926,-0.9618611702187898,-1.24767462267896,0.27659500956006944,1.599491692433968,-0.1400702500029378,-0.10934626958192577,0.09051011589878843,0.1994200659095789,-7.02079011505992
deltaRIC0,BLS-G,172,-320.72119713051296,-249.21405070214257,-1137.4065754342691,1207.751401240053,0.7151875826650891,0.5921577062160672,-0.0672097817664336,0.9309463906125311,0.13313711227157649,-0.04011752162455158,0.10587902704429793,0.17477206462463588,-133.58045586814364
deltaRIC0,BLS-G,175,-803.2804913142204,166.40096461369694,-46.92429720560729,821.6755554466887,-1.0524701587871985,-0.3059965153166428,-1.537466297226473,1.8881551624881787,-0.08864571078417519,0.04691794995599585,0.05066211946129313,0.11236550367802077,39.139600060945895
deltaRIC0,BLS-G,174,74.68858014481236,-856.5246093380982,-1380.8838321328897,1626.669280539792,-1.4923991143990538,0.5985279809236014,0.8007668701580686,1.796306889412361,-0.019180043080446834,0.0506326203857064,-0.18560382162092334,0.19333989474493457,20.842302375032386
deltaRIC0,BLS-G,178,1941.3434110299352,-413.8116765532796,1234.7608289369591,2337.6673518441985,-0.6024662395506463,-0.3268694990691386,0.27250829222694734,0.7376110143920396,-0.11458395686237205,-0.11467205722672215,-0.019834267888612343,0.16331736607453542,36.78930318215646
deltaRIC0,BLS-G,179,136.6701348719222,1108.137322788586,702.7406831348624,1319.2768927165432,1.598420903326269,-0.598444567836232,0.5381089911776076,1.7895939682925965,-0.002354678677244653,0.009678398973673317,0.059488087753993155,0.06031623747378032,49.65993198994024
deltaRIC0,BLS-G,169,-427.3329949973675,1445.1616593701929,1155.3605858022,1898.9375433521325,0.20619825351079799,-1.0761033317955122,0.2859587380550286,1.1323817820515878,-0.23329471469343635,0.1431862578060842,0.1133760686570855,0.2962817261873206,-140.8948967462445
deltaRIC0,BLS-G,176,704.5345499542299,-869.02440210292,-643.2546766536001,1290.4839877217673,-0.1009429554589973,0.5883529864379022,-0.3098862087789795,0.6725906476443192,0.1113955395105185,0.21566961178366675,0.12194087046155415,0.2716466888417353,269.5099485404661
deltaRIC0,BLS-G,170,1397.5952544020374,-110.4428116171321,-1295.6860980872405,1908.9977932259458,1.0831989659356724,-1.433803105105157,-1.7426920353107593,2.503215307149758,0.13106232342577093,-0.04215231496316132,-0.008841457971669055,0.13795768067628467,-13.584300289304965
deltaRIC0,BLS-G,177,425.38678625963416,447.05904371680964,-483.26845270565144,783.8138196496682,1.4210242849853618,-0.4112843370491124,-0.9877767164042355,1.778810744820938,0.17684426997522876,-0.0711126126636639,-0.04791225748671916,0.19653621528969556,-44.32937606150092
deltaRIC0,BLS-G,181,-1956.824419828131,863.098515936236,1503.9410371901351,2614.56296569648,0.3301539142345993,-0.3679215443655845,-1.7458199388587394,1.8144572546107325,-0.0007229947397610644,-0.061144949907493744,0.0606997471342645,0.0861608201141754,-36.84190991371115
deltaRIC0,BLS-G,173,-1715.2308987974104,311.8034452484911,-645.6356481467649,1859.0545486391986,-1.727948904421723,0.7482620324932922,1.7314817901773767,2.55807206217477,-0.14438546310656017,-0.1320766998445414,-0.17059987905352275,0.25960688614017446,-194.50085484346818
deltaRIC0,BLS-G,182,-980.7364617354291,425.34129962068766,-696.34652619945,1275.796893353478,-0.04118876244393705,0.2730410144825427,0.07403638154400485,0.28588336001496945,0.11954924756787315,-0.10551597380068896,-0.07051739457037849,0.17435121524711766,-118.39652484131611
deltaRIC0,BLS-G,184,-43.6989608895855,-309.21566212415036,963.0859945657572,1012.4517557960083,0.7224510558587505,-0.7110453938735738,-0.03577185976352984,1.0142981347765512,0.1618123053597483,-0.07705262192266649,0.16082952744742376,0.2408037906885094,-33.69056317649259
deltaRIC0,BLS-G,183,-786.4707450856223,-753.4034134861807,-223.29074838951993,1111.7606283029252,1.200491317396052,-0.9285131218505983,-1.2046496212473805,1.9376523760890418,-0.16146951837252052,0.06918127202406187,0.018585849783094507,0.17664622151204012,13.428126396631853
deltaRIC0,BLS-G,185,-2333.4275436689613,-1310.3440921039676,575.9293981224806,2737.4404857250242,1.3319938324480978,0.7394288541231194,-0.0783375863652936,1.5254833258436948,0.04149879452745581,-0.0863867281053659,0.11518692174533046,0.14984272982413024,-124.67270238952749
deltaRIC0,BLS-G,188,10.669878878304191,-708.708713899784,-1715.5684369226053,1856.221147718621,-0.7038506867143115,-1.0936366673762592,-1.2142717194683614,1.7792983892868304,0.20466815888801804,0.03968382403508913,0.13663412734948555,0.24926440963204985,48.901379389693176
deltaRIC0,BLS-G,187,391.3589944328244,214.5847471899888,841.7173594546113,952.7311212809761,-0.5693016003331456,0.7963182958069048,-0.5879308702730064,1.1418799624297944,-0.06871450622621013,-0.05769249457429757,0.024452133781327247,0.0929946995402273,-345.07245981936256
deltaRIC0,BLS-G,193,-994.0887728665803,679.3721938614422,871.9167220962277,1486.6061470350924,0.6364517770937649,0.7568162493910829,1.1507694238898607,1.5172712238976915,-0.01358178560123956,0.1698440857663596,-0.05267704399497496,0.17834334676117602,-107.0603439070306
deltaRIC0,BLS-G,186,428.61132530668954,-1438.4868685091778,1936.5465718567189,2450.135662371475,1.0309880670812464,-0.20130454437409884,-0.6190835891166753,1.2193130870958337,0.05359990177697134,0.046587005491201636,-0.08561630139398639,0.11123600862816026,237.4291283278581
deltaRIC0,BLS-G,189,-1009.108909546564,261.8591487173092,-113.93359117381716,1048.7382267710907,-0.6926879493580653,1.1452786725794732,0.20527962852884446,1.354112092457719,0.011761971938695224,-0.125193619976463,0.02281875613136279,0.12779859975007668,-84.36167631583523
deltaRIC0,BLS-G,195,-1598.3426017826646,-1244.6365367742121,-522.7414623603393,2092.1467008356053,0.5342278513493294,0.004172831601567871,-0.14988200595917897,0.5548706384295745,0.17091277258532292,0.06519778143810366,-0.18886529939242674,0.262929701349703,-169.93894841391295
deltaRIC0,BLS-G,192,-443.8153076543896,1169.3845426402397,1294.1234442209368,1799.7743538445434,0.21494358629536492,-0.9166601300328753,-0.633426716094194,1.1347669117238461,-0.00626225420698408,0.04536373569887069,-0.11433088989398363,0.1231610195161606,-74.39930087866217
deltaRIC0,BLS-G,191,1619.4522162336325,-1087.8209268179942,771.6991998170505,2097.975096250063,-0.3767888504083472,0.157487085055042,-0.8375304559706946,0.9317882186578974,0.009250006229265077,-0.17253331414124765,0.00453735180345937,0.172840662649714,8.678558588918417
deltaRIC0,BLS-G,199,2083.967672318066,854.4511486551824,-843.2031070205485,2404.9946994523802,0.8811547328116642,-0.21751979151701292,-0.6267054808529574,1.1029543429304483,0.15182091790230434,-0.15371900482372977,-0.04664048185280228,0.22103044610224554,96.73569993446334
deltaRIC0,BLS-G,194,-45.105027674157604,-1467.2254508017422,-397.78667268858277,1520.8613427826076,1.522271437652033,0.09535546534577612,1.0585703459421163,1.856602857902171,0.026314934522227267,-0.0016976656359599448,-0.1252199524456654,0.12796637971754662,13.116685773292362
deltaRIC0,BLS-G,198,-2161.4013320351087,911.8458075558289,-1564.023282416806,2819.4480528681715,-0.11034423207721372,0.42533305379947706,1.0329748869119941,1.122551189566848,-0.015090531008061375,-0.11302168970543568,0.03950779216065345,0.12067515117614909,9.817881482437123
deltaRIC0,BLS-G,190,-975.458491641886,-488.25734739891647,-1836.5845763481072,2136.108005763062,0.046929884847793445,1.5184392164102039,-0.1402261514409175,1.525622312884874,-0.005823383740225246,-0.02498716171909987,0.132290592599111,0.1347555970607022,217.8083875490305
deltaRIC0,BLS-G,180,218.91449150620352,-624.4153591493865,1604.3831169476084,1735.4720629499054,-1.0638224467380526,-2.277769559737807,-1.1587677219684596,2.7681573291501826,0.19463973542252713,-0.017105346177464047,-0.11750896404271789,0.2280034563413349,-73.56159298398025
deltaRIC1,BLS-G,1,1216.5821887568043,859.6656112931041,-745.7766326203762,1665.9171561043574,-1.9523521565942057,-1.6476764198509941,0.16606751284602522,2.5600966674549417,-0.041711750231517714,-0.002635176651734966,0.04430864012887391,0.06091034274597724,-84.55147267637314
deltaRIC0,BLS-G,200,-1573.859524056272,107.0371448195822,292.48858816186527,1604.3816023747854,0.008245688904879502,0.13691125645053334,-0.7908561479811042,0.8026619028756067,-0.04692388210259024,0.06359306610156086,0.05765412175700485,0.09782600126421818,-3.4671119483892903
deltaRIC0,BLS-G,196,465.04831107142144,-794.8489530555453,173.47009462731398,937.0947996515013,1.4991462795026715,-0.9832429647245321,-0.7730105800883044,1.9523707772745027,0.08510986992309676,0.03730250481741419,-0.023639259655894015,0.09588525132187138,-191.0001251164078
deltaRIC1,BLS-G,4,-562.7965914257072,566.7659041223603,-583.8517815069617,989.3667147043527,-0.5340735545629803,0.9366861153776486,0.1395914832897364,1.087244785056169,-0.011637730805024128,-0.05342003312694089,0.05716637845521358,0.07910203248500242,-16.44410741139773
deltaRIC1,BLS-G,5,-190.03111495028307,582.3024031934638,1455.0739745828353,1578.742596157594,-0.5912917875659108,-0.688195688995287,-0.17097050326239338,0.923293126466554,-0.2096867274655507,-0.11515304238254387,0.03063968623854954,0.2411794709712351,-2.0649976208060874
deltaRIC1,BLS-G,7,-100.35080006369819,-834.6927434855999,211.26980170447487,866.8432316244904,2.2909461718325397,-0.5387569664728519,1.1166485358888738,2.604917922672414,-0.1421028914143807,0.1156563483605538,-0.015983638704539997,0.18391601172998048,31.475268474526615
deltaRIC0,BLS-G,197,1660.5502378815831,-1184.3749147195306,-812.8888154878518,2195.668294048698,-0.776272663411659,-1.392266713774296,-0.4592690713294468,1.658895394569507,-0.05628459140109667,0.14610287580473608,-0.05364720780691285,0.165505372882818,-139.88516564532225
deltaRIC1,BLS-G,12,966.0609496383138,-1351.2490065050802,-492.77730399000626,1732.6214552881152,0.5264309091527242,0.6218176891589153,0.3537948512940267,0.8882328171512577,0.03817129290262048,0.04613874273944046,-0.04317731309183458,0.07382487080425013,49.02168877916772
deltaRIC1,BLS-G,2,1802.0962537381306,-801.9127964984071,-57.0996389527044,1973.2905031174273,-1.0375382926516563,0.08240205575838278,0.9779841803584377,1.4281907661594395,-0.11641747185968512,-0.06765025211443776,-0.004780935377688357,0.13473099757826035,65.66162841290736
deltaRIC1,BLS-G,9,728.087830032529,-485.40846086522964,-480.63550004970176,998.3705454534678,0.7870212224230648,-0.6338824861949477,1.9008242185236421,2.1527522199674998,-0.06726566021033806,0.08066505340260388,-0.041952506286543276,0.11309965812370984,-99.51181621306793
deltaRIC1,BLS-G,3,-1397.7013166015206,-1661.8038492384965,915.1253985125416,2356.398841193113,-1.3711735634462272,-0.6317779487980174,-0.12129710407952085,1.5145868430497254,-0.1007028664253861,0.18322642394580693,-0.04247128221555279,0.2133466651984297,-67.96817120518651
deltaRIC1,BLS-G,6,1745.3232576153637,2911.8294840419585,-1804.6818412812113,3844.708150947131,0.24215699477809455,0.5376251020390141,-0.4787975762774286,0.7595576867569431,0.06391666235185407,0.1561665876697589,0.042365940103112266,0.17397762991671634,-166.80400486759052
deltaRIC1,BLS-G,11,903.8350263082697,483.5902540886392,180.89184314998602,1040.9126512582045,1.7455520527565231,0.5476893639818975,0.005034523288413314,1.829464663426476,-0.11540184225245147,-0.24418051285774128,0.11800058000172862,0.29473012220584716,28.48420588061895
deltaRIC1,BLS-G,8,864.5519067068115,943.9607247786118,-402.9773504189663,1341.9771213644574,-0.37958581368138816,0.655054963377508,-1.8637785928472848,2.011679158849511,0.10146028143325203,-0.02121593145026678,-0.005028759711837983,0.10377664901150224,81.53364675074438
deltaRIC1,BLS-G,13,588.0567701170796,-247.05016190219334,1296.3434205337612,1444.7666978919483,-0.8640007804003574,0.5936646173107969,-1.1044830125096594,1.5227664795698697,0.02904946214280761,-0.138582308443526,0.049793219085211615,0.15009427747649431,-242.24616728027507
deltaRIC1,BLS-G,10,-1508.382909275355,2848.074240458545,-1677.5584426661028,3633.3109155036295,-0.1134801413272868,0.11243393268336284,0.13686190133903572,0.21035758063935775,0.07936203313588937,0.010993572688566619,0.05015197727404177,0.09452201737382038,219.9441516982386
deltaRIC1,BLS-G,19,-465.8994427524357,-1321.7732671489916,-29.139249039008035,1401.7831345615866,0.9290439589958662,1.1288979441041675,0.7267924139940558,1.6327156699770586,-0.0691350234230784,0.24813861083934813,-0.2420728651286076,0.3534850685454254,-50.03266589730919
deltaRIC1,BLS-G,15,527.1712078553843,-98.72004605529791,-153.52909854974652,557.8766117936499,-0.15217365697658672,0.7131565120134402,-0.30466352920885453,0.7902967155029803,0.017318783420217407,-0.0070233369519658384,-0.17627848186120415,0.17726638341317885,38.89442031939342
deltaRIC1,BLS-G,16,-515.1539331130119,1469.3920003528888,1961.9100915685326,2504.713083948203,0.47468466893123556,0.46331419901258997,-0.6195714782888812,0.9076642543551575,-0.03569800912579236,0.14857244076701379,-0.004511043179082083,0.15286748353255677,15.144501811854564
deltaRIC1,BLS-G,14,-147.62427734040952,-1483.1956457087288,-2067.9121016690883,2549.1023343402826,-0.6887856058713059,0.612994508787544,1.2080670010036836,1.5197413456155024,0.08456423975914044,0.077082350053677,-0.04624342746825041,0.12341496635274964,-1.4294359087849764
deltaRIC1,BLS-G,17,1495.2085272811166,-276.72281503715726,-1262.8673764301286,1976.62795357846,-0.38418400483776255,1.6934553608530274,1.799377735326385,2.5006296493410116,0.13867824591390362,0.035387728323195825,-0.02046716533084749,0.14457818667528546,73.16736480326836
deltaRIC1,BLS-G,25,1299.182427620178,-814.1725806932351,1234.000596162245,1968.123330159601,0.005487634350319156,-0.554721550014234,0.4433610397263945,0.7101514794240921,-0.03307670266637201,0.06690299577229643,-0.11127958273903792,0.13398964376832218,53.65241287405128
deltaRIC1,BLS-G,21,747.452685396042,678.4033202941014,388.1300082055202,1081.4626600865297,1.2393569180294786,-1.6052229901539852,-2.5336688844808872,3.245338878233374,0.009121126262606851,-0.06432991836054981,0.050969058728964664,0.08257952705295708,-65.14851836476346
deltaRIC1,BLS-G,24,-1885.5618511029975,-1252.7322466551425,1349.2411309035115,2635.3620634490417,-1.2944265402917972,-0.04182246173831621,-0.07802773880419807,1.2974503900113254,-0.12714729269252537,-0.07472132654852588,0.04536473479500749,0.15429734230773878,13.531261093142573
deltaRIC1,BLS-G,26,5.364255151391547,-814.4656596411559,-1824.944430957438,1998.4507154419896,0.9465189725004315,-0.5978459709672033,0.8411994638485469,1.4003337131855655,-0.12750183952718205,0.24124511067341223,-0.010683306824548175,0.27307518296496597,-98.86459145651267
deltaRIC1,BLS-G,22,1050.3415426821348,1716.240457173211,-180.12256080603663,2020.1838530275713,-1.2755512846982207,-0.06974172554515051,0.16912733215382172,1.2886035242303062,-0.017693932614664443,0.030052390825865073,0.03100070210498005,0.04666117204619425,-203.7211133518086
deltaRIC1,BLS-G,32,-31.342260076104285,569.121061839632,-1693.9059368404633,1787.2320619213153,0.5987719850404624,0.00659631602819792,-0.0806839971141934,0.6042195866113268,0.08185132479659844,-0.024494516925946088,-0.07838473576382328,0.11594734809885954,173.9296949395379
deltaRIC1,BLS-G,20,123.9083570315129,-429.97166276346337,934.8875123613086,1036.4572217370778,-1.0118962024729325,2.267493293399191,0.6991807342616229,2.5795955999636986,-0.05726191209984779,-0.047790513106151886,-0.14510727052156644,0.16315323986516184,75.56810447846934
deltaRIC1,BLS-G,18,816.4835072050148,-1241.5841890469533,233.57761075543232,1504.2390489132365,-0.0538483346582793,1.236996332524299,-0.1060907578414829,1.2427046385700087,-0.06514785880139991,-0.13739536664044913,-0.0998954645089235,0.18193634631410013,-296.38601505371145
deltaRIC1,BLS-G,28,754.8000330619021,-72.60964423757098,1495.8840105675374,1677.0999443736725,0.24477386120566952,1.2797557125790577,0.3187413781736211,1.3413742927193302,0.04383082819296581,0.06892346234198202,0.17097874596534077,0.1894869830177483,-93.13108742809304
deltaRIC1,BLS-G,23,-11.017456998423807,356.5858511830404,-21.09316324020464,357.379035700366,-0.4352385460408071,-1.093730790799422,0.50290891142711,1.2800769538958374,-0.09375672180071574,0.02039257918328412,0.2253392448516407,0.24491622126529514,-46.388151351559365
deltaRIC1,BLS-G,29,599.3515781603077,739.8756493368783,225.65031025156156,978.548084276672,-0.8605283531687403,0.004396399976429032,-0.6744915296587822,1.0933742262013957,-0.007986821818536471,-0.02257546532467025,0.03255620095341292,0.04041469012507016,174.26317985321376
deltaRIC1,BLS-G,30,352.63156693412157,-180.48213053358154,692.1743727902287,797.5137514726007,0.6558111904512469,0.6899272748066075,0.3946758623592211,1.0304644575977129,-0.03658387045183702,-0.05567259220018584,0.09434362138045528,0.1154925798253017,-150.79851152411598
deltaRIC1,BLS-G,27,35.867148009079216,683.3927995350406,-37.229935686043106,685.3453427826239,0.9317935797534782,-0.7760315528963501,-1.7323671518345019,2.1146063924796277,-0.0143830865664194,-0.11184242924310268,-0.07991006026727594,0.13820716294785598,81.03525887553947
deltaRIC1,BLS-G,33,2114.968981008593,169.34455968934972,-442.1586361484029,2167.319918711938,-1.461417105866295,0.14085721226778522,0.5813455753253367,1.5790957505853838,-0.13736447184842235,-0.0598548294137546,-0.01896312809488789,0.15103376760674683,-166.344153969158
deltaRIC1,BLS-G,31,418.9250882286721,-1199.7406277075695,394.89501910437724,1330.7208119786058,1.0312241311036112,-0.3551698340388698,0.6688502000308195,1.2794254216885264,0.08827435146323089,0.08020681137837161,-0.16197038171314032,0.20114645975020312,244.85962148033576
deltaRIC1,BLS-G,38,-325.1159668106905,-1149.166274942089,1309.6729695497197,1772.4352756895548,0.4535077315615546,0.7242675617274358,-1.2867103345003505,1.5446217169477827,-0.0306903492005476,0.025409152993667486,-0.032782702464588184,0.051596784500479,34.44547396590407
deltaRIC1,BLS-G,35,-704.1234878453205,-1610.926575053682,-743.8237879380262,1908.9652023680576,-0.05198567549646117,-0.7271398491890634,1.1157397108792253,1.332782792944287,-0.0213841462488414,-0.11145730232365342,0.09337010656135888,0.14696254200080247,85.13310656979576
deltaRIC1,BLS-G,36,-215.8585161367498,813.5706593318647,2401.4807191387567,2544.720369924689,0.4201834846972547,-0.8334791612172461,1.1507200115768206,1.4816876249868223,-0.18327787560409076,-0.006528018895656955,-0.09967293347984779,0.20872970173199784,182.16727331366434
deltaRIC1,BLS-G,34,1210.8545408781272,1073.982051409893,-375.91234018152323,1661.6005095739865,-0.2511154090258257,1.0266138598740793,-0.04705318311673851,1.0579267309115414,0.03840829028089751,-0.056606094820769996,-0.0790535439558609,0.1045414250196587,35.95256291968547
deltaRIC1,BLS-G,43,-730.9191518332293,1282.5080832560843,246.28021903198456,1496.5706586794506,0.9159842692443994,0.31717255885675216,1.0827849209161906,1.4532889590712568,-0.02902573985364652,-0.0902702618701715,0.11034720670665915,0.14549130482651898,-155.69869846386248
deltaRIC1,BLS-G,37,58.34211555920497,818.6870675257014,-33.379814750538294,821.441738052393,0.05802986794386743,-0.4777649147405224,0.8642072958448344,0.9891820002011977,-0.03634713191654042,0.20484323440154398,-0.15791212405391178,0.26118595598129374,-137.76588832040997
deltaRIC1,BLS-G,44,299.146483678077,83.15108305520009,-2156.23137179144,2178.471126732646,0.0715334021429775,-2.602424977052608,-1.479239324231959,2.9943082284834404,0.055389483955994676,-0.10493254549269274,-0.11953684418490002,0.16842770304843704,127.03164827847716
deltaRIC1,BLS-G,41,-747.659065093152,-890.1212216180824,-617.4485891990598,1316.2646493371851,0.37890460465480047,1.6162251091978954,0.7661915321349458,1.82833305689791,0.018793969706060943,0.039152786354608934,-0.12618129233546024,0.1334461408662269,-47.84459638020512
deltaRIC1,BLS-G,40,991.682765525906,-1114.1599486968341,-1795.2893730281921,2334.0632021496763,0.9447977997806756,-0.11400843786618166,1.0663531613699013,1.4292480089678892,-0.07101454029942747,0.15650841238964672,-0.23940280154731727,0.2947060390819484,122.79767038589807
deltaRIC1,BLS-G,42,312.0621317267384,858.2704301818718,-1262.9629368673227,1558.5526251246522,-1.9111593252604877,-0.5674472812283516,1.801528407832186,2.687011534722161,-0.20388221304462942,-0.18131259834411476,-0.01881969440752957,0.27348929780132664,-213.85380983817947
deltaRIC1,BLS-G,49,603.3788315355432,-170.46909214076757,-294.0583085258043,692.5287102594029,0.5134451423590478,0.060999486039776854,0.07318955197328075,0.5222102661067373,-0.03922977237202533,-0.11735352021128288,0.1174267846318049,0.17058685030008966,-169.46262886352292
deltaRIC1,BLS-G,45,317.5647906296757,-1003.8784163911636,619.3777133969791,1221.5760406117051,1.0566159791452394,0.9527802063730111,0.794179361486912,1.6294012112592189,-0.19365886426903167,-0.0278874096790126,0.07009250415691255,0.2078326790174325,33.56754581794837
deltaRIC1,BLS-G,50,-1427.4635781363095,-1458.5883630204398,1422.902088105729,2487.927376749572,0.5529161277952818,-0.02711077640170785,-0.4620523346218046,0.7210711466302697,-0.14907289882732488,-0.20863468383076197,-0.07055971134839477,0.2659508099771697,-192.87022024351612
deltaRIC1,BLS-G,39,491.57631803868435,-803.4171787820785,-979.4555480651917,1358.844954457391,0.5479799809666202,-1.2129112154848225,0.5821297512953816,1.452690856146713,0.06316568521811314,-0.009552875736608527,-0.10279614828651223,0.12102978693881705,61.5961260849984
deltaRIC1,BLS-G,48,-1031.841628725968,-957.4359919226794,-842.705547632288,1640.589365262087,-0.8637949296185866,-1.121529061474705,1.1120669093906133,1.800183859256799,-0.1464276309529694,-0.1731550480516235,-0.2644004635103883,0.34832646594361333,-11.439621354196131
deltaRIC1,BLS-G,54,-1914.375970546227,-404.89986036115965,-1224.142496401279,2308.095341406167,-0.9178751254966833,-0.38838960701945957,-0.6401833366736153,1.1845572748503324,-0.117027013411267,-0.08358569387612166,-0.05332920987695425,0.15338153316098332,10.688528984598308
deltaRIC1,BLS-G,51,1660.5748686895847,228.6869458865011,-480.79760260723486,1743.83856718883,0.4088096030306921,0.02686515258941397,-1.7238897201023746,1.7719037205865358,0.005506308448036385,-0.11522150702777283,0.09825320665062437,0.15152560091154998,179.16095854738876
deltaRIC1,BLS-G,47,-807.694739380652,-377.94819741043096,393.83209130170377,974.8432428283262,1.8049635761877196,-0.3056214377942277,-1.0223412095869253,2.0967783677402414,0.03799138076575548,-0.037512940180611826,0.16367685054376865,0.1721646801681749,-63.301005055123206
deltaRIC1,BLS-G,46,-191.88395674444158,1088.107951751033,-525.9821572587003,1223.7056824556496,-1.6827193825313944,0.922159116830929,-1.1487201171692456,2.2363988608230336,0.0650716450259349,0.07994720401607879,0.3113365392096063,0.3279577946373352,11.210925009238691
deltaRIC1,BLS-G,52,-681.8743630211662,-210.71969286452313,191.09262525352818,738.8313930341113,-1.2324261319950096,0.2997991570152371,0.6804537003216516,1.4393647708807715,-0.019017057977116458,0.020971821129992223,0.1359817833185602,0.13889748439086022,192.71703541911904
deltaRIC1,BLS-G,55,-676.0948636728864,-30.11491542978184,343.63249514959705,759.0088698684223,-1.2854454005665257,0.8806439462223106,-0.7414970331153995,1.7256075706760734,-0.014111707791875398,0.021020952687731097,-0.0844560003699648,0.08816936399449982,-122.55649328114467
deltaRIC1,BLS-G,58,2317.4694003069903,148.228745279339,-206.74366864600907,2331.3899559729466,-0.7051221103374167,-0.0048769522721105515,-0.6309212615208419,0.9461937504492445,-0.10205107719994773,0.004577453160512751,0.06708642917166598,0.1222127833498253,-35.82072676681069
deltaRIC1,BLS-G,60,-982.4538900456199,-348.0440006450926,-310.6442496641753,1087.5891330370264,-1.6219276439631527,0.14967880548555365,0.05798452773457811,1.6298512915355339,0.018287359397981758,-0.000871988357285601,-0.06473111103313814,0.06727038436809063,128.90571538085692
deltaRIC1,BLS-G,53,1675.9243668483641,-665.2012677370448,371.4459936944627,1840.974561537103,1.085370943114184,0.3707168304211126,0.256050995429825,1.1751694196049578,-0.03148917220448902,-0.07589342588359475,-0.07002634146579603,0.1079586428108325,-36.303342846556546
deltaRIC1,BLS-G,63,-16.726427610251267,-1277.569623415483,-965.4926637101502,1601.4493434800556,-0.24166020921099712,-1.232926935227201,1.4256928465006717,1.9002917083668573,-0.17527522973878987,-0.04073519046540935,-0.12245526909112146,0.21766041172068407,-90.8751176348378
deltaRIC1,BLS-G,62,-576.8021243325462,-2611.829609563589,1069.0161447641049,2880.477411436156,-0.1790309004363123,0.4429326026456953,-0.47799510551952984,0.6758111235383394,0.0626340813284319,-0.03177045710781728,-0.07767579914040293,0.10471828809141458,113.31504830032367
deltaRIC1,BLS-G,57,-1202.2562037244275,-99.25486633678221,-1017.8062182987204,1578.353891208479,0.5734001447912616,-0.41158172029771833,-0.9567538887693653,1.188934498702587,-0.061313400368999814,-0.14904934946188164,-0.06497873745397369,0.1737736400059912,-334.8629772017105
deltaRIC1,BLS-G,64,498.73246143848917,-5.79964657597963,929.6934764807802,1055.0344374492329,0.5113148238419627,0.8854960816008648,1.4923446979161885,1.8090436304881048,0.021073896800930473,0.1347895158221797,-0.14131511976390942,0.1964237403570199,87.80435954534454
deltaRIC1,BLS-G,66,157.77371893420943,1098.2400932466653,-289.9941791396846,1146.7870215239072,-0.4281264081969193,-0.7663003499549658,-0.3973746698048632,0.9635429808468443,0.12863258069948488,-0.20281068186058962,0.031214093863955482,0.24218347001790733,196.6099452318889
deltaRIC1,BLS-G,61,-429.21608397157786,478.8636952533958,-24.90627662237262,643.5504704270083,1.2916453051886938,0.31801076442177856,-1.4269280022937514,1.9507952133512514,-0.11977319271057246,-0.045904309568104,-0.17508955113807723,0.21704647946175404,-135.96902820090978
deltaRIC1,BLS-G,56,208.5089001579946,-908.7137351777477,1815.8766088721466,2041.2360158969361,-0.2455551026367759,-1.085149095023351,0.10995288751208497,1.1180051450387876,-0.05626726785192361,-0.07554367875465486,0.12720240780305042,0.15828235966841078,58.86709332784463
deltaRIC1,BLS-G,72,-213.02788871141868,1288.4160892893437,-53.4753549514145,1307.0028745552438,0.050882726814277496,0.11299318957551574,-0.6432591848897237,0.655086934477781,-0.014256193972867684,-0.08723211726123999,0.26842829236644794,0.2826064923019958,-116.07546213332401
deltaRIC1,BLS-G,59,177.2464711795738,-1448.0193242693742,589.6105328745282,1573.4728645514456,0.3067173127447097,-1.2699066606595975,1.1294311597502713,1.726949096337176,0.013193680520238569,-0.0602801178204477,-0.002305138129810319,0.06175013742425748,38.04860328712249
deltaRIC1,BLS-G,67,166.9015303517654,1171.4050788519219,581.8537177912104,1318.5597174573825,-0.9796519810561979,-1.361187526449211,-0.9469051585609064,1.9259228607235312,0.10664187624791985,-0.11046989191287399,0.07869894282376655,0.17253872142361895,148.89302612510826
deltaRIC1,BLS-G,65,-1960.1340098716412,138.20034734766077,1005.2273730194727,2207.1943149913473,1.3885866915172045,0.870587428921323,0.8575558663434033,1.8497290437127598,-0.021351471564825406,0.1839482555537071,0.1797706849559596,0.2580898007065959,-55.285037075976796
deltaRIC1,BLS-G,69,-1071.86452195416,-724.9931181477463,-605.8225620436123,1428.8210354927933,-1.512514045648869,-0.7383299367296787,-0.7766620748603242,1.8536541781796043,-0.056600354257251864,-0.1127105364979811,0.224946131886087,0.2578915031369238,129.6552864784547
deltaRIC1,BLS-G,70,251.99152428694194,990.0078941695839,-1114.3710540511731,1511.7665841450766,0.037632729418446,-0.9471428396098216,0.6691786036130758,1.1602998683448966,-0.06282179729388383,0.052401998931889404,-0.18667272873780036,0.20381181359702377,65.29787557917336
deltaRIC1,BLS-G,68,-135.48696787993754,-1313.1589149121855,-666.0152246875948,1478.620753876502,-0.10714009172084236,1.3409453829233886,-0.0026702257997519925,1.3452214127582587,0.09237620921274303,0.01796989347654186,-0.10597749348928769,0.14173041390734292,-142.14456957660977
deltaRIC1,BLS-G,73,-296.0636665928437,604.7453638023114,476.7503138717188,825.0221278811683,0.4459845590463795,0.27607156494152574,2.1885836484121075,2.250559068759118,-0.03235393468095031,0.03993963537009249,-0.03605481946604935,0.06278456473978739,76.07795926356256
deltaRIC1,BLS-G,75,-1784.5875801822851,10.840379547261103,38.461192711798766,1785.0349040045146,-0.64037886146036,0.38095789500377736,0.15278861423980522,0.7606302417155764,0.2044437723771305,-0.04655773783773715,0.04179724708703866,0.21380338837449317,-57.234760931546255
deltaRIC1,BLS-G,76,95.55514852494989,-564.4267097776954,-154.97771338442647,593.0652483209293,0.8333598879564863,-0.7740367381483217,0.27448322711698003,1.1700267590216442,-0.06945090551031419,0.03140511247796589,0.05933370656756499,0.09659295057612736,151.55784127937346
deltaRIC1,BLS-G,79,426.80670662389815,-386.9845025574549,1785.7145888698064,1876.3521958686863,-0.9597699670365337,-0.6380572817813281,0.19200824673542033,1.1683931920693034,0.053156295140080134,0.10636266979043985,-0.0958276254761432,0.15271392550244206,6.100978164008384
deltaRIC1,BLS-G,71,535.3250336072798,1085.383386583267,1093.3870786127677,1630.9890530457155,-0.09117600891661308,1.5746414429107078,0.9141724080584113,1.8230523662224276,0.08223975086397839,0.12484309545650504,0.0350509111159184,0.1535504525404835,305.40109692719847
deltaRIC1,BLS-G,74,25.719793623994796,-90.43157096225424,527.3960344167548,535.7106998458038,-0.09488321052412128,0.07798531607298678,-1.886163990016889,1.890158493459953,-0.008805902000633178,0.008179320242761643,-0.014932266132460629,0.019168144446686446,-10.115514968621556
deltaRIC1,BLS-G,77,-1762.7928825017816,-902.0426404569025,297.3116074694759,2002.3770533387271,2.0586366136744876,-0.06246993250472803,-0.21182970149543373,2.0704489904520593,0.04752037334774293,-0.25423207776826756,0.07500590627683376,0.2692917028537799,148.95044932763332
deltaRIC1,BLS-G,83,-1290.0217338523935,1730.8261747323984,-789.3029184803121,2298.4591399613482,-0.6519518932089234,-0.973070896329179,0.5656997731331158,1.30073997157942,-0.11073428556548802,0.005170170887753717,0.01957128773268158,0.11256930296587538,-33.09200965290383
deltaRIC1,BLS-G,78,-261.9369718641336,633.5658261715306,878.1415639240861,1114.0687768772652,0.24688652677485018,0.0667824801132928,-0.37336194576938025,0.4525615972458653,0.047950058363316755,-0.22251077323562046,0.06249656516076591,0.23604252362625905,194.1806320012501
deltaRIC1,BLS-G,84,-548.9436919680373,586.661811258729,-442.928204654948,917.4402717451026,-1.0294923606515578,0.22843028305960725,-0.5927071872275128,1.2096845558449358,0.04955662215032724,-0.09150017046630092,0.0066027571583970575,0.10426761911737122,-29.533085914060738
deltaRIC1,BLS-G,81,-637.9277954589751,-692.1980836427108,-1352.9727327673074,1648.2188188555624,1.059126830874443,-2.48970700279787,-2.0677370978691267,3.405279329153944,-0.21499746401020203,-0.08230672884730579,-0.1965105207078405,0.30267918972606733,10.913707429418944
deltaRIC1,BLS-G,82,-870.8467717729609,1654.3658285465658,-1597.9442879794035,2459.415853827074,-0.24120968571067994,0.5774155773257381,-1.059662054419426,1.2306398868050146,0.06653038385467715,-0.11510482184824905,0.04823881012559856,0.14142982284829952,197.4415576987118
deltaRIC1,BLS-G,86,-1866.7953521316538,-2494.5583151338456,-1933.1481032337463,3666.7161961869897,0.9216620121099642,-0.6150276753381828,-0.782689088193778,1.3565847245108154,0.049050478826999935,-0.013022716959069324,0.18363791493273882,0.19052145399140175,94.40138773050228
deltaRIC1,BLS-G,87,-1821.0206164079457,1723.2544230489664,74.25354528178816,2508.233537956048,-1.9794287514625521,0.3300537415369351,-0.8818215798269556,2.1919587024092486,0.1408761727293295,0.1303888217977523,0.045425861119801965,0.19725833252652578,-52.18200291619099
deltaRIC1,BLS-G,85,-550.5837611589847,227.35769507456982,419.9805462723959,728.8468006439042,-1.2706771415268008,-1.3842676285936595,0.41060914831177414,1.9233868925019624,-0.13824111805375427,0.09051262253135149,-0.0512052362092474,0.172988779328313,-103.21071694655262
deltaRIC1,BLS-G,89,-174.00878829204737,1543.1975238280088,-193.66192672861763,1565.0056222953338,0.6764763225604961,0.26894896861812445,1.2484977930971817,1.4452337188407478,-0.0076984005032491275,-0.036539370889754105,-0.17994553172439215,0.18377917559642512,83.69323699566723
deltaRIC1,BLS-G,80,226.66008130756632,-50.53547827043853,-103.70757528786802,254.33027384576803,-0.6754460244840242,1.3153891868234606,0.012336275068602453,1.4787252038448275,0.039571409472490604,0.06455133306617628,0.08554730400044576,0.11424146475778672,162.28774203102367
deltaRIC1,BLS-G,88,1277.8087673291636,1947.501353151597,-1486.71129265766,2763.307299977038,-0.3847834093275808,0.24916344036803498,-0.9715747619193453,1.0742896304574594,-0.026455644550167898,-0.07965048238620813,-0.02466661508222855,0.08747881099177848,-38.396545736686164
deltaRIC1,BLS-G,90,1149.280498500209,588.5601516358797,142.72491710130646,1299.08395351806,0.5728752656183721,0.5570505916129745,1.9545449818111893,2.111572285643328,-0.052040965449442214,-0.16341209787383315,-0.06192726971255809,0.18233694784790375,285.69774127853776
deltaRIC1,BLS-G,91,-781.6142438733476,-2707.40202254976,-103.10900404293415,2819.854252376701,-0.6849667111279247,0.03322383024976805,0.9240424404055333,1.1507118014170554,-0.10065770768964898,0.11088023052516634,0.1528012217283667,0.21395002453921413,-66.29393841414225
deltaRIC1,BLS-G,95,929.6271825112775,825.2553928464343,-48.931415495333944,1244.0447923239562,1.6202396814164977,-0.12984006615565913,-0.6247354719568208,1.7413585150499742,-0.10019639190536064,-0.029887774335982182,0.0027374436758901845,0.10459488325673434,-96.4679128227201
deltaRIC1,BLS-G,96,-390.75990569954126,-552.9037651903044,-4.7100802991279895,677.0657739986226,1.0728994004097478,-0.6320605558631717,-1.2899358597433368,1.7929161140247023,0.028615933125875997,-0.026927330495246465,-0.004585942623103741,0.039559873938212156,19.737507762494726
deltaRIC1,BLS-G,93,399.62824350798144,-104.32184554889619,2.965443870784138,413.03096049249507,0.8290710567099796,-0.9576038231359917,-0.8818222204183433,1.5433646126506877,-0.28922321856834765,0.01851709248212526,-0.017090443973683936,0.2903188525539521,-142.9786806148855
deltaRIC1,BLS-G,98,-605.4894047529702,1229.9785078558264,-1577.0905324647892,2089.6600433193494,0.24802156821120164,-0.3063641139015415,-0.21353735091955145,0.44829886105405187,0.020794085462511096,-0.01953362906329522,-0.09458012396924698,0.09878945543246381,90.79195563267227
deltaRIC1,BLS-G,92,205.40628504343937,1091.148208967912,324.43499744411395,1156.742937491209,-0.5162330422563404,-1.0271198694364922,-0.5003689487467063,1.2537307785080325,0.05263393170764184,0.03182286747874582,-0.10367101326618539,0.12054337249808514,-28.96583810757271
deltaRIC1,BLS-G,101,835.1509845703031,-657.0133182941994,324.6619984338797,1111.1026418255797,0.2802668941514156,-0.6155162361294366,1.4370940911980028,1.5882849857164938,0.12362198236037866,0.02277672377525591,-0.03308761449725389,0.12998447561829438,-14.307207669972057
deltaRIC1,BLS-G,104,-1317.460409755589,497.5586260860104,-998.0520093529195,1726.0864205014077,-1.3072070069399848,1.2099858733386175,3.321443300218999,3.768931091071006,-0.037903924555359715,0.019474819804346434,0.11289073487457672,0.12066604378876494,20.98503019425864
deltaRIC1,BLS-G,103,-946.3231807631058,431.3273921147751,600.1475585953149,1200.7281014976088,0.405486401157275,-0.25860263189498084,0.4758988059166811,0.6765901390202287,0.07604939280793484,0.1554593661917879,0.08762611307585257,0.1939831445667125,5.182031743653603
deltaRIC1,BLS-G,97,-1162.333244600598,-1238.3995331359715,3110.987067073796,3544.41708982952,-0.20549004415431013,1.1364707278452248,-0.7477245776645028,1.3758211793467765,-0.05678684298537572,-0.18644991680932602,-0.09652278436220665,0.2174970457626571,-45.174611209325114
deltaRIC1,BLS-G,94,60.20346846574813,924.6544093355221,-364.1909345601079,995.613012738732,0.23146287845127073,-1.4680304736372967,-1.3582870346160498,2.0133634058546797,-0.025921308271084055,-0.015772150425513356,-0.11556115181673536,0.11947826061983055,-260.79295779929834
deltaRIC1,BLS-G,99,291.37128411193044,438.6625467638508,-907.3641725299382,1049.1100022063092,-1.4041999499013817,2.0998093854939532,0.7063573513802056,2.62295971424656,0.16724043311191863,-0.08058112142719123,0.09677692792401899,0.20935246207373975,-113.7527820514142
deltaRIC1,BLS-G,105,-78.04550782390866,-2009.294631601962,351.6131572889768,2041.3201194949015,1.1420541778949833,0.05511893852673009,-0.49547784021520297,1.2461236426518927,-0.12618697222078287,0.05012813423683011,-0.11872356852952592,0.18036426343569095,-118.17060474365802
deltaRIC1,BLS-G,100,-13.800738789073545,357.5461139841666,1613.5408335741045,1652.7382447403213,0.23738912982157237,-1.18817519027507,-0.2406790907279704,1.23533003948592,-0.0999986236299114,-0.028501419865542537,-0.0061523636353503185,0.10416288801934304,-313.54854583240245
deltaRIC1,BLS-G,102,-65.98898681667931,-512.1727286249935,754.2151176877785,914.065585216429,-0.9498037857846365,0.29304822220539745,-0.9030253412327405,1.342929357388943,-0.03309446824326572,0.152682007270315,0.0910697528073151,0.1808334566632583,-15.839024014780922
deltaRIC1,BLS-G,106,-1834.9695633352521,-375.68763226723377,-908.4541299153705,2081.716455611959,-0.10018583801901937,-0.9350088301619207,0.03381049997362131,0.9409685778647462,0.11899140696842028,-0.08938289465136304,-0.2214366806677564,0.2668004129189736,-76.77176115830659
deltaRIC1,BLS-G,107,651.9703802551462,1346.5108853502484,669.3740795644446,1638.9687609864616,0.8839681129274871,0.6163888026359647,-0.2778392020655305,1.1128923590770095,0.009317000737676873,-0.11483680989651987,0.05540574219122547,0.127844028713569,87.78655584615437
deltaRIC1,BLS-G,108,-527.1523209613104,1797.4221847510619,777.7132055200381,2028.1651584056044,-0.4316002838381376,0.2450386582493405,0.25042477255079554,0.5559094492387369,0.006845425371086626,0.08423538248871708,0.031038955417577768,0.0900326399976473,115.64951887323762
deltaRIC1,BLS-G,109,133.09528041072926,188.5361417192191,-85.93088814256717,246.26073162189402,-0.5185349634530199,1.555618147732277,1.0678906690130483,1.9568384733652293,-0.14801799949491903,0.08333782431711342,-0.01403397898003682,0.1704449286496962,227.40313851365792
deltaRIC1,BLS-G,112,799.0460472381574,1048.3341062186896,41.10130067608926,1318.7753033726135,-0.7117683326894104,-0.6822954244718739,-1.4139365125375833,1.7237626481513229,0.029905536912569627,-0.18918484471668803,-0.028980999284992617,0.19371408035572213,160.55250505237044
deltaRIC1,BLS-G,111,29.90760479589177,948.2126192710492,-12.17360954223045,948.7622636565904,-1.3468787128488904,0.3640898250630046,-0.06372614847420048,1.3966763010229855,-0.02400604513254727,-0.0922746193789075,0.04318303286774277,0.10466933606402928,61.21393850788512
deltaRIC1,BLS-G,110,-912.0040266422207,-417.5854790948236,450.7092454520712,1099.6671318623892,0.5091231523424795,1.0461570097411117,0.4578369994577025,1.2503061990384758,0.05130378798773644,0.10014370878659339,-0.18370105538062123,0.21542265159304555,56.223376543150614
deltaRIC1,BLS-G,117,449.39965820978375,-170.93532087081923,1855.0162722284094,1916.3152942437382,1.4030283334787752,0.263688765923173,0.39497349786938873,1.481223931023765,0.04525362684103101,-0.04074215966808201,0.03508026799642721,0.07027403161472896,-161.789284857806
deltaRIC1,BLS-G,116,728.4262262929517,673.4788231431173,-230.8496259391684,1018.5627335465807,-0.8684266092938775,-0.2168916419361849,-0.1555437153483827,0.9085156066110333,-0.16091964172382692,0.13022242768555922,-0.06367881615381062,0.216582555603161,11.408151874592463
deltaRIC1,BLS-G,118,943.021729007945,-19.99102800228197,-2029.8471329527854,2238.296004941787,0.10062821278367767,-0.21167691286150567,0.2354023160852869,0.33218579600117143,-0.02384471441991547,0.07052657864817213,-0.09673850967718355,0.12206927523396978,-56.080167749962776
deltaRIC1,BLS-G,113,-235.80650193906826,946.7314120438751,-394.50776920086014,1052.3979536597212,-0.009416702275880765,-1.7241873895647017,-0.8465206484773418,1.920809214085093,-0.0464276189788176,0.15574563848201028,-0.07133159254340263,0.17748358742427234,98.26783808644511
deltaRIC1,BLS-G,120,348.3033350774498,-586.2724068253962,-107.44119219114441,690.3435072558962,-1.6024494068195314,-0.6636679818381149,0.5147563793887505,1.8092190087589617,0.05027825933960677,0.053767714055792,0.11919957294948536,0.1400978537606692,-145.7460445234335
deltaRIC1,BLS-G,115,-1053.43852111261,1831.3579604420886,-2734.9043232092167,3455.9089042026258,-0.6116740415765403,-0.755157979341737,0.5690904140596301,1.1261760991410872,0.0023334705967942154,-0.0595867798758302,0.09848369519786039,0.11513065465297162,-33.290842738807044
deltaRIC1,BLS-G,122,359.25711936790697,993.7809709976707,32.46582198465503,1057.2229309520008,2.107149974745342,0.8827827495798678,-0.40859620412980996,2.32084839165646,0.07492927925925119,-0.18143339987109253,-0.057367804473381905,0.20450804499870118,114.56656636188782
deltaRIC1,BLS-G,114,693.339264184508,-204.68848480355916,-1076.5945361735744,1296.7931625320539,-0.45257883989183095,-1.8665135856031825,-0.7300741898181097,2.054679754657074,-0.087923018127205,0.11681177694590687,0.07916314433392645,0.16625959151486927,47.19700497271292
deltaRIC1,BLS-G,121,107.28254636749142,323.316610429969,1129.8389377459082,1180.075930006972,-1.6288174573451937,-1.8099410906031907,-0.9302587983509893,2.6065905878591207,0.12964377257916235,0.09426790618577516,0.12329210006697622,0.2022248447746541,6.6217573744744485
deltaRIC1,BLS-G,119,-1211.064670795074,926.6762155027938,-341.61605645683534,1562.7245359485726,0.008141376733201991,-1.0879480220023112,1.4596884221886304,1.8205459264916628,0.07813422230027262,0.13711958396686721,0.07421126115141767,0.17439623930406034,-157.1679107043011
deltaRIC1,BLS-G,125,1745.1348400666518,1132.528720074367,2184.575925941473,3016.701657110094,-0.38903371069421794,-0.29223496768548096,1.539779156562976,1.6148276550085572,-0.2792517540571622,-0.026103196744856248,-0.036148284678211455,0.2827889982115278,68.81736463585861
deltaRIC1,BLS-G,127,-776.030663257888,-212.21707107227792,-609.4329263998411,1009.2909230500629,-0.1222203914133104,-0.09544798749728428,0.1138968429797052,0.19240746668268402,0.004633781802623059,-0.03874855252707028,0.08090596134572421,0.08982592519987348,83.61311574073443
deltaRIC1,BLS-G,128,474.4213464750423,-255.59447046064233,-766.6478024856721,937.0981807566155,1.823961847271571,1.1163937462477254,-0.4020629387087133,2.17596563016203,0.030117709770407737,0.1930919322336403,-0.03590010621722639,0.19869672458785875,-67.18443120092164
deltaRIC1,BLS-G,123,396.2680708862394,-1463.7796610030623,-107.41812136240219,1520.269033022501,-1.5866508141369475,1.0594947666346806,-2.3078925074811503,2.994387715813593,0.015117980928225508,0.04148601335556634,-0.10130885785594337,0.1105130188328966,163.62334093728407
deltaRIC1,BLS-G,124,-632.4827449897115,-800.9564362934407,799.9670209048804,1296.731610660062,0.1585065413752711,-0.5860926312480179,-0.4775663783499643,0.772462647506193,0.08197101135859747,-0.05744170102549083,0.11318601490627454,0.15109556476024236,60.29009950611065
deltaRIC1,BLS-G,129,-81.17537425280224,1963.4193594945068,337.6418053226183,1993.8924272197883,0.8690366440387081,-0.21420811440697532,-0.3834722130613533,0.9737354585050417,-0.07771701124233839,-0.06977574180502022,0.022019007959141784,0.10673998637992863,-173.40896038198278
deltaRIC1,BLS-G,131,-1293.445676873362,291.7026718454823,183.4396315682557,1338.5597731196317,-0.3537257581420921,-0.2217410226596306,-0.22813050074634272,0.4757462753129169,-0.06036512842664844,-0.003996368632632322,-0.032820622027328605,0.06882668757447517,-50.04067325164572
deltaRIC1,BLS-G,130,315.6290239735401,2409.0620556115764,-1528.1600009948938,2870.274317413351,-1.4032611396483599,0.8277979407533506,-0.9191771500429918,1.870635691395804,-0.007870169807078593,0.09922465984943116,-0.10035762422708047,0.14134753423930485,-38.13308035989702
deltaRIC1,BLS-G,133,-139.74294403996404,951.1835918627338,-618.9254936561853,1143.3927945091316,0.45263441631020895,0.32379464609060665,-0.5504913345424735,0.7827909025223646,0.006254363328845315,0.07966266125745498,-0.052641646117840085,0.09568907756512826,-191.99457516580324
deltaRIC1,BLS-G,135,603.3513007398415,1266.896096192292,-209.28047742289175,1418.751855992471,0.7279519452971073,0.29666928105471635,1.0693740662650202,1.32721045451863,0.12710216564262702,0.08714264498166567,0.011366632031165736,0.15452508343042026,-88.48712702861522
deltaRIC1,BLS-G,126,42.898514786997126,895.2320498364301,1020.679637886095,1358.3326650053575,1.1705883104220598,-1.204198590601013,-1.7408461568713283,2.418866796662419,0.07140176253215635,0.029085150085977465,0.0913765964342303,0.11955684850365733,-201.194932628059
deltaRIC1,BLS-G,132,-43.123555673711216,-645.5262608366734,-1686.7617899774386,1806.5794005832163,1.2211049862137973,-0.4280859203681372,-0.19012033583433696,1.3078611106196996,0.12205001170210487,-0.05153792822418669,-0.012924793636192226,0.13311428808607853,52.258112035971074
deltaRIC1,BLS-G,137,900.8674690386774,982.7299339155456,587.7185559423303,1456.9603360368956,0.271787548425788,0.6228315228642811,-0.2168772163518393,0.7133185153388787,-0.07255887038793507,0.19365190025676277,0.03660677181822309,0.21001405640570778,128.74894395787035
deltaRIC1,BLS-G,136,328.5910553580344,-1885.89380480039,-924.9146738248716,2126.037318229002,1.1289426654216888,-1.4799076476945046,-1.2970173803305358,2.2686763260530567,-0.019874276473464386,0.04780093520632435,0.18447312978038563,0.1915991959349358,-254.9846349055341
deltaRIC1,BLS-G,134,319.8376996866555,-1146.9509614565677,-587.6828463297196,1327.8417789771481,-2.6509917018630125,0.5187199052443567,0.8637256484868995,2.835991773489017,-0.1501568191000102,-0.07327588131934071,0.0006417686202700487,0.16708332344169258,-41.10307240199492
deltaRIC1,BLS-G,138,-84.84248088051989,2108.474561867685,-1838.0646504162694,2798.4540167233354,-1.843525059010378,-0.3265442329781073,-0.388416984607302,1.9120887880069553,0.06644340895203983,-0.12296549596475631,0.09178218065216615,0.16721007289123874,-210.89750152529805
deltaRIC1,BLS-G,139,-982.1897797719947,-1062.1025695695596,604.6124744978645,1567.9014242270628,-0.5765662632303453,-0.8622413158400366,-0.5705289307860264,1.1838040393159706,-0.03198424132735714,0.012541235383796989,-0.16017432637467652,0.1638172430112893,292.8015957074655
deltaRIC1,BLS-G,140,206.68503541833144,-999.3528476799027,1018.3871759732543,1441.7133065275452,-0.05807417546179755,0.2978883998670702,-0.6412766299403192,0.7094686918663461,0.012861227345829174,0.08725404680505493,-0.050914154752466516,0.10183776807676968,196.07185147613598
deltaRIC1,BLS-G,143,-1286.4449921787134,-250.23728777464765,-65.82331765656869,1312.2088733284115,0.06862069403384916,0.05534486094832889,0.7128621215525152,0.7182925988950671,-0.10358003090451055,-0.01877660255533655,0.08106485973199608,0.13286419792054077,-49.385187752752984
deltaRIC1,BLS-G,144,-256.16331134856887,-1037.927882656306,1459.9117493179533,1809.4906044169097,-0.5795303584970546,-0.578470028485507,-0.5373230670322382,0.9793870984655041,-0.10536235448021807,0.05110067971673202,-0.04357400208191226,0.12494478327069782,-65.40925679815561
deltaRIC1,BLS-G,141,615.5197848272315,-550.0178040644307,312.8839194523039,882.7686771479014,0.2859806097358346,-0.7677294788554567,1.049355702096292,1.3312929247053606,0.08827546423105241,-0.058063069623788266,0.04749821589606544,0.11584454304219055,-22.977645575189865
deltaRIC1,BLS-G,145,63.66156028238841,-1129.1521843073642,-1883.4879413875972,2196.9443040132282,0.36834856004644023,-0.10007611921655116,0.5662482045080828,0.6828857301440402,-0.02494781946122905,-0.20822772548905688,-0.09586491901332263,0.23058894608295302,-8.830794420111546
deltaRIC1,BLS-G,142,-1602.7550205651585,745.2769026036844,-1471.6084543407983,2299.9766869228642,-0.341684364982934,1.9985990852806577,-2.1778457824088053,2.975593850127113,-0.08625515146422097,-0.020343808372151755,-0.01686184628243953,0.09021165974113962,66.3619952226946
deltaRIC1,BLS-G,146,102.08088255163871,318.28576899261526,2925.977806823201,2945.0080582822948,-0.20972342374123074,-1.182487082880267,-1.532201602001085,1.946766900483753,0.03518164575291678,0.12551996511939273,-0.0551749785993467,0.14155312820596958,-41.378507602574494
deltaRIC1,BLS-G,152,137.46163472541926,-692.0202045267541,-380.9992697391131,801.8404504864872,0.5930878612717887,0.09177348120342414,-0.9358844370382552,1.1117802222249464,-0.018944233405188672,-0.010363077353037282,-0.00608796228023567,0.02243525431683075,-112.01879207942909
deltaRIC1,BLS-G,149,2091.772882989383,2006.5866573015967,-117.6292148074002,2900.9895621057854,2.052025040733815,1.9711800456769373,0.5883865048417125,2.905607719454468,-0.051891870137625445,-0.03420092380020644,0.07222431853232857,0.0952828503070042,-10.005620286829139
deltaRIC1,BLS-G,147,-306.7375002334424,-1096.7307085088594,-426.80609948766175,1216.1700487989651,0.23813963908922145,-1.0270011048009577,-1.381599084564679,1.7378888881162373,-0.2017092598287061,0.07542907559341433,0.08374785496051068,0.2310624897208723,44.698755169831465
deltaRIC1,BLS-G,148,-746.1064016478117,-197.59764410748105,226.98214178678697,804.5125755554039,-0.6412251052927838,0.5674909667507535,0.9550883326961185,1.2827351075938078,0.09858204154691193,0.03045950711374307,0.0038880192177033392,0.10325365457264195,178.25540210997016
deltaRIC1,BLS-G,153,-1240.8816160272982,1377.9607670929458,-638.6668891263141,1961.2390103983203,1.7386523679566712,-1.481529407293282,0.034880711073731696,2.2845257944004773,0.0719804334195951,0.19453458097215492,0.13674859298503478,0.24844529311836716,59.612489443556875
deltaRIC1,BLS-G,155,-30.865620393492268,-15.987436010001913,-136.29959236739083,140.66223200264517,0.6758634197738145,0.30128031702800434,-0.27085417257622785,0.7879867856879347,-0.0033879891205536765,-0.017448988984899737,-0.10641238858577658,0.10788670970701839,-16.586656577601925
deltaRIC1,BLS-G,154,1678.315698292682,-1041.2610334502822,-1007.8126766085842,2217.353042266964,-0.40206717734709235,-0.3318652930756693,1.4878455857549362,1.5765395887507891,-0.00039579071113528464,0.01788244563018687,-0.04721859685712153,0.050492914365868974,8.215445913911646
deltaRIC1,BLS-G,151,1508.6885579509506,279.68659652631504,-1333.5904119791276,2032.936089524521,-0.46080146924548243,-0.16574158267678793,0.2546342863202883,0.551948263931362,-0.011637679430582895,0.2498512935267948,0.030814896052523657,0.2520132184594083,157.17313016907582
deltaRIC1,BLS-G,161,78.74726955891744,-43.516186933749644,-1450.8793011723492,1453.6662400835353,-0.3115597346073121,-0.1259738046635225,0.17089863598975902,0.3770215000144451,0.13893743349833892,0.1130634930077052,0.214659742555617,0.2795814173943836,-6.495164384084977
deltaRIC1,BLS-G,158,221.35497331068075,-1120.768461607218,-1225.6338252199166,1675.4994008551562,0.5076815976327322,-0.34535662288849445,0.8406536941924525,1.0410141378037507,-0.07396473671406381,0.05839294043095746,-0.14186096966429926,0.1703086976153871,-1.4757446672467318
deltaRIC1,BLS-G,150,-1278.802386072127,1156.1164720171816,4.869349458912281,1723.938673519848,-0.6197840103822294,1.0789840082271631,1.0022970656385046,1.5977916376433416,-0.01348558628959725,0.21581111808296494,-0.009701581882687325,0.21644957938702514,-69.68933605650851
deltaRIC1,BLS-G,159,795.4361104915571,1392.3414752775773,884.5752590094077,1831.3401591467484,0.4714557455275302,-0.34902418762174864,0.42281041950379084,0.7230885522374922,0.030744214268977395,-0.024931047314873337,-0.028474543597367858,0.04876026521986575,-25.874999783209432
deltaRIC1,BLS-G,160,1378.8534790905621,16.355272597568263,56.40152462690112,1380.1034539925356,-0.5323988706648723,-1.058218778737037,0.19601770740352492,1.2007074925945418,-0.13211556496181284,-0.06017631851853564,-0.018181304967863757,0.1463088229258841,-246.7251456055397
deltaRIC1,BLS-G,156,-1530.3229635402888,-431.3512639980225,-725.7943453674606,1747.7785092679233,0.8769058605048828,-1.1855408105805454,0.7613404743545558,1.6595512103066317,-0.11328554369104128,0.00641327451878685,-0.028985604706064233,0.11711067320959417,-86.44141889808449
deltaRIC1,BLS-G,157,1766.4104706802814,228.1364026419218,743.4538566635741,1930.019638793158,-0.012554331822072213,-0.23306738870713914,-2.159138898911459,2.171717938342558,0.03649632279739238,-0.02314697358719385,0.010919434606751611,0.04457575592302207,172.15180272963244
deltaRIC1,BLS-G,162,-1316.8392453590232,-1002.1018003690145,-1749.7794418436995,2408.3192710933054,-1.4878592678132152,-1.375007093728546,0.3185358102250019,2.0508131974943984,0.02357914057190405,-0.09498219304762674,0.0087915528784992,0.09825927064792254,-34.48784823616461
deltaRIC1,BLS-G,163,-630.313589192515,-1305.5830448026472,-56.528016685080765,1450.874813437483,-1.4841129173949648,0.20162396358033824,1.7463588742602412,2.300654839817554,0.036800691737954104,-0.11767119015652361,-0.06163714602930963,0.13784026144738373,135.68859411146127
deltaRIC1,BLS-G,173,-1715.2308987974104,311.8034452484911,-645.6356481467649,1859.0545486391986,-1.727948904421723,0.7482620324932922,1.7314817901773767,2.55807206217477,-0.14438546310656017,-0.1320766998445414,-0.17059987905352275,0.25960688614017446,-194.50085484346818
deltaRIC1,BLS-G,165,465.61728859527284,-1527.6073521316557,-1610.2877779368876,2267.908818603257,0.9818819587589823,0.47306077139025793,0.17162912394823662,1.103329157845455,0.02713670526045546,-0.020815515009935844,-0.025672148309459866,0.04276383561310419,-99.2552601301627
deltaRIC1,BLS-G,164,-277.0034331085738,-896.89776187047,-421.90186684381825,1029.1538672368158,-0.9475731579609631,0.625348227989008,-1.6047545407482324,1.9657549267365897,-0.02123376157650821,0.061322738370339684,0.12819480957155302,0.14368458537021941,114.01016170492213
deltaRIC1,BLS-G,167,100.2594153574081,964.5781141070316,892.9562886476928,1318.2692524736926,-0.9618611702187898,-1.24767462267896,0.27659500956006944,1.599491692433968,-0.1400702500029378,-0.10934626958192577,0.09051011589878843,0.1994200659095789,-7.02079011505992
deltaRIC1,BLS-G,172,-320.72119713051296,-249.21405070214257,-1137.4065754342691,1207.751401240053,0.7151875826650891,0.5921577062160672,-0.0672097817664336,0.9309463906125311,0.13313711227157649,-0.04011752162455158,0.10587902704429793,0.17477206462463588,-133.58045586814364
deltaRIC1,BLS-G,174,74.68858014481236,-856.5246093380982,-1380.8838321328897,1626.669280539792,-1.4923991143990538,0.5985279809236014,0.8007668701580686,1.796306889412361,-0.019180043080446834,0.0506326203857064,-0.18560382162092334,0.19333989474493457,20.842302375032386
deltaRIC1,BLS-G,166,164.98528964865199,311.23118468264454,-583.7616383538347,681.8083649625936,0.7086135498558176,-0.37924817983879033,0.562340006493769,0.9809121407413157,-0.04734092548928474,-0.10815745413570294,-0.08033540960592378,0.14280397805331,-36.59589356815914
deltaRIC1,BLS-G,169,-427.3329949973675,1445.1616593701929,1155.3605858022,1898.9375433521325,0.20619825351079799,-1.0761033317955122,0.2859587380550286,1.1323817820515878,-0.23329471469343635,0.1431862578060842,0.1133760686570855,0.2962817261873206,-140.8948967462445
deltaRIC1,BLS-G,170,1397.5952544020374,-110.4428116171321,-1295.6860980872405,1908.9977932259458,1.0831989659356724,-1.433803105105157,-1.7426920353107593,2.503215307149758,0.13106232342577093,-0.04215231496316132,-0.008841457971669055,0.13795768067628467,-13.584300289304965
deltaRIC1,BLS-G,168,-1412.580892801138,-110.75223989982766,66.00040384654768,1418.4522870571277,1.1520530692705981,1.9385398538335716,-0.02515657353446642,2.2551709231250934,0.19871812175917422,-0.13154357633925717,0.04700351382834422,0.24290313852197817,38.85357400416315
deltaRIC1,BLS-G,171,-781.9827206084749,-1525.0794747431266,-949.6426435923654,1959.3839670013888,1.4855183762661481,1.1364785684685563,0.5719934486028465,1.95589490721187,0.1879939029701371,0.025717339526247215,0.03934050797621747,0.1937801968057635,17.752505947222005
deltaRIC1,BLS-G,178,1941.3434110299352,-413.8116765532796,1234.7608289369591,2337.6673518441985,-0.6024662395506463,-0.3268694990691386,0.27250829222694734,0.7376110143920396,-0.11458395686237205,-0.11467205722672215,-0.019834267888612343,0.16331736607453542,36.78930318215646
deltaRIC1,BLS-G,176,704.5345499542299,-869.02440210292,-643.2546766536001,1290.4839877217673,-0.1009429554589973,0.5883529864379022,-0.3098862087789795,0.6725906476443192,0.1113955395105185,0.21566961178366675,0.12194087046155415,0.2716466888417353,269.5099485404661
deltaRIC1,BLS-G,177,425.38678625963416,447.05904371680964,-483.26845270565144,783.8138196496682,1.4210242849853618,-0.4112843370491124,-0.9877767164042355,1.778810744820938,0.17684426997522876,-0.0711126126636639,-0.04791225748671916,0.19653621528969556,-44.32937606150092
deltaRIC1,BLS-G,182,-980.7364617354291,425.34129962068766,-696.34652619945,1275.796893353478,-0.04118876244393705,0.2730410144825427,0.07403638154400485,0.28588336001496945,0.11954924756787315,-0.10551597380068896,-0.07051739457037849,0.17435121524711766,-118.39652484131611
deltaRIC1,BLS-G,175,-803.2804913142204,166.40096461369694,-46.92429720560729,821.6755554466887,-1.0524701587871985,-0.3059965153166428,-1.537466297226473,1.8881551624881787,-0.08864571078417519,0.04691794995599585,0.05066211946129313,0.11236550367802077,39.139600060945895
deltaRIC1,BLS-G,181,-1956.824419828131,863.098515936236,1503.9410371901351,2614.56296569648,0.3301539142345993,-0.3679215443655845,-1.7458199388587394,1.8144572546107325,-0.0007229947397610644,-0.061144949907493744,0.0606997471342645,0.0861608201141754,-36.84190991371115
deltaRIC1,BLS-G,185,-2333.4275436689613,-1310.3440921039676,575.9293981224806,2737.4404857250242,1.3319938324480978,0.7394288541231194,-0.0783375863652936,1.5254833258436948,0.04149879452745581,-0.0863867281053659,0.11518692174533046,0.14984272982413024,-124.67270238952749
deltaRIC1,BLS-G,186,428.61132530668954,-1438.4868685091778,1936.5465718567189,2450.135662371475,1.0309880670812464,-0.20130454437409884,-0.6190835891166753,1.2193130870958337,0.05359990177697134,0.046587005491201636,-0.08561630139398639,0.11123600862816026,237.4291283278581
deltaRIC1,BLS-G,180,218.91449150620352,-624.4153591493865,1604.3831169476084,1735.4720629499054,-1.0638224467380526,-2.277769559737807,-1.1587677219684596,2.7681573291501826,0.19463973542252713,-0.017105346177464047,-0.11750896404271789,0.2280034563413349,-73.56159298398025
deltaRIC1,BLS-G,179,136.6701348719222,1108.137322788586,702.7406831348624,1319.2768927165432,1.598420903326269,-0.598444567836232,0.5381089911776076,1.7895939682925965,-0.002354678677244653,0.009678398973673317,0.059488087753993155,0.06031623747378032,49.65993198994024
deltaRIC1,BLS-G,187,391.3589944328244,214.5847471899888,841.7173594546113,952.7311212809761,-0.5693016003331456,0.7963182958069048,-0.5879308702730064,1.1418799624297944,-0.06871450622621013,-0.05769249457429757,0.024452133781327247,0.0929946995402273,-345.07245981936256
deltaRIC1,BLS-G,183,-786.4707450856223,-753.4034134861807,-223.29074838951993,1111.7606283029252,1.200491317396052,-0.9285131218505983,-1.2046496212473805,1.9376523760890418,-0.16146951837252052,0.06918127202406187,0.018585849783094507,0.17664622151204012,13.428126396631853
deltaRIC1,BLS-G,184,-43.6989608895855,-309.21566212415036,963.0859945657572,1012.4517557960083,0.7224510558587505,-0.7110453938735738,-0.03577185976352984,1.0142981347765512,0.1618123053597483,-0.07705262192266649,0.16082952744742376,0.2408037906885094,-33.69056317649259
deltaRIC1,BLS-G,191,1619.4522162336325,-1087.8209268179942,771.6991998170505,2097.975096250063,-0.3767888504083472,0.157487085055042,-0.8375304559706946,0.9317882186578974,0.009250006229265077,-0.17253331414124765,0.00453735180345937,0.172840662649714,8.678558588918417
deltaRIC1,BLS-G,189,-1009.108909546564,261.8591487173092,-113.93359117381716,1048.7382267710907,-0.6926879493580653,1.1452786725794732,0.20527962852884446,1.354112092457719,0.011761971938695224,-0.125193619976463,0.02281875613136279,0.12779859975007668,-84.36167631583523
deltaRIC1,BLS-G,190,-975.458491641886,-488.25734739891647,-1836.5845763481072,2136.108005763062,0.046929884847793445,1.5184392164102039,-0.1402261514409175,1.525622312884874,-0.005823383740225246,-0.02498716171909987,0.132290592599111,0.1347555970607022,217.8083875490305
deltaRIC1,BLS-G,188,10.669878878304191,-708.708713899784,-1715.5684369226053,1856.221147718621,-0.7038506867143115,-1.0936366673762592,-1.2142717194683614,1.7792983892868304,0.20466815888801804,0.03968382403508913,0.13663412734948555,0.24926440963204985,48.901379389693176
deltaRIC1,BLS-G,192,-443.8153076543896,1169.3845426402397,1294.1234442209368,1799.7743538445434,0.21494358629536492,-0.9166601300328753,-0.633426716094194,1.1347669117238461,-0.00626225420698408,0.04536373569887069,-0.11433088989398363,0.1231610195161606,-74.39930087866217
deltaRIC1,BLS-G,194,-45.105027674157604,-1467.2254508017422,-397.78667268858277,1520.8613427826076,1.522271437652033,0.09535546534577612,1.0585703459421163,1.856602857902171,0.026314934522227267,-0.0016976656359599448,-0.1252199524456654,0.12796637971754662,13.116685773292362
deltaRIC1,BLS-G,200,-1573.859524056272,107.0371448195822,292.48858816186527,1604.3816023747854,0.008245688904879502,0.13691125645053334,-0.7908561479811042,0.8026619028756067,-0.04692388210259024,0.06359306610156086,0.05765412175700485,0.09782600126421818,-3.4671119483892903
deltaRIC1,BLS-G,193,-994.0887728665803,679.3721938614422,871.9167220962277,1486.6061470350924,0.6364517770937649,0.7568162493910829,1.1507694238898607,1.5172712238976915,-0.01358178560123956,0.1698440857663596,-0.05267704399497496,0.17834334676117602,-107.0603439070306
deltaRIC1,BLS-G,197,1660.5502378815831,-1184.3749147195306,-812.8888154878518,2195.668294048698,-0.776272663411659,-1.392266713774296,-0.4592690713294468,1.658895394569507,-0.05628459140109667,0.14610287580473608,-0.05364720780691285,0.165505372882818,-139.88516564532225
deltaRIC1,BLS-G,195,-1598.3426017826646,-1244.6365367742121,-522.7414623603393,2092.1467008356053,0.5342278513493294,0.004172831601567871,-0.14988200595917897,0.5548706384295745,0.17091277258532292,0.06519778143810366,-0.18886529939242674,0.262929701349703,-169.93894841391295
deltaRIC1,BLS-G,199,2083.967672318066,854.4511486551824,-843.2031070205485,2404.9946994523802,0.8811547328116642,-0.21751979151701292,-0.6267054808529574,1.1029543429304483,0.15182091790230434,-0.15371900482372977,-0.04664048185280228,0.22103044610224554,96.73569993446334
deltaRIC1,BLS-G,196,465.04831107142144,-794.8489530555453,173.47009462731398,937.0947996515013,1.4991462795026715,-0.9832429647245321,-0.7730105800883044,1.9523707772745027,0.08510986992309676,0.03730250481741419,-0.023639259655894015,0.09588525132187138,-191.0001251164078
deltaRIC0.5,BLS-G,2,1802.0962537381306,-801.9127964984071,-57.0996389527044,1973.2905031174273,-1.0375382926516563,0.08240205575838278,0.9779841803584377,1.4281907661594395,-0.11641747185968512,-0.06765025211443776,-0.004780935377688357,0.13473099757826035,65.66162841290736
deltaRIC0.5,BLS-G,3,-1397.7013166015206,-1661.8038492384965,915.1253985125416,2356.398841193113,-1.3711735634462272,-0.6317779487980174,-0.12129710407952085,1.5145868430497254,-0.1007028664253861,0.18322642394580693,-0.04247128221555279,0.2133466651984297,-67.96817120518651
deltaRIC1,BLS-G,198,-2161.4013320351087,911.8458075558289,-1564.023282416806,2819.4480528681715,-0.11034423207721372,0.42533305379947706,1.0329748869119941,1.122551189566848,-0.015090531008061375,-0.11302168970543568,0.03950779216065345,0.12067515117614909,9.817881482437123
deltaRIC0.5,BLS-G,6,1745.3232576153637,2911.8294840419585,-1804.6818412812113,3844.708150947131,0.24215699477809455,0.5376251020390141,-0.4787975762774286,0.7595576867569431,0.06391666235185407,0.1561665876697589,0.042365940103112266,0.17397762991671634,-166.80400486759052
deltaRIC0.5,BLS-G,4,-562.7965914257072,566.7659041223603,-583.8517815069617,989.3667147043527,-0.5340735545629803,0.9366861153776486,0.1395914832897364,1.087244785056169,-0.011637730805024128,-0.05342003312694089,0.05716637845521358,0.07910203248500242,-16.44410741139773
deltaRIC0.5,BLS-G,5,-190.03111495028307,582.3024031934638,1455.0739745828353,1578.742596157594,-0.5912917875659108,-0.688195688995287,-0.17097050326239338,0.923293126466554,-0.2096867274655507,-0.11515304238254387,0.03063968623854954,0.2411794709712351,-2.0649976208060874
deltaRIC0.5,BLS-G,12,966.0609496383138,-1351.2490065050802,-492.77730399000626,1732.6214552881152,0.5264309091527242,0.6218176891589153,0.3537948512940267,0.8882328171512577,0.03817129290262048,0.04613874273944046,-0.04317731309183458,0.07382487080425013,49.02168877916772
deltaRIC0.5,BLS-G,10,-1508.382909275355,2848.074240458545,-1677.5584426661028,3633.3109155036295,-0.1134801413272868,0.11243393268336284,0.13686190133903572,0.21035758063935775,0.07936203313588937,0.010993572688566619,0.05015197727404177,0.09452201737382038,219.9441516982386
deltaRIC0.5,BLS-G,7,-100.35080006369819,-834.6927434855999,211.26980170447487,866.8432316244904,2.2909461718325397,-0.5387569664728519,1.1166485358888738,2.604917922672414,-0.1421028914143807,0.1156563483605538,-0.015983638704539997,0.18391601172998048,31.475268474526615
deltaRIC0.5,BLS-G,1,1216.5821887568043,859.6656112931041,-745.7766326203762,1665.9171561043574,-1.9523521565942057,-1.6476764198509941,0.16606751284602522,2.5600966674549417,-0.041711750231517714,-0.002635176651734966,0.04430864012887391,0.06091034274597724,-84.55147267637314
deltaRIC0.5,BLS-G,8,864.5519067068115,943.9607247786118,-402.9773504189663,1341.9771213644574,-0.37958581368138816,0.655054963377508,-1.8637785928472848,2.011679158849511,0.10146028143325203,-0.02121593145026678,-0.005028759711837983,0.10377664901150224,81.53364675074438
deltaRIC0.5,BLS-G,13,588.0567701170796,-247.05016190219334,1296.3434205337612,1444.7666978919483,-0.8640007804003574,0.5936646173107969,-1.1044830125096594,1.5227664795698697,0.02904946214280761,-0.138582308443526,0.049793219085211615,0.15009427747649431,-242.24616728027507
deltaRIC0.5,BLS-G,14,-147.62427734040952,-1483.1956457087288,-2067.9121016690883,2549.1023343402826,-0.6887856058713059,0.612994508787544,1.2080670010036836,1.5197413456155024,0.08456423975914044,0.077082350053677,-0.04624342746825041,0.12341496635274964,-1.4294359087849764
deltaRIC0.5,BLS-G,15,527.1712078553843,-98.72004605529791,-153.52909854974652,557.8766117936499,-0.15217365697658672,0.7131565120134402,-0.30466352920885453,0.7902967155029803,0.017318783420217407,-0.0070233369519658384,-0.17627848186120415,0.17726638341317885,38.89442031939342
deltaRIC0.5,BLS-G,9,728.087830032529,-485.40846086522964,-480.63550004970176,998.3705454534678,0.7870212224230648,-0.6338824861949477,1.9008242185236421,2.1527522199674998,-0.06726566021033806,0.08066505340260388,-0.041952506286543276,0.11309965812370984,-99.51181621306793
deltaRIC0.5,BLS-G,17,1495.2085272811166,-276.72281503715726,-1262.8673764301286,1976.62795357846,-0.38418400483776255,1.6934553608530274,1.799377735326385,2.5006296493410116,0.13867824591390362,0.035387728323195825,-0.02046716533084749,0.14457818667528546,73.16736480326836
deltaRIC0.5,BLS-G,16,-515.1539331130119,1469.3920003528888,1961.9100915685326,2504.713083948203,0.47468466893123556,0.46331419901258997,-0.6195714782888812,0.9076642543551575,-0.03569800912579236,0.14857244076701379,-0.004511043179082083,0.15286748353255677,15.144501811854564
deltaRIC0.5,BLS-G,22,1050.3415426821348,1716.240457173211,-180.12256080603663,2020.1838530275713,-1.2755512846982207,-0.06974172554515051,0.16912733215382172,1.2886035242303062,-0.017693932614664443,0.030052390825865073,0.03100070210498005,0.04666117204619425,-203.7211133518086
deltaRIC0.5,BLS-G,18,816.4835072050148,-1241.5841890469533,233.57761075543232,1504.2390489132365,-0.0538483346582793,1.236996332524299,-0.1060907578414829,1.2427046385700087,-0.06514785880139991,-0.13739536664044913,-0.0998954645089235,0.18193634631410013,-296.38601505371145
deltaRIC0.5,BLS-G,25,1299.182427620178,-814.1725806932351,1234.000596162245,1968.123330159601,0.005487634350319156,-0.554721550014234,0.4433610397263945,0.7101514794240921,-0.03307670266637201,0.06690299577229643,-0.11127958273903792,0.13398964376832218,53.65241287405128
deltaRIC0.5,BLS-G,21,747.452685396042,678.4033202941014,388.1300082055202,1081.4626600865297,1.2393569180294786,-1.6052229901539852,-2.5336688844808872,3.245338878233374,0.009121126262606851,-0.06432991836054981,0.050969058728964664,0.08257952705295708,-65.14851836476346
deltaRIC0.5,BLS-G,19,-465.8994427524357,-1321.7732671489916,-29.139249039008035,1401.7831345615866,0.9290439589958662,1.1288979441041675,0.7267924139940558,1.6327156699770586,-0.0691350234230784,0.24813861083934813,-0.2420728651286076,0.3534850685454254,-50.03266589730919
deltaRIC0.5,BLS-G,26,5.364255151391547,-814.4656596411559,-1824.944430957438,1998.4507154419896,0.9465189725004315,-0.5978459709672033,0.8411994638485469,1.4003337131855655,-0.12750183952718205,0.24124511067341223,-0.010683306824548175,0.27307518296496597,-98.86459145651267
deltaRIC0.5,BLS-G,24,-1885.5618511029975,-1252.7322466551425,1349.2411309035115,2635.3620634490417,-1.2944265402917972,-0.04182246173831621,-0.07802773880419807,1.2974503900113254,-0.12714729269252537,-0.07472132654852588,0.04536473479500749,0.15429734230773878,13.531261093142573
deltaRIC0.5,BLS-G,31,418.9250882286721,-1199.7406277075695,394.89501910437724,1330.7208119786058,1.0312241311036112,-0.3551698340388698,0.6688502000308195,1.2794254216885264,0.08827435146323089,0.08020681137837161,-0.16197038171314032,0.20114645975020312,244.85962148033576
deltaRIC0.5,BLS-G,27,35.867148009079216,683.3927995350406,-37.229935686043106,685.3453427826239,0.9317935797534782,-0.7760315528963501,-1.7323671518345019,2.1146063924796277,-0.0143830865664194,-0.11184242924310268,-0.07991006026727594,0.13820716294785598,81.03525887553947
deltaRIC0.5,BLS-G,23,-11.017456998423807,356.5858511830404,-21.09316324020464,357.379035700366,-0.4352385460408071,-1.093730790799422,0.50290891142711,1.2800769538958374,-0.09375672180071574,0.02039257918328412,0.2253392448516407,0.24491622126529514,-46.388151351559365
deltaRIC0.5,BLS-G,32,-31.342260076104285,569.121061839632,-1693.9059368404633,1787.2320619213153,0.5987719850404624,0.00659631602819792,-0.0806839971141934,0.6042195866113268,0.08185132479659844,-0.024494516925946088,-0.07838473576382328,0.11594734809885954,173.9296949395379
deltaRIC0.5,BLS-G,29,599.3515781603077,739.8756493368783,225.65031025156156,978.548084276672,-0.8605283531687403,0.004396399976429032,-0.6744915296587822,1.0933742262013957,-0.007986821818536471,-0.02257546532467025,0.03255620095341292,0.04041469012507016,174.26317985321376
deltaRIC0.5,BLS-G,20,123.9083570315129,-429.97166276346337,934.8875123613086,1036.4572217370778,-1.0118962024729325,2.267493293399191,0.6991807342616229,2.5795955999636986,-0.05726191209984779,-0.047790513106151886,-0.14510727052156644,0.16315323986516184,75.56810447846934
deltaRIC0.5,BLS-G,33,2114.968981008593,169.34455968934972,-442.1586361484029,2167.319918711938,-1.461417105866295,0.14085721226778522,0.5813455753253367,1.5790957505853838,-0.13736447184842235,-0.0598548294137546,-0.01896312809488789,0.15103376760674683,-166.344153969158
deltaRIC0.5,BLS-G,30,352.63156693412157,-180.48213053358154,692.1743727902287,797.5137514726007,0.6558111904512469,0.6899272748066075,0.3946758623592211,1.0304644575977129,-0.03658387045183702,-0.05567259220018584,0.09434362138045528,0.1154925798253017,-150.79851152411598
deltaRIC0.5,BLS-G,36,-215.8585161367498,813.5706593318647,2401.4807191387567,2544.720369924689,0.4201834846972547,-0.8334791612172461,1.1507200115768206,1.4816876249868223,-0.18327787560409076,-0.006528018895656955,-0.09967293347984779,0.20872970173199784,182.16727331366434
deltaRIC0.5,BLS-G,34,1210.8545408781272,1073.982051409893,-375.91234018152323,1661.6005095739865,-0.2511154090258257,1.0266138598740793,-0.04705318311673851,1.0579267309115414,0.03840829028089751,-0.056606094820769996,-0.0790535439558609,0.1045414250196587,35.95256291968547
deltaRIC0.5,BLS-G,28,754.8000330619021,-72.60964423757098,1495.8840105675374,1677.0999443736725,0.24477386120566952,1.2797557125790577,0.3187413781736211,1.3413742927193302,0.04383082819296581,0.06892346234198202,0.17097874596534077,0.1894869830177483,-93.13108742809304
deltaRIC0.5,BLS-G,38,-325.1159668106905,-1149.166274942089,1309.6729695497197,1772.4352756895548,0.4535077315615546,0.7242675617274358,-1.2867103345003505,1.5446217169477827,-0.0306903492005476,0.025409152993667486,-0.032782702464588184,0.051596784500479,34.44547396590407
deltaRIC0.5,BLS-G,42,312.0621317267384,858.2704301818718,-1262.9629368673227,1558.5526251246522,-1.9111593252604877,-0.5674472812283516,1.801528407832186,2.687011534722161,-0.20388221304462942,-0.18131259834411476,-0.01881969440752957,0.27348929780132664,-213.85380983817947
deltaRIC0.5,BLS-G,39,491.57631803868435,-803.4171787820785,-979.4555480651917,1358.844954457391,0.5479799809666202,-1.2129112154848225,0.5821297512953816,1.452690856146713,0.06316568521811314,-0.009552875736608527,-0.10279614828651223,0.12102978693881705,61.5961260849984
deltaRIC0.5,BLS-G,35,-704.1234878453205,-1610.926575053682,-743.8237879380262,1908.9652023680576,-0.05198567549646117,-0.7271398491890634,1.1157397108792253,1.332782792944287,-0.0213841462488414,-0.11145730232365342,0.09337010656135888,0.14696254200080247,85.13310656979576
deltaRIC0.5,BLS-G,41,-747.659065093152,-890.1212216180824,-617.4485891990598,1316.2646493371851,0.37890460465480047,1.6162251091978954,0.7661915321349458,1.82833305689791,0.018793969706060943,0.039152786354608934,-0.12618129233546024,0.1334461408662269,-47.84459638020512
deltaRIC0.5,BLS-G,40,991.682765525906,-1114.1599486968341,-1795.2893730281921,2334.0632021496763,0.9447977997806756,-0.11400843786618166,1.0663531613699013,1.4292480089678892,-0.07101454029942747,0.15650841238964672,-0.23940280154731727,0.2947060390819484,122.79767038589807
deltaRIC0.5,BLS-G,46,-191.88395674444158,1088.107951751033,-525.9821572587003,1223.7056824556496,-1.6827193825313944,0.922159116830929,-1.1487201171692456,2.2363988608230336,0.0650716450259349,0.07994720401607879,0.3113365392096063,0.3279577946373352,11.210925009238691
deltaRIC0.5,BLS-G,37,58.34211555920497,818.6870675257014,-33.379814750538294,821.441738052393,0.05802986794386743,-0.4777649147405224,0.8642072958448344,0.9891820002011977,-0.03634713191654042,0.20484323440154398,-0.15791212405391178,0.26118595598129374,-137.76588832040997
deltaRIC0.5,BLS-G,47,-807.694739380652,-377.94819741043096,393.83209130170377,974.8432428283262,1.8049635761877196,-0.3056214377942277,-1.0223412095869253,2.0967783677402414,0.03799138076575548,-0.037512940180611826,0.16367685054376865,0.1721646801681749,-63.301005055123206
deltaRIC0.5,BLS-G,43,-730.9191518332293,1282.5080832560843,246.28021903198456,1496.5706586794506,0.9159842692443994,0.31717255885675216,1.0827849209161906,1.4532889590712568,-0.02902573985364652,-0.0902702618701715,0.11034720670665915,0.14549130482651898,-155.69869846386248
deltaRIC0.5,BLS-G,45,317.5647906296757,-1003.8784163911636,619.3777133969791,1221.5760406117051,1.0566159791452394,0.9527802063730111,0.794179361486912,1.6294012112592189,-0.19365886426903167,-0.0278874096790126,0.07009250415691255,0.2078326790174325,33.56754581794837
deltaRIC0.5,BLS-G,44,299.146483678077,83.15108305520009,-2156.23137179144,2178.471126732646,0.0715334021429775,-2.602424977052608,-1.479239324231959,2.9943082284834404,0.055389483955994676,-0.10493254549269274,-0.11953684418490002,0.16842770304843704,127.03164827847716
deltaRIC0.5,BLS-G,49,603.3788315355432,-170.46909214076757,-294.0583085258043,692.5287102594029,0.5134451423590478,0.060999486039776854,0.07318955197328075,0.5222102661067373,-0.03922977237202533,-0.11735352021128288,0.1174267846318049,0.17058685030008966,-169.46262886352292
deltaRIC0.5,BLS-G,50,-1427.4635781363095,-1458.5883630204398,1422.902088105729,2487.927376749572,0.5529161277952818,-0.02711077640170785,-0.4620523346218046,0.7210711466302697,-0.14907289882732488,-0.20863468383076197,-0.07055971134839477,0.2659508099771697,-192.87022024351612
deltaRIC0.5,BLS-G,51,1660.5748686895847,228.6869458865011,-480.79760260723486,1743.83856718883,0.4088096030306921,0.02686515258941397,-1.7238897201023746,1.7719037205865358,0.005506308448036385,-0.11522150702777283,0.09825320665062437,0.15152560091154998,179.16095854738876
deltaRIC0.5,BLS-G,55,-676.0948636728864,-30.11491542978184,343.63249514959705,759.0088698684223,-1.2854454005665257,0.8806439462223106,-0.7414970331153995,1.7256075706760734,-0.014111707791875398,0.021020952687731097,-0.0844560003699648,0.08816936399449982,-122.55649328114467
deltaRIC0.5,BLS-G,53,1675.9243668483641,-665.2012677370448,371.4459936944627,1840.974561537103,1.085370943114184,0.3707168304211126,0.256050995429825,1.1751694196049578,-0.03148917220448902,-0.07589342588359475,-0.07002634146579603,0.1079586428108325,-36.303342846556546
deltaRIC0.5,BLS-G,48,-1031.841628725968,-957.4359919226794,-842.705547632288,1640.589365262087,-0.8637949296185866,-1.121529061474705,1.1120669093906133,1.800183859256799,-0.1464276309529694,-0.1731550480516235,-0.2644004635103883,0.34832646594361333,-11.439621354196131
deltaRIC0.5,BLS-G,52,-681.8743630211662,-210.71969286452313,191.09262525352818,738.8313930341113,-1.2324261319950096,0.2997991570152371,0.6804537003216516,1.4393647708807715,-0.019017057977116458,0.020971821129992223,0.1359817833185602,0.13889748439086022,192.71703541911904
deltaRIC0.5,BLS-G,54,-1914.375970546227,-404.89986036115965,-1224.142496401279,2308.095341406167,-0.9178751254966833,-0.38838960701945957,-0.6401833366736153,1.1845572748503324,-0.117027013411267,-0.08358569387612166,-0.05332920987695425,0.15338153316098332,10.688528984598308
deltaRIC0.5,BLS-G,57,-1202.2562037244275,-99.25486633678221,-1017.8062182987204,1578.353891208479,0.5734001447912616,-0.41158172029771833,-0.9567538887693653,1.188934498702587,-0.061313400368999814,-0.14904934946188164,-0.06497873745397369,0.1737736400059912,-334.8629772017105
deltaRIC0.5,BLS-G,61,-429.21608397157786,478.8636952533958,-24.90627662237262,643.5504704270083,1.2916453051886938,0.31801076442177856,-1.4269280022937514,1.9507952133512514,-0.11977319271057246,-0.045904309568104,-0.17508955113807723,0.21704647946175404,-135.96902820090978
deltaRIC0.5,BLS-G,64,498.73246143848917,-5.79964657597963,929.6934764807802,1055.0344374492329,0.5113148238419627,0.8854960816008648,1.4923446979161885,1.8090436304881048,0.021073896800930473,0.1347895158221797,-0.14131511976390942,0.1964237403570199,87.80435954534454
deltaRIC0.5,BLS-G,60,-982.4538900456199,-348.0440006450926,-310.6442496641753,1087.5891330370264,-1.6219276439631527,0.14967880548555365,0.05798452773457811,1.6298512915355339,0.018287359397981758,-0.000871988357285601,-0.06473111103313814,0.06727038436809063,128.90571538085692
deltaRIC0.5,BLS-G,62,-576.8021243325462,-2611.829609563589,1069.0161447641049,2880.477411436156,-0.1790309004363123,0.4429326026456953,-0.47799510551952984,0.6758111235383394,0.0626340813284319,-0.03177045710781728,-0.07767579914040293,0.10471828809141458,113.31504830032367
deltaRIC0.5,BLS-G,58,2317.4694003069903,148.228745279339,-206.74366864600907,2331.3899559729466,-0.7051221103374167,-0.0048769522721105515,-0.6309212615208419,0.9461937504492445,-0.10205107719994773,0.004577453160512751,0.06708642917166598,0.1222127833498253,-35.82072676681069
deltaRIC0.5,BLS-G,56,208.5089001579946,-908.7137351777477,1815.8766088721466,2041.2360158969361,-0.2455551026367759,-1.085149095023351,0.10995288751208497,1.1180051450387876,-0.05626726785192361,-0.07554367875465486,0.12720240780305042,0.15828235966841078,58.86709332784463
deltaRIC0.5,BLS-G,65,-1960.1340098716412,138.20034734766077,1005.2273730194727,2207.1943149913473,1.3885866915172045,0.870587428921323,0.8575558663434033,1.8497290437127598,-0.021351471564825406,0.1839482555537071,0.1797706849559596,0.2580898007065959,-55.285037075976796
deltaRIC0.5,BLS-G,63,-16.726427610251267,-1277.569623415483,-965.4926637101502,1601.4493434800556,-0.24166020921099712,-1.232926935227201,1.4256928465006717,1.9002917083668573,-0.17527522973878987,-0.04073519046540935,-0.12245526909112146,0.21766041172068407,-90.8751176348378
deltaRIC0.5,BLS-G,72,-213.02788871141868,1288.4160892893437,-53.4753549514145,1307.0028745552438,0.050882726814277496,0.11299318957551574,-0.6432591848897237,0.655086934477781,-0.014256193972867684,-0.08723211726123999,0.26842829236644794,0.2826064923019958,-116.07546213332401
deltaRIC0.5,BLS-G,70,251.99152428694194,990.0078941695839,-1114.3710540511731,1511.7665841450766,0.037632729418446,-0.9471428396098216,0.6691786036130758,1.1602998683448966,-0.06282179729388383,0.052401998931889404,-0.18667272873780036,0.20381181359702377,65.29787557917336
deltaRIC0.5,BLS-G,11,903.8350263082697,483.5902540886392,180.89184314998602,1040.9126512582045,1.7455520527565231,0.5476893639818975,0.005034523288413314,1.829464663426476,-0.11540184225245147,-0.24418051285774128,0.11800058000172862,0.29473012220584716,28.48420588061895
deltaRIC0.5,BLS-G,69,-1071.86452195416,-724.9931181477463,-605.8225620436123,1428.8210354927933,-1.512514045648869,-0.7383299367296787,-0.7766620748603242,1.8536541781796043,-0.056600354257251864,-0.1127105364979811,0.224946131886087,0.2578915031369238,129.6552864784547
deltaRIC0.5,BLS-G,66,157.77371893420943,1098.2400932466653,-289.9941791396846,1146.7870215239072,-0.4281264081969193,-0.7663003499549658,-0.3973746698048632,0.9635429808468443,0.12863258069948488,-0.20281068186058962,0.031214093863955482,0.24218347001790733,196.6099452318889
deltaRIC0.5,BLS-G,71,535.3250336072798,1085.383386583267,1093.3870786127677,1630.9890530457155,-0.09117600891661308,1.5746414429107078,0.9141724080584113,1.8230523662224276,0.08223975086397839,0.12484309545650504,0.0350509111159184,0.1535504525404835,305.40109692719847
deltaRIC0.5,BLS-G,59,177.2464711795738,-1448.0193242693742,589.6105328745282,1573.4728645514456,0.3067173127447097,-1.2699066606595975,1.1294311597502713,1.726949096337176,0.013193680520238569,-0.0602801178204477,-0.002305138129810319,0.06175013742425748,38.04860328712249
deltaRIC0.5,BLS-G,73,-296.0636665928437,604.7453638023114,476.7503138717188,825.0221278811683,0.4459845590463795,0.27607156494152574,2.1885836484121075,2.250559068759118,-0.03235393468095031,0.03993963537009249,-0.03605481946604935,0.06278456473978739,76.07795926356256
deltaRIC0.5,BLS-G,67,166.9015303517654,1171.4050788519219,581.8537177912104,1318.5597174573825,-0.9796519810561979,-1.361187526449211,-0.9469051585609064,1.9259228607235312,0.10664187624791985,-0.11046989191287399,0.07869894282376655,0.17253872142361895,148.89302612510826
deltaRIC0.5,BLS-G,68,-135.48696787993754,-1313.1589149121855,-666.0152246875948,1478.620753876502,-0.10714009172084236,1.3409453829233886,-0.0026702257997519925,1.3452214127582587,0.09237620921274303,0.01796989347654186,-0.10597749348928769,0.14173041390734292,-142.14456957660977
deltaRIC0.5,BLS-G,77,-1762.7928825017816,-902.0426404569025,297.3116074694759,2002.3770533387271,2.0586366136744876,-0.06246993250472803,-0.21182970149543373,2.0704489904520593,0.04752037334774293,-0.25423207776826756,0.07500590627683376,0.2692917028537799,148.95044932763332
deltaRIC0.5,BLS-G,79,426.80670662389815,-386.9845025574549,1785.7145888698064,1876.3521958686863,-0.9597699670365337,-0.6380572817813281,0.19200824673542033,1.1683931920693034,0.053156295140080134,0.10636266979043985,-0.0958276254761432,0.15271392550244206,6.100978164008384
deltaRIC0.5,BLS-G,75,-1784.5875801822851,10.840379547261103,38.461192711798766,1785.0349040045146,-0.64037886146036,0.38095789500377736,0.15278861423980522,0.7606302417155764,0.2044437723771305,-0.04655773783773715,0.04179724708703866,0.21380338837449317,-57.234760931546255
deltaRIC0.5,BLS-G,74,25.719793623994796,-90.43157096225424,527.3960344167548,535.7106998458038,-0.09488321052412128,0.07798531607298678,-1.886163990016889,1.890158493459953,-0.008805902000633178,0.008179320242761643,-0.014932266132460629,0.019168144446686446,-10.115514968621556
deltaRIC0.5,BLS-G,76,95.55514852494989,-564.4267097776954,-154.97771338442647,593.0652483209293,0.8333598879564863,-0.7740367381483217,0.27448322711698003,1.1700267590216442,-0.06945090551031419,0.03140511247796589,0.05933370656756499,0.09659295057612736,151.55784127937346
deltaRIC0.5,BLS-G,78,-261.9369718641336,633.5658261715306,878.1415639240861,1114.0687768772652,0.24688652677485018,0.0667824801132928,-0.37336194576938025,0.4525615972458653,0.047950058363316755,-0.22251077323562046,0.06249656516076591,0.23604252362625905,194.1806320012501
deltaRIC0.5,BLS-G,80,226.66008130756632,-50.53547827043853,-103.70757528786802,254.33027384576803,-0.6754460244840242,1.3153891868234606,0.012336275068602453,1.4787252038448275,0.039571409472490604,0.06455133306617628,0.08554730400044576,0.11424146475778672,162.28774203102367
deltaRIC0.5,BLS-G,89,-174.00878829204737,1543.1975238280088,-193.66192672861763,1565.0056222953338,0.6764763225604961,0.26894896861812445,1.2484977930971817,1.4452337188407478,-0.0076984005032491275,-0.036539370889754105,-0.17994553172439215,0.18377917559642512,83.69323699566723
deltaRIC0.5,BLS-G,81,-637.9277954589751,-692.1980836427108,-1352.9727327673074,1648.2188188555624,1.059126830874443,-2.48970700279787,-2.0677370978691267,3.405279329153944,-0.21499746401020203,-0.08230672884730579,-0.1965105207078405,0.30267918972606733,10.913707429418944
deltaRIC0.5,BLS-G,82,-870.8467717729609,1654.3658285465658,-1597.9442879794035,2459.415853827074,-0.24120968571067994,0.5774155773257381,-1.059662054419426,1.2306398868050146,0.06653038385467715,-0.11510482184824905,0.04823881012559856,0.14142982284829952,197.4415576987118
deltaRIC0.5,BLS-G,85,-550.5837611589847,227.35769507456982,419.9805462723959,728.8468006439042,-1.2706771415268008,-1.3842676285936595,0.41060914831177414,1.9233868925019624,-0.13824111805375427,0.09051262253135149,-0.0512052362092474,0.172988779328313,-103.21071694655262
deltaRIC0.5,BLS-G,86,-1866.7953521316538,-2494.5583151338456,-1933.1481032337463,3666.7161961869897,0.9216620121099642,-0.6150276753381828,-0.782689088193778,1.3565847245108154,0.049050478826999935,-0.013022716959069324,0.18363791493273882,0.19052145399140175,94.40138773050228
deltaRIC0.5,BLS-G,84,-548.9436919680373,586.661811258729,-442.928204654948,917.4402717451026,-1.0294923606515578,0.22843028305960725,-0.5927071872275128,1.2096845558449358,0.04955662215032724,-0.09150017046630092,0.0066027571583970575,0.10426761911737122,-29.533085914060738
deltaRIC0.5,BLS-G,88,1277.8087673291636,1947.501353151597,-1486.71129265766,2763.307299977038,-0.3847834093275808,0.24916344036803498,-0.9715747619193453,1.0742896304574594,-0.026455644550167898,-0.07965048238620813,-0.02466661508222855,0.08747881099177848,-38.396545736686164
deltaRIC0.5,BLS-G,83,-1290.0217338523935,1730.8261747323984,-789.3029184803121,2298.4591399613482,-0.6519518932089234,-0.973070896329179,0.5656997731331158,1.30073997157942,-0.11073428556548802,0.005170170887753717,0.01957128773268158,0.11256930296587538,-33.09200965290383
deltaRIC0.5,BLS-G,92,205.40628504343937,1091.148208967912,324.43499744411395,1156.742937491209,-0.5162330422563404,-1.0271198694364922,-0.5003689487467063,1.2537307785080325,0.05263393170764184,0.03182286747874582,-0.10367101326618539,0.12054337249808514,-28.96583810757271
deltaRIC0.5,BLS-G,87,-1821.0206164079457,1723.2544230489664,74.25354528178816,2508.233537956048,-1.9794287514625521,0.3300537415369351,-0.8818215798269556,2.1919587024092486,0.1408761727293295,0.1303888217977523,0.045425861119801965,0.19725833252652578,-52.18200291619099
deltaRIC0.5,BLS-G,95,929.6271825112775,825.2553928464343,-48.931415495333944,1244.0447923239562,1.6202396814164977,-0.12984006615565913,-0.6247354719568208,1.7413585150499742,-0.10019639190536064,-0.029887774335982182,0.0027374436758901845,0.10459488325673434,-96.4679128227201
deltaRIC0.5,BLS-G,90,1149.280498500209,588.5601516358797,142.72491710130646,1299.08395351806,0.5728752656183721,0.5570505916129745,1.9545449818111893,2.111572285643328,-0.052040965449442214,-0.16341209787383315,-0.06192726971255809,0.18233694784790375,285.69774127853776
deltaRIC0.5,BLS-G,93,399.62824350798144,-104.32184554889619,2.965443870784138,413.03096049249507,0.8290710567099796,-0.9576038231359917,-0.8818222204183433,1.5433646126506877,-0.28922321856834765,0.01851709248212526,-0.017090443973683936,0.2903188525539521,-142.9786806148855
deltaRIC0.5,BLS-G,91,-781.6142438733476,-2707.40202254976,-103.10900404293415,2819.854252376701,-0.6849667111279247,0.03322383024976805,0.9240424404055333,1.1507118014170554,-0.10065770768964898,0.11088023052516634,0.1528012217283667,0.21395002453921413,-66.29393841414225
deltaRIC0.5,BLS-G,94,60.20346846574813,924.6544093355221,-364.1909345601079,995.613012738732,0.23146287845127073,-1.4680304736372967,-1.3582870346160498,2.0133634058546797,-0.025921308271084055,-0.015772150425513356,-0.11556115181673536,0.11947826061983055,-260.79295779929834
deltaRIC0.5,BLS-G,96,-390.75990569954126,-552.9037651903044,-4.7100802991279895,677.0657739986226,1.0728994004097478,-0.6320605558631717,-1.2899358597433368,1.7929161140247023,0.028615933125875997,-0.026927330495246465,-0.004585942623103741,0.039559873938212156,19.737507762494726
deltaRIC0.5,BLS-G,101,835.1509845703031,-657.0133182941994,324.6619984338797,1111.1026418255797,0.2802668941514156,-0.6155162361294366,1.4370940911980028,1.5882849857164938,0.12362198236037866,0.02277672377525591,-0.03308761449725389,0.12998447561829438,-14.307207669972057
deltaRIC0.5,BLS-G,98,-605.4894047529702,1229.9785078558264,-1577.0905324647892,2089.6600433193494,0.24802156821120164,-0.3063641139015415,-0.21353735091955145,0.44829886105405187,0.020794085462511096,-0.01953362906329522,-0.09458012396924698,0.09878945543246381,90.79195563267227
deltaRIC0.5,BLS-G,105,-78.04550782390866,-2009.294631601962,351.6131572889768,2041.3201194949015,1.1420541778949833,0.05511893852673009,-0.49547784021520297,1.2461236426518927,-0.12618697222078287,0.05012813423683011,-0.11872356852952592,0.18036426343569095,-118.17060474365802
deltaRIC0.5,BLS-G,107,651.9703802551462,1346.5108853502484,669.3740795644446,1638.9687609864616,0.8839681129274871,0.6163888026359647,-0.2778392020655305,1.1128923590770095,0.009317000737676873,-0.11483680989651987,0.05540574219122547,0.127844028713569,87.78655584615437
deltaRIC0.5,BLS-G,103,-946.3231807631058,431.3273921147751,600.1475585953149,1200.7281014976088,0.405486401157275,-0.25860263189498084,0.4758988059166811,0.6765901390202287,0.07604939280793484,0.1554593661917879,0.08762611307585257,0.1939831445667125,5.182031743653603
deltaRIC0.5,BLS-G,102,-65.98898681667931,-512.1727286249935,754.2151176877785,914.065585216429,-0.9498037857846365,0.29304822220539745,-0.9030253412327405,1.342929357388943,-0.03309446824326572,0.152682007270315,0.0910697528073151,0.1808334566632583,-15.839024014780922
deltaRIC0.5,BLS-G,97,-1162.333244600598,-1238.3995331359715,3110.987067073796,3544.41708982952,-0.20549004415431013,1.1364707278452248,-0.7477245776645028,1.3758211793467765,-0.05678684298537572,-0.18644991680932602,-0.09652278436220665,0.2174970457626571,-45.174611209325114
deltaRIC0.5,BLS-G,100,-13.800738789073545,357.5461139841666,1613.5408335741045,1652.7382447403213,0.23738912982157237,-1.18817519027507,-0.2406790907279704,1.23533003948592,-0.0999986236299114,-0.028501419865542537,-0.0061523636353503185,0.10416288801934304,-313.54854583240245
deltaRIC0.5,BLS-G,110,-912.0040266422207,-417.5854790948236,450.7092454520712,1099.6671318623892,0.5091231523424795,1.0461570097411117,0.4578369994577025,1.2503061990384758,0.05130378798773644,0.10014370878659339,-0.18370105538062123,0.21542265159304555,56.223376543150614
deltaRIC0.5,BLS-G,99,291.37128411193044,438.6625467638508,-907.3641725299382,1049.1100022063092,-1.4041999499013817,2.0998093854939532,0.7063573513802056,2.62295971424656,0.16724043311191863,-0.08058112142719123,0.09677692792401899,0.20935246207373975,-113.7527820514142
deltaRIC0.5,BLS-G,108,-527.1523209613104,1797.4221847510619,777.7132055200381,2028.1651584056044,-0.4316002838381376,0.2450386582493405,0.25042477255079554,0.5559094492387369,0.006845425371086626,0.08423538248871708,0.031038955417577768,0.0900326399976473,115.64951887323762
deltaRIC0.5,BLS-G,113,-235.80650193906826,946.7314120438751,-394.50776920086014,1052.3979536597212,-0.009416702275880765,-1.7241873895647017,-0.8465206484773418,1.920809214085093,-0.0464276189788176,0.15574563848201028,-0.07133159254340263,0.17748358742427234,98.26783808644511
deltaRIC0.5,BLS-G,111,29.90760479589177,948.2126192710492,-12.17360954223045,948.7622636565904,-1.3468787128488904,0.3640898250630046,-0.06372614847420048,1.3966763010229855,-0.02400604513254727,-0.0922746193789075,0.04318303286774277,0.10466933606402928,61.21393850788512
deltaRIC0.5,BLS-G,114,693.339264184508,-204.68848480355916,-1076.5945361735744,1296.7931625320539,-0.45257883989183095,-1.8665135856031825,-0.7300741898181097,2.054679754657074,-0.087923018127205,0.11681177694590687,0.07916314433392645,0.16625959151486927,47.19700497271292
deltaRIC0.5,BLS-G,109,133.09528041072926,188.5361417192191,-85.93088814256717,246.26073162189402,-0.5185349634530199,1.555618147732277,1.0678906690130483,1.9568384733652293,-0.14801799949491903,0.08333782431711342,-0.01403397898003682,0.1704449286496962,227.40313851365792
deltaRIC0.5,BLS-G,104,-1317.460409755589,497.5586260860104,-998.0520093529195,1726.0864205014077,-1.3072070069399848,1.2099858733386175,3.321443300218999,3.768931091071006,-0.037903924555359715,0.019474819804346434,0.11289073487457672,0.12066604378876494,20.98503019425864
deltaRIC0.5,BLS-G,106,-1834.9695633352521,-375.68763226723377,-908.4541299153705,2081.716455611959,-0.10018583801901937,-0.9350088301619207,0.03381049997362131,0.9409685778647462,0.11899140696842028,-0.08938289465136304,-0.2214366806677564,0.2668004129189736,-76.77176115830659
deltaRIC0.5,BLS-G,115,-1053.43852111261,1831.3579604420886,-2734.9043232092167,3455.9089042026258,-0.6116740415765403,-0.755157979341737,0.5690904140596301,1.1261760991410872,0.0023334705967942154,-0.0595867798758302,0.09848369519786039,0.11513065465297162,-33.290842738807044
deltaRIC0.5,BLS-G,112,799.0460472381574,1048.3341062186896,41.10130067608926,1318.7753033726135,-0.7117683326894104,-0.6822954244718739,-1.4139365125375833,1.7237626481513229,0.029905536912569627,-0.18918484471668803,-0.028980999284992617,0.19371408035572213,160.55250505237044
deltaRIC0.5,BLS-G,122,359.25711936790697,993.7809709976707,32.46582198465503,1057.2229309520008,2.107149974745342,0.8827827495798678,-0.40859620412980996,2.32084839165646,0.07492927925925119,-0.18143339987109253,-0.057367804473381905,0.20450804499870118,114.56656636188782
deltaRIC0.5,BLS-G,120,348.3033350774498,-586.2724068253962,-107.44119219114441,690.3435072558962,-1.6024494068195314,-0.6636679818381149,0.5147563793887505,1.8092190087589617,0.05027825933960677,0.053767714055792,0.11919957294948536,0.1400978537606692,-145.7460445234335
deltaRIC0.5,BLS-G,116,728.4262262929517,673.4788231431173,-230.8496259391684,1018.5627335465807,-0.8684266092938775,-0.2168916419361849,-0.1555437153483827,0.9085156066110333,-0.16091964172382692,0.13022242768555922,-0.06367881615381062,0.216582555603161,11.408151874592463
deltaRIC0.5,BLS-G,124,-632.4827449897115,-800.9564362934407,799.9670209048804,1296.731610660062,0.1585065413752711,-0.5860926312480179,-0.4775663783499643,0.772462647506193,0.08197101135859747,-0.05744170102549083,0.11318601490627454,0.15109556476024236,60.29009950611065
deltaRIC0.5,BLS-G,119,-1211.064670795074,926.6762155027938,-341.61605645683534,1562.7245359485726,0.008141376733201991,-1.0879480220023112,1.4596884221886304,1.8205459264916628,0.07813422230027262,0.13711958396686721,0.07421126115141767,0.17439623930406034,-157.1679107043011
deltaRIC0.5,BLS-G,125,1745.1348400666518,1132.528720074367,2184.575925941473,3016.701657110094,-0.38903371069421794,-0.29223496768548096,1.539779156562976,1.6148276550085572,-0.2792517540571622,-0.026103196744856248,-0.036148284678211455,0.2827889982115278,68.81736463585861
deltaRIC0.5,BLS-G,117,449.39965820978375,-170.93532087081923,1855.0162722284094,1916.3152942437382,1.4030283334787752,0.263688765923173,0.39497349786938873,1.481223931023765,0.04525362684103101,-0.04074215966808201,0.03508026799642721,0.07027403161472896,-161.789284857806
deltaRIC0.5,BLS-G,118,943.021729007945,-19.99102800228197,-2029.8471329527854,2238.296004941787,0.10062821278367767,-0.21167691286150567,0.2354023160852869,0.33218579600117143,-0.02384471441991547,0.07052657864817213,-0.09673850967718355,0.12206927523396978,-56.080167749962776
deltaRIC0.5,BLS-G,127,-776.030663257888,-212.21707107227792,-609.4329263998411,1009.2909230500629,-0.1222203914133104,-0.09544798749728428,0.1138968429797052,0.19240746668268402,0.004633781802623059,-0.03874855252707028,0.08090596134572421,0.08982592519987348,83.61311574073443
deltaRIC0.5,BLS-G,123,396.2680708862394,-1463.7796610030623,-107.41812136240219,1520.269033022501,-1.5866508141369475,1.0594947666346806,-2.3078925074811503,2.994387715813593,0.015117980928225508,0.04148601335556634,-0.10130885785594337,0.1105130188328966,163.62334093728407
deltaRIC0.5,BLS-G,128,474.4213464750423,-255.59447046064233,-766.6478024856721,937.0981807566155,1.823961847271571,1.1163937462477254,-0.4020629387087133,2.17596563016203,0.030117709770407737,0.1930919322336403,-0.03590010621722639,0.19869672458785875,-67.18443120092164
deltaRIC0.5,BLS-G,130,315.6290239735401,2409.0620556115764,-1528.1600009948938,2870.274317413351,-1.4032611396483599,0.8277979407533506,-0.9191771500429918,1.870635691395804,-0.007870169807078593,0.09922465984943116,-0.10035762422708047,0.14134753423930485,-38.13308035989702
deltaRIC0.5,BLS-G,121,107.28254636749142,323.316610429969,1129.8389377459082,1180.075930006972,-1.6288174573451937,-1.8099410906031907,-0.9302587983509893,2.6065905878591207,0.12964377257916235,0.09426790618577516,0.12329210006697622,0.2022248447746541,6.6217573744744485
deltaRIC0.5,BLS-G,126,42.898514786997126,895.2320498364301,1020.679637886095,1358.3326650053575,1.1705883104220598,-1.204198590601013,-1.7408461568713283,2.418866796662419,0.07140176253215635,0.029085150085977465,0.0913765964342303,0.11955684850365733,-201.194932628059
deltaRIC0.5,BLS-G,129,-81.17537425280224,1963.4193594945068,337.6418053226183,1993.8924272197883,0.8690366440387081,-0.21420811440697532,-0.3834722130613533,0.9737354585050417,-0.07771701124233839,-0.06977574180502022,0.022019007959141784,0.10673998637992863,-173.40896038198278
deltaRIC0.5,BLS-G,131,-1293.445676873362,291.7026718454823,183.4396315682557,1338.5597731196317,-0.3537257581420921,-0.2217410226596306,-0.22813050074634272,0.4757462753129169,-0.06036512842664844,-0.003996368632632322,-0.032820622027328605,0.06882668757447517,-50.04067325164572
deltaRIC0.5,BLS-G,133,-139.74294403996404,951.1835918627338,-618.9254936561853,1143.3927945091316,0.45263441631020895,0.32379464609060665,-0.5504913345424735,0.7827909025223646,0.006254363328845315,0.07966266125745498,-0.052641646117840085,0.09568907756512826,-191.99457516580324
deltaRIC0.5,BLS-G,135,603.3513007398415,1266.896096192292,-209.28047742289175,1418.751855992471,0.7279519452971073,0.29666928105471635,1.0693740662650202,1.32721045451863,0.12710216564262702,0.08714264498166567,0.011366632031165736,0.15452508343042026,-88.48712702861522
deltaRIC0.5,BLS-G,138,-84.84248088051989,2108.474561867685,-1838.0646504162694,2798.4540167233354,-1.843525059010378,-0.3265442329781073,-0.388416984607302,1.9120887880069553,0.06644340895203983,-0.12296549596475631,0.09178218065216615,0.16721007289123874,-210.89750152529805
deltaRIC0.5,BLS-G,134,319.8376996866555,-1146.9509614565677,-587.6828463297196,1327.8417789771481,-2.6509917018630125,0.5187199052443567,0.8637256484868995,2.835991773489017,-0.1501568191000102,-0.07327588131934071,0.0006417686202700487,0.16708332344169258,-41.10307240199492
deltaRIC0.5,BLS-G,139,-982.1897797719947,-1062.1025695695596,604.6124744978645,1567.9014242270628,-0.5765662632303453,-0.8622413158400366,-0.5705289307860264,1.1838040393159706,-0.03198424132735714,0.012541235383796989,-0.16017432637467652,0.1638172430112893,292.8015957074655
deltaRIC0.5,BLS-G,132,-43.123555673711216,-645.5262608366734,-1686.7617899774386,1806.5794005832163,1.2211049862137973,-0.4280859203681372,-0.19012033583433696,1.3078611106196996,0.12205001170210487,-0.05153792822418669,-0.012924793636192226,0.13311428808607853,52.258112035971074
deltaRIC0.5,BLS-G,141,615.5197848272315,-550.0178040644307,312.8839194523039,882.7686771479014,0.2859806097358346,-0.7677294788554567,1.049355702096292,1.3312929247053606,0.08827546423105241,-0.058063069623788266,0.04749821589606544,0.11584454304219055,-22.977645575189865
deltaRIC0.5,BLS-G,137,900.8674690386774,982.7299339155456,587.7185559423303,1456.9603360368956,0.271787548425788,0.6228315228642811,-0.2168772163518393,0.7133185153388787,-0.07255887038793507,0.19365190025676277,0.03660677181822309,0.21001405640570778,128.74894395787035
deltaRIC0.5,BLS-G,140,206.68503541833144,-999.3528476799027,1018.3871759732543,1441.7133065275452,-0.05807417546179755,0.2978883998670702,-0.6412766299403192,0.7094686918663461,0.012861227345829174,0.08725404680505493,-0.050914154752466516,0.10183776807676968,196.07185147613598
deltaRIC0.5,BLS-G,143,-1286.4449921787134,-250.23728777464765,-65.82331765656869,1312.2088733284115,0.06862069403384916,0.05534486094832889,0.7128621215525152,0.7182925988950671,-0.10358003090451055,-0.01877660255533655,0.08106485973199608,0.13286419792054077,-49.385187752752984
deltaRIC0.5,BLS-G,136,328.5910553580344,-1885.89380480039,-924.9146738248716,2126.037318229002,1.1289426654216888,-1.4799076476945046,-1.2970173803305358,2.2686763260530567,-0.019874276473464386,0.04780093520632435,0.18447312978038563,0.1915991959349358,-254.9846349055341
deltaRIC0.5,BLS-G,145,63.66156028238841,-1129.1521843073642,-1883.4879413875972,2196.9443040132282,0.36834856004644023,-0.10007611921655116,0.5662482045080828,0.6828857301440402,-0.02494781946122905,-0.20822772548905688,-0.09586491901332263,0.23058894608295302,-8.830794420111546
deltaRIC0.5,BLS-G,148,-746.1064016478117,-197.59764410748105,226.98214178678697,804.5125755554039,-0.6412251052927838,0.5674909667507535,0.9550883326961185,1.2827351075938078,0.09858204154691193,0.03045950711374307,0.0038880192177033392,0.10325365457264195,178.25540210997016
deltaRIC0.5,BLS-G,152,137.46163472541926,-692.0202045267541,-380.9992697391131,801.8404504864872,0.5930878612717887,0.09177348120342414,-0.9358844370382552,1.1117802222249464,-0.018944233405188672,-0.010363077353037282,-0.00608796228023567,0.02243525431683075,-112.01879207942909
deltaRIC0.5,BLS-G,146,102.08088255163871,318.28576899261526,2925.977806823201,2945.0080582822948,-0.20972342374123074,-1.182487082880267,-1.532201602001085,1.946766900483753,0.03518164575291678,0.12551996511939273,-0.0551749785993467,0.14155312820596958,-41.378507602574494
deltaRIC0.5,BLS-G,147,-306.7375002334424,-1096.7307085088594,-426.80609948766175,1216.1700487989651,0.23813963908922145,-1.0270011048009577,-1.381599084564679,1.7378888881162373,-0.2017092598287061,0.07542907559341433,0.08374785496051068,0.2310624897208723,44.698755169831465
deltaRIC0.5,BLS-G,144,-256.16331134856887,-1037.927882656306,1459.9117493179533,1809.4906044169097,-0.5795303584970546,-0.578470028485507,-0.5373230670322382,0.9793870984655041,-0.10536235448021807,0.05110067971673202,-0.04357400208191226,0.12494478327069782,-65.40925679815561
deltaRIC0.5,BLS-G,149,2091.772882989383,2006.5866573015967,-117.6292148074002,2900.9895621057854,2.052025040733815,1.9711800456769373,0.5883865048417125,2.905607719454468,-0.051891870137625445,-0.03420092380020644,0.07222431853232857,0.0952828503070042,-10.005620286829139
deltaRIC0.5,BLS-G,154,1678.315698292682,-1041.2610334502822,-1007.8126766085842,2217.353042266964,-0.40206717734709235,-0.3318652930756693,1.4878455857549362,1.5765395887507891,-0.00039579071113528464,0.01788244563018687,-0.04721859685712153,0.050492914365868974,8.215445913911646
deltaRIC0.5,BLS-G,150,-1278.802386072127,1156.1164720171816,4.869349458912281,1723.938673519848,-0.6197840103822294,1.0789840082271631,1.0022970656385046,1.5977916376433416,-0.01348558628959725,0.21581111808296494,-0.009701581882687325,0.21644957938702514,-69.68933605650851
deltaRIC0.5,BLS-G,142,-1602.7550205651585,745.2769026036844,-1471.6084543407983,2299.9766869228642,-0.341684364982934,1.9985990852806577,-2.1778457824088053,2.975593850127113,-0.08625515146422097,-0.020343808372151755,-0.01686184628243953,0.09021165974113962,66.3619952226946
deltaRIC0.5,BLS-G,151,1508.6885579509506,279.68659652631504,-1333.5904119791276,2032.936089524521,-0.46080146924548243,-0.16574158267678793,0.2546342863202883,0.551948263931362,-0.011637679430582895,0.2498512935267948,0.030814896052523657,0.2520132184594083,157.17313016907582
deltaRIC0.5,BLS-G,155,-30.865620393492268,-15.987436010001913,-136.29959236739083,140.66223200264517,0.6758634197738145,0.30128031702800434,-0.27085417257622785,0.7879867856879347,-0.0033879891205536765,-0.017448988984899737,-0.10641238858577658,0.10788670970701839,-16.586656577601925
deltaRIC0.5,BLS-G,158,221.35497331068075,-1120.768461607218,-1225.6338252199166,1675.4994008551562,0.5076815976327322,-0.34535662288849445,0.8406536941924525,1.0410141378037507,-0.07396473671406381,0.05839294043095746,-0.14186096966429926,0.1703086976153871,-1.4757446672467318
deltaRIC0.5,BLS-G,161,78.74726955891744,-43.516186933749644,-1450.8793011723492,1453.6662400835353,-0.3115597346073121,-0.1259738046635225,0.17089863598975902,0.3770215000144451,0.13893743349833892,0.1130634930077052,0.214659742555617,0.2795814173943836,-6.495164384084977
deltaRIC0.5,BLS-G,157,1766.4104706802814,228.1364026419218,743.4538566635741,1930.019638793158,-0.012554331822072213,-0.23306738870713914,-2.159138898911459,2.171717938342558,0.03649632279739238,-0.02314697358719385,0.010919434606751611,0.04457575592302207,172.15180272963244
deltaRIC0.5,BLS-G,153,-1240.8816160272982,1377.9607670929458,-638.6668891263141,1961.2390103983203,1.7386523679566712,-1.481529407293282,0.034880711073731696,2.2845257944004773,0.0719804334195951,0.19453458097215492,0.13674859298503478,0.24844529311836716,59.612489443556875
deltaRIC0.5,BLS-G,160,1378.8534790905621,16.355272597568263,56.40152462690112,1380.1034539925356,-0.5323988706648723,-1.058218778737037,0.19601770740352492,1.2007074925945418,-0.13211556496181284,-0.06017631851853564,-0.018181304967863757,0.1463088229258841,-246.7251456055397
deltaRIC0.5,BLS-G,163,-630.313589192515,-1305.5830448026472,-56.528016685080765,1450.874813437483,-1.4841129173949648,0.20162396358033824,1.7463588742602412,2.300654839817554,0.036800691737954104,-0.11767119015652361,-0.06163714602930963,0.13784026144738373,135.68859411146127
deltaRIC0.5,BLS-G,156,-1530.3229635402888,-431.3512639980225,-725.7943453674606,1747.7785092679233,0.8769058605048828,-1.1855408105805454,0.7613404743545558,1.6595512103066317,-0.11328554369104128,0.00641327451878685,-0.028985604706064233,0.11711067320959417,-86.44141889808449
deltaRIC0.5,BLS-G,165,465.61728859527284,-1527.6073521316557,-1610.2877779368876,2267.908818603257,0.9818819587589823,0.47306077139025793,0.17162912394823662,1.103329157845455,0.02713670526045546,-0.020815515009935844,-0.025672148309459866,0.04276383561310419,-99.2552601301627
deltaRIC0.5,BLS-G,164,-277.0034331085738,-896.89776187047,-421.90186684381825,1029.1538672368158,-0.9475731579609631,0.625348227989008,-1.6047545407482324,1.9657549267365897,-0.02123376157650821,0.061322738370339684,0.12819480957155302,0.14368458537021941,114.01016170492213
deltaRIC0.5,BLS-G,162,-1316.8392453590232,-1002.1018003690145,-1749.7794418436995,2408.3192710933054,-1.4878592678132152,-1.375007093728546,0.3185358102250019,2.0508131974943984,0.02357914057190405,-0.09498219304762674,0.0087915528784992,0.09825927064792254,-34.48784823616461
deltaRIC0.5,BLS-G,166,164.98528964865199,311.23118468264454,-583.7616383538347,681.8083649625936,0.7086135498558176,-0.37924817983879033,0.562340006493769,0.9809121407413157,-0.04734092548928474,-0.10815745413570294,-0.08033540960592378,0.14280397805331,-36.59589356815914
deltaRIC0.5,BLS-G,167,100.2594153574081,964.5781141070316,892.9562886476928,1318.2692524736926,-0.9618611702187898,-1.24767462267896,0.27659500956006944,1.599491692433968,-0.1400702500029378,-0.10934626958192577,0.09051011589878843,0.1994200659095789,-7.02079011505992
deltaRIC0.5,BLS-G,171,-781.9827206084749,-1525.0794747431266,-949.6426435923654,1959.3839670013888,1.4855183762661481,1.1364785684685563,0.5719934486028465,1.95589490721187,0.1879939029701371,0.025717339526247215,0.03934050797621747,0.1937801968057635,17.752505947222005
deltaRIC0.5,BLS-G,168,-1412.580892801138,-110.75223989982766,66.00040384654768,1418.4522870571277,1.1520530692705981,1.9385398538335716,-0.02515657353446642,2.2551709231250934,0.19871812175917422,-0.13154357633925717,0.04700351382834422,0.24290313852197817,38.85357400416315
deltaRIC0.5,BLS-G,170,1397.5952544020374,-110.4428116171321,-1295.6860980872405,1908.9977932259458,1.0831989659356724,-1.433803105105157,-1.7426920353107593,2.503215307149758,0.13106232342577093,-0.04215231496316132,-0.008841457971669055,0.13795768067628467,-13.584300289304965
deltaRIC0.5,BLS-G,169,-427.3329949973675,1445.1616593701929,1155.3605858022,1898.9375433521325,0.20619825351079799,-1.0761033317955122,0.2859587380550286,1.1323817820515878,-0.23329471469343635,0.1431862578060842,0.1133760686570855,0.2962817261873206,-140.8948967462445
deltaRIC0.5,BLS-G,174,74.68858014481236,-856.5246093380982,-1380.8838321328897,1626.669280539792,-1.4923991143990538,0.5985279809236014,0.8007668701580686,1.796306889412361,-0.019180043080446834,0.0506326203857064,-0.18560382162092334,0.19333989474493457,20.842302375032386
deltaRIC0.5,BLS-G,176,704.5345499542299,-869.02440210292,-643.2546766536001,1290.4839877217673,-0.1009429554589973,0.5883529864379022,-0.3098862087789795,0.6725906476443192,0.1113955395105185,0.21566961178366675,0.12194087046155415,0.2716466888417353,269.5099485404661
deltaRIC0.5,BLS-G,177,425.38678625963416,447.05904371680964,-483.26845270565144,783.8138196496682,1.4210242849853618,-0.4112843370491124,-0.9877767164042355,1.778810744820938,0.17684426997522876,-0.0711126126636639,-0.04791225748671916,0.19653621528969556,-44.32937606150092
deltaRIC0.5,BLS-G,172,-320.72119713051296,-249.21405070214257,-1137.4065754342691,1207.751401240053,0.7151875826650891,0.5921577062160672,-0.0672097817664336,0.9309463906125311,0.13313711227157649,-0.04011752162455158,0.10587902704429793,0.17477206462463588,-133.58045586814364
deltaRIC0.5,BLS-G,181,-1956.824419828131,863.098515936236,1503.9410371901351,2614.56296569648,0.3301539142345993,-0.3679215443655845,-1.7458199388587394,1.8144572546107325,-0.0007229947397610644,-0.061144949907493744,0.0606997471342645,0.0861608201141754,-36.84190991371115
deltaRIC0.5,BLS-G,180,218.91449150620352,-624.4153591493865,1604.3831169476084,1735.4720629499054,-1.0638224467380526,-2.277769559737807,-1.1587677219684596,2.7681573291501826,0.19463973542252713,-0.017105346177464047,-0.11750896404271789,0.2280034563413349,-73.56159298398025
deltaRIC0.5,BLS-G,173,-1715.2308987974104,311.8034452484911,-645.6356481467649,1859.0545486391986,-1.727948904421723,0.7482620324932922,1.7314817901773767,2.55807206217477,-0.14438546310656017,-0.1320766998445414,-0.17059987905352275,0.25960688614017446,-194.50085484346818
deltaRIC0.5,BLS-G,175,-803.2804913142204,166.40096461369694,-46.92429720560729,821.6755554466887,-1.0524701587871985,-0.3059965153166428,-1.537466297226473,1.8881551624881787,-0.08864571078417519,0.04691794995599585,0.05066211946129313,0.11236550367802077,39.139600060945895
deltaRIC0.5,BLS-G,182,-980.7364617354291,425.34129962068766,-696.34652619945,1275.796893353478,-0.04118876244393705,0.2730410144825427,0.07403638154400485,0.28588336001496945,0.11954924756787315,-0.10551597380068896,-0.07051739457037849,0.17435121524711766,-118.39652484131611
deltaRIC0.5,BLS-G,185,-2333.4275436689613,-1310.3440921039676,575.9293981224806,2737.4404857250242,1.3319938324480978,0.7394288541231194,-0.0783375863652936,1.5254833258436948,0.04149879452745581,-0.0863867281053659,0.11518692174533046,0.14984272982413024,-124.67270238952749
deltaRIC0.5,BLS-G,183,-786.4707450856223,-753.4034134861807,-223.29074838951993,1111.7606283029252,1.200491317396052,-0.9285131218505983,-1.2046496212473805,1.9376523760890418,-0.16146951837252052,0.06918127202406187,0.018585849783094507,0.17664622151204012,13.428126396631853
deltaRIC0.5,BLS-G,186,428.61132530668954,-1438.4868685091778,1936.5465718567189,2450.135662371475,1.0309880670812464,-0.20130454437409884,-0.6190835891166753,1.2193130870958337,0.05359990177697134,0.046587005491201636,-0.08561630139398639,0.11123600862816026,237.4291283278581
deltaRIC0.5,BLS-G,190,-975.458491641886,-488.25734739891647,-1836.5845763481072,2136.108005763062,0.046929884847793445,1.5184392164102039,-0.1402261514409175,1.525622312884874,-0.005823383740225246,-0.02498716171909987,0.132290592599111,0.1347555970607022,217.8083875490305
deltaRIC0.5,BLS-G,189,-1009.108909546564,261.8591487173092,-113.93359117381716,1048.7382267710907,-0.6926879493580653,1.1452786725794732,0.20527962852884446,1.354112092457719,0.011761971938695224,-0.125193619976463,0.02281875613136279,0.12779859975007668,-84.36167631583523
deltaRIC0.5,BLS-G,178,1941.3434110299352,-413.8116765532796,1234.7608289369591,2337.6673518441985,-0.6024662395506463,-0.3268694990691386,0.27250829222694734,0.7376110143920396,-0.11458395686237205,-0.11467205722672215,-0.019834267888612343,0.16331736607453542,36.78930318215646
deltaRIC0.5,BLS-G,187,391.3589944328244,214.5847471899888,841.7173594546113,952.7311212809761,-0.5693016003331456,0.7963182958069048,-0.5879308702730064,1.1418799624297944,-0.06871450622621013,-0.05769249457429757,0.024452133781327247,0.0929946995402273,-345.07245981936256
deltaRIC0.5,BLS-G,184,-43.6989608895855,-309.21566212415036,963.0859945657572,1012.4517557960083,0.7224510558587505,-0.7110453938735738,-0.03577185976352984,1.0142981347765512,0.1618123053597483,-0.07705262192266649,0.16082952744742376,0.2408037906885094,-33.69056317649259
deltaRIC0.5,BLS-G,179,136.6701348719222,1108.137322788586,702.7406831348624,1319.2768927165432,1.598420903326269,-0.598444567836232,0.5381089911776076,1.7895939682925965,-0.002354678677244653,0.009678398973673317,0.059488087753993155,0.06031623747378032,49.65993198994024
deltaRIC0.5,BLS-G,194,-45.105027674157604,-1467.2254508017422,-397.78667268858277,1520.8613427826076,1.522271437652033,0.09535546534577612,1.0585703459421163,1.856602857902171,0.026314934522227267,-0.0016976656359599448,-0.1252199524456654,0.12796637971754662,13.116685773292362
deltaRIC0.5,BLS-G,188,10.669878878304191,-708.708713899784,-1715.5684369226053,1856.221147718621,-0.7038506867143115,-1.0936366673762592,-1.2142717194683614,1.7792983892868304,0.20466815888801804,0.03968382403508913,0.13663412734948555,0.24926440963204985,48.901379389693176
deltaRIC0.5,BLS-G,191,1619.4522162336325,-1087.8209268179942,771.6991998170505,2097.975096250063,-0.3767888504083472,0.157487085055042,-0.8375304559706946,0.9317882186578974,0.009250006229265077,-0.17253331414124765,0.00453735180345937,0.172840662649714,8.678558588918417
deltaRIC0.5,BLS-G,195,-1598.3426017826646,-1244.6365367742121,-522.7414623603393,2092.1467008356053,0.5342278513493294,0.004172831601567871,-0.14988200595917897,0.5548706384295745,0.17091277258532292,0.06519778143810366,-0.18886529939242674,0.262929701349703,-169.93894841391295
deltaRIC0.5,BLS-G,197,1660.5502378815831,-1184.3749147195306,-812.8888154878518,2195.668294048698,-0.776272663411659,-1.392266713774296,-0.4592690713294468,1.658895394569507,-0.05628459140109667,0.14610287580473608,-0.05364720780691285,0.165505372882818,-139.88516564532225
deltaRIC0.5,BLS-G,200,-1573.859524056272,107.0371448195822,292.48858816186527,1604.3816023747854,0.008245688904879502,0.13691125645053334,-0.7908561479811042,0.8026619028756067,-0.04692388210259024,0.06359306610156086,0.05765412175700485,0.09782600126421818,-3.4671119483892903
deltaRIC0.5,BLS-G,196,465.04831107142144,-794.8489530555453,173.47009462731398,937.0947996515013,1.4991462795026715,-0.9832429647245321,-0.7730105800883044,1.9523707772745027,0.08510986992309676,0.03730250481741419,-0.023639259655894015,0.09588525132187138,-191.0001251164078
deltaRIC0.5,BLS-G,198,-2161.4013320351087,911.8458075558289,-1564.023282416806,2819.4480528681715,-0.11034423207721372,0.42533305379947706,1.0329748869119941,1.122551189566848,-0.015090531008061375,-0.11302168970543568,0.03950779216065345,0.12067515117614909,9.817881482437123
deltaI0.2,BLS-G,3,-1397.7013166015206,-1661.8038492384965,915.1253985125416,2356.398841193113,-1.3711735634462272,-0.6317779487980174,-0.12129710407952085,1.5145868430497254,-0.1007028664253861,0.18322642394580693,-0.04247128221555279,0.2133466651984297,-67.96817120518651
deltaRIC0.5,BLS-G,193,-994.0887728665803,679.3721938614422,871.9167220962277,1486.6061470350924,0.6364517770937649,0.7568162493910829,1.1507694238898607,1.5172712238976915,-0.01358178560123956,0.1698440857663596,-0.05267704399497496,0.17834334676117602,-107.0603439070306
deltaRIC0.5,BLS-G,192,-443.8153076543896,1169.3845426402397,1294.1234442209368,1799.7743538445434,0.21494358629536492,-0.9166601300328753,-0.633426716094194,1.1347669117238461,-0.00626225420698408,0.04536373569887069,-0.11433088989398363,0.1231610195161606,-74.39930087866217
deltaRIC0.5,BLS-G,199,2083.967672318066,854.4511486551824,-843.2031070205485,2404.9946994523802,0.8811547328116642,-0.21751979151701292,-0.6267054808529574,1.1029543429304483,0.15182091790230434,-0.15371900482372977,-0.04664048185280228,0.22103044610224554,96.73569993446334
deltaI0.2,BLS-G,2,1802.0962537381306,-801.9127964984071,-57.0996389527044,1973.2905031174273,-1.0375382926516563,0.08240205575838278,0.9779841803584377,1.4281907661594395,-0.11641747185968512,-0.06765025211443776,-0.004780935377688357,0.13473099757826035,65.66162841290736
deltaI0.2,BLS-G,7,-100.35080006369819,-834.6927434855999,211.26980170447487,866.8432316244904,2.2909461718325397,-0.5387569664728519,1.1166485358888738,2.604917922672414,-0.1421028914143807,0.1156563483605538,-0.015983638704539997,0.18391601172998048,31.475268474526615
deltaI0.2,BLS-G,11,903.8350263082697,483.5902540886392,180.89184314998602,1040.9126512582045,1.7455520527565231,0.5476893639818975,0.005034523288413314,1.829464663426476,-0.11540184225245147,-0.24418051285774128,0.11800058000172862,0.29473012220584716,28.48420588061895
deltaI0.2,BLS-G,1,1216.5821887568043,859.6656112931041,-745.7766326203762,1665.9171561043574,-1.9523521565942057,-1.6476764198509941,0.16606751284602522,2.5600966674549417,-0.041711750231517714,-0.002635176651734966,0.04430864012887391,0.06091034274597724,-84.55147267637314
deltaI0.2,BLS-G,9,728.087830032529,-485.40846086522964,-480.63550004970176,998.3705454534678,0.7870212224230648,-0.6338824861949477,1.9008242185236421,2.1527522199674998,-0.06726566021033806,0.08066505340260388,-0.041952506286543276,0.11309965812370984,-99.51181621306793
deltaI0.2,BLS-G,6,1745.3232576153637,2911.8294840419585,-1804.6818412812113,3844.708150947131,0.24215699477809455,0.5376251020390141,-0.4787975762774286,0.7595576867569431,0.06391666235185407,0.1561665876697589,0.042365940103112266,0.17397762991671634,-166.80400486759052
deltaI0.2,BLS-G,10,-1508.382909275355,2848.074240458545,-1677.5584426661028,3633.3109155036295,-0.1134801413272868,0.11243393268336284,0.13686190133903572,0.21035758063935775,0.07936203313588937,0.010993572688566619,0.05015197727404177,0.09452201737382038,219.9441516982386
deltaI0.2,BLS-G,4,-562.7965914257072,566.7659041223603,-583.8517815069617,989.3667147043527,-0.5340735545629803,0.9366861153776486,0.1395914832897364,1.087244785056169,-0.011637730805024128,-0.05342003312694089,0.05716637845521358,0.07910203248500242,-16.44410741139773
deltaI0.2,BLS-G,8,864.5519067068115,943.9607247786118,-402.9773504189663,1341.9771213644574,-0.37958581368138816,0.655054963377508,-1.8637785928472848,2.011679158849511,0.10146028143325203,-0.02121593145026678,-0.005028759711837983,0.10377664901150224,81.53364675074438
deltaI0.2,BLS-G,16,-515.1539331130119,1469.3920003528888,1961.9100915685326,2504.713083948203,0.47468466893123556,0.46331419901258997,-0.6195714782888812,0.9076642543551575,-0.03569800912579236,0.14857244076701379,-0.004511043179082083,0.15286748353255677,15.144501811854564
deltaI0.2,BLS-G,5,-190.03111495028307,582.3024031934638,1455.0739745828353,1578.742596157594,-0.5912917875659108,-0.688195688995287,-0.17097050326239338,0.923293126466554,-0.2096867274655507,-0.11515304238254387,0.03063968623854954,0.2411794709712351,-2.0649976208060874
deltaI0.2,BLS-G,12,966.0609496383138,-1351.2490065050802,-492.77730399000626,1732.6214552881152,0.5264309091527242,0.6218176891589153,0.3537948512940267,0.8882328171512577,0.03817129290262048,0.04613874273944046,-0.04317731309183458,0.07382487080425013,49.02168877916772
deltaI0.2,BLS-G,17,1495.2085272811166,-276.72281503715726,-1262.8673764301286,1976.62795357846,-0.38418400483776255,1.6934553608530274,1.799377735326385,2.5006296493410116,0.13867824591390362,0.035387728323195825,-0.02046716533084749,0.14457818667528546,73.16736480326836
deltaI0.2,BLS-G,14,-147.62427734040952,-1483.1956457087288,-2067.9121016690883,2549.1023343402826,-0.6887856058713059,0.612994508787544,1.2080670010036836,1.5197413456155024,0.08456423975914044,0.077082350053677,-0.04624342746825041,0.12341496635274964,-1.4294359087849764
deltaI0.2,BLS-G,13,588.0567701170796,-247.05016190219334,1296.3434205337612,1444.7666978919483,-0.8640007804003574,0.5936646173107969,-1.1044830125096594,1.5227664795698697,0.02904946214280761,-0.138582308443526,0.049793219085211615,0.15009427747649431,-242.24616728027507
deltaI0.2,BLS-G,24,-1885.5618511029975,-1252.7322466551425,1349.2411309035115,2635.3620634490417,-1.2944265402917972,-0.04182246173831621,-0.07802773880419807,1.2974503900113254,-0.12714729269252537,-0.07472132654852588,0.04536473479500749,0.15429734230773878,13.531261093142573
deltaI0.2,BLS-G,19,-465.8994427524357,-1321.7732671489916,-29.139249039008035,1401.7831345615866,0.9290439589958662,1.1288979441041675,0.7267924139940558,1.6327156699770586,-0.0691350234230784,0.24813861083934813,-0.2420728651286076,0.3534850685454254,-50.03266589730919
deltaRIC0.5,BLS-G,159,795.4361104915571,1392.3414752775773,884.5752590094077,1831.3401591467484,0.4714557455275302,-0.34902418762174864,0.42281041950379084,0.7230885522374922,0.030744214268977395,-0.024931047314873337,-0.028474543597367858,0.04876026521986575,-25.874999783209432
deltaI0.2,BLS-G,27,35.867148009079216,683.3927995350406,-37.229935686043106,685.3453427826239,0.9317935797534782,-0.7760315528963501,-1.7323671518345019,2.1146063924796277,-0.0143830865664194,-0.11184242924310268,-0.07991006026727594,0.13820716294785598,81.03525887553947
deltaI0.2,BLS-G,22,1050.3415426821348,1716.240457173211,-180.12256080603663,2020.1838530275713,-1.2755512846982207,-0.06974172554515051,0.16912733215382172,1.2886035242303062,-0.017693932614664443,0.030052390825865073,0.03100070210498005,0.04666117204619425,-203.7211133518086
deltaI0.2,BLS-G,21,747.452685396042,678.4033202941014,388.1300082055202,1081.4626600865297,1.2393569180294786,-1.6052229901539852,-2.5336688844808872,3.245338878233374,0.009121126262606851,-0.06432991836054981,0.050969058728964664,0.08257952705295708,-65.14851836476346
deltaI0.2,BLS-G,23,-11.017456998423807,356.5858511830404,-21.09316324020464,357.379035700366,-0.4352385460408071,-1.093730790799422,0.50290891142711,1.2800769538958374,-0.09375672180071574,0.02039257918328412,0.2253392448516407,0.24491622126529514,-46.388151351559365
deltaI0.2,BLS-G,30,352.63156693412157,-180.48213053358154,692.1743727902287,797.5137514726007,0.6558111904512469,0.6899272748066075,0.3946758623592211,1.0304644575977129,-0.03658387045183702,-0.05567259220018584,0.09434362138045528,0.1154925798253017,-150.79851152411598
deltaI0.2,BLS-G,15,527.1712078553843,-98.72004605529791,-153.52909854974652,557.8766117936499,-0.15217365697658672,0.7131565120134402,-0.30466352920885453,0.7902967155029803,0.017318783420217407,-0.0070233369519658384,-0.17627848186120415,0.17726638341317885,38.89442031939342
deltaI0.2,BLS-G,25,1299.182427620178,-814.1725806932351,1234.000596162245,1968.123330159601,0.005487634350319156,-0.554721550014234,0.4433610397263945,0.7101514794240921,-0.03307670266637201,0.06690299577229643,-0.11127958273903792,0.13398964376832218,53.65241287405128
deltaI0.2,BLS-G,33,2114.968981008593,169.34455968934972,-442.1586361484029,2167.319918711938,-1.461417105866295,0.14085721226778522,0.5813455753253367,1.5790957505853838,-0.13736447184842235,-0.0598548294137546,-0.01896312809488789,0.15103376760674683,-166.344153969158
deltaI0.2,BLS-G,26,5.364255151391547,-814.4656596411559,-1824.944430957438,1998.4507154419896,0.9465189725004315,-0.5978459709672033,0.8411994638485469,1.4003337131855655,-0.12750183952718205,0.24124511067341223,-0.010683306824548175,0.27307518296496597,-98.86459145651267
deltaI0.2,BLS-G,31,418.9250882286721,-1199.7406277075695,394.89501910437724,1330.7208119786058,1.0312241311036112,-0.3551698340388698,0.6688502000308195,1.2794254216885264,0.08827435146323089,0.08020681137837161,-0.16197038171314032,0.20114645975020312,244.85962148033576
deltaI0.2,BLS-G,29,599.3515781603077,739.8756493368783,225.65031025156156,978.548084276672,-0.8605283531687403,0.004396399976429032,-0.6744915296587822,1.0933742262013957,-0.007986821818536471,-0.02257546532467025,0.03255620095341292,0.04041469012507016,174.26317985321376
deltaI0.2,BLS-G,37,58.34211555920497,818.6870675257014,-33.379814750538294,821.441738052393,0.05802986794386743,-0.4777649147405224,0.8642072958448344,0.9891820002011977,-0.03634713191654042,0.20484323440154398,-0.15791212405391178,0.26118595598129374,-137.76588832040997
deltaI0.2,BLS-G,32,-31.342260076104285,569.121061839632,-1693.9059368404633,1787.2320619213153,0.5987719850404624,0.00659631602819792,-0.0806839971141934,0.6042195866113268,0.08185132479659844,-0.024494516925946088,-0.07838473576382328,0.11594734809885954,173.9296949395379
deltaI0.2,BLS-G,18,816.4835072050148,-1241.5841890469533,233.57761075543232,1504.2390489132365,-0.0538483346582793,1.236996332524299,-0.1060907578414829,1.2427046385700087,-0.06514785880139991,-0.13739536664044913,-0.0998954645089235,0.18193634631410013,-296.38601505371145
deltaI0.2,BLS-G,35,-704.1234878453205,-1610.926575053682,-743.8237879380262,1908.9652023680576,-0.05198567549646117,-0.7271398491890634,1.1157397108792253,1.332782792944287,-0.0213841462488414,-0.11145730232365342,0.09337010656135888,0.14696254200080247,85.13310656979576
deltaI0.2,BLS-G,28,754.8000330619021,-72.60964423757098,1495.8840105675374,1677.0999443736725,0.24477386120566952,1.2797557125790577,0.3187413781736211,1.3413742927193302,0.04383082819296581,0.06892346234198202,0.17097874596534077,0.1894869830177483,-93.13108742809304
deltaI0.2,BLS-G,36,-215.8585161367498,813.5706593318647,2401.4807191387567,2544.720369924689,0.4201834846972547,-0.8334791612172461,1.1507200115768206,1.4816876249868223,-0.18327787560409076,-0.006528018895656955,-0.09967293347984779,0.20872970173199784,182.16727331366434
deltaI0.2,BLS-G,42,312.0621317267384,858.2704301818718,-1262.9629368673227,1558.5526251246522,-1.9111593252604877,-0.5674472812283516,1.801528407832186,2.687011534722161,-0.20388221304462942,-0.18131259834411476,-0.01881969440752957,0.27348929780132664,-213.85380983817947
deltaI0.2,BLS-G,40,991.682765525906,-1114.1599486968341,-1795.2893730281921,2334.0632021496763,0.9447977997806756,-0.11400843786618166,1.0663531613699013,1.4292480089678892,-0.07101454029942747,0.15650841238964672,-0.23940280154731727,0.2947060390819484,122.79767038589807
deltaI0.2,BLS-G,38,-325.1159668106905,-1149.166274942089,1309.6729695497197,1772.4352756895548,0.4535077315615546,0.7242675617274358,-1.2867103345003505,1.5446217169477827,-0.0306903492005476,0.025409152993667486,-0.032782702464588184,0.051596784500479,34.44547396590407
deltaI0.2,BLS-G,34,1210.8545408781272,1073.982051409893,-375.91234018152323,1661.6005095739865,-0.2511154090258257,1.0266138598740793,-0.04705318311673851,1.0579267309115414,0.03840829028089751,-0.056606094820769996,-0.0790535439558609,0.1045414250196587,35.95256291968547
deltaI0.2,BLS-G,20,123.9083570315129,-429.97166276346337,934.8875123613086,1036.4572217370778,-1.0118962024729325,2.267493293399191,0.6991807342616229,2.5795955999636986,-0.05726191209984779,-0.047790513106151886,-0.14510727052156644,0.16315323986516184,75.56810447846934
deltaI0.2,BLS-G,50,-1427.4635781363095,-1458.5883630204398,1422.902088105729,2487.927376749572,0.5529161277952818,-0.02711077640170785,-0.4620523346218046,0.7210711466302697,-0.14907289882732488,-0.20863468383076197,-0.07055971134839477,0.2659508099771697,-192.87022024351612
deltaI0.2,BLS-G,43,-730.9191518332293,1282.5080832560843,246.28021903198456,1496.5706586794506,0.9159842692443994,0.31717255885675216,1.0827849209161906,1.4532889590712568,-0.02902573985364652,-0.0902702618701715,0.11034720670665915,0.14549130482651898,-155.69869846386248
deltaI0.2,BLS-G,45,317.5647906296757,-1003.8784163911636,619.3777133969791,1221.5760406117051,1.0566159791452394,0.9527802063730111,0.794179361486912,1.6294012112592189,-0.19365886426903167,-0.0278874096790126,0.07009250415691255,0.2078326790174325,33.56754581794837
deltaI0.2,BLS-G,39,491.57631803868435,-803.4171787820785,-979.4555480651917,1358.844954457391,0.5479799809666202,-1.2129112154848225,0.5821297512953816,1.452690856146713,0.06316568521811314,-0.009552875736608527,-0.10279614828651223,0.12102978693881705,61.5961260849984
deltaI0.2,BLS-G,41,-747.659065093152,-890.1212216180824,-617.4485891990598,1316.2646493371851,0.37890460465480047,1.6162251091978954,0.7661915321349458,1.82833305689791,0.018793969706060943,0.039152786354608934,-0.12618129233546024,0.1334461408662269,-47.84459638020512
deltaI0.2,BLS-G,49,603.3788315355432,-170.46909214076757,-294.0583085258043,692.5287102594029,0.5134451423590478,0.060999486039776854,0.07318955197328075,0.5222102661067373,-0.03922977237202533,-0.11735352021128288,0.1174267846318049,0.17058685030008966,-169.46262886352292
deltaI0.2,BLS-G,47,-807.694739380652,-377.94819741043096,393.83209130170377,974.8432428283262,1.8049635761877196,-0.3056214377942277,-1.0223412095869253,2.0967783677402414,0.03799138076575548,-0.037512940180611826,0.16367685054376865,0.1721646801681749,-63.301005055123206
deltaI0.2,BLS-G,51,1660.5748686895847,228.6869458865011,-480.79760260723486,1743.83856718883,0.4088096030306921,0.02686515258941397,-1.7238897201023746,1.7719037205865358,0.005506308448036385,-0.11522150702777283,0.09825320665062437,0.15152560091154998,179.16095854738876
deltaI0.2,BLS-G,44,299.146483678077,83.15108305520009,-2156.23137179144,2178.471126732646,0.0715334021429775,-2.602424977052608,-1.479239324231959,2.9943082284834404,0.055389483955994676,-0.10493254549269274,-0.11953684418490002,0.16842770304843704,127.03164827847716
deltaI0.2,BLS-G,53,1675.9243668483641,-665.2012677370448,371.4459936944627,1840.974561537103,1.085370943114184,0.3707168304211126,0.256050995429825,1.1751694196049578,-0.03148917220448902,-0.07589342588359475,-0.07002634146579603,0.1079586428108325,-36.303342846556546
deltaI0.2,BLS-G,54,-1914.375970546227,-404.89986036115965,-1224.142496401279,2308.095341406167,-0.9178751254966833,-0.38838960701945957,-0.6401833366736153,1.1845572748503324,-0.117027013411267,-0.08358569387612166,-0.05332920987695425,0.15338153316098332,10.688528984598308
deltaI0.2,BLS-G,52,-681.8743630211662,-210.71969286452313,191.09262525352818,738.8313930341113,-1.2324261319950096,0.2997991570152371,0.6804537003216516,1.4393647708807715,-0.019017057977116458,0.020971821129992223,0.1359817833185602,0.13889748439086022,192.71703541911904
deltaI0.2,BLS-G,58,2317.4694003069903,148.228745279339,-206.74366864600907,2331.3899559729466,-0.7051221103374167,-0.0048769522721105515,-0.6309212615208419,0.9461937504492445,-0.10205107719994773,0.004577453160512751,0.06708642917166598,0.1222127833498253,-35.82072676681069
deltaI0.2,BLS-G,60,-982.4538900456199,-348.0440006450926,-310.6442496641753,1087.5891330370264,-1.6219276439631527,0.14967880548555365,0.05798452773457811,1.6298512915355339,0.018287359397981758,-0.000871988357285601,-0.06473111103313814,0.06727038436809063,128.90571538085692
deltaI0.2,BLS-G,48,-1031.841628725968,-957.4359919226794,-842.705547632288,1640.589365262087,-0.8637949296185866,-1.121529061474705,1.1120669093906133,1.800183859256799,-0.1464276309529694,-0.1731550480516235,-0.2644004635103883,0.34832646594361333,-11.439621354196131
deltaI0.2,BLS-G,46,-191.88395674444158,1088.107951751033,-525.9821572587003,1223.7056824556496,-1.6827193825313944,0.922159116830929,-1.1487201171692456,2.2363988608230336,0.0650716450259349,0.07994720401607879,0.3113365392096063,0.3279577946373352,11.210925009238691
deltaI0.2,BLS-G,56,208.5089001579946,-908.7137351777477,1815.8766088721466,2041.2360158969361,-0.2455551026367759,-1.085149095023351,0.10995288751208497,1.1180051450387876,-0.05626726785192361,-0.07554367875465486,0.12720240780305042,0.15828235966841078,58.86709332784463
deltaI0.2,BLS-G,61,-429.21608397157786,478.8636952533958,-24.90627662237262,643.5504704270083,1.2916453051886938,0.31801076442177856,-1.4269280022937514,1.9507952133512514,-0.11977319271057246,-0.045904309568104,-0.17508955113807723,0.21704647946175404,-135.96902820090978
deltaI0.2,BLS-G,62,-576.8021243325462,-2611.829609563589,1069.0161447641049,2880.477411436156,-0.1790309004363123,0.4429326026456953,-0.47799510551952984,0.6758111235383394,0.0626340813284319,-0.03177045710781728,-0.07767579914040293,0.10471828809141458,113.31504830032367
deltaI0.2,BLS-G,59,177.2464711795738,-1448.0193242693742,589.6105328745282,1573.4728645514456,0.3067173127447097,-1.2699066606595975,1.1294311597502713,1.726949096337176,0.013193680520238569,-0.0602801178204477,-0.002305138129810319,0.06175013742425748,38.04860328712249
deltaI0.2,BLS-G,55,-676.0948636728864,-30.11491542978184,343.63249514959705,759.0088698684223,-1.2854454005665257,0.8806439462223106,-0.7414970331153995,1.7256075706760734,-0.014111707791875398,0.021020952687731097,-0.0844560003699648,0.08816936399449982,-122.55649328114467
deltaI0.2,BLS-G,64,498.73246143848917,-5.79964657597963,929.6934764807802,1055.0344374492329,0.5113148238419627,0.8854960816008648,1.4923446979161885,1.8090436304881048,0.021073896800930473,0.1347895158221797,-0.14131511976390942,0.1964237403570199,87.80435954534454
deltaI0.2,BLS-G,57,-1202.2562037244275,-99.25486633678221,-1017.8062182987204,1578.353891208479,0.5734001447912616,-0.41158172029771833,-0.9567538887693653,1.188934498702587,-0.061313400368999814,-0.14904934946188164,-0.06497873745397369,0.1737736400059912,-334.8629772017105
deltaI0.2,BLS-G,63,-16.726427610251267,-1277.569623415483,-965.4926637101502,1601.4493434800556,-0.24166020921099712,-1.232926935227201,1.4256928465006717,1.9002917083668573,-0.17527522973878987,-0.04073519046540935,-0.12245526909112146,0.21766041172068407,-90.8751176348378
deltaI0.2,BLS-G,65,-1960.1340098716412,138.20034734766077,1005.2273730194727,2207.1943149913473,1.3885866915172045,0.870587428921323,0.8575558663434033,1.8497290437127598,-0.021351471564825406,0.1839482555537071,0.1797706849559596,0.2580898007065959,-55.285037075976796
deltaI0.2,BLS-G,66,157.77371893420943,1098.2400932466653,-289.9941791396846,1146.7870215239072,-0.4281264081969193,-0.7663003499549658,-0.3973746698048632,0.9635429808468443,0.12863258069948488,-0.20281068186058962,0.031214093863955482,0.24218347001790733,196.6099452318889
deltaI0.2,BLS-G,72,-213.02788871141868,1288.4160892893437,-53.4753549514145,1307.0028745552438,0.050882726814277496,0.11299318957551574,-0.6432591848897237,0.655086934477781,-0.014256193972867684,-0.08723211726123999,0.26842829236644794,0.2826064923019958,-116.07546213332401
deltaI0.2,BLS-G,74,25.719793623994796,-90.43157096225424,527.3960344167548,535.7106998458038,-0.09488321052412128,0.07798531607298678,-1.886163990016889,1.890158493459953,-0.008805902000633178,0.008179320242761643,-0.014932266132460629,0.019168144446686446,-10.115514968621556
deltaI0.2,BLS-G,73,-296.0636665928437,604.7453638023114,476.7503138717188,825.0221278811683,0.4459845590463795,0.27607156494152574,2.1885836484121075,2.250559068759118,-0.03235393468095031,0.03993963537009249,-0.03605481946604935,0.06278456473978739,76.07795926356256
deltaI0.2,BLS-G,75,-1784.5875801822851,10.840379547261103,38.461192711798766,1785.0349040045146,-0.64037886146036,0.38095789500377736,0.15278861423980522,0.7606302417155764,0.2044437723771305,-0.04655773783773715,0.04179724708703866,0.21380338837449317,-57.234760931546255
deltaI0.2,BLS-G,71,535.3250336072798,1085.383386583267,1093.3870786127677,1630.9890530457155,-0.09117600891661308,1.5746414429107078,0.9141724080584113,1.8230523662224276,0.08223975086397839,0.12484309545650504,0.0350509111159184,0.1535504525404835,305.40109692719847
deltaI0.2,BLS-G,67,166.9015303517654,1171.4050788519219,581.8537177912104,1318.5597174573825,-0.9796519810561979,-1.361187526449211,-0.9469051585609064,1.9259228607235312,0.10664187624791985,-0.11046989191287399,0.07869894282376655,0.17253872142361895,148.89302612510826
deltaI0.2,BLS-G,68,-135.48696787993754,-1313.1589149121855,-666.0152246875948,1478.620753876502,-0.10714009172084236,1.3409453829233886,-0.0026702257997519925,1.3452214127582587,0.09237620921274303,0.01796989347654186,-0.10597749348928769,0.14173041390734292,-142.14456957660977
deltaI0.2,BLS-G,76,95.55514852494989,-564.4267097776954,-154.97771338442647,593.0652483209293,0.8333598879564863,-0.7740367381483217,0.27448322711698003,1.1700267590216442,-0.06945090551031419,0.03140511247796589,0.05933370656756499,0.09659295057612736,151.55784127937346
deltaI0.2,BLS-G,78,-261.9369718641336,633.5658261715306,878.1415639240861,1114.0687768772652,0.24688652677485018,0.0667824801132928,-0.37336194576938025,0.4525615972458653,0.047950058363316755,-0.22251077323562046,0.06249656516076591,0.23604252362625905,194.1806320012501
deltaI0.2,BLS-G,79,426.80670662389815,-386.9845025574549,1785.7145888698064,1876.3521958686863,-0.9597699670365337,-0.6380572817813281,0.19200824673542033,1.1683931920693034,0.053156295140080134,0.10636266979043985,-0.0958276254761432,0.15271392550244206,6.100978164008384
deltaI0.2,BLS-G,69,-1071.86452195416,-724.9931181477463,-605.8225620436123,1428.8210354927933,-1.512514045648869,-0.7383299367296787,-0.7766620748603242,1.8536541781796043,-0.056600354257251864,-0.1127105364979811,0.224946131886087,0.2578915031369238,129.6552864784547
deltaI0.2,BLS-G,70,251.99152428694194,990.0078941695839,-1114.3710540511731,1511.7665841450766,0.037632729418446,-0.9471428396098216,0.6691786036130758,1.1602998683448966,-0.06282179729388383,0.052401998931889404,-0.18667272873780036,0.20381181359702377,65.29787557917336
deltaI0.2,BLS-G,85,-550.5837611589847,227.35769507456982,419.9805462723959,728.8468006439042,-1.2706771415268008,-1.3842676285936595,0.41060914831177414,1.9233868925019624,-0.13824111805375427,0.09051262253135149,-0.0512052362092474,0.172988779328313,-103.21071694655262
deltaI0.2,BLS-G,84,-548.9436919680373,586.661811258729,-442.928204654948,917.4402717451026,-1.0294923606515578,0.22843028305960725,-0.5927071872275128,1.2096845558449358,0.04955662215032724,-0.09150017046630092,0.0066027571583970575,0.10426761911737122,-29.533085914060738
deltaI0.2,BLS-G,77,-1762.7928825017816,-902.0426404569025,297.3116074694759,2002.3770533387271,2.0586366136744876,-0.06246993250472803,-0.21182970149543373,2.0704489904520593,0.04752037334774293,-0.25423207776826756,0.07500590627683376,0.2692917028537799,148.95044932763332
deltaI0.2,BLS-G,82,-870.8467717729609,1654.3658285465658,-1597.9442879794035,2459.415853827074,-0.24120968571067994,0.5774155773257381,-1.059662054419426,1.2306398868050146,0.06653038385467715,-0.11510482184824905,0.04823881012559856,0.14142982284829952,197.4415576987118
deltaI0.2,BLS-G,83,-1290.0217338523935,1730.8261747323984,-789.3029184803121,2298.4591399613482,-0.6519518932089234,-0.973070896329179,0.5656997731331158,1.30073997157942,-0.11073428556548802,0.005170170887753717,0.01957128773268158,0.11256930296587538,-33.09200965290383
deltaI0.2,BLS-G,88,1277.8087673291636,1947.501353151597,-1486.71129265766,2763.307299977038,-0.3847834093275808,0.24916344036803498,-0.9715747619193453,1.0742896304574594,-0.026455644550167898,-0.07965048238620813,-0.02466661508222855,0.08747881099177848,-38.396545736686164
deltaI0.2,BLS-G,89,-174.00878829204737,1543.1975238280088,-193.66192672861763,1565.0056222953338,0.6764763225604961,0.26894896861812445,1.2484977930971817,1.4452337188407478,-0.0076984005032491275,-0.036539370889754105,-0.17994553172439215,0.18377917559642512,83.69323699566723
deltaI0.2,BLS-G,87,-1821.0206164079457,1723.2544230489664,74.25354528178816,2508.233537956048,-1.9794287514625521,0.3300537415369351,-0.8818215798269556,2.1919587024092486,0.1408761727293295,0.1303888217977523,0.045425861119801965,0.19725833252652578,-52.18200291619099
deltaI0.2,BLS-G,90,1149.280498500209,588.5601516358797,142.72491710130646,1299.08395351806,0.5728752656183721,0.5570505916129745,1.9545449818111893,2.111572285643328,-0.052040965449442214,-0.16341209787383315,-0.06192726971255809,0.18233694784790375,285.69774127853776
deltaI0.2,BLS-G,80,226.66008130756632,-50.53547827043853,-103.70757528786802,254.33027384576803,-0.6754460244840242,1.3153891868234606,0.012336275068602453,1.4787252038448275,0.039571409472490604,0.06455133306617628,0.08554730400044576,0.11424146475778672,162.28774203102367
deltaI0.2,BLS-G,91,-781.6142438733476,-2707.40202254976,-103.10900404293415,2819.854252376701,-0.6849667111279247,0.03322383024976805,0.9240424404055333,1.1507118014170554,-0.10065770768964898,0.11088023052516634,0.1528012217283667,0.21395002453921413,-66.29393841414225
deltaI0.2,BLS-G,93,399.62824350798144,-104.32184554889619,2.965443870784138,413.03096049249507,0.8290710567099796,-0.9576038231359917,-0.8818222204183433,1.5433646126506877,-0.28922321856834765,0.01851709248212526,-0.017090443973683936,0.2903188525539521,-142.9786806148855
deltaI0.2,BLS-G,86,-1866.7953521316538,-2494.5583151338456,-1933.1481032337463,3666.7161961869897,0.9216620121099642,-0.6150276753381828,-0.782689088193778,1.3565847245108154,0.049050478826999935,-0.013022716959069324,0.18363791493273882,0.19052145399140175,94.40138773050228
deltaI0.2,BLS-G,96,-390.75990569954126,-552.9037651903044,-4.7100802991279895,677.0657739986226,1.0728994004097478,-0.6320605558631717,-1.2899358597433368,1.7929161140247023,0.028615933125875997,-0.026927330495246465,-0.004585942623103741,0.039559873938212156,19.737507762494726
deltaI0.2,BLS-G,98,-605.4894047529702,1229.9785078558264,-1577.0905324647892,2089.6600433193494,0.24802156821120164,-0.3063641139015415,-0.21353735091955145,0.44829886105405187,0.020794085462511096,-0.01953362906329522,-0.09458012396924698,0.09878945543246381,90.79195563267227
deltaI0.2,BLS-G,94,60.20346846574813,924.6544093355221,-364.1909345601079,995.613012738732,0.23146287845127073,-1.4680304736372967,-1.3582870346160498,2.0133634058546797,-0.025921308271084055,-0.015772150425513356,-0.11556115181673536,0.11947826061983055,-260.79295779929834
deltaI0.2,BLS-G,101,835.1509845703031,-657.0133182941994,324.6619984338797,1111.1026418255797,0.2802668941514156,-0.6155162361294366,1.4370940911980028,1.5882849857164938,0.12362198236037866,0.02277672377525591,-0.03308761449725389,0.12998447561829438,-14.307207669972057
deltaI0.2,BLS-G,95,929.6271825112775,825.2553928464343,-48.931415495333944,1244.0447923239562,1.6202396814164977,-0.12984006615565913,-0.6247354719568208,1.7413585150499742,-0.10019639190536064,-0.029887774335982182,0.0027374436758901845,0.10459488325673434,-96.4679128227201
deltaI0.2,BLS-G,97,-1162.333244600598,-1238.3995331359715,3110.987067073796,3544.41708982952,-0.20549004415431013,1.1364707278452248,-0.7477245776645028,1.3758211793467765,-0.05678684298537572,-0.18644991680932602,-0.09652278436220665,0.2174970457626571,-45.174611209325114
deltaI0.2,BLS-G,100,-13.800738789073545,357.5461139841666,1613.5408335741045,1652.7382447403213,0.23738912982157237,-1.18817519027507,-0.2406790907279704,1.23533003948592,-0.0999986236299114,-0.028501419865542537,-0.0061523636353503185,0.10416288801934304,-313.54854583240245
deltaI0.2,BLS-G,92,205.40628504343937,1091.148208967912,324.43499744411395,1156.742937491209,-0.5162330422563404,-1.0271198694364922,-0.5003689487467063,1.2537307785080325,0.05263393170764184,0.03182286747874582,-0.10367101326618539,0.12054337249808514,-28.96583810757271
deltaI0.2,BLS-G,105,-78.04550782390866,-2009.294631601962,351.6131572889768,2041.3201194949015,1.1420541778949833,0.05511893852673009,-0.49547784021520297,1.2461236426518927,-0.12618697222078287,0.05012813423683011,-0.11872356852952592,0.18036426343569095,-118.17060474365802
deltaI0.2,BLS-G,104,-1317.460409755589,497.5586260860104,-998.0520093529195,1726.0864205014077,-1.3072070069399848,1.2099858733386175,3.321443300218999,3.768931091071006,-0.037903924555359715,0.019474819804346434,0.11289073487457672,0.12066604378876494,20.98503019425864
deltaI0.2,BLS-G,102,-65.98898681667931,-512.1727286249935,754.2151176877785,914.065585216429,-0.9498037857846365,0.29304822220539745,-0.9030253412327405,1.342929357388943,-0.03309446824326572,0.152682007270315,0.0910697528073151,0.1808334566632583,-15.839024014780922
deltaI0.2,BLS-G,103,-946.3231807631058,431.3273921147751,600.1475585953149,1200.7281014976088,0.405486401157275,-0.25860263189498084,0.4758988059166811,0.6765901390202287,0.07604939280793484,0.1554593661917879,0.08762611307585257,0.1939831445667125,5.182031743653603
deltaI0.2,BLS-G,99,291.37128411193044,438.6625467638508,-907.3641725299382,1049.1100022063092,-1.4041999499013817,2.0998093854939532,0.7063573513802056,2.62295971424656,0.16724043311191863,-0.08058112142719123,0.09677692792401899,0.20935246207373975,-113.7527820514142
deltaI0.2,BLS-G,107,651.9703802551462,1346.5108853502484,669.3740795644446,1638.9687609864616,0.8839681129274871,0.6163888026359647,-0.2778392020655305,1.1128923590770095,0.009317000737676873,-0.11483680989651987,0.05540574219122547,0.127844028713569,87.78655584615437
deltaI0.2,BLS-G,106,-1834.9695633352521,-375.68763226723377,-908.4541299153705,2081.716455611959,-0.10018583801901937,-0.9350088301619207,0.03381049997362131,0.9409685778647462,0.11899140696842028,-0.08938289465136304,-0.2214366806677564,0.2668004129189736,-76.77176115830659
deltaI0.2,BLS-G,108,-527.1523209613104,1797.4221847510619,777.7132055200381,2028.1651584056044,-0.4316002838381376,0.2450386582493405,0.25042477255079554,0.5559094492387369,0.006845425371086626,0.08423538248871708,0.031038955417577768,0.0900326399976473,115.64951887323762
deltaI0.2,BLS-G,112,799.0460472381574,1048.3341062186896,41.10130067608926,1318.7753033726135,-0.7117683326894104,-0.6822954244718739,-1.4139365125375833,1.7237626481513229,0.029905536912569627,-0.18918484471668803,-0.028980999284992617,0.19371408035572213,160.55250505237044
deltaI0.2,BLS-G,109,133.09528041072926,188.5361417192191,-85.93088814256717,246.26073162189402,-0.5185349634530199,1.555618147732277,1.0678906690130483,1.9568384733652293,-0.14801799949491903,0.08333782431711342,-0.01403397898003682,0.1704449286496962,227.40313851365792
deltaI0.2,BLS-G,111,29.90760479589177,948.2126192710492,-12.17360954223045,948.7622636565904,-1.3468787128488904,0.3640898250630046,-0.06372614847420048,1.3966763010229855,-0.02400604513254727,-0.0922746193789075,0.04318303286774277,0.10466933606402928,61.21393850788512
deltaI0.2,BLS-G,110,-912.0040266422207,-417.5854790948236,450.7092454520712,1099.6671318623892,0.5091231523424795,1.0461570097411117,0.4578369994577025,1.2503061990384758,0.05130378798773644,0.10014370878659339,-0.18370105538062123,0.21542265159304555,56.223376543150614
deltaI0.2,BLS-G,115,-1053.43852111261,1831.3579604420886,-2734.9043232092167,3455.9089042026258,-0.6116740415765403,-0.755157979341737,0.5690904140596301,1.1261760991410872,0.0023334705967942154,-0.0595867798758302,0.09848369519786039,0.11513065465297162,-33.290842738807044
deltaI0.2,BLS-G,118,943.021729007945,-19.99102800228197,-2029.8471329527854,2238.296004941787,0.10062821278367767,-0.21167691286150567,0.2354023160852869,0.33218579600117143,-0.02384471441991547,0.07052657864817213,-0.09673850967718355,0.12206927523396978,-56.080167749962776
deltaI0.2,BLS-G,114,693.339264184508,-204.68848480355916,-1076.5945361735744,1296.7931625320539,-0.45257883989183095,-1.8665135856031825,-0.7300741898181097,2.054679754657074,-0.087923018127205,0.11681177694590687,0.07916314433392645,0.16625959151486927,47.19700497271292
deltaI0.2,BLS-G,113,-235.80650193906826,946.7314120438751,-394.50776920086014,1052.3979536597212,-0.009416702275880765,-1.7241873895647017,-0.8465206484773418,1.920809214085093,-0.0464276189788176,0.15574563848201028,-0.07133159254340263,0.17748358742427234,98.26783808644511
deltaI0.2,BLS-G,116,728.4262262929517,673.4788231431173,-230.8496259391684,1018.5627335465807,-0.8684266092938775,-0.2168916419361849,-0.1555437153483827,0.9085156066110333,-0.16091964172382692,0.13022242768555922,-0.06367881615381062,0.216582555603161,11.408151874592463
deltaI0.2,BLS-G,121,107.28254636749142,323.316610429969,1129.8389377459082,1180.075930006972,-1.6288174573451937,-1.8099410906031907,-0.9302587983509893,2.6065905878591207,0.12964377257916235,0.09426790618577516,0.12329210006697622,0.2022248447746541,6.6217573744744485
deltaI0.2,BLS-G,117,449.39965820978375,-170.93532087081923,1855.0162722284094,1916.3152942437382,1.4030283334787752,0.263688765923173,0.39497349786938873,1.481223931023765,0.04525362684103101,-0.04074215966808201,0.03508026799642721,0.07027403161472896,-161.789284857806
deltaI0.2,BLS-G,120,348.3033350774498,-586.2724068253962,-107.44119219114441,690.3435072558962,-1.6024494068195314,-0.6636679818381149,0.5147563793887505,1.8092190087589617,0.05027825933960677,0.053767714055792,0.11919957294948536,0.1400978537606692,-145.7460445234335
deltaI0.2,BLS-G,119,-1211.064670795074,926.6762155027938,-341.61605645683534,1562.7245359485726,0.008141376733201991,-1.0879480220023112,1.4596884221886304,1.8205459264916628,0.07813422230027262,0.13711958396686721,0.07421126115141767,0.17439623930406034,-157.1679107043011
deltaI0.2,BLS-G,123,396.2680708862394,-1463.7796610030623,-107.41812136240219,1520.269033022501,-1.5866508141369475,1.0594947666346806,-2.3078925074811503,2.994387715813593,0.015117980928225508,0.04148601335556634,-0.10130885785594337,0.1105130188328966,163.62334093728407
deltaI0.2,BLS-G,122,359.25711936790697,993.7809709976707,32.46582198465503,1057.2229309520008,2.107149974745342,0.8827827495798678,-0.40859620412980996,2.32084839165646,0.07492927925925119,-0.18143339987109253,-0.057367804473381905,0.20450804499870118,114.56656636188782
deltaI0.2,BLS-G,124,-632.4827449897115,-800.9564362934407,799.9670209048804,1296.731610660062,0.1585065413752711,-0.5860926312480179,-0.4775663783499643,0.772462647506193,0.08197101135859747,-0.05744170102549083,0.11318601490627454,0.15109556476024236,60.29009950611065
deltaI0.2,BLS-G,127,-776.030663257888,-212.21707107227792,-609.4329263998411,1009.2909230500629,-0.1222203914133104,-0.09544798749728428,0.1138968429797052,0.19240746668268402,0.004633781802623059,-0.03874855252707028,0.08090596134572421,0.08982592519987348,83.61311574073443
deltaI0.2,BLS-G,125,1745.1348400666518,1132.528720074367,2184.575925941473,3016.701657110094,-0.38903371069421794,-0.29223496768548096,1.539779156562976,1.6148276550085572,-0.2792517540571622,-0.026103196744856248,-0.036148284678211455,0.2827889982115278,68.81736463585861
deltaI0.2,BLS-G,133,-139.74294403996404,951.1835918627338,-618.9254936561853,1143.3927945091316,0.45263441631020895,0.32379464609060665,-0.5504913345424735,0.7827909025223646,0.006254363328845315,0.07966266125745498,-0.052641646117840085,0.09568907756512826,-191.99457516580324
deltaI0.2,BLS-G,131,-1293.445676873362,291.7026718454823,183.4396315682557,1338.5597731196317,-0.3537257581420921,-0.2217410226596306,-0.22813050074634272,0.4757462753129169,-0.06036512842664844,-0.003996368632632322,-0.032820622027328605,0.06882668757447517,-50.04067325164572
deltaI0.2,BLS-G,128,474.4213464750423,-255.59447046064233,-766.6478024856721,937.0981807566155,1.823961847271571,1.1163937462477254,-0.4020629387087133,2.17596563016203,0.030117709770407737,0.1930919322336403,-0.03590010621722639,0.19869672458785875,-67.18443120092164
deltaI0.2,BLS-G,129,-81.17537425280224,1963.4193594945068,337.6418053226183,1993.8924272197883,0.8690366440387081,-0.21420811440697532,-0.3834722130613533,0.9737354585050417,-0.07771701124233839,-0.06977574180502022,0.022019007959141784,0.10673998637992863,-173.40896038198278
deltaI0.2,BLS-G,126,42.898514786997126,895.2320498364301,1020.679637886095,1358.3326650053575,1.1705883104220598,-1.204198590601013,-1.7408461568713283,2.418866796662419,0.07140176253215635,0.029085150085977465,0.0913765964342303,0.11955684850365733,-201.194932628059
deltaI0.2,BLS-G,135,603.3513007398415,1266.896096192292,-209.28047742289175,1418.751855992471,0.7279519452971073,0.29666928105471635,1.0693740662650202,1.32721045451863,0.12710216564262702,0.08714264498166567,0.011366632031165736,0.15452508343042026,-88.48712702861522
deltaI0.2,BLS-G,140,206.68503541833144,-999.3528476799027,1018.3871759732543,1441.7133065275452,-0.05807417546179755,0.2978883998670702,-0.6412766299403192,0.7094686918663461,0.012861227345829174,0.08725404680505493,-0.050914154752466516,0.10183776807676968,196.07185147613598
deltaI0.2,BLS-G,130,315.6290239735401,2409.0620556115764,-1528.1600009948938,2870.274317413351,-1.4032611396483599,0.8277979407533506,-0.9191771500429918,1.870635691395804,-0.007870169807078593,0.09922465984943116,-0.10035762422708047,0.14134753423930485,-38.13308035989702
deltaI0.2,BLS-G,137,900.8674690386774,982.7299339155456,587.7185559423303,1456.9603360368956,0.271787548425788,0.6228315228642811,-0.2168772163518393,0.7133185153388787,-0.07255887038793507,0.19365190025676277,0.03660677181822309,0.21001405640570778,128.74894395787035
deltaI0.2,BLS-G,132,-43.123555673711216,-645.5262608366734,-1686.7617899774386,1806.5794005832163,1.2211049862137973,-0.4280859203681372,-0.19012033583433696,1.3078611106196996,0.12205001170210487,-0.05153792822418669,-0.012924793636192226,0.13311428808607853,52.258112035971074
deltaI0.2,BLS-G,136,328.5910553580344,-1885.89380480039,-924.9146738248716,2126.037318229002,1.1289426654216888,-1.4799076476945046,-1.2970173803305358,2.2686763260530567,-0.019874276473464386,0.04780093520632435,0.18447312978038563,0.1915991959349358,-254.9846349055341
deltaI0.2,BLS-G,134,319.8376996866555,-1146.9509614565677,-587.6828463297196,1327.8417789771481,-2.6509917018630125,0.5187199052443567,0.8637256484868995,2.835991773489017,-0.1501568191000102,-0.07327588131934071,0.0006417686202700487,0.16708332344169258,-41.10307240199492
deltaI0.2,BLS-G,138,-84.84248088051989,2108.474561867685,-1838.0646504162694,2798.4540167233354,-1.843525059010378,-0.3265442329781073,-0.388416984607302,1.9120887880069553,0.06644340895203983,-0.12296549596475631,0.09178218065216615,0.16721007289123874,-210.89750152529805
deltaI0.2,BLS-G,145,63.66156028238841,-1129.1521843073642,-1883.4879413875972,2196.9443040132282,0.36834856004644023,-0.10007611921655116,0.5662482045080828,0.6828857301440402,-0.02494781946122905,-0.20822772548905688,-0.09586491901332263,0.23058894608295302,-8.830794420111546
deltaI0.2,BLS-G,146,102.08088255163871,318.28576899261526,2925.977806823201,2945.0080582822948,-0.20972342374123074,-1.182487082880267,-1.532201602001085,1.946766900483753,0.03518164575291678,0.12551996511939273,-0.0551749785993467,0.14155312820596958,-41.378507602574494
deltaI0.2,BLS-G,141,615.5197848272315,-550.0178040644307,312.8839194523039,882.7686771479014,0.2859806097358346,-0.7677294788554567,1.049355702096292,1.3312929247053606,0.08827546423105241,-0.058063069623788266,0.04749821589606544,0.11584454304219055,-22.977645575189865
deltaI0.2,BLS-G,142,-1602.7550205651585,745.2769026036844,-1471.6084543407983,2299.9766869228642,-0.341684364982934,1.9985990852806577,-2.1778457824088053,2.975593850127113,-0.08625515146422097,-0.020343808372151755,-0.01686184628243953,0.09021165974113962,66.3619952226946
deltaI0.2,BLS-G,139,-982.1897797719947,-1062.1025695695596,604.6124744978645,1567.9014242270628,-0.5765662632303453,-0.8622413158400366,-0.5705289307860264,1.1838040393159706,-0.03198424132735714,0.012541235383796989,-0.16017432637467652,0.1638172430112893,292.8015957074655
deltaI0.2,BLS-G,148,-746.1064016478117,-197.59764410748105,226.98214178678697,804.5125755554039,-0.6412251052927838,0.5674909667507535,0.9550883326961185,1.2827351075938078,0.09858204154691193,0.03045950711374307,0.0038880192177033392,0.10325365457264195,178.25540210997016
deltaI0.2,BLS-G,143,-1286.4449921787134,-250.23728777464765,-65.82331765656869,1312.2088733284115,0.06862069403384916,0.05534486094832889,0.7128621215525152,0.7182925988950671,-0.10358003090451055,-0.01877660255533655,0.08106485973199608,0.13286419792054077,-49.385187752752984
deltaI0.2,BLS-G,144,-256.16331134856887,-1037.927882656306,1459.9117493179533,1809.4906044169097,-0.5795303584970546,-0.578470028485507,-0.5373230670322382,0.9793870984655041,-0.10536235448021807,0.05110067971673202,-0.04357400208191226,0.12494478327069782,-65.40925679815561
deltaI0.2,BLS-G,150,-1278.802386072127,1156.1164720171816,4.869349458912281,1723.938673519848,-0.6197840103822294,1.0789840082271631,1.0022970656385046,1.5977916376433416,-0.01348558628959725,0.21581111808296494,-0.009701581882687325,0.21644957938702514,-69.68933605650851
deltaI0.2,BLS-G,152,137.46163472541926,-692.0202045267541,-380.9992697391131,801.8404504864872,0.5930878612717887,0.09177348120342414,-0.9358844370382552,1.1117802222249464,-0.018944233405188672,-0.010363077353037282,-0.00608796228023567,0.02243525431683075,-112.01879207942909
deltaI0.2,BLS-G,81,-637.9277954589751,-692.1980836427108,-1352.9727327673074,1648.2188188555624,1.059126830874443,-2.48970700279787,-2.0677370978691267,3.405279329153944,-0.21499746401020203,-0.08230672884730579,-0.1965105207078405,0.30267918972606733,10.913707429418944
deltaI0.2,BLS-G,151,1508.6885579509506,279.68659652631504,-1333.5904119791276,2032.936089524521,-0.46080146924548243,-0.16574158267678793,0.2546342863202883,0.551948263931362,-0.011637679430582895,0.2498512935267948,0.030814896052523657,0.2520132184594083,157.17313016907582
deltaI0.2,BLS-G,147,-306.7375002334424,-1096.7307085088594,-426.80609948766175,1216.1700487989651,0.23813963908922145,-1.0270011048009577,-1.381599084564679,1.7378888881162373,-0.2017092598287061,0.07542907559341433,0.08374785496051068,0.2310624897208723,44.698755169831465
deltaI0.2,BLS-G,154,1678.315698292682,-1041.2610334502822,-1007.8126766085842,2217.353042266964,-0.40206717734709235,-0.3318652930756693,1.4878455857549362,1.5765395887507891,-0.00039579071113528464,0.01788244563018687,-0.04721859685712153,0.050492914365868974,8.215445913911646
deltaI0.2,BLS-G,156,-1530.3229635402888,-431.3512639980225,-725.7943453674606,1747.7785092679233,0.8769058605048828,-1.1855408105805454,0.7613404743545558,1.6595512103066317,-0.11328554369104128,0.00641327451878685,-0.028985604706064233,0.11711067320959417,-86.44141889808449
deltaI0.2,BLS-G,155,-30.865620393492268,-15.987436010001913,-136.29959236739083,140.66223200264517,0.6758634197738145,0.30128031702800434,-0.27085417257622785,0.7879867856879347,-0.0033879891205536765,-0.017448988984899737,-0.10641238858577658,0.10788670970701839,-16.586656577601925
deltaI0.2,BLS-G,149,2091.772882989383,2006.5866573015967,-117.6292148074002,2900.9895621057854,2.052025040733815,1.9711800456769373,0.5883865048417125,2.905607719454468,-0.051891870137625445,-0.03420092380020644,0.07222431853232857,0.0952828503070042,-10.005620286829139
deltaI0.2,BLS-G,158,221.35497331068075,-1120.768461607218,-1225.6338252199166,1675.4994008551562,0.5076815976327322,-0.34535662288849445,0.8406536941924525,1.0410141378037507,-0.07396473671406381,0.05839294043095746,-0.14186096966429926,0.1703086976153871,-1.4757446672467318
deltaI0.2,BLS-G,161,78.74726955891744,-43.516186933749644,-1450.8793011723492,1453.6662400835353,-0.3115597346073121,-0.1259738046635225,0.17089863598975902,0.3770215000144451,0.13893743349833892,0.1130634930077052,0.214659742555617,0.2795814173943836,-6.495164384084977
deltaI0.2,BLS-G,157,1766.4104706802814,228.1364026419218,743.4538566635741,1930.019638793158,-0.012554331822072213,-0.23306738870713914,-2.159138898911459,2.171717938342558,0.03649632279739238,-0.02314697358719385,0.010919434606751611,0.04457575592302207,172.15180272963244
deltaI0.2,BLS-G,163,-630.313589192515,-1305.5830448026472,-56.528016685080765,1450.874813437483,-1.4841129173949648,0.20162396358033824,1.7463588742602412,2.300654839817554,0.036800691737954104,-0.11767119015652361,-0.06163714602930963,0.13784026144738373,135.68859411146127
deltaI0.2,BLS-G,153,-1240.8816160272982,1377.9607670929458,-638.6668891263141,1961.2390103983203,1.7386523679566712,-1.481529407293282,0.034880711073731696,2.2845257944004773,0.0719804334195951,0.19453458097215492,0.13674859298503478,0.24844529311836716,59.612489443556875
deltaI0.2,BLS-G,159,795.4361104915571,1392.3414752775773,884.5752590094077,1831.3401591467484,0.4714557455275302,-0.34902418762174864,0.42281041950379084,0.7230885522374922,0.030744214268977395,-0.024931047314873337,-0.028474543597367858,0.04876026521986575,-25.874999783209432
deltaI0.2,BLS-G,162,-1316.8392453590232,-1002.1018003690145,-1749.7794418436995,2408.3192710933054,-1.4878592678132152,-1.375007093728546,0.3185358102250019,2.0508131974943984,0.02357914057190405,-0.09498219304762674,0.0087915528784992,0.09825927064792254,-34.48784823616461
deltaI0.2,BLS-G,167,100.2594153574081,964.5781141070316,892.9562886476928,1318.2692524736926,-0.9618611702187898,-1.24767462267896,0.27659500956006944,1.599491692433968,-0.1400702500029378,-0.10934626958192577,0.09051011589878843,0.1994200659095789,-7.02079011505992
deltaI0.2,BLS-G,160,1378.8534790905621,16.355272597568263,56.40152462690112,1380.1034539925356,-0.5323988706648723,-1.058218778737037,0.19601770740352492,1.2007074925945418,-0.13211556496181284,-0.06017631851853564,-0.018181304967863757,0.1463088229258841,-246.7251456055397
deltaI0.2,BLS-G,166,164.98528964865199,311.23118468264454,-583.7616383538347,681.8083649625936,0.7086135498558176,-0.37924817983879033,0.562340006493769,0.9809121407413157,-0.04734092548928474,-0.10815745413570294,-0.08033540960592378,0.14280397805331,-36.59589356815914
deltaI0.2,BLS-G,165,465.61728859527284,-1527.6073521316557,-1610.2877779368876,2267.908818603257,0.9818819587589823,0.47306077139025793,0.17162912394823662,1.103329157845455,0.02713670526045546,-0.020815515009935844,-0.025672148309459866,0.04276383561310419,-99.2552601301627
deltaI0.2,BLS-G,171,-781.9827206084749,-1525.0794747431266,-949.6426435923654,1959.3839670013888,1.4855183762661481,1.1364785684685563,0.5719934486028465,1.95589490721187,0.1879939029701371,0.025717339526247215,0.03934050797621747,0.1937801968057635,17.752505947222005
deltaI0.2,BLS-G,168,-1412.580892801138,-110.75223989982766,66.00040384654768,1418.4522870571277,1.1520530692705981,1.9385398538335716,-0.02515657353446642,2.2551709231250934,0.19871812175917422,-0.13154357633925717,0.04700351382834422,0.24290313852197817,38.85357400416315
deltaI0.2,BLS-G,177,425.38678625963416,447.05904371680964,-483.26845270565144,783.8138196496682,1.4210242849853618,-0.4112843370491124,-0.9877767164042355,1.778810744820938,0.17684426997522876,-0.0711126126636639,-0.04791225748671916,0.19653621528969556,-44.32937606150092
deltaI0.2,BLS-G,164,-277.0034331085738,-896.89776187047,-421.90186684381825,1029.1538672368158,-0.9475731579609631,0.625348227989008,-1.6047545407482324,1.9657549267365897,-0.02123376157650821,0.061322738370339684,0.12819480957155302,0.14368458537021941,114.01016170492213
deltaI0.2,BLS-G,174,74.68858014481236,-856.5246093380982,-1380.8838321328897,1626.669280539792,-1.4923991143990538,0.5985279809236014,0.8007668701580686,1.796306889412361,-0.019180043080446834,0.0506326203857064,-0.18560382162092334,0.19333989474493457,20.842302375032386
deltaI0.2,BLS-G,170,1397.5952544020374,-110.4428116171321,-1295.6860980872405,1908.9977932259458,1.0831989659356724,-1.433803105105157,-1.7426920353107593,2.503215307149758,0.13106232342577093,-0.04215231496316132,-0.008841457971669055,0.13795768067628467,-13.584300289304965
deltaI0.2,BLS-G,173,-1715.2308987974104,311.8034452484911,-645.6356481467649,1859.0545486391986,-1.727948904421723,0.7482620324932922,1.7314817901773767,2.55807206217477,-0.14438546310656017,-0.1320766998445414,-0.17059987905352275,0.25960688614017446,-194.50085484346818
deltaI0.2,BLS-G,176,704.5345499542299,-869.02440210292,-643.2546766536001,1290.4839877217673,-0.1009429554589973,0.5883529864379022,-0.3098862087789795,0.6725906476443192,0.1113955395105185,0.21566961178366675,0.12194087046155415,0.2716466888417353,269.5099485404661
deltaI0.2,BLS-G,169,-427.3329949973675,1445.1616593701929,1155.3605858022,1898.9375433521325,0.20619825351079799,-1.0761033317955122,0.2859587380550286,1.1323817820515878,-0.23329471469343635,0.1431862578060842,0.1133760686570855,0.2962817261873206,-140.8948967462445
deltaI0.2,BLS-G,175,-803.2804913142204,166.40096461369694,-46.92429720560729,821.6755554466887,-1.0524701587871985,-0.3059965153166428,-1.537466297226473,1.8881551624881787,-0.08864571078417519,0.04691794995599585,0.05066211946129313,0.11236550367802077,39.139600060945895
deltaI0.2,BLS-G,178,1941.3434110299352,-413.8116765532796,1234.7608289369591,2337.6673518441985,-0.6024662395506463,-0.3268694990691386,0.27250829222694734,0.7376110143920396,-0.11458395686237205,-0.11467205722672215,-0.019834267888612343,0.16331736607453542,36.78930318215646
deltaI0.2,BLS-G,172,-320.72119713051296,-249.21405070214257,-1137.4065754342691,1207.751401240053,0.7151875826650891,0.5921577062160672,-0.0672097817664336,0.9309463906125311,0.13313711227157649,-0.04011752162455158,0.10587902704429793,0.17477206462463588,-133.58045586814364
deltaI0.2,BLS-G,181,-1956.824419828131,863.098515936236,1503.9410371901351,2614.56296569648,0.3301539142345993,-0.3679215443655845,-1.7458199388587394,1.8144572546107325,-0.0007229947397610644,-0.061144949907493744,0.0606997471342645,0.0861608201141754,-36.84190991371115
deltaI0.2,BLS-G,182,-980.7364617354291,425.34129962068766,-696.34652619945,1275.796893353478,-0.04118876244393705,0.2730410144825427,0.07403638154400485,0.28588336001496945,0.11954924756787315,-0.10551597380068896,-0.07051739457037849,0.17435121524711766,-118.39652484131611
deltaI0.2,BLS-G,179,136.6701348719222,1108.137322788586,702.7406831348624,1319.2768927165432,1.598420903326269,-0.598444567836232,0.5381089911776076,1.7895939682925965,-0.002354678677244653,0.009678398973673317,0.059488087753993155,0.06031623747378032,49.65993198994024
deltaI0.2,BLS-G,183,-786.4707450856223,-753.4034134861807,-223.29074838951993,1111.7606283029252,1.200491317396052,-0.9285131218505983,-1.2046496212473805,1.9376523760890418,-0.16146951837252052,0.06918127202406187,0.018585849783094507,0.17664622151204012,13.428126396631853
deltaI0.2,BLS-G,186,428.61132530668954,-1438.4868685091778,1936.5465718567189,2450.135662371475,1.0309880670812464,-0.20130454437409884,-0.6190835891166753,1.2193130870958337,0.05359990177697134,0.046587005491201636,-0.08561630139398639,0.11123600862816026,237.4291283278581
deltaI0.2,BLS-G,191,1619.4522162336325,-1087.8209268179942,771.6991998170505,2097.975096250063,-0.3767888504083472,0.157487085055042,-0.8375304559706946,0.9317882186578974,0.009250006229265077,-0.17253331414124765,0.00453735180345937,0.172840662649714,8.678558588918417
deltaI0.2,BLS-G,185,-2333.4275436689613,-1310.3440921039676,575.9293981224806,2737.4404857250242,1.3319938324480978,0.7394288541231194,-0.0783375863652936,1.5254833258436948,0.04149879452745581,-0.0863867281053659,0.11518692174533046,0.14984272982413024,-124.67270238952749
deltaI0.2,BLS-G,187,391.3589944328244,214.5847471899888,841.7173594546113,952.7311212809761,-0.5693016003331456,0.7963182958069048,-0.5879308702730064,1.1418799624297944,-0.06871450622621013,-0.05769249457429757,0.024452133781327247,0.0929946995402273,-345.07245981936256
deltaI0.2,BLS-G,188,10.669878878304191,-708.708713899784,-1715.5684369226053,1856.221147718621,-0.7038506867143115,-1.0936366673762592,-1.2142717194683614,1.7792983892868304,0.20466815888801804,0.03968382403508913,0.13663412734948555,0.24926440963204985,48.901379389693176
deltaI0.2,BLS-G,184,-43.6989608895855,-309.21566212415036,963.0859945657572,1012.4517557960083,0.7224510558587505,-0.7110453938735738,-0.03577185976352984,1.0142981347765512,0.1618123053597483,-0.07705262192266649,0.16082952744742376,0.2408037906885094,-33.69056317649259
deltaI0.2,BLS-G,193,-994.0887728665803,679.3721938614422,871.9167220962277,1486.6061470350924,0.6364517770937649,0.7568162493910829,1.1507694238898607,1.5172712238976915,-0.01358178560123956,0.1698440857663596,-0.05267704399497496,0.17834334676117602,-107.0603439070306
deltaI0.2,BLS-G,194,-45.105027674157604,-1467.2254508017422,-397.78667268858277,1520.8613427826076,1.522271437652033,0.09535546534577612,1.0585703459421163,1.856602857902171,0.026314934522227267,-0.0016976656359599448,-0.1252199524456654,0.12796637971754662,13.116685773292362
deltaI0.2,BLS-G,195,-1598.3426017826646,-1244.6365367742121,-522.7414623603393,2092.1467008356053,0.5342278513493294,0.004172831601567871,-0.14988200595917897,0.5548706384295745,0.17091277258532292,0.06519778143810366,-0.18886529939242674,0.262929701349703,-169.93894841391295
deltaI0.2,BLS-G,196,465.04831107142144,-794.8489530555453,173.47009462731398,937.0947996515013,1.4991462795026715,-0.9832429647245321,-0.7730105800883044,1.9523707772745027,0.08510986992309676,0.03730250481741419,-0.023639259655894015,0.09588525132187138,-191.0001251164078
deltaI0.2,BLS-G,189,-1009.108909546564,261.8591487173092,-113.93359117381716,1048.7382267710907,-0.6926879493580653,1.1452786725794732,0.20527962852884446,1.354112092457719,0.011761971938695224,-0.125193619976463,0.02281875613136279,0.12779859975007668,-84.36167631583523
deltaI0.2,BLS-G,180,218.91449150620352,-624.4153591493865,1604.3831169476084,1735.4720629499054,-1.0638224467380526,-2.277769559737807,-1.1587677219684596,2.7681573291501826,0.19463973542252713,-0.017105346177464047,-0.11750896404271789,0.2280034563413349,-73.56159298398025
deltaI0.2,BLS-G,192,-443.8153076543896,1169.3845426402397,1294.1234442209368,1799.7743538445434,0.21494358629536492,-0.9166601300328753,-0.633426716094194,1.1347669117238461,-0.00626225420698408,0.04536373569887069,-0.11433088989398363,0.1231610195161606,-74.39930087866217
deltaI0.2,BLS-G,197,1660.5502378815831,-1184.3749147195306,-812.8888154878518,2195.668294048698,-0.776272663411659,-1.392266713774296,-0.4592690713294468,1.658895394569507,-0.05628459140109667,0.14610287580473608,-0.05364720780691285,0.165505372882818,-139.88516564532225
deltaI0.2,BLS-G,190,-975.458491641886,-488.25734739891647,-1836.5845763481072,2136.108005763062,0.046929884847793445,1.5184392164102039,-0.1402261514409175,1.525622312884874,-0.005823383740225246,-0.02498716171909987,0.132290592599111,0.1347555970607022,217.8083875490305
deltaI0.2,BLS-G,200,-1573.859524056272,107.0371448195822,292.48858816186527,1604.3816023747854,0.008245688904879502,0.13691125645053334,-0.7908561479811042,0.8026619028756067,-0.04692388210259024,0.06359306610156086,0.05765412175700485,0.09782600126421818,-3.4671119483892903
deltaI0.2,BLS-G,198,-2161.4013320351087,911.8458075558289,-1564.023282416806,2819.4480528681715,-0.11034423207721372,0.42533305379947706,1.0329748869119941,1.122551189566848,-0.015090531008061375,-0.11302168970543568,0.03950779216065345,0.12067515117614909,9.817881482437123
deltaI0.2,BLS-G,199,2083.967672318066,854.4511486551824,-843.2031070205485,2404.9946994523802,0.8811547328116642,-0.21751979151701292,-0.6267054808529574,1.1029543429304483,0.15182091790230434,-0.15371900482372977,-0.04664048185280228,0.22103044610224554,96.73569993446334
deltaC0.2,BLS-G,1,1216.5821887568043,859.6656112931041,-745.7766326203762,1665.9171561043574,-1.9523521565942057,-1.6476764198509941,0.16606751284602522,2.5600966674549417,-0.041711750231517714,-0.002635176651734966,0.04430864012887391,0.06091034274597724,-84.55147267637314
deltaC0.2,BLS-G,2,1802.0962537381306,-801.9127964984071,-57.0996389527044,1973.2905031174273,-1.0375382926516563,0.08240205575838278,0.9779841803584377,1.4281907661594395,-0.11641747185968512,-0.06765025211443776,-0.004780935377688357,0.13473099757826035,65.66162841290736
deltaC0.2,BLS-G,10,-1508.382909275355,2848.074240458545,-1677.5584426661028,3633.3109155036295,-0.1134801413272868,0.11243393268336284,0.13686190133903572,0.21035758063935775,0.07936203313588937,0.010993572688566619,0.05015197727404177,0.09452201737382038,219.9441516982386
deltaC0.2,BLS-G,3,-1397.7013166015206,-1661.8038492384965,915.1253985125416,2356.398841193113,-1.3711735634462272,-0.6317779487980174,-0.12129710407952085,1.5145868430497254,-0.1007028664253861,0.18322642394580693,-0.04247128221555279,0.2133466651984297,-67.96817120518651
deltaC0.2,BLS-G,4,-562.7965914257072,566.7659041223603,-583.8517815069617,989.3667147043527,-0.5340735545629803,0.9366861153776486,0.1395914832897364,1.087244785056169,-0.011637730805024128,-0.05342003312694089,0.05716637845521358,0.07910203248500242,-16.44410741139773
deltaC0.2,BLS-G,5,-190.03111495028307,582.3024031934638,1455.0739745828353,1578.742596157594,-0.5912917875659108,-0.688195688995287,-0.17097050326239338,0.923293126466554,-0.2096867274655507,-0.11515304238254387,0.03063968623854954,0.2411794709712351,-2.0649976208060874
deltaC0.2,BLS-G,12,966.0609496383138,-1351.2490065050802,-492.77730399000626,1732.6214552881152,0.5264309091527242,0.6218176891589153,0.3537948512940267,0.8882328171512577,0.03817129290262048,0.04613874273944046,-0.04317731309183458,0.07382487080425013,49.02168877916772
deltaC0.2,BLS-G,6,1745.3232576153637,2911.8294840419585,-1804.6818412812113,3844.708150947131,0.24215699477809455,0.5376251020390141,-0.4787975762774286,0.7595576867569431,0.06391666235185407,0.1561665876697589,0.042365940103112266,0.17397762991671634,-166.80400486759052
deltaC0.2,BLS-G,9,728.087830032529,-485.40846086522964,-480.63550004970176,998.3705454534678,0.7870212224230648,-0.6338824861949477,1.9008242185236421,2.1527522199674998,-0.06726566021033806,0.08066505340260388,-0.041952506286543276,0.11309965812370984,-99.51181621306793
deltaC0.2,BLS-G,11,903.8350263082697,483.5902540886392,180.89184314998602,1040.9126512582045,1.7455520527565231,0.5476893639818975,0.005034523288413314,1.829464663426476,-0.11540184225245147,-0.24418051285774128,0.11800058000172862,0.29473012220584716,28.48420588061895
deltaC0.2,BLS-G,15,527.1712078553843,-98.72004605529791,-153.52909854974652,557.8766117936499,-0.15217365697658672,0.7131565120134402,-0.30466352920885453,0.7902967155029803,0.017318783420217407,-0.0070233369519658384,-0.17627848186120415,0.17726638341317885,38.89442031939342
deltaC0.2,BLS-G,7,-100.35080006369819,-834.6927434855999,211.26980170447487,866.8432316244904,2.2909461718325397,-0.5387569664728519,1.1166485358888738,2.604917922672414,-0.1421028914143807,0.1156563483605538,-0.015983638704539997,0.18391601172998048,31.475268474526615
deltaC0.2,BLS-G,8,864.5519067068115,943.9607247786118,-402.9773504189663,1341.9771213644574,-0.37958581368138816,0.655054963377508,-1.8637785928472848,2.011679158849511,0.10146028143325203,-0.02121593145026678,-0.005028759711837983,0.10377664901150224,81.53364675074438
deltaC0.2,BLS-G,17,1495.2085272811166,-276.72281503715726,-1262.8673764301286,1976.62795357846,-0.38418400483776255,1.6934553608530274,1.799377735326385,2.5006296493410116,0.13867824591390362,0.035387728323195825,-0.02046716533084749,0.14457818667528546,73.16736480326836
deltaC0.2,BLS-G,13,588.0567701170796,-247.05016190219334,1296.3434205337612,1444.7666978919483,-0.8640007804003574,0.5936646173107969,-1.1044830125096594,1.5227664795698697,0.02904946214280761,-0.138582308443526,0.049793219085211615,0.15009427747649431,-242.24616728027507
deltaC0.2,BLS-G,14,-147.62427734040952,-1483.1956457087288,-2067.9121016690883,2549.1023343402826,-0.6887856058713059,0.612994508787544,1.2080670010036836,1.5197413456155024,0.08456423975914044,0.077082350053677,-0.04624342746825041,0.12341496635274964,-1.4294359087849764
deltaC0.2,BLS-G,18,816.4835072050148,-1241.5841890469533,233.57761075543232,1504.2390489132365,-0.0538483346582793,1.236996332524299,-0.1060907578414829,1.2427046385700087,-0.06514785880139991,-0.13739536664044913,-0.0998954645089235,0.18193634631410013,-296.38601505371145
deltaC0.2,BLS-G,16,-515.1539331130119,1469.3920003528888,1961.9100915685326,2504.713083948203,0.47468466893123556,0.46331419901258997,-0.6195714782888812,0.9076642543551575,-0.03569800912579236,0.14857244076701379,-0.004511043179082083,0.15286748353255677,15.144501811854564
deltaC0.2,BLS-G,19,-465.8994427524357,-1321.7732671489916,-29.139249039008035,1401.7831345615866,0.9290439589958662,1.1288979441041675,0.7267924139940558,1.6327156699770586,-0.0691350234230784,0.24813861083934813,-0.2420728651286076,0.3534850685454254,-50.03266589730919
deltaC0.2,BLS-G,22,1050.3415426821348,1716.240457173211,-180.12256080603663,2020.1838530275713,-1.2755512846982207,-0.06974172554515051,0.16912733215382172,1.2886035242303062,-0.017693932614664443,0.030052390825865073,0.03100070210498005,0.04666117204619425,-203.7211133518086
deltaC0.2,BLS-G,23,-11.017456998423807,356.5858511830404,-21.09316324020464,357.379035700366,-0.4352385460408071,-1.093730790799422,0.50290891142711,1.2800769538958374,-0.09375672180071574,0.02039257918328412,0.2253392448516407,0.24491622126529514,-46.388151351559365
deltaC0.2,BLS-G,21,747.452685396042,678.4033202941014,388.1300082055202,1081.4626600865297,1.2393569180294786,-1.6052229901539852,-2.5336688844808872,3.245338878233374,0.009121126262606851,-0.06432991836054981,0.050969058728964664,0.08257952705295708,-65.14851836476346
deltaC0.2,BLS-G,25,1299.182427620178,-814.1725806932351,1234.000596162245,1968.123330159601,0.005487634350319156,-0.554721550014234,0.4433610397263945,0.7101514794240921,-0.03307670266637201,0.06690299577229643,-0.11127958273903792,0.13398964376832218,53.65241287405128
deltaC0.2,BLS-G,28,754.8000330619021,-72.60964423757098,1495.8840105675374,1677.0999443736725,0.24477386120566952,1.2797557125790577,0.3187413781736211,1.3413742927193302,0.04383082819296581,0.06892346234198202,0.17097874596534077,0.1894869830177483,-93.13108742809304
deltaC0.2,BLS-G,20,123.9083570315129,-429.97166276346337,934.8875123613086,1036.4572217370778,-1.0118962024729325,2.267493293399191,0.6991807342616229,2.5795955999636986,-0.05726191209984779,-0.047790513106151886,-0.14510727052156644,0.16315323986516184,75.56810447846934
deltaC0.2,BLS-G,24,-1885.5618511029975,-1252.7322466551425,1349.2411309035115,2635.3620634490417,-1.2944265402917972,-0.04182246173831621,-0.07802773880419807,1.2974503900113254,-0.12714729269252537,-0.07472132654852588,0.04536473479500749,0.15429734230773878,13.531261093142573
deltaC0.2,BLS-G,33,2114.968981008593,169.34455968934972,-442.1586361484029,2167.319918711938,-1.461417105866295,0.14085721226778522,0.5813455753253367,1.5790957505853838,-0.13736447184842235,-0.0598548294137546,-0.01896312809488789,0.15103376760674683,-166.344153969158
deltaC0.2,BLS-G,32,-31.342260076104285,569.121061839632,-1693.9059368404633,1787.2320619213153,0.5987719850404624,0.00659631602819792,-0.0806839971141934,0.6042195866113268,0.08185132479659844,-0.024494516925946088,-0.07838473576382328,0.11594734809885954,173.9296949395379
deltaC0.2,BLS-G,29,599.3515781603077,739.8756493368783,225.65031025156156,978.548084276672,-0.8605283531687403,0.004396399976429032,-0.6744915296587822,1.0933742262013957,-0.007986821818536471,-0.02257546532467025,0.03255620095341292,0.04041469012507016,174.26317985321376
deltaC0.2,BLS-G,30,352.63156693412157,-180.48213053358154,692.1743727902287,797.5137514726007,0.6558111904512469,0.6899272748066075,0.3946758623592211,1.0304644575977129,-0.03658387045183702,-0.05567259220018584,0.09434362138045528,0.1154925798253017,-150.79851152411598
deltaC0.2,BLS-G,31,418.9250882286721,-1199.7406277075695,394.89501910437724,1330.7208119786058,1.0312241311036112,-0.3551698340388698,0.6688502000308195,1.2794254216885264,0.08827435146323089,0.08020681137837161,-0.16197038171314032,0.20114645975020312,244.85962148033576
deltaC0.2,BLS-G,26,5.364255151391547,-814.4656596411559,-1824.944430957438,1998.4507154419896,0.9465189725004315,-0.5978459709672033,0.8411994638485469,1.4003337131855655,-0.12750183952718205,0.24124511067341223,-0.010683306824548175,0.27307518296496597,-98.86459145651267
deltaC0.2,BLS-G,34,1210.8545408781272,1073.982051409893,-375.91234018152323,1661.6005095739865,-0.2511154090258257,1.0266138598740793,-0.04705318311673851,1.0579267309115414,0.03840829028089751,-0.056606094820769996,-0.0790535439558609,0.1045414250196587,35.95256291968547
deltaC0.2,BLS-G,37,58.34211555920497,818.6870675257014,-33.379814750538294,821.441738052393,0.05802986794386743,-0.4777649147405224,0.8642072958448344,0.9891820002011977,-0.03634713191654042,0.20484323440154398,-0.15791212405391178,0.26118595598129374,-137.76588832040997
deltaC0.2,BLS-G,27,35.867148009079216,683.3927995350406,-37.229935686043106,685.3453427826239,0.9317935797534782,-0.7760315528963501,-1.7323671518345019,2.1146063924796277,-0.0143830865664194,-0.11184242924310268,-0.07991006026727594,0.13820716294785598,81.03525887553947
deltaC0.2,BLS-G,38,-325.1159668106905,-1149.166274942089,1309.6729695497197,1772.4352756895548,0.4535077315615546,0.7242675617274358,-1.2867103345003505,1.5446217169477827,-0.0306903492005476,0.025409152993667486,-0.032782702464588184,0.051596784500479,34.44547396590407
deltaC0.2,BLS-G,35,-704.1234878453205,-1610.926575053682,-743.8237879380262,1908.9652023680576,-0.05198567549646117,-0.7271398491890634,1.1157397108792253,1.332782792944287,-0.0213841462488414,-0.11145730232365342,0.09337010656135888,0.14696254200080247,85.13310656979576
deltaC0.2,BLS-G,36,-215.8585161367498,813.5706593318647,2401.4807191387567,2544.720369924689,0.4201834846972547,-0.8334791612172461,1.1507200115768206,1.4816876249868223,-0.18327787560409076,-0.006528018895656955,-0.09967293347984779,0.20872970173199784,182.16727331366434
deltaC0.2,BLS-G,50,-1427.4635781363095,-1458.5883630204398,1422.902088105729,2487.927376749572,0.5529161277952818,-0.02711077640170785,-0.4620523346218046,0.7210711466302697,-0.14907289882732488,-0.20863468383076197,-0.07055971134839477,0.2659508099771697,-192.87022024351612
deltaC0.2,BLS-G,40,991.682765525906,-1114.1599486968341,-1795.2893730281921,2334.0632021496763,0.9447977997806756,-0.11400843786618166,1.0663531613699013,1.4292480089678892,-0.07101454029942747,0.15650841238964672,-0.23940280154731727,0.2947060390819484,122.79767038589807
deltaC0.2,BLS-G,39,491.57631803868435,-803.4171787820785,-979.4555480651917,1358.844954457391,0.5479799809666202,-1.2129112154848225,0.5821297512953816,1.452690856146713,0.06316568521811314,-0.009552875736608527,-0.10279614828651223,0.12102978693881705,61.5961260849984
deltaC0.2,BLS-G,47,-807.694739380652,-377.94819741043096,393.83209130170377,974.8432428283262,1.8049635761877196,-0.3056214377942277,-1.0223412095869253,2.0967783677402414,0.03799138076575548,-0.037512940180611826,0.16367685054376865,0.1721646801681749,-63.301005055123206
deltaC0.2,BLS-G,51,1660.5748686895847,228.6869458865011,-480.79760260723486,1743.83856718883,0.4088096030306921,0.02686515258941397,-1.7238897201023746,1.7719037205865358,0.005506308448036385,-0.11522150702777283,0.09825320665062437,0.15152560091154998,179.16095854738876
deltaC0.2,BLS-G,45,317.5647906296757,-1003.8784163911636,619.3777133969791,1221.5760406117051,1.0566159791452394,0.9527802063730111,0.794179361486912,1.6294012112592189,-0.19365886426903167,-0.0278874096790126,0.07009250415691255,0.2078326790174325,33.56754581794837
deltaC0.2,BLS-G,42,312.0621317267384,858.2704301818718,-1262.9629368673227,1558.5526251246522,-1.9111593252604877,-0.5674472812283516,1.801528407832186,2.687011534722161,-0.20388221304462942,-0.18131259834411476,-0.01881969440752957,0.27348929780132664,-213.85380983817947
deltaC0.2,BLS-G,43,-730.9191518332293,1282.5080832560843,246.28021903198456,1496.5706586794506,0.9159842692443994,0.31717255885675216,1.0827849209161906,1.4532889590712568,-0.02902573985364652,-0.0902702618701715,0.11034720670665915,0.14549130482651898,-155.69869846386248
deltaC0.2,BLS-G,41,-747.659065093152,-890.1212216180824,-617.4485891990598,1316.2646493371851,0.37890460465480047,1.6162251091978954,0.7661915321349458,1.82833305689791,0.018793969706060943,0.039152786354608934,-0.12618129233546024,0.1334461408662269,-47.84459638020512
deltaC0.2,BLS-G,52,-681.8743630211662,-210.71969286452313,191.09262525352818,738.8313930341113,-1.2324261319950096,0.2997991570152371,0.6804537003216516,1.4393647708807715,-0.019017057977116458,0.020971821129992223,0.1359817833185602,0.13889748439086022,192.71703541911904
deltaC0.2,BLS-G,48,-1031.841628725968,-957.4359919226794,-842.705547632288,1640.589365262087,-0.8637949296185866,-1.121529061474705,1.1120669093906133,1.800183859256799,-0.1464276309529694,-0.1731550480516235,-0.2644004635103883,0.34832646594361333,-11.439621354196131
deltaC0.2,BLS-G,53,1675.9243668483641,-665.2012677370448,371.4459936944627,1840.974561537103,1.085370943114184,0.3707168304211126,0.256050995429825,1.1751694196049578,-0.03148917220448902,-0.07589342588359475,-0.07002634146579603,0.1079586428108325,-36.303342846556546
deltaC0.2,BLS-G,49,603.3788315355432,-170.46909214076757,-294.0583085258043,692.5287102594029,0.5134451423590478,0.060999486039776854,0.07318955197328075,0.5222102661067373,-0.03922977237202533,-0.11735352021128288,0.1174267846318049,0.17058685030008966,-169.46262886352292
deltaC0.2,BLS-G,46,-191.88395674444158,1088.107951751033,-525.9821572587003,1223.7056824556496,-1.6827193825313944,0.922159116830929,-1.1487201171692456,2.2363988608230336,0.0650716450259349,0.07994720401607879,0.3113365392096063,0.3279577946373352,11.210925009238691
deltaC0.2,BLS-G,55,-676.0948636728864,-30.11491542978184,343.63249514959705,759.0088698684223,-1.2854454005665257,0.8806439462223106,-0.7414970331153995,1.7256075706760734,-0.014111707791875398,0.021020952687731097,-0.0844560003699648,0.08816936399449982,-122.55649328114467
deltaC0.2,BLS-G,58,2317.4694003069903,148.228745279339,-206.74366864600907,2331.3899559729466,-0.7051221103374167,-0.0048769522721105515,-0.6309212615208419,0.9461937504492445,-0.10205107719994773,0.004577453160512751,0.06708642917166598,0.1222127833498253,-35.82072676681069
deltaC0.2,BLS-G,44,299.146483678077,83.15108305520009,-2156.23137179144,2178.471126732646,0.0715334021429775,-2.602424977052608,-1.479239324231959,2.9943082284834404,0.055389483955994676,-0.10493254549269274,-0.11953684418490002,0.16842770304843704,127.03164827847716
deltaC0.2,BLS-G,54,-1914.375970546227,-404.89986036115965,-1224.142496401279,2308.095341406167,-0.9178751254966833,-0.38838960701945957,-0.6401833366736153,1.1845572748503324,-0.117027013411267,-0.08358569387612166,-0.05332920987695425,0.15338153316098332,10.688528984598308
deltaC0.2,BLS-G,62,-576.8021243325462,-2611.829609563589,1069.0161447641049,2880.477411436156,-0.1790309004363123,0.4429326026456953,-0.47799510551952984,0.6758111235383394,0.0626340813284319,-0.03177045710781728,-0.07767579914040293,0.10471828809141458,113.31504830032367
deltaC0.2,BLS-G,61,-429.21608397157786,478.8636952533958,-24.90627662237262,643.5504704270083,1.2916453051886938,0.31801076442177856,-1.4269280022937514,1.9507952133512514,-0.11977319271057246,-0.045904309568104,-0.17508955113807723,0.21704647946175404,-135.96902820090978
deltaC0.2,BLS-G,64,498.73246143848917,-5.79964657597963,929.6934764807802,1055.0344374492329,0.5113148238419627,0.8854960816008648,1.4923446979161885,1.8090436304881048,0.021073896800930473,0.1347895158221797,-0.14131511976390942,0.1964237403570199,87.80435954534454
deltaC0.2,BLS-G,57,-1202.2562037244275,-99.25486633678221,-1017.8062182987204,1578.353891208479,0.5734001447912616,-0.41158172029771833,-0.9567538887693653,1.188934498702587,-0.061313400368999814,-0.14904934946188164,-0.06497873745397369,0.1737736400059912,-334.8629772017105
deltaC0.2,BLS-G,60,-982.4538900456199,-348.0440006450926,-310.6442496641753,1087.5891330370264,-1.6219276439631527,0.14967880548555365,0.05798452773457811,1.6298512915355339,0.018287359397981758,-0.000871988357285601,-0.06473111103313814,0.06727038436809063,128.90571538085692
deltaC0.2,BLS-G,63,-16.726427610251267,-1277.569623415483,-965.4926637101502,1601.4493434800556,-0.24166020921099712,-1.232926935227201,1.4256928465006717,1.9002917083668573,-0.17527522973878987,-0.04073519046540935,-0.12245526909112146,0.21766041172068407,-90.8751176348378
deltaC0.2,BLS-G,67,166.9015303517654,1171.4050788519219,581.8537177912104,1318.5597174573825,-0.9796519810561979,-1.361187526449211,-0.9469051585609064,1.9259228607235312,0.10664187624791985,-0.11046989191287399,0.07869894282376655,0.17253872142361895,148.89302612510826
deltaC0.2,BLS-G,56,208.5089001579946,-908.7137351777477,1815.8766088721466,2041.2360158969361,-0.2455551026367759,-1.085149095023351,0.10995288751208497,1.1180051450387876,-0.05626726785192361,-0.07554367875465486,0.12720240780305042,0.15828235966841078,58.86709332784463
deltaC0.2,BLS-G,59,177.2464711795738,-1448.0193242693742,589.6105328745282,1573.4728645514456,0.3067173127447097,-1.2699066606595975,1.1294311597502713,1.726949096337176,0.013193680520238569,-0.0602801178204477,-0.002305138129810319,0.06175013742425748,38.04860328712249
deltaC0.2,BLS-G,73,-296.0636665928437,604.7453638023114,476.7503138717188,825.0221278811683,0.4459845590463795,0.27607156494152574,2.1885836484121075,2.250559068759118,-0.03235393468095031,0.03993963537009249,-0.03605481946604935,0.06278456473978739,76.07795926356256
deltaC0.2,BLS-G,65,-1960.1340098716412,138.20034734766077,1005.2273730194727,2207.1943149913473,1.3885866915172045,0.870587428921323,0.8575558663434033,1.8497290437127598,-0.021351471564825406,0.1839482555537071,0.1797706849559596,0.2580898007065959,-55.285037075976796
deltaC0.2,BLS-G,72,-213.02788871141868,1288.4160892893437,-53.4753549514145,1307.0028745552438,0.050882726814277496,0.11299318957551574,-0.6432591848897237,0.655086934477781,-0.014256193972867684,-0.08723211726123999,0.26842829236644794,0.2826064923019958,-116.07546213332401
deltaC0.2,BLS-G,68,-135.48696787993754,-1313.1589149121855,-666.0152246875948,1478.620753876502,-0.10714009172084236,1.3409453829233886,-0.0026702257997519925,1.3452214127582587,0.09237620921274303,0.01796989347654186,-0.10597749348928769,0.14173041390734292,-142.14456957660977
deltaC0.2,BLS-G,66,157.77371893420943,1098.2400932466653,-289.9941791396846,1146.7870215239072,-0.4281264081969193,-0.7663003499549658,-0.3973746698048632,0.9635429808468443,0.12863258069948488,-0.20281068186058962,0.031214093863955482,0.24218347001790733,196.6099452318889
deltaC0.2,BLS-G,69,-1071.86452195416,-724.9931181477463,-605.8225620436123,1428.8210354927933,-1.512514045648869,-0.7383299367296787,-0.7766620748603242,1.8536541781796043,-0.056600354257251864,-0.1127105364979811,0.224946131886087,0.2578915031369238,129.6552864784547
deltaC0.2,BLS-G,77,-1762.7928825017816,-902.0426404569025,297.3116074694759,2002.3770533387271,2.0586366136744876,-0.06246993250472803,-0.21182970149543373,2.0704489904520593,0.04752037334774293,-0.25423207776826756,0.07500590627683376,0.2692917028537799,148.95044932763332
deltaC0.2,BLS-G,71,535.3250336072798,1085.383386583267,1093.3870786127677,1630.9890530457155,-0.09117600891661308,1.5746414429107078,0.9141724080584113,1.8230523662224276,0.08223975086397839,0.12484309545650504,0.0350509111159184,0.1535504525404835,305.40109692719847
deltaC0.2,BLS-G,76,95.55514852494989,-564.4267097776954,-154.97771338442647,593.0652483209293,0.8333598879564863,-0.7740367381483217,0.27448322711698003,1.1700267590216442,-0.06945090551031419,0.03140511247796589,0.05933370656756499,0.09659295057612736,151.55784127937346
deltaC0.2,BLS-G,70,251.99152428694194,990.0078941695839,-1114.3710540511731,1511.7665841450766,0.037632729418446,-0.9471428396098216,0.6691786036130758,1.1602998683448966,-0.06282179729388383,0.052401998931889404,-0.18667272873780036,0.20381181359702377,65.29787557917336
deltaC0.2,BLS-G,74,25.719793623994796,-90.43157096225424,527.3960344167548,535.7106998458038,-0.09488321052412128,0.07798531607298678,-1.886163990016889,1.890158493459953,-0.008805902000633178,0.008179320242761643,-0.014932266132460629,0.019168144446686446,-10.115514968621556
deltaC0.2,BLS-G,75,-1784.5875801822851,10.840379547261103,38.461192711798766,1785.0349040045146,-0.64037886146036,0.38095789500377736,0.15278861423980522,0.7606302417155764,0.2044437723771305,-0.04655773783773715,0.04179724708703866,0.21380338837449317,-57.234760931546255
deltaC0.2,BLS-G,78,-261.9369718641336,633.5658261715306,878.1415639240861,1114.0687768772652,0.24688652677485018,0.0667824801132928,-0.37336194576938025,0.4525615972458653,0.047950058363316755,-0.22251077323562046,0.06249656516076591,0.23604252362625905,194.1806320012501
deltaC0.2,BLS-G,80,226.66008130756632,-50.53547827043853,-103.70757528786802,254.33027384576803,-0.6754460244840242,1.3153891868234606,0.012336275068602453,1.4787252038448275,0.039571409472490604,0.06455133306617628,0.08554730400044576,0.11424146475778672,162.28774203102367
deltaC0.2,BLS-G,79,426.80670662389815,-386.9845025574549,1785.7145888698064,1876.3521958686863,-0.9597699670365337,-0.6380572817813281,0.19200824673542033,1.1683931920693034,0.053156295140080134,0.10636266979043985,-0.0958276254761432,0.15271392550244206,6.100978164008384
deltaC0.2,BLS-G,82,-870.8467717729609,1654.3658285465658,-1597.9442879794035,2459.415853827074,-0.24120968571067994,0.5774155773257381,-1.059662054419426,1.2306398868050146,0.06653038385467715,-0.11510482184824905,0.04823881012559856,0.14142982284829952,197.4415576987118
deltaC0.2,BLS-G,86,-1866.7953521316538,-2494.5583151338456,-1933.1481032337463,3666.7161961869897,0.9216620121099642,-0.6150276753381828,-0.782689088193778,1.3565847245108154,0.049050478826999935,-0.013022716959069324,0.18363791493273882,0.19052145399140175,94.40138773050228
deltaC0.2,BLS-G,83,-1290.0217338523935,1730.8261747323984,-789.3029184803121,2298.4591399613482,-0.6519518932089234,-0.973070896329179,0.5656997731331158,1.30073997157942,-0.11073428556548802,0.005170170887753717,0.01957128773268158,0.11256930296587538,-33.09200965290383
deltaC0.2,BLS-G,81,-637.9277954589751,-692.1980836427108,-1352.9727327673074,1648.2188188555624,1.059126830874443,-2.48970700279787,-2.0677370978691267,3.405279329153944,-0.21499746401020203,-0.08230672884730579,-0.1965105207078405,0.30267918972606733,10.913707429418944
deltaC0.2,BLS-G,84,-548.9436919680373,586.661811258729,-442.928204654948,917.4402717451026,-1.0294923606515578,0.22843028305960725,-0.5927071872275128,1.2096845558449358,0.04955662215032724,-0.09150017046630092,0.0066027571583970575,0.10426761911737122,-29.533085914060738
deltaC0.2,BLS-G,88,1277.8087673291636,1947.501353151597,-1486.71129265766,2763.307299977038,-0.3847834093275808,0.24916344036803498,-0.9715747619193453,1.0742896304574594,-0.026455644550167898,-0.07965048238620813,-0.02466661508222855,0.08747881099177848,-38.396545736686164
deltaC0.2,BLS-G,87,-1821.0206164079457,1723.2544230489664,74.25354528178816,2508.233537956048,-1.9794287514625521,0.3300537415369351,-0.8818215798269556,2.1919587024092486,0.1408761727293295,0.1303888217977523,0.045425861119801965,0.19725833252652578,-52.18200291619099
deltaC0.2,BLS-G,91,-781.6142438733476,-2707.40202254976,-103.10900404293415,2819.854252376701,-0.6849667111279247,0.03322383024976805,0.9240424404055333,1.1507118014170554,-0.10065770768964898,0.11088023052516634,0.1528012217283667,0.21395002453921413,-66.29393841414225
deltaC0.2,BLS-G,85,-550.5837611589847,227.35769507456982,419.9805462723959,728.8468006439042,-1.2706771415268008,-1.3842676285936595,0.41060914831177414,1.9233868925019624,-0.13824111805375427,0.09051262253135149,-0.0512052362092474,0.172988779328313,-103.21071694655262
deltaC0.2,BLS-G,89,-174.00878829204737,1543.1975238280088,-193.66192672861763,1565.0056222953338,0.6764763225604961,0.26894896861812445,1.2484977930971817,1.4452337188407478,-0.0076984005032491275,-0.036539370889754105,-0.17994553172439215,0.18377917559642512,83.69323699566723
deltaC0.2,BLS-G,90,1149.280498500209,588.5601516358797,142.72491710130646,1299.08395351806,0.5728752656183721,0.5570505916129745,1.9545449818111893,2.111572285643328,-0.052040965449442214,-0.16341209787383315,-0.06192726971255809,0.18233694784790375,285.69774127853776
deltaC0.2,BLS-G,93,399.62824350798144,-104.32184554889619,2.965443870784138,413.03096049249507,0.8290710567099796,-0.9576038231359917,-0.8818222204183433,1.5433646126506877,-0.28922321856834765,0.01851709248212526,-0.017090443973683936,0.2903188525539521,-142.9786806148855
deltaC0.2,BLS-G,94,60.20346846574813,924.6544093355221,-364.1909345601079,995.613012738732,0.23146287845127073,-1.4680304736372967,-1.3582870346160498,2.0133634058546797,-0.025921308271084055,-0.015772150425513356,-0.11556115181673536,0.11947826061983055,-260.79295779929834
deltaC0.2,BLS-G,95,929.6271825112775,825.2553928464343,-48.931415495333944,1244.0447923239562,1.6202396814164977,-0.12984006615565913,-0.6247354719568208,1.7413585150499742,-0.10019639190536064,-0.029887774335982182,0.0027374436758901845,0.10459488325673434,-96.4679128227201
deltaC0.2,BLS-G,96,-390.75990569954126,-552.9037651903044,-4.7100802991279895,677.0657739986226,1.0728994004097478,-0.6320605558631717,-1.2899358597433368,1.7929161140247023,0.028615933125875997,-0.026927330495246465,-0.004585942623103741,0.039559873938212156,19.737507762494726
deltaC0.2,BLS-G,92,205.40628504343937,1091.148208967912,324.43499744411395,1156.742937491209,-0.5162330422563404,-1.0271198694364922,-0.5003689487467063,1.2537307785080325,0.05263393170764184,0.03182286747874582,-0.10367101326618539,0.12054337249808514,-28.96583810757271
deltaC0.2,BLS-G,97,-1162.333244600598,-1238.3995331359715,3110.987067073796,3544.41708982952,-0.20549004415431013,1.1364707278452248,-0.7477245776645028,1.3758211793467765,-0.05678684298537572,-0.18644991680932602,-0.09652278436220665,0.2174970457626571,-45.174611209325114
deltaC0.2,BLS-G,100,-13.800738789073545,357.5461139841666,1613.5408335741045,1652.7382447403213,0.23738912982157237,-1.18817519027507,-0.2406790907279704,1.23533003948592,-0.0999986236299114,-0.028501419865542537,-0.0061523636353503185,0.10416288801934304,-313.54854583240245
deltaC0.2,BLS-G,102,-65.98898681667931,-512.1727286249935,754.2151176877785,914.065585216429,-0.9498037857846365,0.29304822220539745,-0.9030253412327405,1.342929357388943,-0.03309446824326572,0.152682007270315,0.0910697528073151,0.1808334566632583,-15.839024014780922
deltaC0.2,BLS-G,98,-605.4894047529702,1229.9785078558264,-1577.0905324647892,2089.6600433193494,0.24802156821120164,-0.3063641139015415,-0.21353735091955145,0.44829886105405187,0.020794085462511096,-0.01953362906329522,-0.09458012396924698,0.09878945543246381,90.79195563267227
deltaC0.2,BLS-G,101,835.1509845703031,-657.0133182941994,324.6619984338797,1111.1026418255797,0.2802668941514156,-0.6155162361294366,1.4370940911980028,1.5882849857164938,0.12362198236037866,0.02277672377525591,-0.03308761449725389,0.12998447561829438,-14.307207669972057
deltaC0.2,BLS-G,105,-78.04550782390866,-2009.294631601962,351.6131572889768,2041.3201194949015,1.1420541778949833,0.05511893852673009,-0.49547784021520297,1.2461236426518927,-0.12618697222078287,0.05012813423683011,-0.11872356852952592,0.18036426343569095,-118.17060474365802
deltaC0.2,BLS-G,107,651.9703802551462,1346.5108853502484,669.3740795644446,1638.9687609864616,0.8839681129274871,0.6163888026359647,-0.2778392020655305,1.1128923590770095,0.009317000737676873,-0.11483680989651987,0.05540574219122547,0.127844028713569,87.78655584615437
deltaC0.2,BLS-G,108,-527.1523209613104,1797.4221847510619,777.7132055200381,2028.1651584056044,-0.4316002838381376,0.2450386582493405,0.25042477255079554,0.5559094492387369,0.006845425371086626,0.08423538248871708,0.031038955417577768,0.0900326399976473,115.64951887323762
deltaC0.2,BLS-G,106,-1834.9695633352521,-375.68763226723377,-908.4541299153705,2081.716455611959,-0.10018583801901937,-0.9350088301619207,0.03381049997362131,0.9409685778647462,0.11899140696842028,-0.08938289465136304,-0.2214366806677564,0.2668004129189736,-76.77176115830659
deltaC0.2,BLS-G,103,-946.3231807631058,431.3273921147751,600.1475585953149,1200.7281014976088,0.405486401157275,-0.25860263189498084,0.4758988059166811,0.6765901390202287,0.07604939280793484,0.1554593661917879,0.08762611307585257,0.1939831445667125,5.182031743653603
deltaC0.2,BLS-G,99,291.37128411193044,438.6625467638508,-907.3641725299382,1049.1100022063092,-1.4041999499013817,2.0998093854939532,0.7063573513802056,2.62295971424656,0.16724043311191863,-0.08058112142719123,0.09677692792401899,0.20935246207373975,-113.7527820514142
deltaC0.2,BLS-G,111,29.90760479589177,948.2126192710492,-12.17360954223045,948.7622636565904,-1.3468787128488904,0.3640898250630046,-0.06372614847420048,1.3966763010229855,-0.02400604513254727,-0.0922746193789075,0.04318303286774277,0.10466933606402928,61.21393850788512
deltaC0.2,BLS-G,109,133.09528041072926,188.5361417192191,-85.93088814256717,246.26073162189402,-0.5185349634530199,1.555618147732277,1.0678906690130483,1.9568384733652293,-0.14801799949491903,0.08333782431711342,-0.01403397898003682,0.1704449286496962,227.40313851365792
deltaC0.2,BLS-G,104,-1317.460409755589,497.5586260860104,-998.0520093529195,1726.0864205014077,-1.3072070069399848,1.2099858733386175,3.321443300218999,3.768931091071006,-0.037903924555359715,0.019474819804346434,0.11289073487457672,0.12066604378876494,20.98503019425864
deltaC0.2,BLS-G,110,-912.0040266422207,-417.5854790948236,450.7092454520712,1099.6671318623892,0.5091231523424795,1.0461570097411117,0.4578369994577025,1.2503061990384758,0.05130378798773644,0.10014370878659339,-0.18370105538062123,0.21542265159304555,56.223376543150614
deltaC0.2,BLS-G,112,799.0460472381574,1048.3341062186896,41.10130067608926,1318.7753033726135,-0.7117683326894104,-0.6822954244718739,-1.4139365125375833,1.7237626481513229,0.029905536912569627,-0.18918484471668803,-0.028980999284992617,0.19371408035572213,160.55250505237044
deltaC0.2,BLS-G,117,449.39965820978375,-170.93532087081923,1855.0162722284094,1916.3152942437382,1.4030283334787752,0.263688765923173,0.39497349786938873,1.481223931023765,0.04525362684103101,-0.04074215966808201,0.03508026799642721,0.07027403161472896,-161.789284857806
deltaC0.2,BLS-G,118,943.021729007945,-19.99102800228197,-2029.8471329527854,2238.296004941787,0.10062821278367767,-0.21167691286150567,0.2354023160852869,0.33218579600117143,-0.02384471441991547,0.07052657864817213,-0.09673850967718355,0.12206927523396978,-56.080167749962776
deltaC0.2,BLS-G,115,-1053.43852111261,1831.3579604420886,-2734.9043232092167,3455.9089042026258,-0.6116740415765403,-0.755157979341737,0.5690904140596301,1.1261760991410872,0.0023334705967942154,-0.0595867798758302,0.09848369519786039,0.11513065465297162,-33.290842738807044
deltaC0.2,BLS-G,113,-235.80650193906826,946.7314120438751,-394.50776920086014,1052.3979536597212,-0.009416702275880765,-1.7241873895647017,-0.8465206484773418,1.920809214085093,-0.0464276189788176,0.15574563848201028,-0.07133159254340263,0.17748358742427234,98.26783808644511
deltaC0.2,BLS-G,119,-1211.064670795074,926.6762155027938,-341.61605645683534,1562.7245359485726,0.008141376733201991,-1.0879480220023112,1.4596884221886304,1.8205459264916628,0.07813422230027262,0.13711958396686721,0.07421126115141767,0.17439623930406034,-157.1679107043011
deltaC0.2,BLS-G,116,728.4262262929517,673.4788231431173,-230.8496259391684,1018.5627335465807,-0.8684266092938775,-0.2168916419361849,-0.1555437153483827,0.9085156066110333,-0.16091964172382692,0.13022242768555922,-0.06367881615381062,0.216582555603161,11.408151874592463
deltaC0.2,BLS-G,120,348.3033350774498,-586.2724068253962,-107.44119219114441,690.3435072558962,-1.6024494068195314,-0.6636679818381149,0.5147563793887505,1.8092190087589617,0.05027825933960677,0.053767714055792,0.11919957294948536,0.1400978537606692,-145.7460445234335
deltaC0.2,BLS-G,122,359.25711936790697,993.7809709976707,32.46582198465503,1057.2229309520008,2.107149974745342,0.8827827495798678,-0.40859620412980996,2.32084839165646,0.07492927925925119,-0.18143339987109253,-0.057367804473381905,0.20450804499870118,114.56656636188782
deltaC0.2,BLS-G,114,693.339264184508,-204.68848480355916,-1076.5945361735744,1296.7931625320539,-0.45257883989183095,-1.8665135856031825,-0.7300741898181097,2.054679754657074,-0.087923018127205,0.11681177694590687,0.07916314433392645,0.16625959151486927,47.19700497271292
deltaC0.2,BLS-G,125,1745.1348400666518,1132.528720074367,2184.575925941473,3016.701657110094,-0.38903371069421794,-0.29223496768548096,1.539779156562976,1.6148276550085572,-0.2792517540571622,-0.026103196744856248,-0.036148284678211455,0.2827889982115278,68.81736463585861
deltaC0.2,BLS-G,131,-1293.445676873362,291.7026718454823,183.4396315682557,1338.5597731196317,-0.3537257581420921,-0.2217410226596306,-0.22813050074634272,0.4757462753129169,-0.06036512842664844,-0.003996368632632322,-0.032820622027328605,0.06882668757447517,-50.04067325164572
deltaC0.2,BLS-G,124,-632.4827449897115,-800.9564362934407,799.9670209048804,1296.731610660062,0.1585065413752711,-0.5860926312480179,-0.4775663783499643,0.772462647506193,0.08197101135859747,-0.05744170102549083,0.11318601490627454,0.15109556476024236,60.29009950611065
deltaC0.2,BLS-G,121,107.28254636749142,323.316610429969,1129.8389377459082,1180.075930006972,-1.6288174573451937,-1.8099410906031907,-0.9302587983509893,2.6065905878591207,0.12964377257916235,0.09426790618577516,0.12329210006697622,0.2022248447746541,6.6217573744744485
deltaC0.2,BLS-G,127,-776.030663257888,-212.21707107227792,-609.4329263998411,1009.2909230500629,-0.1222203914133104,-0.09544798749728428,0.1138968429797052,0.19240746668268402,0.004633781802623059,-0.03874855252707028,0.08090596134572421,0.08982592519987348,83.61311574073443
deltaC0.2,BLS-G,129,-81.17537425280224,1963.4193594945068,337.6418053226183,1993.8924272197883,0.8690366440387081,-0.21420811440697532,-0.3834722130613533,0.9737354585050417,-0.07771701124233839,-0.06977574180502022,0.022019007959141784,0.10673998637992863,-173.40896038198278
deltaC0.2,BLS-G,126,42.898514786997126,895.2320498364301,1020.679637886095,1358.3326650053575,1.1705883104220598,-1.204198590601013,-1.7408461568713283,2.418866796662419,0.07140176253215635,0.029085150085977465,0.0913765964342303,0.11955684850365733,-201.194932628059
deltaC0.2,BLS-G,123,396.2680708862394,-1463.7796610030623,-107.41812136240219,1520.269033022501,-1.5866508141369475,1.0594947666346806,-2.3078925074811503,2.994387715813593,0.015117980928225508,0.04148601335556634,-0.10130885785594337,0.1105130188328966,163.62334093728407
deltaC0.2,BLS-G,128,474.4213464750423,-255.59447046064233,-766.6478024856721,937.0981807566155,1.823961847271571,1.1163937462477254,-0.4020629387087133,2.17596563016203,0.030117709770407737,0.1930919322336403,-0.03590010621722639,0.19869672458785875,-67.18443120092164
deltaC0.2,BLS-G,130,315.6290239735401,2409.0620556115764,-1528.1600009948938,2870.274317413351,-1.4032611396483599,0.8277979407533506,-0.9191771500429918,1.870635691395804,-0.007870169807078593,0.09922465984943116,-0.10035762422708047,0.14134753423930485,-38.13308035989702
deltaC0.2,BLS-G,137,900.8674690386774,982.7299339155456,587.7185559423303,1456.9603360368956,0.271787548425788,0.6228315228642811,-0.2168772163518393,0.7133185153388787,-0.07255887038793507,0.19365190025676277,0.03660677181822309,0.21001405640570778,128.74894395787035
deltaC0.2,BLS-G,135,603.3513007398415,1266.896096192292,-209.28047742289175,1418.751855992471,0.7279519452971073,0.29666928105471635,1.0693740662650202,1.32721045451863,0.12710216564262702,0.08714264498166567,0.011366632031165736,0.15452508343042026,-88.48712702861522
deltaC0.2,BLS-G,132,-43.123555673711216,-645.5262608366734,-1686.7617899774386,1806.5794005832163,1.2211049862137973,-0.4280859203681372,-0.19012033583433696,1.3078611106196996,0.12205001170210487,-0.05153792822418669,-0.012924793636192226,0.13311428808607853,52.258112035971074
deltaC0.2,BLS-G,134,319.8376996866555,-1146.9509614565677,-587.6828463297196,1327.8417789771481,-2.6509917018630125,0.5187199052443567,0.8637256484868995,2.835991773489017,-0.1501568191000102,-0.07327588131934071,0.0006417686202700487,0.16708332344169258,-41.10307240199492
deltaC0.2,BLS-G,133,-139.74294403996404,951.1835918627338,-618.9254936561853,1143.3927945091316,0.45263441631020895,0.32379464609060665,-0.5504913345424735,0.7827909025223646,0.006254363328845315,0.07966266125745498,-0.052641646117840085,0.09568907756512826,-191.99457516580324
deltaC0.2,BLS-G,140,206.68503541833144,-999.3528476799027,1018.3871759732543,1441.7133065275452,-0.05807417546179755,0.2978883998670702,-0.6412766299403192,0.7094686918663461,0.012861227345829174,0.08725404680505493,-0.050914154752466516,0.10183776807676968,196.07185147613598
deltaC0.2,BLS-G,144,-256.16331134856887,-1037.927882656306,1459.9117493179533,1809.4906044169097,-0.5795303584970546,-0.578470028485507,-0.5373230670322382,0.9793870984655041,-0.10536235448021807,0.05110067971673202,-0.04357400208191226,0.12494478327069782,-65.40925679815561
deltaC0.2,BLS-G,138,-84.84248088051989,2108.474561867685,-1838.0646504162694,2798.4540167233354,-1.843525059010378,-0.3265442329781073,-0.388416984607302,1.9120887880069553,0.06644340895203983,-0.12296549596475631,0.09178218065216615,0.16721007289123874,-210.89750152529805
deltaC0.2,BLS-G,146,102.08088255163871,318.28576899261526,2925.977806823201,2945.0080582822948,-0.20972342374123074,-1.182487082880267,-1.532201602001085,1.946766900483753,0.03518164575291678,0.12551996511939273,-0.0551749785993467,0.14155312820596958,-41.378507602574494
deltaC0.2,BLS-G,143,-1286.4449921787134,-250.23728777464765,-65.82331765656869,1312.2088733284115,0.06862069403384916,0.05534486094832889,0.7128621215525152,0.7182925988950671,-0.10358003090451055,-0.01877660255533655,0.08106485973199608,0.13286419792054077,-49.385187752752984
deltaC0.2,BLS-G,141,615.5197848272315,-550.0178040644307,312.8839194523039,882.7686771479014,0.2859806097358346,-0.7677294788554567,1.049355702096292,1.3312929247053606,0.08827546423105241,-0.058063069623788266,0.04749821589606544,0.11584454304219055,-22.977645575189865
deltaC0.2,BLS-G,145,63.66156028238841,-1129.1521843073642,-1883.4879413875972,2196.9443040132282,0.36834856004644023,-0.10007611921655116,0.5662482045080828,0.6828857301440402,-0.02494781946122905,-0.20822772548905688,-0.09586491901332263,0.23058894608295302,-8.830794420111546
deltaC0.2,BLS-G,142,-1602.7550205651585,745.2769026036844,-1471.6084543407983,2299.9766869228642,-0.341684364982934,1.9985990852806577,-2.1778457824088053,2.975593850127113,-0.08625515146422097,-0.020343808372151755,-0.01686184628243953,0.09021165974113962,66.3619952226946
deltaC0.2,BLS-G,139,-982.1897797719947,-1062.1025695695596,604.6124744978645,1567.9014242270628,-0.5765662632303453,-0.8622413158400366,-0.5705289307860264,1.1838040393159706,-0.03198424132735714,0.012541235383796989,-0.16017432637467652,0.1638172430112893,292.8015957074655
deltaC0.2,BLS-G,136,328.5910553580344,-1885.89380480039,-924.9146738248716,2126.037318229002,1.1289426654216888,-1.4799076476945046,-1.2970173803305358,2.2686763260530567,-0.019874276473464386,0.04780093520632435,0.18447312978038563,0.1915991959349358,-254.9846349055341
deltaC0.2,BLS-G,151,1508.6885579509506,279.68659652631504,-1333.5904119791276,2032.936089524521,-0.46080146924548243,-0.16574158267678793,0.2546342863202883,0.551948263931362,-0.011637679430582895,0.2498512935267948,0.030814896052523657,0.2520132184594083,157.17313016907582
deltaC0.2,BLS-G,149,2091.772882989383,2006.5866573015967,-117.6292148074002,2900.9895621057854,2.052025040733815,1.9711800456769373,0.5883865048417125,2.905607719454468,-0.051891870137625445,-0.03420092380020644,0.07222431853232857,0.0952828503070042,-10.005620286829139
deltaC0.2,BLS-G,154,1678.315698292682,-1041.2610334502822,-1007.8126766085842,2217.353042266964,-0.40206717734709235,-0.3318652930756693,1.4878455857549362,1.5765395887507891,-0.00039579071113528464,0.01788244563018687,-0.04721859685712153,0.050492914365868974,8.215445913911646
deltaC0.2,BLS-G,155,-30.865620393492268,-15.987436010001913,-136.29959236739083,140.66223200264517,0.6758634197738145,0.30128031702800434,-0.27085417257622785,0.7879867856879347,-0.0033879891205536765,-0.017448988984899737,-0.10641238858577658,0.10788670970701839,-16.586656577601925
deltaC0.2,BLS-G,152,137.46163472541926,-692.0202045267541,-380.9992697391131,801.8404504864872,0.5930878612717887,0.09177348120342414,-0.9358844370382552,1.1117802222249464,-0.018944233405188672,-0.010363077353037282,-0.00608796228023567,0.02243525431683075,-112.01879207942909
deltaC0.2,BLS-G,147,-306.7375002334424,-1096.7307085088594,-426.80609948766175,1216.1700487989651,0.23813963908922145,-1.0270011048009577,-1.381599084564679,1.7378888881162373,-0.2017092598287061,0.07542907559341433,0.08374785496051068,0.2310624897208723,44.698755169831465
deltaC0.2,BLS-G,148,-746.1064016478117,-197.59764410748105,226.98214178678697,804.5125755554039,-0.6412251052927838,0.5674909667507535,0.9550883326961185,1.2827351075938078,0.09858204154691193,0.03045950711374307,0.0038880192177033392,0.10325365457264195,178.25540210997016
deltaC0.2,BLS-G,157,1766.4104706802814,228.1364026419218,743.4538566635741,1930.019638793158,-0.012554331822072213,-0.23306738870713914,-2.159138898911459,2.171717938342558,0.03649632279739238,-0.02314697358719385,0.010919434606751611,0.04457575592302207,172.15180272963244
deltaC0.2,BLS-G,158,221.35497331068075,-1120.768461607218,-1225.6338252199166,1675.4994008551562,0.5076815976327322,-0.34535662288849445,0.8406536941924525,1.0410141378037507,-0.07396473671406381,0.05839294043095746,-0.14186096966429926,0.1703086976153871,-1.4757446672467318
deltaC0.2,BLS-G,156,-1530.3229635402888,-431.3512639980225,-725.7943453674606,1747.7785092679233,0.8769058605048828,-1.1855408105805454,0.7613404743545558,1.6595512103066317,-0.11328554369104128,0.00641327451878685,-0.028985604706064233,0.11711067320959417,-86.44141889808449
deltaC0.2,BLS-G,150,-1278.802386072127,1156.1164720171816,4.869349458912281,1723.938673519848,-0.6197840103822294,1.0789840082271631,1.0022970656385046,1.5977916376433416,-0.01348558628959725,0.21581111808296494,-0.009701581882687325,0.21644957938702514,-69.68933605650851
deltaC0.2,BLS-G,159,795.4361104915571,1392.3414752775773,884.5752590094077,1831.3401591467484,0.4714557455275302,-0.34902418762174864,0.42281041950379084,0.7230885522374922,0.030744214268977395,-0.024931047314873337,-0.028474543597367858,0.04876026521986575,-25.874999783209432
deltaC0.2,BLS-G,163,-630.313589192515,-1305.5830448026472,-56.528016685080765,1450.874813437483,-1.4841129173949648,0.20162396358033824,1.7463588742602412,2.300654839817554,0.036800691737954104,-0.11767119015652361,-0.06163714602930963,0.13784026144738373,135.68859411146127
deltaC0.2,BLS-G,164,-277.0034331085738,-896.89776187047,-421.90186684381825,1029.1538672368158,-0.9475731579609631,0.625348227989008,-1.6047545407482324,1.9657549267365897,-0.02123376157650821,0.061322738370339684,0.12819480957155302,0.14368458537021941,114.01016170492213
deltaC0.2,BLS-G,161,78.74726955891744,-43.516186933749644,-1450.8793011723492,1453.6662400835353,-0.3115597346073121,-0.1259738046635225,0.17089863598975902,0.3770215000144451,0.13893743349833892,0.1130634930077052,0.214659742555617,0.2795814173943836,-6.495164384084977
deltaC0.2,BLS-G,165,465.61728859527284,-1527.6073521316557,-1610.2877779368876,2267.908818603257,0.9818819587589823,0.47306077139025793,0.17162912394823662,1.103329157845455,0.02713670526045546,-0.020815515009935844,-0.025672148309459866,0.04276383561310419,-99.2552601301627
deltaC0.2,BLS-G,162,-1316.8392453590232,-1002.1018003690145,-1749.7794418436995,2408.3192710933054,-1.4878592678132152,-1.375007093728546,0.3185358102250019,2.0508131974943984,0.02357914057190405,-0.09498219304762674,0.0087915528784992,0.09825927064792254,-34.48784823616461
deltaC0.2,BLS-G,160,1378.8534790905621,16.355272597568263,56.40152462690112,1380.1034539925356,-0.5323988706648723,-1.058218778737037,0.19601770740352492,1.2007074925945418,-0.13211556496181284,-0.06017631851853564,-0.018181304967863757,0.1463088229258841,-246.7251456055397
deltaC0.2,BLS-G,168,-1412.580892801138,-110.75223989982766,66.00040384654768,1418.4522870571277,1.1520530692705981,1.9385398538335716,-0.02515657353446642,2.2551709231250934,0.19871812175917422,-0.13154357633925717,0.04700351382834422,0.24290313852197817,38.85357400416315
deltaC0.2,BLS-G,169,-427.3329949973675,1445.1616593701929,1155.3605858022,1898.9375433521325,0.20619825351079799,-1.0761033317955122,0.2859587380550286,1.1323817820515878,-0.23329471469343635,0.1431862578060842,0.1133760686570855,0.2962817261873206,-140.8948967462445
deltaC0.2,BLS-G,166,164.98528964865199,311.23118468264454,-583.7616383538347,681.8083649625936,0.7086135498558176,-0.37924817983879033,0.562340006493769,0.9809121407413157,-0.04734092548928474,-0.10815745413570294,-0.08033540960592378,0.14280397805331,-36.59589356815914
deltaC0.2,BLS-G,174,74.68858014481236,-856.5246093380982,-1380.8838321328897,1626.669280539792,-1.4923991143990538,0.5985279809236014,0.8007668701580686,1.796306889412361,-0.019180043080446834,0.0506326203857064,-0.18560382162092334,0.19333989474493457,20.842302375032386
deltaC0.2,BLS-G,170,1397.5952544020374,-110.4428116171321,-1295.6860980872405,1908.9977932259458,1.0831989659356724,-1.433803105105157,-1.7426920353107593,2.503215307149758,0.13106232342577093,-0.04215231496316132,-0.008841457971669055,0.13795768067628467,-13.584300289304965
deltaC0.2,BLS-G,153,-1240.8816160272982,1377.9607670929458,-638.6668891263141,1961.2390103983203,1.7386523679566712,-1.481529407293282,0.034880711073731696,2.2845257944004773,0.0719804334195951,0.19453458097215492,0.13674859298503478,0.24844529311836716,59.612489443556875
deltaC0.2,BLS-G,167,100.2594153574081,964.5781141070316,892.9562886476928,1318.2692524736926,-0.9618611702187898,-1.24767462267896,0.27659500956006944,1.599491692433968,-0.1400702500029378,-0.10934626958192577,0.09051011589878843,0.1994200659095789,-7.02079011505992
deltaC0.2,BLS-G,175,-803.2804913142204,166.40096461369694,-46.92429720560729,821.6755554466887,-1.0524701587871985,-0.3059965153166428,-1.537466297226473,1.8881551624881787,-0.08864571078417519,0.04691794995599585,0.05066211946129313,0.11236550367802077,39.139600060945895
deltaC0.2,BLS-G,173,-1715.2308987974104,311.8034452484911,-645.6356481467649,1859.0545486391986,-1.727948904421723,0.7482620324932922,1.7314817901773767,2.55807206217477,-0.14438546310656017,-0.1320766998445414,-0.17059987905352275,0.25960688614017446,-194.50085484346818
deltaC0.2,BLS-G,172,-320.72119713051296,-249.21405070214257,-1137.4065754342691,1207.751401240053,0.7151875826650891,0.5921577062160672,-0.0672097817664336,0.9309463906125311,0.13313711227157649,-0.04011752162455158,0.10587902704429793,0.17477206462463588,-133.58045586814364
deltaC0.2,BLS-G,176,704.5345499542299,-869.02440210292,-643.2546766536001,1290.4839877217673,-0.1009429554589973,0.5883529864379022,-0.3098862087789795,0.6725906476443192,0.1113955395105185,0.21566961178366675,0.12194087046155415,0.2716466888417353,269.5099485404661
deltaC0.2,BLS-G,177,425.38678625963416,447.05904371680964,-483.26845270565144,783.8138196496682,1.4210242849853618,-0.4112843370491124,-0.9877767164042355,1.778810744820938,0.17684426997522876,-0.0711126126636639,-0.04791225748671916,0.19653621528969556,-44.32937606150092
deltaC0.2,BLS-G,171,-781.9827206084749,-1525.0794747431266,-949.6426435923654,1959.3839670013888,1.4855183762661481,1.1364785684685563,0.5719934486028465,1.95589490721187,0.1879939029701371,0.025717339526247215,0.03934050797621747,0.1937801968057635,17.752505947222005
deltaC0.2,BLS-G,182,-980.7364617354291,425.34129962068766,-696.34652619945,1275.796893353478,-0.04118876244393705,0.2730410144825427,0.07403638154400485,0.28588336001496945,0.11954924756787315,-0.10551597380068896,-0.07051739457037849,0.17435121524711766,-118.39652484131611
deltaC0.2,BLS-G,179,136.6701348719222,1108.137322788586,702.7406831348624,1319.2768927165432,1.598420903326269,-0.598444567836232,0.5381089911776076,1.7895939682925965,-0.002354678677244653,0.009678398973673317,0.059488087753993155,0.06031623747378032,49.65993198994024
deltaC0.2,BLS-G,178,1941.3434110299352,-413.8116765532796,1234.7608289369591,2337.6673518441985,-0.6024662395506463,-0.3268694990691386,0.27250829222694734,0.7376110143920396,-0.11458395686237205,-0.11467205722672215,-0.019834267888612343,0.16331736607453542,36.78930318215646
deltaC0.2,BLS-G,180,218.91449150620352,-624.4153591493865,1604.3831169476084,1735.4720629499054,-1.0638224467380526,-2.277769559737807,-1.1587677219684596,2.7681573291501826,0.19463973542252713,-0.017105346177464047,-0.11750896404271789,0.2280034563413349,-73.56159298398025
deltaC0.2,BLS-G,186,428.61132530668954,-1438.4868685091778,1936.5465718567189,2450.135662371475,1.0309880670812464,-0.20130454437409884,-0.6190835891166753,1.2193130870958337,0.05359990177697134,0.046587005491201636,-0.08561630139398639,0.11123600862816026,237.4291283278581
deltaC0.2,BLS-G,183,-786.4707450856223,-753.4034134861807,-223.29074838951993,1111.7606283029252,1.200491317396052,-0.9285131218505983,-1.2046496212473805,1.9376523760890418,-0.16146951837252052,0.06918127202406187,0.018585849783094507,0.17664622151204012,13.428126396631853
deltaC0.2,BLS-G,181,-1956.824419828131,863.098515936236,1503.9410371901351,2614.56296569648,0.3301539142345993,-0.3679215443655845,-1.7458199388587394,1.8144572546107325,-0.0007229947397610644,-0.061144949907493744,0.0606997471342645,0.0861608201141754,-36.84190991371115
deltaC0.2,BLS-G,187,391.3589944328244,214.5847471899888,841.7173594546113,952.7311212809761,-0.5693016003331456,0.7963182958069048,-0.5879308702730064,1.1418799624297944,-0.06871450622621013,-0.05769249457429757,0.024452133781327247,0.0929946995402273,-345.07245981936256
deltaC0.2,BLS-G,185,-2333.4275436689613,-1310.3440921039676,575.9293981224806,2737.4404857250242,1.3319938324480978,0.7394288541231194,-0.0783375863652936,1.5254833258436948,0.04149879452745581,-0.0863867281053659,0.11518692174533046,0.14984272982413024,-124.67270238952749
deltaC0.2,BLS-G,192,-443.8153076543896,1169.3845426402397,1294.1234442209368,1799.7743538445434,0.21494358629536492,-0.9166601300328753,-0.633426716094194,1.1347669117238461,-0.00626225420698408,0.04536373569887069,-0.11433088989398363,0.1231610195161606,-74.39930087866217
deltaC0.2,BLS-G,189,-1009.108909546564,261.8591487173092,-113.93359117381716,1048.7382267710907,-0.6926879493580653,1.1452786725794732,0.20527962852884446,1.354112092457719,0.011761971938695224,-0.125193619976463,0.02281875613136279,0.12779859975007668,-84.36167631583523
deltaC0.2,BLS-G,184,-43.6989608895855,-309.21566212415036,963.0859945657572,1012.4517557960083,0.7224510558587505,-0.7110453938735738,-0.03577185976352984,1.0142981347765512,0.1618123053597483,-0.07705262192266649,0.16082952744742376,0.2408037906885094,-33.69056317649259
deltaC0.2,BLS-G,190,-975.458491641886,-488.25734739891647,-1836.5845763481072,2136.108005763062,0.046929884847793445,1.5184392164102039,-0.1402261514409175,1.525622312884874,-0.005823383740225246,-0.02498716171909987,0.132290592599111,0.1347555970607022,217.8083875490305
deltaC0.2,BLS-G,191,1619.4522162336325,-1087.8209268179942,771.6991998170505,2097.975096250063,-0.3767888504083472,0.157487085055042,-0.8375304559706946,0.9317882186578974,0.009250006229265077,-0.17253331414124765,0.00453735180345937,0.172840662649714,8.678558588918417
deltaC0.2,BLS-G,195,-1598.3426017826646,-1244.6365367742121,-522.7414623603393,2092.1467008356053,0.5342278513493294,0.004172831601567871,-0.14988200595917897,0.5548706384295745,0.17091277258532292,0.06519778143810366,-0.18886529939242674,0.262929701349703,-169.93894841391295
deltaC0.2,BLS-G,193,-994.0887728665803,679.3721938614422,871.9167220962277,1486.6061470350924,0.6364517770937649,0.7568162493910829,1.1507694238898607,1.5172712238976915,-0.01358178560123956,0.1698440857663596,-0.05267704399497496,0.17834334676117602,-107.0603439070306
deltaC0.2,BLS-G,188,10.669878878304191,-708.708713899784,-1715.5684369226053,1856.221147718621,-0.7038506867143115,-1.0936366673762592,-1.2142717194683614,1.7792983892868304,0.20466815888801804,0.03968382403508913,0.13663412734948555,0.24926440963204985,48.901379389693176
deltaC0.2,BLS-G,194,-45.105027674157604,-1467.2254508017422,-397.78667268858277,1520.8613427826076,1.522271437652033,0.09535546534577612,1.0585703459421163,1.856602857902171,0.026314934522227267,-0.0016976656359599448,-0.1252199524456654,0.12796637971754662,13.116685773292362
deltaC0.2,BLS-G,196,465.04831107142144,-794.8489530555453,173.47009462731398,937.0947996515013,1.4991462795026715,-0.9832429647245321,-0.7730105800883044,1.9523707772745027,0.08510986992309676,0.03730250481741419,-0.023639259655894015,0.09588525132187138,-191.0001251164078
deltaC0.2,BLS-G,199,2083.967672318066,854.4511486551824,-843.2031070205485,2404.9946994523802,0.8811547328116642,-0.21751979151701292,-0.6267054808529574,1.1029543429304483,0.15182091790230434,-0.15371900482372977,-0.04664048185280228,0.22103044610224554,96.73569993446334
deltaC0.2,BLS-G,197,1660.5502378815831,-1184.3749147195306,-812.8888154878518,2195.668294048698,-0.776272663411659,-1.392266713774296,-0.4592690713294468,1.658895394569507,-0.05628459140109667,0.14610287580473608,-0.05364720780691285,0.165505372882818,-139.88516564532225
deltaC0.2,BLS-G,200,-1573.859524056272,107.0371448195822,292.48858816186527,1604.3816023747854,0.008245688904879502,0.13691125645053334,-0.7908561479811042,0.8026619028756067,-0.04692388210259024,0.06359306610156086,0.05765412175700485,0.09782600126421818,-3.4671119483892903
deltaC0.2,BLS-G,198,-2161.4013320351087,911.8458075558289,-1564.023282416806,2819.4480528681715,-0.11034423207721372,0.42533305379947706,1.0329748869119941,1.122551189566848,-0.015090531008061375,-0.11302168970543568,0.03950779216065345,0.12067515117614909,9.817881482437123
