seed,pos_rms,pos_mean,pos_std,pos_max,vel_rms,vel_mean,vel_std,vel_max,runtime_s,n_iters,converged,rigid_dev,dv_err_R,dv_err_I,dv_err_C,dv_err_norm,t_star_error,config,mode
1,929.5963910793224,823.1328152858192,431.9743264446878,1509.4819226834074,0.06991659531767053,0.0634969400563037,0.02926548998908242,0.11201779439864516,4.667849621999267,4,True,86.21738097758686,,,,,,deltaC0.2,FGO-B
2,929.9508851724073,824.2647329175012,430.57670501477935,1505.3326837210595,0.06991794708371894,0.0635148480283481,0.029229837569469435,0.11168354282608041,4.55987683100102,4,True,81.0593962559539,,,,,,deltaC0.2,FGO-B
3,929.7648076953354,823.543590334086,431.5536495598053,1502.3609094070882,0.07012544055112395,0.06372548662118421,0.029268409034016354,0.11147841041907557,7.065365418999136,4,True,69.93806920177177,,,,,,deltaC0.2,FGO-B
4,929.9154272382486,823.8046106956639,431.3799545786291,1502.5348474409232,0.07011404118119598,0.06372281920905365,0.02924689868701825,0.11148319933212635,14.717000906000976,4,True,76.39478812078794,,,,,,deltaC0.2,FGO-B
5,929.7824252762399,823.8948960055818,430.92059441214724,1499.0687638583706,0.07012777009526186,0.06373633389195227,0.02925036547716081,0.11122784731512105,7.2957461219994,4,True,78.19126739184469,,,,,,deltaC0.2,FGO-B
6,929.837076584467,822.695330474195,433.32364602811964,1509.6888756655583,0.07009007820469039,0.06366582233276878,0.029313514450368058,0.11199710357113538,7.324085105001359,4,True,83.48832392948374,,,,,,deltaC0.2,FGO-B
7,929.8429291432516,824.057108914785,430.7409362072616,1503.974743692125,0.0699466515819832,0.06354482826538853,0.029233351984567772,0.11159187263473516,10.407819574000314,4,True,97.08834291506153,,,,,,deltaC0.2,FGO-B
8,929.8840437525786,823.8184653807702,431.2858343643112,1504.5297602078008,0.06999444963499983,0.06359341238481739,0.029242108011582932,0.11162261110182865,5.641286833999402,4,True,95.53468528116683,,,,,,deltaC0.2,FGO-B
9,929.9007135490202,824.4935806412165,430.029850755041,1497.719751475298,0.07005295177207896,0.06366593014607302,0.029224397181406046,0.11112480741317776,4.298140402999707,4,True,90.79829085625875,,,,,,deltaC0.2,FGO-B
10,929.894248487394,824.2367842905875,430.507882381086,1500.625476055523,0.07003954891479434,0.06364652587662069,0.029234537041392037,0.11132898733471132,7.574115507999522,4,True,87.12553616142645,,,,,,deltaC0.2,FGO-B
11,929.8486245258048,822.275979250225,434.1436150407081,1520.0250847159427,0.06988610974450736,0.06342844936890442,0.029341099943213697,0.11276497761189308,7.077359109000099,4,True,88.10004701874176,,,,,,deltaC0.2,FGO-B
12,929.7722170810955,823.7832026108653,431.112062870064,1502.629307494512,0.07009291354229528,0.06370004506835257,0.02924586786432458,0.11150892025237975,10.1165478719995,4,True,73.5391794926384,,,,,,deltaC0.2,FGO-B
13,929.9162195713922,824.8577556778713,429.36448190321346,1494.1040519369087,0.07011028291909355,0.06374459754265814,0.029190376070203052,0.11085989949147708,7.0190218160005315,4,True,84.72110447869211,,,,,,deltaC0.2,FGO-B
14,929.7540818648484,824.002926355633,430.65279530231794,1497.5643650797413,0.070154166469941,0.06376801950832332,0.029244602255429845,0.11113264953977608,7.260190214999966,4,True,85.90917368871409,,,,,,deltaC0.2,FGO-B
15,929.763971593983,822.7400822794084,433.081747346952,1513.5826351340525,0.06993287260212115,0.06349460660130048,0.029309411507749475,0.11230251266268575,4.457045446000848,4,True,85.19144090503985,,,,,,deltaC0.2,FGO-B
16,929.6392114701669,824.1412188789677,430.13987823446786,1496.5859416054802,0.07009083929517396,0.06370712396371404,0.029225470216471677,0.11106784874577613,4.415764602001218,4,True,78.30145215218812,,,,,,deltaC0.2,FGO-B
17,929.6793096249138,823.3212344518175,431.7936586442552,1506.6749189856862,0.06998735199812493,0.0635760442532041,0.029262878136370598,0.11179777658527035,9.649116446000335,4,True,82.57987866427972,,,,,,deltaC0.2,FGO-B
18,930.0631663602827,824.3999078759942,430.5604316633928,1494.5646385175264,0.07029655366980525,0.06393157178319746,0.02922943015492571,0.11089656478843875,10.087342352999258,4,True,82.2542569036516,,,,,,deltaC0.2,FGO-B
19,929.695097495435,823.8391399967214,430.8387699784096,1503.6563276697555,0.06996413542312953,0.06355840715090992,0.029245668498859245,0.11157219892412787,10.036061582000912,4,True,75.048456846876,,,,,,deltaC0.2,FGO-B
20,929.8853986245389,823.3816546651174,432.12209540366143,1510.584101047783,0.06992895918002692,0.06350833452668,0.029270305390432395,0.1120745934361859,4.514721961999385,4,True,84.52716640190728,,,,,,deltaC0.2,FGO-B
21,929.7302954448197,824.1469854771383,430.32565412354563,1501.939523798742,0.06995018348022898,0.06354691912371577,0.02923725771685211,0.11144884769843677,7.077473190998717,4,True,83.88094912581055,,,,,,deltaC0.2,FGO-B
22,929.7478511387964,824.5123093504928,429.6632616674673,1493.198348364511,0.07014087928080621,0.0637680579980331,0.029212629553741265,0.11081031584404215,5.039351915000225,4,True,90.18826413080127,,,,,,deltaC0.2,FGO-B
23,929.7481509408125,825.5742906000908,427.61982516952673,1485.9340995199605,0.07009172293766291,0.06372757085034278,0.029182980277631748,0.1102791267472654,9.769391333000385,4,True,87.37143284887544,,,,,,deltaC0.2,FGO-B
24,929.7781598325926,824.1715024895008,430.38211043894574,1504.6357426861302,0.06992089847622371,0.06351071528071213,0.029245873012353398,0.11164635507340478,7.246229124999445,4,True,91.89531727970238,,,,,,deltaC0.2,FGO-B
25,929.8052568608559,824.0868886747155,430.60261912871533,1499.6399329000362,0.07007332157525992,0.06368448081535172,0.02923281204176033,0.11127276671123101,7.004139060998568,4,True,84.62228861741279,,,,,,deltaC0.2,FGO-B
26,929.7374989383935,823.3294368057609,431.90329406167723,1510.1702650499583,0.06989967966593243,0.06347822806156272,0.029265675792029797,0.1120466914643385,7.031948740999724,4,True,91.33505369426888,,,,,,deltaC0.2,FGO-B
27,929.8471825320592,824.5769863462352,429.75408834700886,1496.7964801880157,0.07004195497533242,0.06366215641304593,0.029206254426190452,0.11107356501578182,9.660850719001246,4,True,83.01641932062691,,,,,,deltaC0.2,FGO-B
28,929.810122853068,824.0690873463519,430.64719184059203,1503.7344250262859,0.06998565069693993,0.06359273284905145,0.02922251926619711,0.11158112855646353,9.57066762300019,4,True,73.1195762348431,,,,,,deltaC0.2,FGO-B
29,929.910796251078,823.8941461213108,431.1989389728946,1504.5314979414234,0.07004397812858923,0.06365242880756368,0.029232296847430995,0.11163785423957816,5.386686257999827,4,True,92.03197579022341,,,,,,deltaC0.2,FGO-B
30,929.8215659606993,823.7170942421249,431.3447497987171,1497.7943491033361,0.07021691115023113,0.06382299316827528,0.029275248154742202,0.11112713611916351,5.637463862000004,4,True,102.95280501826524,,,,,,deltaC0.2,FGO-B
31,929.8836425972968,823.635168133206,431.6349135371266,1499.0328489293156,0.0702149327812832,0.063822047717257,0.029272564128485373,0.11122038665000486,10.305313434000709,4,True,87.4805289471126,,,,,,deltaC0.2,FGO-B
32,929.6988897553317,824.0347570077766,430.4726993148709,1499.0010631646041,0.0701233128563981,0.06374191875116224,0.029227500746326556,0.1112463343948634,9.583248132001245,4,True,69.42394099939723,,,,,,deltaC0.2,FGO-B
33,929.8728966410155,823.6821572756822,431.52208250937855,1505.9265755644237,0.07002581607178567,0.06362332640809912,0.029252132457105267,0.1117311721850527,7.046683836999364,4,True,74.39822102870632,,,,,,deltaC0.2,FGO-B
34,929.8174477077431,822.974399092491,432.7512270347649,1510.492753982177,0.0700244520843536,0.06360935549522345,0.029279238091115347,0.11206702600001255,10.033008684000379,4,True,87.58856204945623,,,,,,deltaC0.2,FGO-B
35,929.7501444648278,822.9134983434035,432.7224345658422,1514.5725487691043,0.06983609680819461,0.06339359080581519,0.029297321757259562,0.11236610024131086,6.997842109998601,4,True,98.30626983518074,,,,,,deltaC0.2,FGO-B
36,929.3998626432534,823.5677785350827,430.72058093395935,1499.0650961289564,0.07010887512045463,0.06372327951666062,0.029233508484221352,0.11127423127826447,6.989680012999088,4,True,82.97693494680551,,,,,,deltaC0.2,FGO-B
37,929.6219666131648,824.4561121382392,429.4986844771788,1499.8708117798335,0.06993921755458392,0.06355142031289326,0.029201217925994026,0.11131828299930549,6.996783828000844,4,True,90.18094844010244,,,,,,deltaC0.2,FGO-B
38,929.9770761968009,824.3465640832474,430.4766016123236,1505.1354486024,0.06992657081646873,0.06352982974905654,0.029217906122898502,0.11167921014870312,4.524975876000099,4,True,69.08423573354655,,,,,,deltaC0.2,FGO-B
39,929.8230173678479,823.7418655019989,431.3005711175629,1500.96087459746,0.07011980864152899,0.06373146346764647,0.029241889955963635,0.11136800668998498,9.778683253000054,4,True,91.43788643222496,,,,,,deltaC0.2,FGO-B
40,929.7263217991,822.8825994092622,432.7300094002489,1512.6139583264357,0.06995345410775786,0.06352788490495102,0.029286406080457874,0.11223545356194964,4.645441025999389,4,True,83.71268569287804,,,,,,deltaC0.2,FGO-B
41,929.9137831766753,824.7403398660845,429.5847017056501,1496.5999842547826,0.07006395912819947,0.06368511292636034,0.029208984239010045,0.11103539168901239,9.642700607999359,4,True,91.08089807736647,,,,,,deltaC0.2,FGO-B
42,929.764289326415,824.3826944972284,429.94744646310284,1495.6673496847352,0.0701060482696831,0.06373338452268933,0.029204686289603602,0.11099140907442191,9.71498936900025,4,True,80.52585872010185,,,,,,deltaC0.2,FGO-B
43,929.6952870808931,823.9650373616986,430.5983558096326,1501.7326691778267,0.069993931642962,0.06359582528981138,0.029235619927537433,0.11143155757054171,10.922499643000265,4,True,79.52679747406158,,,,,,deltaC0.2,FGO-B
44,929.6730112636778,823.1494431892246,432.107512141763,1506.0938868275014,0.0700731498492394,0.06366486939843832,0.029275087263298652,0.11175290790969444,4.467796413000542,4,True,86.4796730144024,,,,,,deltaC0.2,FGO-B
45,929.6300188168957,824.2129107165397,429.9826155714564,1500.8387186667185,0.06997366368331327,0.06357854424715609,0.029224686836266535,0.11137711278091282,10.336089562999405,4,True,96.94404314630073,,,,,,deltaC0.2,FGO-B
46,929.9579042195671,824.3932134983808,430.3458297210077,1500.0761174530996,0.0700539299630709,0.06366441461434738,0.0292300430222625,0.11129333674146073,6.9961160230013775,4,True,79.03160887767191,,,,,,deltaC0.2,FGO-B
47,929.7161657045609,823.0844627619879,432.32408668983544,1506.1185262115448,0.0700807770837208,0.06366722514045095,0.029288218784577835,0.11174354244915823,10.608060549999209,4,True,98.16499447399404,,,,,,deltaC0.2,FGO-B
48,929.8996880655478,824.097149343826,430.78685948828934,1506.223771406409,0.0699350143243552,0.06353829437136786,0.029219708707055415,0.11175251769427384,4.752308642000571,4,True,82.56633652834452,,,,,,deltaC0.2,FGO-B
49,929.8094481177108,823.9771576475123,430.82160285214195,1501.3751741282242,0.07002742393665594,0.06363359807950718,0.029233633004809238,0.11140364995061809,7.02390100500088,4,True,85.67236093031285,,,,,,deltaC0.2,FGO-B
50,929.9093903818039,824.3339109382525,430.3545951857645,1497.2777379306765,0.07012008391784606,0.06373402250286403,0.029236972214136618,0.1110813384902617,11.296199984999475,4,True,99.60618627585055,,,,,,deltaC0.2,FGO-B
51,929.8742279392335,824.0817714870769,430.7613187001669,1504.955536232097,0.06994343706414521,0.06354530627373023,0.02922462042394844,0.11166425868310778,10.002934083000582,4,True,103.78534043255362,,,,,,deltaC0.2,FGO-B
52,929.6785787293186,823.4782598598554,431.49254372045704,1506.1485015226608,0.06997385626782718,0.06356436903753356,0.029255966055674525,0.11175168462541388,10.094210492999991,4,True,90.99917658556629,,,,,,deltaC0.2,FGO-B
53,929.7836852417083,823.71231545569,431.27221416209755,1503.8679809341515,0.07003726777553732,0.06363459880471925,0.02925502883992325,0.11157817763986909,4.66380117099834,4,True,74.2926666337741,,,,,,deltaC0.2,FGO-B
54,929.7998617851011,824.4461366624218,429.90272238961273,1496.163049694616,0.07011992587209925,0.06374270079485038,0.029217667594913743,0.11102745242830057,10.050062808999428,4,True,68.44563093650595,,,,,,deltaC0.2,FGO-B
55,929.7920804262542,824.0188898093082,430.70428609524794,1504.2248086943894,0.06992377336783383,0.0635177134924402,0.02923754700190266,0.1116013930415339,4.501538888998766,4,True,89.60614981760092,,,,,,deltaC0.2,FGO-B
56,929.7111622306955,824.6566798021198,429.3066568713962,1492.2786236148156,0.0701671981402988,0.06379998534109046,0.029206122052347062,0.11075376230722295,7.287266762999934,4,True,80.02927375697024,,,,,,deltaC0.2,FGO-B
57,929.6120638168995,823.4763915965124,431.35278100077517,1504.2651195753879,0.07002687211981477,0.06362467244004652,0.02925173286801447,0.11163207174265818,17.284635478999917,4,True,87.91403635302684,,,,,,deltaC0.2,FGO-B
58,929.6789189231573,825.0407748149817,428.4980888905168,1489.3537091380726,0.07010158047200193,0.06373409452148272,0.029192409633315118,0.11053010739809997,7.094123922999643,4,True,85.95501400979883,,,,,,deltaC0.2,FGO-B
59,929.7508197267415,824.3852934356773,429.9133339982838,1499.9065639554833,0.0699725677947065,0.06357857435708074,0.029221997305214315,0.11130189483052363,9.491825829998561,4,True,91.74209605243765,,,,,,deltaC0.2,FGO-B
60,929.5764927333078,823.7343053979614,430.7832981359602,1502.8284862688831,0.06998523073702541,0.06357907567716849,0.02925121633969378,0.11152200334923215,4.85437473499951,4,True,77.5190557134574,,,,,,deltaC0.2,FGO-B
61,929.6607376096982,823.5502637645271,431.3166471472971,1503.4550910717735,0.07004677472378146,0.06364170404402161,0.029262333392560354,0.11156674911758452,14.106656870000734,4,True,83.34116436569275,,,,,,deltaC0.2,FGO-B
62,929.9830161106277,825.1030178384548,429.0377841264037,1494.5793994187093,0.07005196648696338,0.06368254629984284,0.029185806575440305,0.1108936797257329,10.270495315000517,4,True,82.28371036155578,,,,,,deltaC0.2,FGO-B
63,929.9971069580499,822.6294115321076,433.7919665377412,1509.4872618939228,0.07018701259638295,0.06377177180775308,0.029315147240030863,0.11197026160795838,4.674724147000234,4,True,68.26655156069316,,,,,,deltaC0.2,FGO-B
64,929.5918744306844,824.4413392453093,429.46190884751826,1495.9792239711137,0.07000851018027753,0.06362611950209976,0.029204595781598182,0.11102161260076497,7.450727594001364,4,True,92.10300745372174,,,,,,deltaC0.2,FGO-B
65,929.806386756402,823.9487696610097,430.86928624248026,1500.1524621925905,0.07009025647825962,0.06369993912518492,0.029239729968588146,0.11129579929516661,9.570375304998379,4,True,90.24181447272281,,,,,,deltaC0.2,FGO-B
66,929.8005072008932,824.0213706929111,430.7177310401958,1499.7423919526861,0.07011747944782709,0.06373235431928305,0.029234362264941156,0.1112771489013345,11.92089730599946,4,True,84.42006181539911,,,,,,deltaC0.2,FGO-B
67,929.6924677876696,824.0224586995166,430.482371555364,1502.7851967483,0.06994311537370049,0.06353975134047841,0.029235926319666178,0.11151884884598456,10.87661574899903,4,True,90.1458709518192,,,,,,deltaC0.2,FGO-B
68,929.6211746854119,823.7629339962001,430.8249725787226,1498.9489216203842,0.07011218219099782,0.06372354704527292,0.029240855725381296,0.1112389558261268,6.959313838000526,4,True,84.24241452094941,,,,,,deltaC0.2,FGO-B
69,929.904439671745,824.5760995559701,429.8796610242043,1497.2223525228123,0.07005660965775311,0.06366711878059786,0.029230575480411414,0.11108511025210455,8.205432193999513,4,True,81.02436021113135,,,,,,deltaC0.2,FGO-B
70,929.6195066141316,823.5990167747025,431.1346502489038,1499.2035407451162,0.07014162054158629,0.06375310696458182,0.029247021806715106,0.11126193169314652,4.427037673000086,4,True,82.42280259944886,,,,,,deltaC0.2,FGO-B
71,929.6248459516896,823.5194906493557,431.2980439688181,1504.0015716337605,0.06999479618532523,0.06358657586333967,0.029257800036929765,0.11161431105158709,4.378311992999443,4,True,74.06840202251814,,,,,,deltaC0.2,FGO-B
72,929.6844394574789,823.4108323433707,431.633824148391,1508.1197214889785,0.06991596649755166,0.06349164903913158,0.029275465386198556,0.11189716072712318,10.857564739999361,4,True,99.65465411256456,,,,,,deltaC0.2,FGO-B
73,929.7842733162379,823.1839359187353,432.2811614580769,1512.7366046166696,0.06986227301250364,0.06343178779540821,0.02927704711120806,0.11222367341491592,9.632604102998812,4,True,81.14291238737911,,,,,,deltaC0.2,FGO-B
74,929.7185385455073,823.3689741561657,431.7870925725053,1502.4575162921683,0.0701761817127188,0.06377909276093122,0.029273260945256174,0.11149456881878136,10.320239934999336,4,True,85.03299000464095,,,,,,deltaC0.2,FGO-B
75,929.7958060653281,824.3820403641979,430.0168514158891,1498.0978394529145,0.07002997265742646,0.06363953637255249,0.02922681099070625,0.11115387377735592,7.0632745060011075,4,True,104.12764547463762,,,,,,deltaC0.2,FGO-B
76,929.8589392598601,824.7609480035287,429.42639132893606,1492.017611654522,0.07016675853364465,0.06380164863162635,0.029201432071137966,0.11071254121329104,4.734152118999191,4,True,84.15780365300321,,,,,,deltaC0.2,FGO-B
77,929.6869374938468,824.1138212846394,430.29549302115305,1500.0925959021274,0.07007589022459282,0.0636844515660754,0.02923903246513778,0.11132496689636305,4.604726780000419,4,True,84.41817135889255,,,,,,deltaC0.2,FGO-B
78,929.7380954029538,824.1612714239014,430.3151458273928,1496.446949975508,0.07013924977135041,0.06376013166881843,0.029226015261455247,0.11104039539093494,7.319770423000591,4,True,88.86613036150904,,,,,,deltaC0.2,FGO-B
79,929.6837685911236,823.4382536477065,431.5800644276901,1505.2184628798104,0.07001465318267651,0.06360594754192246,0.029263203816135418,0.11168604636982912,10.360445321999578,4,True,93.07295742324756,,,,,,deltaC0.2,FGO-B
80,929.6720145735035,823.3428426434737,431.7367463500422,1502.6799789029221,0.07009895748830734,0.06368615333123426,0.029290573821931863,0.11149307500250756,7.047456467000302,4,True,98.46010616750576,,,,,,deltaC0.2,FGO-B
81,929.8601701494052,824.4772811278195,429.97342817243856,1498.020763249255,0.07002807487633664,0.06363999097863125,0.02922127340013682,0.11115004990878644,12.065995319999274,5,True,90.11587468193002,,,,,,deltaC0.2,FGO-B
82,929.8901590205516,821.8903737912882,434.96197685830356,1522.0893323255125,0.06991562386202703,0.06345386906359358,0.02935644666639278,0.11291938137339096,10.379480953999519,4,True,88.23673130990848,,,,,,deltaC0.2,FGO-B
83,930.0604621224799,823.5008617790031,432.27166672443394,1510.673928828636,0.06998185335556506,0.06356389704066374,0.029276112994789997,0.11207337687166036,10.451769417999458,4,True,86.38127907828446,,,,,,deltaC0.2,FGO-B
84,929.717258335745,823.8971931377203,430.77557450152665,1501.161312674285,0.07004212505573729,0.06364320461820958,0.02924793647846373,0.11138951220581382,10.012613836999662,4,True,102.68008525166827,,,,,,deltaC0.2,FGO-B
85,930.1081892275512,824.6727643685986,430.1349501921555,1498.2666896877643,0.07007764974640633,0.06369402509115703,0.029222391443327514,0.11114418131088745,4.528579857000295,4,True,99.78761374222306,,,,,,deltaC0.2,FGO-B
86,929.6570503136209,823.8948506166653,430.6500973239932,1502.6115468063158,0.06995025532689642,0.06354408410596561,0.029243590672692183,0.11149207273088839,4.477425820001372,4,True,84.37927478431365,,,,,,deltaC0.2,FGO-B
87,929.9295489287464,823.2740076333378,432.42210203245247,1509.3618562747968,0.0700164058765919,0.06360035465276138,0.029279548833932283,0.11197175228765387,17.41455547899932,4,True,80.05299038229978,,,,,,deltaC0.2,FGO-B
88,929.9571756627212,822.8851112940274,433.22100846704257,1512.8088479184644,0.07001670149560983,0.06359346121429292,0.02929522451034561,0.11221982933052214,7.054528733000552,4,True,90.99394218768647,,,,,,deltaC0.2,FGO-B
89,929.7804231556249,824.4815014515511,429.7928443420724,1493.9461711567992,0.07014515576946288,0.06376466914457068,0.02923028988576143,0.11085492585073936,9.955723744000352,4,True,75.59164750860177,,,,,,deltaC0.2,FGO-B
90,929.8733782353742,823.7439784656882,431.4050967390009,1505.374680587502,0.06999521390545094,0.06359009017887128,0.02925116067291778,0.11169031802333143,7.586994915000105,4,True,84.17554341965055,,,,,,deltaC0.2,FGO-B
91,929.6585904879755,823.6579444213879,431.10635052110194,1501.7968891432895,0.0700759095086123,0.06367960000499107,0.029249643359596046,0.11145221388888746,7.058012831999804,4,True,104.93900292516335,,,,,,deltaC0.2,FGO-B
92,929.7251896217679,824.1685584770545,430.27330318657494,1497.3898225229814,0.07010695115340093,0.06372174068366264,0.029232248703604677,0.11111277281333005,4.583646209001017,4,True,83.36241655310644,,,,,,deltaC0.2,FGO-B
93,929.6225847338624,823.5935445143793,431.1517406685357,1497.545763437148,0.070196791073441,0.06381212046122196,0.029250688184226065,0.1111390794293995,6.338078920000044,4,True,82.73346220178934,,,,,,deltaC0.2,FGO-B
94,929.8094073797663,824.54974558738,429.72462240800104,1490.8220106938033,0.07024271357676247,0.06387554171327511,0.02922249102083432,0.11062080164029817,7.025956067000152,4,True,87.99932443627903,,,,,,deltaC0.2,FGO-B
95,929.791096162134,824.1595115126804,430.4330169556731,1502.71911231101,0.06997988318731926,0.06358675077106835,0.029221724406490575,0.11151288799348885,11.62372429700008,4,True,90.5855819583883,,,,,,deltaC0.2,FGO-B
96,929.9853240637659,823.6223049129079,431.87845723529296,1501.6125572678366,0.07018324492282413,0.06378480801501243,0.02927774127874493,0.11138861280213562,9.595559403000152,4,True,76.20581045557212,,,,,,deltaC0.2,FGO-B
97,929.8829524382429,823.3124570390019,432.24865912997933,1505.2916042955494,0.07011345929431506,0.06370961711367885,0.029274252534334893,0.11167630738430236,4.556782816000123,4,True,87.05940849400535,,,,,,deltaC0.2,FGO-B
98,929.5573149388116,823.6875313206427,430.83135041818645,1501.9074625856588,0.07006455005650239,0.06367482579247205,0.029232819482876846,0.1114752626726306,10.951157826000781,4,True,68.63986548675413,,,,,,deltaC0.2,FGO-B
99,929.7861258306345,823.3652601191916,431.9396812241226,1507.9160783759412,0.06998010667289369,0.06356550874926481,0.029268437392466276,0.1118792070963805,9.561363697999695,4,True,85.16819385306258,,,,,,deltaC0.2,FGO-B
100,929.792758596827,823.4165184473245,431.8562389119603,1509.0971535191798,0.06993427429801563,0.06351572522464904,0.02926696722889087,0.11196058259274264,10.003356956000061,4,True,83.83207851155048,,,,,,deltaC0.2,FGO-B
101,929.7326644032419,822.9484127021784,432.61846619084173,1510.5668403576533,0.07001730081492895,0.06359955701495836,0.029283421263734073,0.11207960976444221,10.940012949999073,4,True,88.91542100646967,,,,,,deltaC0.2,FGO-B
102,929.7730222245051,824.2917712917878,430.14061495880276,1498.5029110717974,0.07006012963280302,0.06367405356695655,0.029223905736870823,0.11119117752023204,10.096307519999755,4,True,85.61706355912195,,,,,,deltaC0.2,FGO-B
103,929.7885831578683,824.4626978602593,429.8465647271116,1500.0732162382362,0.06996168156774793,0.06357417119694135,0.029205507090426495,0.11131125723848743,5.4099092289998225,4,True,82.06130911666594,,,,,,deltaC0.2,FGO-B
104,929.7705736975856,823.6655021899787,431.33335161574007,1500.4345954766427,0.07014398977039027,0.0637418731017997,0.02927717394802097,0.1113276221990362,5.882413108000037,4,True,97.42865276454474,,,,,,deltaC0.2,FGO-B
105,929.6458269767571,824.9731569058374,428.5564770250415,1491.359240571678,0.07008765974063935,0.06372057893287707,0.029188488627858424,0.11069748335216135,7.574313675000667,4,True,95.12615564142682,,,,,,deltaC0.2,FGO-B
106,929.7097728280805,823.506662894955,431.5055478897765,1507.1725221704373,0.0699512646247702,0.06354212501426626,0.029250261046287904,0.11183951544025127,6.994866094999452,4,True,79.30094105724609,,,,,,deltaC0.2,FGO-B
107,929.5843089298679,823.8555279125677,430.5682948575344,1504.1017230426833,0.06996794856840177,0.06356786363570611,0.029234235746172493,0.11163167663186109,9.68370906400014,4,True,82.15879643370461,,,,,,deltaC0.2,FGO-B
108,929.7152513966516,824.3077577886621,429.98508012368,1493.2614601492562,0.070184072809147,0.0638057357857006,0.02923409237388793,0.11081933407966131,4.4725287159999425,4,True,74.29062674523178,,,,,,deltaC0.2,FGO-B
109,929.9856261332079,824.493928115791,430.21276981810706,1503.4815633819517,0.0699260145552371,0.06352910811011728,0.029218143923121838,0.11154615895513753,4.61265254799946,4,True,79.78382710350233,,,,,,deltaC0.2,FGO-B
110,929.7823569899291,824.0152606133435,430.6902386240851,1499.634154400712,0.07009945934493092,0.06372057061589542,0.029216828726545716,0.11127915595158278,9.984369433999746,4,True,80.22208747824615,,,,,,deltaC0.2,FGO-B
111,929.5942809699546,823.7085458118843,430.8709305215631,1499.0263395735806,0.07013049388844365,0.06373219558514902,0.029265908817826675,0.11125274278317937,7.525885750999805,4,True,80.3526978716333,,,,,,deltaC0.2,FGO-B
112,929.7551500085351,823.2473482598956,432.0977233803064,1506.58183267532,0.070033473923366,0.06362275724762133,0.029271696739086243,0.11177668238833872,9.684053176000816,4,True,95.10006438366182,,,,,,deltaC0.2,FGO-B
113,929.823589507236,824.0936975869529,430.6291736536025,1504.2613100661208,0.06997982457268333,0.06358603771171804,0.02922313561799117,0.11163013090677641,9.5956179599998,4,True,87.21795707286844,,,,,,deltaC0.2,FGO-B
114,929.8390862354454,822.96399257965,432.8175056632179,1508.8809488368788,0.07007528390825903,0.0636545785129742,0.029302560453972476,0.11194675697630527,4.67755858900091,4,True,99.83668913559463,,,,,,deltaC0.2,FGO-B
115,929.7951645497634,823.7921699926502,431.1444174275274,1501.4433097881056,0.07008910978097009,0.06369321542718324,0.02925162591096949,0.11140644566031502,7.015520525999818,4,True,78.58050727750765,,,,,,deltaC0.2,FGO-B
116,929.6939920082831,823.9510617721273,430.6223015368357,1506.8272089394861,0.06989112167274451,0.06348064861760618,0.02923997503012603,0.11182107633460717,14.982662561000325,4,True,85.34234014449174,,,,,,deltaC0.2,FGO-B
117,929.7199311952537,824.4378171749565,429.7457807512486,1494.470173068598,0.07010448902428702,0.06373109914623579,0.029205930612960174,0.1109004924022766,7.024290945000757,4,True,82.34377850056744,,,,,,deltaC0.2,FGO-B
118,929.8995254004981,824.9941801853721,429.0661137870683,1495.656732467607,0.07004011211598817,0.06366687635503711,0.029191542617898948,0.1109888085682191,7.387779878999936,4,True,91.35421138432152,,,,,,deltaC0.2,FGO-B
119,929.6860245322076,822.9869306077784,432.4449285854656,1505.2335530229461,0.07016313414804215,0.06376054604314212,0.029282386544756102,0.1116876184706743,10.012251386000571,4,True,70.94195178193516,,,,,,deltaC0.2,FGO-B
120,929.7100084462171,823.0840983409395,432.3115391281472,1514.1607732431614,0.06982659751376508,0.06339631666718783,0.02926876754123729,0.11235723744245708,9.646249482999337,4,True,78.49286066610098,,,,,,deltaC0.2,FGO-B
121,929.8709547722724,824.5628981276644,429.83254827944836,1499.0884222325653,0.07000110460281991,0.06361238781470548,0.02921675481853598,0.11123904929106726,4.4675276250000024,4,True,88.38671672317892,,,,,,deltaC0.2,FGO-B
122,929.7063118025001,823.5322599011068,431.4492358407688,1502.4005089449602,0.07007987109663899,0.06367382174215148,0.029271705752659066,0.11148363987494854,9.552979614998549,4,True,98.57232089683505,,,,,,deltaC0.2,FGO-B
123,929.7844642784182,825.4070369166548,428.02146373981435,1483.5860401592822,0.07022087270884843,0.06387243759023711,0.02917674896683246,0.11011008106853623,9.636416522000218,4,True,83.47387778783813,,,,,,deltaC0.2,FGO-B
124,929.6366663662513,823.7091533645709,430.9612072054499,1503.7869965459706,0.0699792130541377,0.06357565778665629,0.02924424724061754,0.11159769863503921,4.909159816001193,4,True,92.79272704509968,,,,,,deltaC0.2,FGO-B
125,929.7889462767984,824.7947640998659,429.2098341510425,1497.0683658635369,0.06997575307683254,0.06359040323520176,0.029203880479386282,0.11109533534103033,6.9991233330001705,4,True,93.04191579241079,,,,,,deltaC0.2,FGO-B
126,929.541502799517,824.1861625661587,429.8425000639818,1493.8324358587745,0.07012266465681398,0.06374051901251879,0.02922899817966257,0.11087293523355751,4.5257749230004265,4,True,94.11576443687429,,,,,,deltaC0.2,FGO-B
127,929.8794914400067,824.6894498669781,429.6081701723403,1495.1808279599004,0.07005591110179873,0.06367658587440247,0.029208270946479764,0.11092644483226033,9.947811254000044,4,True,93.98826838336458,,,,,,deltaC0.2,FGO-B
128,929.7124220778572,823.3150136315397,431.8768066182454,1505.7490217655125,0.07005065770910632,0.06364182724324417,0.02927135922056646,0.11171957843852102,7.026647478000086,4,True,98.81504377422957,,,,,,deltaC0.2,FGO-B
129,929.5324690672129,823.1463561635956,431.8109393991591,1501.1851257536173,0.07017998636115774,0.06377990400801864,0.029280613558807355,0.1114123327476148,10.084420865001448,4,True,86.6617512234606,,,,,,deltaC0.2,FGO-B
130,929.6882625306902,824.5769090719398,429.4102776048792,1495.9387876529981,0.07002328939035114,0.06363783091278889,0.029214508959764397,0.11102207282842755,7.297466044999965,4,True,92.60504199629334,,,,,,deltaC0.2,FGO-B
131,929.8487369926221,823.0054516367406,432.7594022814284,1507.8994971213888,0.07008795384407983,0.06367092182667253,0.02929735462105104,0.11186439683769112,13.188714694999362,4,True,86.74459698863282,,,,,,deltaC0.2,FGO-B
132,929.6441333173009,823.1219070394119,432.097837026613,1508.0709775031214,0.07000042652918809,0.0635821214149991,0.029280941764850608,0.1119014752981006,15.936946219000674,4,True,94.97642673331899,,,,,,deltaC0.2,FGO-B
133,929.6761889826918,823.3959869466759,431.6443733462667,1499.293272103112,0.0701939211385937,0.0637964850230981,0.02927789376831487,0.111253036316849,4.951885812999535,4,True,83.93996154908398,,,,,,deltaC0.2,FGO-B
134,929.8194979670931,823.6925301315658,431.38719800805006,1500.55555693204,0.07016947570835018,0.06378114446027743,0.02925270812287244,0.11134907763272084,10.86716060300023,4,True,90.27422239333234,,,,,,deltaC0.2,FGO-B
135,929.9003585596337,823.7739956380677,431.4059352394537,1506.4794386614296,0.06996034476715582,0.06355358460121666,0.02924708061115336,0.11176610650412364,4.890145232000577,4,True,83.6091441668312,,,,,,deltaC0.2,FGO-B
136,929.8708006349829,825.2135010536209,428.5818283039653,1494.2057960394552,0.07003034077834284,0.06366032802265012,0.02918237936802643,0.11089493060417278,9.581955608999124,4,True,74.7165326367202,,,,,,deltaC0.2,FGO-B
137,929.8437038360161,823.8281629230947,431.1803236909583,1506.690360739587,0.06991072123183543,0.06350275772741337,0.029238821866977613,0.11177432254332408,10.064908024000033,4,True,93.46224109029481,,,,,,deltaC0.2,FGO-B
138,929.9890131680166,823.9065557497973,431.34389065538807,1504.3883868018409,0.07003539331612504,0.0636348535061404,0.029249986943524993,0.11160268376395457,7.059671229000742,4,True,79.92233594381703,,,,,,deltaC0.2,FGO-B
139,929.7383152416306,823.9330806156271,430.75238071958285,1502.2447712629985,0.070013011330793,0.06361840395821503,0.0292321814686335,0.11147856073681721,9.645695449000414,4,True,82.75450466901228,,,,,,deltaC0.2,FGO-B
140,929.9445118078618,823.0710820778692,432.8403734504532,1509.4420868786256,0.07008876470603727,0.06367442081276839,0.029291689472899004,0.11197667134560979,5.148253801000465,4,True,96.48678844263667,,,,,,deltaC0.2,FGO-B
141,929.8479245117524,823.9660990178008,430.92578292346514,1504.3934327446193,0.06996961743450034,0.06356826639604017,0.029237354041232975,0.11162017386779798,8.828731409999818,4,True,93.47083762761407,,,,,,deltaC0.2,FGO-B
142,929.7513462020185,823.0644283052542,432.4378714023678,1508.5112293864377,0.07003104807932245,0.06360575771837995,0.029302820344791397,0.11192162301147589,9.55496728199978,4,True,95.78555453054808,,,,,,deltaC0.2,FGO-B
143,929.8513584671424,823.783874594432,431.28143572541507,1503.782133283221,0.07003151958765054,0.06363340246454512,0.029243868187035445,0.11157365310997687,7.098538181999174,4,True,87.96824836950141,,,,,,deltaC0.2,FGO-B
144,929.6478899583223,823.3991842633096,431.57731944401024,1502.543882601123,0.07008491625510913,0.06368295590148472,0.02926391317194627,0.11150247811262158,4.443218860998968,4,True,92.6531851453006,,,,,,deltaC0.2,FGO-B
145,929.7558977803436,825.1795389320682,428.397896802951,1495.4382039663626,0.0699318571823211,0.06355680951687948,0.02917184623920215,0.11098560234849075,7.025472575000094,4,True,85.65929160832043,,,,,,deltaC0.2,FGO-B
146,929.7569323902403,824.1630115721525,430.3525109535555,1498.228160771462,0.07007817997623521,0.06368905472795036,0.029234493610147523,0.11117359184915247,8.702782816999388,4,True,84.69898465775012,,,,,,deltaC0.2,FGO-B
147,929.7824635295405,824.5497403473097,429.6663300518735,1498.7085235103384,0.06999601913965098,0.06360853179531993,0.029212965926830474,0.11121679243901604,5.507310151000638,4,True,85.17365749499005,,,,,,deltaC0.2,FGO-B
148,929.5573185003993,823.3255959452441,431.5226198463546,1506.2564955440846,0.06997059503675819,0.06355459139926704,0.02926940521893503,0.11177789199158666,7.097351058999266,4,True,97.27989855152609,,,,,,deltaC0.2,FGO-B
149,929.9607493934791,824.2062869009808,430.70986991869535,1502.2419794587825,0.0700192144905975,0.06362366605918054,0.02923558644991027,0.11144633979294036,4.680122318999565,4,True,74.94087885878332,,,,,,deltaC0.2,FGO-B
150,929.875609092821,823.4722660034141,431.928322188934,1515.8706667542554,0.06976283859257892,0.0633289067456684,0.02926265912203903,0.11247667914495242,10.418069272000139,4,True,93.13854844097726,,,,,,deltaC0.2,FGO-B
151,929.9006671647637,825.1652503567838,428.7395017922876,1492.182087815726,0.07008522472100373,0.06371365664820416,0.0291977512954053,0.11072591174326875,10.32400286200027,4,True,81.57864693947721,,,,,,deltaC0.2,FGO-B
152,929.6393474388718,823.8774996061585,430.64507654131603,1498.6176257401573,0.07007544576583985,0.06367757373305,0.029252943488701146,0.11120982163221843,7.022419343000365,4,True,93.39497888854504,,,,,,deltaC0.2,FGO-B
153,929.9774762430312,823.5366923258147,432.0247940945221,1510.204894878037,0.06992464602424683,0.06350903639126602,0.02925847600728833,0.1120379007500962,10.075775297000291,4,True,91.8000730369526,,,,,,deltaC0.2,FGO-B
154,929.7211454486118,823.8064846861306,430.95740402429425,1498.9061883039255,0.07016258583067798,0.06377853237709494,0.029241875081312912,0.11122154318353872,12.886143912999614,4,True,82.27356027619649,,,,,,deltaC0.2,FGO-B
155,929.7781484127673,824.2538121345932,430.2244279994625,1498.5347333671768,0.0700457713896679,0.06366002734442495,0.029220044628314436,0.11119167310026307,6.3383071970001765,4,True,83.79212417257591,,,,,,deltaC0.2,FGO-B
156,929.603734488715,824.3812926237748,429.6028253483905,1497.8060477717497,0.06999875450071724,0.06360775278681104,0.029221215188003684,0.11115638257243574,7.1230831510001735,4,True,80.41282873895001,,,,,,deltaC0.2,FGO-B
157,929.734926531721,823.9361973638162,430.73910466383177,1501.4855581825982,0.07002084464259292,0.06362028422877054,0.029246848020130042,0.11140522492615305,7.2936322999994445,4,True,80.92610298515663,,,,,,deltaC0.2,FGO-B
158,929.780797190311,824.0624440700482,430.596585096943,1498.6173411776535,0.07011137297673528,0.0637209132365262,0.029244654844705963,0.11119632962780736,9.636848688998725,4,True,91.66949386617299,,,,,,deltaC0.2,FGO-B
159,929.9739530743507,823.5125461469738,432.06323580612946,1510.2170335122885,0.06996526365533412,0.06355012162851478,0.029266365667116837,0.1120450680431767,9.665386568998656,4,True,93.53299423187292,,,,,,deltaC0.2,FGO-B
160,929.7359511705688,824.4033808904272,429.8464894302097,1491.127476902203,0.07021070434517274,0.06384488419284934,0.02921256180219245,0.11064577893153175,7.077026319000652,4,True,98.05236374428483,,,,,,deltaC0.2,FGO-B
161,929.6554638708546,823.5656366334583,431.2759252050364,1509.265064091831,0.06983574731543599,0.06341340634094968,0.029253572420185368,0.11199351887938033,4.551787397000226,4,True,92.41901395426399,,,,,,deltaC0.2,FGO-B
162,929.819024419021,825.4285471810825,428.05505682104433,1492.59326912836,0.0699584358964111,0.06359329017765344,0.029156066220480226,0.11077618781578023,10.5651617049989,4,True,92.09692374049693,,,,,,deltaC0.2,FGO-B
163,929.761550089919,823.4234159313703,431.7758887681463,1505.9605683649702,0.07003930775475617,0.06363366258001585,0.02926194828472873,0.11174516158952354,7.143487420000383,4,True,70.63030919023232,,,,,,deltaC0.2,FGO-B
164,929.9006529886924,824.1099977191884,430.7643626021955,1504.9579652291472,0.06992009236248127,0.06351382294098183,0.029237195682888618,0.11165445704089351,7.0865190659988,4,True,84.84664218344365,,,,,,deltaC0.2,FGO-B
165,929.7232799096271,824.5140667021634,429.6067166795409,1493.403486194761,0.07014258662848656,0.06377416451052792,0.029203397061281496,0.11083229770053131,6.497489125000357,4,True,74.63500587566492,,,,,,deltaC0.2,FGO-B
166,929.9361848066661,824.2014627991932,430.6660615052552,1505.3641842091647,0.06992635995539923,0.06352844917498934,0.02922040318053217,0.1116846378362129,7.355728245000137,4,True,82.30357984417108,,,,,,deltaC0.2,FGO-B
167,929.9129757700273,824.2874018431311,430.4514161530521,1501.263077908349,0.06998604154821471,0.06358823841832141,0.02923323359539868,0.11137484638167809,7.094767896998746,4,True,84.78865858933219,,,,,,deltaC0.2,FGO-B
168,929.7224685210653,824.1509266164087,430.3011952460953,1501.6223853719641,0.06996793914777595,0.06357157146661166,0.029226149418840053,0.1114251299920389,7.074827349999396,4,True,98.15608671183907,,,,,,deltaC0.2,FGO-B
169,929.9243695137037,824.0749568838759,430.88258081790366,1507.9733702423114,0.06983951699882837,0.06342248369744798,0.029242891380241144,0.11188006605278164,9.648670056998526,4,True,84.65990233257365,,,,,,deltaC0.2,FGO-B
170,929.6485272798874,825.4694652407888,427.6055965825863,1491.926321767227,0.0699372326012805,0.06357059959194691,0.029154680095071724,0.11073671259914078,9.579305123999802,4,True,82.66972439828798,,,,,,deltaC0.2,FGO-B
171,929.5899820452344,823.8730585068627,430.54699881128727,1503.8940668472762,0.06993327084524335,0.06352483449766658,0.02924479053025061,0.1116116856312107,13.941034497000146,4,True,76.0027080129356,,,,,,deltaC0.2,FGO-B
172,929.6202592869842,823.5960382995314,431.14196290098755,1497.2568126258566,0.07019116585140239,0.06379818825375302,0.029267574875923116,0.1111102076343129,9.977521789000093,4,True,92.14993148418341,,,,,,deltaC0.2,FGO-B
173,929.7419176587802,823.8656513552876,430.88910634727506,1499.2500652332396,0.07014299669871715,0.06375230306614844,0.02925207410831247,0.11124773074403438,10.547388950000823,4,True,77.36985077855499,,,,,,deltaC0.2,FGO-B
174,929.7894806591297,824.9872551458893,428.8408879657181,1499.009455853355,0.06989632262577097,0.06350803189353008,0.029192906700365225,0.11123888812278,6.984918225000001,4,True,73.45289054147,,,,,,deltaC0.2,FGO-B
175,929.5492545413551,823.9899640415108,430.23523307286075,1494.7785224115275,0.07014769446861603,0.06376229810800009,0.0292415522715336,0.11093544072840164,9.582803567000155,4,True,82.05298183291181,,,,,,deltaC0.2,FGO-B
176,929.7643174259472,823.5935118174634,431.4573133587089,1502.3323889816686,0.07011506780518267,0.06371678291105679,0.02926250687809617,0.11147500117358083,7.1172298550009145,4,True,91.61490585261772,,,,,,deltaC0.2,FGO-B
177,929.5570606027705,823.5056678218087,431.17832039867204,1504.0356190321086,0.06998434771087132,0.06357376739600869,0.02926063949394001,0.11161885299471748,7.3333888329998445,4,True,83.15521505562697,,,,,,deltaC0.2,FGO-B
178,929.5785877027005,823.2863513109005,431.64329539624725,1505.8574806821348,0.06999155133027092,0.06358117125773281,0.029261782568955032,0.11173937305430165,6.205291412999941,4,True,89.72366990444813,,,,,,deltaC0.2,FGO-B
179,929.8237558836074,823.7792875192588,431.230683578709,1504.029365821288,0.07002274794374362,0.0636184457108581,0.0292554028331119,0.11159068209694144,9.683868613999948,4,True,91.06882336932172,,,,,,deltaC0.2,FGO-B
180,930.0189332450799,823.9372882297214,431.34969718196083,1498.6051534550909,0.07020821467329473,0.06382526559605234,0.029249425279906156,0.11116872147314967,4.451808427000287,4,True,83.53878669087955,,,,,,deltaC0.2,FGO-B
181,929.9611417470683,823.8313979615994,431.4273437001274,1502.7601869002772,0.07008797555363801,0.06368853300932267,0.029259102520886975,0.11149848173545328,7.331754509999882,4,True,90.20353657163945,,,,,,deltaC0.2,FGO-B
182,930.1344232655927,824.7597196754036,430.02494130522985,1504.5523278227909,0.06992611600383652,0.06353772214625583,0.02919965006377975,0.1116265141628842,7.281491179999648,4,True,69.98618298227305,,,,,,deltaC0.2,FGO-B
183,929.7389644689413,824.0849583068592,430.4631500420928,1501.0746925183507,0.06999150000818298,0.06359645699142306,0.029228423350115128,0.11137188603621434,9.736537511000279,4,True,104.3836675965331,,,,,,deltaC0.2,FGO-B
184,929.8211956298824,824.3784492580827,430.07863030081216,1494.5062373702103,0.07017690368231229,0.06380540915791959,0.029217590123536964,0.11089658013392224,7.048889789000896,4,True,80.43591953200333,,,,,,deltaC0.2,FGO-B
185,929.7699928058667,823.2176625152279,432.1862094574348,1502.0435875788844,0.07018881193031476,0.06378484699180959,0.029290998863482524,0.1114448812518113,9.982343102999948,4,True,76.15122751261048,,,,,,deltaC0.2,FGO-B
186,929.6566314109075,823.1114827594174,432.14458144915955,1504.8036993263609,0.07010811829908464,0.06369849700668334,0.029285657420109253,0.11167187683073543,7.94700216900128,4,True,78.785370446693,,,,,,deltaC0.2,FGO-B
187,929.7459244314555,823.7344916213573,431.1484330369363,1503.8265329279352,0.07000662123421647,0.06360387533696607,0.029248488144701233,0.111591493904457,5.151422386999911,4,True,95.6381115141066,,,,,,deltaC0.2,FGO-B
188,929.7719229662729,822.9251758592745,432.7470204095955,1510.2082400848462,0.07000905164807583,0.06358315813214287,0.029299305701771573,0.11204396877225825,7.092359624999517,4,True,96.24623480228205,,,,,,deltaC0.2,FGO-B
189,929.5772988388892,822.2333282822957,433.6430656408838,1516.3470259135283,0.06991014886935186,0.06346540658088164,0.029318442701793096,0.11251862116041454,6.43635883800016,4,True,88.41061643873044,,,,,,deltaC0.2,FGO-B
190,929.6709812163967,823.7299725336078,430.99543578283954,1500.427016276032,0.07009204410611192,0.06369916726989198,0.029245696026859388,0.11134428692501687,7.0213379969991365,4,True,83.85560436014875,,,,,,deltaC0.2,FGO-B
191,929.7343687915309,824.1880575972272,430.2557869759522,1492.6964641438904,0.0702431590003595,0.06387625645670265,0.029221999374227273,0.11077763947886408,9.65032099599921,4,True,92.23416233785663,,,,,,deltaC0.2,FGO-B
192,929.3568554912082,823.7168020033623,430.342648300003,1499.8404446674651,0.06999417381987992,0.0635873389474708,0.02925465252412043,0.1113199847099985,10.572928651001348,4,True,84.56774139148494,,,,,,deltaC0.2,FGO-B
193,929.7578703382486,823.931245627063,430.7980964852929,1498.7220319351381,0.07012020239253161,0.06373046475560615,0.029245010610427887,0.11119869952075496,7.046256400999482,4,True,86.36021574720115,,,,,,deltaC0.2,FGO-B
194,929.9035284224279,823.5111497950229,431.91429512781895,1507.5707060444158,0.07001290336705909,0.06360328057332326,0.029264813995586506,0.11184759053677554,9.956161789001271,4,True,67.16776855514884,,,,,,deltaC0.2,FGO-B
195,929.9071293820413,824.9169043205012,429.2311384811565,1497.0449450831807,0.07000928286805332,0.06363604481380357,0.029184816054837276,0.11109095835363755,10.05125420299919,4,True,88.31874423101789,,,,,,deltaC0.2,FGO-B
196,929.6468123029075,823.654432161874,431.0876616247071,1505.5300007655171,0.06993492018541832,0.06352805244132521,0.02924174437944947,0.11172476769900073,4.588938787001098,4,True,91.87329866828955,,,,,,deltaC0.2,FGO-B
197,929.8408578697989,824.1688415509773,430.52263770975367,1500.4639693769582,0.07004019268392844,0.0636540124350752,0.029219775702717422,0.11132168140611537,9.725169434001145,4,True,99.50234066768353,,,,,,deltaC0.2,FGO-B
198,929.5396866308124,822.9817534705302,432.1400958905348,1508.052954004836,0.06997229772794446,0.06354932916093366,0.02928489734527694,0.11190345643999365,7.056110948000423,4,True,90.8820469289266,,,,,,deltaC0.2,FGO-B
199,929.8769558483967,823.7841265123491,431.3361402945122,1504.4366563135186,0.07000784938070727,0.06360589942861841,0.029247026050323047,0.111615623461843,6.457536081999933,4,True,88.02209188268388,,,,,,deltaC0.2,FGO-B
200,929.8209724933383,824.2641817916597,430.2971060834404,1501.7388031717976,0.06998221850525992,0.06359075833673958,0.029218596151703243,0.11143923274369537,7.102197833000901,4,True,88.01376508897233,,,,,,deltaC0.2,FGO-B
1,14.38473661219977,12.574661083169293,6.985595611384059,39.10799803860316,0.004914225132474967,0.0014201602723225787,0.004704546041178177,0.14845586858268653,40.39402717899975,13,True,1.051407943093395,-0.0012215336665782105,0.0012158885925045093,0.0023147352885728167,0.0028859190952157483,-63.35376184810593,deltaC0.2,FGO-G
2,15.154238584758827,13.123466094096505,7.577967059897578,44.878090386582436,0.0035173914664043252,0.0013234128332683082,0.0032589294562286432,0.0979325969261402,21.968069163998734,6,True,9.187641697919611,-0.0029064385033989214,0.0006462665756296635,-0.0004454948795404312,0.00301056654942431,3.1569046673175762,deltaC0.2,FGO-G
3,15.752133465593552,12.98115382088924,8.922967790835349,51.93405512432669,0.004559922283508417,0.0015810374936001135,0.004277056426500274,0.13600712370056117,14.720684427000378,6,True,2.153579281617314,-0.0031412643934999158,0.0004670582567193177,0.0004080121806235293,0.003201899333923109,-46.59481481351395,deltaC0.2,FGO-G
4,13.130171798509245,10.769887763289574,7.510720939065238,44.55590123862287,0.003527892828335122,0.001413980236874303,0.003232133613876023,0.09923034806083036,32.41333245600072,13,True,3.871202859713629,-0.002158729387791399,0.0007464378909742903,4.740653995333188e-06,0.0022841419764534515,1.1216082925966475,deltaC0.2,FGO-G
5,12.61246687155386,10.578984086966239,6.867271384892161,45.79498804905622,0.003394288590862351,0.001283719975129622,0.003142174098217909,0.09183107789755415,218.81923723799991,61,True,8.885574549314226,-0.0031338406525645967,0.0005235962646918237,0.0006003758585814978,0.0032335060624086045,10.042918434010062,deltaC0.2,FGO-G
6,16.11886833843852,15.131065940736168,5.5559661634147615,40.451167243605724,0.004897693256866818,0.0016127172680165062,0.004624558600753166,0.14580055794688196,20.23895690200152,8,True,4.173519915112956,-0.0035481478671509203,0.0007356429168784262,-6.35025790026722e-05,0.003624162850350549,-60.12867506476323,deltaC0.2,FGO-G
7,12.248844306353375,10.724793701215098,5.917177275328368,38.55328357114243,0.0035678246075778325,0.0010999828139290429,0.0033940256686564203,0.10814165269641951,50.603253598001174,14,True,11.189477947839606,0.0003511791424950381,0.0014544380419941891,0.00039515408767679117,0.001547534672028746,-9.851708057161886,deltaC0.2,FGO-G
8,16.314984718429447,13.614227668874136,8.990635758535005,54.70158989774807,0.004102697575075946,0.0013636743884170963,0.003869434009633619,0.12410762234468041,88.03446548899956,20,True,2.3054421532749014,0.0010323183716055145,0.0017000520660874678,0.00013198603994493685,0.0019933084464033345,-30.2968807416255,deltaC0.2,FGO-G
9,14.307040911203071,11.825911445033812,8.05228154804939,47.62393867512426,0.0042361622882254564,0.0012465698932345522,0.004048596600485746,0.12985911028044503,40.4127783290005,13,True,5.398215440607889,0.00021906497967926985,0.0014122325000780062,-0.0002976195856724262,0.0014597833802911585,-38.6695397080548,deltaC0.2,FGO-G
10,13.986512770080251,12.396891718530338,6.476080233185185,34.16106835523228,0.004849442145044059,0.0013433119517784842,0.004659678327775277,0.14703706924639098,17.95575106999968,5,True,1.1940991944111685,-0.001804267155618677,0.0011124447776974954,-0.00015029038780906,0.0021249707181367323,123.08690131953335,deltaC0.2,FGO-G
11,15.827015189849233,14.825624288756025,5.540331602744167,29.019307351286326,0.0035148681574343863,0.0013217880612403329,0.003256865745668483,0.10314077408268188,26.355109407000782,6,True,1.7354176911870784,-0.0018037408024298089,0.0011353593552640736,0.0005582887224084565,0.0022032267349286253,-2.158609046775382,deltaC0.2,FGO-G
12,14.133098944899363,11.313216452336126,8.470868862690928,53.18736041636774,0.004085220392748294,0.0014248533876983298,0.003828683648578336,0.12241927062113565,12.094216937000965,6,True,7.853134357380651,-0.0027640074175524693,0.0004902254600623214,0.0015015644070065781,0.0031835127884724135,-28.18506522577809,deltaC0.2,FGO-G
13,13.183674535454426,11.70166081612666,6.072924205118605,37.640884411823905,0.003713943874861362,0.001408318278684627,0.0034365707808137755,0.10931326129226086,27.04378804299995,9,True,1.2550336439626149,-0.002251007004813355,0.001047698412591946,0.00045137246397386477,0.002523577143798127,-12.291659096059448,deltaC0.2,FGO-G
14,11.207220756181153,10.112156870265654,4.831778193265579,30.20097635056555,0.004979498066665505,0.0013335356362052405,0.004797612291848537,0.1500569290475216,28.565766409999924,8,True,1.7968896238958343,-0.002036320287144562,0.0010604742001485245,0.0005935052349543835,0.0023713823616058676,-67.79538170310843,deltaC0.2,FGO-G
15,13.908017406731407,13.19381893630134,4.399555666432691,26.546972452795,0.005195582647172667,0.0012875516704338235,0.005033516637457833,0.15538897652388398,47.77121218600041,11,True,3.8889841153070237,-0.0018520193803576409,0.0010205108342136709,0.0005052292798406188,0.0021740917122274428,-74.4613796885169,deltaC0.2,FGO-G
16,14.828821811806518,12.323897152205731,8.247151951320177,47.234768739628656,0.0041737542583068134,0.0012301570827868975,0.003988350305628067,0.12821851255712569,21.258180318000086,6,True,8.868541565613183,-0.0005685349884540255,0.0009103297086524485,0.0018824234328781997,0.002166898749872872,-36.30002221994073,deltaC0.2,FGO-G
17,13.001715561411965,11.342921044553181,6.354742301375772,33.49951276932083,0.003757975603021342,0.0012042975383378728,0.0035597820259191375,0.11483414443666748,57.87219778799954,25,True,6.59273120997372,-0.0018728924215845805,0.0008836536972086243,0.0018778189137080292,0.0027954916834251227,-18.05958787661075,deltaC0.2,FGO-G
18,19.393175130633498,17.484796708043515,8.389107564324839,39.55043824649889,0.007276470567828571,0.002196053209984234,0.006937173359762129,0.1847309664716823,266.02710183899944,68,True,2.855261710154904,-0.0028551939297458413,0.000856682142904743,-0.00037760997915645134,0.0030047672067546093,-145.77948795234988,deltaC0.2,FGO-G
19,14.009950325520052,11.276739557223655,8.313474188453746,44.27674913272033,0.003209153978470885,0.0011115210342598591,0.003010513286456879,0.07772675844955296,18.050830285999837,7,True,2.6762764254979743,-0.0011489606983290913,0.000879163869373035,0.0010684971778793517,0.0017985344074139865,28.452848204229667,deltaC0.2,FGO-G
20,12.63207028442013,11.396787963877676,5.448157833336243,33.65554221440236,0.0036752253158403247,0.0012236981917303573,0.0034655221623515076,0.11031106786498174,76.61564182399889,24,True,2.917312710254504,-0.0020057382458753535,0.0009875530040223469,9.013426042020489e-05,0.0022374921299576005,-11.988776682323078,deltaC0.2,FGO-G
21,13.276805170485826,11.616366385502582,6.4291202767412035,34.784074070109455,0.00563153584949657,0.00124323838841716,0.005492590858031477,0.16434129915498688,218.52917885600073,44,True,0.9676379344696502,-0.001590842858617094,0.0011136064302492117,0.0006604887010225047,0.0020511327617889086,-91.66202945094119,deltaC0.2,FGO-G
22,11.41996918334472,10.663629483253454,4.086893978613922,29.759509440014924,0.003925034727915212,0.001153721204170177,0.0037516429732036807,0.1220574064767462,24.782069933000457,9,True,8.174625351314228,-0.0008997360549816461,0.0011735020180103923,0.0014046573952135877,0.002039532876135273,-28.61838327661826,deltaC0.2,FGO-G
23,16.92895348472213,15.384303067628444,7.06489102614071,40.46447100100673,0.003609649373824683,0.0012395029412277836,0.003390162394434904,0.10881693037770418,27.550848282000516,10,True,4.8445622421433425,-0.0014570347794812246,0.001089169767687014,0.0009577711942697353,0.00205586156927799,69.76982941938331,deltaC0.2,FGO-G
24,12.463557097284347,10.80695122148235,6.208869527842259,27.490330183979292,0.0035971480098797803,0.0010664067534882585,0.0034354403562129685,0.11066891327633471,12.861017834999075,5,True,9.058163105482048,-0.002694065582566953,0.0009382506623631705,0.00020890271783244319,0.002860409763323172,-12.95232333279273,deltaC0.2,FGO-G
25,10.54227636039394,8.214866597580713,6.6072352495482995,36.19548271629252,0.0031999111687845503,0.0011009674671434056,0.0030045469083380843,0.07897204065934296,20.214336867000384,7,True,4.776308201065427,-0.0015829384904344575,0.0010038787103612294,0.0008125261506126968,0.002042955083951904,33.34487519547838,deltaC0.2,FGO-G
26,11.269455099589226,10.750798735970799,3.379488834173933,20.85673223185844,0.0031928787410059863,0.0011681015565839989,0.0029715338477416023,0.08059735878100072,29.22050622000097,8,True,1.6258576613637972,-0.0023102041943565705,0.0011404847214063262,0.0012797269745450368,0.002876708179284466,36.51411137233663,deltaC0.2,FGO-G
27,13.989156238776586,12.036190419383553,7.129278537218293,45.71622404539031,0.00532300695064288,0.0015023114707908166,0.005106609760038724,0.1561716270484295,23.53941011399911,9,True,8.365243357225683,-0.0028205821525388412,0.000723133953097342,0.00015795484737737842,0.0029160857544237003,-77.92235686240019,deltaC0.2,FGO-G
28,13.301501878802473,10.66609044765681,7.947607614508274,48.116761718917914,0.0033583026685871215,0.0013554281331108473,0.0030726228844117896,0.08427575803170714,40.36581310499969,13,True,6.505004060338785,-0.002410211147821412,0.0005556955212014941,0.0008983343814140676,0.0026315242636534065,20.06145587425999,deltaC0.2,FGO-G
29,11.993350111039502,10.200065811288272,6.308653131323624,30.97620536541312,0.003736956501171642,0.0011938958575829816,0.003541109511564871,0.11474847504501456,139.26765221299866,38,True,11.745289396400915,-0.0007669388115596582,0.0011594208888868268,0.0008092360923185882,0.0016085132860423378,-18.202421974376193,deltaC0.2,FGO-G
30,14.846867317701218,13.837765685578477,5.380121744017633,35.37301123627098,0.004100102307384776,0.0013803260582844034,0.003860769211419273,0.12557909258354819,52.088252699000805,15,True,9.025413541188563,-3.986106162583321e-06,0.001594164662233813,7.65688588800495e-05,0.0015960074089764057,-33.01929050547915,deltaC0.2,FGO-G
31,14.838473578828939,13.226301426521992,6.726458854730828,42.95806264848354,0.003402910587255244,0.0013997114982863949,0.0031017105258902998,0.09265954550359314,26.853329434999978,11,True,10.474870873287413,-0.0006164225192868283,0.001100447261438283,0.00012013996249318759,0.0012670416362846177,8.981988876919786,deltaC0.2,FGO-G
32,16.566942503417543,14.417510029303507,8.160820330486112,44.45514751597808,0.0035633574206789674,0.0014251345297972944,0.00326596198377864,0.10039334627914832,10.009616394998375,4,True,4.917937284043797,-0.001404235024902677,0.000637738737104127,0.0021120430462975293,0.002615207932723579,60.266313384403475,deltaC0.2,FGO-G
33,12.753290925605643,10.212721926739183,7.638503798535149,45.76141139599278,0.004038394948264683,0.00132349963494396,0.003815361381897253,0.12220407986266626,33.45284517399887,9,True,5.35145620227219,-0.002390943593751956,0.0006279595856076088,0.0003720773909437203,0.002499877215887109,-27.67138192893617,deltaC0.2,FGO-G
34,16.047713158830256,13.811403346876505,8.171550355837152,49.74781667422585,0.0035850725542414144,0.0014343966580555145,0.0032856127961971163,0.1031919474896103,36.97365742799957,13,True,3.6457686473633166,0.0002754842496548113,0.001370421970323316,0.0012546050244943707,0.0018782922339293305,64.83765801083064,deltaC0.2,FGO-G
35,14.516426170777846,13.986557627877659,3.886236546287589,26.37964085204856,0.0033912750182101986,0.0011943424413947158,0.0031740025806259032,0.0990209000357291,43.30190766300075,11,True,8.842971318129837,-0.0010219146566159717,0.0013326295608917047,0.0007177247086229688,0.0018262912881949808,2.5445307348418282,deltaC0.2,FGO-G
36,18.287617401353984,16.808766314502606,7.204326838973071,41.87226027254299,0.0034777648955893452,0.0016121655884135742,0.0030815208557672755,0.09145096937042765,26.350355503000173,10,True,11.612872765039123,-0.002866977921397495,0.0006141033988718399,0.0038451357612437898,0.004835468375316139,10.185149463330163,deltaC0.2,FGO-G
37,13.329914030065735,11.892120641146937,6.021966016622007,31.157583896510392,0.00524798538618461,0.0013811231726706568,0.005062988188364591,0.15627551243410737,12.501328903001195,5,True,5.295597403695172,-0.00221219642215514,0.0010547246246480689,0.0021783318086445735,0.003278930696521009,-76.86986523288215,deltaC0.2,FGO-G
38,16.16243831410313,13.248541643807338,9.257459509470817,45.03631473259782,0.004136194673681262,0.0014851194914841377,0.00386037905840905,0.12268021638665444,27.537385325000287,11,True,2.0314957669718248,-0.0021165045906078204,0.0006393262220532693,-0.00010142520834541258,0.002213281900968965,-28.319812364476093,deltaC0.2,FGO-G
39,12.25996367594374,10.505214708898023,6.320377619684803,40.745566797735286,0.0036962298139909633,0.0011978252134967646,0.003496759871044493,0.11271517273253975,49.3591923999993,19,True,3.360707096135628,-0.00026863496282274397,0.0013970436986479855,0.0010142549348971241,0.0017471716893728531,-15.997490816349455,deltaC0.2,FGO-G
40,12.459318625616636,10.981324540692324,5.886011548291942,29.839954563226236,0.0032848192744770726,0.0011663336451452786,0.0030707822283871276,0.09233549768032188,17.86029703299937,7,True,5.32419037551498,-0.0009264784806558592,0.0010830032593777642,0.0014828823473820862,0.002056744634396467,10.5969467241448,deltaC0.2,FGO-G
41,10.998945674453635,9.76263651921181,5.066333402307256,25.95515105002804,0.0033468867383823547,0.0010755342528348587,0.003169365379778519,0.0980689468048218,50.90035328799968,13,True,5.123203768973541,-0.0019265657763284018,0.0011256400408281879,0.0002683622897969584,0.0022473850383547115,57.26961163339729,deltaC0.2,FGO-G
42,14.449861653946162,12.389803461173315,7.435810111324887,47.61219196953925,0.005899931759215281,0.0016321209477504876,0.005669689230928903,0.16714394572430288,13.737873661999402,4,True,4.831105754625474,-0.0028098857426270946,0.0007438181833882724,0.0011702565311452473,0.003133404494355326,-97.85949608004739,deltaC0.2,FGO-G
43,11.511795820591631,9.997660586679151,5.706857787658038,34.9969439587498,0.0037835612908552157,0.0011013026915465234,0.003619733197799303,0.11611700344941686,18.491134181000234,6,True,6.591325367498464,-0.0024200204056979216,0.000722226761301638,0.0013284778805566222,0.0028535878710603604,-20.14064196299296,deltaC0.2,FGO-G
44,12.08775243779542,10.553235839562122,5.894316950420181,33.36691688516154,0.0032331680809491842,0.0011922637031165269,0.003005309152466597,0.08602906456847184,199.2595494599991,55,True,8.190710206285825,-0.0014941834060775059,0.0009888614683928986,0.001520106776722624,0.0023497139543586115,42.95908341254835,deltaC0.2,FGO-G
45,12.180667314367856,11.29508018934257,4.559585478925736,29.24039155164383,0.003241040428917682,0.0010774829772276315,0.0030566932289098937,0.09258883795885567,44.18907167399993,14,True,4.554524471197144,-0.001348914112297607,0.0013376127017141466,0.0019585277921805866,0.002728480920748104,50.809118463912455,deltaC0.2,FGO-G
46,15.686051205063235,13.27728375235838,8.352600706799405,49.29594343330278,0.004865454504657652,0.0013926139163614763,0.004661895968042378,0.14582652047409655,69.11451270200087,21,True,2.005032548466458,-0.00162865129157245,0.0009458960015883328,-0.0005979836143765183,0.0019760588752423874,-61.280297339828394,deltaC0.2,FGO-G
47,11.637064123542634,10.223688941782523,5.558547097679109,33.92673785951081,0.003143696665821741,0.0010616539104218341,0.0029590065395643786,0.07875408568167956,30.089681055000256,9,True,9.701387901031934,-0.00038526702931122837,0.0014002699155178488,0.0011387349817183479,0.0018455091109955942,27.227173511622823,deltaC0.2,FGO-G
48,17.12664416203656,14.38688734189214,9.291900390378958,52.743319187801,0.004411467174521952,0.0015441220072168213,0.004132400011943833,0.13306374658392225,29.279843365999113,8,True,6.667496681843714,-0.000363039317609774,0.001096799644887205,0.0009781859665491943,0.0015138080434153633,103.15595385943016,deltaC0.2,FGO-G
49,12.867178708807632,11.541319710590505,5.688780823896059,32.99774478655729,0.0051818809962777095,0.0012664820633540529,0.005024730225871488,0.15510863968688832,20.6368207659998,6,True,5.404528786465691,-0.000379978009588398,0.0012070140719165378,0.0006963750654621625,0.001444369928159934,-75.40863278348843,deltaC0.2,FGO-G
50,14.146296475864435,12.165279604225207,7.219672855059063,43.92474970540155,0.003300598807682977,0.00118307266048924,0.003081280832589137,0.09175020344093593,20.190284921998682,7,True,7.500679436964936,0.0004692343404239595,0.0016044102919820272,0.00021776334555675958,0.0016857443833271505,49.34977198359411,deltaC0.2,FGO-G
51,12.84097972139001,11.829066717667997,4.996392778205964,34.894785361421484,0.0033024920544950484,0.0011665907219682477,0.003089582472992189,0.09366760995162973,15.501777810999556,6,True,3.94942757700544,5.7210210625838415e-05,0.0017251827093880728,0.0010527590266411202,0.0020218382618661123,8.308597377232218,deltaC0.2,FGO-G
52,14.168861340508757,12.301233961258804,7.0310934225721,42.798848718020025,0.0037289274202853607,0.001229554438254296,0.0035203828753596097,0.11424518114184166,24.706857626000783,7,True,8.758096192991019,-0.00022624662688740406,0.0012646735897921093,0.0017308090402951004,0.00215552470615923,78.30781052030216,deltaC0.2,FGO-G
53,13.491393346082354,11.233007465823636,7.472431845889641,44.859019741559386,0.003387143571542075,0.001298340404650966,0.0031284267240722723,0.08988087848504721,17.10011183200004,5,True,2.2379523785092843,-0.003294935248200335,0.0005707337018284803,0.0008157888491110155,0.003442070117613777,47.636982786316366,deltaC0.2,FGO-G
54,16.014478929865152,12.073360193813514,10.521288372891139,47.197227110735305,0.004022587175949909,0.0013857567297210205,0.0037763588116265607,0.12023083523455029,15.242866742999468,6,True,7.9772409412009955,-0.0016355007039967082,0.0005286417900541282,0.0006077984195247133,0.0018231137138813092,-26.016517613963515,deltaC0.2,FGO-G
55,12.766296484293322,10.831462418132066,6.757051709841557,39.959447561032356,0.003606776712849167,0.0010606018185487526,0.0034473122920388455,0.10998642730325113,101.03368312400016,22,True,6.990910285457928,-0.0012840289084016564,0.00113265012763909,0.00038782234592837916,0.0017555719071725281,-12.146956577358651,deltaC0.2,FGO-G
56,14.337849511719945,12.25858593759965,7.436464175346508,41.336162594146465,0.0032723204830692344,0.0013128215120988991,0.0029974290685994263,0.07770248959567819,19.227644783999494,11,True,9.257486230329407,-0.0013703328697251527,0.0008273519370126377,0.0015389462150944277,0.002220513196196141,27.249603564996505,deltaC0.2,FGO-G
57,13.386198245247375,12.601375696846862,4.516152566951338,34.06184477728406,0.006344767321153525,0.0015699752464226192,0.006147458831517127,0.1758364469249228,43.35456352300025,13,True,6.201617542275535,-0.0029488754016919264,0.0008812161126776222,0.0018682480950580338,0.0036003831624751206,-115.09080923791771,deltaC0.2,FGO-G
58,14.68728708856619,12.56121127143256,7.611331908174732,44.516918175670035,0.003244636047439026,0.0011566210597465463,0.0030314832680540266,0.08386216510700877,58.39403554099954,14,True,5.351425559015379,-0.0013378812674250291,0.0010649515072360814,0.001325489934281554,0.0021635553065204784,19.176730107508774,deltaC0.2,FGO-G
59,9.690820820945769,8.199109291127076,5.165908924461374,29.856123061665986,0.0032354263451735013,0.0009148370593092026,0.003103394398067582,0.0947275816869979,93.71281981599896,22,True,6.458300987473522,-0.000883404035692355,0.001258676213814578,0.001075717482001054,0.0018766556963339942,6.533035333901353,deltaC0.2,FGO-G
60,17.486351387984488,16.580906032341787,5.5539211383237035,37.868200940512466,0.004853492190791047,0.0015608978353993984,0.004595648419267422,0.1460067482982127,98.32444644499992,15,True,3.0667304109019766,-0.0019519218515366451,0.000921742723464782,0.0026772172752217716,0.0034390552338560087,120.62641370461643,deltaC0.2,FGO-G
61,10.722962586092375,9.231622632108108,5.455187457923538,30.427731865129175,0.0034790744846831187,0.0011467677755401624,0.0032846435025670247,0.1041336953588094,23.314543456999672,5,True,1.706643772094484,-0.0024415337828312396,0.0009156038177866864,0.0014472889153445967,0.002982291529735334,-4.9574256824707845,deltaC0.2,FGO-G
62,16.388889560066353,13.039210568521662,9.928478673080026,48.67106604589758,0.003937448316410753,0.0013550042250012003,0.003696953177230511,0.11903054516113244,9.622381987999688,6,True,6.765335184405988,-0.0004875925062161814,0.001063107237020903,-0.0004142026754040684,0.0012407688365833032,83.73059240246948,deltaC0.2,FGO-G
63,20.245369289731762,17.155129225338737,10.750652023925928,53.967789961242055,0.003755683309556751,0.00175527226684865,0.0033202675179742898,0.10298930039838622,573.0291408430003,103,True,1.7719464733687746,-0.0014255971664303008,0.0007324293255529511,0.00036642455713165045,0.0016440945696440882,64.45243339690933,deltaC0.2,FGO-G
64,13.03606664834549,12.61133187149961,3.3005063379735717,22.299338958115143,0.003573074356155511,0.001184043667383665,0.0033711868753222157,0.10805749478922011,22.00874059400121,10,True,2.845657637736676,-0.002378446140291232,0.0011144358310881716,0.002177004311500058,0.003411498356465863,-10.48658404329035,deltaC0.2,FGO-G
65,10.404931952855431,8.933444491997314,5.334433283110286,32.666687382800035,0.0031839461116345063,0.0010374694171421993,0.003010177743969136,0.08362964593635179,18.187454302998958,7,True,6.786681791340542,-0.0013895863803992357,0.0011300336660973228,0.000560166178106003,0.0018766226424612622,39.33172182513226,deltaC0.2,FGO-G
66,17.18783811775907,14.23993152338568,9.625285937133423,52.922484288074166,0.004790605631656161,0.0015434347034418226,0.004535163903793024,0.14338353247479035,37.976143644998956,10,True,6.651021369189425,-0.0007481455185667596,0.0010715967113190598,0.0017302920629866658,0.002168398453212878,116.69569677719119,deltaC0.2,FGO-G
67,11.402783143538558,9.860444351356449,5.726700674242524,30.719336914891848,0.003959175331532609,0.0010679557727505775,0.0038124191497348582,0.12441361307849164,20.87993074500082,9,True,7.39065646011749,-0.0009104898123982531,0.0011853179245662874,0.0011698587391267834,0.0018980357610673315,-30.70106553061487,deltaC0.2,FGO-G
68,11.842493192628302,10.593486080814486,5.293646916166344,35.8321536540793,0.003819288039691742,0.0011988477047425855,0.0036262549980614744,0.11696852792276635,44.47104895099983,15,True,10.137163840353384,-0.0021833551240997024,0.0007931743454414396,0.0019751924940072663,0.003049188503287642,-21.509204649482854,deltaC0.2,FGO-G
69,15.569907775242582,13.784438122622406,7.239564473996587,41.708465185087704,0.0035625578164945747,0.001192919323082055,0.00335689762794221,0.10670402107936877,57.054159495999556,18,True,9.289175477727968,-0.000645722933994838,0.0009589799319990862,-0.00060072643588438,0.0013028710098218564,68.26745630885853,deltaC0.2,FGO-G
70,14.982995317530987,13.523804042550875,6.449563776244113,43.991559578335014,0.0038234394224650166,0.0013463165913125516,0.003578564049058808,0.11497498683260704,31.023910806999993,11,True,6.476645112198078,-0.0022340276637706174,0.0008207986997477887,0.0023956861927032225,0.003376966455549851,-18.96514633534389,deltaC0.2,FGO-G
71,14.63361443651187,12.958373705379408,6.798766240151235,41.706717666127176,0.004388483478296484,0.0012771893709965377,0.004198520519170376,0.13463692799080104,69.02871029200105,17,True,2.083170081421105,-0.0020583416870483726,0.0007933256572497472,0.001624610158773243,0.0027396157152201304,-44.22782378690317,deltaC0.2,FGO-G
72,10.985020257402136,10.545637171303829,3.075744902743116,22.942460326719917,0.003299663009085397,0.0009462887313941148,0.0031610621016302442,0.0980629192311705,13.555605741999898,6,True,13.26684253401958,-0.0013406842502690633,0.0012259218377021156,0.0007558436824212922,0.0019676428241250064,3.130873093017726,deltaC0.2,FGO-G
73,16.768278655671708,15.640045620824317,6.046829090754047,36.32263132517892,0.005067795010159471,0.0016262758193543937,0.004799768038601494,0.15023900625978134,5.986949935000666,4,True,1.2363648781285839,-0.0026511251450866045,0.0008402067002764585,0.0008066874534559676,0.0028957134667751917,129.0890771371851,deltaC0.2,FGO-G
74,17.21454558413182,14.278759263774838,9.615488212010698,50.73503368131595,0.004790307737178603,0.0013865470820497714,0.004585251945763989,0.14486493219268348,34.92800412899851,8,True,1.8680600162991914,-0.00024419542304339616,0.0012883469497544972,0.001925540264975878,0.0023296297086920132,-59.02353683821275,deltaC0.2,FGO-G
75,10.85249877846562,9.574450973362632,5.1094636015215045,28.524671832823284,0.0031129444353544962,0.0009349252472904123,0.002969231860192714,0.08154996828600045,23.936125695001465,13,True,3.6738028796231745,-0.000635867398670692,0.0016436769540275687,0.0006564784507177013,0.001880682119378576,36.540090133094054,deltaC0.2,FGO-G
76,13.598926901706339,11.855848055207902,6.661056955902373,40.19967367573407,0.003377676875190902,0.0012834396519669504,0.003124337327011654,0.09311309836866939,40.43654867400073,15,True,6.3484719920769885,-0.001136236079496585,0.001029739522856523,0.0003004204956928991,0.001562577482083662,50.60653916258889,deltaC0.2,FGO-G
77,12.443246984803444,10.693786723470804,6.3621789536085505,33.77968734658742,0.003606760455985873,0.0011224322178356233,0.0034276620170646957,0.1102576314912134,24.524426825000774,9,True,5.2752568882195074,-0.0020926716208406284,0.0009216760393140499,0.0011101445491131512,0.002541885550933208,-12.92051764473581,deltaC0.2,FGO-G
78,12.742800831012332,10.737593175974347,6.861710122565488,35.57800032324613,0.0038091001607841895,0.0012346425126571435,0.0036034569375567394,0.11613914246014301,19.92968991899943,6,True,9.891705460832958,-0.0016002376900320532,0.0009866407246378157,0.0011787981233868927,0.002218960477298642,79.84257858101046,deltaC0.2,FGO-G
79,10.425815603289651,9.618735638027399,4.022133229958902,25.842655362594513,0.0031797702537001466,0.00116777675125163,0.00295757270841352,0.07840109942182112,26.0067136079997,6,True,5.182916127882335,-0.0028407192835355265,0.0010196275432368825,0.0015290412866462433,0.003383384936871162,33.19295864235755,deltaC0.2,FGO-G
80,13.295927223852916,12.372753577604113,4.867920464621186,24.48248982477156,0.0036462586231384947,0.0011240550220864552,0.0034686744231959927,0.11293111625524817,65.82004869500088,16,True,12.011114946414105,-0.0015891138750407372,0.0011740433966837699,0.0009703001041280468,0.0022011685753741466,76.36978515995725,deltaC0.2,FGO-G
81,10.206831534704463,9.138044885538024,4.5470370185132465,27.055960221920603,0.003742220131392248,0.0010337923732730576,0.0035965935050766965,0.11600037319973366,7.910289367999212,5,True,6.591981549778814,-0.0018563311862532786,0.0010736264999792158,-7.687270785813882e-05,0.002145821229209826,-20.396569498232566,deltaC0.2,FGO-G
82,18.840813449718073,16.854758864991062,8.419819181555065,33.857240707088735,0.003359756325740319,0.00161404421494484,0.0029466631705295375,0.07817111821956947,24.9445018589995,7,True,8.703140630463775,-0.002339179745391478,0.000898948687846069,0.0012943188391329463,0.00282048433464261,29.5098806950773,deltaC0.2,FGO-G
83,16.403681012913957,15.570224690461616,5.162252789429567,31.13900275652665,0.0052666293709300645,0.0014467601218173447,0.005064017188029901,0.15570322473028078,24.42204979000053,9,True,3.1973464992932463,-0.0007578639167050054,0.0012603554496563212,-0.0012017679685618066,0.001899236642965539,-76.0116298961293,deltaC0.2,FGO-G
84,8.23590586220769,7.301367957813301,3.81053425594945,23.908147621001525,0.003438925201800476,0.0008876241246623464,0.0033223982237076647,0.1062363418818437,24.410374679999222,9,True,10.081711705823894,-0.0015990706554620115,0.0013345900619743446,0.0009357221060459775,0.0022833601236825324,-7.777194874783163,deltaC0.2,FGO-G
85,15.914119338591679,14.523262236126682,6.506462045046772,34.28932297035885,0.003306627574539152,0.0014304294438686402,0.002981217456479203,0.07713817655919127,23.917999093000617,12,True,5.231902325576895,-0.0015848706433807742,0.0013695951791484983,-0.0016895316677391636,0.002691119314948796,29.228380219748942,deltaC0.2,FGO-G
86,13.89660038840835,12.886999663551338,5.2000713482354115,33.99472442938551,0.003837999917278906,0.0012127425095797995,0.003641359494816596,0.11805326300806664,34.73644381699887,11,True,10.818913758575384,-0.0026429773173260035,0.0006978928691311735,0.001321480630487426,0.003036230329444284,82.92942411378317,deltaC0.2,FGO-G
87,12.696456856906911,10.756813511756254,6.7447001262173725,33.34683052684563,0.0035393659147682096,0.001230253750701083,0.003318672443539573,0.10399944719647035,38.19965441199929,10,True,3.141168713460849,-0.0018671485268907525,0.0008979978107443097,-4.027217521243576e-05,0.0020722609723845646,-4.219707467709668,deltaC0.2,FGO-G
88,14.503586434915041,13.500244447350674,5.300699891224634,24.48732105714331,0.004464326867325096,0.0013831696940020826,0.004244650277221303,0.1361593382708127,21.483350627999243,7,True,3.9386222278968153,-0.002487738840762645,0.001066195817506375,-0.00025380118639528604,0.0027184615324338897,-45.87177323362994,deltaC0.2,FGO-G
89,13.74848142198279,12.033776020998824,6.648983086686241,36.037922068770456,0.0034189171614102914,0.0011637396611918344,0.003214763530581203,0.09906045520567933,10.767700591000903,5,True,6.472789378019458,-0.0014763565105391414,0.0007687852693014322,0.0005963452375854494,0.0017681309280980953,58.23468100628088,deltaC0.2,FGO-G
90,11.450760873522444,9.68742046742869,6.105228027669087,32.34819666121952,0.0033094328165295455,0.0011308178416479867,0.003110240597788742,0.09298613655260371,40.64049555800011,9,True,2.626240416164393,-0.0017722100528714175,0.0010160800805715494,0.00015868046455125295,0.002048981867041043,51.722716295771534,deltaC0.2,FGO-G
91,12.468228426176879,12.0824090654128,3.0776795257719316,16.478792594768013,0.005400969476632397,0.0013030473140229362,0.005241425281822917,0.16024457587147253,17.163545757000975,5,True,5.695051370648151,-0.001979989957284531,0.001436459103647394,0.0018447071039493224,0.003063775332291872,-83.72414363998541,deltaC0.2,FGO-G
92,11.659510820148848,10.183473726720809,5.67812076503794,30.03800240904643,0.0032528738658199777,0.001187830322780307,0.0030282416533721746,0.08373513916121583,29.186791080999683,7,True,2.2811837768522283,-0.002826095604932789,0.0008448624301645873,0.0009301706286370948,0.0030928670020715673,39.248597864076146,deltaC0.2,FGO-G
93,17.185604177315433,16.200746924259803,5.734177363445273,33.654277648958136,0.003781816630874658,0.0014436011445864252,0.0034954474341504426,0.1129429708550243,21.261062810999647,8,True,4.756936549155127,-0.0011854013360521026,0.0010242603927474502,0.0027273619911470093,0.0031452804502013253,-16.588013366541418,deltaC0.2,FGO-G
94,14.494973809960294,12.585408803782348,7.191088303804409,39.28683807943953,0.003321935716332674,0.0013125120230480611,0.003051650224518033,0.08953312419531602,30.080067724999026,12,True,8.817596279492339,-0.0007040584943550185,0.0011311389180665764,0.0013093812169863162,0.0018680612374424044,45.92313842520525,deltaC0.2,FGO-G
95,12.216431792581679,9.68751625987241,7.442663129385081,43.23630851463656,0.00407360288454053,0.001180305838629263,0.0038988611911986043,0.1261971770206715,28.247621573000288,10,True,2.6184188582952292,-0.0004233974937790695,0.0013746151279653324,0.0008649389388191431,0.0016783776558495795,-33.10745659220265,deltaC0.2,FGO-G
96,17.513850131189972,14.849986143401823,9.28508793488553,41.47308630428966,0.004105540220491386,0.001547116838887462,0.003802879170957621,0.1228037862224158,13.384732910000821,8,True,4.58433343554078,-0.0012026571523472433,0.0008569703502425892,-0.0005788481093788878,0.0015861423457616908,89.18909960048768,deltaC0.2,FGO-G
97,11.934654208650233,10.39246644265136,5.867930837903434,35.10329542788564,0.004009339294003087,0.0012700383469316937,0.003802867887760524,0.12321880154649831,29.643793505998474,9,True,9.452585192516418,-0.001206762639628386,0.0010322480136425091,0.000299164527515855,0.0016159552730801558,-29.131443822494475,deltaC0.2,FGO-G
98,17.942623668460758,15.847583043134618,8.413789621743598,55.116468287653404,0.0036412686810741784,0.0016296533429196345,0.0032562351864818596,0.09925818579516275,23.063259946999096,7,True,2.680260803375048,-0.0025637822639308374,0.0004909593072288652,0.0030366963094938526,0.004004440661852109,0.8845371442148462,deltaC0.2,FGO-G
99,10.797202479829842,9.578130560619387,4.9838736294345045,31.94083261237924,0.004169550768676856,0.0010649630169588308,0.004031253822954306,0.12987070714628354,56.17263859400009,18,True,9.122102415720438,-0.001557307108920429,0.0009405207198320849,0.0006728689127365184,0.0019397260707777252,-37.55323908168066,deltaC0.2,FGO-G
100,11.903128473214405,10.798448918091704,5.007790771708779,28.065363267928007,0.004424628702523123,0.0011628746504788081,0.004269082067899988,0.1363629672071495,56.31932608099851,13,True,1.7176118223996482,-0.0024191771034795515,0.0009446668858936508,0.0003132959696800497,0.0026159066779840377,-46.34392095536168,deltaC0.2,FGO-G
101,13.163152669861754,11.772412403213657,5.888878876216581,35.94443717578162,0.0032251750020808067,0.0012881955341956138,0.0029567390922645522,0.07896856649222246,23.90258646300026,10,True,6.0769949438893125,-0.0014293940724241557,0.0011019175741938372,0.001582460326596119,0.0024003271526709105,27.31014260485972,deltaC0.2,FGO-G
102,10.461804115911752,9.213301583138104,4.9562505281566445,29.049869390061886,0.003458560615319228,0.0010907924059972646,0.0032820440973356864,0.10406968155305123,39.625162583999554,9,True,4.672199843016333,-0.0016225996305831714,0.00103165607614992,0.0010109411114987699,0.0021723594894823605,64.91039617513889,deltaC0.2,FGO-G
103,11.497026887612117,9.621794247131291,6.293067830585264,35.33690057686117,0.0032319688873427986,0.0011832274689270118,0.003007589673730182,0.08107807718754492,20.92844045200036,10,True,3.532260756572577,-0.002257430025216705,0.0008738863519882742,0.0007898946400488327,0.002546291659908413,23.86594717054686,deltaC0.2,FGO-G
104,14.894956783364808,12.55015991696592,8.022046100396535,43.929433392975284,0.0046678382933641885,0.001276510843174465,0.004489903607011528,0.14238734176968568,43.67440247200102,14,True,8.32622801351251,-2.7525215585836e-05,0.0014740766728218839,0.00011635921642280667,0.0014789182337428975,-56.00985196711554,deltaC0.2,FGO-G
105,15.17737290878622,13.158410081813262,7.563656029407538,35.424016480466115,0.006116997982849367,0.0014548643388564472,0.005941467333723801,0.17219152327696352,17.49296954700003,5,True,14.021529294918853,-0.0008376112419409308,0.0011807790508034585,0.0017724825331772442,0.002288564198326227,-108.81332382823894,deltaC0.2,FGO-G
106,12.924955566797985,11.206498408031415,6.439632740653117,42.836194427937244,0.004213115331226697,0.0014146397005662796,0.003968518024628236,0.12784390661989048,27.385614467999403,10,True,1.7144768523957166,-0.0031196932511677804,0.0007181733439653823,0.0015291161035099476,0.003547739419881012,-34.779354248450545,deltaC0.2,FGO-G
107,13.634707414048629,12.790135454782499,4.724159323628741,34.702921180312316,0.003310036864158653,0.001372677794857213,0.003011992648330203,0.08705985911721342,17.67132309200133,7,True,3.02794294382941,-0.002831902982404423,0.0007968628778190119,0.0023120368833834115,0.003741681373115881,16.37669033181737,deltaC0.2,FGO-G
108,14.46303756633237,13.027630560602116,6.2817431992725705,39.30883521745896,0.004593739062088586,0.0014348750075697846,0.004363894164987293,0.13916453345660393,38.36095178399955,14,True,2.700398057159469,-0.0023818625730598476,0.0006935026896233642,0.0009076382255817084,0.0026415946785976136,-51.88222770791617,deltaC0.2,FGO-G
109,19.1389349350599,16.432841822364956,9.81124559317468,61.82468827014389,0.00449782857502174,0.0017566060774827112,0.0041406276068771146,0.13144926850894403,104.17647807899993,24,True,8.822213145483365,-0.004118607954086287,0.00040219525339531964,-0.0002945009875082727,0.004148665247155994,101.07349490618071,deltaC0.2,FGO-G
110,12.070407618908632,10.381575473291557,6.157729352525873,40.21436303589434,0.00336365046887959,0.0013422841710564112,0.0030842207574888806,0.08832098741990958,18.166856091000227,7,True,1.478832406641779,-0.0023721287991100236,0.0008892908619915959,0.0015582250573204226,0.002974205541997754,14.404170765876188,deltaC0.2,FGO-G
111,14.06383177741886,12.476013268038393,6.491568161797773,36.19810407902241,0.0037779960342855853,0.0012159707877093607,0.003576963667486027,0.11646244251356888,34.474970109000424,9,True,5.293399232028692,-0.0018295766445637416,0.0010761174665163,0.0018131989565624562,0.002791607056187127,-20.873199085828674,deltaC0.2,FGO-G
112,12.612212523666086,11.720915486982978,4.657042504543225,32.37645204146898,0.004002740975213002,0.0012212045152698958,0.0038119017362116705,0.12407497456923028,14.956691487999706,6,True,2.1145314149076606,-0.0008220842893789679,0.0014695104509819881,0.0007630759733258108,0.0018486666777589036,91.12897228524525,deltaC0.2,FGO-G
113,12.400319930684885,10.714699177063496,6.242047414781119,35.706711687442294,0.004573318567487607,0.00126979340882206,0.004393502864303033,0.14068173529003597,18.92595999599871,11,True,1.6274964378345833,-0.0009149608456392561,0.0012419618518881021,0.001261823047958549,0.001992942546828089,-52.74002472734719,deltaC0.2,FGO-G
114,11.929865370819538,11.263677244739396,3.930809419473181,25.859543014351136,0.0038495446481573298,0.001161010570142359,0.0036702926932568264,0.11984362761749358,48.27812771000026,12,True,1.621285843112996,-0.001211183494350689,0.0015206329011654065,0.00017227959771423662,0.0019516583043357888,-24.403695015847916,deltaC0.2,FGO-G
115,10.807948182388632,8.607164752707272,6.536700913530566,37.69750535476106,0.003941645593269663,0.0011758383708681689,0.003762176777948671,0.12128273717386825,21.670715954000116,8,True,6.953196213883775,-0.0021809615581446645,0.0007274893187637845,0.0008711288244588888,0.00245859705031616,-26.88293749630975,deltaC0.2,FGO-G
116,17.459668022962862,14.555961972009829,9.641782954489054,52.3621997959337,0.003255533564436795,0.001235888110339571,0.0030118232630577495,0.07915065080293802,12.517274341000302,5,True,3.5438529334535684,0.0005760512550584537,0.001372248146599188,0.0018723749957339497,0.002391796009058681,34.42194171970914,deltaC0.2,FGO-G
117,13.404381573226761,11.493653788292063,6.897344993223163,40.80499186236053,0.003452857849246895,0.0011522428384224304,0.003254929149522324,0.10088141917034234,15.857906758999889,6,True,4.686318929279885,-0.0005044811635699856,0.0011190144894452855,0.0016784097062157721,0.0020793638002775594,-1.7349588971192134,deltaC0.2,FGO-G
118,13.670710437053305,11.787373583241283,6.924315696360452,43.225175457788175,0.004706422031447352,0.0013091314845651303,0.004520683918857114,0.1433341994765429,12.437460859999192,5,True,7.848227323233641,-0.00041012394791950773,0.0012873680029743062,-0.00011823760552520657,0.0013562810030002892,-57.84810845362517,deltaC0.2,FGO-G
119,19.204720023371472,16.699739588509832,9.48366853343381,62.223254407890934,0.003579305465715572,0.001744383997733052,0.0031254682985681075,0.08345174010517538,45.87917013799961,12,True,2.434712231103135,-0.004065653624353089,0.0003225501493997672,0.002101746578789865,0.0045881277961220875,20.91443233210157,deltaC0.2,FGO-G
120,18.135309620759863,16.112816076669056,8.322656614342595,51.46421244785039,0.005442929927733439,0.0018288541953078322,0.005126478180049268,0.15739975897110897,10.335419776998606,5,True,2.8887908674180247,-0.003345938757492491,0.0006532018704210457,0.0021496082537386108,0.004030235042395556,-77.01617980730953,deltaC0.2,FGO-G
121,12.681775258800684,11.741425650060833,4.792321714870849,31.42551853895742,0.004268003701676716,0.001304822867873855,0.004063655113441542,0.1310917917906201,37.594425825000144,12,True,5.903752256445432,-0.0023855784972733607,0.0009704652720706718,-0.00014730475563140555,0.00257962910163067,-40.13120735371922,deltaC0.2,FGO-G
122,12.525181809060431,10.83207044061443,6.288595178542296,38.233050469978835,0.004705009908950863,0.0011934525044976529,0.004551130558755054,0.14422577587126106,21.43125762300042,8,True,1.9134823726699182,-0.00018510048089795687,0.001619840061585043,0.0005235934073981319,0.0017123942505787846,-58.36087797400978,deltaC0.2,FGO-G
123,17.96038565428214,16.18526258876417,7.785417637050338,41.91789773060519,0.0034179305869448955,0.0014557493671428481,0.003092417060688399,0.0890915347867677,86.8077057749997,34,True,7.819700698869698,-0.001391428541108616,0.0009379782031420051,0.0018707002027341657,0.002513045113620288,44.79371943064325,deltaC0.2,FGO-G
124,11.172515615742114,9.77922244161052,5.4029541568944115,35.435795170818125,0.0047425718596193845,0.001098687067393161,0.004613553356318389,0.14587849400976316,31.766538600000786,7,True,3.9604854900631206,-0.0006571014044404731,0.0013760932028360306,0.0013121314083889835,0.0020117414325628493,-60.38375531075144,deltaC0.2,FGO-G
125,12.05566117617917,9.646693189703234,7.230510140962875,34.98239077217665,0.003161664066517295,0.0010196303037927229,0.0029927368265676548,0.0857327651387739,13.034333917999902,6,True,5.89366123048004,-0.0009188978735838739,0.0012848726235850459,0.0009946279795269297,0.001866696488070063,17.61561696498393,deltaC0.2,FGO-G
126,17.082179884614973,15.642572246725948,6.86373099096283,39.518068743036096,0.006692716946916216,0.0015575050375466312,0.006508965984667333,0.18035334596453118,43.962925668000025,14,True,0.567430723003257,-0.0013426201884337889,0.001391629978562776,0.0021853512274142284,0.002918051225524578,-128.63149239550694,deltaC0.2,FGO-G
127,14.7325209791598,13.227247490210454,6.487456992852043,37.67036909624108,0.0033028366404768195,0.0011498800378422925,0.0030962082895451357,0.09419452936590436,16.90600488400014,6,True,4.377792056392462,-0.00020129811746559572,0.0014506800832903121,0.0002613901031259247,0.001487722562228106,52.29231621105282,deltaC0.2,FGO-G
128,12.245664781825434,10.89641639797914,5.5878811396352255,34.998857676594,0.003385403137661671,0.0011220604490357142,0.0031940467675347613,0.0997232208109112,185.0781995640009,39,True,6.545923613147552,-0.00020109875196129377,0.0015141445872467346,0.000925020509814023,0.0017857036379829575,60.103158837460796,deltaC0.2,FGO-G
129,16.535569408821416,15.829835667696408,4.779263375006365,27.46388796914708,0.005379323887126886,0.0015142856920760922,0.005161788868734128,0.15867502915053097,64.12680285399983,22,True,8.528424607342739,-0.00246735239932873,0.0008559766399004449,0.0027792793868134658,0.003813779985853239,-80.76255767083057,deltaC0.2,FGO-G
130,15.079665846186526,11.91812642380305,9.238754492835703,51.94044401626585,0.0046043599122945955,0.0012312316945046957,0.004436687809209996,0.14010036118488983,27.17514900200149,10,True,9.458670010917562,-0.0005165881515825856,0.0012582926250185556,0.001120147611507083,0.0017620710315128113,-52.791275704577856,deltaC0.2,FGO-G
131,12.76766178943927,11.259082669916177,6.0204854456680525,29.67921119084623,0.003620785662573667,0.0012851127924903745,0.003385051539471241,0.10922967304722314,13.48196525899948,6,True,3.7445608620339534,-0.0018741243416243389,0.001124116996712113,0.0005493236873481133,0.002253383585554765,72.20688278957095,deltaC0.2,FGO-G
132,13.089346921799061,11.30716202858901,6.593867582719978,37.05584501760815,0.0034196326473602532,0.0010593625837885278,0.0032514055974241333,0.10308804718692649,23.804662462000124,11,True,6.266703132715781,-0.00019852300120973602,0.0014265902443247093,0.001946755148228091,0.0024216578441977163,-3.265967096136592,deltaC0.2,FGO-G
133,14.588675398674258,13.825934869236484,4.655424242699505,29.37522190218529,0.0052260028486609865,0.0013107711776089094,0.005058950947989364,0.1559815810085298,12.786657594000644,5,True,11.288559581855111,-0.0009012959563769333,0.0009595843141622837,0.001601730944237767,0.0020733254628004065,-76.92099524859077,deltaC0.2,FGO-G
134,12.890624293595115,12.122043116996135,4.384548477130933,26.114789873247325,0.005961097721473154,0.0015703822799138605,0.005750529153033221,0.16908996648243727,44.33305785700031,10,True,2.8450330113366498,-0.002693033594664954,0.0010654002986891645,0.0007141013463665691,0.0029828591102034224,-101.50934030721692,deltaC0.2,FGO-G
135,12.160196560937427,10.274915986991997,6.503574544886118,39.17685778021514,0.0035337110938774854,0.0010907825596836787,0.003361146754083008,0.1056020707944659,11.7335049480007,5,True,2.1504335559892875,-0.0009129836067894987,0.00115072839738911,0.0001135668680869728,0.0014732998148208514,-6.446167618894833,deltaC0.2,FGO-G
136,17.212795355914498,14.51123504282143,9.257666093383525,42.277208829656594,0.007053956418155201,0.0018105603106638184,0.006817636871430005,0.1837918254604516,40.818322850000186,14,True,1.0835555005317605,-0.0016565338613388789,0.000876200431580044,0.0005021682494857349,0.0019401042706140611,-140.87266904981516,deltaC0.2,FGO-G
137,13.869758969625119,12.946337785209572,4.976198531685747,21.468611630575218,0.004696422488583101,0.0013707237095818422,0.004491937299569004,0.14345072380181956,25.10634061699966,7,True,5.7780852933079085,-0.0016244753659755895,0.0011821112940530584,0.000913277767889159,0.0022068945619376397,117.97177314768487,deltaC0.2,FGO-G
138,13.47977883159811,11.75979063814136,6.588760239672051,38.8930234782894,0.004192809971395078,0.001286519206760209,0.003990554320751326,0.12822532008502288,15.128618302998802,6,True,2.945088944026668,-0.001184796074400008,0.0010063311375216218,-0.0007710003080152739,0.0017351903559030281,-35.89976551673317,deltaC0.2,FGO-G
139,11.474848679965946,8.858980413982703,7.293189854431813,36.45307327060363,0.003416116131946622,0.0011396479003298503,0.0032204117889207454,0.0990537650435929,40.94938498100055,14,True,2.134609315671865,-0.0016101626631771042,0.0010250775555461246,0.001325761722643759,0.002324016338583133,1.3018891298925155,deltaC0.2,FGO-G
140,13.229379807653816,11.93890428780086,5.699039787708863,25.695162667893925,0.0033666574205093803,0.0013177546707625833,0.003098048549450811,0.09478620679784845,33.56302169399896,8,True,10.367522370089608,-0.0018710499580133022,0.0011299694283697212,7.198603965130612e-05,0.0021869707003836273,54.247477745644574,deltaC0.2,FGO-G
141,10.832487615706604,9.70580505325499,4.81041954642699,27.779484959337317,0.004231443215169869,0.0012247479791377312,0.004050321477463877,0.13088209609572407,31.016329419000613,11,True,3.7973696383637128,-0.00259264398505957,0.0012670137053818003,0.00035317713720461885,0.0029072083952023354,-39.27513906999229,deltaC0.2,FGO-G
142,13.001739657181586,11.239653104312227,6.535704415581604,35.302730160775305,0.0031499461976041646,0.0010622828597381681,0.002965420066990078,0.08087693043708506,153.0936309890003,46,True,4.512971318811266,-0.0009481834988881562,0.0013743124187076024,0.0008328969360898442,0.0018658788486730796,24.798350319484598,deltaC0.2,FGO-G
143,11.906075082403689,10.175249107183383,6.18214602501411,39.88354050333045,0.0034913450092088523,0.0012728531141066644,0.0032510513565978203,0.1004353583781413,12.68418193999969,5,True,4.834990584460062,-0.003133483637060846,0.0008614895641863932,0.0005987089036645632,0.0033044419081377954,-0.2648274003149709,deltaC0.2,FGO-G
144,12.593157509565456,11.624308739627276,4.843868535225726,25.342121670952398,0.005984913889045849,0.0013538313185839127,0.005829780014727421,0.17078556557878222,15.29232773900003,6,True,7.916654450935697,-0.0015964965825892678,0.0011495659897890235,0.0018988583189898378,0.0027342213185285024,-103.9791847344095,deltaC0.2,FGO-G
145,15.403994120245166,13.270953975989293,7.820793784758783,41.57007507323222,0.0033889133240820645,0.0013103431755060193,0.0031253374666659196,0.09684938498834039,24.10597376000078,5,True,10.531253287653486,-0.00037062422184936907,0.0010838860270161288,0.0015614501644485856,0.0019365685759711103,3.4958082266821293,deltaC0.2,FGO-G
146,10.192470288584863,8.473986283648474,5.66374496673559,30.515946073889367,0.003431190870818959,0.0010434737744439242,0.0032686745439151807,0.10238698160985585,27.083585258998937,9,True,2.011329985362123,-0.0020120200094286746,0.0010291388030946686,0.0010100667023590082,0.002475396117309489,-3.236276322109916,deltaC0.2,FGO-G
147,11.034396904761504,9.317609023364433,5.911013207524405,29.74099361713319,0.00411829301162203,0.0011411446349352185,0.0039570350329171215,0.12781951766992597,53.96193478600071,13,True,11.385357871758828,-0.002093213785345084,0.000813120591421398,0.00025719744695007485,0.0022602786496513693,-35.70086827758496,deltaC0.2,FGO-G
148,11.03799489693734,10.402679696489624,3.690743350201597,27.237837150357418,0.0034362501557049113,0.0009634055879093205,0.003298433689763541,0.1054848150182535,17.70175139699859,7,True,6.541639834049622,-0.001343158626843554,0.0013118954805926202,0.001796820601699417,0.0025987899344800955,-6.364523437870957,deltaC0.2,FGO-G
149,14.858361715923436,13.048659698567933,7.106573925049135,46.85683466238283,0.0035981677879902314,0.0013238288419637,0.0033457866978807184,0.1022356704901851,42.22853704299996,14,True,5.738976382583678,-0.0027492551915241086,0.000583284686847266,-0.0007310541586043884,0.002903974055814815,-2.5835448544312385,deltaC0.2,FGO-G
150,17.787363991287176,16.315975855347975,7.083731336396211,40.499957164988516,0.004254872701911035,0.0016134899915251793,0.00393707908946668,0.12808190983855963,33.09150546099954,9,True,1.5176590429048205,-0.0011999425534939226,0.0013675695996551275,0.0011525739819026048,0.0021537259633818847,-34.22151774974918,deltaC0.2,FGO-G
151,18.373053008146407,15.247268887028097,10.251334953401077,56.444847328754584,0.004666572171333443,0.0013776717249171964,0.004458577850461669,0.14127424516016185,12.470618145000117,5,True,4.22682283091454,7.127818306910044e-05,0.001181993954201614,0.0005920161442545813,0.0013238857209777815,113.35380256995268,deltaC0.2,FGO-G
152,11.61513321002812,10.367910157733183,5.236196945099681,33.768855341501336,0.0048076216572057445,0.0011088452239423577,0.0046780004561964225,0.14723361576879346,15.658242362000237,5,True,4.63911162388231,-0.0009960307187158093,0.0013228016597801762,0.001020708966725653,0.0019451807675629716,-63.13108259970613,deltaC0.2,FGO-G
153,13.679133553202922,12.304894671578985,5.975639035928215,35.47777232021714,0.004666635592518938,0.0012804342777608774,0.004487535605841982,0.14231527346410963,86.49582647300122,21,True,3.1274822625998735,-0.0006544852995402783,0.0013643275458782396,-0.0003234531383737027,0.0015473728033283593,-54.846731204634125,deltaC0.2,FGO-G
154,13.993505377193566,11.351135130884755,8.183515380442518,41.3894800031945,0.003532109280422472,0.0012795145908793715,0.0032922087389127296,0.1033662948481825,12.396690199000659,5,True,2.357110677475326,-0.0010077043066971283,0.0010844958001874374,0.001580122390459765,0.0021652680848320864,63.943173210420355,deltaC0.2,FGO-G
155,11.370544541494466,9.29295784616876,6.552115508707099,36.58438698819976,0.0031866844439012456,0.0010748033834102847,0.0029999592383917473,0.08039421958710434,8.003949596000894,5,True,2.8489353143043283,-0.0012432617264980755,0.0011909513908837715,0.0009699596363206275,0.001976078599680238,35.1153976867281,deltaC0.2,FGO-G
156,13.793457906652371,11.908048840488028,6.961167562639373,36.81242697217401,0.003212415107006432,0.001155124229547538,0.002997548804279149,0.08502434938515921,79.28306542399878,18,True,4.110737130128809,-0.0019593649797381135,0.0008569798915833988,0.0018140404611522998,0.0028043303038515414,41.04125463966193,deltaC0.2,FGO-G
157,13.240494622632738,11.611400603345523,6.362866797332292,32.77649963692861,0.003882726430859969,0.001120542180090601,0.0037175193018377725,0.12107548152717768,20.88599859399983,6,True,7.849166650786242,-0.0009792415557036854,0.0009318770640635559,0.0009468488572685896,0.00165040347959386,86.74203131030663,deltaC0.2,FGO-G
158,12.431151746704904,9.960731040670703,7.437564849130627,43.79267111142824,0.0032075323644839304,0.0011232406580386908,0.0030044291127168704,0.07676395536014846,31.387085457001376,7,True,5.158892055584432,-0.0012239327945248622,0.0012282703020134037,0.0005538760893143424,0.0018202851816777738,29.254536224987532,deltaC0.2,FGO-G
159,16.383387704539842,14.72861427510233,7.1751873991220005,29.1009231274554,0.007021615630012425,0.0016865493564565217,0.006816057315183822,0.18383048869177931,9.534718786000667,6,True,3.4882742821416106,-0.002307139510347703,0.0011803504044703417,-0.000945673727057228,0.00275869871417432,-139.03137436357792,deltaC0.2,FGO-G
160,15.700841419928402,14.42304943820953,6.204197465966336,39.68903471953363,0.003346041103045426,0.0013427919453142762,0.00306478398176259,0.08973395891179922,23.977704608998465,9,True,4.917261459507499,-0.0006388232028951694,0.001470599847504447,0.0017285358379469373,0.0023576673088254556,11.78368576252251,deltaC0.2,FGO-G
161,13.887703489703803,12.50725334351548,6.03630035858489,26.505285434259832,0.003239569298528184,0.0013038954548081376,0.0029655801933006418,0.08162556079305662,12.648482963999413,5,True,3.84183402025516,-0.0018354005554670314,0.0011748358865640762,0.0020127277089053153,0.002966480640348547,23.833272799747647,deltaC0.2,FGO-G
162,16.659675886779436,15.061614192904187,7.119872088503226,38.93398160501926,0.005178496834538199,0.0015609185242077869,0.004937647499174798,0.1534169682246521,23.33386427900041,13,True,1.6769631347875456,-0.0011884026342282457,0.001395609642218814,0.0014066829421774674,0.0023105808781143794,-73.29110216735717,deltaC0.2,FGO-G
163,15.782445644068304,11.804240388862738,10.475948613367299,60.07422944916845,0.003503873640633723,0.001439135082707709,0.0031946863231384227,0.09170238455588145,15.410893104000934,9,True,13.759015679895182,-0.0028456933479274315,0.00027182235281603703,0.0010441551424366091,0.0030433727973098687,10.820199243651587,deltaC0.2,FGO-G
164,11.779721188042318,10.751134414107248,4.814035737072575,30.74391056351083,0.0031856029072767893,0.0011076656882465614,0.002986828184869629,0.07899885783435857,33.385979919999954,12,True,2.6815178494486247,-0.0018681999797210659,0.0011178439362038964,0.00013813707499746308,0.002181473832395536,27.130972031969577,deltaC0.2,FGO-G
165,14.77266451154141,12.591263988858653,7.726039602113509,38.08483118262327,0.003763148511014973,0.0013940304301672023,0.003495420700820153,0.11133032415948507,16.98624377300075,5,True,3.944455103037255,-0.0015128167733069028,0.000792321204251792,0.001820088233863093,0.0024958182344378753,-14.891033451036492,deltaC0.2,FGO-G
166,13.957891185061987,11.774859009935046,7.495026459605232,39.34026239294376,0.0033106460215264486,0.0011778995175601992,0.003094015159364988,0.09143706411140042,37.07056702299997,9,True,3.453512627698824,-0.0005994309119659613,0.0011284850204472824,0.0001859254525130305,0.0012912645482186919,11.256573449565622,deltaC0.2,FGO-G
167,13.969623599812644,12.210137675462631,6.786967030028242,40.752180447512075,0.0032662065809399773,0.0011222452327159346,0.0030673557125025417,0.08752335872581159,33.594344390001424,12,True,3.8600917596843756,-0.001157548528647051,0.0010973706560555947,-0.00033032963805249005,0.0016288826301243218,44.45344882019708,deltaC0.2,FGO-G
168,11.378664739562005,10.07097672509082,5.29617211370917,33.144655511409795,0.0031954794783163733,0.0010395010555190275,0.0030216761328633332,0.08713045583298712,25.95431972499864,14,True,8.486862096527139,-0.0005638400923854267,0.001400455987146419,0.0012317308213306843,0.001948423321029447,44.02856213337509,deltaC0.2,FGO-G
169,16.27538530954936,13.922497197383084,8.429249003508872,39.55085406939025,0.0055971936622513695,0.0013859438464070687,0.0054228900548833996,0.16214577573086783,30.49147609099964,11,True,12.087171359970677,-0.0024497291863727105,0.0007603667485132488,-0.0005086196826178668,0.0026149616938603926,-87.24318051592854,deltaC0.2,FGO-G
170,18.429643538821228,16.491532443496208,8.226853507455141,38.52551045783053,0.0032911438084181764,0.0014927159570073602,0.0029331598387038003,0.0775334592234568,41.81332520199976,19,True,4.686262919232469,-0.0011047738015220502,0.0010257707928298776,0.002508146251407939,0.002926350712133461,31.043033239569922,deltaC0.2,FGO-G
171,14.990070946035928,13.271733092862858,6.968739317767549,38.79061719560796,0.0034115453613969343,0.0012768833378567909,0.003163575618564007,0.09802288519813658,33.38416841000071,9,True,6.665281926215687,-0.0018762087675566687,0.0007017191152474012,0.002177115548642028,0.0029584457352297318,2.722411358532554,deltaC0.2,FGO-G
172,12.660303504713108,12.169268995886965,3.4917297915496355,26.93078122678635,0.004040271399847587,0.0012099298090002659,0.0038548492631643805,0.12585102743675147,29.409302260000914,8,True,3.978249165403876,-0.001545140838371651,0.001219201639361233,0.0018736205190235111,0.0027174191243035913,-33.19948826114705,deltaC0.2,FGO-G
173,13.971371957395862,12.385928421717114,6.464364740947685,39.687138063209396,0.003676957510705288,0.0013516633780122915,0.0034195061994493343,0.10816025742059478,20.75574819400026,6,True,6.837327555371203,-0.0029330393566359817,0.0005843624324790706,0.0012284578362138365,0.0032331575859248884,-10.41709959928994,deltaC0.2,FGO-G
174,18.161455567686577,16.148149102486652,8.311182160253336,47.7729184342315,0.0038610920077583894,0.001616889667080563,0.0035062371991728992,0.11280150012927678,18.030688282000483,7,True,1.616794927960352,-0.0036325831674322113,0.0005181832881250968,0.0005554162536963447,0.003711153675513055,76.11126373882871,deltaC0.2,FGO-G
175,15.856155192742326,13.94829312131508,7.540741110673659,44.2097076127653,0.003309842728387799,0.0013151047789053854,0.0030373604177248714,0.07810410215512248,11.645234614999936,6,True,9.27404284861281,-0.0033071741828432383,0.0005839112676612725,0.002506017276240613,0.004190283526562738,26.773353444674285,deltaC0.2,FGO-G
176,14.208731333940822,11.873011004652561,7.805104471018363,44.41692294631642,0.0035882624307747883,0.0012034979521178002,0.0033804171268288843,0.10795668550216593,26.726604732999476,10,True,3.403159787272375,0.0003469037091331086,0.001489438492653896,0.0008087722105347694,0.001729994709628534,70.09015899298538,deltaC0.2,FGO-G
177,14.612654009618673,12.900559588605676,6.863324231424515,43.57548977010782,0.005120810816800084,0.0014766130666990119,0.004903296571971807,0.15241775134406313,28.868285348000427,7,True,4.213463259991505,-0.004092585977029011,0.0006279391980045866,0.0017228101089225567,0.004484600571641905,-70.30869889340829,deltaC0.2,FGO-G
178,12.04686970188532,11.36095709657498,4.006959378878843,25.033119771289197,0.0035990331595368253,0.001173182859113856,0.003402452301286098,0.10923965213332827,17.424297457000648,7,True,7.161582608616901,-0.0027029158642264055,0.0009125824387086265,0.0019487012467460374,0.0034548512884921287,-11.107931831684255,deltaC0.2,FGO-G
179,10.871328446492743,8.522597471455352,6.749156579237523,37.93734442627072,0.003347053526872555,0.0009675211144398402,0.003204164509644145,0.09872449539220819,42.52751196999998,12,True,7.258981318183158,-0.0009752329266203943,0.0012008706366426693,0.000235093576527734,0.0015647487136405483,1.9198614580745925,deltaC0.2,FGO-G
180,16.617689510705407,14.775459891293922,7.604826735368338,45.618169615227686,0.0034727003845703513,0.001682506119796714,0.003037897483102692,0.08293119071450984,46.015948252999806,12,True,11.081130470025276,-0.002571510746369656,0.0006963844138213046,-0.0010674159964650098,0.002870016668944147,38.14826104399981,deltaC0.2,FGO-G
181,13.837138040883191,13.456495579356924,3.2232151472100496,28.079898489829112,0.005361019852283588,0.0013523640470350495,0.005187643524844949,0.15821127947661523,11.302639470999566,7,True,12.863942952771644,-0.0010405201498165273,0.0010647772410352265,-0.0004352951723438081,0.0015511011063972016,-81.03448929358274,deltaC0.2,FGO-G
182,19.564222650798754,16.653275988185268,10.26777516268052,55.821719236245364,0.0039490287698059215,0.001535964273281302,0.0036380821837828665,0.11440847963941586,18.043468456000483,5,True,3.826962685662266,-0.0006325924812744612,0.0008205405283430655,-0.00020326528675290723,0.0010558299024072194,-17.718925032568222,deltaC0.2,FGO-G
183,11.1898828411678,10.525957299203265,3.797064778800998,26.81501180556341,0.0035528439122885975,0.0010174846135876648,0.0034040306881986987,0.11015551598705388,33.67048647199954,12,True,9.670538810694755,-0.0003848942529444149,0.0015469849852235414,0.0009758163348847215,0.0018690970145726973,72.7937893946073,deltaC0.2,FGO-G
184,13.25089815349665,11.111033366255503,7.220196632246094,41.48410706891242,0.003259278296452377,0.001255986372344811,0.0030075560254481755,0.07886302364231842,24.485797842000466,9,True,5.717823704740955,-0.0007240620348208451,0.0010111066861283572,0.0006776512943370283,0.0014162675727838368,26.09560455337487,deltaC0.2,FGO-G
185,14.812095067978039,13.490633702128651,6.115632642483516,33.12947328838742,0.003976844409074151,0.0013278008619227667,0.003748631260215052,0.12127163846541347,20.439335940000092,6,True,8.592280312261614,-0.0016522448623494182,0.0007173135975791024,0.0006994836117824033,0.0019322860051203803,-26.90195361145743,deltaC0.2,FGO-G
186,13.530036179198818,12.046225163068994,6.160384592789025,39.652308763142145,0.0035104550872719544,0.0012868776466143563,0.0032660742248757668,0.10284595354335048,62.64348334299939,22,True,1.6602347817166627,-0.0023962619227174157,0.0008597140753821153,0.0017114098129236144,0.003067589125265431,-3.28038705013023,deltaC0.2,FGO-G
187,13.326239736539252,12.655303357695159,4.175160169433901,28.813850438534097,0.007002564679297274,0.0015765644926158747,0.00682278216626946,0.184334435081197,47.19082531599997,11,True,2.3623160587164413,-0.002182843082540303,0.0012807882507682123,0.0007232716341518397,0.00263217482760333,-140.20452682996984,deltaC0.2,FGO-G
188,11.680616069480994,10.428049291520908,5.262373963928063,32.382545618346946,0.0034304836979159943,0.0010263096869095399,0.0032733632288860083,0.10397648708852444,14.725579686999481,8,True,6.376645428728635,-0.0008340299884908972,0.001364208262843285,0.0008921761154422336,0.0018310238739780574,-4.155770813435083,deltaC0.2,FGO-G
189,15.361199758035822,13.794569630797684,6.758424868810341,26.192785201089887,0.004443231750284767,0.0013964715243112219,0.004218077247814048,0.13624959580544113,40.73612910199881,14,True,4.993658624222781,-0.0021930735267272437,0.0010198776805952527,0.0021811186208611777,0.0032568390220082395,-45.133745017810725,deltaC0.2,FGO-G
190,11.708645783943323,10.259136007446239,5.642917195438348,31.62845912895315,0.0033202354981850374,0.0011713304370080445,0.0031067585633174953,0.09309431444702151,64.85219148400029,14,True,6.51049500043074,-0.0018654316719312633,0.0009000311170782184,0.0017503902609291855,0.002711781222722267,51.33774948399514,deltaC0.2,FGO-G
191,15.049162401600107,14.189736446793319,5.0128503428967015,36.66910812543954,0.003717266421351763,0.0014292328866888713,0.0034315248801249183,0.11101731665721247,27.23565003799922,6,True,3.1384389415409184,-0.0005570075041894768,0.0013867647180562175,0.0019422931573365443,0.002450688974963019,-14.635189674969297,deltaC0.2,FGO-G
192,16.894258903725216,16.301499074908975,4.435889067237878,27.028809405721432,0.0032803874039308662,0.0012733966481653276,0.003023144471623808,0.09066900853411389,13.85987987000044,6,True,5.200161645458317,-0.0023702185364603023,0.0008725933062244905,0.003052441624681629,0.003961913030435781,11.381538006651681,deltaC0.2,FGO-G
193,10.421890596002653,9.131856952144547,5.022448825087009,29.42507751555873,0.00321773043409227,0.0011544440863793298,0.0030035059510357936,0.083314305514875,69.16646435099938,15,True,1.071978923075189,-0.0023043219131047257,0.0010269113425806521,0.0005978141184111996,0.002592648858774975,20.788373862800654,deltaC0.2,FGO-G
194,16.73031768545593,12.52962905266933,11.08656509739532,57.53376652575708,0.0034612907156252107,0.0014743658322155634,0.003131577687183984,0.08222808397945455,15.28516687499905,6,True,4.367989368730101,-0.0028476428010737807,0.00038369995247322837,0.00011788182417091231,0.002875794029569077,23.13606856698607,deltaC0.2,FGO-G
195,12.81668795117943,10.924674409853742,6.702162268745423,34.08295813589667,0.0033200584906748144,0.0012400859781908124,0.0030797686842028347,0.09123535415404042,17.628915049999705,9,True,4.9712385471458385,-0.0012535222543985217,0.0011451680578596194,0.00027530151822149906,0.0017200345487662122,10.73922273908829,deltaC0.2,FGO-G
196,12.238634379954174,11.064226491784352,5.2313538997752405,31.06070395405347,0.00493468102081077,0.0012804868408021646,0.004765651081193683,0.14993496920380836,40.0142296740014,14,True,7.957831211729475,-0.0009277049001489615,0.0012167447002895781,0.0020414996935623486,0.0025512399037053205,-66.12925218250166,deltaC0.2,FGO-G
197,13.210452343560037,12.14814761209942,5.190237057795528,36.644449699288344,0.004067614293149828,0.0012326295558517308,0.0038763527207772946,0.1264893357375119,18.33691015400109,7,True,7.379558205328094,2.4717594133732122e-05,0.001534477501275393,0.0010514730402257366,0.0018603300018280862,93.67121164358832,deltaC0.2,FGO-G
198,14.65431573057867,13.587595595074855,5.4887353257547264,26.319819452618713,0.0032954860407667682,0.001326880587815967,0.0030165570027045384,0.08912817842504495,12.395487091000177,5,True,1.1144608935940568,-0.00269857988202026,0.0010933938532925447,0.002748198815672759,0.004003803220505168,14.044299316869001,deltaC0.2,FGO-G
199,10.329250285417134,9.642358456570566,3.7038270550596746,24.903097021422877,0.0038258156143397485,0.0010245555836287785,0.0036860752801565135,0.11888118959063544,35.080489359999774,12,True,3.5876165474661517,-0.0017391361984461515,0.0011225841699808107,-1.5683832891660865e-05,0.0020700328301868575,-23.522005346800142,deltaC0.2,FGO-G
200,10.601863528842472,9.330564388968357,5.033892973387069,26.715651924992237,0.003337323109315698,0.0011383798007564216,0.003137167028578868,0.0961738134577031,20.429489767000632,5,True,6.192755293530915,-0.0018704680184638664,0.0010206332986852874,0.0008390107571754346,0.0022900397352747944,4.910471489914926,deltaC0.2,FGO-G
1,1117.9391696189548,845.425837194987,731.4664317461695,4022.0762716223535,0.09956910622801264,0.07142097847238509,0.069376154037914,0.34533453714448764,15.446313841001029,6,True,9165.21711073062,,,,,,deltaI0.2,FGO-B
2,1118.9774151700883,845.3771047287661,733.1084547740127,4028.9065250869457,0.09977486219855329,0.07153052283279024,0.06955866178994514,0.34601111745680185,12.5657198530007,7,True,9159.471159084558,,,,,,deltaI0.2,FGO-B
3,1120.6406644119795,848.0720376642395,732.5362227670029,4029.534081957314,0.09976627922329837,0.07160208816590978,0.06947266685785436,0.3460795283271822,15.263621837000755,6,True,9145.540153373315,,,,,,deltaI0.2,FGO-B
4,1120.573990396233,845.5028203773818,735.3985645120814,4035.117198453023,0.09984848010510282,0.07150679717898574,0.06968857106084549,0.34644360597486884,11.927116812999884,5,True,9153.773853802417,,,,,,deltaI0.2,FGO-B
5,1118.704442815046,846.1382484486099,731.8126091332676,4024.386700960045,0.09964969902304081,0.07146058511454964,0.06945104240016003,0.3456145815806144,17.145300694999605,7,True,9155.017353396352,,,,,,deltaI0.2,FGO-B
6,1117.4881837625558,845.3391479645982,730.8772576619299,4020.2392482588207,0.09952000883630376,0.07139137290295731,0.06933616685258043,0.34519932391760827,5.0328070070008835,4,True,9161.662586237773,,,,,,deltaI0.2,FGO-B
7,1116.7351696305514,844.4266159080364,730.781177532562,4016.7096654716483,0.0994388010916819,0.07130207508469097,0.06931153764827447,0.3447845525174271,4.437708405999729,4,True,9177.838498538411,,,,,,deltaI0.2,FGO-B
8,1117.7698608819658,845.4510046612552,731.1785422271112,4023.464545236678,0.09955479865397804,0.07143018573900049,0.06934613543901344,0.34527845139849217,10.371416718000546,4,True,9176.159021325944,,,,,,deltaI0.2,FGO-B
9,1118.1376269405425,845.1906035950727,732.0413897962494,4020.5853147025146,0.09948113888972379,0.07132743766263298,0.06934618685464775,0.3450760688703881,16.13586588600083,5,True,9170.957891733438,,,,,,deltaI0.2,FGO-B
10,1116.8629955134645,845.1735498432748,730.1127456719452,4016.9506252329147,0.09953202073914219,0.07142645306537633,0.06931727746324595,0.3450368968857683,9.731715122001333,5,True,9166.333468088103,,,,,,deltaI0.2,FGO-B
11,1117.0104536151703,844.6697759873322,730.920873295515,4015.8089408812393,0.09948638936705562,0.0713622392365228,0.06931790880027097,0.34491576602069407,9.100386017998972,4,True,9167.333758344537,,,,,,deltaI0.2,FGO-B
12,1120.8505870739127,846.2257956755625,734.988395335053,4035.123047385674,0.099912720243285,0.07159068109868456,0.06969451948495935,0.34655882852612485,15.00907371500034,6,True,9149.926076364118,,,,,,deltaI0.2,FGO-B
13,1117.262742641481,845.3239835955997,730.5500659454018,4023.008357046605,0.09968086489997978,0.0715353797195172,0.06941876025681029,0.34556731080160685,7.769404539998504,5,True,9163.487068304317,,,,,,deltaI0.2,FGO-B
14,1117.154695123649,845.2514470770785,730.4687563824463,4017.8075032709253,0.09954329649551458,0.07142893270869229,0.06933091265295037,0.3450977595188207,7.254608665998603,5,True,9164.682947273728,,,,,,deltaI0.2,FGO-B
15,1118.6069247772198,845.4593847848329,732.4478690246838,4021.7136705031567,0.0995054333316114,0.07132102059281703,0.06938763062758901,0.3452150036780532,16.298662551000234,6,True,9164.087192560022,,,,,,deltaI0.2,FGO-B
16,1120.796349499575,848.3880239851704,732.4085047363333,4030.5270375870964,0.09971556093208359,0.07156470822442755,0.06943835848256082,0.3459309427641464,7.416864169999826,4,True,9156.667008812432,,,,,,deltaI0.2,FGO-B
17,1119.3898741342061,846.266197997032,732.7122303072618,4029.859889363712,0.09972384049769072,0.07151775205038242,0.06949860074324432,0.34593586728858533,20.16011028700086,6,True,9161.308245586744,,,,,,deltaI0.2,FGO-B
18,1117.9164373303809,843.6109694768039,733.5241598146977,4028.2974950681496,0.09983298674726607,0.07154671947418123,0.06962537019910643,0.3461044139180158,16.23093638300088,6,True,9159.920793015946,,,,,,deltaI0.2,FGO-B
19,1120.6743832675693,848.7273185579706,731.8285400594485,4028.0492264029835,0.09968319378813512,0.07156329735962809,0.06939332529011955,0.3458080087775081,14.628870696999002,5,True,9152.727118704652,,,,,,deltaI0.2,FGO-B
20,1117.6701828783503,845.5020545332851,730.9671083402584,4020.942158167837,0.09958207477001378,0.07144313823196907,0.06937195121278034,0.3453141340007551,14.467251493999356,5,True,9163.348372616532,,,,,,deltaI0.2,FGO-B
21,1117.8795465064884,846.3518431637198,730.3035246189947,4018.986055812723,0.09952160965737836,0.07144107075799426,0.06928725855268661,0.3451244995788856,10.14401507399998,5,True,9162.696682518352,,,,,,deltaI0.2,FGO-B
22,1118.1252544995111,843.9552169564154,733.4464373910656,4024.4261550514657,0.09957583444272222,0.07132199079270285,0.06948755596745387,0.3454274968478959,5.156716243998744,4,True,9169.825773990113,,,,,,deltaI0.2,FGO-B
23,1116.885815984761,846.1472616743102,729.019024106375,4011.4715541868504,0.09937807202302941,0.07135648487174634,0.06916829668108546,0.3445079304899249,7.877296667000337,5,True,9166.668004911859,,,,,,deltaI0.2,FGO-B
24,1115.498726181905,843.3637026610603,730.1199032674564,4007.801092512543,0.09937102716124815,0.07126007141739205,0.069257514109804,0.34434931801096036,11.878806642998825,4,True,9171.283183080448,,,,,,deltaI0.2,FGO-B
25,1118.0556735702796,845.6015911670756,731.4413429786435,4022.3644170482708,0.09960993816141765,0.0714570038530451,0.06939766841088646,0.3454144312898548,13.2214740849995,5,True,9163.509797327837,,,,,,deltaI0.2,FGO-B
26,1115.884932054099,843.0435218862815,731.0792035005206,4016.65258441282,0.09950141750318639,0.07132145987334408,0.06938142003936196,0.34499856291751185,7.102887557999566,4,True,9170.444963308724,,,,,,deltaI0.2,FGO-B
27,1118.9481398005341,844.1953501270601,734.4243666892636,4030.6018628505544,0.09967955494870114,0.0713531344011328,0.0696041944562611,0.3459462033081425,13.903730385998642,4,True,9161.202311035504,,,,,,deltaI0.2,FGO-B
28,1120.7197662438978,846.7437419450685,734.1919571383494,4033.5606707177076,0.09986972196911632,0.07158034478467253,0.06964348933458174,0.34641121621291204,8.215846217000944,6,True,9149.66449742258,,,,,,deltaI0.2,FGO-B
29,1118.7770570943442,842.5010566904915,736.1073786860762,4034.4314331712667,0.09984962363242521,0.07145193919848097,0.06974645313070438,0.3463328438020968,18.980638689999978,7,True,9172.183154088576,,,,,,deltaI0.2,FGO-B
30,1114.2190246581763,844.0022543798017,727.4230058996142,4004.7035786980287,0.09928380832822419,0.07131631525687902,0.0690742917034768,0.34394570895353227,4.401400889000797,4,True,9184.073791006173,,,,,,deltaI0.2,FGO-B
31,1119.0893156190753,846.2846698937336,732.2316258095008,4025.1790822847715,0.09958194793075249,0.07143644874319774,0.06937865770280931,0.3454337752426824,11.775054445999558,5,True,9167.300308543006,,,,,,deltaI0.2,FGO-B
32,1122.3012398624132,848.4503284251817,734.6374025271999,4037.746538573337,0.09996193274910574,0.07170052082397377,0.06965215942458383,0.3467377370837189,9.727775973000462,4,True,9145.757841771696,,,,,,deltaI0.2,FGO-B
33,1120.5036671562289,846.4801146083628,734.1661145021403,4032.765467894994,0.09984324987591275,0.07156244325726467,0.06962392735859367,0.34632822605188346,9.090171534999172,5,True,9151.353407362387,,,,,,deltaI0.2,FGO-B
34,1118.8679655321666,845.7833807217942,732.4725231630892,4025.662158147105,0.0996602242458289,0.07148142734803814,0.06944469627708115,0.3456028370154838,9.149611862998427,4,True,9167.35736036578,,,,,,deltaI0.2,FGO-B
35,1115.482089038249,843.868022345733,729.5115158977526,4012.8935292981987,0.09934574799784572,0.07126279784360533,0.06921843171260748,0.3444865870746064,15.360930709000968,5,True,9178.86042194769,,,,,,deltaI0.2,FGO-B
36,1118.342237955675,844.758305731514,732.8524859024012,4024.8901674474328,0.09968164751393811,0.0714274627787581,0.06953091695125364,0.3456613702029119,7.106638663000922,4,True,9160.586384523738,,,,,,deltaI0.2,FGO-B
37,1116.266171424197,843.2130557089279,731.4655891756269,4018.501548799891,0.09958640661319347,0.07138244238151999,0.06944061708954839,0.34521037920968756,4.535699583000678,4,True,9169.20900974856,,,,,,deltaI0.2,FGO-B
38,1121.2099880582764,848.4684981162227,732.9481871360632,4033.6032372029395,0.09988222258760157,0.07167879850487754,0.06956010518922716,0.3464414110386677,12.526133723000385,5,True,9145.000535172232,,,,,,deltaI0.2,FGO-B
39,1117.96057186595,844.8688050004781,732.1424332627538,4026.8318894142085,0.09968737798466264,0.07149654057536528,0.06946810790004394,0.34569097727652437,7.2848675589993945,5,True,9171.490922565827,,,,,,deltaI0.2,FGO-B
40,1119.1766333308415,845.78746930357,732.9392153260862,4028.3189761091267,0.09975920948688867,0.0715294360506122,0.0695373256296956,0.3459156975452311,7.121072526999342,4,True,9162.404994917095,,,,,,deltaI0.2,FGO-B
41,1115.892385578205,843.2031092212691,730.9065143990729,4017.271522212085,0.09958627162841575,0.07140347312158359,0.06941879805228474,0.34514431447158,26.691849368000476,8,True,9170.393470456673,,,,,,deltaI0.2,FGO-B
42,1119.2736934361633,845.3238330646598,733.6219858149711,4033.2910839246647,0.09981594510237622,0.07153299941810612,0.06961503351238016,0.3462817032971289,4.705192866000289,4,True,9158.375750216594,,,,,,deltaI0.2,FGO-B
43,1118.5089769464073,846.9934188883859,730.5234286930583,4022.6039898327417,0.09963085731888799,0.07151006728560576,0.06937303515707492,0.34547492440769684,20.277998882000247,5,True,9157.177609404736,,,,,,deltaI0.2,FGO-B
44,1118.0903403997775,845.6159829320088,731.4776952889423,4021.5439518962685,0.09962298569609682,0.0714774744008024,0.06939531635699449,0.3453673936954399,10.04378209099923,4,True,9165.668369691415,,,,,,deltaI0.2,FGO-B
45,1114.7228078695694,842.8969701745565,729.4735334850535,4008.026055270392,0.09937610221906805,0.07128814038839923,0.06923590637969972,0.34434495197032655,11.633919708998292,5,True,9177.19340576537,,,,,,deltaI0.2,FGO-B
46,1118.7327894038076,848.4330387662769,729.1943724529458,4021.851969203249,0.0996829986094544,0.07166256722963561,0.0692905236654367,0.34549113002384213,10.026606562998495,4,True,9157.526114508857,,,,,,deltaI0.2,FGO-B
47,1116.0916962682695,844.0983519639216,730.1771337769858,4013.447564326019,0.09940863533323967,0.0713176197459778,0.06925224828541773,0.34458630770547466,8.710331812000732,5,True,9178.79174412478,,,,,,deltaI0.2,FGO-B
48,1120.222297622595,847.1590377562939,732.9526320565855,4032.1400612736256,0.09984718505890644,0.07165151343412568,0.0695379104286778,0.3462026671518517,7.61388732100022,4,True,9161.866630985434,,,,,,deltaI0.2,FGO-B
49,1120.1912909291466,845.2804435844112,735.0710849756293,4035.3081502744676,0.0997163836370949,0.07139658402861655,0.06961239081302253,0.3461632531681936,17.802524788001392,5,True,9165.028103628167,,,,,,deltaI0.2,FGO-B
50,1116.257514296241,843.6443095862613,730.9549350852918,4015.996189203815,0.09946492264868423,0.07134571076049588,0.06930411527166622,0.34479739701767853,74.67346627599909,13,True,9180.65332825356,,,,,,deltaI0.2,FGO-B
51,1115.2614414513494,841.8189487715385,731.5387483088805,4016.4635580366485,0.09949172916329817,0.07129265525920349,0.06939712874460614,0.34487095933504347,5.067332865000935,4,True,9184.930539332383,,,,,,deltaI0.2,FGO-B
52,1117.4872463847958,846.0748071740104,730.0240862451964,4019.679990413764,0.09956465550947995,0.07148551208750076,0.06930326246511918,0.34514684900057485,8.086234746000628,4,True,9171.09182711391,,,,,,deltaI0.2,FGO-B
53,1118.614408972119,847.1919928201123,730.4546004109562,4021.666886369192,0.09965899357816757,0.07154760010961243,0.06937474987031114,0.34553885169572285,9.790660095999556,5,True,9150.162292645442,,,,,,deltaI0.2,FGO-B
54,1122.5803708391907,849.8628186798512,733.4302137347447,4037.945554060599,0.09995872516824936,0.07176557533220837,0.06958052122899577,0.3467152488483879,16.511937740000576,6,True,9145.005237598196,,,,,,deltaI0.2,FGO-B
55,1116.8172249350396,846.4215915086494,728.5953632432532,4015.074406199534,0.0994641995132733,0.07144503543751685,0.06920067843705145,0.3447837652191396,5.314796673001183,4,True,9169.347475668998,,,,,,deltaI0.2,FGO-B
56,1119.449066170186,847.3925294271957,731.4999062339522,4024.15668093953,0.09969508920522745,0.07156235948049522,0.06941137887423529,0.345604158873266,7.679520572999536,4,True,9158.525230729105,,,,,,deltaI0.2,FGO-B
57,1116.64494654122,844.3043433037008,730.784586943752,4017.4606531612385,0.0995267741155725,0.07136390295397778,0.06937414591205743,0.3450567852673983,11.545025847999568,5,True,9166.673888054214,,,,,,deltaI0.2,FGO-B
58,1117.5441274121333,846.9460902306904,729.1002653656724,4015.6636266804217,0.0994917733795426,0.07147171669668453,0.06921276387080008,0.34487146028755455,10.082109678998677,5,True,9165.155727747884,,,,,,deltaI0.2,FGO-B
59,1116.4734363574073,844.1714967135225,730.6760008568563,4014.1359104049866,0.09943645180290428,0.07130447191681118,0.06930570129373191,0.34472950356102094,9.774727116000577,4,True,9171.512518274467,,,,,,deltaI0.2,FGO-B
60,1119.5072646391413,846.8337546049098,732.2356913191022,4023.9141833921763,0.09957844170093622,0.07143483811148528,0.0693752834630075,0.34549150472734785,6.568115605999992,4,True,9155.202016148622,,,,,,deltaI0.2,FGO-B
61,1117.8443722727538,844.8441265254652,731.9934716220432,4019.7418307820994,0.09953170446628072,0.07135661036512861,0.06938871919240377,0.34520820436062155,7.049204928000108,4,True,9161.647042665198,,,,,,deltaI0.2,FGO-B
62,1119.8894968576712,846.2148081413708,733.5345824529278,4031.2193475147183,0.09977677581223972,0.07153996988014905,0.0695516908567528,0.34607738689864104,21.615490144000432,6,True,9161.418601862359,,,,,,deltaI0.2,FGO-B
63,1123.0954470566553,848.8151412536278,735.429289040063,4043.3614584870547,0.0999552765721696,0.07167524974199549,0.06966861480639248,0.34699326888770743,5.0417022359997645,4,True,9144.600071406543,,,,,,deltaI0.2,FGO-B
64,1115.5749036195073,843.7397800905685,729.8017190157833,4015.6626697106954,0.09944667811397216,0.07132155492471626,0.06930279641561854,0.344842316452998,9.969928602000437,4,True,9171.260452235056,,,,,,deltaI0.2,FGO-B
65,1116.4892801804017,845.2720299201071,729.426835393717,4016.7187485850945,0.09954306901887962,0.07146030371126115,0.06929825093890715,0.34500068331410283,12.357244457998604,6,True,9170.007458572174,,,,,,deltaI0.2,FGO-B
66,1117.5710322381576,847.5690242414421,728.4172988365053,4015.866546919738,0.09955440267200023,0.0715584209392951,0.06921323200121071,0.3449628126282282,16.294566521999513,5,True,9163.57228741834,,,,,,deltaI0.2,FGO-B
67,1118.0202271159246,844.4379722628563,732.7303318690574,4024.3501432175945,0.09956493222638683,0.07135226574596247,0.0694408374241163,0.3454137812651422,8.592463995999424,4,True,9169.912366435728,,,,,,deltaI0.2,FGO-B
68,1118.651863603973,844.7964392594354,733.2809612687495,4028.1588626881276,0.09969300440795484,0.07143749792224054,0.0695368896233818,0.34582659147742206,24.1215547110005,7,True,9162.766507359387,,,,,,deltaI0.2,FGO-B
69,1120.2722200603619,846.7104221754443,733.547072803411,4028.4514112751294,0.09964488789037142,0.07143601119307716,0.0694694176419181,0.3457474907202831,6.025149851999231,5,True,9159.93278905383,,,,,,deltaI0.2,FGO-B
70,1120.181375919703,844.0887223114611,736.4241602663263,4037.022945687139,0.09979886723442777,0.0714070374961405,0.06971978841978602,0.3464340093296647,10.010831457000677,5,True,9160.625192125142,,,,,,deltaI0.2,FGO-B
71,1120.9271938136926,847.5548122606746,733.5725008782788,4034.231225703037,0.09973048878984123,0.07150083733207499,0.06952553958850516,0.3462180759336051,7.034882866999396,4,True,9150.846569374155,,,,,,deltaI0.2,FGO-B
72,1114.3540068344653,844.248002040223,727.344597559588,4000.877703098065,0.09915765104437242,0.07117559155068624,0.0690382135345883,0.34359523183134083,14.162880777999817,6,True,9180.124199383477,,,,,,deltaI0.2,FGO-B
73,1118.0844579565237,845.856404583431,731.19067140461,4022.5096038640218,0.09959811370577505,0.07144030690953108,0.06939788759335908,0.34544576253213205,17.355134301998987,6,True,9158.906771638523,,,,,,deltaI0.2,FGO-B
74,1118.0940323808109,846.9199020171072,729.9732493817256,4019.487934469967,0.09963567658793303,0.07159242129663836,0.06929497284810658,0.34528387200521055,13.279038799000773,5,True,9164.166490261074,,,,,,deltaI0.2,FGO-B
75,1114.1712753271238,841.4609398623844,730.2883796487401,4010.207507635002,0.09932813466455205,0.07118763873361937,0.06927047298431764,0.3443427772419689,15.02920104399891,5,True,9185.134127347308,,,,,,deltaI0.2,FGO-B
76,1118.4851747329678,846.4628285980369,731.1017479798883,4025.5373318681727,0.09970626736284485,0.0715582042360277,0.06943171579290004,0.34567908699672933,4.490464717000577,4,True,9163.246075479285,,,,,,deltaI0.2,FGO-B
77,1116.3598520436299,846.6089150513669,727.676208358101,4009.5751074782306,0.09951704478130972,0.07153772252745134,0.06918089662320506,0.3446534559538104,8.221607404999304,4,True,9162.844460255275,,,,,,deltaI0.2,FGO-B
78,1116.9433988190217,845.6212088548314,729.7172927238892,4017.9816121777358,0.09955795014634153,0.07146931074126094,0.06931033876349553,0.3450768626124499,6.666071134999584,4,True,9168.377545850379,,,,,,deltaI0.2,FGO-B
79,1115.7628120918296,842.9136811604371,731.042528831003,4014.3269664535637,0.099413258217719,0.07124450791265895,0.0693340897520545,0.3447204432306149,14.817249867999635,5,True,9172.543701299952,,,,,,deltaI0.2,FGO-B
80,1115.214848354841,843.4314644355172,729.6077869590412,4009.8066003928225,0.09928723037153159,0.07121955714034824,0.06917896208806733,0.3442477120567548,9.717229194000538,5,True,9178.82527337351,,,,,,deltaI0.2,FGO-B
81,1116.7669707890216,844.6104205757307,730.6173447846517,4017.9141625915527,0.09949130594038132,0.07134575003152513,0.06934193471602654,0.34499206547486627,11.423019865000242,5,True,9169.65996789524,,,,,,deltaI0.2,FGO-B
82,1118.1743465934742,843.6042429985366,733.9248943690417,4022.048959429192,0.09951649022955938,0.07124922729070303,0.06947718645776992,0.34525330148430167,5.810968140000114,5,True,9167.438274715221,,,,,,deltaI0.2,FGO-B
83,1118.8069680888339,843.6674291653403,734.8158278165178,4026.4771594904832,0.09964694180017407,0.07133410229972371,0.06957699949853996,0.3456880930208545,109.31723306999993,13,True,9165.76920955297,,,,,,deltaI0.2,FGO-B
84,1114.2632816793448,841.9518724678813,729.8627989880365,4007.8857844257404,0.09931831453897443,0.07120447425644068,0.0692390818015847,0.3442072510095689,11.812210502001108,5,True,9183.552571852064,,,,,,deltaI0.2,FGO-B
85,1114.1766238772423,841.6604811444357,730.0665611259064,4008.9439222556957,0.09935055833257625,0.07120972307830466,0.06927993057232235,0.3443458086573471,20.776647480000975,6,True,9180.389918500226,,,,,,deltaI0.2,FGO-B
86,1117.745167212349,846.0253294840644,730.4761465632827,4019.3154116441488,0.09948654552768749,0.07136124107907925,0.06931916050188555,0.34507161107039613,10.378189588998794,5,True,9162.750956855678,,,,,,deltaI0.2,FGO-B
87,1119.043530328455,846.8343336106947,731.5258260568135,4025.624613078675,0.0997073175376518,0.07155463886380016,0.06943689817111122,0.34572739133452,10.641271083000902,5,True,9158.432665176268,,,,,,deltaI0.2,FGO-B
88,1116.1773003181695,844.0331763781948,730.3832986305837,4019.69211860398,0.09965220078534832,0.07149809416805288,0.06941601869669292,0.3453328864857148,16.58152896499996,5,True,9170.321132583918,,,,,,deltaI0.2,FGO-B
89,1119.9935362489787,847.618342093008,732.0714906257399,4026.4700890550293,0.0996881197450489,0.07153918007686623,0.06942526148480044,0.34575737536413614,4.515372026999103,4,True,9152.954324174156,,,,,,deltaI0.2,FGO-B
90,1119.0464452058875,844.1189340456881,734.6619438309739,4030.7597807971338,0.09970322807046805,0.07138314346411886,0.06960733091315018,0.3459880869698329,9.666411311000047,4,True,9162.950329615887,,,,,,deltaI0.2,FGO-B
91,1113.4110676950343,840.1667294668548,730.6189652361653,4006.5231380065643,0.09926758803211568,0.07108448814385651,0.06928960657299015,0.34409011042477855,10.090846601000521,4,True,9185.55120572302,,,,,,deltaI0.2,FGO-B
92,1116.608090125571,845.7033631511894,729.1086671331253,4014.897320187125,0.09952558835423159,0.07146063704153795,0.06927279473843635,0.34495825550253073,20.975860918000762,7,True,9161.264927577635,,,,,,deltaI0.2,FGO-B
93,1120.814342179914,844.9841625542514,736.3603429494856,4037.321674481012,0.0997753347662379,0.07142556111390522,0.0696671130970606,0.3463843384885834,6.877163691999158,6,True,9161.498541190032,,,,,,deltaI0.2,FGO-B
94,1118.340998413965,845.6007220030011,731.8784104491313,4022.9943891256307,0.09963755192108704,0.07148559238834447,0.06940786579138407,0.34543496965298415,9.09325340400028,5,True,9167.771471972654,,,,,,deltaI0.2,FGO-B
95,1117.8120405585125,844.6719082844951,732.1428312649215,4022.3350826678275,0.09961514201682146,0.0714341387041411,0.06942867092656346,0.3453830443405636,9.09329337499912,5,True,9170.616574514503,,,,,,deltaI0.2,FGO-B
96,1120.8333397608733,848.0475572817662,732.8592744230932,4031.5955876320954,0.09976132617510049,0.07159224947805796,0.06947569369848926,0.3460835782460681,12.428928108000036,5,True,9154.435809434108,,,,,,deltaI0.2,FGO-B
97,1118.4545719366647,845.6584787437451,731.9852230850312,4024.868271589393,0.09964522287517036,0.07147044476225131,0.06943447247101656,0.34554238133033194,73.28405653200025,13,True,9166.574865923283,,,,,,deltaI0.2,FGO-B
98,1121.9935605201517,847.7384447985287,734.9891693482698,4038.6342599884824,0.09997259576114138,0.07167266122358473,0.06969612282150162,0.3468327211821928,11.437533850999898,6,True,9143.973006359198,,,,,,deltaI0.2,FGO-B
99,1118.0688926705573,846.6455529734008,730.2529400063587,4020.099948317225,0.09957876304703464,0.07147714511984886,0.06933215542223924,0.34521401910208827,9.135317534999558,5,True,9164.216749981824,,,,,,deltaI0.2,FGO-B
100,1117.341396225484,845.8029988139546,730.1158010318882,4018.5639278955223,0.0995655500500438,0.0714612090220758,0.06932960667615944,0.3451848114703208,6.810033494999516,5,True,9162.351956803066,,,,,,deltaI0.2,FGO-B
101,1117.0274920938211,845.0223148096,730.5393251339977,4017.4773034026175,0.0995813803406497,0.07146425220331476,0.06934920307811876,0.34511190822308846,18.256198003000463,5,True,9168.308198056084,,,,,,deltaI0.2,FGO-B
102,1117.7256436168002,845.2821308160914,731.3061832923325,4019.4986452826906,0.0995622416685654,0.07140180922464973,0.06938603321646615,0.3451955864660458,17.058576007000738,4,True,9164.602381116232,,,,,,deltaI0.2,FGO-B
103,1118.7850735269803,845.005613967981,733.2431746081008,4028.159272868517,0.09970429594243846,0.07144095843719854,0.0695495225501356,0.34586383025137113,12.096928230999765,5,True,9160.22136471082,,,,,,deltaI0.2,FGO-B
104,1115.3324169636637,845.9124751891916,726.9102314930662,4004.4789310737065,0.09928998919028993,0.07137854929557899,0.06901887172264186,0.3439504547922861,11.525896629000272,5,True,9178.128827411094,,,,,,deltaI0.2,FGO-B
105,1115.5013499928257,844.8958497948053,728.3503723039692,4008.659896587995,0.09943379151627642,0.07140595626378951,0.06919731429294135,0.3444021523527998,12.87756884800001,5,True,9175.220089165548,,,,,,deltaI0.2,FGO-B
106,1118.462725629524,845.3796993558019,732.3196245763987,4025.7374721555384,0.09967429259099382,0.07145527227644004,0.0694917884891076,0.345740067133108,4.45534696499999,4,True,9156.45424084307,,,,,,deltaI0.2,FGO-B
107,1117.3367001539848,844.5911599054268,731.5101326164944,4018.1696039971785,0.09960796309154567,0.07143087532265092,0.06942172831244282,0.3452746840397359,16.938157794998915,5,True,9159.642689430877,,,,,,deltaI0.2,FGO-B
108,1119.8867443396196,847.7923191665834,731.7065694045247,4026.8121777583087,0.09971196326098679,0.07157606892148619,0.06942148064617347,0.345827735977443,18.533163062998938,6,True,9151.056914996636,,,,,,deltaI0.2,FGO-B
109,1119.141037245855,843.5695172495972,735.4366939546936,4032.2484187096343,0.0997864019305686,0.07140632776101023,0.06970267115352298,0.3462407943888345,15.419534065000335,6,True,9156.98861082227,,,,,,deltaI0.2,FGO-B
110,1119.194702532566,844.7039072670295,734.215289424548,4033.416831957908,0.09984259214803724,0.07152468707321452,0.06966177105068495,0.3463545864395338,9.329665306999232,4,True,9157.97999954641,,,,,,deltaI0.2,FGO-B
111,1118.433583827315,846.1301258803757,731.4078831339401,4016.9421309195122,0.09945525328439773,0.07135698745640445,0.06927862402653681,0.3449601537637811,9.977327692000472,5,True,9158.267656216762,,,,,,deltaI0.2,FGO-B
112,1115.7652434799477,843.5181818975461,730.3486532924705,4015.9317140566773,0.09944072551658498,0.07131043495515586,0.06930569787377715,0.3448185016679062,5.897714736000125,4,True,9175.246952469062,,,,,,deltaI0.2,FGO-B
113,1118.522610722518,844.006285386989,733.9933384743858,4029.5832236762035,0.09979023014621251,0.07150523523823245,0.06960669052726971,0.3460435774679608,9.774409932000708,4,True,9166.641090421179,,,,,,deltaI0.2,FGO-B
114,1114.551470901608,842.0983943507086,730.1337381061749,4010.339860647716,0.09936436715217813,0.07124300279533438,0.06926551820535838,0.34442704905621857,10.627668126999197,5,True,9180.405643571317,,,,,,deltaI0.2,FGO-B
115,1119.4046481210014,846.0158214617303,733.0238714198443,4027.9854077918585,0.09971123634340878,0.07148411769457316,0.06951511756847956,0.3458756686508425,15.766604495998763,5,True,9156.08695691521,,,,,,deltaI0.2,FGO-B
116,1118.8921137928653,847.3144687589678,730.7378143626988,4019.283685896563,0.0995952336045697,0.0715259052170963,0.06930552243237018,0.3451944219669856,5.9555181129999255,4,True,9164.80392962531,,,,,,deltaI0.2,FGO-B
117,1119.6400464305102,846.6064030555729,732.7014616310111,4031.524679509921,0.09974792297113863,0.07154060914583017,0.06950963516016875,0.34604295566577736,13.817239619000247,4,True,9161.074999778832,,,,,,deltaI0.2,FGO-B
118,1116.894546239801,845.1954343694463,730.1356758447391,4016.6023221917194,0.09957751622611932,0.07147409660566828,0.06933350742726531,0.3450291270293596,12.085750309001014,5,True,9171.455615891335,,,,,,deltaI0.2,FGO-B
119,1119.9589189607163,847.5310745586853,732.1195652467271,4030.5025779150146,0.09986316305173375,0.07167899203281396,0.06953253508866879,0.3462787090615655,7.372435085999314,4,True,9145.963789040648,,,,,,deltaI0.2,FGO-B
120,1119.1525322677348,844.8583091610572,733.9733155386527,4029.7053084204163,0.09971351843797843,0.07140671540422625,0.06959789331912931,0.34600161241837735,7.638755844000116,4,True,9154.993202900667,,,,,,deltaI0.2,FGO-B
121,1116.4400316888643,844.9383025325337,729.7380415401633,4013.8171148230417,0.09942046254495555,0.07132187259221966,0.06926484579201844,0.3447016238153684,17.508924303998356,7,True,9167.619268198725,,,,,,deltaI0.2,FGO-B
122,1115.5038812978498,844.0568497295554,729.3263628960539,4009.208607308444,0.09930126331541177,0.0712594788516049,0.06915798992043087,0.34423741525416196,11.557780078999713,5,True,9179.250186459698,,,,,,deltaI0.2,FGO-B
123,1119.006017894247,846.8124081660833,731.4938232545087,4025.5193738844473,0.09965705833838479,0.07151365818638103,0.06940695908525087,0.3455952328560735,112.11278630500055,14,True,9162.372320972427,,,,,,deltaI0.2,FGO-B
124,1116.1312138352039,844.9139307079894,729.2937242242119,4014.50454132087,0.0994685442598693,0.07139761086118931,0.06925584784328151,0.34477478587945426,4.967590959000518,4,True,9172.693893425163,,,,,,deltaI0.2,FGO-B
125,1117.1091090566244,843.9581561957999,731.8930195922566,4020.0120595735993,0.09953610343967768,0.07136037476964553,0.06939115794314109,0.34514829983980533,7.343810570000642,4,True,9173.232420927921,,,,,,deltaI0.2,FGO-B
126,1115.1467778528029,845.6592536535343,726.9200525956319,4007.414889513291,0.09930619311335367,0.07136349393299007,0.0690577419580367,0.3441689980003262,18.375152702999912,5,True,9174.114705067592,,,,,,deltaI0.2,FGO-B
127,1117.1607431842654,844.790440884734,731.011106004414,4023.1650688489076,0.0995474935253385,0.07139702337929259,0.06936979544264245,0.34529268443968086,11.272039965000658,5,True,9174.330902507656,,,,,,deltaI0.2,FGO-B
128,1115.116988611357,843.9544669080219,728.8530414806938,4008.761468023247,0.09936965286487937,0.07132022857631137,0.06919359006663355,0.34430947761305686,9.661105955001403,5,True,9179.483138489928,,,,,,deltaI0.2,FGO-B
129,1116.7819327285388,845.1657985764945,729.997711082334,4015.2621374432747,0.099520643465483,0.07142853928762852,0.06929878967932625,0.344934045319912,12.215786443999605,7,True,9165.19878124079,,,,,,deltaI0.2,FGO-B
130,1116.2798178492951,846.5693703151708,727.5994316805305,4008.242686802508,0.09930819244973618,0.07136270755831693,0.06906142959409381,0.3441818824858089,7.291426282999964,4,True,9172.721952998665,,,,,,deltaI0.2,FGO-B
131,1117.3172120106112,843.5597522221153,732.6695685546991,4020.3956718458435,0.09950370042595814,0.07127735569571533,0.06943000045718924,0.34519993111752884,13.182159621999745,5,True,9165.391354067311,,,,,,deltaI0.2,FGO-B
132,1116.321848822392,844.54835197904,730.0085967491967,4014.959771632369,0.09948362696264271,0.07139953029730713,0.06927553036221501,0.344802611112874,13.848064316000091,6,True,9175.259141577602,,,,,,deltaI0.2,FGO-B
133,1119.7073328781707,846.488540631386,732.9404217812611,4026.63375985247,0.09959238634740845,0.07140549865405821,0.06942548653294957,0.3455419600075421,12.045882073998655,5,True,9163.016148009168,,,,,,deltaI0.2,FGO-B
134,1115.9120493420485,842.6551632217958,731.5681634423545,4019.149655827714,0.09958450784068584,0.07136776986138584,0.06945297421193629,0.3452507661031189,17.140868882999712,5,True,9168.974373570847,,,,,,deltaI0.2,FGO-B
135,1118.855150144384,846.1009749494353,732.0860517686609,4027.61475258545,0.09969068497122893,0.07150613703626338,0.06946297601013025,0.34578544158370256,12.404327078000279,5,True,9162.657443341497,,,,,,deltaI0.2,FGO-B
136,1120.573727087367,847.3996013859953,733.2116975398914,4031.264311041115,0.09983791529519272,0.07162846450387184,0.0695483457984994,0.3462328874447787,7.064095447998625,4,True,9152.375786394106,,,,,,deltaI0.2,FGO-B
137,1116.4165552884747,843.2607317676485,731.6401186245008,4019.6005063690395,0.09947935569097645,0.07126653252061546,0.06940622127143839,0.3450567496303078,8.820048032001068,5,True,9173.36182237555,,,,,,deltaI0.2,FGO-B
138,1119.7072451731283,846.0553942030759,733.4402394422285,4030.2595936742837,0.09974548348007325,0.07151120640809133,0.06953638495588424,0.34602508566084955,7.340019921999556,4,True,9158.428724421352,,,,,,deltaI0.2,FGO-B
139,1119.2787549453628,845.3433662997224,733.6072002952911,4030.487218541329,0.09973701915521163,0.07149115845332747,0.06954485784706355,0.34601988783728715,11.914701773999695,5,True,9161.51694607335,,,,,,deltaI0.2,FGO-B
140,1115.6723631684324,842.4950147931035,731.3870192904731,4016.662911664129,0.09956018116207649,0.0713674207114263,0.06941844808135493,0.34502320941619197,5.585918621000019,4,True,9176.778244339657,,,,,,deltaI0.2,FGO-B
141,1115.0099103588898,842.7510485843334,730.0806601386902,4013.813808776211,0.09945438973493037,0.07132218218768997,0.06931321638427539,0.3447908394742959,10.152177115000086,4,True,9173.119952855805,,,,,,deltaI0.2,FGO-B
142,1115.8856892664978,843.5626942197796,730.4812471449449,4010.1389365280443,0.09932486475714973,0.07124351620181728,0.06920830989286968,0.3443545256732238,6.480904691999967,5,True,9176.102206893345,,,,,,deltaI0.2,FGO-B
143,1117.4971162652773,842.4666978969852,734.2000189292838,4026.8961649874072,0.09961512191745953,0.07127017582705963,0.06959694355508964,0.3456766710132735,17.4169371529988,4,True,9166.481776130557,,,,,,deltaI0.2,FGO-B
144,1117.191145118246,843.5876821641324,732.445135987375,4021.1827860934327,0.09950939088679765,0.07129889408481233,0.06941603976707544,0.3451713352647386,8.49567301999923,4,True,9172.559998939625,,,,,,deltaI0.2,FGO-B
145,1119.3241538462055,846.2221908880026,732.6626543179559,4026.7459294813743,0.09969602436979891,0.07150059524076323,0.06947634241495507,0.34570728905750314,16.024878665999495,6,True,9165.152586371909,,,,,,deltaI0.2,FGO-B
146,1118.5295207107472,843.7165090669072,734.3369397145733,4028.3200315567055,0.09965509993012663,0.07135492601428284,0.06956733051928718,0.3458131752869037,12.85615510200114,6,True,9163.169960675952,,,,,,deltaI0.2,FGO-B
147,1117.507043725663,845.8974205184127,730.2599172464328,4017.666576271412,0.09956843063033359,0.07145538396902684,0.06933974675484827,0.3451064814678085,13.878667859000416,6,True,9164.067943135824,,,,,,deltaI0.2,FGO-B
148,1114.5976748837418,844.2248771065917,727.7446899363839,4006.195452068699,0.09933025864274234,0.07132667462554249,0.06913035345559926,0.34415242595062356,13.013256313000966,5,True,9177.497140320742,,,,,,deltaI0.2,FGO-B
149,1120.069972336799,847.342058062532,732.5081430051891,4030.739055899861,0.09981522167323796,0.07160879059881049,0.06953603085202191,0.3461670880490595,7.959152339999491,4,True,9152.058209109986,,,,,,deltaI0.2,FGO-B
150,1116.200955412499,843.6117127993801,730.9061847401978,4017.050252052517,0.09955509055808259,0.07141973801754314,0.06935731452077372,0.3450679416497752,15.374081916999785,5,True,9173.078636557975,,,,,,deltaI0.2,FGO-B
151,1119.8602947138652,847.6146687747616,731.8718828828418,4023.4907745906457,0.09960775528390549,0.07149605864435098,0.06935429699032303,0.3454284534537194,5.539726392000375,4,True,9160.680841914302,,,,,,deltaI0.2,FGO-B
152,1116.7266080572892,845.1012024457661,729.9878593290844,4013.4382700446718,0.09932912803434177,0.07126120310977369,0.0691962181582942,0.34449182953797736,7.040291351999258,4,True,9173.479229724035,,,,,,deltaI0.2,FGO-B
153,1117.8505553188359,844.0100237421474,732.9644901694826,4025.7400184925923,0.09962035897322953,0.07138025390287117,0.0694915482250666,0.34555695427965677,10.570514332999664,6,True,9171.940899711128,,,,,,deltaI0.2,FGO-B
154,1118.7112518230292,846.6141241006713,731.2724456922348,4025.384066248356,0.09972759990698593,0.07159500782244403,0.06942441240739482,0.34573167412218797,15.00559414700001,5,True,9160.949379121914,,,,,,deltaI0.2,FGO-B
155,1118.682375638221,845.3632629845013,732.6740142517478,4028.38470105853,0.099681951791928,0.0714685476547416,0.06948912295582804,0.3458346264331342,7.0684994220009685,4,True,9162.552987522118,,,,,,deltaI0.2,FGO-B
156,1118.2562394167337,847.3959296312808,729.6692096003454,4016.232580693469,0.09951779442695528,0.07147847755035715,0.06924318489706278,0.34498659042871405,7.398546635000457,5,True,9158.559257763287,,,,,,deltaI0.2,FGO-B
157,1119.9715679228475,846.5941401272947,733.2221183636561,4028.918465987334,0.09967018018147432,0.07146091873666427,0.06948008283471908,0.34581667026284507,9.297558487998685,5,True,9159.618640317958,,,,,,deltaI0.2,FGO-B
158,1115.964173655271,845.7920448854619,728.0191300306337,4008.672524202895,0.09938021458869555,0.071403812373702,0.06912251898040418,0.3443472816623004,8.712310676000925,4,True,9171.726528388845,,,,,,deltaI0.2,FGO-B
159,1115.3810226712503,842.9600838828424,730.4061354584827,4014.7069130830278,0.09953131310218492,0.07138170301998684,0.06936234397575944,0.3449243276823991,9.111393524999585,5,True,9173.375286891705,,,,,,deltaI0.2,FGO-B
160,1116.2778187924525,844.0816831740414,730.4808559148645,4020.515288440311,0.09951810386161451,0.07139398731408227,0.06933074045189302,0.34509424825374807,8.191593449999345,4,True,9178.621129184894,,,,,,deltaI0.2,FGO-B
161,1115.9926354067893,844.1578684122771,729.9568860417934,4013.5857871623475,0.09939608115622338,0.0712900856425776,0.06926257747361483,0.3446436318759042,19.054693575000783,6,True,9172.072374330455,,,,,,deltaI0.2,FGO-B
162,1116.6868389490317,844.4527085854572,730.6771648578224,4020.4062725590243,0.09955424153614872,0.07140631073891636,0.06936991995451022,0.34520409935948926,11.374564555000688,4,True,9172.005397901126,,,,,,deltaI0.2,FGO-B
163,1121.9322391689534,847.8228210084939,734.7982127522231,4036.9544858417617,0.0998878545916386,0.07160380448076062,0.06964537801463455,0.34658209083465386,11.587960689999818,5,True,9146.995753430945,,,,,,deltaI0.2,FGO-B
164,1117.5467541320277,845.0473176483694,731.3041628531365,4020.872907684711,0.09955105923255847,0.07139019090432527,0.06938194316224039,0.3452790805631796,7.261579456999243,5,True,9163.660977013196,,,,,,deltaI0.2,FGO-B
165,1120.993537490073,847.1713547163301,734.1166166506557,4034.3859299198816,0.09980706559038688,0.07154638116272512,0.06958854563993877,0.34632681952850686,9.862795236000238,5,True,9151.755067253484,,,,,,deltaI0.2,FGO-B
166,1119.9145104888153,846.1886503387205,733.6029435882448,4034.338142601946,0.09987063121126104,0.07161593715080802,0.06960819294125672,0.34637901524342396,9.551671241000804,4,True,9161.346952597107,,,,,,deltaI0.2,FGO-B
167,1118.556008264,846.6710735939135,730.9689711354532,4022.5371737312494,0.09952704606578154,0.07140692404617685,0.06933025383513122,0.34526224399578276,104.60592823599836,14,True,9164.12827970843,,,,,,deltaI0.2,FGO-B
168,1115.038229150978,843.6998461828443,729.0273122587341,4008.090066436034,0.09932315353844959,0.07125542977118625,0.06919358754209795,0.34422155995785564,10.073558877000323,5,True,9178.672726579101,,,,,,deltaI0.2,FGO-B
169,1118.8644191607655,845.6405464022008,732.6320049960581,4024.5867261418084,0.09960155933675686,0.0713953218190735,0.06944910830719443,0.3454864305453662,7.350995303000673,4,True,9163.770418987451,,,,,,deltaI0.2,FGO-B
170,1118.7391315789475,846.3854683271535,731.5797178234529,4024.8068064215777,0.09970142614843168,0.07154792408486627,0.06943535796103732,0.3456708874935003,7.080493892000959,4,True,9161.304503250834,,,,,,deltaI0.2,FGO-B
171,1120.58124434783,846.8567290388069,733.8501247978528,4028.44141638212,0.09967284856202802,0.07144645930702113,0.06949877835587574,0.34583947916883484,12.093280802999288,5,True,9153.260158881887,,,,,,deltaI0.2,FGO-B
172,1116.3632098765675,844.4301327588768,730.2085779109545,4013.8229442423503,0.09938429741894848,0.07129299886804844,0.06924266665762127,0.3446259071255409,7.413925663000555,4,True,9171.85089196039,,,,,,deltaI0.2,FGO-B
173,1118.4193789633862,847.6009441115857,729.6811267821,4020.4588093900115,0.0996646845217009,0.0716070369980088,0.06932158100603278,0.345431374561978,7.298813262999829,4,True,9154.75718011861,,,,,,deltaI0.2,FGO-B
174,1118.6774082348497,846.9314724067227,730.8530801344559,4020.029428014742,0.09962587760444162,0.07150521321618125,0.06937088705908008,0.34542787582578055,12.603610607000519,5,True,9149.14675265544,,,,,,deltaI0.2,FGO-B
175,1118.3150597770755,845.3117929325947,732.1724835401055,4023.0089564513255,0.09956655850596591,0.07138014573875233,0.0694145112136966,0.3454062751051582,12.10388580200015,5,True,9159.927130148119,,,,,,deltaI0.2,FGO-B
176,1117.685887172379,845.0848027189371,731.4734572066185,4020.6449448224753,0.0995786113619637,0.0714461084686116,0.06936392019968589,0.3452283277265443,12.77682448700034,4,True,9171.759664945344,,,,,,deltaI0.2,FGO-B
177,1116.5855163217043,845.4518324636541,729.3657616335279,4012.6155481517067,0.09940941256967367,0.07133548166339725,0.0692349648898496,0.3446832542507038,8.840879692001181,4,True,9160.579843339041,,,,,,deltaI0.2,FGO-B
178,1115.790876651419,844.707318395433,729.0122266928992,4014.4466656539203,0.09950392680476029,0.07142813896873676,0.06927519334530888,0.3448639617338923,10.93146168199928,5,True,9168.622977889323,,,,,,deltaI0.2,FGO-B
179,1116.5448960596123,845.1649194631017,729.6360488803297,4015.8465955752786,0.09951545785525515,0.07144436764495987,0.06927502207832832,0.34491704147387126,13.544627797999055,6,True,9170.89656189159,,,,,,deltaI0.2,FGO-B
180,1118.509026889095,844.8673128497458,732.9813550905913,4029.7941330604813,0.0997477701295959,0.07149009691906678,0.06956136634892346,0.34598512864278774,7.659947830999954,4,True,9161.995813279325,,,,,,deltaI0.2,FGO-B
181,1118.9622324089214,843.7336384999568,734.9762069762405,4026.4473571905664,0.09955679428239396,0.0712457451426121,0.06953847199112786,0.34548470800926234,7.008652970000185,4,True,9170.212790935195,,,,,,deltaI0.2,FGO-B
182,1123.72876951998,848.3757138566693,736.9022971772274,4046.9052951223443,0.10010917586879839,0.07176421912493407,0.06979787924083693,0.3473841272646991,5.621598431998791,5,True,9147.467957020383,,,,,,deltaI0.2,FGO-B
183,1114.5414253874421,842.6628830947448,729.4668288271397,4010.762885671809,0.09936263220708429,0.07125193410348463,0.06925384152256817,0.3443742084299911,10.085237956998753,4,True,9185.458765739959,,,,,,deltaI0.2,FGO-B
184,1119.903956530026,846.7264451346504,732.9660285178602,4032.0921939283994,0.09982076880781096,0.07160838143421994,0.06954441454030447,0.3461933799456082,9.689433742998517,4,True,9158.993457191751,,,,,,deltaI0.2,FGO-B
185,1119.8425695659912,848.5290203531943,730.7844293843503,4025.618148858856,0.09964012899466816,0.07154299801727963,0.06935239534993462,0.3456080950135403,7.800075282999387,5,True,9153.469009092034,,,,,,deltaI0.2,FGO-B
186,1119.7876583887555,845.0499776959429,734.7209913129327,4030.417467166329,0.09969046346920092,0.0713998458985298,0.06957190893148096,0.345988404700034,5.772818756000561,5,True,9156.244120682195,,,,,,deltaI0.2,FGO-B
187,1114.8123572761613,843.5215050974389,728.8882372310466,4009.0256285542546,0.09935835317633533,0.07129489105739215,0.06920347429882384,0.3443656855117121,12.480607608000355,5,True,9175.57693545374,,,,,,deltaI0.2,FGO-B
188,1115.6355499506506,844.208037808306,729.3527741864973,4011.968199603904,0.09941490415458208,0.07135303409349036,0.06922476214273288,0.34455114849429175,8.785588732000178,5,True,9176.63569269228,,,,,,deltaI0.2,FGO-B
189,1116.4528148398265,845.1267238473602,729.5393809814517,4014.3590641693663,0.09945223646533863,0.07135948951373285,0.06927171568755233,0.34477589049432283,12.1756839819991,5,True,9167.045793594489,,,,,,deltaI0.2,FGO-B
190,1118.7918294179403,845.0219564158124,733.2346491727833,4026.5126654482347,0.09965762217080455,0.07142338616528829,0.06950065874092808,0.3456968431961419,9.738940545999867,4,True,9162.480415112022,,,,,,deltaI0.2,FGO-B
191,1118.1905058054083,844.0243166562612,733.466400161784,4027.7907760698745,0.09968105965465986,0.07143533370240253,0.06952198754856086,0.34573295622954064,12.358307984999556,5,True,9172.289867141646,,,,,,deltaI0.2,FGO-B
192,1116.6251673014353,846.8758415616007,727.7726796399332,4007.094160669165,0.09928566546328513,0.07133496130257014,0.06905770530830133,0.34418082791670596,12.330894718001218,6,True,9162.728096458943,,,,,,deltaI0.2,FGO-B
193,1116.6945881840693,844.9632995006742,730.098504159899,4016.717407585862,0.0995170516627439,0.07141420699751615,0.0693084021642481,0.345018488139772,11.00589251799829,5,True,9165.099841980402,,,,,,deltaI0.2,FGO-B
194,1122.0018788777566,848.9993969569526,733.544981696383,4036.1509154587648,0.09990337148939192,0.07168902503522265,0.06957993478328842,0.3465976743446567,19.735848373999033,6,True,9142.73418313983,,,,,,deltaI0.2,FGO-B
195,1117.9655246788384,843.6238713062966,733.584131598147,4024.544925714927,0.09963066274706839,0.07135200741832678,0.06953531474578308,0.34555099368048237,7.459774928000115,5,True,9167.707401168926,,,,,,deltaI0.2,FGO-B
196,1117.5285782573887,844.5240747875087,731.880598408158,4021.3217000460536,0.09953658768814912,0.07134909701931196,0.06940344835186077,0.34519969291803526,15.324621630001275,5,True,9171.755801483117,,,,,,deltaI0.2,FGO-B
197,1116.5348566556324,842.7743394228943,732.3807062841825,4022.143936409068,0.09958212453791107,0.07135668560596937,0.06946094547884354,0.3452828379101091,6.856885072000296,4,True,9180.363818094691,,,,,,deltaI0.2,FGO-B
198,1116.6413110345081,843.1312056482622,732.1322200060404,4019.6327411780944,0.09947103477163872,0.07126011757563618,0.06940088185064414,0.34509006649097135,25.728865638999196,7,True,9169.89412492614,,,,,,deltaI0.2,FGO-B
199,1116.8935014214378,844.8428482874415,730.5420283700334,4021.190663570031,0.09960652896656255,0.0714535798267589,0.06939630064137178,0.3453488845139222,11.233746867999798,4,True,9167.096789795822,,,,,,deltaI0.2,FGO-B
200,1117.9794192310221,843.4630031246587,733.7902589869026,4023.960360506565,0.09958518243073418,0.07129362102723846,0.06953005221188253,0.34545810199477855,11.25463580199903,4,True,9167.2635682894,,,,,,deltaI0.2,FGO-B
1,14.088492126290241,11.684700389032043,7.871047402417073,40.13685452331281,0.0033165288309935084,0.001287223742469998,0.003056537014929265,0.08843585815947987,17.693718917000297,7,True,1.201352708710765,-0.0008561790665479629,0.0012293895720068282,0.002371165486715767,0.0028047935894012044,14.046129773989378,deltaI0.2,FGO-G
2,15.267512762549575,13.214758923105126,7.646377741050173,45.751730928224895,0.003916636299093461,0.001366464593142907,0.0036705332603129085,0.11660319335934637,9.378324189001432,6,True,8.924873526210856,-0.003414843779028884,0.0006434910331771793,-0.00045349505697124006,0.003504411007808452,-21.898547255579615,deltaI0.2,FGO-G
3,15.691964066529026,12.531013907276801,9.445180078795408,53.97031837799163,0.004257481476912769,0.001585329569015061,0.0039513135390477246,0.126319377714879,11.200400903000627,5,True,1.7244638046264429,-0.003925476103892373,0.00045092174123237405,0.00045062558221308895,0.0039769028746363625,-34.5009923853213,deltaI0.2,FGO-G
4,13.234555041478684,10.715875649852617,7.766817636768912,46.811793814215775,0.004735671941395983,0.0015468719846736846,0.004475910611211633,0.14191643258715456,25.19767976299954,7,True,2.9510686782970175,-0.003458769716385102,0.0007269467562293352,-2.412318745910095e-06,0.0035343380365574486,-55.764836073816696,deltaI0.2,FGO-G
5,16.210234907639222,13.027830523278134,9.646105308236468,53.028621917782615,0.0077048227364430255,0.001929122036747343,0.007459408928819038,0.18902261906662185,18.418544805001147,7,True,6.389416455378499,-0.007008432381468647,0.0004906832692588015,0.0005795040318594404,0.007049448165586448,-166.00676175567787,deltaI0.2,FGO-G
6,15.69206951832407,14.255975248459986,6.558064919106219,41.62412316828144,0.003433546490676405,0.0015095448894612662,0.003083912406398345,0.09112014492279505,9.688824226001088,6,True,4.112332858511456,-0.003281168448582915,0.0007400119639840164,-9.436645997370786e-06,0.0033635952707041276,10.087168939462572,deltaI0.2,FGO-G
7,11.271333580202613,9.801525025907589,5.565345258176741,35.02932775173248,0.004554828694511062,0.001119245416187785,0.004415173171539705,0.14095718730120924,15.197171603000243,6,True,10.353370982182199,-0.0008942897498988175,0.0014312854149016452,0.00039836719962946677,0.0017340785799452364,-53.965502654325974,deltaI0.2,FGO-G
8,15.924515310822924,13.144961923533256,8.988891139261542,53.7080306468299,0.003769619455715632,0.0012899703081909757,0.003542034365290023,0.11287896390495317,24.797024673000124,8,True,2.0501603299600046,0.0006672120314111707,0.0016971078173469434,0.00015693103938825136,0.0018302934709175478,-16.312586293490313,deltaI0.2,FGO-G
9,12.775611711544878,10.30836468491713,7.546778923946032,42.219715335789935,0.005552839590456834,0.0012744123856438458,0.005404618449868815,0.16256009604899527,12.41078672399999,5,True,4.092442237749269,-0.001837164985120418,0.0013722770173921761,-0.0002627273088783456,0.0023081042077527023,-88.82944610740378,deltaI0.2,FGO-G
10,13.084356443970877,11.461495983610188,6.311457309573578,40.633660697932726,0.004689638923690243,0.0011774696367608274,0.004539413892684484,0.14385050342619116,15.443011295999895,6,True,3.041973991893215,0.0008850783623508398,0.001221481388676754,-0.000269761882899566,0.0015323680901959734,117.64221892375645,deltaI0.2,FGO-G
11,15.81057062953005,14.797770221739153,5.567776943805149,28.987667870511395,0.0034598230378862843,0.0013206019811872287,0.0031978720832411423,0.10041675665586527,20.914501193999968,6,True,1.6823079545854716,-0.0018221634032806182,0.0011423110294793981,0.0005520671162505915,0.0022203450311090688,-1.0992501382424962,deltaI0.2,FGO-G
12,15.2907301803732,11.84109152473128,9.674449904356987,57.62141966921174,0.006018762632323537,0.0016868428292197704,0.005777548346293953,0.168151058901304,20.99633001500115,6,True,6.401899472277184,-0.005112478372952469,0.0004550352381249012,0.0015271208855418285,0.005355052789739814,-101.27400670196221,deltaI0.2,FGO-G
13,13.385864614418383,12.171674692830594,5.570610976135875,33.994656273192504,0.0048549580828162065,0.001529662236090513,0.004607683955023498,0.145272339105391,18.317725157001405,8,True,2.136617053909422,-0.0036834791417030173,0.0010236472468041768,0.00045388495869438125,0.0038499199769579584,-61.35544893293991,deltaI0.2,FGO-G
14,10.364228781690427,9.174137056543929,4.822079168467448,28.616648471492535,0.004000352291744357,0.0012595528388207437,0.0037968862379959356,0.1235046860873621,9.611372899000344,6,True,1.3292268789674764,-0.0027218656621773142,0.0010447019411203018,0.0006506875767348196,0.002987197541381806,-30.676326743749087,deltaI0.2,FGO-G
15,13.786259523885404,12.818405419290784,5.074390029020008,29.796274191071404,0.003266768206576312,0.0011411993080994195,0.0030609538798700023,0.09075000694860377,15.162931159000436,6,True,4.415635874740371,-0.0006892559326131338,0.00105446894717387,0.0005604168231160675,0.001378784071864727,48.318657971249195,deltaI0.2,FGO-G
16,14.20316690650665,11.800917204392306,7.90368922144358,42.92324474666238,0.004930355607285288,0.0012415859898806491,0.0047714642033679314,0.14860820243917722,15.519605903999036,6,True,7.950304027352562,-0.002080780119987537,0.0008813483709343983,0.001917801514669351,0.0029638460669124036,-65.68998181362258,deltaI0.2,FGO-G
17,12.984070911557382,11.51129263580089,6.0063499139915875,34.03595979707218,0.0037514933022806413,0.0012137816351408977,0.0035497093034854562,0.11401599919434113,14.715733192999323,6,True,6.345580872420982,-0.0022905237895798317,0.0008793452633653331,0.001889155594498926,0.003096555535277995,-18.397411016187107,deltaI0.2,FGO-G
18,19.088936960613676,17.09380544166095,8.496430415705484,48.39257727745023,0.0074477988482212565,0.0023113060442955073,0.007080082771632612,0.1861722465219256,62.9171199930006,24,True,1.1915651411020747,-0.006366266963928995,0.0007941515874353156,-0.00023080843096222033,0.006419758899806362,-152.10115150698402,deltaI0.2,FGO-G
19,13.817952576983577,11.81071388538122,7.172367178096113,35.87738152095696,0.006499057382961245,0.0013921011740461275,0.006348212440383705,0.17756709716272448,34.78823381499933,12,True,1.083253339794565,-0.004032090486163431,0.0008378283954940391,0.0010261809176982414,0.00424414389303117,-123.03078640239983,deltaI0.2,FGO-G
20,12.578611832549806,11.355735625460836,5.410059522648672,33.01592956242514,0.0036078352798992173,0.0012357977024054988,0.0033895839634997616,0.10758375797778186,25.200119655999515,9,True,2.734511791434608,-0.0022345081298730486,0.0009883548825902477,9.688379565794663e-05,0.002445252221401674,-10.217983393697068,deltaI0.2,FGO-G
21,11.944837720305749,10.302996076276855,6.04379185749003,31.930731544976783,0.004457844515686972,0.0011049670052811521,0.004318729633037986,0.13843958515487387,31.611958200999652,9,True,1.1700218306878742,-0.0027425206882121032,0.0010867914032134385,0.0007454929454443138,0.00304274465098162,-51.06712502136361,deltaI0.2,FGO-G
22,10.87141447438662,9.838289808779049,4.625549298448482,25.005955656297477,0.005408105036361059,0.0012913649932735293,0.005251664168476647,0.15981101188711921,21.168915533000472,6,True,6.953442280074556,-0.002852048523275905,0.0011378794607136422,0.0014285735202669333,0.0033867052940936707,-84.25904389729112,deltaI0.2,FGO-G
23,15.840255618251021,14.470458804586745,6.443564233891907,37.05419803541105,0.004581393434921274,0.0013347366940685147,0.004382652594382403,0.1401736496090232,20.52174118200128,8,True,4.024485428180858,-0.0027285693833644315,0.001075760676325782,0.0008726359721811589,0.003060040106355996,-53.456193891659495,deltaI0.2,FGO-G
24,13.365383790214358,11.61246950512753,6.61695064604595,31.088695942828622,0.005653649863810295,0.001384841143358749,0.005481420599645954,0.16395540200404812,19.02879380899867,8,True,7.8034910318804,-0.004855325286271158,0.0009074519163549954,0.00021571623626826094,0.004944106199364067,-92.93943700481032,deltaI0.2,FGO-G
25,9.922410591159371,7.755052885859988,6.189780826254375,32.00799303540239,0.004789685210912131,0.0012490990390498034,0.0046239416097389515,0.14576379431405992,13.040726092000114,6,True,3.9231273162384257,-0.003030690138272383,0.000984443069937918,0.0007704187356388138,0.0032783770223074674,-61.70010646709852,deltaI0.2,FGO-G
26,13.329698765365182,12.08633162983288,5.621517313775641,31.992153649736213,0.007319353386974726,0.0016610956690195481,0.007128372547909017,0.18655319641525778,20.692733001000306,6,True,1.2408105371626528,-0.005928153060912029,0.0011024902138179749,0.0012207853341112372,0.006152137857456231,-153.51406232476438,deltaI0.2,FGO-G
27,13.32634282491664,11.237706016838942,7.162777154589487,45.29471863376776,0.003999666323097817,0.0013666273884673909,0.003758944037520859,0.12072135409457281,17.78658186999928,7,True,7.944413211633069,-0.003422677507080324,0.0007057853609074849,0.0002258066911645463,0.0035019770066234833,-27.03485906658898,deltaI0.2,FGO-G
28,14.942547689800117,11.714390950629403,9.276463556644998,54.38546662180006,0.007152817494397238,0.0018113171058063403,0.0069196769036110745,0.18419419119996955,24.758273081999505,8,True,4.334534999944079,-0.005775153581474751,0.0005188876404158549,0.0008609513858772338,0.005861986059505849,-144.02154061675537,deltaI0.2,FGO-G
29,11.746560016314634,9.93342696358962,6.269665140652438,29.748670438705794,0.0038530673828408675,0.0012008726145749822,0.0036611518980064215,0.11911601179890924,18.51049239399981,5,True,11.401189972148872,-0.0013237548638120877,0.0011518218370997202,0.0008209429095785296,0.0019372577899374145,-24.390423091084813,deltaI0.2,FGO-G
30,15.001818634998154,14.043833908002233,5.274968390599566,34.22086615779914,0.00820026996197236,0.0017727983470247916,0.008006348323050425,0.19348968577294628,20.721674500999143,6,True,6.290150458988684,-0.00442731313784937,0.001533797188893432,0.00010259283767014922,0.004686593723331717,-189.64336079594068,deltaI0.2,FGO-G
31,18.018679774361512,15.957963540514168,8.367569566523194,51.83734734201194,0.005198369057910138,0.0016437031112878843,0.004931661073530913,0.15292154938285069,13.754421249999723,5,True,12.04988883259467,0.002444065963573348,0.00121859701157373,9.997926781445174e-05,0.0027328433846283357,132.34530480608373,deltaI0.2,FGO-G
32,15.73101228070122,13.451385007401273,8.156285230313669,44.0304426359539,0.0038016423787675274,0.0014185355279938607,0.0035270726859338184,0.11209333379199603,20.784810027000276,6,True,4.629742914238439,-0.0017735103507613794,0.0006424740289000253,0.002044870338928048,0.0027820148355277496,-15.383381980544073,deltaI0.2,FGO-G
33,15.832867984948171,11.970092410541293,10.36323290831093,54.35436705434191,0.0082633227460506,0.0019413678116129297,0.008032035472122272,0.19308010636034773,11.195469389000209,5,True,2.668790607331725,-0.006798482140833645,0.0005818518676291295,0.0003885954688314223,0.0068343922519485106,-188.7810993495732,deltaI0.2,FGO-G
34,13.917896222750093,11.575526872596924,7.727548957400904,43.871394125530095,0.005476482776391812,0.0014355790018529824,0.005284976492810063,0.1604318409491224,20.874479050000446,6,True,2.28738090281969,-0.0017208123126823736,0.0013354799997303823,0.0011713974737809299,0.0024732314664704285,-84.93785941025999,deltaI0.2,FGO-G
35,14.729291337147668,14.00866237817356,4.550758361956613,30.57835356400606,0.0059619011356996906,0.0013853577142888323,0.0057987109908425065,0.16963208558675036,15.266902657000173,6,True,7.396063655093913,-0.0034503371594659174,0.0012952184890618057,0.0007101049529757329,0.0037532208158646287,-104.3437513703393,deltaI0.2,FGO-G
36,18.7739945971295,17.357971486343374,7.152880469596716,44.77959935278231,0.005117227935377732,0.0017882506131501376,0.004794599199847512,0.14933920521365096,17.33444965599847,7,True,10.611575312191585,-0.004434455731316984,0.0005954974192697582,0.0038295944168655,0.0058893809697670605,-67.55299388041021,deltaI0.2,FGO-G
37,13.889071763540548,13.080482172493173,4.669828753591256,30.657201671152198,0.006357787133670158,0.0015845579378249584,0.0061571611460751715,0.17498619260452195,20.154145538999728,6,True,3.4746550953051702,-0.004919649595779222,0.0010073299523689072,0.0022526674238910363,0.005503832873629984,-117.0589926327375,deltaI0.2,FGO-G
38,16.036940871110758,13.337750480695815,8.904374465295204,46.01511878781296,0.004243320162551734,0.001535361680776262,0.00395580971624293,0.1263356863887008,12.397712760001014,5,True,1.8611518783039351,-0.0028995338775489603,0.0006260882243004917,-8.169697121528116e-05,0.0029674833726185566,-34.20051986412727,deltaI0.2,FGO-G
39,12.734375478287259,10.880763583273831,6.616139559207155,42.444352442821376,0.003217680908333994,0.0011997236008908327,0.002985654653392219,0.08096469205502488,24.241620115000842,7,True,3.6197363062301826,0.0002941224503491054,0.0014206579220197024,0.001023000838129461,0.0017751922887423437,23.645226380045642,deltaI0.2,FGO-G
40,12.697383086274984,11.26888044877955,5.851142680770652,31.443238488299357,0.003188532281147897,0.0011532812733475784,0.002972655447990567,0.08050805708857728,12.506213209000634,5,True,5.673945215248396,-0.0003579381176926769,0.0011076100736113481,0.0014677021291392394,0.0018732510005716183,24.31615252824122,deltaI0.2,FGO-G
41,10.941900472339443,9.692961239312298,5.07658235033881,23.14467228467837,0.0054064003915991,0.001296225354806689,0.005248710796361252,0.15946816371288153,21.07202855200012,6,True,3.748990092645614,-0.0039228381889297404,0.0011020479445071618,0.00019641279037237687,0.004079429753377289,-84.58577941201656,deltaI0.2,FGO-G
42,13.434993202391881,11.260613324818475,7.327866667539513,47.29197616231749,0.004320353255801637,0.0014069494293196842,0.004084843394581096,0.1298892237100139,15.818308273001094,7,True,4.304656797495309,-0.003688156600625004,0.000719232870817349,0.0012608899726006153,0.003963538640684954,-39.400043047455256,deltaI0.2,FGO-G
43,12.482689032411487,10.979597061916206,5.938516130974729,38.487873632239,0.005518137497429183,0.0013103886228657837,0.0053602913258141045,0.160863367968093,12.777904062000744,5,True,5.291515965260678,-0.004446523143017748,0.0006902644537080949,0.0013396352224157814,0.004694960660813075,-87.34903349239175,deltaI0.2,FGO-G
44,11.634244928826414,9.918181952971,6.081555870966206,33.72918020478438,0.003329968818821144,0.0011441476838310917,0.003127238144418336,0.09532151999461476,45.551538067000365,12,True,8.219432105235398,-0.001377402124397714,0.0010037797089239298,0.0014722794119485655,0.00225220269584919,5.36150153791823,deltaI0.2,FGO-G
45,12.51348831570616,11.659426632229266,4.543694579852122,32.53757232872459,0.003295692141965587,0.0010429716741205417,0.00312630721164698,0.09653908413196076,19.105353676999584,6,True,5.363471989296959,-7.216633714218465e-05,0.0013878694512994283,0.0019086980381467576,0.002361041675805825,55.39684438298718,deltaI0.2,FGO-G
46,15.521975067146064,12.822869440018096,8.746755358951914,51.13343086119922,0.0032857842243715616,0.0012566289152731547,0.003035994357443445,0.08064499577699556,25.472088059999805,9,True,2.111301903621824,-0.001045828802708905,0.0009642535972255728,-0.0005483265862315047,0.0015245343320195498,23.73384261875617,deltaI0.2,FGO-G
47,10.962109375894464,9.538191597048487,5.402845826697901,32.27842896955643,0.0038009210547208672,0.001059186095006449,0.0036503596645214805,0.11902787370209694,13.275703912999234,8,True,9.350282736665687,-0.0009575260680957571,0.0013947963287880005,0.0011012291024862734,0.002018667507551981,-24.486972194157715,deltaI0.2,FGO-G
48,14.727107920982364,12.069249121947273,8.439249572600426,49.744363283926226,0.004277769892080074,0.0013711593102408355,0.00405206581826192,0.13030345240180896,45.5674488500008,12,True,6.322443529278225,-0.0013032140210104044,0.001086853061140619,0.0008545818772741367,0.0018999806699106778,-39.141384925293096,deltaI0.2,FGO-G
49,12.841635711461132,10.572894817158572,7.288449967666321,35.90102374992271,0.007934371245558564,0.0014767730381713303,0.007795728859835799,0.19215850025238207,25.784911224998723,5,True,2.9561437171241627,-0.004540330705714887,0.001145364959784484,0.0007694680765745886,0.004745370894801264,-178.88738918687886,deltaI0.2,FGO-G
50,12.2487992907299,10.603772809555618,6.131320108093709,35.23325721122338,0.006934216505832782,0.0013928665290485584,0.006792884614213612,0.18367008253618608,18.02940745900014,7,True,5.738326843691049,-0.0028160036882800203,0.0015505638289097234,0.00013772999750752863,0.0032176224937278276,-140.15445417175215,deltaI0.2,FGO-G
51,12.188023340502971,11.268986684627915,4.6430434038811175,32.6923411705206,0.004047798266915194,0.0011858651888365308,0.0038701930912484663,0.12630631747638044,24.29067414400015,7,True,3.4730378072985126,-0.000731581300108033,0.0017130053113719457,0.0010391301892302273,0.002132929897025663,-33.848229957875446,deltaI0.2,FGO-G
52,13.26464307013122,10.605462475209448,7.967115002615719,44.30756520330385,0.0031871228753674544,0.0010917803128640562,0.0029942892263662463,0.08114630872944893,24.81471433200022,6,True,9.033787306039185,0.0003014410906357439,0.001292188114989573,0.0016502689479734756,0.0021175468014401604,23.355133007084078,deltaI0.2,FGO-G
53,13.342872756026576,11.069245008365268,7.450105256189127,45.978642013182395,0.004341294419496673,0.001406310429859768,0.004107204427785472,0.13101686233033102,13.228509335000126,6,True,1.8666056897725538,-0.004273034586856125,0.0005662327336345419,0.0007562279371289746,0.00437622266138302,-41.10276121701463,deltaI0.2,FGO-G
54,15.917911226523337,12.426419229247132,9.948065287003038,48.66477650891956,0.004277770541005389,0.0014058489454274682,0.0040401620690430256,0.1286801071174518,17.552790760999414,5,True,7.4660745824472485,-0.0024915133925714544,0.0005139727143667894,0.0006278380658150527,0.002620302954500275,-37.291842349812214,deltaI0.2,FGO-G
55,12.547461124446667,10.899771448113508,6.215606410350478,36.876164228437396,0.004376514968792043,0.0011250225321090157,0.0042294453033829196,0.1357326892254583,20.959353213000213,6,True,6.405231000755598,-0.0023785317763981286,0.0011141833040557159,0.00039288161052754907,0.0026557812045164544,-47.313611825076805,deltaI0.2,FGO-G
56,13.962362981668367,12.059936149902262,7.036015924665303,40.30219508490321,0.003714029169266081,0.001349831068831036,0.0034600532879968423,0.11069125671843612,19.096312130001024,11,True,9.040531282713985,-0.0016936850228219803,0.0008298033873707644,0.0015062745593004512,0.0024137120097930606,-13.779234164358058,deltaI0.2,FGO-G
57,13.477072545714039,12.070714149117208,5.994109135871713,36.927895815584684,0.0067459455208012335,0.0017107409165835223,0.006525423088654496,0.17986490130511554,28.42267767299927,10,True,4.702718589144758,-0.00596383978717447,0.0008262754188985144,0.001981740650228084,0.006338565459134075,-130.69999848285806,deltaI0.2,FGO-G
58,14.24436306741793,12.590293736455683,6.662310622162908,40.17398328298599,0.0049427115387567075,0.0013164849047275012,0.004764164654058813,0.14900876789030407,21.730881122999563,7,True,4.600211708855168,-0.002900881977560227,0.0010409682300007161,0.0012973494973149637,0.003343926856524817,-66.77476377920539,deltaI0.2,FGO-G
59,9.158986585835915,7.81505200199472,4.776190687738561,24.25382939128564,0.005628544254943674,0.0011498480456813504,0.005509842094080574,0.16476593606005324,18.314312603999497,7,True,4.900049982937658,-0.0030674659997947857,0.001223682962799788,0.001061919046111465,0.0034690661155183794,-93.75413174001733,deltaI0.2,FGO-G
60,16.848251670917396,15.59236341509307,6.382929382206735,44.945374521341456,0.004441086805442232,0.0013656823697615983,0.004225892057115922,0.13571418358508314,10.942202504998932,5,True,1.9011730934265374,0.00047810453805893104,0.001020012506406348,0.002561163638659365,0.0027979579422372993,106.33880443275848,deltaI0.2,FGO-G
61,10.663843683994944,9.191733223953735,5.406440830744747,31.575178646618085,0.0038922615051761034,0.0012060445071112793,0.003700696727853076,0.12021991537602586,14.947654005000004,6,True,1.2715027846758455,-0.003049469136011335,0.0009087683752824205,0.001444375005498567,0.003494472939930735,-26.279369671276072,deltaI0.2,FGO-G
62,14.713955461616683,11.77620948155799,8.821642453245492,46.30495221799695,0.004037519130249724,0.001310971681683245,0.003818758172096931,0.1231937255555846,17.764876320999974,5,True,6.30111288084325,-0.0011959076342613353,0.0010590004807441433,-0.0005059300024756801,0.0016756020575619715,-29.664015915841446,deltaI0.2,FGO-G
63,19.587120172549902,17.032211054024515,9.67259340947796,53.970358851995954,0.0058396968212176175,0.001919197969489685,0.005515318496482848,0.16456007517575444,51.04178053800024,12,True,2.374420698272924,-0.0036292051467628718,0.0007023952615432816,0.00027689192590417796,0.003706906829063754,-93.36511379843432,deltaI0.2,FGO-G
64,13.178037973837384,12.816225894116288,3.0667635498817525,22.926150031302782,0.004018902270306646,0.0012352985991158773,0.003824344758164236,0.12401079705279927,12.277748233000239,5,True,2.3134453062908773,-0.0031111510332338817,0.0011047538743906848,0.00218346462354686,0.003958188933951247,-31.714442267810227,deltaI0.2,FGO-G
65,9.997551020932965,8.869611628319511,4.6131351572371155,27.381207873249878,0.005249825977531513,0.00122375872235102,0.00510520199246166,0.15662286196561087,27.852658546000384,6,True,5.660422137387079,-0.0032536703770354044,0.0011037961030839483,0.0005069851644231684,0.0034730060058292744,-79.4805621678679,deltaI0.2,FGO-G
66,14.580482782973199,11.544646023844296,8.905707516458984,50.967950865192925,0.003957385060896242,0.0013368934037854157,0.0037247298623013987,0.1193938660994176,33.945682694000425,9,True,6.206510072940333,-0.0013578669250232174,0.0010738554715375714,0.0015998123069977874,0.0023571948535165204,-25.053830791490327,deltaI0.2,FGO-G
67,11.489959089576194,9.738511779917431,6.097585439544416,31.542719824893336,0.00320742095914288,0.0010212560131722427,0.0030404909742850032,0.09059148835531605,20.742197527000826,9,True,7.49569954136268,-0.0006320126520714984,0.001198166948285534,0.0011946975918376947,0.0018061966571459225,11.377148834682885,deltaI0.2,FGO-G
68,12.543910664051264,11.02364255631475,5.985732999249584,39.1847107344544,0.005363901917796437,0.0013831101545223646,0.0051825138768938584,0.15760939945045796,15.300359729000775,7,True,9.047673248034599,-0.004064198819434758,0.0007624426202073042,0.001989042431302185,0.004588607695861999,-81.19009724412172,deltaI0.2,FGO-G
69,14.339231157220526,12.826196559479799,6.41110224515196,39.86719413260574,0.0038513525445761096,0.0011570597909827543,0.0036734355939234626,0.11896092060799127,28.974669043000176,8,True,8.898724608420867,-0.0012174502399932288,0.0009580504033160075,-0.0006752453905067449,0.0016899710055365274,-24.151824044551176,deltaI0.2,FGO-G
70,14.969346459477789,13.454279813300625,6.562292901821094,43.94634290898461,0.003490794691202403,0.0013245450792935525,0.0032297411520191698,0.09858706759212443,23.926556944001277,8,True,6.437295130647545,-0.0021911483906440444,0.0008271436709224589,0.0024085575038978856,0.0033595307963690227,1.3371524308458902,deltaI0.2,FGO-G
71,14.469249850916407,12.916366537409466,6.521247328504992,40.18671423083981,0.0032725590376526813,0.001194713620674557,0.003046687056377293,0.0846236093693819,15.129289016998882,6,True,2.2232368921160757,-0.0015960651859251197,0.0008079099456116123,0.0016520546989046117,0.0024350415368352865,18.81271397115779,deltaI0.2,FGO-G
72,10.683464017505791,10.260848277440818,2.97512958384686,19.284013977231368,0.004571164439433114,0.00106006649182159,0.004446549602248346,0.14190129120357833,15.583996078999917,6,True,12.466295592891896,-0.0026391551151051552,0.0012057919612663281,0.0007429483265087898,0.002995170477836348,-56.026614683665684,deltaI0.2,FGO-G
73,14.313443108671288,13.678218316909804,4.216751984658659,36.48406240388991,0.004771989414582236,0.0014258107416550117,0.004554003370866791,0.14357031289153432,7.962654955999824,5,True,1.05987587878492,-0.004080126383825253,0.0008379280987020898,0.0006524663042952342,0.004216072471486005,-58.83985408890294,deltaI0.2,FGO-G
74,16.62997406707854,14.105258609694408,8.808956636591335,49.67084938761462,0.0037788852111447398,0.0013597257642221391,0.0035257792450916364,0.11365149298457188,9.977182075999735,4,True,1.6070238435425241,-0.0006258190303103349,0.001282824587075987,0.0019757328356116407,0.0024373774056594636,-17.513464334864693,deltaI0.2,FGO-G
75,11.96078233184231,10.233352633915095,6.191833965769282,31.676560750625168,0.003451989290943103,0.00099277971204336,0.0033061485913583755,0.10577293806140871,20.537532989999818,6,True,4.714106005971182,0.0009153531414190825,0.0017032537018512872,0.0006208178974019833,0.0020308518922143278,66.97285663490766,deltaI0.2,FGO-G
76,12.95823374720045,11.09084114980889,6.701422568141073,39.85082201477601,0.003462878700962756,0.001283343293693761,0.003216295833425892,0.09920552858280798,33.74174176800079,7,True,6.318554841245683,-0.0011397500790217268,0.0010417734025448544,0.00024640127551016664,0.00156366097778673,0.415529932215577,deltaI0.2,FGO-G
77,12.461786452758476,10.631707777602411,6.500993103043804,34.03719824110065,0.003342023362500861,0.0010990298601142039,0.0031561453581986547,0.09702951568773935,13.766354250999939,6,True,5.272322664234041,-0.0020161807320235865,0.0009296638093127252,0.0011163485653520023,0.0024850540561308695,2.8783424353023292,deltaI0.2,FGO-G
78,11.621584975027114,10.007830894457856,5.908007965440701,37.28838443244233,0.003214158328296667,0.0011476645075766598,0.0030022791238337003,0.07763832508973055,17.935428108999986,10,True,10.280544081974702,-0.0008939057725625232,0.001022271479334036,0.001094696818117244,0.0017442670756728793,31.197519300658314,deltaI0.2,FGO-G
79,10.057697960763331,9.15280467507429,4.169347053182441,25.96782386972273,0.003613428208140037,0.00118691035721141,0.0034129323490696977,0.10997148804450112,15.59772306800005,5,True,5.0322067491110385,-0.00316430573658814,0.0010248038880002475,0.0014892871979260542,0.003644314772542497,-13.425225520295498,deltaI0.2,FGO-G
80,12.365900423813445,11.296448510817743,5.0304815210984675,26.87238430405789,0.005071760543580328,0.0011956946470972447,0.004928799988062126,0.15318302069608672,23.735262013000465,9,True,10.945504285375776,-0.0033188416635466754,0.0011578637345412146,0.000883543165636727,0.003624362970371809,-73.79243541700998,deltaI0.2,FGO-G
81,10.996472986091536,9.937555122964852,4.708228574727007,24.08630593502885,0.005775469419421717,0.0013087038800027732,0.005625241432075704,0.16650128534014624,91.37338226200154,30,True,5.189792711439771,-0.004133976270017097,0.0010375150219869844,-6.21455678108079e-05,0.004262635252225043,-97.89971695154236,deltaI0.2,FGO-G
82,18.61419253290523,16.97356279528286,7.641094796340007,33.416334890052156,0.003874833958022162,0.0016177888658395758,0.0035209512049739046,0.1145157102619564,24.925902557999507,9,True,8.431851452015534,-0.0027776381734689252,0.0009007994804775821,0.0012586032035176238,0.003179747718081624,-18.68087174878019,deltaI0.2,FGO-G
83,15.186028645945392,13.758311480941162,6.428400363144523,26.931611763988705,0.005387080795199035,0.001461915344886333,0.005184924591388783,0.15873650372467962,24.835090369999307,7,True,2.1863752492386537,-0.0026417583104192195,0.001221986263575614,-0.001131169419820929,0.0031227682679594586,-81.95729380779085,deltaI0.2,FGO-G
84,8.034501966439164,7.125423552371515,3.7123524951200544,22.689925993929172,0.0037952074319288704,0.0009366474201318247,0.0036778106342943385,0.11995240220872556,15.586087232000864,6,True,9.738279697933038,-0.0021989751268097772,0.0013272831416941966,0.0009372169740556452,0.002734144802860981,-26.02323049583356,deltaI0.2,FGO-G
85,16.032412101915977,15.298139600303692,4.7963697287930005,29.698909120171997,0.006530003524140171,0.0017770455947869262,0.0062835543269181195,0.17728950707559774,11.120181912001499,5,True,3.4822005049220444,-0.004458816090963867,0.0013314742691205306,-0.001734217246201019,0.004966021961227054,-122.39345944032539,deltaI0.2,FGO-G
86,12.916638370722334,11.560768953546946,5.7609172883076125,36.097801075618904,0.004481477371503384,0.001199137660735237,0.004318067658328585,0.13757527474065256,32.1531055939995,9,True,10.098560584173788,-0.003826851755585458,0.0006959500011233799,0.0012247123897045219,0.004077874593558132,-50.214361374877626,deltaI0.2,FGO-G
87,13.381189391654688,11.478904961189887,6.8768430567595615,37.47567138174933,0.0034558880161592435,0.0012108201282070017,0.0032368312587099522,0.10018120931265886,20.585977709000872,6,True,3.9353333994623907,-0.00046256360501289133,0.0009472565823285539,-4.008082419319954e-05,0.0010549249233548807,59.96940095973696,deltaI0.2,FGO-G
88,14.242378185679186,12.92897898841472,5.973846223417626,24.88918039057172,0.003242442214958683,0.001286251174772614,0.0029764054550316626,0.07720489142243711,21.955058228999405,5,True,4.235481455148086,-0.0017554828371855588,0.0010879715491019792,-0.00021701440673810998,0.0020766553243233006,30.22785797905817,deltaI0.2,FGO-G
89,12.834609581145097,11.17761321181364,6.307786139963104,33.36229779221545,0.00434360675895859,0.0012523842553784246,0.004159140939346847,0.13376823321895792,7.849742434000291,5,True,5.715023661570198,-0.002520036214597873,0.0007592522242496069,0.0005301227075387192,0.002684786127042699,-44.28345962964522,deltaI0.2,FGO-G
90,10.75262819700292,9.208338169893937,5.552073602885384,30.89047928897391,0.0032897983689744747,0.0010562280628872089,0.0031156308490700004,0.0929966137867123,12.55852882599902,5,True,2.7080032821746354,-0.0015929525563441768,0.0010342900751414974,0.00010177272030759959,0.001902001969740952,8.344060970674036,deltaI0.2,FGO-G
91,11.237165711181314,10.784346468937343,3.157810073210172,16.228030770514568,0.004174008337462677,0.0012231036742851628,0.003990784760314452,0.13016312798437024,15.496647693998966,5,True,5.066680781844421,-0.002864615742181192,0.0014146057528050537,0.001921575446254148,0.003728214717779581,-39.472412185234134,deltaI0.2,FGO-G
92,11.337238817385378,10.079029397318202,5.190968157331082,30.57534556446499,0.00392757519462426,0.001270995701201119,0.0037162369188408952,0.1200588783420555,8.079907272000128,5,True,1.8354033496162263,-0.003460324030031541,0.000844132028826855,0.0008811721648834805,0.0036691777906052068,-26.51823219285143,deltaI0.2,FGO-G
93,16.99706905787418,15.874531323327693,6.074505068137801,34.3214044605902,0.003951205474552367,0.0014586552547236646,0.003672104240078111,0.11884337269557724,17.78401709500031,7,True,4.501698933845805,-0.0017335038353419852,0.0010168299760508204,0.0027383564825066175,0.0033967006009695496,-23.967367543642467,deltaI0.2,FGO-G
94,13.412878615597,12.238453833710846,5.488675661474961,34.291483903666574,0.005209514593916587,0.0014460829369668947,0.005004786353446379,0.15480324630178127,15.281475800999033,6,True,7.884139609744267,-0.0024798782210931295,0.0011027117892466187,0.0012421183713767269,0.002984732371605045,-75.72933285956242,deltaI0.2,FGO-G
95,11.038825776514331,8.82292906864719,6.634123692987469,38.09527979612006,0.005256884645262156,0.0012542676645725028,0.0051050610965198895,0.15679749635005977,13.751094527000532,4,True,1.9970685011133027,-0.0022520383724980225,0.0013393908669410426,0.000892229368214934,0.002767980847324244,-78.86403656396578,deltaI0.2,FGO-G
96,15.984105294229153,14.004658142451433,7.704620196354466,37.099570962623666,0.004857422744177463,0.0015947751464567405,0.004588163897235625,0.1452825791736792,21.254649499000152,6,True,3.7384326517144455,-0.002648693863390858,0.0008407378837618495,-0.0006854334262434192,0.0028622086494468806,-60.815580882830545,deltaI0.2,FGO-G
97,11.712528209112003,10.461097517393638,5.267708779044747,29.2018296869704,0.005580003963211123,0.0014616377146026553,0.0053851703242054445,0.16243628162905652,15.238197471000603,6,True,8.358800022007468,-0.003280598797472404,0.0009957648801466323,0.00032326240773796757,0.0034435990984386334,-89.49972866734606,deltaI0.2,FGO-G
98,17.951804459161377,15.862272014516401,8.405689137569631,55.99929578251192,0.004062445534825508,0.0016691402141556205,0.0037037055321545516,0.11769920792791269,12.52295384900026,5,True,2.2820626246952616,-0.0030921069527290383,0.00048689441931010213,0.0030286777626821904,0.004355580394486616,-22.88280314111762,deltaI0.2,FGO-G
99,10.518725983853866,9.440311162793932,4.639409603929231,28.633458547245162,0.0044629953961342695,0.001142347154085401,0.0043143216019982415,0.13795470066752202,51.80322437899849,14,True,8.402397116248451,-0.0027125335737329336,0.0009187622402660744,0.0007045965086825073,0.0029493081702010515,-50.32043678253831,deltaI0.2,FGO-G
100,12.244577300398896,11.315807756824626,4.677837970262706,30.603559508221995,0.005307013385588842,0.0013190254398367223,0.005140482755917258,0.15685520509422296,9.71229435100031,6,True,0.7626164637637463,-0.004272427710592502,0.0009106298612695796,0.0003490429506719176,0.0043823185949778114,-80.09018326674413,deltaI0.2,FGO-G
101,12.634180133238752,11.294839466220488,5.661193255086144,33.304720240783055,0.00426057254417114,0.0013344620777795595,0.004046194430216274,0.13128850146950266,24.58683948699945,7,True,5.528731053244989,-0.0023844568558464368,0.001090389363562011,0.0015475069587351402,0.0030445625710265713,-40.881813615807914,deltaI0.2,FGO-G
102,8.941849239444783,7.419391282713831,4.990921840196385,26.957585685193443,0.0038947811823514034,0.001088441347938562,0.00373960103359921,0.12154335936511763,13.313307472000815,5,True,4.221177668139766,-0.002292050267698124,0.0010302023291162699,0.0009345016762389879,0.0026810640893990406,-27.880005770195567,deltaI0.2,FGO-G
103,11.294709254830881,9.47404944849885,6.149214925383644,35.35046947800624,0.0033356516065328533,0.001172448188469775,0.0031228091336998405,0.09339808315513479,14.507639822000783,5,True,3.619660334481654,-0.0020841961169830838,0.0008889837179313076,0.0007613080018273383,0.002390346288394355,7.650710103232996,deltaI0.2,FGO-G
104,14.126898425657519,11.983788275497046,7.480513197428662,42.40209294363631,0.003902761995811882,0.0012077556397925436,0.00371118276436271,0.12070582901400528,17.86326414499854,7,True,7.915380984859854,-0.0006288731644965098,0.0014632614979168679,0.000162845014721498,0.0016009791276370268,-26.746158120877226,deltaI0.2,FGO-G
105,13.49619073451827,12.01046710277515,6.155960064494634,27.693137588440706,0.006699231291361009,0.0014774011769003253,0.006534293049568868,0.18036925331596176,16.957544577999215,5,True,12.232990302578635,-0.003858055670933138,0.0011256859019795895,0.0018811949729580643,0.004437415558207011,-130.9966728209838,deltaI0.2,FGO-G
106,13.70109954352878,11.725633027453839,7.087288537033625,45.841197660437594,0.005357621864443252,0.001602380360007556,0.005112385864175595,0.15607050654078844,25.359853216001284,8,True,0.5363450025914719,-0.004946402938762743,0.0006875602796880265,0.0015591614329320256,0.005231694328298245,-78.79605884569173,deltaI0.2,FGO-G
107,13.562928061055793,12.641549652570777,4.9136788632309205,34.28562101969629,0.0033329049648048873,0.0013570360754090063,0.0030441269018323773,0.08916227622036148,17.769981806999567,7,True,3.1998702332276494,-0.002530075053212208,0.000814422889249905,0.0022919307409914203,0.0035096311685022404,12.929959754903393,deltaI0.2,FGO-G
108,14.19136631061975,12.780386704916335,6.16900262886887,38.44437408136058,0.003304912900915373,0.001290306151541415,0.0030426237555654574,0.08432491953297332,8.10188118500082,5,True,2.979460083349398,-0.0019119927004853459,0.0007068129024703496,0.0009464919074899085,0.0022474758055987367,19.113821336926776,deltaI0.2,FGO-G
109,17.261762426185452,14.74758688990138,8.97090424555278,58.95657365756035,0.003601889798652901,0.0014872430177596538,0.003280505803647509,0.09699324715163782,18.02341443000114,7,True,9.519031968681874,-0.002855202767751183,0.00046161475193085,-0.0003970286835922457,0.0029194011029266237,55.68404354965605,deltaI0.2,FGO-G
110,12.15331204317836,10.49707858184357,6.124894681989654,41.816266621870106,0.004385750211252342,0.0014448559744614222,0.004140917305207035,0.13252292658283515,29.051796410998577,8,True,1.4857100715929237,-0.0033752499288938905,0.0008771394230033813,0.0015347742126059498,0.0038101466551256438,-42.748221526213456,deltaI0.2,FGO-G
111,13.980839738555243,12.353977576968463,6.5454654397472645,35.96112140214185,0.0034822698919557524,0.001203978958616199,0.003267512550493261,0.10358949822535797,25.398831645999962,7,True,5.400559134402523,-0.0019278886122384977,0.0010792567053030944,0.001825726466232226,0.0028661518917603413,-4.8627136027716915,deltaI0.2,FGO-G
112,10.6630806301077,9.536793819333926,4.769785338114518,32.180077627105945,0.0033427482918437015,0.001062206549911287,0.003169492607334736,0.09832509960081383,22.52052169199851,6,True,2.090662825537199,-0.0008205313362132763,0.0014836400049957066,0.0006629383400078261,0.0018204248352469642,1.4869350930166547,deltaI0.2,FGO-G
113,12.380717470654156,10.58733331899743,6.417985531349222,37.074513007634486,0.00321950726677048,0.0011805675081226954,0.002995244130209238,0.08495965459895795,9.40394104600091,6,True,1.8563356157176294,-0.0004540190877250959,0.0012590975006344651,0.0013032786260972296,0.001868152837795818,18.646383533879998,deltaI0.2,FGO-G
114,12.337058928336122,11.467601786128101,4.549410101983505,27.66062984602371,0.0031442532472940746,0.0011283020939938668,0.0029348360887464205,0.07626992704835607,81.76280447699901,19,True,2.054509850140241,-0.0005080426246480783,0.0015465378108268646,0.00018734666581153543,0.0016385924697639614,29.440955632308032,deltaI0.2,FGO-G
115,11.249907667752145,8.826359848710561,6.975370553169101,41.03804430561598,0.005147044751768432,0.001343288935614702,0.0049686662709586445,0.15320963753121783,17.63707842799886,7,True,5.802897646141579,-0.003883612591668214,0.0006986957854802356,0.0008907627453003517,0.00404525411207093,-73.590948289464,deltaI0.2,FGO-G
116,16.750094016876986,14.134727079371238,8.987499094069918,50.7048744328448,0.003882587889107092,0.0012683599795712574,0.003669571048346532,0.11874445989866675,20.495650795000984,6,True,3.11447696731825,2.0785902282131797e-05,0.0013652035670628504,0.00182901882575158,0.0022824378848521816,-23.63732259762037,deltaI0.2,FGO-G
117,13.63849377040395,11.866369960371342,6.722929145018862,31.272580342840246,0.007086998094442273,0.0014451842240457737,0.00693808219533306,0.18473696890157607,18.389160229999106,6,True,2.313926105821071,-0.003891021518050174,0.0010673388312743004,0.0016631739793665015,0.00436410452674054,-145.03124254779686,deltaI0.2,FGO-G
118,12.565460023895087,10.73201929816325,6.535636724601294,37.013633125891324,0.006103370544014816,0.0013830316417652538,0.005944607259981422,0.17214619195026287,16.762206042998514,5,True,6.26897422323882,-0.0029371158907629557,0.0012409285464219377,-6.316144767226108e-05,0.0031891288436764658,-109.18733367783716,deltaI0.2,FGO-G
119,20.385730307292118,17.536311688839493,10.394987855381052,65.68996626202137,0.0058066700823961835,0.0020236583828472476,0.005442630264433454,0.161590780401567,85.65686612100035,20,True,1.652477455547954,-0.0061619787629275955,0.0003009910554497841,0.002063170375529158,0.006505171011487139,-89.27895650321443,deltaI0.2,FGO-G
120,19.424585759567492,16.882062686458266,9.60783489560919,55.24071367361907,0.006952313394692796,0.0021560874030388585,0.006609534677152546,0.18080631139735706,10.620815277001384,7,True,0.8555304500741994,-0.006438266492992547,0.0006050307987414683,0.0022201409382834603,0.0068371312323267895,-133.44622805287509,deltaI0.2,FGO-G
121,12.44436098486692,11.501246459825177,4.752204771686168,29.645003468306484,0.00411565812690425,0.0013237318119672526,0.0038969700932312643,0.12661497479279912,14.132689973999732,7,True,5.4117691418428855,-0.0031819822268949593,0.0009554665111091987,-0.00011436571336962184,0.0033243054406178036,-34.861335435729416,deltaI0.2,FGO-G
122,11.270536183808261,9.455675574198407,6.133121986887175,35.708214671526484,0.004229845097113783,0.0011132819023261153,0.004080709858778329,0.13218002039501664,15.215963442999055,6,True,1.2948957988285021,-0.0011351575145613203,0.001600682980021667,0.0005750310915642572,0.0020448543570781904,-41.83376517655415,deltaI0.2,FGO-G
123,18.308589815140948,16.634500310571525,7.648389401480456,45.43601115043864,0.0036075866797631046,0.0015031914524289028,0.0032794964719220034,0.10126130697892853,13.68962651900074,6,True,8.590651826248676,2.4982281947973153e-05,0.0009922445385880385,0.0018228703285132187,0.0020755793343890778,61.47871423916513,deltaI0.2,FGO-G
124,10.24429249287927,9.113583453209143,4.678474678894297,28.297588486149547,0.0060397494552101244,0.0011889080206726904,0.005921576749489204,0.17154341770428896,28.20397953400061,8,True,2.183938432285005,-0.0031616760914733653,0.0013302462572625795,0.0013702556480836236,0.0036936907495702,-108.21945849907206,deltaI0.2,FGO-G
125,11.608066401085203,9.450925679352096,6.739971021849151,33.07393645486601,0.003957127994425085,0.0010697589796906412,0.0038097870924283855,0.12437904263086849,15.141184424999665,6,True,5.4748306719913025,-0.001656784099439694,0.0012761455038184655,0.0009720612254686057,0.002306162163667553,-31.53366871160688,deltaI0.2,FGO-G
126,14.856615381055628,13.408582422821668,6.3975728202980555,39.00078412547597,0.0036693356135672683,0.0011692127767988286,0.0034780691953386227,0.11094584281745648,29.872674267000548,8,True,0.6836783536364486,-0.001618613675671069,0.0013828446998367383,0.002302386285650572,0.0031357857553231862,-14.650653655880888,deltaI0.2,FGO-G
127,14.022817093299313,12.945034496486151,5.391241148094827,31.031932200164576,0.006132152414375103,0.0012627309681904266,0.006000733599744224,0.1728383107142904,14.382108922000043,5,True,2.5959485170457692,-0.002814820116560209,0.001409862408646545,0.00019639830162260067,0.0031542822627004872,-111.17915402126528,deltaI0.2,FGO-G
128,10.68524233181624,9.79230179182081,4.276123163280113,24.704997607305078,0.007212884649552417,0.001416320219336856,0.007072463644589946,0.1864967288127435,14.815532885999346,6,True,4.154619618906066,-0.0037509355286901164,0.0014649596880201565,0.0008404427063129754,0.0041136319925959095,-151.2363859622128,deltaI0.2,FGO-G
129,17.442864391328314,16.222854793126576,6.408783077574036,34.53549508189332,0.00713491747031303,0.0018454759095963803,0.006892116218932868,0.18423100811033996,22.6711188270001,5,True,6.567653319498239,-0.005824769078423906,0.0008041131244025945,0.00285563302898207,0.006536755520134824,-144.92464626605943,deltaI0.2,FGO-G
130,13.791109159870146,11.124476507055755,8.151117365332118,44.03191109223194,0.006515865076017273,0.0014347897262967336,0.0063559323572686755,0.17784788113500327,17.226513567999064,6,True,7.99959997545915,-0.0033780386671641,0.001209033343455207,0.0011682951282172447,0.0037733036412484,-123.54764263680408,deltaI0.2,FGO-G
131,11.521861774360296,10.6009866348478,4.513577418771418,27.331440148061358,0.0047750341852869,0.0013689450384960714,0.004574597354110579,0.14541420802060406,13.698238723000031,4,True,3.491269457277814,-0.0033305580530788915,0.0011087356218192623,0.0004598642787859152,0.0035402523609091613,-61.0780277268932,deltaI0.2,FGO-G
132,12.449959728500323,11.352322135449516,5.111387226014359,30.412878352580037,0.005950519489443469,0.0012334580768945567,0.005821276781496491,0.17014348751171846,14.97928205900098,6,True,4.649167199136573,-0.0026381321497984194,0.0013844410211996672,0.0019441033031168237,0.003557521023714428,-104.82113125655451,deltaI0.2,FGO-G
133,14.267877061508944,13.16267197287138,5.5060314544070055,30.08138354743493,0.006937722799527103,0.0015518062881847165,0.006761944608396949,0.18310641877259776,14.759642991999499,6,True,9.370906759771728,-0.004122001386988718,0.0009053898067723498,0.001675798879718234,0.004540806979140281,-139.22192648332566,deltaI0.2,FGO-G
134,12.450680230046965,11.124147094903572,5.592207936211843,31.208074595048735,0.005719963095942669,0.0016254147310589876,0.005484159440698501,0.16410371813439084,17.82108948899986,7,True,1.5454220428054346,-0.004837484108909328,0.0010203391258220285,0.0008108709641016736,0.005009975664218012,-93.3880236844634,deltaI0.2,FGO-G
135,11.86786906887437,10.024852058475672,6.352059307155523,36.96221150832076,0.004057178770081327,0.0011207941753814134,0.0038992973711721086,0.125825902754192,6.316234808000445,4,True,1.5778190554584357,-0.0016876894249922773,0.0011388496461813835,0.00011131596622790265,0.0020390353984606245,-33.47442820573633,deltaI0.2,FGO-G
136,15.034169345699281,12.500143606721469,8.353002916706322,40.19093271176483,0.006276524470895803,0.001630670775354172,0.006060995978893209,0.1736759501124584,26.299070777000452,9,True,1.8918188754908685,-0.004247833523412493,0.0008224456087125576,0.0006401646857931737,0.004373821812426089,-113.12984937058354,deltaI0.2,FGO-G
137,10.934492403552849,10.388278381698793,3.4127403047528264,21.28088217886244,0.00476168157097249,0.0012296219943808342,0.004600178380701549,0.1455920831634796,32.78559597899948,10,True,4.794660572572201,-0.0030953800120080586,0.0011731119751425545,0.0007745117461032971,0.0033996231511468815,-61.522535563060956,deltaI0.2,FGO-G
138,14.34602458201952,12.611418735988659,6.838167793602504,34.924063411791096,0.0077274828109950644,0.00172140443977299,0.007533309853507555,0.19022631255269182,17.451356093000868,7,True,0.5388424265769163,-0.005127521311906364,0.0009517287289037002,-0.0007474233402203153,0.005268387232064544,-168.94840239361656,deltaI0.2,FGO-G
139,14.879172643033662,12.286148634043272,8.392873779784729,46.24718716355564,0.005475081587780389,0.0014161016015576526,0.005288778180914538,0.16031052468107346,30.52935914199952,7,True,3.490978783840797,0.001760500108161059,0.0011534001246548131,0.0013065904806902407,0.002477270910219388,144.70281443730346,deltaI0.2,FGO-G
140,12.665814437820119,12.118308692636612,3.683673411590722,22.785762940233035,0.00321187463724401,0.0012706829747169731,0.002949831090611082,0.08261301654650353,8.993682872000136,4,True,10.608616862536321,-0.0013894636250128495,0.0011567773035136286,1.4281631459584987e-05,0.0018080229147207337,21.230179261940066,deltaI0.2,FGO-G
141,10.921494633346478,9.992404201810462,4.40804982887632,30.215612395381946,0.0031855426406137335,0.0011187704709936313,0.0029826220927903365,0.08113463418656455,15.969701959998929,8,True,3.321525510291237,-0.0017333079722325901,0.0012936843077781812,0.00038384854389862167,0.002196660037295179,35.48708587405417,deltaI0.2,FGO-G
142,12.094835747531647,10.454952805343675,6.081037213979687,31.358523748456662,0.004821654746881284,0.0011684180920297931,0.0046779433152123896,0.1477416680582444,23.026709002000644,9,True,3.7761875010240984,-0.002458351575309338,0.001350559809747326,0.0007993178566999777,0.0029165756125240578,-64.4285339742637,deltaI0.2,FGO-G
143,12.261629042230517,10.48863097041701,6.351076061241903,41.211455127400846,0.004103538258849776,0.0013649149542422862,0.0038698880357872925,0.12471521650231988,13.024540837001041,5,True,4.328650615295922,-0.0038876287923636844,0.0008534155873299032,0.0005943233165109918,0.0040243255331125225,-32.41321400050947,deltaI0.2,FGO-G
144,11.095748631459745,10.201715936046126,4.363556995475518,26.884912625088305,0.0031598038308541364,0.001081533931719567,0.0029689467162648253,0.08124797778432588,16.994759653000074,5,True,8.061527057569988,-0.0010158536329828078,0.0011631945278368083,0.0019884020420483563,0.002517682027988431,23.17735758654453,deltaI0.2,FGO-G
145,14.961256046793231,12.842674615945892,7.6749521957238285,39.106592128959775,0.004191120155634986,0.001344978778542956,0.003969448355154521,0.12933632370918202,17.085648624000896,5,True,9.984280238806518,-0.0012453150435336904,0.0010704705280937254,0.0015522824584085638,0.002259711826727362,-37.83581254378805,deltaI0.2,FGO-G
146,10.698292625055931,8.723913370014865,6.192479358367052,33.76968357347782,0.005169318939707318,0.00124436590643772,0.00501731121132746,0.15447640323253736,23.748544629999742,6,True,1.1140985317006669,-0.003776179987195647,0.0010014039976211364,0.0010071244096543197,0.004034432406010797,-75.57002213037777,deltaI0.2,FGO-G
147,10.899772547669054,9.269979235332062,5.7334567729627395,28.77254619729558,0.004018257734077781,0.0011630201581353831,0.0038462682341779877,0.12467451393710068,19.13016603200049,7,True,10.903318064432275,-0.0028298385393104118,0.0007999426431586631,0.00028654105744853895,0.002954657369055485,-32.244665201651515,deltaI0.2,FGO-G
148,11.01762808447602,10.399916726531437,3.637287545554568,26.97271169280966,0.0033947924442682283,0.0009659771091845798,0.003254459089340663,0.10322510100911428,17.421256302000984,5,True,6.422072836392658,-0.001449439009342067,0.0013163271933888943,0.0017992961340220295,0.002659145971879734,-4.9179213929892285,deltaI0.2,FGO-G
149,15.420511200175005,13.618501939481206,7.233848947764214,49.29565802138691,0.004789381190175015,0.001462603885841106,0.004560587907049348,0.14281112399767748,23.836428931999762,9,True,4.943641621593076,-0.0040934516725753415,0.0005641569561848914,-0.0007337947934219273,0.00419679335514328,-57.74019482337462,deltaI0.2,FGO-G
150,17.38046603540495,16.026688901681926,6.725016167755321,37.731713689528725,0.004405668819997998,0.001618653446042837,0.004097545457114074,0.13264807801421868,7.69361758299965,5,True,1.8135942390916273,-0.002178738890541223,0.0013494477280499018,0.0011816000846180683,0.0028220721259147982,-42.69312696302222,deltaI0.2,FGO-G
151,15.764110783543204,12.674338703013971,9.37381071054378,53.925200327669224,0.0040003418071623996,0.0012103424486262146,0.003812847457109297,0.12235364723500758,12.342601276001005,5,True,3.751104616522163,-0.0006193505333210378,0.0011767855612984102,0.000464477412225979,0.0014086016494643226,-28.31725914216804,deltaI0.2,FGO-G
152,10.483837074168498,9.23444255121766,4.963457521322263,31.002565751958073,0.004330313022611938,0.0010287385797200731,0.004206341380391999,0.13531449168692555,10.672198309999658,5,True,4.066557355430709,-0.002050790455053966,0.0013007508661130318,0.001079399753831684,0.002657592544918456,-46.3671837340662,deltaI0.2,FGO-G
153,13.575056991401576,12.419286409077152,5.481194888809586,36.50718987360683,0.0032907925834069493,0.001201301409333719,0.0030636890754348754,0.09035257404874734,28.16227595500095,8,True,3.215097945883261,-0.000352543163138911,0.0013774159589877433,-0.0002796401171005004,0.0014490548647453259,11.794595022649446,deltaI0.2,FGO-G
154,13.407380574434349,11.235800528943297,7.315370143848982,42.87042898809199,0.0032483266785159797,0.001238819065215198,0.0030028242595959557,0.08040638563099652,16.94546464599989,5,True,2.7280525812806626,-0.0004602746874652722,0.0011120874457519192,0.001508266586359604,0.0019296267438157916,24.321334946565912,deltaI0.2,FGO-G
155,10.716012890194563,8.680698277868066,6.283184675897601,34.338103906696674,0.004003905117196543,0.0010932226107895227,0.003851768491325925,0.12448392967386389,7.948379474999456,5,True,3.163498504337479,-0.002000284802159088,0.0011828175077194802,0.0009229698399031911,0.0025004139400681773,-31.76962037383055,deltaI0.2,FGO-G
156,13.275234718004013,11.11104915084482,7.264739746584847,35.624521502798956,0.0036658848663301156,0.0011594431414248434,0.0034777008863602784,0.11196818390008394,20.26771815599932,8,True,3.8893475187983872,-0.0023366173827343638,0.0008601308056594703,0.0017627432742461705,0.0030507162514794633,-15.721861669808277,deltaI0.2,FGO-G
157,11.723638646127867,9.754699353103838,6.5030411067083405,33.71707112356431,0.0031491546217823217,0.0009423440087612758,0.0030048565025712426,0.08332144392088418,14.989110071999676,6,True,8.132037124257533,-0.0005158171108848505,0.00095980836484999,0.0008571782322885843,0.0013863815892556379,20.74863004333747,deltaI0.2,FGO-G
158,12.760286147012213,10.377542014390093,7.425060558217699,45.67599357604932,0.00320432263713805,0.0010887793366624132,0.003013676014261039,0.07669421528511769,21.108511008000278,6,True,5.454913743819262,-0.0005288674013605686,0.0012579819436527584,0.0005214291113484572,0.0014608585205076823,30.108889374263526,deltaI0.2,FGO-G
159,13.773344695543376,11.869171317256177,6.987688912929375,25.42335666921277,0.003919579939219326,0.001365154559433393,0.0036741611190568096,0.11953888882003752,23.31600420399991,5,True,3.1368636379664516,-0.0028449487952049335,0.0011582988680343964,-0.0008271632212133749,0.0031811301308742232,-25.630743499168602,deltaI0.2,FGO-G
160,15.218503165361682,13.914513125549796,6.163534949444676,34.55325742831442,0.005251320907921246,0.001448924206735036,0.005047473617673307,0.15547802509900532,37.236156168999514,8,True,4.355844118747339,-0.0024475246210701506,0.0014384952962592235,0.0016971415067899998,0.0033075572228117123,-77.20117447760276,deltaI0.2,FGO-G
161,13.616848154935377,12.508476121948371,5.381131737953867,24.44409668969597,0.004043609257460267,0.0013699119520812944,0.003804486439792261,0.12413688149600731,12.149765494001258,6,True,3.3729906093446624,-0.0025762911363865376,0.0011681415578130017,0.0019808676241761733,0.003453355942126873,-31.53881132137758,deltaI0.2,FGO-G
162,17.222411460626574,15.712429076586625,7.052023045364835,44.168671804805186,0.003737706830819991,0.0014641462400063702,0.003439001038242593,0.11107313691870761,15.282230344999334,8,True,1.1486871023230214,0.0005775475641210684,0.0014563079218589126,0.0014649623793623584,0.0021448796528099725,73.64087581814238,deltaI0.2,FGO-G
163,16.15181866969987,12.014778890645955,10.794736427896403,62.56190804171456,0.005036169849396844,0.0016106671487052739,0.004771661983843308,0.14749104529280938,17.091189675998976,5,True,12.946129775202445,-0.0043391338343964315,0.000254231503266672,0.0010282805614320384,0.0044665509068045,-64.5063681760148,deltaI0.2,FGO-G
164,11.425500080475098,10.384505127517434,4.764882511195905,28.734277541678843,0.003954743237407057,0.0011514845379433172,0.003783394961234462,0.12278165312717669,27.498968275000152,11,True,2.8783269663628217,-0.002572334751488516,0.0011121666301900923,0.0001052114752788684,0.002804441146031456,-29.69378322346165,deltaI0.2,FGO-G
165,14.70958114121286,12.520972723602346,7.7199105826901295,37.87212079149177,0.0036598198065259783,0.0013834617096564058,0.003388261311374084,0.10631376673844314,13.587886084000274,4,True,3.771381772657288,-0.0016934361429099373,0.0007940931139474583,0.0018290576882687153,0.0026160584608810548,-8.156181726502837,deltaI0.2,FGO-G
166,13.633411356749564,11.64646704246206,7.0872921945686,34.370223711082005,0.005200152404989854,0.0012722130288268618,0.005042128424029376,0.15515815190941099,17.70904248899933,7,True,2.294984231677805,-0.0023840084142018763,0.0010976270361877372,0.00016632272226725547,0.0026298183354555144,-76.42858636059827,deltaI0.2,FGO-G
167,13.256647546515465,11.800996169512231,6.039469643908487,38.736603460187006,0.0039214242041676756,0.001119780739135092,0.003758145671111507,0.12115962020058287,27.864726084999347,8,True,3.4634114236773894,-0.0018097091341919705,0.001092887456794478,-0.000384221485697667,0.0021487383027414663,-27.381656206402113,deltaI0.2,FGO-G
168,10.513036041494505,9.57770921628072,4.334906340180118,25.263829376336957,0.007303335815258774,0.0014481925124969776,0.007158313521856194,0.18725629903952695,13.258717839000383,7,True,6.094988542056512,-0.004177013105316328,0.001354800177486265,0.0011692532309548064,0.004544235372535122,-154.52088010375155,deltaI0.2,FGO-G
169,15.466872686435588,14.25066472409901,6.011880373038648,37.77729386157136,0.004070110790132689,0.001337915199661603,0.003843928298299671,0.1240268272520824,78.22218672899908,23,True,11.662252034842627,-0.003147057649343136,0.0007412678649651172,-0.0004293849384476276,0.0032615673105555808,-31.31637057921762,deltaI0.2,FGO-G
170,18.097967407609914,16.0153892207448,8.428744413906616,37.09984000914001,0.003850965648420581,0.0015139850937733392,0.0035408735590454904,0.11527711308041597,14.952003667000099,6,True,4.350298278566442,-0.001570555948187957,0.0010246706179584397,0.002471853188516804,0.0031026849739018937,-19.783462060011516,deltaI0.2,FGO-G
171,15.116943716383405,13.521927906634028,6.758657633886746,42.65581593837656,0.005576386036032476,0.0014717991975897447,0.005378651164077493,0.1618854303148586,12.0753747939998,7,True,5.376605968916794,-0.00393056721509561,0.000671502106176225,0.0021668655670574826,0.004538235350517082,-88.39272751194949,deltaI0.2,FGO-G
172,12.357361282935871,11.718241068995953,3.922652689940704,24.982597603349944,0.004001398123507729,0.0012315652219578308,0.003807155637332828,0.12427150106737056,20.34931855099967,6,True,3.4810128326386347,-0.0022652193204085375,0.001206535127181746,0.0019014566172126505,0.003194132566099498,-31.56631459896016,deltaI0.2,FGO-G
173,14.845036953426648,13.16022911529393,6.8690240778128535,43.64370676508712,0.005529783714981529,0.0015791510553807833,0.0052995084563348584,0.15978501078659185,24.58969507800066,9,True,5.85080047045382,-0.00492517595102824,0.0005550754624980003,0.0012266627736263005,0.0051058954628796374,-85.6076871580226,deltaI0.2,FGO-G
174,17.771902997809374,15.329016890983729,8.992317683416289,52.066565282486636,0.004970206037243984,0.0017406547216371698,0.0046554343720751545,0.14617301698792962,20.692886561000705,8,True,1.9893930368154666,-0.005137127989501799,0.0005122306342734695,0.0004623044767041472,0.005183260521369893,-62.88780860991392,deltaI0.2,FGO-G
175,15.64748218384379,13.783897557079829,7.405934568279521,43.95470689771797,0.0034983755304552246,0.00133107463000307,0.003235254500259611,0.09772290849166075,14.35409694700138,5,True,9.272919127986498,-0.0032670343373677716,0.0005970560882080922,0.002474182445707239,0.004141445171513475,1.9440708241818356,deltaI0.2,FGO-G
176,12.886258065670953,10.471217102372659,7.510609784168529,43.348862134079006,0.0035911828059465643,0.0011233092487022709,0.0034109779063351,0.10940072874632036,25.55672777500149,7,True,3.118905036608399,4.843977865918942e-05,0.0014912547466523207,0.0007347049283386748,0.001663123105273559,-11.956403814714577,deltaI0.2,FGO-G
177,14.02757227110501,12.5349371860196,6.296676390256777,42.483936596065426,0.003670190766254579,0.001374697380497297,0.0034030144537974334,0.10777128544687911,17.133263779998742,6,True,3.998332109905,-0.004313911858842909,0.000617884514665018,0.0017841530797973618,0.004709014653988531,-10.996625806576048,deltaI0.2,FGO-G
178,12.11241691181417,11.41773695874657,4.04300954568185,25.351882745599482,0.003586755848691456,0.001186053073951715,0.0033849808897380876,0.10801342311768684,18.146306418999302,7,True,6.962947462317128,-0.002956327440367781,0.0009129072385666015,0.0019543332929000635,0.003659602462103831,-11.272383702649677,deltaI0.2,FGO-G
179,11.35313409002284,9.873564028893103,5.604140168963206,28.654685786376803,0.0070299955960409196,0.0013660303061357258,0.006895998787925753,0.18435617600552898,23.07733026599999,9,True,5.3670220846912375,-0.004341879038970084,0.0011542266579801508,0.0002266325577564834,0.004498390276896287,-144.31469287562504,deltaI0.2,FGO-G
180,18.515851698314606,16.612543809055325,8.176805752015724,49.60847779860907,0.007219621656846986,0.002138480350735457,0.0068956391043566365,0.18418862183741141,33.2858618249993,12,True,9.143573425969212,-0.00595757317960631,0.0006648522734042928,-0.0011232250404857448,0.006098880325714671,-145.01564843686356,deltaI0.2,FGO-G
181,12.430487273046788,11.478406636636091,4.771079011021163,25.85384771663363,0.004914542196651548,0.0013351844124847522,0.004729694238249062,0.14888627111995284,15.337321513999996,6,True,12.003785177440156,-0.002547218997195224,0.0010322119575426614,-0.0003628998294266437,0.0027722702666161864,-65.8053081061662,deltaI0.2,FGO-G
182,19.700534906679245,16.793429905441165,10.300086777319976,56.49711541983509,0.003540432821842356,0.0015258846834830786,0.0031947363738954065,0.09291441206290645,15.265251284001351,6,True,3.818863597071025,-0.00040980173930106487,0.000833788168613403,-0.00019094570501117036,0.0009484726869636697,9.076646926761896,deltaI0.2,FGO-G
183,9.145048310997163,8.377079069257078,3.668304087434277,22.920979673160016,0.004631560445357472,0.0009567408068754487,0.004531666270529993,0.143945565473132,17.762500339000326,6,True,8.79447478837927,-0.0017717185587422708,0.0015278717011266985,0.0008889084156836129,0.0025027058872286075,-58.857173617958324,deltaI0.2,FGO-G
184,13.541153284731017,12.165461621957139,5.9467954231896725,31.829524518941586,0.007282940154036643,0.0016413443048780847,0.00709557652063055,0.18647535874837198,35.327926073001436,10,True,3.3727467065314056,-0.004270176903994144,0.00096319724031943,0.0006355639184051001,0.004423358589300943,-151.7456645226921,deltaI0.2,FGO-G
185,16.598460124025845,15.113575859776919,6.86212089806384,41.05728953038752,0.00766741415995216,0.0018244600566489461,0.007447186408431537,0.18936301548385306,17.514068549000513,6,True,5.946651727562919,-0.005518719560255173,0.0006687789795894183,0.0007168448741782111,0.005605122432375522,-166.33530768596393,deltaI0.2,FGO-G
186,14.011609617149016,12.596891638438004,6.135431941830463,37.06049608596847,0.003444784807760822,0.001237894536124976,0.0032146787536566847,0.099854726023106,18.39608208900063,6,True,1.944243172250337,-0.0009945539300629566,0.0009070958743877255,0.0017056496333376072,0.0021728325100751826,59.72695721178752,deltaI0.2,FGO-G
187,9.587856610805314,8.833816638555762,3.7270199873006464,25.667709730268747,0.004573443221587195,0.001227412770342815,0.004405660085876034,0.14084406425743265,15.405529843001204,6,True,2.2416497090465475,-0.0033942793306939454,0.0012470599896374779,0.0008569503657400759,0.0037162689248590197,-54.66461899512797,deltaI0.2,FGO-G
188,11.25840276838245,10.387656268072943,4.341454842732614,29.088144743274164,0.004446459436206688,0.0010956706328685865,0.004309351155580252,0.13853037416768815,17.94219057200098,7,True,5.625520037297894,-0.0020190412848212764,0.0013440991201996988,0.0008910860555486791,0.0025840209970369164,-51.05827649684943,deltaI0.2,FGO-G
189,16.843727893851625,15.402849061701595,6.816407422136212,30.932558279755202,0.007297011912836805,0.0018712794821991088,0.0070529919860710805,0.18599826855941032,27.819687129998783,14,True,2.574762253767233,-0.00571805139287901,0.0009714871714677775,0.002219566106590975,0.006210182989047864,-151.38417883661896,deltaI0.2,FGO-G
190,11.143745940429243,9.76157573399846,5.375380244619502,29.827228007825497,0.0032425023930792323,0.0011275083584732304,0.0030401556984301892,0.08676855689607793,27.325425011000334,9,True,6.684419261215195,-0.00150064514895775,0.0009231105562658992,0.0016941685213560879,0.0024442332010129147,16.200221710001642,deltaI0.2,FGO-G
191,16.418732945940835,15.350242803807344,5.82621982200155,41.324181677646415,0.0036425047524355158,0.0014893918784228664,0.0033240867473643527,0.10625435849849342,17.07023438000033,5,True,3.7465621982204813,0.0010389562595935087,0.0014456339190171141,0.0019507736685449146,0.002640985695351169,67.95929796506243,deltaI0.2,FGO-G
192,17.079745257301287,16.491690165829226,4.4431805644827636,29.973654036982925,0.005004621504817996,0.0014110058381855742,0.0048015933741928805,0.1500840806125046,15.311742978001348,6,True,4.156929680362627,-0.003979482268888785,0.0008503357181034732,0.00303215537010707,0.005074772522030118,-68.93872091209778,deltaI0.2,FGO-G
193,10.42053972377083,9.189678184485649,4.912989212309996,26.23458166674099,0.004637298657172683,0.0013073650212694044,0.004449194931330478,0.1417150478031086,27.393068145000143,6,True,0.21057891117177302,-0.0036222967400630847,0.001009423429274986,0.0005669576790229579,0.0038028161068403006,-56.01821335890418,deltaI0.2,FGO-G
194,16.65506012797979,12.707120712727663,10.766620224508236,55.79513078807454,0.0034291847241705556,0.0014332929421825796,0.0031152815626158572,0.0777062904993768,14.760929699999906,6,True,4.681927087259155,-0.0021214319476843776,0.0004134041745945394,9.057132862758876e-05,0.002163233617942706,31.336786090847454,deltaI0.2,FGO-G
195,13.124010849141468,11.815576233478088,5.712426720689787,27.47842057492797,0.007392142915587759,0.0017498965178210425,0.007182035857707205,0.18759104394082124,17.76780753999992,5,True,2.7964485158990753,-0.004897825954159973,0.0010975681133773285,0.0002482932317482004,0.005025435739284474,-155.65595745955943,deltaI0.2,FGO-G
196,11.200385763511502,10.063801075934615,4.916151864567288,27.46855140023141,0.004612909523464377,0.0012347237138183075,0.004444591277294582,0.14183878900871333,12.569989727000575,5,True,7.176394890217652,-0.002196721824550163,0.00119016819398865,0.002102742578544247,0.003265518864753366,-55.590717003608006,deltaI0.2,FGO-G
197,10.12415317807399,8.466864204768784,5.550737618651305,31.190524634063497,0.005251771415227827,0.0011543681872865082,0.005123332615201257,0.1573281544277706,25.004602578999766,7,True,6.35667181263376,-0.0018631807413424645,0.001503542982069478,0.0009264061268436841,0.0025671603544954783,-79.8298680464577,deltaI0.2,FGO-G
198,14.72375369335121,13.32118768293394,6.271752668793826,23.286883946334413,0.0035429913179539476,0.0012631106792104184,0.00331018713838986,0.105905200552142,8.934578571999737,4,True,1.7436211642995199,-0.0011358112920764603,0.001148214126378888,0.0027309884194785887,0.003172815897361615,66.82261560128245,deltaI0.2,FGO-G
199,10.312989952603893,9.6062674462497,3.751984476731225,23.433165551359092,0.0038559734608174467,0.0010353125082321955,0.003714385459376347,0.12010610563344536,12.413538130998859,5,True,3.154018430240459,-0.0023431450813790355,0.0011136090317408753,-3.5452124490566725e-07,0.0025943118690032103,-26.418346704660507,deltaI0.2,FGO-G
200,10.65142672168827,9.434642227428201,4.9437250376536515,26.33970228984188,0.0032895708546993147,0.001124896606459201,0.003091259295637257,0.09316952310395601,14.881375543000104,6,True,6.264561586294381,-0.0016756738463664393,0.0010340964673398456,0.0008305171370469358,0.0021370533587371852,8.237142108067928,deltaI0.2,FGO-G
1,14.718034428267663,12.40299200831358,7.923782346416493,43.65432419402486,0.001329900624534598,0.0010301366687364669,0.0008411029157374552,0.003894311260335741,6.367627744000856,4,True,62.42914864246068,,,,,,deltaRIC0,FGO-B
2,14.577006994245929,12.34801418438769,7.746978676390886,37.99219672822163,0.0012787759309852741,0.000994425009279826,0.0008039818297611411,0.004217995753962541,18.890458201,4,True,57.047783705244505,,,,,,deltaRIC0,FGO-B
3,16.272543391266424,13.261473030303888,9.430217467650003,47.2317935505758,0.001481450321316996,0.0011817632552969342,0.0008933815886619916,0.0041427881357202,12.266415968999354,4,True,43.97629317227936,,,,,,deltaRIC0,FGO-B
4,14.770633755764353,12.643597505932139,7.636168126417332,44.625113850613914,0.0014494971115950877,0.0011828211492918286,0.0008378400833753779,0.004503923415781719,8.10238511100033,4,True,51.605791389209216,,,,,,deltaRIC0,FGO-B
5,12.150938034174354,10.23958776461644,6.541875688291717,34.283680304630465,0.0011964150803657819,0.0009589370271328396,0.0007154361065254479,0.0036654829276215922,8.072862339000494,4,True,53.69250661228812,,,,,,deltaRIC0,FGO-B
6,15.298098531768025,13.697735097957809,6.81203874576898,36.716071615310604,0.001344893617665768,0.0011616467745835723,0.0006777282744121714,0.0035269499449017807,11.39020987799995,4,True,59.5578025577108,,,,,,deltaRIC0,FGO-B
7,13.025220751435436,11.355861269842135,6.379717113142537,38.56324028819599,0.0011678331684933751,0.0008657006345739258,0.0007838346258820021,0.0034517968048651667,7.753571974999431,4,True,74.85745815300938,,,,,,deltaRIC0,FGO-B
8,15.834343696426277,12.516800861618927,9.698254301013675,51.91817150039787,0.0014402659438478168,0.0010397649416403949,0.000996621721187828,0.004542413768781286,11.11648685900036,4,True,73.23593286073815,,,,,,deltaRIC0,FGO-B
9,14.972793133988747,12.670029182019661,7.978401767270861,47.21343411614386,0.0013037402302893662,0.0009398735022779447,0.0009035354933763034,0.004036392581501489,8.1074716359999,4,True,68.0085460974844,,,,,,deltaRIC0,FGO-B
10,12.128301356381204,9.396639861044632,7.668041021866358,40.06852853821312,0.001150305439933562,0.0008794919690404295,0.0007414151883621844,0.0033262655947350513,9.189077433999046,4,True,63.8115209718889,,,,,,deltaRIC0,FGO-B
11,17.57980210355866,16.189144291501563,6.852813225911526,34.729601047369684,0.00133784576291453,0.0011919937821274558,0.0006074389753035644,0.0035410813170249373,8.474500887999966,4,True,64.73381458191227,,,,,,deltaRIC0,FGO-B
12,14.38028477973642,12.037373755995635,7.867288186204096,44.51176528887809,0.0013872718906735822,0.001124664084893395,0.0008121908610689718,0.004619706595061895,11.086412503000247,4,True,48.28838947055494,,,,,,deltaRIC0,FGO-B
13,15.175947633254466,12.228629769470578,8.987213168079398,47.95748984956666,0.0015385728896458346,0.0012539176743501964,0.0008915699651207011,0.00402977476021214,7.410220791000029,4,True,61.01144973151638,,,,,,deltaRIC0,FGO-B
14,12.949592707243335,10.806526004564956,7.135190747005374,39.75270321503113,0.0012974812311904067,0.0010656306379576833,0.0007401951693555387,0.003508523503229338,8.102087720000782,4,True,62.28943325987866,,,,,,deltaRIC0,FGO-B
15,15.653481694258844,14.025031156181804,6.951977432401976,33.60146537645544,0.0012176095854424434,0.0010069390820202976,0.0006845778170971066,0.0035623608005719014,8.942838704000678,4,True,61.527712947168304,,,,,,deltaRIC0,FGO-B
16,16.871147274135886,13.666475667145233,9.892575659802148,52.23742917026916,0.0014926078461155216,0.00110531671502502,0.00100307185274631,0.004390328663886728,13.031650713001,4,True,53.79837181896097,,,,,,deltaRIC0,FGO-B
17,14.673265450618958,12.294552601507844,8.009288065307969,38.80867669930605,0.001274971706148512,0.0009844174194578162,0.0008102315692117049,0.004122330711926775,8.221727123000164,4,True,58.56610035429033,,,,,,deltaRIC0,FGO-B
18,16.868463476669476,15.661323752660575,6.266418305386399,39.365760538021824,0.0017320873813505672,0.0015727066753801892,0.0007257550618827663,0.0041758591452642,8.279955531999803,4,True,58.182776272620856,,,,,,deltaRIC0,FGO-B
19,16.886905776148662,13.794521042846126,9.74057369414135,50.28742692637835,0.001360603870330187,0.0009973977417647448,0.0009254407796720826,0.004158430579037462,84.4702763130008,13,True,50.06543367798164,,,,,,deltaRIC0,FGO-B
20,14.624152495113734,12.45735013726908,7.660304416785491,42.48328771741185,0.0013477296497559407,0.0010646909344358914,0.0008263222270768826,0.0038261620730199158,10.348498936999022,5,True,60.76004946422002,,,,,,deltaRIC0,FGO-B
21,14.809847319067478,12.73090224403425,7.56675000690084,42.4322408910699,0.0011333635117767979,0.0008781018473681618,0.0007165542515927579,0.003329665394072221,8.256314711999948,4,True,60.03546446403986,,,,,,deltaRIC0,FGO-B
22,13.890220101062713,12.348232052780451,6.360768792107765,36.32992359611197,0.0013087440304929642,0.0010587969004185094,0.0007692594237415139,0.0034450256355481146,9.46123985000122,4,True,67.093566534959,,,,,,deltaRIC0,FGO-B
23,17.903357584943816,15.821390796847108,8.379367879966056,47.85220010481683,0.001343683817482103,0.0011656030691197322,0.0006684726521122151,0.003351943878179505,11.551907160001065,4,True,64.01490352536185,,,,,,deltaRIC0,FGO-B
24,12.806125100294144,11.412587926293092,5.809447211999851,27.49991485877855,0.0008515924368604772,0.0007520607060341693,0.0003995176754004164,0.0025923539703589763,8.518289800000275,4,True,69.00372942116618,,,,,,deltaRIC0,FGO-B
25,13.307021568473367,10.304644323250551,8.419686953510537,43.861212310278816,0.0013192557789285947,0.0009957915935950008,0.0008653524786825433,0.003834018163804645,6.011790804999691,4,True,60.905432349533584,,,,,,deltaRIC0,FGO-B
26,11.987329094575603,10.698499464668407,5.407232936183584,28.33251746574663,0.001090109675004094,0.000889356193068695,0.0006303845377132038,0.0033608075291291094,11.58126865200029,4,True,68.21245459218044,,,,,,deltaRIC0,FGO-B
27,13.50730530371084,11.768127077008176,6.630119280001074,39.46869313930487,0.0012550408606538455,0.0009057593486740655,0.0008687505765179541,0.004002406016523994,11.642715653000778,4,True,59.03937857329314,,,,,,deltaRIC0,FGO-B
28,14.718839807896154,12.258380355487512,8.147168609443794,42.5175888723018,0.001419845684196869,0.0011119021472773183,0.0008829696381034649,0.004521010605962518,12.20771520999915,4,True,47.814920960961864,,,,,,deltaRIC0,FGO-B
29,14.860334497077572,12.21078021013757,8.46914328753189,43.78857267062808,0.0014141783605733625,0.001160849457966382,0.0008076688501193539,0.0044768322850588516,8.364040401000238,4,True,69.2095859498078,,,,,,deltaRIC0,FGO-B
30,13.774851870341896,12.207005415524156,6.38244176120907,36.25589822403875,0.001249142444529522,0.0011110193723378483,0.0005709577926740336,0.0032657259538196736,8.657165823000469,4,True,81.12099220541897,,,,,,deltaRIC0,FGO-B
31,17.038360410994965,15.189817141555064,7.718496012895292,46.13649620666379,0.001547459962458298,0.0013049948151260256,0.0008316374618219334,0.004250020086851079,9.256442148000133,4,True,64.30550032723774,,,,,,deltaRIC0,FGO-B
32,17.537794295128503,14.831519732331087,9.359500583242435,47.51730597666398,0.0016081959343028718,0.0013041085575637593,0.0009410605895463153,0.004765826468074487,7.192623655999341,4,True,43.313432645245115,,,,,,deltaRIC0,FGO-B
33,14.366652757333734,11.722736778724272,8.305308776111232,41.99816677755806,0.001364277336292267,0.0010812270170777725,0.0008319860502807875,0.0044516719584788275,8.617700700000569,4,True,49.33670901484795,,,,,,deltaRIC0,FGO-B
34,16.998689384317576,14.409178942812996,9.018370306131013,49.27303492209543,0.001568837327464862,0.0013105247294111257,0.0008624241958856364,0.004482869610442735,11.56896925000001,4,True,64.36414098779572,,,,,,deltaRIC0,FGO-B
35,15.564077819904917,15.109875424101979,3.7325839645177736,30.3069417433839,0.0011829256117664086,0.0010116165894880512,0.0006131434406772172,0.0031153913715806334,8.97670861700135,4,True,75.98111979254746,,,,,,deltaRIC0,FGO-B
36,11.722254367322998,10.267062955017183,5.656736314336821,34.633915392917416,0.0012357533903011011,0.0010260899708274848,0.000688640554576854,0.00371111673670709,8.520173264998448,4,True,58.746334143155785,,,,,,deltaRIC0,FGO-B
37,12.044993032449993,10.273047612159948,6.288588864766381,30.882281845213843,0.0010975572228798575,0.0009106519974095343,0.0006126538966739465,0.003366416029418386,11.486476021998897,4,True,66.88753454210244,,,,,,deltaRIC0,FGO-B
38,17.844937986840105,14.695279677944633,10.12376248936908,52.53606764032271,0.0016387125478201983,0.0012747561544841708,0.0010297453864854629,0.004604192444982657,11.78940428200076,4,True,42.98856006936004,,,,,,deltaRIC0,FGO-B
39,14.55341967581312,11.359828262057215,9.097050407517292,43.48659729946535,0.0014460090789125976,0.0011621447973301886,0.0008604427501792517,0.0038447874191157943,11.684748800998932,4,True,68.55670499383177,,,,,,deltaRIC0,FGO-B
40,15.02630447982505,13.176585289403647,7.222702155805803,37.52613393272263,0.0013103586099492716,0.0010874835460523596,0.0007310398236304044,0.004210620869927993,11.919064522000554,4,True,59.841479097401006,,,,,,deltaRIC0,FGO-B
41,10.998889426673625,9.366830964218318,5.765244687604663,29.941067876776415,0.0010847234407760165,0.0009179668307785503,0.0005778943160815346,0.0032471583935838127,7.5234171920001245,4,True,68.15634619445818,,,,,,deltaRIC0,FGO-B
42,14.117097963504223,10.807737493817488,9.08213990070109,42.24811393700724,0.001443870943990326,0.001102637800557578,0.0009321765839587809,0.004354600486598781,8.377273948999573,4,True,56.12904304445807,,,,,,deltaRIC0,FGO-B
43,13.052907960323978,10.589353084541802,7.63177616755065,38.17392193955198,0.0011604938825056652,0.0008539161061478527,0.0007858583428292673,0.0035995954051969924,8.421495027001583,4,True,55.13636499233051,,,,,,deltaRIC0,FGO-B
44,14.050094084158482,11.703854590865284,7.773347508608296,39.715339492226676,0.0012935256592683413,0.0010886014933280143,0.0006986812004838933,0.003513274437494291,10.665158458001315,5,True,62.97172336724473,,,,,,deltaRIC0,FGO-B
45,11.703369239673687,9.750531453503765,6.472711018914252,36.15821230893295,0.0009906234938408347,0.0008149363316208015,0.0005632172599928498,0.0028547145842354824,6.964984813999763,4,True,74.40635352352545,,,,,,deltaRIC0,FGO-B
46,16.6985355790804,12.490028988015043,11.083332818442196,55.960903281779416,0.0014496817984519222,0.0010994677434983465,0.0009448534266061874,0.004540863201918292,8.445078139999168,4,True,54.76311566353592,,,,,,deltaRIC0,FGO-B
47,12.783914486157382,10.953199723175493,6.592107812650888,36.10092911423308,0.001134372328132153,0.0009690836890054493,0.0005896417408355267,0.0032204400466667293,12.855247277999297,4,True,75.93937329405387,,,,,,deltaRIC0,FGO-B
48,18.105377414449645,14.813926927459251,10.40923918005351,55.29401993225973,0.0016597483953983835,0.0013142477411767204,0.0010136654333848998,0.004723912130023782,9.536441677000767,4,True,58.902337515920536,,,,,,deltaRIC0,FGO-B
49,15.448086960314729,13.215794213248284,7.99913583123322,44.31507947717753,0.0013371114863593365,0.0009710167253977528,0.0009192353593894764,0.004251021958210649,11.629524159001448,4,True,62.17232928007738,,,,,,deltaRIC0,FGO-B
50,13.329190861636473,10.544365223443513,8.153753188597769,42.59851457734424,0.0012060295643156098,0.0009833973178451562,0.0006981669035826982,0.0034466410613886245,6.815193906999411,4,True,77.67042352156906,,,,,,deltaRIC0,FGO-B
51,12.549037747372049,11.102448217035978,5.84927277300377,36.06465427325558,0.001201017675769415,0.0010020859831168247,0.0006620174770739478,0.003135188893046256,11.965713849000167,4,True,82.05425257145095,,,,,,deltaRIC0,FGO-B
52,14.334372108321501,11.382506332249102,8.7127936585308,44.94534518871235,0.0012394199803557467,0.000956768669714776,0.0007878804480105197,0.003762612612019745,11.539461869999286,4,True,68.11290019189968,,,,,,deltaRIC0,FGO-B
53,13.389197750326154,10.600586243736325,8.1791312305432,40.62030553834923,0.0012476867997475334,0.000975397704025515,0.0007780242086503451,0.0036552846243235225,5.8524786600009975,4,True,49.14771650348219,,,,,,deltaRIC0,FGO-B
54,18.241665546104052,14.48075858561909,11.093511287276838,52.06620255555387,0.0016038955941970708,0.0012439728266442204,0.0010124291005574478,0.004746706856232741,8.322104517999833,4,True,42.36341762664661,,,,,,deltaRIC0,FGO-B
55,14.909315407734566,12.570074249946892,8.017538230537685,46.47965395402778,0.0012332392251682422,0.0009272618774278522,0.0008130586677248704,0.003910162234323793,11.469128544000341,4,True,66.55540732086249,,,,,,deltaRIC0,FGO-B
56,16.511713372175958,14.309064955683011,8.239377317427492,49.7784050931924,0.0015473679372898837,0.0012837022016590858,0.0008639769619662127,0.00412986882115309,11.33873673600101,4,True,55.817447083378234,,,,,,deltaRIC0,FGO-B
57,10.843302793921534,9.19415879587616,5.7484484443090915,30.53044388880421,0.0011126082554373921,0.0008963440731622525,0.0006591391602494421,0.0032143017017007783,10.216971967000063,4,True,64.4322311633781,,,,,,deltaRIC0,FGO-B
58,16.78739284560294,13.767252155595637,9.606212918567241,52.90295206159884,0.0014166870782659387,0.0011421474927599236,0.0008381535554466747,0.004132569653829925,11.63789174699923,4,True,62.40092327251248,,,,,,deltaRIC0,FGO-B
59,11.969716145407792,10.182064736167327,6.292826257742525,35.03901911250368,0.0010027612134288955,0.0007536608822303008,0.0006614569719590502,0.0028453708041428476,8.301121249000062,4,True,68.78457372595963,,,,,,deltaRIC0,FGO-B
60,15.785329762215872,12.808734365789805,9.225668520412675,46.94413050047452,0.001253523088576853,0.0009235785825039717,0.0008475392235968828,0.003920223931995354,11.492708079000295,4,True,52.694537756221955,,,,,,deltaRIC0,FGO-B
61,12.713434248118435,10.641856064690641,6.955739348166934,36.284723450559234,0.0011360613010493834,0.000899277172419181,0.000694215994419446,0.003310222734398595,5.574652774999777,4,True,59.3121462618821,,,,,,deltaRIC0,FGO-B
62,16.630505018343563,13.334756389620258,9.937704422784575,49.33018914114835,0.0015134870597275155,0.0011916067886279572,0.000933121825518194,0.004121216858104504,7.67353677599931,4,True,58.51641541824773,,,,,,deltaRIC0,FGO-B
63,21.868198457202585,18.948706615498008,10.916254914730585,55.64403461194816,0.0018951208283655612,0.0016112095892772858,0.0009977407546682107,0.005081943689578632,10.651065068999742,4,True,42.117798110283964,,,,,,deltaRIC0,FGO-B
64,12.40981097331654,10.405379157293712,6.762506413039859,34.846484812538925,0.0011055790314602842,0.0008736886374068127,0.0006774755786527564,0.002962481959050062,10.096458486999836,4,True,68.9653757660335,,,,,,deltaRIC0,FGO-B
65,12.215378890562933,9.528432328483886,7.643589392524539,39.36491019676699,0.0012152991059580216,0.0009751158182767671,0.0007253282414802266,0.003381141322316644,7.885751230000096,4,True,67.25469746997578,,,,,,deltaRIC0,FGO-B
66,16.778983677136797,13.000680664333082,10.607384008399952,57.99675312489164,0.0016213973953178808,0.0012726505916344133,0.001004634254421073,0.005072148003489643,9.943178948000423,4,True,60.731261208446895,,,,,,deltaRIC0,FGO-B
67,13.96203096427548,12.171455191442364,6.840613069754643,35.47839264013455,0.0011200146050497105,0.0008581819395251116,0.0007196919300628404,0.0035807159557064033,4.8113558010009,4,True,67.00729616181341,,,,,,deltaRIC0,FGO-B
68,12.457981572527867,10.13400004773062,7.245919396049042,37.333581486464126,0.0012516699656509077,0.0009841941501390603,0.0007733301867537545,0.0038913676380071976,7.022361716000887,4,True,60.34957156708074,,,,,,deltaRIC0,FGO-B
69,15.89513548177383,13.810104235679406,7.869965246658658,42.09220703153002,0.0012338091668604436,0.000954908291664308,0.000781303535599075,0.0037715900900048118,9.621839846999137,4,True,57.16608540440669,,,,,,deltaRIC0,FGO-B
70,14.870811502616709,12.820610947712286,7.534783983217918,46.561443410977596,0.0013862329382484824,0.0011157622980371446,0.0008226276517136359,0.004470974840593083,9.590902850999555,4,True,58.228993858825625,,,,,,deltaRIC0,FGO-B
71,16.265772524619006,14.430319927421287,7.506079044009508,43.04179632511558,0.0013223870406307975,0.0010000335362272343,0.0008652400890210368,0.004338955091827598,7.008182741001292,4,True,48.636903816766285,,,,,,deltaRIC0,FGO-B
72,12.067223213128708,10.99725224035912,4.9677277740823,29.328230777478854,0.0008886131613481727,0.0007310142405585574,0.0005052242379595314,0.0026697530683003233,9.612603314999433,4,True,77.49261518368898,,,,,,deltaRIC0,FGO-B
73,15.226585096229366,13.844053868656971,6.33964243269588,35.28678569177464,0.0012956190955946848,0.0010341500052523521,0.0007804886978721405,0.0038395034152739044,4.619076572000267,4,True,56.97398599255888,,,,,,deltaRIC0,FGO-B
74,17.907007731394927,15.087744723110296,9.644733540253721,52.73270229960879,0.0015867586542997272,0.0013646667859222475,0.0008096218811245932,0.004611726173471649,9.657590767999864,4,True,61.281367040400745,,,,,,deltaRIC0,FGO-B
75,10.105877502412378,8.154165628525012,5.969785841748926,30.85167821608033,0.0009056584462975826,0.0007167111973022007,0.0005536626057553441,0.002479368081933126,4.558087897001315,4,True,82.26681380692207,,,,,,deltaRIC0,FGO-B
76,15.344309180617541,12.5521490849978,8.825609190213028,45.37455645355363,0.001505421240780617,0.0012302361866712308,0.0008676474152546537,0.003747924356648852,11.313197217001289,4,True,60.50748835717837,,,,,,deltaRIC0,FGO-B
77,14.454709038523811,12.456798482233182,7.332583784820676,43.96061429104,0.001203028767903163,0.0010275460867765552,0.0006256414755695072,0.003562997321966104,11.208423919999404,4,True,60.59781885936236,,,,,,deltaRIC0,FGO-B
78,13.63863043094971,10.730529923269756,8.418311445761544,44.07749822027357,0.0013841515502639754,0.0011134462565710473,0.0008222608757724567,0.0038574511130238195,4.4260173620004934,4,True,65.61691281136754,,,,,,deltaRIC0,FGO-B
79,10.47487496767551,9.06077505525096,5.255983351055918,29.030490152139574,0.0010123188673410756,0.0008065474477186229,0.0006117766780070105,0.002902387369599876,7.034537434999947,4,True,70.15656926923504,,,,,,deltaRIC0,FGO-B
80,13.061810495902742,12.47703364579625,3.8645212940988376,26.065391724883728,0.0009854768931654434,0.0009342272556575831,0.00031366246468061086,0.0023821999199203823,9.677259756001149,4,True,76.12274019179432,,,,,,deltaRIC0,FGO-B
81,11.548176482890037,9.6363474873258,6.364054303938981,33.346248471328515,0.0010555101045177076,0.0007823925555223391,0.0007084938036441852,0.0030907816092460827,13.034732342001007,5,True,67.06926345038586,,,,,,deltaRIC0,FGO-B
82,19.83755795217373,18.094572521647805,8.131122355780867,34.0237101296418,0.0014851029182662726,0.0013423536472442661,0.0006353088725753918,0.0038279828139447703,7.018480507998902,4,True,64.90486032038561,,,,,,deltaRIC0,FGO-B
83,15.566497522840118,13.962878719964003,6.8814143153979614,36.10798109589165,0.001290466401938461,0.0011037139455908418,0.0006686696200967212,0.0039213188555584306,4.59612868899967,4,True,63.006321369378426,,,,,,deltaRIC0,FGO-B
84,9.3048417041761,7.646256120248012,5.302343489754753,29.61210065890803,0.0008876971309160218,0.0007231371521871098,0.0005148580924519431,0.002358500650886414,9.934086412000397,4,True,80.73091822806232,,,,,,deltaRIC0,FGO-B
85,10.758352877880528,9.135631032002502,5.6817604923221765,33.20363108121358,0.0010993931093940257,0.0009014287244170303,0.0006293579774492015,0.002890653744111716,9.68020964599964,4,True,77.7044459209727,,,,,,deltaRIC0,FGO-B
86,13.047927553105053,12.208109473265482,4.605483310125396,29.91225798623082,0.0010065674552059084,0.0007899219391758782,0.0006238600579363282,0.0032292738438051013,9.678839525999138,4,True,60.63401350976745,,,,,,deltaRIC0,FGO-B
87,14.80435253897722,12.131874348884233,8.484484597263759,41.44788485340685,0.001351044217686758,0.001093430008319207,0.0007935561070597859,0.003939765731200403,10.071747090998542,4,True,55.89200166006415,,,,,,deltaRIC0,FGO-B
88,14.266434184128169,12.893743317638307,6.105941990300784,30.084818469626764,0.0012953422827760937,0.0011313326461380774,0.000630870884832861,0.0037035101863025803,4.610029581999697,4,True,67.97119742242917,,,,,,deltaRIC0,FGO-B
89,15.546662925469782,13.236103796721677,8.155015904373613,42.39507076825205,0.0013305305483636719,0.0010864688734498194,0.0007680474771481345,0.0037737310566121796,10.079498379000142,4,True,50.70586745493236,,,,,,deltaRIC0,FGO-B
90,13.102201562157537,10.649850932926547,7.632061378280898,39.58656088615663,0.0012044889582674707,0.0008836030242243191,0.0008185593113329625,0.0041398542565736695,7.3673293009997,4,True,60.39620718857375,,,,,,deltaRIC0,FGO-B
91,9.753787721356371,9.023469372811267,3.703157489389206,21.546961971615385,0.0009635287903833485,0.000849864966731488,0.00045400139671600704,0.002220568415691184,6.746076573999744,4,True,82.98119539174706,,,,,,deltaRIC0,FGO-B
92,12.537650127514247,9.953486249402106,7.623698721940765,40.7284993840685,0.0012335125815735029,0.000988583804830475,0.0007377366398160179,0.003460809774512396,12.767949929000679,4,True,59.380559308835416,,,,,,deltaRIC0,FGO-B
93,17.73310617715409,16.034310124570304,7.573899492290798,47.376258711796254,0.0015947346889799735,0.0013411425785656277,0.0008628530072928951,0.004397126575055501,4.33380433900129,4,True,58.67490823883631,,,,,,deltaRIC0,FGO-B
94,16.32366127206493,14.570341203288672,7.359828431754427,44.57332353471332,0.0015529944731246426,0.0013365839034121308,0.0007907814506519981,0.003731269405748957,7.042202677001114,4,True,64.88606026732946,,,,,,deltaRIC0,FGO-B
95,14.568055682041129,11.877044333378986,8.435879578206471,46.507041544077246,0.0013628673162148213,0.0010658248789156392,0.0008493672050950946,0.004014547702590305,9.690070443999502,4,True,67.6257995150056,,,,,,deltaRIC0,FGO-B
96,17.423502527760192,14.882283457582432,9.060688683705788,45.3755145324858,0.0015242370251570233,0.0012681490499378153,0.0008456337836211068,0.004128774282255821,9.617574714999137,4,True,51.65976532985778,,,,,,deltaRIC0,FGO-B
97,14.55162077256777,12.162929357466512,7.9882924679749285,40.83884397623373,0.0014112106399163376,0.0011649198502982322,0.0007965407789901425,0.003800438150662302,9.619169669000257,4,True,63.81169272140115,,,,,,deltaRIC0,FGO-B
98,16.058445033676037,12.948790662933945,9.497498474183041,47.7169159153482,0.0015322996914718442,0.0011998250080264806,0.0009530804239931508,0.0048919696217871915,9.513489162000042,4,True,42.198797494299534,,,,,,deltaRIC0,FGO-B
99,13.469364428129209,11.040721798443633,7.715325026667646,39.39611591982876,0.001214649789072425,0.0009463900373060857,0.000761393464236115,0.0034556869611901226,15.282528039000681,5,True,61.58306223765305,,,,,,deltaRIC0,FGO-B
100,13.523519441817134,11.381227791452798,7.304329678503598,38.47240456966953,0.0011910950954064827,0.0009431918201882923,0.0007273903468092457,0.0034785100256850086,9.613155317998462,4,True,59.99955161796913,,,,,,deltaRIC0,FGO-B
101,14.933315510941648,12.987197225545211,7.371337760143758,41.62421337134485,0.0013627443511237635,0.0011888225348629326,0.0006661630034171811,0.0037253683640164417,4.5361399200010055,4,True,65.62753593441099,,,,,,deltaRIC0,FGO-B
102,12.247696122804427,10.21988056586246,6.749822333666672,37.02576952257839,0.0011697827717741074,0.0009071819817707118,0.0007385205380286167,0.003254357302335988,4.481844707999699,4,True,62.07427551383842,,,,,,deltaRIC0,FGO-B
103,13.367004577846656,11.22688157907767,7.25492531963906,37.325046782623346,0.0012448071913359223,0.0009143376951604867,0.000844707951193924,0.0039741666756480465,9.63533407900104,4,True,57.98214570367516,,,,,,deltaRIC0,FGO-B
104,14.585143378458113,12.049389151623007,8.21818887851395,45.23598326673618,0.0011923499487435623,0.0009950529485222726,0.0006569383760337854,0.003817837780560847,6.993112099000427,4,True,75.21808345917054,,,,,,deltaRIC0,FGO-B
105,14.180045995967035,12.162627040586356,7.2900074018713,43.48724174466827,0.0012589043195008129,0.0010771790106981253,0.0006515561868090982,0.0034219947243022803,9.745030153999323,4,True,72.4788886164246,,,,,,deltaRIC0,FGO-B
106,13.14486753299032,10.976655137326565,7.231914300934805,35.7376014915868,0.001280332650275472,0.0009802918898722554,0.0008235772617138578,0.003950438228145099,7.530214970998713,4,True,54.702730857928294,,,,,,deltaRIC0,FGO-B
107,12.962217815645833,11.287938792335527,6.371932871643655,34.78256786391888,0.0011501230472146368,0.0009712695516719995,0.0006159695461052884,0.003428613133756138,4.662676927000575,4,True,57.85783949234781,,,,,,deltaRIC0,FGO-B
108,16.011920564628316,13.682548693420685,8.316817986474097,42.88579378596159,0.0014234759256070493,0.0011780570771789227,0.0007990401952915133,0.0038519715193495556,4.425613931998669,4,True,49.02003868551269,,,,,,deltaRIC0,FGO-B
109,13.70029292620578,11.790468963800183,6.977310934558436,41.42992730721284,0.0012302313518108693,0.0009198601101094966,0.0008169005795124299,0.004391062188766482,9.680796743001338,4,True,55.56337941041552,,,,,,deltaRIC0,FGO-B
110,13.69851897991762,10.856455069255981,8.353849745619645,42.524150917379444,0.0014801843585815014,0.0011842983469099982,0.0008879094328227265,0.004437448181859138,10.516207026999837,4,True,55.791612527787954,,,,,,deltaRIC0,FGO-B
111,16.151632959853913,14.28073822838281,7.545579031608183,45.135303620416025,0.0012855528973834526,0.0010579968923348471,0.0007302662718356885,0.0038954902892721715,6.960682098000689,4,True,55.86016999152726,,,,,,deltaRIC0,FGO-B
112,12.164101862389247,10.204135633306116,6.621252909810495,36.579018768048684,0.0011823954132721946,0.0009441205318606371,0.0007118253540344793,0.0033770048798211568,7.010080105999805,4,True,72.41432256533523,,,,,,deltaRIC0,FGO-B
113,14.88973338371262,12.345906706735152,8.323625882188487,40.22517927105072,0.0013835831344222711,0.001124027355260234,0.0008067619193321165,0.004212200596451099,9.40658158000042,4,True,63.73246486807511,,,,,,deltaRIC0,FGO-B
114,12.141677377989712,10.73772863503098,5.66758443356805,29.69597568704485,0.001096856661269473,0.0009851134014442796,0.0004823340353594141,0.0026979920918186297,9.673130647999642,4,True,77.59272867957458,,,,,,deltaRIC0,FGO-B
115,13.033640371003157,10.530830102547654,7.679674385800449,37.43176860938173,0.0012496392869827116,0.0009736808484568625,0.0007832904652292045,0.003941236975773867,4.336093325000547,4,True,54.0468711640765,,,,,,deltaRIC0,FGO-B
116,17.856058896644445,15.517172829265252,8.834941239597892,51.240208848098725,0.001349547672635598,0.001094238703703055,0.0007898864348970786,0.004173372525563477,4.650034239999513,4,True,61.82543449606173,,,,,,deltaRIC0,FGO-B
117,15.821534055685813,12.663208303283922,9.484940450148708,46.12462058774368,0.001480033199905549,0.0011245464941727608,0.0009622335762518436,0.004099977605121645,10.032623851000608,4,True,58.33225743777515,,,,,,deltaRIC0,FGO-B
118,14.467579494558708,11.764084942617597,8.421232801333398,45.51827143136348,0.0013155090242497765,0.001105652345004331,0.0007128091503825015,0.0036508190975869004,10.135998226000083,4,True,68.5237472214337,,,,,,deltaRIC0,FGO-B
119,16.528802143155133,14.278898402794674,8.325524649548367,42.155238362683484,0.0015636130752031152,0.0013433319948273504,0.000800215596335959,0.004372487975546172,7.02591531500002,4,True,45.14691827273316,,,,,,deltaRIC0,FGO-B
120,16.078903268894532,14.89638014077662,6.052188780263152,38.64688609978498,0.0014086438152208839,0.0011529922889506744,0.0008092503813902915,0.004391781164834661,10.923686307000025,4,True,53.76591733901903,,,,,,deltaRIC0,FGO-B
121,13.47867416889252,11.514083064949075,7.007178356844028,40.93039412017587,0.0012190935550331124,0.0008903087764985202,0.0008327901166638447,0.0036001459845401793,4.678028670999993,4,True,65.1192916131864,,,,,,deltaRIC0,FGO-B
122,12.47241138973006,10.388367303549499,6.9023815195345355,40.26345051976967,0.0010879354567387217,0.00087191901712226,0.0006506618058637244,0.0034973579314413043,7.416588128000512,4,True,76.30878523761392,,,,,,deltaRIC0,FGO-B
123,19.22013444816131,17.022371367183503,8.924821636485989,52.00409083092949,0.0017426510657168853,0.0014690563922387003,0.0009373932223281801,0.004116346304510009,7.0272384689997125,4,True,59.65024449570758,,,,,,deltaRIC0,FGO-B
124,12.166078080588395,9.562890142780486,7.520943290577666,40.02783022396736,0.001120378334229687,0.0008499024781538287,0.0007300091707912091,0.0033975402868760616,5.334243544999481,4,True,69.84122863147216,,,,,,deltaRIC0,FGO-B
125,14.236754605673365,11.814961443800044,7.943038951414008,39.862866693124964,0.0011406268290384783,0.0009023784412012975,0.0006976694862020917,0.0032451639708543077,7.008389341999646,4,True,70.26706057798691,,,,,,deltaRIC0,FGO-B
126,14.681248629330318,11.29852844040748,9.374556864061185,49.175244141702656,0.001310293662321328,0.0010075308550343504,0.0008377058300341409,0.00413144237369102,9.625733247001335,4,True,71.23080824186414,,,,,,deltaRIC0,FGO-B
127,15.329609470181504,13.521789350040933,7.222059213368308,39.05544605973976,0.0012421767515363017,0.0010352758549190813,0.0006864451808257117,0.003404345837461108,9.634685351998996,4,True,71.46714445705503,,,,,,deltaRIC0,FGO-B
128,11.813118434659788,9.989080142476627,6.3061910103070975,36.90509781611468,0.0011112031937313281,0.0009367863108856953,0.0005976654126648731,0.0033235489324096494,11.15580350700111,4,True,76.57707327655245,,,,,,deltaRIC0,FGO-B
129,13.798367675945654,12.412913665468379,6.026153404470405,31.33131813070753,0.0012765894934533384,0.0011392285439860113,0.0005760547364295893,0.0029967414529191794,11.563085110999964,4,True,62.96359083146618,,,,,,deltaRIC0,FGO-B
130,16.250180557253273,12.603453834348887,10.25774437138929,56.828944035931684,0.0013905868671942156,0.0009636142042873817,0.0010025864055075847,0.004784429262740604,7.24731365200023,4,True,69.78218197675993,,,,,,deltaRIC0,FGO-B
131,13.526292297761616,12.269865407745716,5.69306474583684,32.27809884497307,0.001196966293392229,0.0010378234327103346,0.0005963646787280992,0.003345917516328805,10.448664216999532,4,True,63.237112544739134,,,,,,deltaRIC0,FGO-B
132,13.342015399509924,11.164565622802243,7.3049195324043295,37.84915671189065,0.0011039073878522702,0.0009299481622904424,0.0005948175656513947,0.003096121556038055,4.711540842001341,4,True,72.33435471644532,,,,,,deltaRIC0,FGO-B
133,16.124947052986666,14.910351257431138,6.139653316079421,37.74627498121807,0.001374602990772863,0.0012002701958283978,0.0006699886859102614,0.003561700479375068,9.666875124999933,4,True,60.206046417047546,,,,,,deltaRIC0,FGO-B
134,11.823638552164672,10.682385994809446,5.068042824417896,29.81652604792269,0.0012983827573872328,0.0011489176405929508,0.0006048024800005377,0.0033510089994956958,6.982209743000567,4,True,67.01437210990692,,,,,,deltaRIC0,FGO-B
135,14.810483924667764,11.870459951416363,8.856783537191284,43.645556271012076,0.0013621955174973378,0.001013126189049774,0.0009105778126834205,0.0039992563116739354,9.614813510999738,4,True,59.85857644868318,,,,,,deltaRIC0,FGO-B
136,17.699828812321442,14.712540230294325,9.839974591301308,50.47799845321764,0.0015145842299972782,0.00123654625055596,0.000874596341172569,0.004266822353359976,7.107301005000409,4,True,49.70620297553153,,,,,,deltaRIC0,FGO-B
137,12.730282761732823,11.9139611198699,4.485268066448237,28.572510105599093,0.001134156197085176,0.0008819623471307707,0.0007130586915747472,0.0033354746590412137,6.628908503000275,4,True,70.71409244882607,,,,,,deltaRIC0,FGO-B
138,14.603567879925142,11.360803752880798,9.175855977079785,42.907384193450135,0.00136381679710951,0.0010265545896750872,0.0008978763447686189,0.004143344532571766,7.050617742999748,4,True,55.76229440401448,,,,,,deltaRIC0,FGO-B
139,14.61062073664472,11.15624769022964,9.434425037293927,44.14471141953945,0.0013730144945883931,0.0009959931070770058,0.0009450748822209345,0.004133657216812627,14.942671688999326,4,True,58.715376299324106,,,,,,deltaRIC0,FGO-B
140,13.244680350360284,12.03453496805163,5.530960647659896,28.617222477262903,0.001233631087886523,0.0011320215845496233,0.0004902782812993512,0.0032600697867721166,5.126811981999708,4,True,74.05586114975489,,,,,,deltaRIC0,FGO-B
141,11.739990259648131,9.68003220098644,6.642616042230544,38.32309564016932,0.0011760645746469265,0.0009241176531215825,0.0007274162817317981,0.0033921841366232374,9.689966791000188,4,True,70.58252655938489,,,,,,deltaRIC0,FGO-B
142,14.474781317409295,12.400336789751465,7.466655321330796,38.63469076369862,0.0010837384180046692,0.0009273978824726346,0.0005607335608330723,0.003227372901872916,9.720047961000091,5,True,73.2320305346423,,,,,,deltaRIC0,FGO-B
143,11.42549897952691,9.953428699863636,5.609927276525193,35.81239643689886,0.0011307735202856276,0.0008486258402750961,0.0007473171598434883,0.0038134767030618467,9.620380835000105,4,True,64.57154621268585,,,,,,deltaRIC0,FGO-B
144,12.088960880471571,10.540369309818235,5.919762662659191,31.978786426522433,0.0011479065964680299,0.0009356291065164484,0.0006650471631802129,0.0032701794643225754,6.986633323998831,4,True,69.71772828121901,,,,,,deltaRIC0,FGO-B
145,17.496603064326546,14.82834167881767,9.287163283093488,46.28005683519959,0.0014108016137849338,0.001170724308950789,0.0007872520472440015,0.003776639301019877,7.010682063999411,4,True,62.18712972553537,,,,,,deltaRIC0,FGO-B
146,12.69555761965402,10.585420449853947,7.008998300311475,37.186832563980765,0.0011592119201893419,0.0008830708182013592,0.0007509715080815271,0.003863877421956517,7.27626721300112,4,True,60.892874898374615,,,,,,deltaRIC0,FGO-B
147,12.768980159026345,10.60514749316693,7.111800120207515,38.39207843263342,0.001132660685063938,0.0008859985078994821,0.000705639335276458,0.003202120749219761,6.553964692999216,4,True,61.581756033629766,,,,,,deltaRIC0,FGO-B
148,11.305769170543806,9.583432143673459,5.998186799794179,33.2328544938379,0.0009215007615076882,0.0007645477919407782,0.0005144223238718648,0.0027315204019629793,5.898181533000752,4,True,74.74742501067382,,,,,,deltaRIC0,FGO-B
149,13.841506395787565,11.017896163831546,8.378142003311604,39.53209340991438,0.0012594847483933178,0.0009374237502456074,0.0008411531037277575,0.0042744146612164685,6.143405189999612,4,True,50.153758277630054,,,,,,deltaRIC0,FGO-B
150,19.147750253932113,18.020065072638356,6.474070942215298,45.37644728519498,0.0016291688635708121,0.0014307111424532563,0.0007792668431857658,0.004098497820117088,9.614165380000486,4,True,70.26799913202301,,,,,,deltaRIC0,FGO-B
151,18.504374103964363,15.739441363038436,9.730459730091983,57.227037297098,0.0015215602841187658,0.0011931353970539705,0.0009442317631304526,0.004601936574321429,9.694780122001248,4,True,57.80828003317866,,,,,,deltaRIC0,FGO-B
152,13.305241576291394,11.842662303488975,6.064717880412437,39.96362512277658,0.0011080942834964394,0.0008702141590299991,0.0006860031038859802,0.0034348003190127576,7.01584143600121,4,True,70.64762416234443,,,,,,deltaRIC0,FGO-B
153,14.744470839755953,12.914192592747792,7.114987703561524,38.51373615104716,0.0013606689050717673,0.0010826064166589548,0.0008242470599511168,0.0038656676410291236,9.672984013999667,4,True,69.01986617826903,,,,,,deltaRIC0,FGO-B
154,15.614527012083586,12.654590837810732,9.147392226131153,47.297803564746985,0.0015205606619308725,0.00126459878332752,0.0008443308852684525,0.004086820676156529,7.045277903000169,4,True,58.206573232821306,,,,,,deltaRIC0,FGO-B
155,14.238591004207684,11.082351046521651,8.939740995507895,43.10435782109388,0.0013333118965390865,0.0009670698095599029,0.0009178761337405108,0.0039190584076831455,4.551832074999766,4,True,59.913868435892304,,,,,,deltaRIC0,FGO-B
156,15.250699311442508,12.636511223079253,8.538291023209805,47.16418770755233,0.0011831793766589372,0.0009038427920022421,0.0007635323468567806,0.0037365229725574672,7.090394336000827,4,True,56.10128628691426,,,,,,deltaRIC0,FGO-B
157,14.718042868376614,12.552598253493652,7.6845990761886735,37.85205764611438,0.0011722709314272938,0.0008987660872673172,0.0007526211909371222,0.0039013191246753064,10.558317940000052,4,True,56.855889778513514,,,,,,deltaRIC0,FGO-B
158,14.295015972916804,11.303110542603442,8.751409813717647,50.128725885847864,0.001324130038433889,0.0010254992482926805,0.0008376584330346589,0.004356634522899326,15.764793631999055,4,True,68.81264351569233,,,,,,deltaRIC0,FGO-B
159,12.762355873827458,11.34293172302706,5.849412566827933,34.400305108529736,0.0012317963277065852,0.0010669528332178447,0.0006155760266935704,0.0032818113054245827,7.036170331000903,4,True,70.73985881878151,,,,,,deltaRIC0,FGO-B
160,16.394691766017846,14.603567725801849,7.45129034333329,46.09423596261955,0.001569020907395468,0.0013115661607628246,0.0008611740902895085,0.004039217091217975,6.443021383000087,4,True,75.72693151578498,,,,,,deltaRIC0,FGO-B
161,14.321458189026911,13.261143022739939,5.407980250563226,34.56676392689871,0.001180753228966195,0.0009711519364620856,0.0006715966825558601,0.0031376182295113145,7.341176760999588,4,True,69.4141408774164,,,,,,deltaRIC0,FGO-B
162,17.53821556258985,14.769404352122475,9.45799662737171,47.88760870757502,0.0014974086224694926,0.0012721777183937204,0.0007898078471809023,0.0038569247791683885,9.650797650998356,4,True,69.12528832919264,,,,,,deltaRIC0,FGO-B
163,15.821512188095726,12.628016730596029,9.531707159257904,46.22427153894186,0.00145079440487488,0.0011151621659162391,0.0009280181835100322,0.004685039186440504,8.499496311000257,4,True,44.88176456164578,,,,,,deltaRIC0,FGO-B
164,13.597978743844445,11.654216734235971,7.006015859923495,38.24666169149363,0.0011911277631497584,0.0009008850822952734,0.0007792248819461462,0.003496091223969011,9.432157968998581,4,True,61.186791906553026,,,,,,deltaRIC0,FGO-B
165,16.90164114563023,14.384744680040546,8.87381507051539,47.516489481923486,0.0016156618621521158,0.0012685107868270267,0.0010006216250493093,0.004337957925757944,9.57365788000061,4,True,49.41798948211254,,,,,,deltaRIC0,FGO-B
166,16.54677408822079,13.510300833064004,9.553402751204674,43.53415047067998,0.0014573878639703077,0.0011202324488202406,0.0009322331503750248,0.004585517346260329,5.852986847001375,4,True,58.46364674302846,,,,,,deltaRIC0,FGO-B
167,15.164663828450548,12.916346501819868,7.94575497198612,45.22524429013663,0.0012765937300696735,0.0009106996863449321,0.0008946047355924543,0.003862746549799612,10.037155309999434,4,True,61.30013908643361,,,,,,deltaRIC0,FGO-B
168,11.777611164270509,10.071324565744604,6.1057797395728715,37.54647162598053,0.00106914156111506,0.0008027379216498868,0.0007061696020424327,0.003306086962148238,9.658234147998883,4,True,75.8110927683771,,,,,,deltaRIC0,FGO-B
169,15.766670217686402,14.41832020472699,6.379649851460563,34.46709419958434,0.0012480185363305538,0.0010171394845173286,0.0007231718579013433,0.0037789114227689395,7.0380889079988265,4,True,61.14649486715597,,,,,,deltaRIC0,FGO-B
170,18.74698740554717,15.910829412239408,9.91438571966824,47.85807420623909,0.0014600507847712589,0.0012765636555051845,0.0007086138070588304,0.003726819427609878,6.44655296900055,4,True,58.60553144601063,,,,,,deltaRIC0,FGO-B
171,16.025038619458392,13.555531052050949,8.546896550913402,38.77625524584907,0.0011917794511717291,0.0009202257620922064,0.0007573128858120705,0.003959555429014675,7.916638498001703,4,True,50.957060239823505,,,,,,deltaRIC0,FGO-B
172,13.61602945022343,12.424561577950378,5.570146100873019,35.453079268818755,0.0012579074595464458,0.0010908980448985773,0.0006263167189362379,0.0032489623860359573,7.6119169459998375,4,True,69.1499668366118,,,,,,deltaRIC0,FGO-B
173,14.992104798440666,12.19358917966322,8.722361446593903,45.148981836777075,0.0013754309190686365,0.0011351864080697196,0.0007766350700707264,0.003800169600444624,7.3247970690008515,4,True,52.654287938709274,,,,,,deltaRIC0,FGO-B
174,17.245382404737526,15.095667318912481,8.338107847848232,44.3520008269439,0.0013390147370549586,0.0011314655453606916,0.0007160629760796132,0.003545791159956926,7.011786793998908,4,True,48.12275800430181,,,,,,deltaRIC0,FGO-B
175,13.27944017073412,11.938636782583144,5.814850214894606,32.851237300047764,0.001212321228217576,0.0010118476923358817,0.0006677477127639777,0.003431144441348592,9.279566736000561,4,True,57.89897809512505,,,,,,deltaRIC0,FGO-B
176,14.497674936628645,11.822355869185289,8.39133364075643,44.015624664517475,0.001318145188588563,0.0010935397191981977,0.0007359875139804378,0.0037769198826298764,7.009307107000495,4,True,68.76897101010803,,,,,,deltaRIC0,FGO-B
177,11.612100250747776,9.90231476620041,6.065066735371168,32.61339236224847,0.00098480013242333,0.0007562325741982333,0.0006308277059090873,0.0028753536295032306,9.625030051000067,4,True,59.05450860425507,,,,,,deltaRIC0,FGO-B
178,11.61702976856128,10.048694251596439,5.829161559055608,32.18803364457944,0.0010565509347039523,0.0008610086092287206,0.0006123430839470792,0.003120324140633583,6.18755883599988,4,True,66.33584869505219,,,,,,deltaRIC0,FGO-B
179,12.87020984369788,9.856312486600114,8.276195115347905,42.4588991138775,0.0011656222063804722,0.0009130033247140726,0.0007246378799568304,0.003566651160526038,7.334296467999593,4,True,68.12571368734831,,,,,,deltaRIC0,FGO-B
180,14.137258490063468,12.171712624797754,7.191070114677688,40.163541444584375,0.0014553390984700255,0.0012150459502956563,0.0008010463346184611,0.004063406147676187,12.022881426999447,5,True,59.83414395142523,,,,,,deltaRIC0,FGO-B
181,14.658066653400454,13.496717566125232,5.718175666746951,36.09079273717698,0.0012262390101508596,0.001009861339307351,0.0006955876547122751,0.003548350037148068,6.990095303000999,4,True,67.29936497874078,,,,,,deltaRIC0,FGO-B
182,21.854581518536474,18.429573553061807,11.746214369005905,58.56382799422905,0.0018914428659402654,0.0014888889990892263,0.0011665186082988163,0.0055135595325688175,6.5398484130000725,4,True,44.4810432980119,,,,,,deltaRIC0,FGO-B
183,9.85395164509523,8.357685958344995,5.220100424853711,29.83913960629288,0.0009248254910705092,0.0007144613255869746,0.0005872369225230238,0.0025756797707153175,7.026678813001126,4,True,82.64542029921448,,,,,,deltaRIC0,FGO-B
184,16.053173809380358,13.051134429747757,9.347314023334622,45.79095318061548,0.0015619427682092464,0.001266744895978368,0.000913795699089199,0.004242701700571779,7.368991373999961,4,True,56.2336752368452,,,,,,deltaRIC0,FGO-B
185,16.88215127297326,15.272833096520207,7.193580527761518,39.692130210726575,0.0014469371542629537,0.0012354764333139916,0.0007531434864036948,0.003661469368701645,10.060469134001323,4,True,51.33849362919934,,,,,,deltaRIC0,FGO-B
186,15.004908161427394,13.110550578054315,7.297995099556462,40.84698899327874,0.0012984617209156066,0.001082969542895582,0.0007163656956078038,0.004065048281254445,7.338658768998357,4,True,54.07099001331477,,,,,,deltaRIC0,FGO-B
187,11.457204068101763,9.344778792005174,6.628924074585404,39.152099917403156,0.0011392731936513882,0.0008843565477712404,0.0007182317914063447,0.003566580450170465,7.089462828000251,4,True,72.94043469473891,,,,,,deltaRIC0,FGO-B
188,13.19395890819353,11.401063889367078,6.6405040367181,35.8220959736051,0.0011059167019179695,0.0009518546837493193,0.0005630492097548867,0.0030693974867163332,10.310856134999995,4,True,73.73004227141556,,,,,,deltaRIC0,FGO-B
189,14.95632584474526,13.691235457393685,6.020112492669962,30.359020218384217,0.0012339929560420456,0.0010693302816811986,0.0006158501150775196,0.003301545321187964,7.010873396000534,4,True,64.85183346785865,,,,,,deltaRIC0,FGO-B
190,13.149955519589186,10.891441322581937,7.368706540766074,37.11819326027036,0.0012726915941582689,0.0009975836123062578,0.0007902979376786414,0.003751178097951959,7.030724663998626,4,True,59.94530641526029,,,,,,deltaRIC0,FGO-B
191,16.445857630995373,14.74968410572617,7.274135824980004,42.201842539276214,0.0016367543457698624,0.0014071652967315095,0.00083597285606116,0.003807665506903135,11.422560427001372,4,True,69.38143107377732,,,,,,deltaRIC0,FGO-B
192,14.769864786378385,13.31362682926037,6.395017314996004,38.468858399968695,0.0009542649845266917,0.0008266003019571725,0.000476816108681364,0.0029275331035503306,9.460275821000323,4,True,60.58412456333517,,,,,,deltaRIC0,FGO-B
193,12.349638949088263,9.86369497912112,7.4310903326294335,39.349280943893866,0.001228883551964443,0.0009966011466768115,0.0007189860490518646,0.0034205969659808736,10.028943745001015,4,True,62.77527098039217,,,,,,deltaRIC0,FGO-B
194,17.17149259352986,13.460624932696355,10.661694720396197,48.91688549276906,0.0015529015000370174,0.0011868545202546811,0.0010014386733935578,0.004735513621977638,7.053351184000348,4,True,40.80196979096589,,,,,,deltaRIC0,FGO-B
195,15.080106535934256,13.33890485900373,7.034431767923671,39.330054278184186,0.0013900521774518303,0.0011444186124010209,0.000789019071777544,0.003605298495798267,6.380185799998799,4,True,65.05632062821596,,,,,,deltaRIC0,FGO-B
196,12.87310438219977,11.067917574080159,6.574041147450969,36.09951545236517,0.0011709940025083276,0.0008807163510765643,0.0007717290086920764,0.0034144418594894647,7.115330492999419,4,True,68.91174197006734,,,,,,deltaRIC0,FGO-B
197,12.397032164434545,9.690934847309846,7.731247523603184,37.90508117889636,0.001235926252798498,0.0009699781266545693,0.0007659348119574075,0.003420911714921149,7.0879461919994355,4,True,77.42403301398717,,,,,,deltaRIC0,FGO-B
198,12.18524278684905,11.298275921487065,4.563891209965734,28.994470056598168,0.0009872191598888364,0.0008317461105303887,0.0005317895046625029,0.0033308159537610445,7.004702650998297,4,True,67.63770543454699,,,,,,deltaRIC0,FGO-B
199,11.775639501474146,9.746713219923196,6.608121297105002,31.810705191907143,0.001132875097189615,0.0008705491370262541,0.0007249484022019943,0.003562344843119089,7.092634761998852,4,True,64.65847385839416,,,,,,deltaRIC0,FGO-B
200,13.13722238700963,11.98208401907558,5.386675654386533,33.19088522066539,0.0011902654709468564,0.0009196360043616549,0.0007556464191737247,0.0035658202159667913,7.062913044999732,4,True,64.67466440446985,,,,,,deltaRIC0,FGO-B
1,13.899469009467118,11.603949985884116,7.651377880502102,39.10209505726171,0.0013289527775720454,0.0011437299290340951,0.0006767550032678873,0.0035056585967895397,13.774918841001636,6,True,1.122879497299303,-0.0012105131356038056,0.001215220169807794,0.0023741619416105552,0.0029289498182060144,-86.11691823912406,deltaRIC0,FGO-G
2,15.130086211406647,13.08615305852156,7.594215357332473,44.83592578747263,0.0014849257379355863,0.0011610247351539944,0.0009257569937862437,0.0051972014552724,61.60436896700048,14,True,9.18448800742681,-0.0029018232820965644,0.0006380967392405955,-0.00045491338361577916,0.0030057764380838296,68.504639270388,deltaRIC0,FGO-G
3,15.587519299309298,12.48674808053884,9.330159713504342,52.630888284611785,0.0016412764675050062,0.001349233473768916,0.0009345359683004046,0.005524488563128674,17.59481887899892,5,True,2.146266539939319,-0.00313251449567788,0.00046847550153701465,0.000450003718817584,0.0031991592189389477,-67.13935729059449,deltaRIC0,FGO-G
4,13.127133391478118,10.774026443411262,7.499465665921449,44.55163182830277,0.0014704742719728818,0.0012544140884802558,0.0007672938675347436,0.004759002626591312,17.004194918001303,5,True,3.8723931084717416,-0.002161106775376561,0.0007479825391857851,-1.5232791531408162e-06,0.0022868893051227186,-16.065433634707006,deltaRIC0,FGO-G
5,12.55884017242457,10.5575054909585,6.801730977103281,45.62733171583536,0.0014167485502986662,0.0011375245618943071,0.0008445201749280694,0.004960838176991569,92.85802385500028,14,True,8.88385903672777,-0.003136297742865872,0.0005251503245863714,0.0005842154911647583,0.0032331801891381825,1.74975902926235,deltaRIC0,FGO-G
6,15.794951785822175,14.323844113791713,6.656424845233485,42.51993968270433,0.001555259419503387,0.0013783455631735152,0.0007204133330483947,0.004647673540203748,12.500203018998945,5,True,4.214472552383405,-0.003553845250236627,0.0007475029238448325,-5.5640067545261686e-06,0.0036316122648153357,-164.67682236563996,deltaRIC0,FGO-G
7,12.257914863355383,10.71771500327156,5.948702539707002,38.594469242791504,0.0011053496545315794,0.0009280436926716498,0.0006004438052519574,0.0035322916282161184,17.1484824629988,5,True,11.206725395394727,0.00035224808291219495,0.0014534511920592278,0.00039839183326773297,0.001547680565371334,29.02593196476664,deltaRIC0,FGO-G
8,16.297165946150752,13.460606006942518,9.187475376959593,54.88842033634901,0.0014371924969081831,0.0011547591920873404,0.0008556012397483835,0.0048588874087310855,17.075477667000087,5,True,2.359093938706369,0.0010506337220857493,0.0017026753867598408,0.00014905173759798525,0.0020062779247009893,79.32061330406577,deltaRIC0,FGO-G
9,14.205882480882032,11.52999083487358,8.298578698088145,47.84094107236922,0.0012580794278793138,0.0009879753639045138,0.0007788892907023982,0.004086701148104987,12.480061277999994,5,True,5.3594812164907095,0.00022650985999216858,0.0014120758750847163,-0.00026335778891733834,0.0014541741019057411,-101.27964372210408,deltaRIC0,FGO-G
10,10.674777752823072,9.192720312727468,5.426303836326733,33.27099921706918,0.0010857385287759388,0.0009185978389423409,0.0005787971692734869,0.0027157207299108167,9.977173598999798,4,True,1.1894877480317516,-0.001815457198918285,0.0011097274975447225,-0.0002612029763513782,0.0021437366803704963,221.30919875437394,deltaRIC0,FGO-G
11,15.82876832618752,14.812313203864985,5.580796025185327,29.013226640156876,0.0012703980998791445,0.0011654117010330748,0.0005056944722574448,0.0028516472804948436,12.917649689999962,5,True,1.7315645899623704,-0.001798177083872466,0.0011331978716521507,0.0005546636581484128,0.002196640620345447,28.880845965068147,deltaRIC0,FGO-G
12,14.095975938790453,11.188390747986807,8.574173437557846,53.323248824754266,0.0015616672738600474,0.001227414125781488,0.0009655357259457243,0.005678578022758539,17.62519700499979,5,True,7.865365469641461,-0.0027551612208369237,0.0004788127154538761,0.0015203937084340877,0.003183044454281134,50.472273991086695,deltaRIC0,FGO-G
13,13.264722732492851,11.763393689048064,6.12988075629345,37.75779831800052,0.0014539537898759349,0.0012389110851148178,0.0007609736830365549,0.0035396596385515325,12.535235623001427,5,True,1.1912079265144084,-0.002301149712136693,0.0010659564784122383,0.0004445107057947141,0.0025747122128699975,-242.55151223282155,deltaRIC0,FGO-G
14,10.48037788715233,9.279946434031501,4.870412183688108,30.569769667168767,0.0011795489765707317,0.0010339818480470983,0.000567641899473751,0.002837325499988768,17.21800161000101,5,True,1.8044905746401791,-0.002007342134403786,0.0010537021750149503,0.0006513699166098547,0.0023588118802584305,-2.6770319733186625,deltaRIC0,FGO-G
15,13.177080745920119,12.268978487621109,4.80703899035458,26.590591169953534,0.001141634325397929,0.0010082187722034416,0.0005355593714084084,0.0030372157146024386,13.927793998998823,6,True,3.8220502806908403,-0.001815721162368975,0.0010115359699213512,0.0005632294934654394,0.0021534334956595726,39.509182018533465,deltaRIC0,FGO-G
16,14.748715690598425,12.2858709252952,8.159778803931527,47.34321669071926,0.001309837626823961,0.0010121472814228225,0.0008314039267120497,0.004150034360913096,17.26385921200017,5,True,8.878520928087662,-0.0005601904902619343,0.0009070769665729505,0.0019109128529857472,0.0021881933050745812,13.233033465039625,deltaRIC0,FGO-G
17,12.9890056665554,11.407200357772078,6.212088876010463,33.33378887993308,0.0012379872312206408,0.001031984281453321,0.000683828068668303,0.0038001393020768233,15.016944072000115,6,True,6.5903796665162515,-0.0018588897925406885,0.0008759027610337923,0.001886798747243612,0.0027897466587843865,72.48635317372828,deltaRIC0,FGO-G
18,17.038994730248756,15.549546228729017,6.966990275439169,42.27066525391613,0.0018641284006670042,0.0016838244008918059,0.0007998187801837817,0.0047791910693848515,15.3752788769998,6,True,2.9361583904787762,-0.0028399152229201053,0.0008718296729066779,-0.00021468011775219924,0.0029784715887333914,-295.8672856337871,deltaRIC0,FGO-G
19,13.772256171397048,11.092180603345735,8.16324503572842,44.19682076914305,0.0011941744758465962,0.0009407366240042071,0.0007355727584818922,0.003757516177789427,24.973903485000847,7,True,2.638590976440114,-0.001163362482713413,0.0008849729076544074,0.00103059057408807,0.0017884927298892188,-50.56220148917782,deltaRIC0,FGO-G
20,12.634640802566159,11.393815562137531,5.4603218903158295,33.66854227990427,0.0012742820009858352,0.001062614014875888,0.0007033107943333513,0.0033882336465178874,36.63469442799942,9,True,2.913010791820492,-0.001991516522913883,0.0009798213046140333,9.319601933766322e-05,0.002221457482833046,76.22546660018997,deltaRIC0,FGO-G
21,12.092606450279616,10.187762234849714,6.514647450746213,35.200021453827844,0.0009869729622137885,0.0008564085400177408,0.0004905915212534172,0.002798838032930859,35.581995923999784,12,True,1.0143781335559703,-0.001563112382784442,0.001109983020760271,0.0007469527869419527,0.0020575036071682844,-67.02705466750922,deltaRIC0,FGO-G
22,11.368542249073426,10.530295970584577,4.284462584835771,29.968080511397773,0.0010955491696189902,0.0009521769112484004,0.000541836795297546,0.0026735155000040325,9.979574204999153,4,True,8.152143759888991,-0.0008995384245875151,0.0011821937025467378,0.0014224997459836642,0.002056758822753446,-202.72174839587387,deltaRIC0,FGO-G
23,16.060462293678132,14.372904415153995,7.1664543366649465,39.94801321876394,0.0012235653685410196,0.001075992968273763,0.0005825387054250879,0.002836365173546111,29.695137307999175,8,True,4.8488556522301165,-0.0014875686031708205,0.001098388738079062,0.0008728662327369583,0.002044801611240296,-44.67420103328914,deltaRIC0,FGO-G
24,12.475950382839724,10.934801753011,6.006617065988663,27.2037833928218,0.0009970540642011206,0.0009018010960530512,0.0004252900070510567,0.002839279495768302,23.18359494499964,5,True,9.062612135785544,-0.002689182309204,0.0009341214985764915,0.000215293002683036,0.0028549317930981863,15.65591463783494,deltaRIC0,FGO-G
25,10.1660128550268,7.761401432623209,6.56570370716228,36.03115079759752,0.0011583707011557467,0.0009328634202377942,0.0006867230303974818,0.0032758111245208893,17.478147596999406,5,True,4.790110917261064,-0.001589411439610582,0.001002940375031775,0.0007747021579500311,0.0020328014053926408,53.9688069685144,deltaRIC0,FGO-G
26,10.886325231484168,10.357428440073205,3.3519774990908813,20.842636673789222,0.0011210791901113452,0.000980268411347737,0.000543959917838156,0.002889293609764767,23.630763518000094,5,True,1.5936280895983475,-0.0023428931707490663,0.001156150590249684,0.0012267748471971314,0.002886314106709949,-99.07079417847126,deltaRIC0,FGO-G
27,13.175367189622426,11.064805647461727,7.1526482204340445,44.200252839354654,0.0013997451139975859,0.0011378018942347593,0.0008152872092924726,0.004748823781066448,13.06608869000047,6,True,8.33827557303466,-0.0027917165615698567,0.0007005686914953272,0.00021251988070538329,0.002886112012958251,83.90075503608386,deltaRIC0,FGO-G
28,13.163800929779862,10.470582220765932,7.9782556287106745,48.14206078197299,0.001497801832295087,0.0011974085252825736,0.0008997906158696769,0.005199864322277107,22.16131356200094,8,True,6.475290114067634,-0.002419315782769523,0.0005697960849578944,0.0008661265284417565,0.0026320964265128324,-90.83218073697935,deltaRIC0,FGO-G
29,12.000825012704379,10.108982717758892,6.467477823510733,30.98116375899898,0.0011487650770276127,0.0010218849073543792,0.0005247975212589981,0.0030469119330468705,15.443402912998863,5,True,11.843316144817608,-0.000767070823721287,0.001147163369533001,0.0008069509460552895,0.0015986091687283323,172.75192386865092,deltaRIC0,FGO-G
30,14.770012451944769,13.858237794517914,5.10906185724922,35.55765252348532,0.0012865388028393317,0.0011913334808113785,0.0004857022016720793,0.0032249163614467185,16.755343531998733,5,True,8.899022875543826,9.137998433882016e-07,0.0015982378221730735,0.00010355549860461905,0.0016015894332025089,-155.15745469233661,deltaRIC0,FGO-G
31,14.808424471276847,13.1875116104193,6.736391678529914,42.877964883922516,0.0014038575515921386,0.0012411245218056637,0.0006560685532281952,0.00402580760207853,16.023822716999348,6,True,10.381144444431678,-0.0006118511521263501,0.0010945484735766836,9.13695256676102e-05,0.0012572774489300737,247.09552238501783,deltaRIC0,FGO-G
32,15.860144486683621,13.577468423709037,8.19734922652835,43.514900635518366,0.0015102131877625807,0.0012423937789617478,0.0008586044319063133,0.004691853584596627,12.32990941800017,4,True,4.933588785808173,-0.0014153739041817557,0.0006306506691058707,0.0020531572066609404,0.0025722476689358947,175.50955592237733,deltaRIC0,FGO-G
33,12.73343638659715,9.865523095383413,8.050581113557751,46.009413671812254,0.001426279790461424,0.001140673363373895,0.0008562349670318131,0.0050283573071355295,18.214074483999866,5,True,5.274597388650394,-0.002391423687935012,0.0006446243531363703,0.00039162615774155534,0.0025075523642190587,-165.72949567917385,deltaRIC0,FGO-G
34,15.214884861364256,12.301373094412833,8.953711037141378,49.654017225726264,0.0013957549794015207,0.0011598982965836829,0.0007763812878389142,0.0045202693321778845,13.620843225999124,6,True,3.641006791306067,0.0002571091696629295,0.0013721188954062377,0.0011845669487614992,0.0018308506887110493,34.9374197628058,deltaRIC0,FGO-G
35,14.50037120126365,13.958390643745636,3.9273522392358142,26.345769923165875,0.0011324196270383472,0.0010373037393011204,0.00045428533339035153,0.002364041185456292,24.848908416000995,7,True,8.903581391177477,-0.001020265471845696,0.0013266770207742305,0.0007077587767187109,0.0018171230108369864,83.54345573666797,deltaRIC0,FGO-G
36,18.240507766544507,16.78323763929015,7.144162506864241,41.94135934423531,0.0016726442267988226,0.0014652608723112984,0.0008066903281414517,0.004906196475938424,18.080324552000093,7,True,11.688142850099828,-0.002871445876135538,0.0005880115846751608,0.0038249140169081997,0.004818809633097037,182.4079356096554,deltaRIC0,FGO-G
37,12.559258922071907,11.872952759507502,4.094872091060471,25.931859174066183,0.0012163588793162655,0.0011167598429968047,0.0004820543292630756,0.003083536136119728,17.58277051100049,5,True,5.278664202898513,-0.0021999397928255814,0.001059506688843668,0.0022542989404938578,0.003323274473899751,-139.48321527461667,deltaRIC0,FGO-G
38,16.11438633711895,13.352918686822361,9.020698951025697,44.603542299027474,0.0016291770645075255,0.0013070298954980344,0.0009725691542465018,0.005005608784026811,12.750903747000848,5,True,2.0484441737961334,-0.0021022686577486013,0.0006330556298785987,-8.173778923469482e-05,0.0021970375522648838,34.81959456260665,deltaRIC0,FGO-G
39,12.272974573045168,10.52304831417417,6.31596065916891,40.828731494755864,0.0011873274971698645,0.0010269344443022545,0.0005959465014926041,0.0036913745644561514,15.681531682999776,6,True,3.3584138730866675,-0.0002537986943807466,0.0013960036409924458,0.0010217950371452028,0.0017485150959794724,61.22738814109471,deltaRIC0,FGO-G
40,12.396176643482905,10.940303690647298,5.8288035249817955,29.830640597627934,0.0011261793605033107,0.0009982465832852265,0.0005213287935487713,0.0028678123847457188,13.971889819000353,5,True,5.313525041758653,-0.0009192507256101372,0.0010785263933275602,0.0014654953501178195,0.002038606803396837,122.82434556467342,deltaRIC0,FGO-G
41,10.045576009833752,8.799206154900817,4.846397467490978,25.530896858329807,0.0010274121970516967,0.0008882383962527322,0.0005163413348483427,0.0027371089418335983,18.838480854001318,7,True,5.125251674646168,-0.001953476162984234,0.001136374749219849,0.00019794942753574937,0.0022686120571560517,-47.40414871867688,deltaRIC0,FGO-G
42,13.200509765512738,11.091865069892215,7.157093498110959,46.0983608483688,0.0015138665545712826,0.0011674391852295866,0.0009637830118029708,0.005108286175072819,12.494174325000131,5,True,4.868635859517684,-0.0028030952472380528,0.000753567794947243,0.0012724235225801742,0.0031692694753658215,-213.27117200282373,deltaRIC0,FGO-G
43,11.52654098879842,10.041070087285958,5.660217192711004,34.748578759030345,0.0011951001662974883,0.0009286662095251551,0.0007522256834025708,0.004001150571613765,14.134697426001367,5,True,6.602481129195294,-0.0024210818621561007,0.0007368412493345437,0.001339465595487275,0.002863344284482085,-152.5544628446296,deltaRIC0,FGO-G
44,11.571188366891489,9.887796324301924,6.010314806331389,33.275038892622874,0.0011349488274371284,0.0009931634734889282,0.0005493042470510484,0.002946855318749052,34.20500314899982,9,True,8.210103589478875,-0.0014987969684638201,0.0009837418526976592,0.0014753601752189771,0.0023218156757261184,128.77200355998502,deltaRIC0,FGO-G
45,11.474550055172612,10.494438804761486,4.640264339644679,29.06186242220914,0.0009692103912787591,0.0008961624460650827,0.00036913636074677474,0.002397869475395501,15.291939390999687,5,True,4.578205919268394,-0.0013640851664224543,0.0013392680146053957,0.0019023424131306111,0.002696900779226861,37.47752149540611,deltaRIC0,FGO-G
46,15.3219144704608,12.783384413779629,8.446664783786085,49.631216592250155,0.001374969917957251,0.0011168860710799899,0.0008019400099227332,0.004002993487871202,33.336776680000185,10,True,1.9485941947424772,-0.0016008180200792754,0.0009404259374836946,-0.0005473795559333981,0.00193562487469976,12.570969008957036,deltaRIC0,FGO-G
47,11.379527358505575,9.827031267549007,5.737865401836387,33.87892030293641,0.0009924298316853724,0.000884394852914877,0.0004502918108923697,0.0030155205548696605,22.11288631900061,6,True,9.70287397333612,-0.0003954866960634208,0.001403655206549028,0.0011011938892937024,0.0018273712396371861,-61.87829141841212,deltaRIC0,FGO-G
48,15.252028208821407,12.385195570554131,8.901196277007392,52.40949038113207,0.001435886218326345,0.0011891256732045011,0.0008048287801175315,0.0045802874903094395,21.778403522999724,8,True,6.684787090561323,-0.00039738949830903905,0.0011019671550974535,0.0008591108441148694,0.0014526945538397425,-9.873624074927648,deltaRIC0,FGO-G
49,12.107545045048912,10.650246492245767,5.758897175006269,33.328185387885625,0.0010801430778453007,0.0009128749495855384,0.0005773806327166855,0.0030091981441280175,7.875947061000261,5,True,5.320561123221105,-0.00036660909931193427,0.0012094498689520473,0.0007719068853672912,0.0014808819861433472,-172.740200011438,deltaRIC0,FGO-G
50,13.615469412788531,11.525721753196532,7.248361566483307,43.661149490025466,0.0011621179379545808,0.0010075693957765357,0.0005790699564045034,0.0035536286552275073,12.451201347999813,5,True,7.324196596836179,0.00044582572300942946,0.0016078325094156037,0.00013313024948683567,0.0016738009490255955,-195.63459525342478,deltaRIC0,FGO-G
51,12.806435632192255,11.817774445574745,4.934065337528871,34.93015391435227,0.001122676478777757,0.0010127927573956538,0.00048441026678604953,0.0031314741499281224,13.015474301999348,5,True,4.066945097417462,7.792759760604591e-05,0.0017234213117930327,0.0010331941531411424,0.0020109062351328344,175.91289527223125,deltaRIC0,FGO-G
52,12.816506144228052,10.333195439259867,7.582077667703917,42.613012514889355,0.0010949974138062763,0.0009209232539328602,0.0005923847538620033,0.00365306285062102,15.78092201400068,6,True,8.819667924879825,-0.00024463021579719334,0.0012629443638413375,0.0016573453188861481,0.0020980147555900103,193.6723519293664,deltaRIC0,FGO-G
53,12.989831925467072,10.807415108836304,7.206629733598109,44.23060945267648,0.0014382571378508458,0.0011409971079250729,0.0008756193204158564,0.004940503121701227,22.933065919,5,True,2.219143256055559,-0.0033207407179066924,0.0005824998430810514,0.00075741518834018,0.0034554743162525884,-34.684422046550026,deltaRIC0,FGO-G
54,16.003586362820496,12.111341074882944,10.46088876912987,47.239291224919356,0.0015307785645767575,0.0011793596651138573,0.0009759066523342324,0.004991159866199064,8.725348503001442,4,True,7.9714265972688905,-0.0016287535827504587,0.000524921867479202,0.0006271751932767139,0.00182256136339548,11.964095869210723,deltaRIC0,FGO-G
55,12.792324104986067,10.857702133797678,6.764159990769947,40.04502164461593,0.0010940147025747132,0.000890753795616423,0.0006351581260163282,0.003473654148719579,21.49303247199896,6,True,6.9859878362574825,-0.0012904300838266038,0.0011389559444072183,0.0003918226896376428,0.0017652069183696714,-121.37043056882976,deltaRIC0,FGO-G
56,14.110643581072104,12.14906095999207,7.177087157228052,41.1831140412171,0.0013747506615875344,0.0011737314860782815,0.0007157470084630689,0.0036107661027423884,15.802399707999939,6,True,9.270713870820757,-0.0013764544280967254,0.000825494317179676,0.0015076926734573638,0.002202091019444936,60.73667343526904,deltaRIC0,FGO-G
57,11.413617328962067,10.69558359917532,3.984363437869976,31.283689368675176,0.0012730587820906762,0.0011193407653636838,0.0006064279954398862,0.0037238126101454177,9.038733476998459,5,True,6.185069274662829,-0.002948388578856485,0.0009063739121763876,0.001992519890220563,0.0036721443862585057,-334.81403740619135,deltaRIC0,FGO-G
58,14.574980238332206,12.410299661177302,7.642938653918196,44.41895837171339,0.0012504453490955263,0.0010181018823695097,0.0007260042205044637,0.0036444886960587475,13.21146557999964,5,True,5.345191384227382,-0.0013483952555039516,0.0010688458087608729,0.0012990150203318865,0.002155931620209487,-35.189035748269816,deltaRIC0,FGO-G
59,9.652045448987604,8.185093896309096,5.11529268546052,29.815239881368203,0.0008537094379372226,0.000760670308027075,0.0003875570756792912,0.002470609388138116,17.279395584000667,6,True,6.47081270686193,-0.0008838987040941345,0.0012568357176540265,0.0010636756729855222,0.0018687746995214288,36.76645500713494,deltaRIC0,FGO-G
60,15.04338264189904,13.628555146268365,6.369132274942279,37.66852880310664,0.0013058274972589277,0.0011459344570677085,0.0006261147440385438,0.0033140890809270195,18.045838860000003,5,True,3.055996910133542,-0.0019789862504580092,0.0009235209612055135,0.0025609743151176353,0.003365689674937374,134.3036812575083,deltaRIC0,FGO-G
61,10.761435026800687,9.269491460455072,5.466718567898223,30.658041013419183,0.0011347082178371664,0.0009912796597144852,0.0005522022961411266,0.003400442968615243,18.4312179009994,5,True,1.759081792982253,-0.0024627889007523664,0.0009273103567323139,0.0014411038491982627,0.003000335643148298,-133.9311604000177,deltaRIC0,FGO-G
62,15.062093653875351,11.987026949456894,9.120189151059657,48.06194376506424,0.0013688995604307394,0.0011208009436544032,0.0007859333631109387,0.0037837508346571834,13.094874176000303,5,True,6.80176897767722,-0.0005084031612268656,0.0010635298292694857,-0.0004965764808311197,0.0012791237912751334,112.28869891427166,deltaRIC0,FGO-G
63,19.59692676569566,17.039151162072184,9.680230696429344,50.56317287052815,0.001786078154344141,0.0015639857731651464,0.0008625680696399512,0.004836275938186683,15.649339175999557,6,True,1.7833364713563755,-0.0014598257274166348,0.0007441252871079126,0.0002808159376708177,0.0016624293032158934,-91.08052607309219,deltaRIC0,FGO-G
64,13.023409783412742,12.669181724241474,3.016792472948138,21.550232548662418,0.0011748668812224092,0.0010226086107974382,0.0005784322066726613,0.0028173623011555882,33.309929000999546,7,True,2.847303028756788,-0.002360140199966339,0.001104399836081297,0.002178747740113608,0.003396601606971842,86.45357710384269,deltaRIC0,FGO-G
65,9.877826906988437,8.441808512019183,5.129067503048212,32.49864028911306,0.001043257257416843,0.0008769637039705724,0.0005650843893359,0.002897960870849662,12.544587492000574,5,True,6.779302046370556,-0.0014065490991534112,0.0011377253187441626,0.0005092873300058358,0.0018794075805277715,-54.49370542374527,deltaRIC0,FGO-G
66,14.930589058461992,11.758711492673108,9.200825705595246,52.554476455946684,0.001451311412072371,0.00114707460630624,0.0008891145383913619,0.00474846766385559,11.277849066998897,5,True,6.71837821931465,-0.0007756184817126503,0.0010692697101732944,0.001624548357612628,0.0020938192635684212,198.24277924897615,deltaRIC0,FGO-G
67,11.322303802714822,9.629943456526195,5.954725218268162,30.81519271391035,0.0009487465832711627,0.0008624259412967826,0.000395400524844193,0.0024309773951821517,15.503103992001343,6,True,7.397817351803669,-0.000895946933642234,0.0011754446418169547,0.0011803533172553453,0.0018914610668567323,148.0953459018565,deltaRIC0,FGO-G
68,11.834817069077456,10.566084511530205,5.331111812157816,35.818646523811815,0.0012525809749111467,0.0010108925223427784,0.0007396319402113552,0.004104771099419375,21.127157593999073,6,True,10.134050056358811,-0.0021798956516442644,0.0008053880021522155,0.0019881064531208346,0.0030582939942080476,-138.75090929911676,deltaRIC0,FGO-G
69,14.588397144586157,13.047500319847893,6.525646837803793,41.17694473405001,0.0011575324947302279,0.0009725493543277638,0.0006277174760615118,0.0029904533303388076,21.11500874599915,6,True,9.329380014041167,-0.0006647662245781499,0.0009570724458724816,-0.00066833643269753,0.001343344850460626,129.17997453456337,deltaRIC0,FGO-G
70,14.964188096589071,13.438128763602382,6.5835872230069485,44.05959284634405,0.001425433792877505,0.0011683810394074521,0.00081654592316067,0.0047038888225961265,15.700119582999832,6,True,6.459597761246658,-0.0022214896995360386,0.0008123139530809007,0.0024061707109887297,0.0033740966100475915,65.32032359400182,deltaRIC0,FGO-G
71,14.309636983409785,12.809837681860294,6.377599012274223,40.685369111232475,0.0012907596722612263,0.0010380822081900618,0.00076710224910057,0.004296454793844457,14.938537908999933,6,True,2.110085546269728,-0.0019923763620940302,0.0007642563095102842,0.0016146935267283863,0.002675983269775033,300.9917108667505,deltaRIC0,FGO-G
72,10.977533899672531,10.546717395563643,3.045160537077618,23.001297524461208,0.0008856356232827806,0.0007887073234491827,0.00040285383846390936,0.0022446226715406165,13.735513558000093,4,True,13.268410214838793,-0.0013419585474197136,0.0012349363050994735,0.0007422547279907485,0.0019689749876192404,-113.39087289011513,deltaRIC0,FGO-G
73,13.878932742946708,13.355296781913177,3.776350347922941,33.7794513615266,0.0013529892657588149,0.0011278467207362463,0.0007473564931029048,0.004125496704545678,10.920751265000945,5,True,1.2246620668009538,-0.0026932736992624964,0.0008486280640300285,0.0006733076479963138,0.002902970202921272,76.78507298676413,deltaRIC0,FGO-G
74,16.886159692832244,14.276240727037129,9.018388984487126,50.832511051049764,0.0013827249212666674,0.0011918220924925305,0.0007010622709422022,0.004423571638142042,9.86723325999992,4,True,1.8993506724474178,-0.00022415653528184995,0.001286383859581485,0.0019766421622833086,0.0023689963748848067,-12.841457903021364,deltaRIC0,FGO-G
75,10.41914579194147,9.107402963243837,5.061008822243744,28.28453725901975,0.0008604073410167485,0.0007547743082848308,0.00041305754566242533,0.0018926159837325087,17.197752264000883,5,True,3.7192506111175887,-0.0006607880603874305,0.0016456313186355748,0.0006085130364644647,0.0018748417034971368,-53.81376638449001,deltaRIC0,FGO-G
76,12.961222113693788,11.093420450105663,6.702932298455828,39.819022546974736,0.0013327280314161308,0.0011269009912946374,0.0007115182088615011,0.0033105134755654934,12.593687455999316,5,True,6.372127304925042,-0.0011411450144619558,0.0010249334712191015,0.00024839862894077526,0.0015538347541860014,151.83166710265505,deltaRIC0,FGO-G
77,12.436656737814076,10.628489975404232,6.457989753549318,33.77512602840776,0.0010900709524387707,0.0009449600725375766,0.0005434198585445207,0.0028264163785005313,11.235216532000777,5,True,5.2600805654483205,-0.0020723797321185516,0.0009066344804867406,0.0011083214871272788,0.0025189522333961085,149.14157586087094,deltaRIC0,FGO-G
78,11.248571335049771,9.704781247036385,5.687493123237537,35.09428769482158,0.001219161519872035,0.0010163337595701647,0.0006733650575242713,0.00327083139994639,10.000860610000018,4,True,9.91177357787066,-0.0016178493403771663,0.0009787114285436434,0.0011031655657183887,0.0021891292364562545,197.3903792984711,deltaRIC0,FGO-G
79,10.03676440979466,9.149235531774064,4.126515358246438,25.42425913641519,0.0011121998401521626,0.0009986084711641765,0.0004896627469530865,0.003033989530313232,14.816232019999006,5,True,5.207106265069554,-0.00285348208653634,0.0010231077525302622,0.0014898546511943468,0.003377688021880756,8.692233551751997,deltaRIC0,FGO-G
80,11.98635610757845,10.931813206662401,4.916115616248742,22.012946279964037,0.0009170331514512592,0.0008747786585133413,0.00027515831710167745,0.001803453898676226,18.20530677900024,7,True,12.089574003026064,-0.001609488463774948,0.0011665703126466486,0.0008973030408735155,0.002180938366055767,163.8747498912344,deltaRIC0,FGO-G
81,10.185172329974286,9.042789348519184,4.686757534754902,27.21274166965654,0.0010084837896965685,0.0008386115857007179,0.000560151910118389,0.0026234057320736457,40.547323507998954,13,True,6.602941970005047,-0.0018487573515373666,0.0010700230734688285,-6.367918455276132e-05,0.0021370325596874844,10.78915033069643,deltaRIC0,FGO-G
82,18.666366082061245,16.930134519727055,7.861537244933262,32.683865408350066,0.0015307802677216,0.0014255144802567898,0.0005578500646446386,0.0036213289908440015,16.950434995998876,5,True,8.752703528272882,-0.002334965560699474,0.0008806465709771076,0.0012577456273663095,0.002794553026118026,198.7903268561422,deltaRIC0,FGO-G
83,15.808086277378086,14.339920026330425,6.652990710310442,31.51001636318565,0.0012634825162707514,0.0011529779003874182,0.0005167494848958158,0.002830262203616482,12.30998066599932,5,True,3.230275482049367,-0.000734032656060439,0.001256647374714529,-0.0011337423973066182,0.0018448139169007314,-32.73291272647475,deltaRIC0,FGO-G
84,8.25179905778713,7.2981272953727325,3.850912316663681,23.945065442917702,0.0008092278538163463,0.000723666860624008,0.00036215465512236933,0.001812818077698734,19.406102759001442,5,True,10.079865225890094,-0.0015993784369310352,0.0013358352250000623,0.0009377949756896296,0.0022851535067254544,-27.950545035251707,deltaRIC0,FGO-G
85,15.761725983435925,14.330898911834476,6.561809381237816,34.08815616641782,0.0013934975871764922,0.0012767890523250973,0.0005582519514784384,0.0024853456241798735,20.33122615299908,6,True,5.183747874568964,-0.0016067265736918546,0.001381604752789292,-0.001731607916187661,0.00273657960800363,-105.7013746819357,deltaRIC0,FGO-G
86,12.429668468339981,11.156083821210897,5.480734622927991,33.989378540654954,0.001131776227653192,0.0009243534606184195,0.0006530605709454843,0.003778796639877881,18.513287602001583,7,True,10.847187968032278,-0.002663788181253579,0.0006973148981998153,0.0012386371852312155,0.003019310785340783,99.84050480406586,deltaRIC0,FGO-G
87,12.717531681591508,10.727410757695916,6.83068594710324,33.37373012720611,0.0012768641723315875,0.0010698570314974557,0.000696984968804552,0.0037665853370099952,7.94415227600075,5,True,3.1722097417305166,-0.0018730898048061814,0.0009006218997846195,-4.258702711912426e-05,0.0020787974596192292,-50.09687138642039,deltaRIC0,FGO-G
88,14.275638851848663,12.935663048686266,6.03841751779916,26.224400940085385,0.0013291648525062762,0.0011669875604019108,0.0006362540679675278,0.003729539986502178,21.965397650999876,5,True,3.9245385000777335,-0.002474241280242909,0.0010643739334164455,-0.0002136385134494225,0.00270192583122175,-36.61232763429143,deltaRIC0,FGO-G
89,12.942837301817011,11.10500093827341,6.648006587109586,35.63951201328886,0.0011981282309069074,0.001003396030111882,0.0006547577143125775,0.003515646203298636,17.004877401999693,5,True,6.474666698948306,-0.0014900654456343157,0.0007678246592750221,0.000535988142982425,0.0017598673328072046,84.84580887947959,deltaRIC0,FGO-G
90,10.669407746177127,9.109723189428028,5.5542060698340805,31.141315336149056,0.0011155320415720447,0.0009052106665188743,0.0006519243706093138,0.003659910557253879,17.60710380800083,5,True,2.657600371395182,-0.0017535576954576463,0.0009989553214908215,9.95360237640073e-05,0.002020589949905797,285.084098436193,deltaRIC0,FGO-G
91,11.340536704130503,10.809667585133381,3.429119338350276,16.80071376041492,0.0010208326271710958,0.0009686187753773235,0.0003222994270605759,0.0016765270506476024,12.454689940001117,5,True,5.67666231522,-0.001956521794793537,0.001433136071467436,0.001923576359799574,0.0030954809876371425,-67.87163682393293,deltaRIC0,FGO-G
92,11.23292915503701,9.970401188149406,5.173953763750635,29.471071243368502,0.0012516732230175517,0.0010503597494242527,0.0006807571182210043,0.003583712212414473,20.617716148999534,6,True,2.2953170724977148,-0.002847572687382658,0.0008530341098096936,0.0008819804445163146,0.003100681684232631,-27.223340077143803,deltaRIC0,FGO-G
93,17.192685410228947,16.108741402814616,6.008068078204965,33.68131957876158,0.0014587565721496975,0.0012778841472354866,0.0007035501709431735,0.0037015626280343184,18.268344603000514,5,True,4.775650052251446,-0.0011969511211599045,0.0010295311066563177,0.0027338682020554175,0.0031570020006690927,-141.05468412535993,deltaRIC0,FGO-G
94,13.936381566888677,12.542537969978426,6.075152051559201,39.1505643420526,0.001310648407646845,0.00116025999840252,0.0006095867326100486,0.0034123472893916097,11.529681607000384,7,True,8.82844800830999,-0.0007297849018083699,0.0011447124805568044,0.0012139258953213943,0.0018211448996117287,-257.4046850455925,deltaRIC0,FGO-G
95,12.13556239700241,9.32415810567846,7.767364437944798,43.342017634487775,0.001161242388183223,0.0009633868448005873,0.0006483592147711367,0.0038486096493247457,12.771721557999626,5,True,2.5797437750489745,-0.00042515847879467787,0.0013753185100586391,0.000892928179918803,0.0016939839050870659,-97.86681790479633,deltaRIC0,FGO-G
96,16.153064672314578,14.059003925302347,7.953986857941773,41.00083144019733,0.0014901290679862986,0.0013342163873381685,0.0006635896857366021,0.0036027433400305604,12.542905657999654,5,True,4.5940626188491525,-0.0012309277790737443,0.0008631870367271535,-0.0006769075249332333,0.0016487810209304512,18.015824185917154,deltaRIC0,FGO-G
97,11.89283102451203,10.364205290701275,5.832896233415749,35.21316300958292,0.0012454077432046762,0.0010932503788592274,0.0005965266598889944,0.0033887696066509042,20.94412256400028,6,True,9.43479644799615,-0.00120003580168138,0.001032679018325702,0.00032315844043560973,0.0016158413467392098,-45.25406300184841,deltaRIC0,FGO-G
98,17.919495134127768,15.833152391536883,8.39163817191844,55.01367728384112,0.0017738117034498387,0.001475076712074864,0.0009851683372855762,0.005858299559944807,22.738304478998543,5,True,2.6717474307983453,-0.0025544834290509326,0.0004813435240635011,0.0030294749421066166,0.0039918411293919966,90.25359343752643,deltaRIC0,FGO-G
99,10.63812021148509,9.251886415380005,5.25092367026169,32.08387966243392,0.0010790358197403894,0.0008759113073904872,0.0006301568708411433,0.0029358448574557192,26.57255471099961,10,True,9.118096924927354,-0.0015509121083864428,0.0009453226761877858,0.0007059825469888776,0.0019486853739655926,-112.0622461768362,deltaRIC0,FGO-G
100,11.748893500626187,10.777937871168904,4.676810209349891,28.30431888271851,0.001183064145804013,0.0009664665725110337,0.0006823365278993599,0.003570958935137027,12.508416005000981,5,True,1.7945244833806269,-0.0024541716239710057,0.0009681616038979214,0.00034546081811889697,0.002660758994727267,-312.20948772390693,deltaRIC0,FGO-G
101,12.935933988125411,11.370256343235612,6.168926878659574,35.94675276622597,0.0012301799164716682,0.0011034360012083361,0.0005438488927336318,0.0032008922855080737,17.245795886999986,5,True,6.082066924585403,-0.0014395051412724991,0.001105360793994685,0.0015484070587492085,0.002385699468968146,-12.442507780076994,deltaRIC0,FGO-G
102,9.162575185269082,7.571073528631554,5.160584235313219,28.698959233883336,0.0010202802442288942,0.0008671782948218168,0.0005375626305405707,0.00262693364953198,20.95955908200085,6,True,4.693440650045694,-0.0016476468485306871,0.001038623549414495,0.0009357480369442427,0.0021608108208532447,-13.589300801475474,deltaRIC0,FGO-G
103,11.292095020368581,9.445617394231254,6.18803054217001,35.758069228888175,0.0012340543749559825,0.0010284709015791961,0.0006820101208580969,0.004030271860198374,7.937384202999965,5,True,3.5405359695903984,-0.0022665050433936344,0.0008757876742300617,0.000760003074069342,0.002545909235353242,6.441372015149682,deltaRIC0,FGO-G
104,14.575924336711912,12.38824291086883,7.680430186575412,44.18302004527014,0.0011997555628409005,0.0010449821710625548,0.0005894282591877277,0.0037773756723181624,31.13489928799936,7,True,8.332806763300795,-9.630918852746202e-06,0.0014714389003751117,0.00016129637680404983,0.0014802843352900753,19.843489941231383,deltaRIC0,FGO-G
105,13.592272807518961,11.565913494065786,7.139994756427088,35.982999098340066,0.001131873009009616,0.0009850073869372923,0.0005575813449205862,0.0031036269375357053,19.561921444999825,5,True,13.988006263824627,-0.0008095291530491703,0.0011790611659054878,0.0018806743231163765,0.0023627227074314405,-121.86917931961216,deltaRIC0,FGO-G
106,12.830594195358884,11.09062828933426,6.451520096364559,42.48411549722562,0.0014691281228767137,0.0012212594438971046,0.0008166166861627259,0.004774043642322266,19.049277437001365,7,True,1.725953330416028,-0.0031180788261250046,0.0007227988057278873,0.0015587284073923643,0.003560124706734679,-76.92092687745753,deltaRIC0,FGO-G
107,13.527802609736428,12.635120844145689,4.832718148395045,34.820494551822286,0.0013604645215700578,0.0012187224007187717,0.0006046316435956023,0.003918075460639478,12.43652168600056,5,True,3.0031669032341246,-0.002824787021444271,0.0007891248508149129,0.0022906051851133646,0.003721426052034608,88.99021820198686,deltaRIC0,FGO-G
108,14.128519847713887,12.733537794017604,6.121444954875482,39.23292673522499,0.0013868188799496116,0.001157360694345937,0.0007640568231275638,0.004360698759499225,12.263527608000004,5,True,2.680766790851361,-0.002346529873297077,0.0006768689635736279,0.0009371823306332788,0.0026158487649281365,114.7602317135752,deltaRIC0,FGO-G
109,17.561156709793316,14.801718845983066,9.450044666052568,61.02044289679444,0.0018225689754405967,0.0014373023923214354,0.0011206781443686964,0.006556734623072767,17.523084123000444,5,True,8.797684941321316,-0.004131933530470119,0.00038199561912209543,-0.00038621904167634324,0.00416748851245029,232.4763005732384,deltaRIC0,FGO-G
110,11.969693547258407,10.343937944416172,6.0229985403739645,40.04494339773222,0.0014493157515103685,0.0011965202123015437,0.0008178358815373243,0.004578220025508465,9.443502012998579,6,True,1.4658787936881512,-0.002368124909754267,0.0008856953504562848,0.0015388233039635736,0.002959805568418288,55.204936370828364,deltaRIC0,FGO-G
111,14.045536770297803,12.42164372414279,6.55590347368322,36.27895780890755,0.00115861195421858,0.0010377183234153418,0.0005152886004039372,0.00321062912038772,12.63504874499995,5,True,5.314906676780774,-0.00180343525784841,0.0010711144842168719,0.001825393468322871,0.0027805981877548824,57.98324169647822,deltaRIC0,FGO-G
112,10.638319439476028,9.517305155724491,4.753392795588597,32.083635272148584,0.0010401908358120848,0.0009056364941844451,0.0005116830222987184,0.003053477792363817,16.65472245500132,5,True,2.048729041422373,-0.000833750372212884,0.0014687197086648742,0.0006769066389479482,0.0018194724135412342,160.1404269995037,deltaRIC0,FGO-G
113,12.074269393368102,10.283996283856585,6.326721253323058,35.88387340710858,0.0011468517634801289,0.001022766099891532,0.0005188626719182508,0.0029305041745219212,13.773780323999745,6,True,1.6234432764370366,-0.0008805827384398703,0.0012355610083576993,0.0012961369121421396,0.0019954968954196636,96.39003512527415,deltaRIC0,FGO-G
114,11.900116827273335,11.128122653706724,4.216357042141142,25.941809557185,0.0010361885802015467,0.0009853971082029124,0.0003204361291824552,0.0022761319199840232,22.933111280999583,7,True,1.625814393559343,-0.0011904635004028267,0.0015172021933792968,0.00018758575461485808,0.0019376001281793738,47.83795199260203,deltaRIC0,FGO-G
115,10.772806662602441,8.504550965988512,6.612562003997802,37.93786697591322,0.0012238212534818544,0.0009799454092146293,0.0007331067149010915,0.004200202757089898,9.794076002999645,6,True,6.950038744806505,-0.0021743377732244005,0.00072734288606923,0.0008925665047461712,0.0024603754574009143,-31.381720057222992,deltaRIC0,FGO-G
116,17.204442721239637,14.594060740860808,9.110776061372642,52.28652217942665,0.0013156810408049534,0.0011096276087729454,0.0007069251523198484,0.004381451104501887,18.72321696399922,5,True,3.537730432465691,0.0005653465919909498,0.0013726744871816949,0.001832437370728682,0.0023583211686448386,11.794325730457786,deltaRIC0,FGO-G
117,13.394188639274129,11.483973592205317,6.893666646857179,40.83042841045389,0.0012389050707480322,0.0009914216290175493,0.0007429461136861646,0.0035885768815496397,12.333287866000319,5,True,4.618017159550773,-0.0005132190258588322,0.0011260325098465815,0.001665884591875673,0.002075214315482538,-162.25289301224257,deltaRIC0,FGO-G
118,13.283340007399635,10.765946042037385,7.780843628561322,43.58861126320776,0.0011613285224425921,0.000980303817867014,0.0006226462572874344,0.0034957323590445156,13.790383868999925,4,True,7.837901266338226,-0.00039568798614670616,0.0012859052404123462,-6.522132280215239e-05,0.0013469874129511503,-57.66438055242179,deltaRIC0,FGO-G
119,19.143562944329645,16.741334073315613,9.284596687479363,62.08140489357222,0.0019715824665013414,0.0016075376590044134,0.001141472775452014,0.006674228059009969,25.220381232000364,7,True,2.496053141334308,-0.004097594883990168,0.00035181929842707923,0.002060632822100053,0.004600029160729761,-153.0692987802031,deltaRIC0,FGO-G
120,17.573032497632802,15.24259220673704,8.744990221948667,49.523229315706764,0.001792144972658333,0.0015653309522884204,0.0008726526301068274,0.0053132967905519255,12.491859591998946,5,True,2.906672486605378,-0.0033354377010976466,0.0006618184616774822,0.0022256238461366437,0.004064055836059929,-146.54830070200842,deltaRIC0,FGO-G
121,12.495691081801708,11.481256087251847,4.931840860242868,31.695349301805358,0.0012280076970515698,0.0010679386959419725,0.0006062259032140241,0.0028677585078015996,30.889025138998477,7,True,5.891454497639278,-0.00237004075845547,0.0009644591378068734,-0.00011571379506328395,0.002561379375962746,8.257654950219148,deltaRIC0,FGO-G
122,12.100386407463645,10.169684162021024,6.557200260375585,38.5329111489501,0.0010753527242796288,0.0009373037744470641,0.0005271101554921009,0.003392305994592597,17.07413113199982,5,True,1.9977133247369072,-0.00014449660017765194,0.0016156702599166841,0.0005589732577899986,0.0017157274722887986,111.50213679565059,deltaRIC0,FGO-G
123,17.586597942485866,15.746714714585002,7.831309142673417,41.591950692487295,0.001575219687810702,0.0013345711068445045,0.0008368016644595541,0.003570450852977349,26.55809414599935,7,True,7.80754503470349,-0.0013931559526673663,0.0009318194858198363,0.0018245434361901895,0.002477524936938227,165.73265134752728,deltaRIC0,FGO-G
124,10.607915418351386,8.887006464057485,5.792148619527776,35.61390055541289,0.0009784558149099002,0.0008134755576295452,0.0005437217108689863,0.0031558235467685747,15.642224557999725,6,True,4.0272559382100495,-0.0006320707216700612,0.0013687925576881018,0.001357306513997046,0.0020286417712631426,55.62682922457316,deltaRIC0,FGO-G
125,11.931986125682025,9.640594006269938,7.0307353889718005,34.876349717399876,0.0009566931412496933,0.0008740385628224564,0.00038899660308730244,0.0025622930841081052,104.65699112000038,14,True,5.914991593329824,-0.0009183691412135322,0.0012827091709579044,0.0009719443697855422,0.0018529491506111574,68.47992502135457,deltaRIC0,FGO-G
126,15.028871465799295,13.53474271115886,6.532818478899317,39.918141435563044,0.0012497657576302583,0.001004571861970413,0.000743471467564446,0.003619213636959799,13.798118746999535,6,True,0.5957215102393476,-0.0013277027564692007,0.001391606340206993,0.0023215375050438486,0.0030147801251443583,-204.74819076527638,deltaRIC0,FGO-G
127,14.087260498258477,12.681974059183293,6.133387506753158,37.29528969663384,0.001081244179825208,0.0009717788059471637,0.00047406215701929977,0.0028394539709407653,10.025650814000983,4,True,4.416378009652181,-0.00021215076700679527,0.0014507215836761427,0.00020707109635663523,0.0014807023672000143,80.5199765250727,deltaRIC0,FGO-G
128,11.334756888671023,9.838767970183612,5.628086580194399,34.83100533469009,0.001026448877688489,0.000888734308795978,0.0005135646277508744,0.003190967294378794,17.11780832600016,5,True,6.455247217053581,-0.0002229388391508817,0.001520805943475975,0.0008488036965834121,0.001755853114314366,-69.33840807817614,deltaRIC0,FGO-G
129,15.791139661254315,14.986451554561613,4.976581316930008,28.053375032350196,0.0013519712503890031,0.0012161785457172405,0.0005905387428573195,0.0034373763578159715,95.69718820300113,14,True,8.490608179300517,-0.0024510656718837905,0.0008658296277170762,0.002860264397445104,0.0038650350962716796,-173.93453506048536,deltaRIC0,FGO-G
130,14.78331443733515,11.505431971972964,9.282856289495395,52.16576586467305,0.001313107709169359,0.0009650997101950988,0.0008904124916359487,0.004588725092958709,29.043621692999295,7,True,9.453410384283002,-0.0005035482766012743,0.001256352669184497,0.0011672399437536536,0.0017872973962184235,-41.049256698737736,deltaRIC0,FGO-G
131,11.536898329844211,10.652367928122475,4.4302461102144015,24.89666415869235,0.0011243539824904389,0.0010617927432897969,0.00036982164382204206,0.0027409472536626366,12.273188148999907,5,True,3.7209060328903036,-0.0019126777849812293,0.001135276207537693,0.0004609221200059041,0.00227148356306459,-49.55809215822228,deltaRIC0,FGO-G
132,13.095068022524428,11.340198411020502,6.548336163731207,37.05738106847685,0.0010215140890632295,0.0009057621064399068,0.0004723198499875089,0.002971595638290021,12.551368689999435,5,True,6.301305253951496,-0.0001948639271937954,0.0014247314261875543,0.001943817961194821,0.002417904020665709,49.251233245602634,deltaRIC0,FGO-G
133,13.917024059019669,13.07704010398594,4.761783361102819,29.64000909358515,0.0011621277889485645,0.0010483582629535139,0.0005014837488329705,0.002803063830046532,12.42725910199988,5,True,11.217923431785715,-0.0008772519688679463,0.0009658406857708043,0.0016784849684286375,0.0021259659066913067,-193.2627609322808,deltaRIC0,FGO-G
134,11.235897919775693,10.518512503169905,3.950480576370183,27.2295096667158,0.0013048997595485512,0.0011857700239746212,0.0005447135327060393,0.00343612708583167,12.41658892400119,5,True,2.880740428908246,-0.0026578392005950024,0.0010560754297636742,0.0008067875873186618,0.002971583877433292,-43.01387384451664,deltaRIC0,FGO-G
135,12.18082224825239,10.290033866017506,6.518253882730654,39.20310689302931,0.0011670434635133492,0.0009307153191235223,0.0007041018679694251,0.003445594578336175,12.47504095899967,5,True,2.157060600607373,-0.0009214551707217593,0.00115375701573856,0.00011290149852025696,0.0014808719159278881,-88.28670631840941,deltaRIC0,FGO-G
136,14.852182290021098,12.014981411413723,8.730838474018345,42.914692302681225,0.0013782920541157006,0.0011734911828158749,0.0007229159220074463,0.003943410774735932,30.821650421999948,9,True,1.0676865656949677,-0.0016400522048954395,0.0008804622071579393,0.0006565890901343218,0.001973852620207304,-256.9428779061782,deltaRIC0,FGO-G
137,10.855618375938326,10.361379342543723,3.2382508309144424,20.889003794604886,0.0010527530471706919,0.0009318986138464573,0.0004897488660918252,0.002428050399578841,13.700423542999488,5,True,5.815790510354974,-0.0016533085082680921,0.001183376728333178,0.0007991361808903115,0.002184588780590103,130.04703234550107,deltaRIC0,FGO-G
138,13.42307946443385,11.202439688752008,7.394890623151874,39.132070765905475,0.0012914344586215784,0.0010841715712614005,0.0007016943529655878,0.0034296251786769785,22.42970501899981,5,True,2.870731994297202,-0.0011898155749481825,0.0010176708334672492,-0.0007423148141145384,0.001732727996811127,-212.33167733195296,deltaRIC0,FGO-G
139,11.40374993699856,8.755250413504498,7.306921569472604,36.471847991921706,0.0012101435398227964,0.0009736828235827739,0.0007186022168312069,0.0034189593492239072,15.253498784999465,6,True,1.9847832882620173,-0.0015575592918007002,0.0010124008770009151,0.0012956818859477337,0.0022648924991707656,292.1465383296454,deltaRIC0,FGO-G
140,12.534112512615383,11.976540045475947,3.6968182289656184,21.625182213551053,0.0011883969610827628,0.0011401520639031848,0.00033517250526863667,0.0027366812332936218,18.57749559700096,5,True,10.395432989549882,-0.0018778563774790237,0.0011177412948597204,1.647498627697873e-05,0.0021853973555960374,198.44196835476032,deltaRIC0,FGO-G
141,10.637004839608194,9.754472263086297,4.242186090511377,27.9780221011085,0.0011570300062582436,0.0010097587697075324,0.0005648943816154325,0.0027080481847490917,12.576877034998688,5,True,3.8088109424231242,-0.0025781334068050803,0.0012648666126114968,0.0003861555120539949,0.00289754646045121,-23.591456810718228,deltaRIC0,FGO-G
142,12.813153390259798,10.938572794194469,6.672670007458392,35.24962734744158,0.0009837913614502548,0.000890971982138916,0.00041715029654501926,0.0028585133869635285,12.873419117000594,8,True,4.539212940649217,-0.0009500771185053115,0.0013726972125547936,0.0008035426993491536,0.001852734475887028,65.72956175789295,deltaRIC0,FGO-G
143,11.918835637510059,10.18500133580577,6.190669652276279,39.954938485166515,0.001341996628211608,0.0011163304860755663,0.000744822929285622,0.004508255937205546,9.916887923000104,4,True,4.851675974426921,-0.003140063258915432,0.0008674179214445525,0.0005924985222831111,0.003311112444382018,-46.769671973670484,deltaRIC0,FGO-G
144,10.836211110354265,10.060843033058966,4.02528367848951,25.460837151493006,0.00104924420926265,0.0009426319913007207,0.00046082354502308327,0.002421783422923095,12.452963593999812,5,True,7.864157943096699,-0.0015667078888458449,0.001144757949424366,0.001996451891892758,0.0027840374509665376,-66.56494594901596,deltaRIC0,FGO-G
145,15.389764205989026,13.257301679741238,7.815932093376398,41.554853729193304,0.001250431310788538,0.0011550732473743063,0.00047894076481389225,0.0034728370537432315,13.889420224999412,5,True,10.530422075695476,-0.0003716555323139666,0.0010843384527354002,0.00155233375915004,0.001929678163471068,-8.755007944695535,deltaRIC0,FGO-G
146,10.210055875852486,8.49010659859672,5.671272426228027,30.555871686805002,0.0010752299301887804,0.0008823980356070852,0.0006144046789621048,0.0035201987327833674,12.465571393000573,5,True,2.0141195871941964,-0.0020171216160100687,0.0010324042417670775,0.0010071057397566968,0.002479697583021891,-41.65588036675763,deltaRIC0,FGO-G
147,10.902582592452834,9.220021543131214,5.818720643702691,29.932256737432184,0.0010999179746493787,0.0009213269353157173,0.0006008129735770852,0.0032812545225293015,29.85214553500009,8,True,11.37976873638294,-0.0020843657470394393,0.0008033594909101213,0.00028248732388295626,0.0022516141159668553,47.46482833756454,deltaRIC0,FGO-G
148,11.017930893541884,10.376598094862427,3.7041885957065,27.196270527199175,0.0008957372431893636,0.0008001985096708222,0.0004025264636729818,0.002260986042806939,12.405522477998602,5,True,6.56935997773973,-0.0013252534982139065,0.001299377122771157,0.0017868047074618598,0.002576305262253895,176.53107934498985,deltaRIC0,FGO-G
149,14.86655567575688,13.040557509949078,7.138510873430797,46.88787218462591,0.0014967466197038013,0.0011612785809276193,0.0009442894159490988,0.005287952862576666,147.14528464900104,34,True,5.7391433092441035,-0.00274921927566282,0.0005838623436379711,-0.0007342397229880561,0.002904859692447813,-8.526636879301805,deltaRIC0,FGO-G
150,17.72684635661105,16.260931735902073,7.058553735095251,40.527123591500334,0.0015607081050938853,0.00141812643384441,0.0006517109842080933,0.0037480377758555374,12.475018170000112,5,True,1.4964173924955515,-0.0011991225692339217,0.0013684585154679803,0.001181822689776637,0.002169626353700995,-70.71807949463982,deltaRIC0,FGO-G
151,16.29682298029564,13.165472744064255,9.605038608792436,55.76575078870552,0.0013525705468971042,0.001027038178141334,0.0008801361627462316,0.004586870429432553,10.044215273999725,4,True,4.292839420634061,4.517741373245285e-05,0.0011835478807759806,0.0004852822023465984,0.0012799708593226773,156.44540091017552,deltaRIC0,FGO-G
152,11.039760759340458,9.645447826959588,5.370442611263429,34.04202406235692,0.0009813015577156703,0.0008167212998194693,0.0005439844350681346,0.0030608892684096715,9.957342278001306,4,True,4.615830049012085,-0.0009872471950592948,0.0013234036917504342,0.0010819222124185128,0.0019739832900041716,-112.75234559937235,deltaRIC0,FGO-G
153,13.39048510657983,12.235842572624174,5.439599978628396,35.72092675100353,0.0012089896599632394,0.0010446236539499185,0.0006086192730322876,0.0032870865861016497,21.913156369999342,8,True,3.1087578816087524,-0.0006248473619598989,0.0013601169595612121,-0.0002849505230310417,0.0015236630762770179,60.22688398525497,deltaRIC0,FGO-G
154,13.059479412023261,10.972834807793294,7.081447506967718,41.17980900468724,0.001280603372377811,0.00108774193817325,0.0006758420475854732,0.0036637372992983875,15.56826667399946,5,True,2.3684358700132084,-0.0010306297030916386,0.001087758195901984,0.001508237391349226,0.002126075141266323,11.300329749828961,deltaRIC0,FGO-G
155,10.96785994705873,8.75830281767988,6.601975732469472,36.39443569274774,0.0011164655708960768,0.0009002066095400998,0.0006603964196879183,0.0031148366764508105,14.115615806998903,5,True,2.8299416524531296,-0.0012631598476250596,0.0011939335938875666,0.0009272455320409307,0.0019699833765682677,-16.721624308316677,deltaRIC0,FGO-G
156,13.378082850432738,11.150518460748485,7.391822428166803,36.68661632477728,0.0011361537794701282,0.000979629932116064,0.0005754742450418892,0.003068181816279319,21.485358387000815,6,True,4.159625734070351,-0.0019860549442869187,0.0008673835018443609,0.00175716236024574,0.0027900516018996282,-82.77718361643201,deltaRIC0,FGO-G
157,11.457708336881852,9.560746780949433,6.314364680917389,32.323730979351105,0.0009632241932714589,0.000783249204204828,0.0005606438536325502,0.002970194027988373,17.134779370000615,5,True,7.870381705298677,-0.0009998972399371496,0.0009287336309327771,0.0008653535825804722,0.0016159138190337899,174.06097597431653,deltaRIC0,FGO-G
158,12.181030763083589,9.76708519256871,7.2788431287048505,43.66002491359661,0.001184062174044903,0.000958846246027583,0.0006947064908886013,0.003912791821522959,11.11792996999975,5,True,5.179576096137745,-0.001235349617903957,0.0012301293076446022,0.0005184661862959628,0.001818822140373797,0.29700446368951816,deltaRIC0,FGO-G
159,13.81357269705872,11.850380870938112,7.098116924271556,26.939716847870127,0.0012933728906083031,0.0011655901036230004,0.0005605471831136074,0.0031896269967483784,13.048365464999733,5,True,3.4396694936853325,-0.0022535046539735606,0.0011661815648421779,-0.00082678388724449,0.002668676500414645,-22.355352658618358,deltaRIC0,FGO-G
160,15.606644921558287,14.4215632877057,5.965390016277245,39.61392857407053,0.0013801620598970297,0.0011922637563874284,0.0006952369716752341,0.0037196325237360372,16.711086168999827,5,True,4.9011741102616915,-0.000679822273860915,0.0014785394983422402,0.0016853882527459757,0.0023428126119452407,-243.8602164760232,deltaRIC0,FGO-G
161,13.718991644078022,12.616223496353754,5.389029265121316,26.488028743485877,0.0012655799260392075,0.0011608454464992661,0.0005041134778354231,0.0026452363825407266,10.062767519999397,4,True,3.8517205753806154,-0.0018458915779915313,0.0011775806140402053,0.0019824034457605654,0.0029536308574408436,-4.7533217399104615,deltaRIC0,FGO-G
162,16.08884897949266,14.794562211961441,6.322340582515668,39.391360150084886,0.0013775644116143565,0.0012735952554299387,0.0005250131745897021,0.003487847522210315,12.353167186000064,5,True,1.7163887114916576,-0.0011599196652398475,0.0013930862864527094,0.0014724461800000575,0.0023354230418297845,-34.94366918320884,deltaRIC0,FGO-G
163,15.735005859129508,11.76516533481453,10.448506784766828,60.015056969707956,0.001670107219587138,0.001284758691585906,0.001067076955665126,0.006139743970866176,11.477857445999689,5,True,13.80953461740517,-0.0028564696503757835,0.0002526133048688894,0.0010252875075454646,0.0030453976453730185,140.5103409111398,deltaRIC0,FGO-G
164,11.513573983872703,10.460027188738252,4.811467249495408,30.593633331215354,0.0010999899065815475,0.0009311284997463385,0.0005856428190812331,0.002941468586886869,15.686112255001717,6,True,2.6569818809817916,-0.0018569533279448461,0.001112165915884234,0.00010615806032465927,0.0021671313343662284,112.12892040154838,deltaRIC0,FGO-G
165,14.793912578245887,12.630323774463518,7.702906641327248,38.183265306272666,0.0014847723887976493,0.0012160746937790248,0.0008518869559314366,0.004145771802123761,9.133680038999955,4,True,3.9757554697083166,-0.0015147263241999612,0.000797169172390641,0.0018275359271102442,0.002503949298910225,-97.25914549626759,deltaRIC0,FGO-G
166,13.89311385110042,11.703605502494812,7.486269479628124,39.288379157561096,0.0012047511686979527,0.0010136726847664848,0.000651070707863124,0.0031676883813573174,12.472177493000345,5,True,3.440007141751604,-0.0006069135592257115,0.0011304989230220286,0.00016797743299495812,0.001294058847704216,-37.523629721712496,deltaRIC0,FGO-G
167,13.494911270250556,11.91146424567773,6.342684740382152,40.49273318985762,0.001180211627165516,0.0009254637292454887,0.0007324045130579875,0.0034613607109972907,17.185784425000747,5,True,3.8709683723522743,-0.0011748521852250771,0.0011009464166483315,-0.00038204763700308726,0.0016547873175724375,-7.344731881428743,deltaRIC0,FGO-G
168,10.8267226163584,9.55133074373155,5.098039195162687,32.95718954814884,0.0010104711134709644,0.0008610593164709127,0.0005287993236360039,0.0030904143654269813,14.960592905999874,6,True,8.489157154407645,-0.0005751939625177308,0.0014018246567267627,0.0011833878897190596,0.0019225939145481772,36.55965590898268,deltaRIC0,FGO-G
169,15.42333108069853,14.28142497375726,5.824091546652036,36.60508196326082,0.0013308118991754462,0.0011178949250231403,0.0007220604182438375,0.004279669749641058,18.53211820499928,7,True,12.064956353841696,-0.0024310269215422745,0.0007634430321084335,-0.0004207819150540016,0.0025825945435888186,-136.95611692583043,deltaRIC0,FGO-G
170,18.21714953508787,16.12700356625353,8.472561192331288,38.37225975815312,0.0014447836119040316,0.00134084589950471,0.0005380817400803192,0.0031753290505648762,17.1482425890008,5,True,4.696432645677501,-0.0011165131432285566,0.0010285606326027937,0.0024699769975963194,0.0028991938435705363,-11.173702579595556,deltaRIC0,FGO-G
171,14.978806215655485,13.263110959760722,6.960928337171302,38.84927811925881,0.0012739075413560716,0.0011215339867275344,0.0006041539046790265,0.003940785534241525,15.933639881999625,5,True,6.671886631267092,-0.0018766103336197908,0.0007002047055826394,0.002168869084305018,0.002952278116780792,18.678020738800114,deltaRIC0,FGO-G
172,12.576057865778889,11.92476563008828,3.9946459306031596,27.052704826898754,0.0011195636183237163,0.0010229037028658783,0.00045507220321325584,0.002637903104837781,17.18873757000074,5,True,3.989298611337724,-0.0015495995375776482,0.0012248354093899365,0.0019002009216673211,0.002740847323303801,-132.18215099044028,deltaRIC0,FGO-G
173,14.01387489680755,12.350421970772576,6.62236866742036,40.013239689282685,0.0014434887065049213,0.0011865188973556968,0.0008220903551466054,0.0045736758576010745,15.803100721001101,6,True,6.863503225176461,-0.002944850954208602,0.0006071476294559666,0.0012233651344028434,0.003246135800999367,-190.5376720498316,deltaRIC0,FGO-G
174,17.257112202849946,15.059871688679694,8.426635526843226,49.21008719328174,0.0016044341772934974,0.0014098696316523147,0.0007658176356104816,0.005143489566958518,16.509009354000227,7,True,1.5575572481177653,-0.003662701717719572,0.0005278075469338343,0.00047181458356010267,0.0037304924180121594,20.90021460979915,deltaRIC0,FGO-G
175,15.664313780622315,13.789013421714708,7.431946923489551,44.07708109446298,0.0014749302009893304,0.001178783518823504,0.0008865035327287221,0.004892110194860026,11.200421738998557,5,True,9.2801019924876,-0.003312629911554965,0.0005819858857458252,0.0024747813520796225,0.004175735533141084,44.51478163563297,deltaRIC0,FGO-G
176,13.175559867230247,10.723538670299234,7.655135283034864,44.23043555059153,0.001140166833491024,0.0009698682087917487,0.0005994464661402497,0.0038292383110074472,15.650473720999798,6,True,3.516534748841449,0.00034712647651152323,0.0014901460747877777,0.0007393782553626302,0.0016993270195591586,266.8528249501833,deltaRIC0,FGO-G
177,13.953836122579387,12.512286084843016,6.176749911308143,42.1689477667252,0.0014079661876046541,0.0011956445008610044,0.000743507238027192,0.0045192227313118885,12.344975474999956,5,True,4.177269756386054,-0.004069919501706109,0.0006223606382858062,0.0017868609465977769,0.004488256850597069,-44.475982301170006,deltaRIC0,FGO-G
178,12.038843854090713,11.35125127947161,4.010343592944613,24.902072746682656,0.0011721941714954197,0.001009429092246878,0.0005958960340642298,0.0033199186713684086,9.889185378000548,4,True,7.148618818202871,-0.002695011831078819,0.0009065921331600413,0.0019525681998873174,0.003449278278245129,38.79354572110606,deltaRIC0,FGO-G
179,10.857664635020239,8.517519885981637,6.733553023365638,37.911160604427074,0.0009953907225026598,0.0008078704531145666,0.0005815049625143639,0.00321561817376469,25.333811118000085,6,True,7.299927328205453,-0.0009746455363405683,0.0011974434892640434,0.0002274255374240436,0.0015606175721688054,47.87431256238051,deltaRIC0,FGO-G
180,16.32931155387598,14.655985291426502,7.200591014704111,43.89336213315779,0.0017215986592392853,0.0015329702908791732,0.0007835202810242549,0.004765511721201872,25.130847749000168,9,True,11.044854684458024,-0.0025788787565010026,0.0007124324234420642,-0.0011173817483942547,0.0028994340086210433,-71.37294513365487,deltaRIC0,FGO-G
181,12.97235937221305,12.240654116694046,4.295171064964098,28.53100390042633,0.0011537363721706847,0.0010401504640264283,0.0004991939789853022,0.002597036921355124,11.143005367999649,5,True,12.85497899894155,-0.0010220354754734296,0.0010595551352143196,-0.00036268808913135747,0.001516164980364271,-35.220001979439985,deltaRIC0,FGO-G
182,19.590087989696027,16.676864957167826,10.278799669437095,55.88935301288513,0.0017128675327935776,0.0013658673443147286,0.001033596431221097,0.004698919533096707,13.939320564999434,4,True,3.8453449868572673,-0.0006396779935850345,0.0008216535709156913,-0.00019201579718223577,0.001058854377354607,-117.64295968871738,deltaRIC0,FGO-G
183,9.723835225711376,8.879404595296458,3.96347644496767,26.42101623062461,0.0008474384694888416,0.0007297735643861952,0.00043079287864663916,0.002254339703166656,94.10046420600156,15,True,9.666231230137312,-0.0004055570075960487,0.0015509625331293962,0.0008948240353341935,0.0018359388115602288,13.549666850012727,deltaRIC0,FGO-G
184,13.029928001448765,10.947641487415112,7.065986809071048,41.36053964737368,0.0013178192925338008,0.0011091329544079714,0.0007116683056175339,0.003518631636471534,15.7120499749999,6,True,5.685711064521758,-0.0007316184694992326,0.0010152317323100396,0.0006438598979837594,0.0014073082901174497,-34.635338931155275,deltaRIC0,FGO-G
185,14.784139967762162,13.558129365699084,5.894736863452913,34.08950776917294,0.0013324912011899322,0.0011468473353603782,0.0006784349568126548,0.003576609676436998,17.45630305099985,5,True,8.555061974439058,-0.001641699406652489,0.0007268564834899754,0.0007201870958747853,0.0019344680773946891,-123.63544611703401,deltaRIC0,FGO-G
186,13.45020006246839,11.983006001161545,6.1086372372691295,39.34802975765019,0.0012893415865210614,0.0011211955861109364,0.0006366491847304929,0.004174264998459478,14.780331504998685,5,True,1.7112055750647723,-0.002347352700598173,0.0008395842515420121,0.0016935749938542801,0.003013828574463289,234.79218853719794,deltaRIC0,FGO-G
187,9.783875522988566,8.902590809231324,4.058090330774406,29.29323617099394,0.0010758544545961361,0.0009375480583824903,0.0005276992000160437,0.0028528505924514226,12.36994921799851,5,True,2.4148983446351777,-0.0021935534136800928,0.0012928918974634248,0.0008808816730903607,0.0026942899916639704,-345.0831485416347,deltaRIC0,FGO-G
188,11.687241450891548,10.449742176758905,5.2339756562964315,32.38317665256179,0.0009645066719797515,0.0008691940850915255,0.00041806071656562286,0.0027438271661635143,12.345460034999633,5,True,6.3963687591347815,-0.0008289074654949203,0.001361439575949582,0.0008897900470704592,0.001825467510853217,47.72347673289187,deltaRIC0,FGO-G
189,15.142301756120688,13.439540214918965,6.976249800931129,26.033665131994415,0.0013490462901025234,0.0012159589219078156,0.0005842685966849191,0.0027068727679976437,12.387696964000497,5,True,4.988486341529789,-0.002185865272620674,0.0010236093200669438,0.002222043122213974,0.003280740566877453,-86.241027904769,deltaRIC0,FGO-G
190,10.98441978432764,9.612858366213322,5.315113548123969,30.549514337065936,0.0011772238274818502,0.0009887581732214254,0.0006389156555280568,0.00351024517837419,16.942227098999865,7,True,6.540290691813862,-0.0018647678456942562,0.0008865808195352009,0.0016981086760844283,0.002673379461224335,219.1909348020272,deltaRIC0,FGO-G
191,15.062785760091405,14.080585390430748,5.3501990539792645,36.738692765386475,0.0013883832207418091,0.00126078793733111,0.0005813963748749762,0.0034831451198085108,23.0550018619997,5,True,3.121091717301472,-0.0005489060499191483,0.0013862312940125434,0.0019508051619351538,0.002455315831409551,9.82018923535361,deltaRIC0,FGO-G
192,16.84207099376679,16.157385721995336,4.753340087742706,27.328174472682587,0.0012159682934619958,0.0011187856126322895,0.0004763377411793773,0.002548678308554896,18.86453336700106,6,True,5.20650773045981,-0.002382357867740722,0.000881636865020256,0.0030309986293365404,0.00395472695173622,-71.21893610694679,deltaRIC0,FGO-G
193,10.270254093312532,9.074112662166785,4.810259716014016,29.346117680981457,0.0011627007738143748,0.0010086969682157059,0.0005782763316451653,0.002986056163350011,18.537341081000704,5,True,1.087367571928402,-0.002333152131586532,0.0010389542103824178,0.0005640237982445154,0.002615558748218877,-106.48190288156184,deltaRIC0,FGO-G
194,16.59886820617582,12.615573936804081,10.787479778475792,57.19384572954733,0.0017205407750635181,0.0013192003786574218,0.0011045229375645793,0.006052176737105821,19.484376188998795,6,True,4.380012777580765,-0.002854382539467562,0.0003850350837022008,8.917119633102489e-05,0.0028816146861705776,15.26639596271707,deltaRIC0,FGO-G
195,12.771928781446178,10.953368657864768,6.568552339993877,34.07763972814517,0.0012448810156039454,0.0010972598967661437,0.000588004644505349,0.00297926819532993,11.064612016001774,5,True,4.881481194997667,-0.001270986844616657,0.001158795416084197,0.00024673148364972805,0.0017375531072604225,-170.89011529077834,deltaRIC0,FGO-G
196,11.657914476070399,10.301693256757442,5.457296581188345,31.177385676870397,0.0011255897469156122,0.0009957759672784778,0.0005247689980859803,0.0029279864670004175,17.04145181000058,5,True,7.94577919668747,-0.0009203319956527339,0.0012210479705746624,0.002105749928520977,0.002602335852677887,-190.9925743502099,deltaRIC0,FGO-G
197,11.164147945009372,9.331321981333486,6.1289990552079106,36.21895699112114,0.0010345481100948158,0.0008912096131071244,0.0005253905381772731,0.0031332137389188668,12.459569335000197,5,True,7.317149213708557,-1.4700955680464498e-05,0.0015406162563349288,0.0009164921667863538,0.0017926718771604903,-138.43432625445712,deltaRIC0,FGO-G
198,14.584894923966612,13.445113288260702,5.652264025059563,26.38097937346433,0.0012861055948432724,0.001171121292099967,0.0005315472888438718,0.0031911448535421627,15.977684358998886,5,True,1.1131729982316234,-0.0027027777289082566,0.0010939866159750998,0.0027290219777593465,0.003993666876807411,11.619209208329266,deltaRIC0,FGO-G
199,10.275394599243807,9.528499664981796,3.8459625979214347,25.026788543116925,0.0010317064713009738,0.0008367054820708048,0.000603607636794772,0.002950214696525906,13.767376153000441,4,True,3.596944709252719,-0.0017173257357196966,0.0011127040373559284,-5.130402814518195e-06,0.0020463001437585884,96.48413104489009,deltaRIC0,FGO-G
200,10.575861159856716,9.32672962570041,4.9860759883547825,26.79755712091241,0.0011138534464038593,0.0009832639457631371,0.0005233177935328227,0.003083023538025268,13.665951764000056,4,True,6.197387196485904,-0.0018727046845034437,0.0010211220915353901,0.0008283183006986687,0.0022881923801234636,-1.5031521662749583,deltaRIC0,FGO-G
1,4225.4048420522895,3530.361780757422,2321.7647977790994,13452.250978643098,0.38112154120390795,0.31203977760643165,0.21882597277510457,1.2400750542850705,10.460608204000891,5,True,19807.272833656152,,,,,,deltaRIC0.5,FGO-B
2,4226.897801644274,3532.1349191973313,2321.7855064867776,13458.201126531003,0.38133188263838874,0.31226423730767766,0.2188722248600591,1.2406949902985767,17.226129519000096,4,True,19801.539354833865,,,,,,deltaRIC0.5,FGO-B
3,4227.482686001258,3532.2122042303363,2322.732615848557,13460.584056297896,0.3813766886476764,0.31239140864993764,0.21876879678229794,1.2406273808135078,10.906224722999468,4,True,19787.48716732095,,,,,,deltaRIC0.5,FGO-B
4,4227.953700301407,3532.350069007205,2323.380184532257,13465.753484819437,0.3814880079914041,0.3124751895854708,0.21884322272982012,1.2410152826551335,12.034250045999215,5,True,19795.40809737008,,,,,,deltaRIC0.5,FGO-B
5,4226.875219911222,3533.325659994198,2319.9318751045494,13455.266290552938,0.3813381058555489,0.3124907464106995,0.21855956713258226,1.2401382848178282,16.238208078999378,5,True,19796.526124505883,,,,,,deltaRIC0.5,FGO-B
6,4225.6886018271625,3530.794764653573,2321.6228137892926,13451.484724929991,0.38117504845994715,0.31221625323525193,0.21866739305205998,1.2398747676631587,17.049379056999896,4,True,19803.553022282904,,,,,,deltaRIC0.5,FGO-B
7,4224.7146021866165,3531.3028988135857,2319.075959678679,13446.42954979099,0.3810278408447493,0.31206514475961,0.218626532984849,1.2394644485872826,4.551453025000228,4,True,19820.43351246604,,,,,,deltaRIC0.5,FGO-B
8,4224.981903954807,3530.4620440992176,2320.84248580561,13452.880959665747,0.38111066406879135,0.3120723084540682,0.21876062845746277,1.2399429410050906,10.326624174000244,5,True,19819.030960492764,,,,,,deltaRIC0.5,FGO-B
9,4225.368947019699,3531.4585425981327,2320.030883490353,13450.625252663935,0.38109358113742986,0.31217832593845873,0.2185795287725093,1.2396274350100904,9.69068361400059,4,True,19813.72930511374,,,,,,deltaRIC0.5,FGO-B
10,4225.0356364695,3531.879198403605,2318.7831846296335,13447.193754958187,0.38115450090880837,0.3122483932931258,0.21858566844352864,1.2396535205653922,7.055101676000049,4,True,19808.33574828857,,,,,,deltaRIC0.5,FGO-B
11,4225.061367419756,3529.009334971964,2323.1953581529965,13447.001676312471,0.38106371080574075,0.3119542148022483,0.2188472516623272,1.2397843488006401,8.848780804000853,5,True,19809.366549696297,,,,,,deltaRIC0.5,FGO-B
12,4228.148010460244,3532.6206522088937,2323.322389584822,13465.64962627894,0.38154216855173,0.31254264938951415,0.2188413093904804,1.241098365959558,10.678381811998406,4,True,19791.90395672324,,,,,,deltaRIC0.5,FGO-B
13,4225.29839746783,3533.13366418143,2317.35043933198,13452.605081089925,0.3813035307821522,0.3124321473990067,0.21858301823010176,1.2400640973814752,6.012836836000133,5,True,19805.416368937742,,,,,,deltaRIC0.5,FGO-B
14,4225.211173513933,3532.114961518221,2318.743918462348,13448.709301194238,0.38122292762656435,0.31239940641631064,0.21848920206478273,1.2396212596040281,12.844136437999623,4,True,19806.65070285053,,,,,,deltaRIC0.5,FGO-B
15,4226.217448220842,3530.454968096113,2323.1017278396903,13452.620989037669,0.3811041639525949,0.3120386680130495,0.21879728848102342,1.2399824266320782,6.15842128300028,4,True,19806.072140233737,,,,,,deltaRIC0.5,FGO-B
16,4227.175043926472,3532.67789985183,2321.464130218953,13460.509139044414,0.38129580039664357,0.3123292841609668,0.21871649607566213,1.2404334459039406,7.051657506999618,4,True,19799.19620070927,,,,,,deltaRIC0.5,FGO-B
17,4226.8390526470075,3531.4284308073447,2322.753024982945,13459.766521654781,0.38131216075692526,0.31226617167140963,0.21883510223635733,1.240595005023525,7.026135918000364,4,True,19803.410898104736,,,,,,deltaRIC0.5,FGO-B
18,4226.397825646258,3532.7560595209707,2319.9295688760217,13459.28654098068,0.3815678958684281,0.3127649922062409,0.21856833898735123,1.2405276283397881,13.322756610999932,5,True,19801.410841061617,,,,,,deltaRIC0.5,FGO-B
19,4227.1753560227235,3532.059058623274,2322.4061438437325,13458.229388168507,0.3812243339600089,0.3121671970478063,0.21882329375678541,1.2404444666886687,10.934328102001018,4,True,19794.822948724275,,,,,,deltaRIC0.5,FGO-B
20,4225.498183843631,3530.8973259826694,2321.1201983168066,13451.148649517358,0.3811393189296449,0.3120653911643801,0.2188204105461282,1.2400683151083174,7.35696285999984,4,True,19805.328876323256,,,,,,deltaRIC0.5,FGO-B
21,4225.527393749779,3531.6749520119006,2319.9900406384368,13449.024430732914,0.3811106097791655,0.3121586465955955,0.2186373166727343,1.239766626690327,9.690782763998868,4,True,19804.614394164557,,,,,,deltaRIC0.5,FGO-B
22,4225.947945542404,3532.456070539453,2319.566801828101,13454.66841966476,0.3812641655560255,0.3124421506289362,0.21850003763729103,1.2398877795503176,6.290295865999724,4,True,19811.96235460982,,,,,,deltaRIC0.5,FGO-B
23,4224.733928649354,3533.650403637871,2315.532680130194,13441.539186307502,0.381041288008442,0.3123362125159709,0.21826257928997056,1.238941790770482,9.667292367999835,5,True,19808.661931801704,,,,,,deltaRIC0.5,FGO-B
24,4224.413189221149,3531.255427718055,2318.5991239275,13438.742824703786,0.38102581528634144,0.312163205902905,0.21848296225344815,1.2390523261681097,12.059759540999949,5,True,19812.91465221097,,,,,,deltaRIC0.5,FGO-B
25,4225.721573937712,3531.9534875532772,2319.919693050356,13452.757742719952,0.38123206654291736,0.3123069110447249,0.21863732955349963,1.239987192295848,15.508001651000086,5,True,19805.512218266154,,,,,,deltaRIC0.5,FGO-B
26,4224.70757222168,3530.6036521393585,2320.127565951369,13446.874022977503,0.3811154871467599,0.3121234855227071,0.2186960089445361,1.2397466578694447,8.627637464000145,4,True,19812.206854330987,,,,,,deltaRIC0.5,FGO-B
27,4227.105119200683,3533.336211492693,2320.3346537357666,13460.051000442689,0.3813275998949901,0.31239506134247685,0.2186779917835899,1.240495485939035,7.070529552000153,4,True,19802.868628569846,,,,,,deltaRIC0.5,FGO-B
28,4227.875034467158,3532.8863365497964,2322.4214604783574,13463.514731048546,0.3814290329202809,0.31235099418247975,0.21891770962559715,1.241031667749325,23.787958923001497,5,True,19791.50606720176,,,,,,deltaRIC0.5,FGO-B
29,4226.61580363425,3530.589705696273,2323.621630464457,13463.988514667677,0.3814633859403072,0.3124059573023424,0.21889913808658723,1.2409555492719782,20.437133593999533,5,True,19814.638476535583,,,,,,deltaRIC0.5,FGO-B
30,4223.027474144099,3530.845977031817,2316.6975922321244,13436.209450456197,0.3810303823890047,0.31236153224479896,0.2182072993215227,1.2384631331755531,9.929023189999498,5,True,19826.47240490491,,,,,,deltaRIC0.5,FGO-B
31,4226.190909074694,3531.398445007057,2321.618965839857,13456.227378829728,0.3812568858714477,0.31238076000106163,0.218575098777407,1.239937957205179,8.857702585999505,4,True,19809.730089474524,,,,,,deltaRIC0.5,FGO-B
32,4228.423325190437,3532.640450415493,2323.793292249286,13468.2308079644,0.38154167248729426,0.31250025088236005,0.21890098456348644,1.2412480821960554,6.355614627998875,4,True,19787.74104822713,,,,,,deltaRIC0.5,FGO-B
33,4227.796283651276,3532.2137988332433,2323.300905046001,13463.246645825693,0.3814332968864814,0.31236598113450154,0.21890375465845927,1.2409680263168814,14.233549607000896,6,True,19793.040032786324,,,,,,deltaRIC0.5,FGO-B
34,4225.77190987079,3529.9075057878686,2323.1231639401917,13456.3370659144,0.381220318010938,0.31212098632990287,0.21888220749254442,1.2403057591325806,7.026632093000444,4,True,19809.901218867504,,,,,,deltaRIC0.5,FGO-B
35,4224.221206334374,3529.869352792995,2320.35927223734,13442.878023550336,0.3809281692401032,0.3118920598467055,0.21869982424591888,1.239344822672163,9.718664443000307,4,True,19820.858734791986,,,,,,deltaRIC0.5,FGO-B
36,4226.433653363267,3532.7904637651272,2319.9424487283623,13455.542658942519,0.38136002237117195,0.3124918469053837,0.21859623116742669,1.240184354568057,8.796035886000027,5,True,19802.350937403768,,,,,,deltaRIC0.5,FGO-B
37,4224.975311591411,3532.0573020639963,2318.4019492946727,13448.035426985016,0.3812015535528705,0.31228435414866157,0.21861634564934812,1.2398432520121458,8.78388833399913,5,True,19810.99710333289,,,,,,deltaRIC0.5,FGO-B
38,4227.763640454364,3532.7776721125624,2322.383973198851,13463.18407799884,0.38136866524312235,0.31220836621215936,0.2190159695009817,1.2411096443238898,9.177542695000739,5,True,19786.862365606943,,,,,,deltaRIC0.5,FGO-B
39,4225.554327009607,3531.1119021956915,2320.8959702411344,13456.736041932423,0.38131404269965996,0.3123677628274038,0.2186933467350137,1.2402408412170156,10.054917128998568,4,True,19814.17187206682,,,,,,deltaRIC0.5,FGO-B
40,4226.696603360801,3530.6590368841125,2323.663259194476,13458.649222029182,0.38132995149246407,0.31221531846175976,0.21893863711795347,1.2406668881456913,9.931951538001158,5,True,19804.44661899381,,,,,,deltaRIC0.5,FGO-B
41,4224.979200314904,3532.611583061289,2317.5643780302594,13447.247409158752,0.3812653635882588,0.31245875803364803,0.21847837879331986,1.2396867457359497,9.258718777999093,4,True,19812.212764929805,,,,,,deltaRIC0.5,FGO-B
42,4227.094140910814,3533.2786024985903,2320.4023774440793,13462.759505121232,0.38145124713157436,0.3125164582451988,0.21872018028547408,1.2407838685273656,8.963671395998972,5,True,19800.11425943453,,,,,,deltaRIC0.5,FGO-B
43,4226.299854113097,3532.8057031839758,2319.675477394879,13452.703284003537,0.3812304889671476,0.3122795751225103,0.218673621361688,1.2400953093033371,8.791553944000043,5,True,19798.90728615596,,,,,,deltaRIC0.5,FGO-B
44,4225.661471506128,3530.787088766066,2321.5851062526613,13452.547517944631,0.3812500950131944,0.3122919286608448,0.21869016036589198,1.239991485809836,10.634750419998454,4,True,19807.917982498195,,,,,,deltaRIC0.5,FGO-B
45,4223.368056362003,3530.7491096893336,2317.4659574472603,13438.4534788995,0.3810163062337694,0.3121733298689078,0.21845191172105521,1.2389763933954148,72.98511468600009,13,True,19819.356033567456,,,,,,deltaRIC0.5,FGO-B
46,4225.846352263747,3532.290858320972,2319.6333083405457,13451.98475056781,0.3812468092397228,0.31228317629678776,0.21869693037959873,1.2400809503025843,6.997133630000462,4,True,19799.71759747502,,,,,,deltaRIC0.5,FGO-B
47,4224.253439678851,3529.9513544719307,2320.2932051144703,13444.595443489885,0.38107658612803863,0.31219605240923026,0.2185245738014231,1.239231582859465,9.714730842999415,5,True,19821.285280352808,,,,,,deltaRIC0.5,FGO-B
48,4226.631275817328,3531.1254968520307,2322.8354800111683,13461.409131541957,0.38132856513596836,0.3121622611910432,0.21901186560721184,1.240878065317562,12.07650696500059,5,True,19804.66906114942,,,,,,deltaRIC0.5,FGO-B
49,4227.4300065572825,3532.0799886891427,2322.837793269821,13464.552191835792,0.38131486818011134,0.312279722954404,0.2188204819634953,1.2407473515351795,9.366297925000254,5,True,19807.545092210676,,,,,,deltaRIC0.5,FGO-B
50,4224.272364486722,3530.574045939684,2319.380071377551,13446.44734381331,0.3811345030578555,0.31230499129000316,0.2184699105975685,1.239338462995446,12.766064583998741,4,True,19823.246717416412,,,,,,deltaRIC0.5,FGO-B
51,4223.821265302989,3530.175694166247,2319.1648603632284,13446.02855722365,0.3810943237598467,0.3121244826929507,0.21865770259845135,1.2395654815847954,11.691423775000658,6,True,19827.419215188464,,,,,,deltaRIC0.5,FGO-B
52,4225.021640045185,3530.6903677286996,2320.5674707014846,13449.805112669517,0.38113973197649453,0.3121407154476497,0.21871366909944942,1.2398321897256463,6.328590234999865,4,True,19813.395991676236,,,,,,deltaRIC0.5,FGO-B
53,4226.379896857037,3532.5142996670047,2320.2650183126566,13452.592727974561,0.38126963231080063,0.3123135124489421,0.21869339830963713,1.2401635963132172,9.801690947999305,5,True,19791.57522926649,,,,,,deltaRIC0.5,FGO-B
54,4228.644995466578,3533.5116515351524,2322.871909113772,13467.947023452609,0.38152601260438895,0.3125113771292217,0.21885780191394072,1.2412013906908745,14.142414797999663,4,True,19787.054469208662,,,,,,deltaRIC0.5,FGO-B
55,4224.685904318391,3531.6089582212066,2318.557559423148,13444.868852630396,0.3810242944784588,0.312054374262895,0.21863572554868602,1.239480212827882,7.6210733219995745,4,True,19811.560336865776,,,,,,deltaRIC0.5,FGO-B
56,4226.355507739943,3533.3021631157803,2319.020634217189,13454.712761210267,0.38133038550036785,0.31249063646181635,0.21854625375317716,1.240031417191081,14.202545797999846,5,True,19800.823032027183,,,,,,deltaRIC0.5,FGO-B
57,4225.15521615474,3531.789219918191,2319.1380956444277,13448.155799846887,0.3811794189818451,0.3122745688678037,0.2185917269563612,1.2396973348933495,13.443952368999817,4,True,19808.409728904455,,,,,,deltaRIC0.5,FGO-B
58,4224.931402242909,3533.0573294021206,2316.797630527143,13445.803229348607,0.38112129812007206,0.3123402646256939,0.2183964353515881,1.239321621678158,7.921819528999549,4,True,19807.41501592559,,,,,,deltaRIC0.5,FGO-B
59,4224.697811544078,3531.7763673408217,2318.324241765631,13444.191830717666,0.3810627502720982,0.31218675471696195,0.2185137291435642,1.2393376706133572,9.74474410000039,4,True,19813.742226890226,,,,,,deltaRIC0.5,FGO-B
60,4226.347506654099,3531.1615344123165,2322.2642969498906,13454.507133947925,0.3811596756480873,0.3121489462961983,0.21873667654585996,1.2401156311587374,9.525378569000168,5,True,19797.19337971494,,,,,,deltaRIC0.5,FGO-B
61,4225.661631568888,3531.1404651777166,2321.0478753567177,13450.664205827208,0.38117315088332415,0.31223563166979706,0.2186364134129633,1.2398318223206233,7.035230098999818,4,True,19803.571706629875,,,,,,deltaRIC0.5,FGO-B
62,4226.817789389946,3532.7760098974136,2320.6641912600403,13460.406747417175,0.38134690153603895,0.31236529509791405,0.21875415819940536,1.2405846998042727,9.315929326001424,5,True,19803.983854374277,,,,,,deltaRIC0.5,FGO-B
63,4229.11038646722,3531.3153787875876,2327.055297250841,13474.424955305945,0.38154974494462635,0.3124143422286586,0.21903763748987068,1.241578426593168,8.75521640000079,5,True,19786.877095147618,,,,,,deltaRIC0.5,FGO-B
64,4224.409323098851,3532.500894129625,2316.694101960354,13445.22302560301,0.3810999792963874,0.3122743679424755,0.21845345807707944,1.2394146112857316,13.355397798999547,4,True,19812.954846154742,,,,,,deltaRIC0.5,FGO-B
65,4224.814315600995,3531.9888270368806,2318.2128735286037,13447.115698897618,0.3811866476673592,0.3123216934723695,0.21853699949077432,1.2395937023807826,9.642859286001112,4,True,19811.905045475,,,,,,deltaRIC0.5,FGO-B
66,4224.813913691254,3532.140803254362,2317.9805761276007,13446.814050705681,0.3811526966644474,0.31226402025712247,0.21856019726253836,1.239522985616685,16.58500299300067,6,True,19805.742882708808,,,,,,deltaRIC0.5,FGO-B
67,4225.833794153318,3531.192265525365,2321.282498900569,13453.787772645785,0.3811611800029487,0.31216643484517936,0.2187143390299104,1.2400674575359714,6.995552133999809,4,True,19812.20201883342,,,,,,deltaRIC0.5,FGO-B
68,4226.612382015051,3532.2732376061163,2321.0553639873715,13458.40290689287,0.3813622916175307,0.3124593179663884,0.21864668322147943,1.2403643542771778,6.963744929000313,4,True,19804.622037333134,,,,,,deltaRIC0.5,FGO-B
69,4227.219681536417,3532.35226837238,2322.0408454834183,13458.483482923033,0.3812612950182821,0.3123225981612819,0.21866588612951038,1.2402683395470746,10.844142840000131,5,True,19802.510321321424,,,,,,deltaRIC0.5,FGO-B
70,4227.806406774386,3531.978780277852,2323.676592994285,13467.266292640636,0.3814831409205537,0.3125300465108603,0.21875638695711397,1.2409446525917178,13.007148041999244,5,True,19802.504218939564,,,,,,deltaRIC0.5,FGO-B
71,4227.897058216073,3532.39457296816,2323.209442933894,13464.075266702768,0.38132010039370107,0.3122712195667749,0.2188417336673729,1.2408311367377516,10.064988394000466,4,True,19792.65042452937,,,,,,deltaRIC0.5,FGO-B
72,4223.260225389426,3530.892489434224,2317.0509617644007,13431.93680210433,0.3808036446060963,0.31195912360405514,0.21838708969505477,1.2383490720683616,10.074087379000048,4,True,19822.14264361137,,,,,,deltaRIC0.5,FGO-B
73,4226.066700297199,3531.2589846806623,2321.6049919124825,13452.559082300535,0.38114601726289155,0.3120409902431607,0.2188668702280728,1.2402369986420965,8.278592283000762,6,True,19800.678995403057,,,,,,deltaRIC0.5,FGO-B
74,4225.070986937669,3530.3692527903527,2321.1457911158727,13450.973243979712,0.38126364814939206,0.312345286052865,0.21863758066887157,1.2398488422310356,9.091044834000058,5,True,19806.430384587788,,,,,,deltaRIC0.5,FGO-B
75,4223.379947414142,3530.82358122761,2317.3741645377245,13440.244070268802,0.38102539314113704,0.3122391395481522,0.21837369336206136,1.2389384694700125,19.885301779000656,5,True,19827.27561711705,,,,,,deltaRIC0.5,FGO-B
76,4226.149104738559,3533.5555923589454,2318.2582106381824,13455.440361733938,0.381353285109112,0.3125151995420492,0.21855108812061508,1.2401363508475314,13.563595603000067,6,True,19805.214986314924,,,,,,deltaRIC0.5,FGO-B
77,4224.331823385272,3531.8763496247857,2317.5048662358054,13440.83916479971,0.38115175183332384,0.3123271775684806,0.21846828620584374,1.2392318493946777,12.546233753000706,5,True,19804.81223084967,,,,,,deltaRIC0.5,FGO-B
78,4224.914569447498,3532.4480092305553,2317.6958776364145,13448.441040091344,0.38121793757206446,0.31240441859220996,0.2184733282823367,1.2395733490424072,9.750439044000814,4,True,19810.639854085905,,,,,,deltaRIC0.5,FGO-B
79,4224.553682996654,3530.9084140525993,2319.383450853513,13445.101571485755,0.3810836167973725,0.312196912026603,0.21853560605178315,1.2393781084045437,16.452990810999836,5,True,19814.484806609733,,,,,,deltaRIC0.5,FGO-B
80,4224.258510220401,3530.58157536864,2319.3433770869237,13441.0428587938,0.3810273248566646,0.3122684048623861,0.21833521386191254,1.2388661824749014,10.447823667000193,4,True,19820.704225720267,,,,,,deltaRIC0.5,FGO-B
81,4225.3026556313935,3532.710234977263,2318.0036512854317,13447.902975885798,0.38115081407378315,0.3123034586233603,0.21850055560797718,1.2395757102641105,8.158785053999964,5,True,19811.440459489837,,,,,,deltaRIC0.5,FGO-B
82,4226.173107333525,3529.0898045016006,2325.0944679543563,13453.52757905308,0.38111949220251196,0.3119736315305654,0.218916697778702,1.2401237410701305,7.35911050499999,4,True,19809.44223901292,,,,,,deltaRIC0.5,FGO-B
83,4226.48243069236,3530.3498529677863,2323.743456709782,13457.210312574116,0.38125759622553596,0.3121791053656518,0.21886425211252536,1.240410979719969,16.856820458000584,6,True,19807.776909857108,,,,,,deltaRIC0.5,FGO-B
84,4223.415877326542,3530.682205482187,2317.6550297111435,13438.635114215022,0.3810219411979308,0.3122379308362237,0.2183693985460257,1.238825896230697,10.01753997599917,4,True,19825.66744374698,,,,,,deltaRIC0.5,FGO-B
85,4223.501252158193,3531.4812431868945,2316.592984535904,13439.620494970131,0.38105520174838037,0.3122795855896699,0.21836787127103396,1.238936151208549,15.203603889000078,6,True,19822.21738830258,,,,,,deltaRIC0.5,FGO-B
86,4226.030713944879,3532.788471966854,2319.2113330922552,13449.310917520506,0.3811110286844044,0.3121981916237085,0.21858157592022964,1.2397170413542375,12.371474174999094,5,True,19804.450745128943,,,,,,deltaRIC0.5,FGO-B
87,4226.509882192785,3531.3505865198026,2322.2723396190017,13456.227149251696,0.3812877484345239,0.3122350622029762,0.21883695537402348,1.2404144496167004,13.412956083000608,5,True,19800.541117960787,,,,,,deltaRIC0.5,FGO-B
88,4225.091257127955,3530.5575749498585,2320.896236591215,13450.295436624261,0.38128269455128216,0.3122825532309289,0.21876037143838095,1.2400847544927887,7.662676862999433,4,True,19812.130648789254,,,,,,deltaRIC0.5,FGO-B
89,4227.143994067798,3533.182200906276,2320.63997246073,13457.050121289962,0.381337316557095,0.312480114993338,0.2185733898092729,1.2402171389833898,16.04027260700059,6,True,19794.951734509497,,,,,,deltaRIC0.5,FGO-B
90,4226.93537851952,3531.418831453777,2322.9429030937445,13460.65880217734,0.3813205340428829,0.31228037804255676,0.21882942026232957,1.2406417976837332,7.06554078499903,4,True,19804.944121199747,,,,,,deltaRIC0.5,FGO-B
91,4223.130698435533,3530.7312050012283,2317.0606496376327,13437.703806289917,0.38102071649311636,0.3122739734608377,0.21831571609920308,1.2387076267050103,12.417840453999816,5,True,19827.266080384146,,,,,,deltaRIC0.5,FGO-B
92,4224.9220907647,3532.5855659151607,2317.499922873662,13445.780633327988,0.3811919195026702,0.31238054918101893,0.21846206075082047,1.2395001253925437,4.854866588000732,4,True,19802.79435711836,,,,,,deltaRIC0.5,FGO-B
93,4227.5784161302845,3531.3408639835866,2324.231263641872,13467.774537143127,0.3814396144724046,0.3124798235996092,0.21875223274749403,1.2408449672515445,13.315036182999393,4,True,19804.00288208825,,,,,,deltaRIC0.5,FGO-B
94,4225.7758214244805,3532.421262587956,2319.306214485758,13453.739542003144,0.3813301288207653,0.31255931205665477,0.21844757630409212,1.2398244008364394,10.970720329001779,5,True,19810.257442220125,,,,,,deltaRIC0.5,FGO-B
95,4225.21660962238,3530.8065405966618,2320.7456928988736,13452.325756778908,0.3811894028096857,0.312175312405863,0.218750851743957,1.240034401523653,9.59809314999984,4,True,19812.89173482207,,,,,,deltaRIC0.5,FGO-B
96,4227.64871408972,3531.9581359457293,2323.4210500189647,13462.644114640712,0.38140102158464667,0.31244060080645814,0.21874096606148463,1.2406190698889386,18.08783867099919,5,True,19796.504577286978,,,,,,deltaRIC0.5,FGO-B
97,4226.073431627699,3531.27642989829,2321.590710085287,13455.653692015505,0.3812802788004944,0.3123174338761221,0.2187063590735688,1.2401539225002267,11.302516536999974,5,True,19808.840674816274,,,,,,deltaRIC0.5,FGO-B
98,4228.47472033017,3532.5556395490707,2324.0157301449926,13468.894755118887,0.38154295118627246,0.3124592686383006,0.2189617067935592,1.2413937117002465,7.091981932000635,6,True,19785.77932052755,,,,,,deltaRIC0.5,FGO-B
99,4225.801093032534,3531.6561716745073,2320.51708956179,13450.565450826585,0.38116328507084124,0.31215911851623,0.2187284494828363,1.2399162215601522,9.091188256999885,5,True,19806.312694443357,,,,,,deltaRIC0.5,FGO-B
100,4225.374017373194,3531.1350569657975,2320.5324380752863,13448.909374088298,0.38113861885089517,0.312108993597282,0.2187569950773225,1.239923390832049,11.45928882699991,5,True,19804.22772916416,,,,,,deltaRIC0.5,FGO-B
101,4224.82322567821,3530.024264805125,2321.2195023558365,13448.600804277054,0.38117993450804244,0.3121663313250442,0.21874716925852605,1.2398326639737378,9.706621362000078,4,True,19810.365053995567,,,,,,deltaRIC0.5,FGO-B
102,4225.650962223027,3532.5185740424117,2318.9304816190074,13449.942330579555,0.38120744063218426,0.3123350066183038,0.2185542414003544,1.2397502939423237,10.073575045000325,4,True,19806.593409338744,,,,,,deltaRIC0.5,FGO-B
103,4226.716130099916,3532.9071085921173,2320.279424230213,13457.477752661087,0.38129482822760286,0.31230399670915626,0.21875090782121218,1.2404703064401474,21.639805001999775,5,True,19802.088026319987,,,,,,deltaRIC0.5,FGO-B
104,4223.336703397188,3530.5615524898017,2317.6945515625284,13436.054693156018,0.38097089256753114,0.31221525342276035,0.21831274931589056,1.238525309669269,4.525795953999477,4,True,19820.700200615127,,,,,,deltaRIC0.5,FGO-B
105,4223.737161779884,3532.665688874515,2315.216780875852,13439.000088030078,0.38108833530892355,0.31235567224102745,0.21831686450520116,1.2388895381197447,6.993572318000588,4,True,19817.563272542993,,,,,,deltaRIC0.5,FGO-B
106,4226.381258161026,3531.8487710093527,2321.2804221064075,13455.882000201571,0.3812563410273927,0.31220604868824303,0.21882362929096572,1.240434480148922,11.858443056999022,5,True,19798.06758376814,,,,,,deltaRIC0.5,FGO-B
107,4225.39400301952,3531.496150867163,2320.0192708604236,13448.83715985526,0.3812155346516182,0.31225350992310147,0.2186847717615991,1.2399327100786237,20.384926118000294,5,True,19801.24008292007,,,,,,deltaRIC0.5,FGO-B
108,4227.091010502034,3533.2492515735266,2320.4413669218657,13457.587905323491,0.3813758616417131,0.31253470923246646,0.21856258455631594,1.2402676918936675,9.164597378001417,5,True,19792.855264440674,,,,,,deltaRIC0.5,FGO-B
109,4227.606934910037,3532.819192204523,2322.035518955475,13461.632818317548,0.3813960531057525,0.31235999351772853,0.21884739837213174,1.2408988610844598,17.80476156199984,6,True,19798.370689876072,,,,,,deltaRIC0.5,FGO-B
110,4226.970584028258,3532.542499124173,2321.29787190738,13463.24585019002,0.38147180756107646,0.31249427011574,0.21878773070889024,1.2408845476445727,7.029245937999804,4,True,19799.91842781808,,,,,,deltaRIC0.5,FGO-B
111,4225.561093502336,3531.1293602772416,2320.88172811729,13448.67158270479,0.38112651328201474,0.31227389234702774,0.21850042399259248,1.2394934437209204,10.982873474998996,4,True,19800.116238381645,,,,,,deltaRIC0.5,FGO-B
112,4224.207382251099,3530.325684453839,2319.6397500366766,13446.414330646583,0.38108533561690355,0.3121516472316829,0.21860325284129462,1.2394990314818488,7.314748764998512,5,True,19817.2803467313,,,,,,deltaRIC0.5,FGO-B
113,4226.045311195442,3530.758944155669,2322.3264737202066,13459.055530384738,0.38135590089240956,0.31228274726471716,0.2188876627548069,1.2406920311162009,9.365835734999564,5,True,19808.97938240751,,,,,,deltaRIC0.5,FGO-B
114,4223.5931170994245,3529.4529309236254,2319.8493113140485,13441.701714172603,0.3810666438123165,0.3121962274739029,0.21850698519142586,1.239126794843132,15.12632127500001,5,True,19822.326987701814,,,,,,deltaRIC0.5,FGO-B
115,4227.0124722868995,3532.3138297717996,2321.722086915634,13458.538435648943,0.38134937365611576,0.31240103177212425,0.21870743045361773,1.2404383373210042,9.725680675999683,4,True,19798.00697586394,,,,,,deltaRIC0.5,FGO-B
116,4225.435080484256,3530.4281784356936,2321.7188667653586,13449.473984150363,0.38109971390113123,0.31201592494920305,0.21882196990617137,1.2399116149447595,7.022712384999977,4,True,19807.399509837785,,,,,,deltaRIC0.5,FGO-B
117,4226.782665661167,3532.9195462415137,2320.381688972394,13460.90782381376,0.38135447061791183,0.3124194968135934,0.21868994094610042,1.2405269127621295,10.886322839998684,4,True,19803.445197872996,,,,,,deltaRIC0.5,FGO-B
118,4224.723517842626,3532.450051938538,2317.344478659138,13446.43822183337,0.38118830684354466,0.3123304723819399,0.2185273467919349,1.2395675833406086,12.402925861000767,5,True,19813.758918348998,,,,,,deltaRIC0.5,FGO-B
119,4227.454890019499,3532.272622300962,2322.5901422534416,13461.914761663236,0.3815104481386463,0.31253946153947104,0.2187905551425113,1.240852001119296,8.639024612999492,4,True,19787.271681812308,,,,,,deltaRIC0.5,FGO-B
120,4227.136423311569,3531.6390306655053,2322.9739771179816,13459.48323030284,0.3812558375487807,0.3120833643568839,0.21899768801681613,1.2408079871663373,7.448253432001366,6,True,19796.470482925066,,,,,,deltaRIC0.5,FGO-B
121,4224.777956002991,3532.68464261574,2317.086099685489,13444.010395871239,0.38104850212412844,0.31217948247743144,0.21849927160328253,1.239316113624296,15.994177904000026,6,True,19809.461987711617,,,,,,deltaRIC0.5,FGO-B
122,4223.629832591736,3530.112654891246,2318.9121601594943,13440.421879432715,0.38098269996941664,0.3121626637885027,0.21840853694957255,1.2388456997705595,7.061124991001634,4,True,19821.563642727815,,,,,,deltaRIC0.5,FGO-B
123,4226.1998571835675,3534.4129096599177,2317.0435077675443,13455.246704364507,0.3813181878437485,0.31256972706741526,0.218411826835091,1.2399127783562531,9.446060736998334,5,True,19804.76318317426,,,,,,deltaRIC0.5,FGO-B
124,4224.277986314578,3531.0989462129305,2318.591110505661,13444.622436836848,0.38107559412124237,0.3121478280749258,0.21859172414106726,1.2394442698296533,14.07106808000026,6,True,19814.770464064233,,,,,,deltaRIC0.5,FGO-B
125,4225.1014580441315,3531.581475650569,2319.3565080876197,13449.441218032927,0.3811488627955121,0.31223787226235894,0.2185908660840771,1.2397412829001824,10.083629799000846,5,True,19815.460714321118,,,,,,deltaRIC0.5,FGO-B
126,4223.284882776766,3531.8961857222494,2315.565705043021,13438.054799602782,0.3809768241744904,0.31224445152321,0.2182813392185653,1.2386748480053476,12.513689712999621,5,True,19816.342371231938,,,,,,deltaRIC0.5,FGO-B
127,4225.322848515139,3532.346197282715,2318.595160161955,13452.190174586578,0.3811860591425116,0.3123269967049694,0.21852839361019516,1.2398114486346397,17.68103658200016,5,True,19816.966799832062,,,,,,deltaRIC0.5,FGO-B
128,4223.525913060416,3530.1888199196173,2318.606916665127,13439.874800399202,0.38102439298910085,0.31215627213898334,0.21849038838586404,1.2389764329605395,5.086327879998862,4,True,19821.84904668169,,,,,,deltaRIC0.5,FGO-B
129,4225.080583951378,3531.5049711888214,2319.434969847518,13446.922714605635,0.381231982526333,0.3124350785860255,0.21845399096812657,1.239478678124961,12.430805691999922,5,True,19807.041572961298,,,,,,deltaRIC0.5,FGO-B
130,4223.703785826189,3531.871559508815,2316.3671897035792,13438.611772556944,0.38090825263129924,0.3120837709664284,0.21839143028517283,1.2387434456452737,9.093690047000564,4,True,19815.28940232905,,,,,,deltaRIC0.5,FGO-B
131,4225.697640367151,3530.6253964882376,2321.896823176426,13451.88609842913,0.3811962758778943,0.31226742409181446,0.21863132573864746,1.2398548404108956,13.643941016998724,5,True,19807.007292925715,,,,,,deltaRIC0.5,FGO-B
132,4224.330924618392,3529.7410799806144,2320.7541164424465,13445.62478954257,0.38110212057334186,0.3121522805617935,0.21863160806610138,1.2394910367397738,9.666852518999804,4,True,19817.7612038738,,,,,,deltaRIC0.5,FGO-B
133,4226.98079080789,3532.0275663953057,2322.0998850356445,13457.890547589144,0.38129305774271993,0.31243789837979113,0.21855652710182885,1.2400441397392667,12.361603727000329,5,True,19805.047085313923,,,,,,deltaRIC0.5,FGO-B
134,4224.985134804151,3531.8265790710284,2318.771313580425,13450.072005573425,0.38131308642729583,0.31250194239044665,0.21849989904553355,1.2397988035327978,13.88020281900026,4,True,19810.46495388827,,,,,,deltaRIC0.5,FGO-B
135,4226.2926864317615,3531.4649848873437,2321.7030240539443,13457.232080116173,0.38124372885177565,0.3121685514344289,0.21885514909212564,1.2404685898915964,8.746437620000506,5,True,19804.921428668753,,,,,,deltaRIC0.5,FGO-B
136,4227.284117648703,3533.1658388093947,2320.9201121096935,13460.78757643509,0.3813956379518534,0.3123994485908142,0.2187903498074275,1.2407516767135573,14.59966692099988,5,True,19794.460683524238,,,,,,deltaRIC0.5,FGO-B
137,4225.11350798534,3531.5743908554678,2319.389246593598,13449.175323258729,0.38108727910269474,0.3121015368310917,0.21867817678398055,1.2397717731796885,8.777922590999879,6,True,19815.335653790426,,,,,,deltaRIC0.5,FGO-B
138,4226.924819521854,3531.5259471451404,2322.760838857603,13460.340555734938,0.3813283140519426,0.31227937700738423,0.21884440544271863,1.2406467309615936,8.18824496599882,5,True,19800.699127752876,,,,,,deltaRIC0.5,FGO-B
139,4226.481012720841,3531.295518230999,2322.3035361062184,13460.12545104713,0.381315771332765,0.3122772648539559,0.21882556368585868,1.2406160762862817,7.012452451999707,4,True,19803.93051581939,,,,,,deltaRIC0.5,FGO-B
140,4224.6380071617195,3530.100586364318,2320.766283300765,13447.881377142106,0.38124758936609965,0.31233466071621346,0.21862475640409523,1.2397082390700656,12.818482553999274,6,True,19818.740691931467,,,,,,deltaRIC0.5,FGO-B
141,4223.80435121804,3530.6367484671773,2318.4320882315196,13443.839995602166,0.38107169568684063,0.3121329189987356,0.21860621704556552,1.2394727519535051,11.469300885999473,6,True,19815.1521596738,,,,,,deltaRIC0.5,FGO-B
142,4223.975315876162,3529.017496965703,2321.207223675012,13441.698785698014,0.3809868623043061,0.31208291760762163,0.21852972746515456,1.2390453083509774,107.72215384000083,13,True,19818.393797022323,,,,,,deltaRIC0.5,FGO-B
143,4226.421679314827,3532.2718088557485,2320.7102532943027,13456.885797004945,0.38129698390247163,0.312360321284518,0.21867423172416633,1.240300483903809,12.98140038100064,4,True,19808.092526741275,,,,,,deltaRIC0.5,FGO-B
144,4225.359424823713,3530.875289130017,2320.9011098186834,13451.779211479667,0.3811855662835027,0.3122894283010738,0.21858121811871933,1.239762991294397,6.737157751998893,5,True,19814.84567826356,,,,,,deltaRIC0.5,FGO-B
145,4226.33252750644,3532.7403371373152,2319.8345508725183,13455.606819910938,0.3812338774884449,0.3122385171187833,0.21873814887288834,1.2402797287933325,13.202438102998713,5,True,19807.633809803985,,,,,,deltaRIC0.5,FGO-B
146,4226.612720692575,3531.9771229967178,2321.506556817817,13458.263568798797,0.38132293695361974,0.31241144454887815,0.21864645334836216,1.240348559403849,7.71531158399921,5,True,19805.177490044767,,,,,,deltaRIC0.5,FGO-B
147,4225.536383800737,3532.8750956324366,2318.178442114392,13447.686408564272,0.38117601697389614,0.3122837820413918,0.2185726318412451,1.239700749492791,12.95997667300071,4,True,19806.05550077207,,,,,,deltaRIC0.5,FGO-B
148,4223.357127519786,3530.4750675004593,2317.8635042490773,13437.01325149075,0.3809747341434731,0.31211134052885525,0.2184679820224716,1.238864121844676,15.530642943998828,4,True,19819.38788286286,,,,,,deltaRIC0.5,FGO-B
149,4227.682364773481,3533.2038912904495,2321.5874827338985,13460.585552375975,0.3814047954268923,0.31239915218986125,0.2188067359239323,1.2407701496591006,9.888113774000885,4,True,19793.895956408236,,,,,,deltaRIC0.5,FGO-B
150,4224.0796033070355,3529.0357607624246,2321.3692283509095,13446.51828630622,0.38103096359584887,0.31184223419000834,0.21894980290962832,1.2399450577273423,15.414831341999161,5,True,19815.52617946127,,,,,,deltaRIC0.5,FGO-B
151,4226.247574698847,3532.5467209246012,2319.9746177776888,13453.675041264658,0.3811940952074282,0.31228958516480987,0.21859586734108402,1.2399046209347677,11.489137810000102,5,True,19803.26574641484,,,,,,deltaRIC0.5,FGO-B
152,4224.6165309084045,3531.401246581849,2318.747521586757,13444.118438913189,0.38100046837098206,0.3121851138782937,0.21840744394755526,1.239050730785689,11.078302122999958,6,True,19815.896248709672,,,,,,deltaRIC0.5,FGO-B
153,4225.687422138123,3530.4838827396093,2322.093396772014,13455.40111556352,0.38118342636986946,0.3120808871677616,0.2188751342744454,1.2403083535991444,16.511867995001012,5,True,19814.17313023723,,,,,,deltaRIC0.5,FGO-B
154,4225.920141602161,3531.726067267214,2320.6275075901526,13456.027783167387,0.3813563964803116,0.31244318207707034,0.21865945922827865,1.2402415039044787,4.471659754999564,4,True,19803.223284720123,,,,,,deltaRIC0.5,FGO-B
155,4226.212006386869,3531.9697885323667,2320.7880850743677,13457.883895997587,0.38128244357453805,0.3123052906892652,0.21872747240725027,1.2404028549359971,8.332353546000377,5,True,19804.666989403886,,,,,,deltaRIC0.5,FGO-B
156,4225.524133124855,3532.2971788081118,2319.036618987467,13446.825207215528,0.38111261777427047,0.3122173283717082,0.218557011535183,1.239564391549024,8.161614197000745,5,True,19800.533562214878,,,,,,deltaRIC0.5,FGO-B
157,4227.176975288227,3531.9354349297455,2322.597094610806,13459.059216280162,0.38128125257009154,0.3122948472768902,0.21874030704404196,1.2404177176724671,12.676939966000646,5,True,19801.646603958074,,,,,,deltaRIC0.5,FGO-B
158,4223.828231929991,3531.349289709966,2317.390154228188,13440.002218413054,0.3810362774790444,0.3122386077506807,0.2183934444643517,1.2389075336781703,7.757448771999407,4,True,19813.820414209626,,,,,,deltaRIC0.5,FGO-B
159,4224.201643271925,3530.3284374993814,2319.625109021802,13445.146279277691,0.38114252730266795,0.3121546291301023,0.218698682280697,1.2396714695380553,17.54992079100157,4,True,19815.3165817916,,,,,,deltaRIC0.5,FGO-B
160,4224.356182859842,3532.0372596696425,2317.3040275224002,13450.354502454016,0.38121392074002364,0.3124584596750143,0.2183890206569425,1.239508304061874,18.042701288999524,5,True,19821.176751698604,,,,,,deltaRIC0.5,FGO-B
161,4224.400117819082,3530.839176099249,2319.20914709145,13443.467736616674,0.38096676834571525,0.31195401497537495,0.21867869380559546,1.2394295531235837,9.655931667000914,4,True,19813.867779827266,,,,,,deltaRIC0.5,FGO-B
162,4224.666610436808,3532.958965871659,2316.4647449954173,13448.927000292555,0.3811265476257873,0.31221616937948,0.21858295652487497,1.2397596941494766,8.97553023099863,5,True,19814.12344710585,,,,,,deltaRIC0.5,FGO-B
163,4228.651971849571,3532.5356033441412,2324.368669151542,13467.400463778371,0.38146135915332197,0.31236561160694626,0.21895317584478666,1.2412054662653647,18.947602190000907,5,True,19788.77288567311,,,,,,deltaRIC0.5,FGO-B
164,4225.605000689056,3531.645185801315,2320.176696601954,13450.744134720122,0.38113191844300226,0.31212447666932264,0.21872322766442706,1.2399704073395275,10.03566319499987,4,True,19805.565945601822,,,,,,deltaRIC0.5,FGO-B
165,4227.646566352134,3533.4373702750518,2321.166913501206,13464.346973984602,0.3814163855027976,0.31246863630364674,0.21872770847919118,1.2407699469105404,4.4416923459993995,4,True,19793.957132151074,,,,,,deltaRIC0.5,FGO-B
166,4227.088204520687,3531.6752471635186,2322.831168503305,13463.22352826192,0.3813899727980345,0.3122555185628569,0.21898584994909337,1.2410539640234615,8.54095215199959,6,True,19803.703547736917,,,,,,deltaRIC0.5,FGO-B
167,4226.041987510891,3532.422347509164,2319.7894816174285,13452.350910843123,0.38111404942677646,0.31214697864692104,0.21865996979802688,1.2398873018470853,10.854406361999281,4,True,19806.27848190546,,,,,,deltaRIC0.5,FGO-B
168,4223.5186199048585,3531.31286420076,2316.881306371404,13438.394224552716,0.38094959009749035,0.3120938007488932,0.21844919255871859,1.238866263834044,13.82154494399947,4,True,19820.916651435116,,,,,,deltaRIC0.5,FGO-B
169,4226.647293752707,3531.976613753582,2321.570275844533,13454.054830183923,0.38114481467729405,0.3120652354136689,0.2188302049571774,1.240230171235703,9.952598734000276,4,True,19805.937189635093,,,,,,deltaRIC0.5,FGO-B
170,4225.973166042807,3533.2201681013726,2318.4487149461756,13453.54196988115,0.38124574421127466,0.31230078418035595,0.21866992861283732,1.2402046174141939,7.072448163000445,4,True,19803.382226539165,,,,,,deltaRIC0.5,FGO-B
171,4227.37963797516,3531.7785254469504,2323.2044788952085,13458.551195517437,0.381236268883282,0.312182143761998,0.21882276350555782,1.240476851386866,6.224807855000108,4,True,19795.47751769282,,,,,,deltaRIC0.5,FGO-B
172,4224.578765960602,3531.3574799319435,2318.7453716900254,13445.199078162157,0.3811126095207413,0.31235829504024354,0.2183554823109811,1.2391346368145224,16.538664910998705,4,True,19813.808883222457,,,,,,deltaRIC0.5,FGO-B
173,4225.990248487035,3532.4864184678104,2319.597655553217,13451.541003623533,0.38130529558051907,0.31243637441679606,0.21858005485184298,1.2399644078073258,9.08562141999937,4,True,19796.541006719646,,,,,,deltaRIC0.5,FGO-B
174,4226.21165020034,3533.2426849235067,2318.849076961157,13449.914431573872,0.3811778645879848,0.3122044377062939,0.218689171035863,1.2400486247762788,13.748451600000408,5,True,19790.63249280966,,,,,,deltaRIC0.5,FGO-B
175,4226.397819260277,3532.8589204559967,2319.772914490234,13453.771925857327,0.3812738421216612,0.3124758741601177,0.21846869513521547,1.2398849152483145,8.904337591999138,4,True,19801.511703457985,,,,,,deltaRIC0.5,FGO-B
176,4225.128534720513,3530.3768580852948,2321.2389740837352,13451.542668942591,0.38122338507772957,0.3123069244205828,0.21862217245531,1.239812594703146,6.865050983999026,4,True,19814.10206940361,,,,,,deltaRIC0.5,FGO-B
177,4225.053381328731,3532.0060018805843,2318.6223663539677,13443.498636042605,0.3810529411645413,0.3121693098051662,0.21852154581622737,1.2393420546343648,7.311271287999261,4,True,19802.18970360568,,,,,,deltaRIC0.5,FGO-B
178,4224.531822456942,3531.2578472983328,2318.811578124734,13444.88757465245,0.3811351864028816,0.31222334183162764,0.2185877744290606,1.2395514831171444,7.728087767000034,4,True,19810.302746487472,,,,,,deltaRIC0.5,FGO-B
179,4224.617227352561,3530.909991260489,2319.4967883704635,13446.262013927211,0.3811282736379101,0.3122005352947247,0.21860829519462668,1.239572736172353,9.649259815001642,4,True,19813.03468887078,,,,,,deltaRIC0.5,FGO-B
180,4226.899287943141,3532.9837098728635,2320.4964331339124,13460.141926210476,0.3814502739631258,0.31259159808727466,0.21861108002978144,1.240476021897725,7.558263238001018,4,True,19803.92504438292,,,,,,deltaRIC0.5,FGO-B
181,4226.643500677176,3531.3560125701783,2322.507264639028,13457.193008469614,0.3812297380136971,0.31228612981768367,0.21866295129601832,1.2400795099555497,10.039703153999653,4,True,19812.425091218905,,,,,,deltaRIC0.5,FGO-B
182,4229.154261629231,3531.823015227591,2326.3645367322315,13475.749963300746,0.38154382670796716,0.3122500415384202,0.21926149515638652,1.2420323334170003,19.03829845600012,5,True,19790.122583186298,,,,,,deltaRIC0.5,FGO-B
183,4223.543282379797,3531.1566316767335,2317.1643663540444,13440.580043946798,0.3810189102297005,0.3121801777462006,0.21844666757581618,1.2390158055652696,4.855218402999526,4,True,19827.8495596967,,,,,,deltaRIC0.5,FGO-B
184,4226.968575323265,3532.720997200692,2321.022553252713,13462.053611774898,0.3814492990563349,0.31253441192489234,0.21869112719388265,1.2406459897408328,13.935121558999526,4,True,19801.322389993107,,,,,,deltaRIC0.5,FGO-B
185,4227.158395999316,3532.825386155824,2321.2093606136564,13457.00772770957,0.38131414172567085,0.3124339571673132,0.21859894118855777,1.2401480086821506,10.619066887000372,4,True,19795.100917729433,,,,,,deltaRIC0.5,FGO-B
186,4227.24244655496,3531.136970229446,2323.9299471874738,13461.510813249957,0.3813615606534267,0.31238279381887296,0.2187547258230842,1.2405798262442,17.7511195040006,5,True,19797.91782832479,,,,,,deltaRIC0.5,FGO-B
187,4223.4586933276605,3530.8256306401445,2317.5145523296324,13439.632714485015,0.380998317748414,0.31212497563836883,0.21848962838054586,1.239025976457902,7.031385920998218,4,True,19817.633800610743,,,,,,deltaRIC0.5,FGO-B
188,4224.045136157495,3529.6782743369085,2320.329414537906,13442.957521196271,0.38105147186322763,0.3121150986497465,0.21859640757338886,1.2392771412301904,5.952655490000325,4,True,19818.8869854962,,,,,,deltaRIC0.5,FGO-B
189,4224.890984150247,3530.3942686677383,2320.780070517675,13445.355470119814,0.38105180816192474,0.3120190503144917,0.2187340685497233,1.239598904385021,7.27545438999914,4,True,19808.765133900746,,,,,,deltaRIC0.5,FGO-B
190,4226.37887576182,3531.7188520118866,2321.4737456688144,13456.986347217226,0.38130078555892466,0.31236775098862335,0.218670247656517,1.2402460927557712,9.976023556000655,5,True,19804.64486207536,,,,,,deltaRIC0.5,FGO-B
191,4225.687710538928,3531.691113342331,2320.2574225586545,13458.075433551954,0.3813719561467643,0.3125403411735204,0.21854771578387397,1.2401432820893283,6.136095601999841,5,True,19814.89669762238,,,,,,deltaRIC0.5,FGO-B
192,4224.514238091415,3531.673425163794,2318.146536746313,13438.26777483265,0.3809335273531577,0.31213053781754957,0.21836867821060377,1.238788884512651,20.784839003999878,6,True,19804.57007819566,,,,,,deltaRIC0.5,FGO-B
193,4224.923247243878,3531.8630304725725,2318.603023176423,13447.562875855405,0.3811917104893933,0.3123699117165172,0.21847690587346918,1.2395458758279263,9.638572507999925,4,True,19807.088739814626,,,,,,deltaRIC0.5,FGO-B
194,4228.480935042333,3532.3007243974225,2324.4144661479654,13466.634402649333,0.3814397748912513,0.3122957230341368,0.21901525801567837,1.2412563075938525,13.285294897999847,4,True,19784.499516694053,,,,,,deltaRIC0.5,FGO-B
195,4225.788411014537,3532.4336245709073,2319.310324787437,13454.114442324535,0.3812376370645321,0.3122929672148716,0.21866695804963102,1.2401107870383214,12.915879231999497,5,True,19809.9427545774,,,,,,deltaRIC0.5,FGO-B
196,4225.384988819271,3531.1694826076605,2320.500029915875,13451.146088662626,0.3811236906654573,0.31211600491649,0.21872097992974696,1.2398929212960121,8.842550434001168,6,True,19813.938840415067,,,,,,deltaRIC0.5,FGO-B
197,4224.7156237508225,3530.7134368074057,2319.9751569169744,13451.733307648761,0.38120836843258854,0.31226576684046436,0.21865477589701293,1.23989534184101,6.9718505589989945,4,True,19822.833230279346,,,,,,deltaRIC0.5,FGO-B
198,4225.4230744836295,3530.60503717874,2321.428058292308,13450.106770402754,0.381140085767586,0.3122017197861532,0.2186271967104988,1.2397829819058728,8.789476222000303,5,True,19811.710454004653,,,,,,deltaRIC0.5,FGO-B
199,4225.444469590688,3531.918853774041,2319.4676492570443,13451.064431219733,0.38123330889394774,0.31229113457949054,0.21866202933587428,1.2399969443453616,7.049426452998887,4,True,19809.087667991542,,,,,,deltaRIC0.5,FGO-B
200,4226.074551576414,3532.0460374101326,2320.4217084610223,13454.030454611755,0.3812169660537086,0.3122566983221805,0.21868271436061235,1.2400844388679688,7.953451364001012,4,True,19809.115735504747,,,,,,deltaRIC0.5,FGO-B
1,13.757026078888767,11.495152990406938,7.557593814327688,38.59017208233167,0.014189840413442057,0.0018453233958734977,0.014069340870260958,0.4429115482642483,23.18723325100109,7,True,1.4030703747509807,-0.0013107477130196443,0.0011741010531373108,0.0023817918491884082,0.002961335047411,-2.8626642733215704,deltaRIC0.5,FGO-G
2,14.70784737695415,12.751056181389776,7.330166486705381,44.24482953785607,0.015426810536467925,0.001898235673632012,0.015309578199788149,0.4935377925256822,12.38485788700018,5,True,7.342032690377472,-0.0036148560810999597,0.0003112692985353105,-0.0004790293673760937,0.0036597188687226734,-17.836921102883935,deltaRIC0.5,FGO-G
3,14.891695096390661,12.289690263655068,8.409880859280205,48.67877362759463,0.015071351746373484,0.0020812060896813664,0.014926963009104973,0.47948472578557505,11.330059660000188,5,True,0.8350472947311965,-0.0036704667883116215,0.00020638428600439074,0.0004379757987419408,0.003702261973158006,-13.691612215210625,deltaRIC0.5,FGO-G
4,12.406232018705726,10.442263187361974,6.698785892072094,42.93195878954672,0.014975663384438793,0.001978629501146942,0.01484437668281197,0.47640964220732185,40.482554025000354,9,True,2.4543995435127868,-0.0026717048766572438,0.0005112738760393309,-1.501802297865229e-05,0.002720226730492987,-12.766293687411235,deltaRIC0.5,FGO-G
5,13.802682502516662,11.659517854847534,7.3871298660421,54.29633066580372,0.01784607049366762,0.002165490963003927,0.017714199980639896,0.5710014507179555,15.616564366000603,6,True,4.1397294752264955,-0.004764490141863531,-0.000280884520367064,0.0005028860952140946,0.004799182935714817,-41.62798767371714,deltaRIC0.5,FGO-G
6,15.66897434682798,14.271666889930373,6.468097190396754,48.39648062988101,0.01421330483389344,0.0020837668805671248,0.01405972794504325,0.44157191504048704,39.109129860000394,10,True,3.807159634651499,-0.0036385661165965755,0.0006955737543652418,1.2242563039999155e-06,0.003704455119367751,-2.5163050271657994,deltaRIC0.5,FGO-G
7,11.876577273170724,10.21695149077264,6.055327403270126,30.0205158418883,0.016677955307963833,0.0018581101986209043,0.01657412500689614,0.5378240412614966,44.59626993200072,10,True,7.590613646903889,-0.0008548232874346362,0.0008536189250210047,0.00033735136579560177,0.0012542703320651144,-31.006241082184715,deltaRIC0.5,FGO-G
8,15.336892182829555,12.85798444583367,8.360173312703377,49.250720465052055,0.015566911359472396,0.0019026482610433651,0.015450199314844431,0.5000366638574951,9.70307384699845,6,True,0.46838438772180874,0.0002699576529423542,0.001325858103783828,0.00012929452171583922,0.0013592254850086942,-19.605414706755255,deltaRIC0.5,FGO-G
9,13.089214473884724,10.959656861615985,7.156357804008054,40.79073437053609,0.01615904317748551,0.0018871611293615083,0.01604846719421104,0.5206889898727656,25.34806832399954,7,True,2.3983037319212324,-0.0007849593452894932,0.0009131744073471726,-0.0003034859409248858,0.0012418342837634308,-25.859279034171777,deltaRIC0.5,FGO-G
10,14.134645790020365,12.293034400926873,6.976354121385247,40.143985789572966,0.013010685820536693,0.001790606980122307,0.012886879845930583,0.3439431851517378,26.039686804000667,9,True,3.85611407054519,-0.000872963589207687,0.0016676098261578787,-0.00020773369615706416,0.0018937109729047232,26.08797777734435,deltaRIC0.5,FGO-G
11,15.53873372635571,14.620472951113195,5.262510475462438,36.937344013267676,0.014444961227401512,0.0018565682777975762,0.01432515476673843,0.45468146017720873,6.379195978999633,4,True,1.0900953972024328,-0.002052834195808151,0.0010302969717208565,0.0005444455119218983,0.0023605213409050897,-6.189766025905556,deltaRIC0.5,FGO-G
12,14.313780025118556,11.65953933272488,8.302977848707323,53.724987672204186,0.017455667622640815,0.0021725685480196784,0.01731993874285549,0.5598384164224652,55.41828110299866,19,True,3.5259625434914867,-0.004239887761326888,-0.0002508253158138296,0.0014533270976068158,0.004489066854073449,-38.02621228669159,deltaRIC0.5,FGO-G
13,13.827605427794541,12.197976396374433,6.512452971059767,39.537510279409915,0.013591729820414136,0.0019223046974858591,0.013455105505389345,0.40680520891083094,151.30190372699872,19,True,0.6239559948118695,-0.001982484584203581,0.0012144479199973635,0.0004904068715089194,0.0023760529827034443,7.3568367949919775,deltaRIC0.5,FGO-G
14,9.89637400806645,8.791379695930996,4.544211873307126,44.15097998195462,0.015572933395172276,0.0018070689974253678,0.01546773274171156,0.5002650425064383,20.881234148999283,6,True,1.2798374291441963,-0.0027988041124903384,0.0006752483124801145,0.0006124604203485706,0.002943530619866833,-19.923619604567648,deltaRIC0.5,FGO-G
15,12.47565388301179,11.826406628416962,3.972158867422414,34.53946657825326,0.015106886909572832,0.0017170674444628115,0.015008987690373692,0.4830314007859246,20.283492652999485,6,True,2.2477244091532103,-0.0023950139810081095,0.0007434891439646041,0.0005398387965299678,0.002565208374120211,-14.499831208238902,deltaRIC0.5,FGO-G
16,13.800772865716919,12.165406326834232,6.516457672242642,38.26458931058958,0.016830082307241777,0.001866309830688679,0.0167262834510362,0.5424143869840201,21.95104171499952,10,True,5.197842706691997,-0.0018240514150842935,0.0002782629981018525,0.0018637074361084194,0.002622593996101849,-32.48370374280057,deltaRIC0.5,FGO-G
17,12.312199409328594,10.938326931227769,5.651836713905375,38.425972364845656,0.015489706661988937,0.0017543262510992363,0.015390040671784093,0.49751939893308283,67.41017131099943,16,True,4.629887118159986,-0.002612045342928526,0.0005228368296047448,0.0018573264786881927,0.0032474298872095797,-18.911889044262352,deltaRIC0.5,FGO-G
18,17.584055859004362,15.555778275516957,8.19858418847671,60.42063084586081,0.01723427145096628,0.0025420139478584303,0.017045770077485044,0.5519235194953848,13.239568889999646,8,True,3.067448944765858,-0.0042080742044099395,0.00014287660824519044,-0.00030905192139635274,0.004221826065237976,-35.80871832838602,deltaRIC0.5,FGO-G
19,12.817948889179515,10.689536844701005,7.073444406468329,39.88596475742146,0.015181375499392243,0.0016392125768270416,0.015092618864250139,0.4860732113222711,12.647515938999277,5,True,0.9822799783629637,-0.0017691831951324177,0.0005912876137453837,0.0010161035123527062,0.002124169618444621,-15.496180090834969,deltaRIC0.5,FGO-G
20,11.962383110339946,10.935911382933552,4.848139014423033,38.25485332038502,0.015214984517944374,0.0017873821457281992,0.015109633316080806,0.4866529693857691,78.65163658799975,34,True,1.1785516459859484,-0.0026215445566623585,0.000692219848602238,7.684600712343226e-05,0.0027124840073585246,-15.703607840900077,deltaRIC0.5,FGO-G
21,11.47487505696625,10.252549819311607,5.15344348717629,35.51074695159499,0.015838642176067494,0.0016202347386866925,0.015755552207810962,0.5103121543855504,37.895072456998605,13,True,2.97704918083172,-0.0024476899528034224,0.0006704631073556344,0.0007074308442157617,0.002634609132817925,-22.776274496565748,deltaRIC0.5,FGO-G
22,10.489520903234023,9.772851400122772,3.81069866172883,32.85298964281351,0.015301703461723347,0.0017248974707311337,0.01520417237293703,0.4909165341317774,21.855254912999953,6,True,6.144597875958663,-0.0015678911089151426,0.0008493190653368066,0.0014150169769311383,0.0022763783624791113,-17.087663904931105,deltaRIC0.5,FGO-G
23,16.14246059775178,14.445373641371305,7.204874357762514,40.09694753539625,0.013899437384817095,0.0017805731557856632,0.013784916352714895,0.42758134319126756,18.394990931001303,7,True,4.8922732107373035,-0.0014519168114640602,0.0011436171162060305,0.0008981888826483653,0.0020549126027168355,1.3360538683555205,deltaRIC0.5,FGO-G
24,13.33013305356206,11.10650461892526,7.371431501103405,46.83127608531557,0.016826827696949303,0.0018417841913405811,0.01672572752783412,0.5417776131401061,20.927285271000073,6,True,5.413519117718334,-0.0039555120247729,0.0003122890655270494,0.00015326293345274689,0.003970779440530701,-32.400995049159974,deltaRIC0.5,FGO-G
25,9.260170052317909,7.223774154558946,5.793775656838262,37.95258188243675,0.015071784762966476,0.0016917751787782743,0.014976534735567442,0.48164965809266713,44.41264091099947,11,True,3.081299787140699,-0.0021654680888045785,0.000739943016170419,0.000755684872727258,0.0024099434303898387,-14.346954076398106,deltaRIC0.5,FGO-G
26,10.542310294307294,9.897796239037413,3.629591705957344,38.65870290478456,0.014946934055184876,0.0017166828341821062,0.014848024706905287,0.476701485156901,24.52743877699868,9,True,1.2873064238319447,-0.002831127439135328,0.0009094849605791877,0.0012255304387752686,0.0032162665198191193,-12.804839992779307,deltaRIC0.5,FGO-G
27,13.744854342081569,12.179452747399596,6.370396507196311,44.85653316238384,0.017564996668171278,0.002182470127963347,0.017428882124032385,0.5630472080528329,17.689250109000568,7,True,4.00998573588148,-0.004324826264367976,-4.5112349328690904e-05,0.00015145724973175678,0.004327712633658261,-39.07401684480283,deltaRIC0.5,FGO-G
28,12.4010687229992,10.237850322637795,6.998065893074615,44.80013463661427,0.015950724929396632,0.0019828499389436065,0.0158270000913915,0.5126406796269369,38.16484569699969,10,True,3.7704917755934386,-0.003335843330408761,0.0001101495978034217,0.0008300968550014609,0.003439337792019299,-23.524906832622946,deltaRIC0.5,FGO-G
29,11.984778024683404,11.311189323798708,3.9613003398021154,41.36258091448895,0.01741444014734987,0.0019841933054656584,0.017301031835476644,0.5597873072880899,22.616138353998394,6,True,7.702818290473674,-0.0022381370670973566,0.00042090256587534736,0.0007468164372893549,0.00239669591147504,-37.91592707191012,deltaRIC0.5,FGO-G
30,15.907910038555565,14.533769061167744,6.467701189094947,44.08780730332951,0.017733529517396398,0.002204634573700664,0.01759595565863966,0.5684863443515582,21.005882505000045,6,True,4.359945604492982,-0.0015872877771493377,0.0007979590684371596,2.9037260149245014e-05,0.0017768129684538438,-40.73968512801366,deltaRIC0.5,FGO-G
31,14.194945986367873,12.548074464881395,6.636438712117586,40.47105472129635,0.014618584976177402,0.0019303624780603898,0.014490573743265525,0.46213055947416015,21.70056915299938,8,True,9.490783650598988,-0.000968207868652371,0.0009489846981793892,0.00010288703491534434,0.001359626484095049,-8.536197956571414,deltaRIC0.5,FGO-G
32,15.129262334740512,12.998053217231558,7.742428001306451,41.43784009800526,0.014827925030671804,0.0019619752353555306,0.01469755128894181,0.4708576830438967,35.74388113900022,8,True,3.5894710299951944,-0.0018641140469042305,0.0004397057553783279,0.0020328634010944313,0.0027929905010020553,-11.15355688148702,deltaRIC0.5,FGO-G
33,12.498761950106475,10.836765621842478,6.227644911415748,48.84540081396497,0.017124747057537457,0.0020015167253214423,0.01700737759276533,0.5503404457472572,13.162077566001244,8,True,1.4075967917789218,-0.003749615595669331,-5.309309237760962e-05,0.00032973867392949163,0.0037644605967959966,-35.0048707495298,deltaRIC0.5,FGO-G
34,14.521258103476201,11.720444010806249,8.573104985787188,47.02143949593918,0.014727427040808636,0.0018476846004477061,0.014611063235083538,0.4673874001977714,49.086912145001406,11,True,2.3896360478005856,-0.0001397163534124779,0.0011917804713000857,0.0011677856648635299,0.0016743908475155649,-9.971044019133842,deltaRIC0.5,FGO-G
35,15.212834688544092,14.019458629412124,5.906362586158449,35.21413404822014,0.017346935105843952,0.0019356134928731551,0.017238606613429307,0.5578315631033549,21.341097320999324,8,True,4.644296114348131,-0.002465303100004479,0.0006125279759182645,0.0006394272884834296,0.0026194994089389465,-37.10525075095211,deltaRIC0.5,FGO-G
36,19.096533614578835,17.608422344816876,7.390606106355094,52.677084615376096,0.017660902305425972,0.002412574139628987,0.017495340987319846,0.5657266627323095,18.149601228000392,7,True,7.046858613841536,-0.004420877555975089,-0.00015745877755773963,0.0037506770707834702,0.005799700864773555,-39.89783557365445,deltaRIC0.5,FGO-G
37,13.315760017089705,11.990597216434455,5.790944933770228,44.64594319415791,0.016950774884150414,0.0019806857732898643,0.0168346563089548,0.5456921585909488,21.584001962999537,6,True,1.6128932407758234,-0.003497048283161941,0.00039497399851184944,0.0021887038402218506,0.004144366737448339,-33.651978659014276,deltaRIC0.5,FGO-G
38,15.304626854854014,12.795538415131531,8.396773179812106,41.108585251539736,0.015386822461936652,0.0020348860554398086,0.01525167348904817,0.49186699785048266,15.567125775000022,6,True,2.7439910942471957,-0.0027879695913357594,0.00031067387375949274,-0.00011393694758954354,0.0028075388378570355,-17.309455322712893,deltaRIC0.5,FGO-G
39,11.746370987697928,10.07599997164572,6.037504116108494,38.78215401635011,0.014499417393803624,0.0017294764446779815,0.014395902749985466,0.45803318550399236,17.68422337499942,10,True,2.452171727670086,-0.0005635727875402674,0.0012676467743363284,0.0010203643943249574,0.001722116758105368,-7.395065152755706,deltaRIC0.5,FGO-G
40,11.874591569636763,10.718554014452433,5.110628609569874,35.398849935776745,0.014732750311666515,0.0016787332611271429,0.014636795632374432,0.4682893889291064,20.597262283999953,6,True,4.182634567219173,-0.0013372118478800488,0.0008976238100246725,0.001457532259391825,0.002172156605220218,-10.240832830975705,deltaRIC0.5,FGO-G
41,9.8146955864921,8.666627919564291,4.6062794052615,40.183273749370926,0.014397679680540685,0.001621523148471935,0.01430607713045137,0.45317724371434703,21.590376853000635,7,True,4.4586705370331705,-0.0022018598496975073,0.0010305039874264343,0.00021048847287863381,0.0024401702118963934,-6.116598502048873,deltaRIC0.5,FGO-G
42,12.575960901427804,10.700455828999146,6.607195898857475,43.85603921663714,0.015273826852787374,0.0019586295695411433,0.015147724480536596,0.48812132230216976,25.94079240099927,7,True,3.005601393656921,-0.003421418964445866,0.00042466113467309885,0.001234238128912435,0.0036619378160248615,-16.34716641567502,deltaRIC0.5,FGO-G
43,11.027713122836756,9.80526833625034,5.046500725622906,42.09953264395715,0.015593615282291817,0.001694777909790549,0.015501243995518903,0.5010778923412396,17.500556709999728,5,True,4.236517230507555,-0.0032040278056884586,0.00033852003752365967,0.0013098275690669459,0.003477935918920538,-20.07907857070677,deltaRIC0.5,FGO-G
44,10.992619181875538,9.2597513140492,5.9240764748357275,40.748754455701395,0.014701058699882688,0.001694659518746207,0.01460305639285555,0.4667504597304572,429.35121142800017,84,True,7.037593319530404,-0.0019026740352540705,0.0008137209187604189,0.0014631796441498812,0.002534404247375087,-9.900488174243947,deltaRIC0.5,FGO-G
45,12.455231261723794,11.561721469750188,4.632427272924993,31.818916425673407,0.013395412380285845,0.0016235395446504376,0.013296660941186384,0.39668314541317223,15.86036853800033,6,True,5.628782275766993,-0.0009778281986391746,0.0015712730630710325,0.0019495600230780008,0.002688090643629871,10.4208211046207,deltaRIC0.5,FGO-G
46,14.75810721571667,12.620583260136454,7.650006978072112,46.526306230532526,0.014797080169643284,0.0018340735505718475,0.014682975030896953,0.4694796713116702,36.311301981000724,11,True,1.20144133658143,-0.002042360888595718,0.0007446341590311434,-0.000556288733709609,0.0022439196031305906,-10.796976831741631,deltaRIC0.5,FGO-G
47,10.901641254551127,9.38834203367731,5.54119264252912,34.42829191433356,0.014541238247373656,0.0015818411284983355,0.014454943390102696,0.46048471140017627,28.56099855100001,10,True,8.7189593483309,-0.0007171666669326671,0.001260023695482837,0.0010939244926065905,0.0018162209493511859,-8.02208527449693,deltaRIC0.5,FGO-G
48,16.222368021048677,13.17783420430841,9.460967703892768,55.032089410705126,0.013512525285350152,0.0019304541517123368,0.013373918137754686,0.40187790687903424,17.410131587999786,10,True,7.428454071567938,-5.981326030390921e-05,0.0013037081346548574,0.0008981026647976176,0.0015842414345641931,9.034642218932277,deltaRIC0.5,FGO-G
49,11.549134744232205,10.309864700225774,5.204728926992263,30.95679554016564,0.017347692050639008,0.001825627685255062,0.01725136235311965,0.5581873796442941,26.859403806000046,7,True,1.2510839545554393,-0.0018126109063466012,0.00047686465078966567,0.0006933476330199806,0.001998421660509565,-37.29513603256055,deltaRIC0.5,FGO-G
50,13.007356968216016,10.968536156578855,6.991605672549053,40.92068309623922,0.014738801904905431,0.001734223828074423,0.014636418595619042,0.46845084790446606,33.74197927000023,7,True,6.2127873095091015,3.623790470430599e-05,0.0014164420586656457,0.0001454056098216805,0.0014243468968836016,-10.445077695105283,deltaRIC0.5,FGO-G
51,12.25707706245749,11.214982422095359,4.945716064142138,29.42008825357776,0.01565824004812785,0.0018440980056157765,0.015549269563245684,0.5039861178657944,35.31536332900032,9,True,1.747199252530262,-0.0007645948589266593,0.0013269369821644617,0.00100361812797356,0.0018310151282089288,-20.88393617141992,deltaRIC0.5,FGO-G
52,12.346952173451834,10.170282653248238,7.000898422812958,40.51019656105241,0.014562343975230402,0.001611720445687218,0.01447287874812344,0.46128404258485267,22.410154421000698,8,True,7.73869349173273,-0.0005739127252715748,0.0011227365452947113,0.0016470132518424663,0.0020742627167535084,-8.251591805295902,deltaRIC0.5,FGO-G
53,13.207408188528998,10.90350234396835,7.453138110453847,45.71071419081467,0.013843098459984732,0.001841469984761931,0.013720071547483,0.4223671447412069,20.871579890999783,5,True,2.328674240207953,-0.003218601002979493,0.0006573379413361558,0.0007804486862671434,0.0033764753423350755,2.980618589943333,deltaRIC0.5,FGO-G
54,15.031865432306471,12.297454997329929,8.644627173199279,43.258469320137905,0.015989620902302732,0.001979103267017007,0.015866667162887076,0.5140857832776593,26.06521480400079,8,True,5.315143386907196,-0.002572240089026956,6.631155650116405e-05,0.000586011453421631,0.002638981947961058,-23.991886006406276,deltaRIC0.5,FGO-G
55,12.26598564331861,10.536218883434758,6.280326061794173,37.004475267555875,0.014784292520934168,0.0016078999132333003,0.014696596994324039,0.4702140260586786,19.53978681099943,10,True,5.722548145243595,-0.0017141208475133785,0.0009333023820995434,0.00038432568897261987,0.001989213375059836,-10.907527669805859,deltaRIC0.5,FGO-G
56,13.349254952105783,11.782727794533903,6.274546477335155,40.36543138096839,0.015021515090282832,0.0019236376495184128,0.01489783654766524,0.479114516119587,34.57987304800008,8,True,7.665554922643094,-0.0019223206541696958,0.0005761098002479148,0.0014904825263252208,0.002499751459779534,-13.685957459725614,deltaRIC0.5,FGO-G
57,11.440018097858262,10.671280438010058,4.1228373594732615,47.34624186158654,0.016272542507358562,0.0019505032711841458,0.016155221343048542,0.5241325007493863,26.404743668001174,7,True,3.208678949600058,-0.003964051705874161,0.00034540448180520045,0.0019327427553210708,0.004423630267228609,-27.02377463951416,deltaRIC0.5,FGO-G
58,14.03297206448445,11.994247458881537,7.28438966954094,41.48525560192445,0.014745681328499776,0.0017576354928971064,0.01464055447432833,0.46821380757364084,10.046329315999174,5,True,4.155901881272979,-0.001767761447680094,0.0008767302450480852,0.0012906873973601574,0.0023578614073330164,-10.50599606421747,deltaRIC0.5,FGO-G
59,9.5495513530445,7.955658077927412,5.28218095028392,34.19619348918632,0.01646023364881419,0.001671864671940769,0.016375107947499804,0.53120547610584,70.30855328099824,24,True,3.314935677530614,-0.0020226866829575196,0.0006981674155208673,0.0010093036417440082,0.002365881019566812,-29.10503654119384,deltaRIC0.5,FGO-G
60,19.92162029548335,18.738978497852774,6.761777876744073,48.06214967553046,0.013079800066111777,0.002213733400347638,0.01289110368438804,0.3541621913005224,99.6645197329999,20,True,1.2856780049624692,-0.0005856432993799343,0.0017018634517939057,0.002653510713995777,0.0032063119611090343,37.25658597121219,deltaRIC0.5,FGO-G
61,10.813985507764063,9.315962589465924,5.4913680985527185,38.37493436077655,0.013954902565901255,0.001693011203746017,0.013851823659279955,0.4308895790891093,13.611684295001396,6,True,1.660723870415984,-0.0024336048823116463,0.0009457133675938589,0.0014590724717880033,0.0029909361368618947,0.5447657230542973,deltaRIC0.5,FGO-G
62,14.520128165304843,11.768797248499546,8.504677140291017,46.073905453301165,0.014529370671384654,0.0018574177399355049,0.014410156537868191,0.4581422283120101,18.40909351099981,7,True,5.815415663011905,-0.0008147868005871639,0.0009395194684457264,-0.0005032850922818688,0.0013415924292096973,-7.458667074970435,deltaRIC0.5,FGO-G
63,19.813559357273835,17.18472025963473,9.86217643333931,51.16674686504372,0.013911202937639916,0.0022810467894924997,0.013722914876816348,0.4243812727212169,61.52301696599898,13,True,1.7310195821248882,-0.0013670724356910635,0.0008088103509749089,0.0003041852717607929,0.0016172785498567153,2.5882070394218317,deltaRIC0.5,FGO-G
64,12.891445701448498,12.158679073627177,4.284378071311583,39.18537069316898,0.015481525602587592,0.0017830927702741687,0.015378498468841852,0.49716275383018776,35.3163907019989,12,True,0.7337402511040664,-0.00312379808072788,0.0007539393128409566,0.0021587848563942025,0.00387129061073994,-19.003580644268368,deltaRIC0.5,FGO-G
65,9.328728432075827,8.03029858640173,4.747576094456442,39.46086935260277,0.01476715215209673,0.0016111645597267686,0.014678996268296263,0.4696061870567665,7.899344127999939,5,True,5.472704024365515,-0.001837793340554117,0.0009367629895936647,0.0005025788025195821,0.0021231096801624587,-10.843370976166625,deltaRIC0.5,FGO-G
66,14.587540672621945,11.482026304227206,8.997744985519095,51.18051964099565,0.014375278149686503,0.0018549680320825493,0.014255094369410748,0.45117005754686096,128.31425151099938,34,True,5.906934563745018,-0.0010052783057448722,0.0009907685550258893,0.001605126465780371,0.0021374371973880203,-5.4502650459398865,deltaRIC0.5,FGO-G
67,10.845727574522751,9.531118732368611,5.175672162169402,31.47973633553827,0.01644695388209732,0.001659882540069293,0.0163629790060676,0.530796042931265,18.376247801999853,7,True,4.101541589104798,-0.0020294417055772285,0.0006255139503473783,0.0011526520873715862,0.0024163005137890995,-28.884072251137695,deltaRIC0.5,FGO-G
68,11.379026165634667,10.343664357271297,4.742451279909348,42.99415582958851,0.015880919409788478,0.0018405280144627738,0.015773904333682708,0.5111995257035467,25.09606180100127,7,True,7.478704332409794,-0.0030855819728962675,0.0003486339400549099,0.001954005903642364,0.003668855517336414,-23.115174780832604,deltaRIC0.5,FGO-G
69,13.704918193372603,12.368128581565202,5.903742717709271,37.44318873943007,0.015184116651697058,0.0017181058065279444,0.01508660037682177,0.4859305447205248,41.75619929599998,18,True,7.445278593542232,-0.0012752484311634449,0.0006744214054178466,-0.0006936189641156276,0.0016006904949587997,-15.494672059678123,deltaRIC0.5,FGO-G
70,14.371045208827308,13.16912306072847,5.753358862920683,40.72199289052081,0.015355873702853356,0.0019330941586844061,0.015233712750069942,0.49191717244903815,21.199283972000558,6,True,4.506506424991219,-0.002911201602350033,0.0004917928151221274,0.002383424796121414,0.003794426004193197,-17.325993205347913,deltaRIC0.5,FGO-G
71,13.76833439393706,12.566779574498618,5.62521849435509,38.1092158795522,0.016406892206937595,0.0018179055504414677,0.01630586800203361,0.5287766811165805,45.27047786299954,21,True,4.290212378334903,-0.0031502146875442283,0.00024387586697371955,0.00159985251457484,0.003541589485598663,-28.256606694601942,deltaRIC0.5,FGO-G
72,10.855218486584542,10.382906649742308,3.167178222680838,33.56916619004843,0.015548425643306047,0.0015979445342905313,0.015466095604603903,0.5001790886618533,15.937023133999901,6,True,10.96536715022426,-0.002113582160091887,0.0008529259326521821,0.0007106138003231122,0.002387401132457413,-19.680766691184544,deltaRIC0.5,FGO-G
73,14.716338047319052,14.088387420590784,4.252992524130477,35.87174773979627,0.013493887251542465,0.0018887123388188836,0.013361053807934972,0.40009056307271734,25.33192106000024,5,True,1.7483448778893167,-0.00234588448906764,0.0010708249901986155,0.000699011740271871,0.0026717892148745413,9.642915321775945,deltaRIC0.5,FGO-G
74,16.214868999309058,13.773227879816156,8.556878545089257,45.71874445540484,0.015469563157309551,0.0019167570181901257,0.015350355918062877,0.49670036572013526,98.46662173199911,15,True,1.4419782688093243,-0.0009619176470673785,0.0009286463366612319,0.001945407164662294,0.002360567434887924,-18.759468390220718,deltaRIC0.5,FGO-G
75,12.143233417913443,10.539791556771025,6.0308301071865715,31.84794902958392,0.013160529629665099,0.0015458628670153294,0.013069424169781779,0.37595760909584075,26.10624096200081,6,True,5.3881399940596735,-2.9071082656484393e-05,0.001998736465753659,0.0006727338291647733,0.002109114362068341,16.525282045578933,deltaRIC0.5,FGO-G
76,12.464857223921507,10.651813007643366,6.47391267032139,37.49935871516833,0.014617795648373065,0.0018556075266986341,0.014499540348730158,0.4622067142202693,18.299552390000827,7,True,5.273849907048015,-0.0015105969519390028,0.000878752013805717,0.00024185213094018998,0.0017642564173654916,-8.746398610928736,deltaRIC0.5,FGO-G
77,12.221898486506795,11.048301652823815,5.225881093431771,49.09970555642488,0.015660301806969076,0.0017506837603067746,0.015562138640198432,0.5036387108691506,25.492505084001095,7,True,2.84066261731377,-0.002913456840973494,0.0005212882457067414,0.0010807346568511011,0.003150866483659111,-20.959264154560515,deltaRIC0.5,FGO-G
78,10.791871689999544,9.418169763655955,5.269020105899232,39.972590219703875,0.014552804469667975,0.0017464721187977006,0.014447627939238003,0.45985841862666177,25.892066401000193,9,True,8.92892788335336,-0.0019483642625399145,0.0008540767526928894,0.0010865179159559313,0.0023887426777964922,-8.033714257086103,deltaRIC0.5,FGO-G
79,9.961483976548855,9.046416691792183,4.170552487801029,39.754048213560104,0.01411692638279207,0.001705413177675968,0.01401353547077182,0.4394084579803987,28.27691277899976,6,True,4.899977245808259,-0.002946184732560697,0.001004843384702525,0.0015020530236204976,0.0034562809480598727,-1.9527870627716766,deltaRIC0.5,FGO-G
80,12.412678751665403,11.087196222252068,5.581099687456342,42.09140875145267,0.016392275234718204,0.0017124985604455225,0.01630257758917981,0.5287874096336469,58.69143147400064,14,True,8.755794521244894,-0.0027160005314330604,0.0006380544787720765,0.0008375628810857183,0.002912951078270691,-28.325693725746532,deltaRIC0.5,FGO-G
81,10.689304613851693,9.864544846419845,4.117279210921065,40.51669190801904,0.016829098189906258,0.0018399046813887038,0.016728218573682913,0.5420839376599312,174.35531756300043,47,True,2.8893738336237123,-0.0031274543483869044,0.0004430598681626208,-0.00012667063042287596,0.0031612209977526346,-32.522745458023564,deltaRIC0.5,FGO-G
82,18.237278246841775,17.418054901854475,5.404598161631588,40.82284592664625,0.01594668359662638,0.0021434845399931866,0.015801967971038385,0.5125366375208299,205.79292063399953,53,True,6.163925392922688,-0.003255222525970547,0.0004589285382623487,0.0012150072739063322,0.0035047584470920363,-23.19691684537247,deltaRIC0.5,FGO-G
83,15.284367403559202,14.376511889120536,5.189199632791068,36.82629133283657,0.016732124789643487,0.0020275265615875082,0.016608827051247756,0.5387057210093278,22.30767971500063,9,True,3.1650009321689474,-0.0019530818882377843,0.0006503415946137459,-0.0011936192900670606,0.0023795377831560926,-31.26682571056881,deltaRIC0.5,FGO-G
84,7.920047271024612,7.186560136170971,3.3287388279140586,37.534727862747836,0.01518648414275504,0.0015245596635032116,0.0151097656649787,0.48688428848325294,24.661101570998653,7,True,8.319747662856326,-0.0022258854059360456,0.0010359809689690636,0.0009127325025491961,0.0026193325542272924,-15.894853510784742,deltaRIC0.5,FGO-G
85,15.488619120149897,14.205333588181864,6.172991162924594,38.57240789936101,0.01534983901589431,0.002061722929448585,0.015210748054453379,0.49087512861339466,18.309859232000235,7,True,3.198542045661536,-0.002279583885919978,0.001050677797234667,-0.0017501183235789641,0.0030599576260260147,-17.155310315771203,deltaRIC0.5,FGO-G
86,12.071649124940022,10.913600267917694,5.159267563111263,39.10631476761484,0.015268873249672825,0.0016607416212999302,0.015178288031983594,0.48914622138559416,20.887584778998644,6,True,8.883622623156148,-0.0033144546940742647,0.00040245410659667247,0.0012030685214590164,0.0035489368963554477,-16.477674444533477,deltaRIC0.5,FGO-G
87,13.617076338976783,11.319241421804113,7.56964607207202,38.22771031521653,0.013500422039967349,0.0017977754091091905,0.013380186801223607,0.4012053107456467,26.151640265001333,8,True,4.040934586662325,-0.0015237950397208322,0.0011037249767066326,-5.961508121155035e-06,0.0018815407747011352,9.266730565468606,deltaRIC0.5,FGO-G
88,14.17099283947442,12.915621141813737,5.831275038751759,46.67088585293583,0.014313140090033705,0.0018814758294798878,0.014188940338870023,0.44784400509159517,9.503676129999803,6,True,3.3279391364224518,-0.0026546212048939033,0.0009926357471390368,-0.00021420713789516155,0.002842221695416434,-4.40119449258782,deltaRIC0.5,FGO-G
89,12.264508340799377,10.58264211796803,6.198858817923397,38.114110824982106,0.01483918622025108,0.0017287878429219736,0.014738138969132257,0.4720838493097266,17.579391133998797,5,True,5.18496653852118,-0.0019563151156681835,0.0005637790912486063,0.0005220315183219748,0.002101792711387702,-11.542602892208379,deltaRIC0.5,FGO-G
90,9.939553999023698,8.698529711997777,4.809398564165775,34.90170245726014,0.014933049116184774,0.0016350141115246337,0.014843270689490984,0.47603631248904027,9.71364671000083,6,True,1.2436346035897337,-0.0022944456962858406,0.0007899110864424408,8.246078389517741e-05,0.0024280116059380566,-12.581900831472012,deltaRIC0.5,FGO-G
91,12.03038843719399,11.536137215341716,3.4128850110395903,41.92989631988685,0.01638311888557155,0.001882335297042767,0.016274624365811896,0.5282489010902122,9.962907583001652,4,True,2.4854840196972945,-0.0030560527244685165,0.0008828005556252849,0.001871144017635551,0.003690525031818246,-28.2763576567595,deltaRIC0.5,FGO-G
92,11.427864319386634,10.061428875283303,5.418831229142082,44.00296664477883,0.013847955609945303,0.001748508988283625,0.013737124549661292,0.42400441896474744,20.91810667000027,8,True,2.455203969356903,-0.002771955298986495,0.000917979761886345,0.00090123635133732,0.0030559204806054796,2.397839066281449,deltaRIC0.5,FGO-G
93,17.053262037072475,15.99951529456324,5.901631676417478,35.239148665833845,0.014139962117460764,0.0019794676726129037,0.014000722710499836,0.43981946010152606,38.519043174001126,10,True,4.4397723821508075,-0.0012726896513189367,0.001001377303119222,0.0027496742984189915,0.003191113316565649,-2.0462600056489464,deltaRIC0.5,FGO-G
94,14.367666741883623,12.884468983176175,6.357696644807761,40.257323395074025,0.013700005205434138,0.0018652892679107812,0.01357242935424382,0.4156634334609851,16.62122373800048,8,True,9.244785936865908,-0.0005515833833292239,0.0012510460130724654,0.0012846347687306414,0.0018760721853439044,4.822334558950388,deltaRIC0.5,FGO-G
95,11.207686553925972,8.947714024562913,6.749122285578565,39.39219959389942,0.015076042669198469,0.0017280393996651022,0.014976679952402603,0.4821400363033307,28.63314934799928,8,True,1.2703907949511377,-0.0009803213025569302,0.0011039712322012951,0.0008737775374636492,0.001715595967222761,-14.42657368871005,deltaRIC0.5,FGO-G
96,16.22763924746836,14.118224658563932,8.00075046706825,41.22512313946823,0.013958991788966365,0.002045540447284994,0.013808302431615243,0.4289509224577822,20.963155555000412,6,True,4.610871862219793,-0.0012096408225698019,0.0009071471138873966,-0.0006580188703440015,0.0016489801816851456,1.15807562815462,deltaRIC0.5,FGO-G
97,11.247417865347503,10.152459589428831,4.840658315017988,42.94147928155886,0.01652708024012174,0.001882574520791412,0.0164195095674959,0.5325756001229872,32.76633737700104,10,True,6.255482877432435,-0.002353284493636587,0.0004601009600962991,0.0002691478990368701,0.0024128989603851847,-29.495595705440792,deltaRIC0.5,FGO-G
98,17.29389413915968,15.222861053570089,8.206294891128422,51.764392498479985,0.015158097414654024,0.002200205769256153,0.014997566862830547,0.48301299948807214,15.09485480299918,6,True,1.0458260278758051,-0.0031447607228429764,0.00021619635171665763,0.0030056088241233736,0.004355450065157419,-14.727616492367815,deltaRIC0.5,FGO-G
99,10.011354615501661,9.212971552747291,3.917700397630681,38.99710279053813,0.01566474085827975,0.0016395056848992568,0.015578707496652022,0.5040079645659798,71.64567683799942,17,True,6.6995211987218415,-0.002364290788205936,0.0005397671350189093,0.0006709245834496391,0.0025162192448034094,-20.855519813107094,deltaRIC0.5,FGO-G
100,11.480934007081535,10.557958114196296,4.510140367420711,39.07188723432161,0.014213483015910173,0.001655444841573658,0.014116748981974358,0.443823316792006,18.929544551998333,9,True,1.2296720353083814,-0.002537862014185377,0.0008955028916897145,0.0003537184131742199,0.002714366546339714,-3.1902176166768186,deltaRIC0.5,FGO-G
101,12.436433273118375,10.804165663090087,6.159129555483545,41.14737309480822,0.014790657333560534,0.0017983422906457539,0.014680923314440512,0.4702554215975208,21.884663684999396,7,True,4.780225614888821,-0.0018676880052282963,0.0009052618689736613,0.0015418918139178395,0.0025855730316736722,-10.914745358357322,deltaRIC0.5,FGO-G
102,9.479010141196076,7.8927541204167095,5.249387169141093,34.64047563647193,0.013809176048151805,0.0015716314339376126,0.013719450344846498,0.42330049832289446,37.64538176000133,10,True,4.876820955508572,-0.0015586984638609191,0.0011119026436067214,0.0009588602469873253,0.0021413270099063806,2.6869157437831745,deltaRIC0.5,FGO-G
103,11.575718167683107,9.699378727845765,6.318172472435509,36.069206439917195,0.013819459874923452,0.0017386633196911467,0.013709650655482795,0.4225738754251752,12.483967079999275,5,True,3.7525843999151736,-0.0021696242808835753,0.0009562170334930231,0.0007822049364494266,0.0024966908294676016,2.9325517189718084,deltaRIC0.5,FGO-G
104,14.391801255537349,12.598430815089264,6.95726126980263,39.009064882288065,0.016473147765538196,0.0019255676207143321,0.016360219639213667,0.5310212138468974,24.898916161999296,7,True,5.0357358705706785,-0.00114996300467185,0.0009095266184916406,0.00010589751388800916,0.0014699890697914759,-29.049116037153,deltaRIC0.5,FGO-G
105,16.594246370083184,14.287006644436664,8.440998384838226,48.86552261751924,0.019519532412551093,0.0022863091149702345,0.019385173103055767,0.6156780164398366,17.396280160999595,5,True,7.700633134447612,-0.003005035403998324,6.904022811926591e-05,0.0017589595203036934,0.003482663194517829,-56.38758181614685,deltaRIC0.5,FGO-G
106,12.281610003566826,10.789266542571799,5.8676802701794735,44.090443894372996,0.015423338345439927,0.00197212678477146,0.01529673434634676,0.49391931600618805,14.762955162999788,7,True,0.887448117713866,-0.003810649007155942,0.00037542462720052683,0.0015352482064137085,0.0041254062299055745,-17.922015139418363,deltaRIC0.5,FGO-G
107,13.315341882336174,12.436121604390213,4.758277932646947,43.75533036223422,0.014397499035537192,0.0019302745499188533,0.014267516204309353,0.4521535304559924,37.260830350000106,11,True,2.383838193280534,-0.003068672772749026,0.0007047986169322895,0.00229494761653537,0.003896187654526183,-5.723658063085168,deltaRIC0.5,FGO-G
108,13.593918843811279,12.535168439870434,5.259675058043383,45.70347785022289,0.015603893068174966,0.0019445811488953784,0.01548225058053252,0.5007882557225878,12.46138640099889,5,True,1.417680336366623,-0.0031570556517496184,0.00030625288629371195,0.0009148187516409001,0.0033011641229968034,-20.086403962901386,deltaRIC0.5,FGO-G
109,17.635994059008357,14.86634963307589,9.487883591008188,60.94171469058911,0.014152690661863511,0.0021546695780433516,0.013987710748362402,0.4363386824586145,48.84238994400039,16,True,8.68236972617889,-0.004210949934318753,0.00042152305434872694,-0.0003898897609803109,0.004249917065120668,-1.0620197181560798,deltaRIC0.5,FGO-G
110,11.516217980429763,10.07171420483899,5.58425013308128,41.88702289743208,0.014539669327007572,0.00192535856495208,0.014411626505536788,0.45825962464958975,20.721987082999476,6,True,1.895259511923616,-0.0026852921595332258,0.0007601031559011373,0.0015295470189418126,0.0031824620771998633,-7.544432472685003,deltaRIC0.5,FGO-G
111,13.902402631962458,12.28417646570404,6.509670306600761,36.68541021866789,0.014105956579643728,0.0017422424098977104,0.013997949936042349,0.4390588443349934,15.268015150000792,6,True,5.604015382262625,-0.001905246856427345,0.0010569420857440281,0.0018314471070729477,0.0028462766314167505,-1.8444660859750002,deltaRIC0.5,FGO-G
112,11.044136524056816,9.859339317804224,4.976583142921005,33.189594845690415,0.013744588420973694,0.0016252405797021181,0.013648161191898845,0.4196709125818079,17.463819447999413,6,True,2.1486945887304607,-0.000727635200386878,0.0015717341524128514,0.0006830485651735385,0.0018618153971563954,3.839752189007413,deltaRIC0.5,FGO-G
113,11.214760113564392,9.995240278936421,5.085864348478217,35.5301787225854,0.015404047990531154,0.0017829603531895495,0.015300514595056635,0.4946371388191997,49.20208107200051,11,True,0.6599311400147215,-0.0016088020575409367,0.0008954602696233938,0.001279805749124674,0.0022423193149760184,-18.1357155889782,deltaRIC0.5,FGO-G
114,11.636264684202034,10.921151730979046,4.016354151433959,38.503712372724465,0.014377642406890809,0.0016991527932558132,0.014276886248954844,0.45251724335184246,30.63195706099941,16,True,1.309008152792119,-0.001441488517622047,0.0014236369262322635,0.00018648190092873662,0.00203455320489346,-5.729036671858921,deltaRIC0.5,FGO-G
115,10.27262472253924,8.574410553393003,5.657411276545759,44.908135524723996,0.016408812816439165,0.0018302907613439246,0.016306415111049924,0.5286804944253608,100.02858804900097,16,True,3.7150274397646434,-0.003285760518581926,0.00017818997423757477,0.0008363158618407418,0.0033952022138831403,-28.36679615369212,deltaRIC0.5,FGO-G
116,17.056541930324443,14.538601748646194,8.919343126888755,51.68329623690253,0.014172723915071427,0.001821074596174196,0.014055240676986165,0.4424641368018394,23.65647132599952,5,True,3.160134136805053,0.00045169742460204887,0.0013373805928017513,0.0018347668993793365,0.002314948593047576,-2.72468135827512,deltaRIC0.5,FGO-G
117,12.481668306884412,10.770970192920128,6.306999669122315,35.37654518656902,0.01552393086808642,0.0017546813361736216,0.015424445630414415,0.49898517875590526,12.850268710999444,5,True,2.6035474838966826,-0.0012713211195510277,0.000749163986253798,0.0016384725973894732,0.0022050162175622124,-19.45854535912804,deltaRIC0.5,FGO-G
118,13.500143824034502,12.611562905772677,4.816883260299715,39.95277962098322,0.01729462333498338,0.0020449827710055154,0.017173294435408784,0.5560112052058215,13.721353358998385,4,True,3.6274764420159387,-0.0018347501113418763,0.0005674986414667682,-0.0001358838696575715,0.001925312209790602,-36.87797276795027,deltaRIC0.5,FGO-G
119,19.01124078262267,16.666688512723987,9.145970157106891,60.91769869474026,0.014230204838952695,0.0023064494963610355,0.014042044739968916,0.44017335108870886,38.99145550299909,9,True,2.1055779314302594,-0.004179584787719681,0.00030033881120550276,0.002077501143878724,0.004677087063768592,-2.251604024306289,deltaRIC0.5,FGO-G
120,17.768779824350766,16.172961039256805,7.359678503096189,46.72316748207411,0.017257824573805022,0.002421788691734041,0.017087054999408696,0.5534792468906019,10.882924862000436,5,True,2.3510864106447675,-0.004711854526771697,-5.302098736081895e-05,0.0021430783912721463,0.005176598236071374,-35.856805424627964,deltaRIC0.5,FGO-G
121,12.145289063314381,11.417147040973422,4.142076758856094,39.97414702768777,0.015914648357516666,0.0019327903433946389,0.015796846325513463,0.5118735774952404,25.000983829999313,9,True,3.2854130583389574,-0.003294055743199853,0.000519726090039363,-0.00015435089511001143,0.0033383742520569503,-23.360339636084973,deltaRIC0.5,FGO-G
122,11.737417943161462,10.459847417005479,5.325276705056037,34.3755394657041,0.016524659552206077,0.001850528951654484,0.016420716059764386,0.5330028733740824,12.483774237000034,5,True,1.7344085264657836,-0.0013229586981990948,0.0010443388323465586,0.000519221205890541,0.0017636479168286522,-29.592962173563137,deltaRIC0.5,FGO-G
123,17.455561247994385,15.61030400923078,7.811211635967673,40.90273114611308,0.014159120142636145,0.0020419841297836683,0.014011102170326079,0.43981159021254135,178.93971599799988,34,True,7.492727573008901,-0.0015158106422065165,0.0009161234122232464,0.0018290367510930272,0.0025460438814559018,-2.2843476642738096,deltaRIC0.5,FGO-G
124,11.736431996346655,10.775919197984281,4.6500969283858264,38.78394411846983,0.017815926824106217,0.0018707909090381826,0.01771743181097552,0.5716000102087366,43.069113532999836,9,True,1.9273188931303828,-0.002259706102674175,0.0005605671018450442,0.0012820475796713193,0.0026578474641474345,-41.63390922614781,deltaRIC0.5,FGO-G
125,11.289009028202143,9.216419469450054,6.5191515553767765,31.57220202430591,0.015004589445048431,0.001615833353319974,0.014917331765056293,0.4797093708586546,8.365082882000934,4,True,4.334181410723569,-0.0014716290640697793,0.0010311441720308734,0.0009573631886543588,0.0020360487913403677,-13.759076317262952,deltaRIC0.5,FGO-G
126,14.616420878446137,13.308729451791539,6.042969441830116,36.23105424810458,0.01497695277473349,0.001748480452681852,0.014874539674328972,0.47801243395624615,30.649602145000244,8,True,1.7347740995160186,-0.001814311356256204,0.001135674379570406,0.002286457044822332,0.0031319910299473282,-13.35244411452004,deltaRIC0.5,FGO-G
127,13.562252577646161,12.743133084442519,4.6419019994024415,32.15194294023501,0.015625520145995657,0.0017293525614818115,0.01552952734473952,0.5027627364414625,8.026959290000377,5,True,2.0819131141589646,-0.0010318510574428563,0.0010621412503055705,0.00016800923090298792,0.0014903314201932518,-20.569452111638384,deltaRIC0.5,FGO-G
128,10.842817119527211,9.742758900017614,4.758711180943839,35.53497319517485,0.015492430542107664,0.001687927442126047,0.015400204708124766,0.4981829679609836,46.70520418700107,16,True,4.270755322759736,-0.0009732106059681667,0.0011537763540628854,0.0008318677480220193,0.0017234682210481272,-19.15263502263406,deltaRIC0.5,FGO-G
129,16.97988791698196,15.74032499662119,6.368576188914756,55.33354079039959,0.017830847429256877,0.0021702528006601616,0.017698280222288924,0.5712329871313513,20.360811971000658,6,True,3.8059377707001962,-0.004066229494545104,3.4897472031558685e-05,0.002769892971665522,0.0049201369097154985,-41.640087378364115,deltaRIC0.5,FGO-G
130,15.103848822578707,12.58881499133544,8.34553691317942,40.01880852548207,0.018059681861736777,0.002122025421097149,0.01793457880908726,0.5777596625047632,24.600967125999887,9,True,4.8995331115767495,-0.0022024956269262597,0.0004035995080750032,0.0010770259863956966,0.0024847262474806567,-43.65641083281662,deltaRIC0.5,FGO-G
131,12.064808497362066,11.045452808307642,4.853614770196408,38.496556373226525,0.013669007854947767,0.0017794367276819031,0.013552689056818229,0.4140514057895841,7.677529097998558,5,True,3.769829162393194,-0.0017089522820386005,0.001261544797852121,0.0004961194016920301,0.002181317867713907,5.5228403392393375,deltaRIC0.5,FGO-G
132,12.965321009454858,11.907280592813882,5.129933504657681,36.05010860151069,0.016557016701121825,0.0017295158083157514,0.01646643789986204,0.5344437981490331,21.759745348999786,8,True,2.7847828705863504,-0.001364188528042487,0.0008460736679736236,0.001891318515250151,0.0024807129454673116,-29.9770473000317,deltaRIC0.5,FGO-G
133,14.006461652630792,13.379658556303966,4.143151571369185,42.762898291838056,0.017736540482003856,0.001921712387763218,0.017632126637716704,0.5692157499730541,7.643050751999908,5,True,6.659668800019473,-0.0024766484183124104,0.00015730595107055212,0.001594862693736876,0.002949935518285988,-40.81955373977689,deltaRIC0.5,FGO-G
134,12.787590752000716,11.188260435761133,6.19235865096946,54.33776095027171,0.017551100656779665,0.0021399697817778315,0.017420151078492097,0.5628858051113882,39.64290509700004,9,True,3.1574393835223526,-0.0041873070324520145,0.000292608810940842,0.0007272861162458399,0.0042600592947923,-39.10069106188894,deltaRIC0.5,FGO-G
135,11.836589584888833,9.977767833619813,6.367809832232784,37.961458951282516,0.01430236797039456,0.0016270519082136603,0.014209519050571221,0.44854900731127545,17.45143538499906,5,True,1.6430029973622042,-0.001100677077648271,0.001079496626006926,0.00011212321454689977,0.001545760204579289,-4.530581062208512,deltaRIC0.5,FGO-G
136,14.039981725938423,12.106813877398164,7.10958118335561,40.92214929502833,0.0163051592515078,0.0020279094840018174,0.016178559927933198,0.524981572336337,13.48777701600011,8,True,3.1695810245228673,-0.0026712621324616603,0.0003382734272295851,0.0005858436215792073,0.0027555912325376397,-27.338234927039593,deltaRIC0.5,FGO-G
137,10.59003505488393,10.107467322155633,3.1603713065439862,30.363808980970383,0.014316721879579082,0.0016490970870583533,0.014221427641930824,0.4495933630407545,32.865318354999545,10,True,5.102006094184477,-0.0018642904432735197,0.0011185756989404716,0.0007862994192323614,0.0023119379809645175,-4.849957240890944,deltaRIC0.5,FGO-G
138,12.407265338947987,11.19809329992064,5.3425592778492,37.725806050583465,0.015966834740091345,0.0018595978897758176,0.01585817477850869,0.5138073548342332,19.21241955699952,7,True,1.0004778088274684,-0.002111800567545119,0.0005470222606696051,-0.000787130648202905,0.002319161410530172,-23.812979081834783,deltaRIC0.5,FGO-G
139,11.760309317612522,9.136905696224499,7.404176493319443,37.20807946166893,0.01383827271313801,0.0016948902692317982,0.013734086742788662,0.42414751020010044,37.71133251599895,8,True,2.2116209774111275,-0.0015271851001684156,0.001095689879041739,0.0013296816816708024,0.0023023648745978138,2.507947326528665,deltaRIC0.5,FGO-G
140,12.283806130656734,11.81947688688818,3.3454236168049003,46.85185414077665,0.01517172823789693,0.0018917809360286964,0.015053321979373108,0.48514593909840725,15.50980664799863,6,True,8.621641910757976,-0.002495912928839772,0.0008489522707563202,-7.206666789938421e-06,0.002636352260684839,-15.349101745647204,deltaRIC0.5,FGO-G
141,11.034310772109269,10.164583897894612,4.293861711577147,37.480269558596035,0.013733917369528113,0.0017202922123424362,0.013625750658851056,0.41778179234567303,29.63202499399995,8,True,3.4436171890332363,-0.002420767134917068,0.0013693165427213216,0.00040835379580372866,0.0028110307963827392,4.288949752764893,deltaRIC0.5,FGO-G
142,12.121367405768614,10.655440872197694,5.778332597274805,35.65197065791428,0.015275769432812987,0.0016371828936442582,0.015187783378005568,0.49014133990238573,124.21167833999971,35,True,2.7201130685832964,-0.001616248866710246,0.001061134707090683,0.0007762288241939252,0.0020834582916977405,-16.69073249558278,deltaRIC0.5,FGO-G
143,11.587799498592304,10.043610245544444,5.779532027350548,41.312813066138105,0.014739706326988636,0.0018533835863143472,0.014622719031966982,0.4669795297964519,10.008863517999998,4,True,3.61751439595791,-0.0035399297246839767,0.0006817367084348547,0.0005904730306853789,0.0036530159861812186,-10.003545087296516,deltaRIC0.5,FGO-G
144,10.328800838667016,9.808953793354982,3.235514216423001,38.71286206668536,0.01596238492846272,0.0017199965287957848,0.015869446888450277,0.5146330975635127,16.514334041999973,5,True,5.2403454762928,-0.0025056837243304653,0.0006788566880516766,0.001952726157882334,0.0032484514429132207,-24.062145062671334,deltaRIC0.5,FGO-G
145,14.600656337776924,12.43851294241786,7.646081432679672,36.30424226763207,0.015516245606933727,0.0018998102218158257,0.015399499954731461,0.49857746195844005,15.206088378999993,6,True,8.291928072505442,-0.0011279562476261829,0.0007179790971639788,0.0015238273082220921,0.0020272713054267618,-19.315296454027703,deltaRIC0.5,FGO-G
146,9.48489812486381,7.961651570615713,5.155133044564161,36.871654600435214,0.014964369068607411,0.0016388261702659866,0.014874360167924722,0.47755614376160455,27.014250321999498,11,True,1.6831575277047948,-0.002534020498267453,0.0007866567121783685,0.0009974008998016037,0.0028345894276561394,-13.119818183971802,deltaRIC0.5,FGO-G
147,11.28347456367856,10.025870476395298,5.17674795791008,44.997264980424994,0.01690370564863654,0.0018768538258318904,0.016799187015216148,0.5442124039352194,98.01057469199986,15,True,7.6337947683903336,-0.0033832244146364543,0.0001674204893148401,0.00022292999114903456,0.0033946921570281313,-33.20393145698472,deltaRIC0.5,FGO-G
148,11.316824929912647,10.844745863133632,3.234503618538449,39.298961706935295,0.01612147477262127,0.0016431357196743154,0.016037520190197562,0.5201984138626353,24.99712764800097,9,True,3.56606755635589,-0.0023474602765413133,0.0008162662996631376,0.0017562139458114912,0.0030432134077924833,-25.751522244347143,deltaRIC0.5,FGO-G
149,14.38516620921207,13.118598049850606,5.902151478326582,44.99404519823484,0.01526666276218709,0.0019154751919360968,0.015146020820117321,0.48745327563832475,63.081819412000186,15,True,3.893644655693433,-0.0033887668707505703,0.0002829120371872218,-0.0007531244205363774,0.0034829551415271327,-16.055220633257704,deltaRIC0.5,FGO-G
150,17.342096712732832,15.970234794189263,6.760171522398347,38.19558472794471,0.01469526396407635,0.0021368907957644706,0.01453906739446716,0.464904312147581,27.072102927000742,8,True,1.7872794922078397,-0.0015499396420526335,0.0011996227678454652,0.0011768447606127497,0.002286125821060849,-9.271609319577692,deltaRIC0.5,FGO-G
151,16.487793107850777,13.288883800405252,9.759758650018883,56.271849686666826,0.013860313922445116,0.001734953539402972,0.013751299511131269,0.4250104454107382,15.621002552999926,6,True,4.345596319560554,0.00010342980638655686,0.0012512271389812923,0.0004886835467770023,0.00134724856172238,2.211746002038126,deltaRIC0.5,FGO-G
152,10.24537291188538,9.261189550667936,4.381556140253567,31.91391631929563,0.015293935389868809,0.001557533964194538,0.015214419070732278,0.4908826400734331,21.57425967100062,6,True,2.811791598351356,-0.001644424728822813,0.0009982660730072368,0.0010557064658213156,0.00219435274813741,-16.98368923914677,deltaRIC0.5,FGO-G
153,12.562831327283059,11.02207779594117,6.028144989794559,30.89447055623497,0.015385618314610059,0.0018011804398103085,0.015279823295644136,0.4935584855913108,45.06151400999988,15,True,1.150054542903544,-0.0013297927795893338,0.0010274401540680822,-0.00030232962209419956,0.0017074499428196988,-17.68763755972759,deltaRIC0.5,FGO-G
154,14.402452318733937,11.948511448157124,8.041374693835794,44.814339272999625,0.013334687157156983,0.001822858149227931,0.013209506794238789,0.3889545447515642,12.459334633998878,5,True,3.62580875180737,-0.0005602688722279314,0.001362887007893998,0.001542790166086272,0.002133439406696689,12.675998043479922,deltaRIC0.5,FGO-G
155,11.707317960633146,9.41083300173153,6.96401579872448,38.111239838929095,0.013619449386292112,0.0016334048181060226,0.013521146041884192,0.4112576072586713,17.960113337998337,5,True,2.405788227520388,-0.001036327567823625,0.0013385292537374527,0.00094726275939927,0.0019398304375091375,6.224046179988363,deltaRIC0.5,FGO-G
156,13.955661356309724,11.787751137851085,7.47056938955037,38.53774474114737,0.013607015745365037,0.0017089805371064018,0.01349926898088943,0.4102849354406544,33.647150927999974,12,True,4.71853320340258,-0.0017376616072967144,0.0010117379540631743,0.0017912930991395015,0.00269291895834051,6.489251761602645,deltaRIC0.5,FGO-G
157,11.08518687608785,9.308069665486794,6.020067041174446,31.248539359399377,0.014284310424752566,0.0014727799149237425,0.01420818227757837,0.448527864457537,19.113515756998822,7,True,7.245195083998483,-0.0011907596630104655,0.0008683048335746957,0.0008615465823529345,0.0017070806579145578,-4.510971969582897,deltaRIC0.5,FGO-G
158,12.648666771960057,10.218545012021574,7.454536132139644,45.03366336101869,0.01369003507631709,0.0016689087601153524,0.013587928611131372,0.41535728459255317,18.148526130999016,7,True,5.568741118766884,-0.001060673632650222,0.001350158183889949,0.0005470377884339017,0.001802000560071799,4.977377825453004,deltaRIC0.5,FGO-G
159,14.620849284021883,12.70382376131197,7.237547625239407,49.436922776931254,0.017336237626186985,0.0020957329785430876,0.017209097545027405,0.5565300295259641,15.635807037999257,6,True,1.7911538996776168,-0.003699012221321185,0.00044695587278842375,-0.0008973548622394634,0.0038324543982268537,-36.99463111742807,deltaRIC0.5,FGO-G
160,15.825610578776569,14.585070223100567,6.142123149067427,40.218275640100245,0.013856493538708384,0.0019031002886183074,0.013725182056341847,0.4248888361088952,25.30284336099976,9,True,5.011744577957984,-0.0005806052407292261,0.0015336532973251327,0.001717789204992104,0.002374867287817553,2.1193632641079603,deltaRIC0.5,FGO-G
161,13.508183425737647,12.512723346720952,5.089476781732841,30.752080321981847,0.014348738840026791,0.0018705391825611702,0.01422629218966758,0.45056236518016357,13.722371680998549,4,True,3.1602334606196103,-0.0020524421616434085,0.0010949636876567137,0.0019845064122339107,0.0030577328209599615,-5.1078956304409076,deltaRIC0.5,FGO-G
162,16.365864981684386,15.028786421708876,6.478974864080136,40.47343538776136,0.013749442084816916,0.0019782300623787876,0.013606386862941808,0.41836866229879915,28.143572949998998,9,True,1.4454579246727868,-0.0010091448579809814,0.0014947885199341204,0.0014902319220960747,0.0023395634732467623,4.031931208111928,deltaRIC0.5,FGO-G
163,15.425799744145863,12.92107795982152,8.426211610368274,51.08417223766283,0.017468020376482932,0.0021750014818997547,0.017332083095431914,0.559973783831807,17.68663322700013,5,True,9.681226657523268,-0.004324644033954217,-0.0004612858450822599,0.0009534572297175137,0.004452461267679894,-37.97643881323893,deltaRIC0.5,FGO-G
164,11.191732345051319,10.111712762800066,4.7966798815320315,32.65729957134037,0.014349652834082046,0.0016430898427418046,0.014255272436097376,0.4507373309606317,59.29660466599853,18,True,3.1858482404334487,-0.0020971118863451488,0.001036761303253697,0.00010702460442657546,0.0023418382800114695,-5.210462660194025,deltaRIC0.5,FGO-G
165,14.329411760162124,12.20868665742886,7.5020004993995535,36.41735534155928,0.014430487769702174,0.0019345489139207129,0.014300227192991455,0.45341992712401813,18.43295119600043,5,True,3.2125833402553194,-0.0017601866316716563,0.0006889550793056642,0.0018290455322088617,0.002630270639784029,-6.100178873959521,deltaRIC0.5,FGO-G
166,13.222359304031698,10.998096730209852,7.339799307737304,36.132100993346846,0.01485440198184185,0.0017180635859793778,0.014754711645866846,0.4729111522883231,13.268091346000801,6,True,2.0519902599656894,-0.001068256118632649,0.0009153266615338218,0.00015683402506072586,0.0014154825833359774,-11.676103873462125,deltaRIC0.5,FGO-G
167,13.470203687900863,11.901724414411621,6.308355043665223,40.29211111943831,0.014022779752224119,0.001637888777142368,0.01392679691576989,0.43420193161878845,34.46083436299887,9,True,3.7195938467516667,-0.001207499725429828,0.0011140246257863584,-0.0003704963157906138,0.0016841537856698134,-0.36175728147645714,deltaRIC0.5,FGO-G
168,11.201931557723555,10.055977444198994,4.935644665662628,34.509287064330756,0.01701485911400795,0.0018926671975112478,0.016909264961819135,0.5481776403816557,69.1155801320001,15,True,4.473541751164261,-0.0019114263186510994,0.0007398352479961456,0.0011102879006775757,0.00233101822991598,-34.3057234667358,deltaRIC0.5,FGO-G
169,15.018896279230573,13.221955879588915,7.123701858197756,38.27065941169224,0.016158971171408083,0.0018862129167181078,0.016048506165721572,0.5198969234154355,37.45093543599978,8,True,9.398371584927961,-0.0034246643201273907,0.00025949590356133534,-0.00047470220706719024,0.003467132246527839,-25.597321736451704,deltaRIC0.5,FGO-G
170,18.058171280325986,15.910417880315698,8.541437400304508,37.397686800281036,0.014245021105932808,0.0020416725598879997,0.014097950186699891,0.44505669606471826,24.56530125900099,9,True,4.155146332932751,-0.001268645577520211,0.000974781493120136,0.0024827533399125468,0.0029535952172797843,-3.7146907699134317,deltaRIC0.5,FGO-G
171,14.223925791304767,13.074865041456643,5.600711478396291,36.335519846218865,0.016240122608558838,0.0018634201091594217,0.01613286235724474,0.5234163797471623,21.25812630300061,6,True,3.5606777922883954,-0.002912486554091376,0.0001909038551640707,0.002122321560872442,0.003608776942043329,-26.627254387756693,deltaRIC0.5,FGO-G
172,12.122641965151834,11.635495365412096,3.4020134944961535,39.511931954315166,0.01467987892223421,0.0017411199744290188,0.014576259685052974,0.46598439450818346,13.102020251000795,6,True,2.7766380808676963,-0.0019268963816202467,0.001040329621322389,0.001896794740833263,0.00289707536583961,-9.750007071772416,deltaRIC0.5,FGO-G
173,13.537947168326179,12.272964185243021,5.71404967077929,50.1596773686216,0.014880115268899216,0.0019214579452952393,0.014755535563990533,0.4727084728407442,21.056359635998888,7,True,5.471369156668695,-0.0034036647026349787,0.00036656892263786656,0.0012159343908013653,0.0036328780086510794,-11.799381285251002,deltaRIC0.5,FGO-G
174,17.448771422878806,15.246477064234067,8.485550147023856,49.5181395457765,0.013854447964404212,0.002117679026782828,0.013691645771707216,0.4217523530989264,15.298880959999224,6,True,1.4872723456809196,-0.0035608476336296824,0.0006145103296827381,0.000490770042618105,0.0036466579288362477,3.1207991611445323,deltaRIC0.5,FGO-G
175,15.349903609308884,13.582646650044156,7.150611917529729,44.71897106219282,0.014716775679070298,0.0019193902807304471,0.014591073549890442,0.4658433162225817,16.941776247000234,5,True,8.158403394431904,-0.0037113815899775804,0.00041318852447269627,0.002466180617884839,0.004475167583813067,-9.753901736075932,deltaRIC0.5,FGO-G
176,12.4281419454261,10.077850645572521,7.272938785744946,41.01384041113243,0.01481733763529875,0.001666530676592371,0.014723320620784472,0.471951676410012,253.00920638499883,66,True,2.062678422280068,-0.00013381858221589438,0.001281574479180314,0.0007227388469297491,0.001477393650823608,-11.411805697483942,deltaRIC0.5,FGO-G
177,13.778612487106793,12.13711652649285,6.522312817719599,48.97961440487363,0.015417408433595764,0.0019616640901864617,0.015292101124619296,0.49365525106711683,15.944404527999723,7,True,2.402618926306575,-0.004769798925168767,0.0002785837345822273,0.0017565871870028893,0.005090598120973372,-17.897588507832552,deltaRIC0.5,FGO-G
178,11.977030734127126,11.228575803988946,4.167535317222853,45.81109528329787,0.015383464730769819,0.0017672521366234762,0.015281616635959647,0.4934835862863596,9.926187346000006,4,True,5.093512551277609,-0.0034011480957448215,0.0005746034937627043,0.001927836276922168,0.003951522523642002,-17.840292765104095,deltaRIC0.5,FGO-G
179,11.249974648182947,10.234400672190597,4.671078297976139,41.71088621909716,0.01731921680893467,0.0018158456621582611,0.017223761941170295,0.5571408112580734,43.89457341900015,14,True,3.111582500596494,-0.002424444757286537,0.0004805105804399634,0.0001573561648460231,0.0024766073087318413,-37.11499704563903,deltaRIC0.5,FGO-G
180,16.36261243045459,14.758001756203434,7.066574114319003,51.62178848371983,0.01659036560989435,0.0023496570610066136,0.01642313437701911,0.5325617220365337,38.68377624000095,10,True,7.6887880315629245,-0.003747006264182229,0.00013194131797089614,-0.001167455707132059,0.003926883915183128,-29.675963374182174,deltaRIC0.5,FGO-G
181,13.323452661052693,12.544455345734605,4.488989963252602,39.44076423556268,0.018189997084142467,0.0020760366662756036,0.01807113902556756,0.5812619198000255,20.9329334869999,6,True,8.020930828042605,-0.0027635283011929745,0.00018675892195552102,-0.000459709517476925,0.002807721568618118,-44.68822392337461,deltaRIC0.5,FGO-G
182,20.071403134801187,17.073649827594117,10.552331750111083,57.32826344529216,0.01375069979634015,0.002093545436982245,0.013590394122039278,0.4153471239800958,10.780469274001007,5,True,4.119207565631519,-0.0004402552643538171,0.0009442957721871315,-0.00016316524557102863,0.001054581481216124,5.156937993349857,deltaRIC0.5,FGO-G
183,9.352075238372429,8.531142811189264,3.831568034013288,28.647758024849132,0.01475611266403055,0.0014766637498386383,0.014682040904570292,0.46997178967106595,30.220721584000785,9,True,8.32920350952078,-0.0008390423250220769,0.0013535091302486757,0.0008886355308308502,0.0018236370514715932,-10.88320236250729,deltaRIC0.5,FGO-G
184,12.104369169754342,10.418734653274392,6.1616329996486146,39.8787390518099,0.016043305964781495,0.0019191328928722456,0.015928107082107696,0.5166642580421323,21.400104356000156,8,True,2.8451260468499338,-0.0017060832826913397,0.0005375480648399655,0.0006023405008688254,0.001887456534195942,-24.79664803842752,deltaRIC0.5,FGO-G
185,15.116969003297964,13.46967913409599,6.862251516169493,49.18548721113889,0.01769920276244389,0.0019995079570262757,0.017585896234081733,0.5675681178090594,17.17334696599937,5,True,4.2128815427115756,-0.0032205214340281785,-7.074860487615853e-05,0.0006392558049006514,0.0032841150491762644,-40.36875446121121,deltaRIC0.5,FGO-G
186,13.188270616873016,11.788533416038291,5.912779529360513,40.64690156167637,0.014382734078892503,0.0018318426664130003,0.014265601705839284,0.4517730078609686,13.330870950001554,6,True,2.0847343358557118,-0.002622534002028276,0.0007688840700708077,0.0017101771776107944,0.0032239065252925555,-5.483538135922572,deltaRIC0.5,FGO-G
187,9.258481054269472,8.615463603563246,3.3901708405246738,39.362057110550715,0.015050705692269021,0.001691005869804925,0.014955408419150055,0.480943592880423,29.703045923999525,14,True,1.8067836713699617,-0.0026790384871273054,0.0010039808072369594,0.000834258346499972,0.00298013618237731,-14.148917792983411,deltaRIC0.5,FGO-G
188,11.360645641687894,10.518707227320075,4.291977127376904,38.06385803155629,0.015839498579102784,0.001634926299823117,0.01575489546875973,0.5105476341469927,18.45131931600008,7,True,3.7385096834514617,-0.001728645864543077,0.0009270615456334896,0.0008536120512074863,0.0021392319108411058,-22.7806947637946,deltaRIC0.5,FGO-G
189,16.009453406812018,14.515775412108734,6.752396801884826,45.58191182656237,0.017368296618434087,0.0020830854934659622,0.017242925571167456,0.5580789524492691,39.13401104900004,13,True,1.7639286251110569,-0.0036277760478710674,0.0002911076716095584,0.002144994285648738,0.004224512186684126,-37.24540710690053,deltaRIC0.5,FGO-G
190,10.238256230687918,9.10041263997329,4.690882691715317,38.740276251551485,0.01488605094004287,0.0017241861538407838,0.014785861310605308,0.4742714705005149,71.53785747999973,17,True,5.089346493967506,-0.0023658825170078668,0.0006823663126449553,0.0016773881014677805,0.0029793715296790087,-12.143498320045182,deltaRIC0.5,FGO-G
191,15.622090020933276,14.494492941626687,5.827466944331581,38.51902867276938,0.013618459448514303,0.0019691414930526996,0.01347534487614943,0.41027439583686254,13.207872327999212,6,True,3.6092592342456093,-0.0003211960138523873,0.0015348596489680455,0.0019782365619455122,0.0025243575254632563,6.39932358005899,deltaRIC0.5,FGO-G
192,16.594695431841313,15.732588169248238,5.279165272313923,37.68461363167467,0.014848328333924323,0.001808093874009176,0.014737830602052337,0.47274821478941437,33.86981849199947,9,True,3.7803350552387283,-0.0028356132708932114,0.000660463564727154,0.003027349180241612,0.004200209256871299,-11.670884620660217,deltaRIC0.5,FGO-G
193,10.33481407114954,9.097613747418787,4.90324443486221,41.34387043243244,0.013945473019509196,0.0017103299963924497,0.013840194689429017,0.4300600325305972,27.161455372999626,6,True,1.0689385099057023,-0.0023056081298855613,0.0010628686684979183,0.0005888911866378521,0.002606206339637879,0.6808239768215572,deltaRIC0.5,FGO-G
194,16.81399853299198,12.679848062409167,11.042282362884723,57.674581301975905,0.013908539794735443,0.00202839588088291,0.013759836095395783,0.42412694856011923,12.300326940998275,6,True,4.536529966780514,-0.0027718053029079925,0.00045826657004433,0.00011066950212412774,0.00281161174865049,2.5869087034006952,deltaRIC0.5,FGO-G
195,11.907758052890236,10.665181126374147,5.296094163419387,33.41554409773051,0.015458624146278023,0.0019263557599597154,0.015338129415999853,0.49597903179160996,15.548253359998853,6,True,2.7592245476680404,-0.00199046522100943,0.0007952196229485953,0.00023806671269166468,0.0021566181406225903,-18.603072017278464,deltaRIC0.5,FGO-G
196,10.929442431276247,9.91690907079499,4.594303683929228,30.24223408710241,0.01554205703192254,0.0017538259393510831,0.015442785738266013,0.49990717273405416,20.985140266999224,8,True,5.667727764174192,-0.0016728819709733167,0.0008395537075467363,0.002071811537492141,0.0027920937598061757,-19.604059507393686,deltaRIC0.5,FGO-G
197,11.802002320231116,9.955697719960188,6.338086594195459,37.794255108633486,0.013629024258066459,0.0016174667929547604,0.013532704955058048,0.41293420722874596,37.48384574500051,10,True,7.873722723226979,0.00020231313377638838,0.001673551928813466,0.0009721741271563333,0.0019459776966979537,5.729350682609947,deltaRIC0.5,FGO-G
198,15.559851281704086,14.550040218344627,5.514100248753382,36.414436165602474,0.013293263406358129,0.0019301821898479185,0.013152385665909205,0.385141652349343,14.026300609999453,4,True,1.9765324157807098,-0.0021789642642047746,0.001394608911738482,0.00277011009638517,0.0037902940819251616,13.960013353527756,deltaRIC0.5,FGO-G
199,10.133290572360204,9.606789734880353,3.2238437948637695,40.78855655356566,0.015761262936480405,0.0016611891099413743,0.015673476324475147,0.5072655452386597,10.639626882000812,5,True,2.1584387075170373,-0.002596208683725454,0.0007020505315107339,-4.3176628186869515e-05,0.0026898027250093167,-21.92464613760967,deltaRIC0.5,FGO-G
200,10.206696504030425,9.030272126993468,4.757188123023072,32.28006451017947,0.014337087858297577,0.001703823150075197,0.014235486466215747,0.45024864248578716,12.382357316000707,5,True,5.506472416330763,-0.0020833441978307943,0.0009400650665625232,0.0008363444161155753,0.002433827717480048,-5.094090114114806,deltaRIC0.5,FGO-G
1,8444.632103809428,7056.492738371129,4638.719823615605,26874.574339125484,0.7617590069822514,0.6240850869288741,0.43680039948649957,2.4763505134524544,7.333317063001232,4,True,39567.30351245714,,,,,,deltaRIC1,FGO-B
2,8446.121300181294,7058.363595068809,4638.584738601144,26880.542978742415,0.7619745966720738,0.6243294454370698,0.43682723076041235,2.476953255642995,21.434732817999247,5,True,39561.66709267241,,,,,,deltaRIC1,FGO-B
3,8446.714657276381,7058.389853978543,4639.625111008477,26882.995248267325,0.7620205495836687,0.6244530874624354,0.4367306487372148,2.4768943538782153,22.698995297001602,6,True,39547.456886920685,,,,,,deltaRIC1,FGO-B
4,8447.165241667244,7058.597717808146,4640.129187661144,26887.96116366355,0.7621247957903194,0.6245331056123744,0.4367981276889805,2.4772617031100013,12.936627549999685,5,True,39555.79295626799,,,,,,deltaRIC1,FGO-B
5,8446.117867044582,7059.523323335807,4636.813288378938,26877.62743368403,0.7619789786018464,0.6245417498239452,0.4365312893229507,2.4764166930021245,10.624841540999114,5,True,39556.45607449774,,,,,,deltaRIC1,FGO-B
6,8444.94760110257,7057.013765096442,4638.501558111996,26873.983724556267,0.7618242301257054,0.624291293372911,0.4366194437097387,2.476133605791969,8.709771919999184,5,True,39563.530033049574,,,,,,deltaRIC1,FGO-B
7,8443.979283429799,7057.549289297537,4635.923227160631,26869.068051728744,0.7616861458513816,0.6241572706740129,0.4365701389773459,2.4757288648814897,9.963506260999566,4,True,39580.12680043959,,,,,,deltaRIC1,FGO-B
8,8444.205226062108,7056.657386613179,4637.692144570642,26875.280312958632,0.7617553692227003,0.6241405359727192,0.43671481987138827,2.4762023055187257,14.664781759998732,5,True,39579.07363616818,,,,,,deltaRIC1,FGO-B
9,8444.606614287362,7057.664601653106,4636.890255401629,26873.078052487796,0.7617405753410124,0.6242478783972119,0.43653555460859816,2.4758931644508477,16.7220095699995,7,True,39573.69757746114,,,,,,deltaRIC1,FGO-B
10,8444.25442937939,7058.164449306207,4635.487835669885,26869.60140461764,0.7618027609843204,0.6243306387453271,0.43652571535613494,2.475899830196503,15.855889630000092,7,True,39568.400398871425,,,,,,deltaRIC1,FGO-B
11,8444.279719331418,7055.251305445567,4639.966486443681,26869.352769682144,0.7617077035048089,0.6240224935251936,0.4368003584627299,2.4760396588230895,5.990826375000324,4,True,39569.386380513526,,,,,,deltaRIC1,FGO-B
12,8447.393840690806,7058.796695879181,4640.24265593795,26887.984758392737,0.7621791833027678,0.6245866040036302,0.4368165307761217,2.477375483630103,15.34745673299949,5,True,39551.94445489122,,,,,,deltaRIC1,FGO-B
13,8444.493187692122,7059.19690646184,4634.350465035876,26874.946434349815,0.7619400241465137,0.6244780867454509,0.4365543718382981,2.476333011729132,17.213794794999558,4,True,39565.65587038258,,,,,,deltaRIC1,FGO-B
14,8444.415783310953,7058.411540045546,4635.4055327212745,26870.984200089442,0.761866341612201,0.6244762715439376,0.4364283546702037,2.475856432169885,79.85933736900006,13,True,39567.03263074275,,,,,,deltaRIC1,FGO-B
15,8445.411435752338,7056.656654126028,4639.88913498105,26874.90431274047,0.7617472058506942,0.6241110563738023,0.43674271022344086,2.476219913344253,8.992449363999185,5,True,39566.4682392089,,,,,,deltaRIC1,FGO-B
16,8446.400508561914,7058.803231922507,4638.4241380058465,26882.864239360293,0.7619359992205843,0.6243783909720275,0.4366899263727664,2.4767118135811663,8.239052688999436,5,True,39559.164518507365,,,,,,deltaRIC1,FGO-B
17,8446.082387849629,7057.715242298315,4639.500324493329,26882.098248713453,0.7619520077941306,0.6243229677336135,0.43679708577530624,2.4768642296508405,6.997756258000663,4,True,39563.31190272303,,,,,,deltaRIC1,FGO-B
18,8445.627700545076,7059.00789476333,4636.705166158753,26881.520519821384,0.762203278654035,0.6248138005764861,0.43653356411635497,2.476789428073147,6.383378206999623,4,True,39561.61545058589,,,,,,deltaRIC1,FGO-B
19,8446.357294366677,7058.25118478965,4639.185462612665,26880.32462421351,0.7618546814553109,0.6242105439692203,0.43678799485908865,2.476697959841097,7.025184894000631,4,True,39555.233912929,,,,,,deltaRIC1,FGO-B
20,8444.713099736773,7057.132225285048,4637.894359696992,26873.602151728737,0.7617901580198327,0.6241517546906507,0.43675946695230733,2.476313028498318,10.888479166000252,4,True,39565.433442251895,,,,,,deltaRIC1,FGO-B
21,8444.726903943536,7057.740816757324,4636.993319562303,26871.219183801633,0.7617408282421627,0.6241910567069416,0.4366172398544605,2.4760369066643273,9.415625105999425,5,True,39565.01741381345,,,,,,deltaRIC1,FGO-B
22,8445.156476458225,7058.549379082957,4636.544896246764,26877.091696010353,0.7619107874636638,0.6245115867304611,0.4364554113456517,2.476140938830561,7.266244033999101,4,True,39572.289742287794,,,,,,deltaRIC1,FGO-B
23,8443.92163808418,7059.840907193583,4632.327600161964,26863.856296485093,0.7616840819901726,0.6244003233409146,0.4362188406854677,2.4752032003103213,7.000264281999989,4,True,39568.80080392344,,,,,,deltaRIC1,FGO-B
24,8443.62668985925,7057.649527402386,4635.1283505487,26860.926952097358,0.76166745809002,0.6242335079457175,0.43642850992012017,2.4753004763200748,6.564360246999058,4,True,39573.06179207069,,,,,,deltaRIC1,FGO-B
25,8444.901623148187,7058.0879731146815,4636.783107761758,26875.02190095348,0.7618706167907774,0.6243666303357208,0.4365926564343208,2.476233169064481,8.67153606699867,4,True,39565.968218908936,,,,,,deltaRIC1,FGO-B
26,8443.952611395185,7056.73142832884,4637.119499422412,26869.23176449463,0.7617531191095819,0.6241677450781487,0.43667200560287356,2.4760233808603616,12.096066980000614,5,True,39572.29269486595,,,,,,deltaRIC1,FGO-B
27,8446.345856489826,7059.595137825778,4637.119236921722,26882.46015240831,0.7619745716538664,0.6244664940884319,0.436631246715115,2.4767574580331098,9.604474646999734,4,True,39562.891585185076,,,,,,deltaRIC1,FGO-B
28,8447.11551870231,7059.10882912743,4639.261053749463,26885.911402914284,0.76207226541452,0.6244119963130125,0.43687961336553266,2.477301680757248,13.257336316000874,5,True,39551.44052489971,,,,,,deltaRIC1,FGO-B
29,8445.848874118055,7056.934705529401,4640.262467397278,26886.13775950633,0.7620972852622286,0.6244549799835833,0.4368618204624446,2.477216409387308,9.10783416599952,5,True,39574.83748058098,,,,,,deltaRIC1,FGO-B
30,8442.258149433115,7057.044843509902,4633.555949630925,26858.55780019618,0.7616731142707887,0.6244215884762961,0.4361692479390322,2.474726721902069,13.648007132000203,5,True,39586.55723630463,,,,,,deltaRIC1,FGO-B
31,8445.39451136677,7057.559247754815,4638.485304175755,26878.56562082337,0.7618972649429353,0.6244439413995216,0.4365285859791501,2.4761846037162782,13.352282220001143,4,True,39570.083160696195,,,,,,deltaRIC1,FGO-B
32,8447.617602819408,7058.951099048736,4640.415126333305,26890.474291426184,0.7621828118442691,0.6245751864670671,0.43683918679585615,2.4774808671976203,15.563421382001252,4,True,39548.10514548923,,,,,,deltaRIC1,FGO-B
33,8447.017459666758,7058.414889868962,4640.138274490447,26885.548337640983,0.7620751082070377,0.6244259821461655,0.43686458241606735,2.4772289276119097,14.68673169199974,5,True,39553.15504518141,,,,,,deltaRIC1,FGO-B
34,8445.010233004461,7056.310240681691,4639.685724572383,26878.736062169723,0.7618751645697487,0.6242182857562973,0.43681265791601237,2.4765486049498495,9.381737748000887,4,True,39569.81868208518,,,,,,deltaRIC1,FGO-B
35,8443.456753118728,7056.104281120583,4637.170938809351,26864.99066015477,0.7615551601002143,0.62391438395319,0.4366887946485168,2.4756338921127337,10.837749890999476,4,True,39580.880571608934,,,,,,deltaRIC1,FGO-B
36,8445.685051761624,7058.992478842164,4636.833097837305,26878.004760136177,0.7620053047797798,0.6245565320926914,0.43655609345521246,2.4764503585665003,9.090260631999627,5,True,39562.32394698495,,,,,,deltaRIC1,FGO-B
37,8444.192458486867,7058.352215444793,4635.0890259726475,26870.343751868117,0.7618465449739199,0.6243568997660829,0.4365645654461486,2.4760966148617425,11.11799179800073,6,True,39571.10165413961,,,,,,deltaRIC1,FGO-B
38,8446.962259359787,7058.963019483598,4639.203864954806,26885.458165527452,0.7620084355295329,0.6242681417521214,0.4369738470566855,2.4773673282621718,8.0306366779987,4,True,39547.04834280036,,,,,,deltaRIC1,FGO-B
39,8444.786501470477,7057.340368957162,4637.711285979925,26879.103360495028,0.7619544342608399,0.6244264605500931,0.43665335823126283,2.476504401549971,7.1413823920011055,4,True,39574.18475254763,,,,,,deltaRIC1,FGO-B
40,8445.905972930788,7056.90414058202,4640.412875404979,26880.868154464853,0.7619674053937905,0.6242740250123362,0.4368938870909527,2.476915395387758,12.757445987999745,5,True,39564.79499736286,,,,,,deltaRIC1,FGO-B
41,8444.220274102587,7058.821197201183,4634.425459915008,26869.6560059836,0.761911939161005,0.6245212773976031,0.4364435554728115,2.4759636461731582,13.78545886899883,4,True,39572.06772292127,,,,,,deltaRIC1,FGO-B
42,8446.291395867678,7059.518183486651,4637.137194533896,26885.069129385913,0.7620963495414647,0.6245953952218889,0.43665940760739236,2.4770184754710245,10.053807321999557,4,True,39560.53388840553,,,,,,deltaRIC1,FGO-B
43,8445.497271769722,7059.221623728447,4636.142171520901,26874.904214414128,0.7618746496870556,0.6243655188688502,0.4366012834193292,2.4763215136216203,8.238871771998674,5,True,39559.18987518758,,,,,,deltaRIC1,FGO-B
44,8444.897488170209,7056.950293448833,4638.506887080792,26874.926021224757,0.7618915762538326,0.624347264952148,0.43665692106426296,2.4762602812798584,16.98774468099873,5,True,39567.93506733058,,,,,,deltaRIC1,FGO-B
45,8442.593522386283,7057.017996154984,4634.207848832799,26860.865736512686,0.7616662526312851,0.6242574192932819,0.4363922030177396,2.4752222476382033,11.750780964999649,5,True,39579.49019478133,,,,,,deltaRIC1,FGO-B
46,8445.0411407793,7058.523292051923,4636.374532435386,26874.301729537146,0.7618885501024052,0.6243519788685894,0.43664490064584693,2.476330030620939,7.317527610999605,4,True,39559.886311543996,,,,,,deltaRIC1,FGO-B
47,8443.48047958909,7056.163669212946,4637.123772607469,26866.85205933829,0.761714731516376,0.6242515138908871,0.43648525704083113,2.475486508992082,12.088657854999838,5,True,39581.5662519025,,,,,,deltaRIC1,FGO-B
48,8445.885729047684,7057.36590998641,4639.673712740269,26883.85007256043,0.7619714904065256,0.6242199362166823,0.43697828712875775,2.47716040788596,9.00998370600064,5,True,39564.36493018386,,,,,,deltaRIC1,FGO-B
49,8446.674017851616,7058.334413085359,4639.635468105715,26886.922898128363,0.7619597558890383,0.624348989199103,0.4367734072497332,2.4770048304264405,10.346196962998874,4,True,39567.62992913737,,,,,,deltaRIC1,FGO-B
50,8443.475698723934,7056.812308579642,4636.127901214598,26868.78276326589,0.761778443931803,0.6243801253912198,0.43641248453224135,2.4755775841129917,6.087529521000761,4,True,39583.59312364065,,,,,,deltaRIC1,FGO-B
51,8443.03429572668,7056.354163364522,4636.021358879304,26868.327119642126,0.7617345688044493,0.6241830695729546,0.4366177378098426,2.4758233956044173,18.856812211999568,5,True,39587.684974024545,,,,,,deltaRIC1,FGO-B
52,8444.240230037793,7056.82191829638,4637.505523019947,26872.04331067545,0.7617709905963996,0.6241771557067431,0.4366897301380695,2.476102610620858,7.03285966400108,4,True,39573.610135837014,,,,,,deltaRIC1,FGO-B
53,8445.579440650627,7058.768018318055,4636.982440328056,26874.895701843172,0.7619155647830267,0.6243954060793833,0.43662994025330015,2.476395210138609,4.546495151998897,4,True,39551.992915503324,,,,,,deltaRIC1,FGO-B
54,8447.820159978026,7059.590688377419,4639.810854755394,26890.307644943223,0.7621674652226267,0.6245744442497235,0.43681347121401026,2.477451818284432,10.058806765000554,4,True,39547.40577634384,,,,,,deltaRIC1,FGO-B
55,8443.864294317305,7057.8520450888545,4635.252822714396,26867.153402492877,0.7616670346063068,0.6241312780595987,0.43657395633919427,2.4757148294231097,11.386970802999713,4,True,39571.898496097005,,,,,,deltaRIC1,FGO-B
56,8445.546129748847,7059.487879072649,4635.825742512554,26876.925426785587,0.7619639444099715,0.6245374610558307,0.43651118235245584,2.4762913136080895,12.081755380999311,5,True,39561.12979119651,,,,,,deltaRIC1,FGO-B
57,8444.381809798822,7057.996153145084,4635.976105616855,26870.379783010016,0.7618122512532703,0.6243137614144764,0.43656641358226833,2.475970184709524,9.712492610999107,4,True,39568.497876506815,,,,,,deltaRIC1,FGO-B
58,8444.102329549052,7059.218240044846,4633.605722470771,26868.03494617236,0.7617587614565228,0.6243996541847243,0.4363501833502219,2.4755683977179137,10.064336761000959,4,True,39567.85231338201,,,,,,deltaRIC1,FGO-B
59,8443.944032111975,7057.963682393001,4635.228093142867,26866.728889789003,0.7617155882282394,0.6242665245605175,0.4364652834568011,2.4756019483487446,13.220275523000964,5,True,39573.65945521892,,,,,,deltaRIC1,FGO-B
60,8445.54226457149,7057.369154825433,4639.043517276152,26876.764919981928,0.7617985990429178,0.6242113533718789,0.4366890104243517,2.476362600164357,7.024183468000047,4,True,39557.53763114816,,,,,,deltaRIC1,FGO-B
61,8444.919353329262,7057.439389635362,4637.802512597788,26873.122207903332,0.7618248844367614,0.624315263720761,0.43658630994611075,2.4760955573212935,11.133527911999408,6,True,39563.39993466527,,,,,,deltaRIC1,FGO-B
62,8446.055421701622,7059.044744549446,4637.428110591499,26882.902424179778,0.7619989056720703,0.6244486737591766,0.43669919405219665,2.476845021031093,5.6725061329998425,4,True,39563.8545630157,,,,,,deltaRIC1,FGO-B
63,8448.33465005691,7057.53475426202,4643.873550360296,26896.772939636354,0.7621910036291805,0.6244752148291212,0.436996375359545,2.477837464965711,11.263541226999223,6,True,39546.92320550852,,,,,,deltaRIC1,FGO-B
64,8443.606776971428,7058.7204061144375,4633.461085670352,26867.513377676198,0.7617434630532639,0.6243448814942936,0.43640184744826155,2.4756617799966554,10.468913343000168,4,True,39573.257135773776,,,,,,deltaRIC1,FGO-B
65,8444.006603764577,7058.230429561275,4634.9358925054285,26869.53774042703,0.76184140650504,0.6244254094311721,0.4364576001426607,2.475811474144683,9.65396051300013,4,True,39572.336767874054,,,,,,deltaRIC1,FGO-B
66,8444.025046414625,7058.29040107277,4634.878164375146,26869.14136002127,0.7617910532222072,0.6243181215828638,0.4365231859049921,2.475784682292112,7.308032586999616,5,True,39565.92218597466,,,,,,deltaRIC1,FGO-B
67,8445.066571953517,7057.404195936205,4638.124127264039,26876.08264831537,0.7618015088658553,0.6242185987755187,0.4366837297782249,2.4763426656517584,9.35590107600001,5,True,39572.17708564771,,,,,,deltaRIC1,FGO-B
68,8445.869884456002,7058.504117046493,4637.913079694203,26880.78105845914,0.762005620126523,0.6245186322193613,0.4366108600519059,2.476634639413389,7.011322007001581,4,True,39564.59817115256,,,,,,deltaRIC1,FGO-B
69,8446.452699443185,7058.5788209380835,4638.860661039025,26880.832255886577,0.7619022095976088,0.6243797331390203,0.43662904831786503,2.4765374559971387,21.18136154900094,6,True,39562.514267066035,,,,,,deltaRIC1,FGO-B
70,8447.036238717672,7058.205765373245,4640.490555088058,26889.523406503435,0.762120800057516,0.6245819734290285,0.4367212753551271,2.4772061925898,102.54278460599926,13,True,39562.73070340131,,,,,,deltaRIC1,FGO-B
71,8447.104610372704,7058.637883279355,4639.957707922921,26886.239684293683,0.7619523600343735,0.624318490656506,0.4368040993240948,2.4770863305528903,8.51716796799883,4,True,39552.99832270038,,,,,,deltaRIC1,FGO-B
72,8442.492851021334,7057.10517944281,4633.891671783858,26854.346347045055,0.7614481759190519,0.6240241195753939,0.4363453022533939,2.4746141767818464,14.341981658000805,4,True,39582.12130087491,,,,,,deltaRIC1,FGO-B
73,8445.26917807529,7057.454844409481,4638.415959060769,26874.86569081555,0.7617862693091906,0.6241023320780991,0.43682330432646677,2.4764925329598415,13.781353361999209,4,True,39560.88137591526,,,,,,deltaRIC1,FGO-B
74,8444.259979392895,7056.562844478985,4637.935685355626,26873.262580371946,0.7619058873544887,0.6244160895865987,0.43658347226024447,2.4760869050720578,9.059734760001447,5,True,39566.81506968003,,,,,,deltaRIC1,FGO-B
75,8442.595033877238,7056.990217770914,4634.252903363629,26862.565804305275,0.7616637139645397,0.6242950397598853,0.4363339506633186,2.475194216965508,7.37450531399918,4,True,39587.5909576751,,,,,,deltaRIC1,FGO-B
76,8445.355832296405,7059.846406309273,4634.932993412631,26877.747493730734,0.7619981530142562,0.6245898144867141,0.4364959894851154,2.4763848523048924,7.061086746000001,4,True,39565.34142284273,,,,,,deltaRIC1,FGO-B
77,8443.570271278306,7058.112213566777,4634.32097579724,26863.22169962715,0.7617966537070239,0.6243889683587639,0.4364316186885386,2.475506359236857,16.879719887001556,5,True,39564.65671167768,,,,,,deltaRIC1,FGO-B
78,8444.131411452528,7058.833744388858,4634.244432802011,26870.60563089172,0.7618531304402459,0.6244598213021101,0.4364288303273962,2.4758313597790234,7.445160608000151,4,True,39570.71314944837,,,,,,deltaRIC1,FGO-B
79,8443.780874104603,7057.160021751535,4636.154427678888,26867.373751129322,0.7617244017402748,0.6242560115579123,0.4364957001396318,2.475639029588529,14.692131099000107,5,True,39574.604567930306,,,,,,deltaRIC1,FGO-B
80,8443.488584171306,7056.893024461038,4636.028506420589,26863.280520122385,0.7616688250070668,0.6243300297260133,0.43629280646139607,2.4751253438627736,15.042181061999145,4,True,39580.76958584423,,,,,,deltaRIC1,FGO-B
81,8444.521588222698,7059.001343236415,4634.700086321195,26870.220485322763,0.7617969389454783,0.6243798432896209,0.43644517121893917,2.4758237341878617,9.398722212999928,4,True,39571.61080065119,,,,,,deltaRIC1,FGO-B
82,8445.40080293926,7055.339912402808,4641.871760695576,26875.804447922827,0.7617596576366016,0.6240329209327918,0.43687605747479474,2.4763807208871795,6.362697020998894,4,True,39569.5820628072,,,,,,deltaRIC1,FGO-B
83,8445.712352413042,7056.612332011726,4640.504232882702,26879.532390930854,0.7619008606129398,0.6242447183404016,0.4368197031119944,2.4766683792235122,10.835892999999487,5,True,39567.88219826934,,,,,,deltaRIC1,FGO-B
84,8442.651899739414,7056.877013234765,4634.528877917617,26860.980660201007,0.7616620662212891,0.6242932632656778,0.4363336161259805,2.475090728067568,14.721785576999537,5,True,39585.825789972245,,,,,,deltaRIC1,FGO-B
85,8442.723789338308,7057.756845123083,4633.319900263444,26861.922740067752,0.7616998828762586,0.6243510000006414,0.4363170182011069,2.475186914280221,9.67129822500101,5,True,39582.363828027366,,,,,,deltaRIC1,FGO-B
86,8445.245235096263,7059.0021547761135,4636.01721953039,26871.600211502908,0.7617531677989205,0.6242613443627124,0.43653827161676156,2.4759742766025736,6.47050364000097,5,True,39564.639695674734,,,,,,deltaRIC1,FGO-B
87,8445.759670777343,7057.723273641107,4638.900581951898,26878.591947372417,0.7619334333352283,0.6243057556244249,0.4367892859586011,2.4766810498644727,9.516740180999477,4,True,39560.26505077814,,,,,,deltaRIC1,FGO-B
88,8444.337253065352,7056.782004920298,4637.742918547807,26872.461450676088,0.7619132338018665,0.6243111816510272,0.43674629283820593,2.4763702267894963,12.194202470000164,5,True,39572.117960303316,,,,,,deltaRIC1,FGO-B
89,8446.371476770979,7059.460909199516,4637.370245634298,26879.371747613597,0.7619813502458412,0.6245486302760968,0.4365255852097638,2.4764738007373035,8.702701866001007,4,True,39555.01731652629,,,,,,deltaRIC1,FGO-B
90,8446.160984532122,7057.709454767738,4639.652209887579,26882.94630272398,0.7619617081558951,0.6243443951923546,0.4367833798208698,2.476897556301624,10.608828960999745,6,True,39565.042369902265,,,,,,deltaRIC1,FGO-B
91,8442.361621200575,7056.9596554867985,4633.874206746664,26859.980831110926,0.7616599400746985,0.6243269561691546,0.43628169353658647,2.474973168667506,6.19240790799995,4,True,39587.43191509578,,,,,,deltaRIC1,FGO-B
92,8444.133613387059,7058.854642280169,4634.216613397876,26867.971636897466,0.7618270169138769,0.6244332577292159,0.43642125331103554,2.475755549198454,13.334574787999372,5,True,39563.07711073803,,,,,,deltaRIC1,FGO-B
93,8446.825700812675,7057.6203966113335,4640.997603667255,26890.198333854358,0.7620899356300193,0.6245560779468916,0.4367044486699937,2.4771075245841687,9.044744983000783,5,True,39563.91265725293,,,,,,deltaRIC1,FGO-B
94,8445.010559125873,7058.690517201527,4636.0642279973545,26876.087251823275,0.7619733713414382,0.6246198138570076,0.4364097922488385,2.4760963890755923,8.766572540998823,5,True,39570.149698067406,,,,,,deltaRIC1,FGO-B
95,8444.394826764179,7057.062007261019,4637.421677608657,26874.62382851168,0.7618359702752459,0.6242617847427551,0.4366821151764926,2.476260440711755,16.509814992999964,4,True,39573.36035704692,,,,,,deltaRIC1,FGO-B
96,8446.839559673412,7058.2202922653305,4640.11043540104,26884.795900362056,0.7620360363252782,0.6244959331845128,0.43669640494781387,2.4768657358569106,11.97621463500036,5,True,39556.86978260704,,,,,,deltaRIC1,FGO-B
97,8445.284332669818,7057.464128798474,4638.42942496284,26877.928343704236,0.7619188965523666,0.6243750183886503,0.4366649073783562,2.4764064039961693,12.616147623999495,5,True,39569.151985475866,,,,,,deltaRIC1,FGO-B
98,8447.69120480427,7058.775939239359,4640.815545929715,26891.222381628613,0.7621822121505366,0.6245194384077523,0.4369178361769535,2.477648676873916,6.931486264998966,4,True,39545.9655229548,,,,,,deltaRIC1,FGO-B
99,8445.001626882287,7057.9716680562915,4637.142267707469,26872.733453515943,0.7618005751710503,0.6242219585003486,0.4366772983072652,2.476160137536905,9.638169269001082,4,True,39566.625921027815,,,,,,deltaRIC1,FGO-B
100,8444.600842800006,7057.4962910160575,4637.135915251262,26871.34119126781,0.7617943981245917,0.6242079316531133,0.43668657304221203,2.47616567782365,6.428621951999958,4,True,39564.13344570398,,,,,,deltaRIC1,FGO-B
101,8444.015512310034,7056.196935389966,4638.047302596832,26870.868397603732,0.7618192465165639,0.6242275972820296,0.4367018103403849,2.476079071483724,10.65731305099871,4,True,39570.72525874144,,,,,,deltaRIC1,FGO-B
102,8444.874454692848,7058.723044525418,4635.766768961706,26872.25018507222,0.7618449758801337,0.6243859761197854,0.4365202401936756,2.4760174844666287,10.097049833999336,5,True,39566.70807173918,,,,,,deltaRIC1,FGO-B
103,8445.957763507302,7059.1625850002,4637.0708579320335,26879.95483535547,0.7619485371744342,0.624388447420216,0.43669742388801924,2.476730957566203,4.465866083999572,4,True,39561.98406201753,,,,,,deltaRIC1,FGO-B
104,8442.534786087115,7056.833714428187,4634.381462633465,26858.32820667036,0.7616146783238206,0.6242886079864273,0.43625755257263515,2.4747686256239882,17.87633715300035,5,True,39580.92915728811,,,,,,deltaRIC1,FGO-B
105,8442.941320871385,7058.904110051289,4631.968362670289,26861.298213662583,0.7617333911033729,0.6244289620420156,0.4362639458916759,2.475137347643698,6.985447347000445,4,True,39577.845362917236,,,,,,deltaRIC1,FGO-B
106,8445.589154453946,7058.126074368773,4637.977197458585,26878.166722494763,0.7619010752091686,0.624281930412107,0.43676689408175207,2.4766768987710877,7.342639779999445,4,True,39558.31087247241,,,,,,deltaRIC1,FGO-B
107,8444.634040101557,7057.68741959314,4636.905472247486,26871.18514887747,0.7618568166167472,0.6243058111313238,0.43665554297760145,2.476210011037911,11.021315415000572,4,True,39561.14090407478,,,,,,deltaRIC1,FGO-B
108,8446.28777468754,7059.530214278117,4637.11228314892,26879.638890675724,0.762004189433265,0.6245714908277323,0.4365327451166417,2.4765306130900346,71.665766832999,13,True,39553.10872645359,,,,,,deltaRIC1,FGO-B
109,8446.832664616608,7058.9959387871895,4638.917804857082,26883.955776095056,0.762035754172179,0.6244169732490351,0.43680880732338195,2.4771581322919016,4.781921435998811,4,True,39558.62435852794,,,,,,deltaRIC1,FGO-B
110,8446.209156390309,7058.703228618649,4638.227877517463,26885.71850548236,0.7621197372619731,0.6245659642662089,0.4367423155643151,2.477143196738142,14.161810065999816,4,True,39559.99791616146,,,,,,deltaRIC1,FGO-B
111,8444.77518105598,7057.366898327729,4637.650301711753,26870.879080551294,0.7617632959890884,0.624323699221838,0.43646676586668026,2.475758889786405,14.52522403599869,4,True,39560.23700888875,,,,,,deltaRIC1,FGO-B
112,8443.452067697712,7056.508275466804,4636.547614095781,26868.808208522238,0.7617276559276098,0.6242078110981845,0.43657030403932023,2.4757713424523295,10.438595315999919,6,True,39577.267692689216,,,,,,deltaRIC1,FGO-B
113,8445.259909138616,7056.996852102653,4639.095856125116,26881.3529504941,0.7619983400882704,0.6243486345308684,0.43684122156307487,2.4769464547382536,10.03664698600005,4,True,39569.17533428136,,,,,,deltaRIC1,FGO-B
114,8442.831118428263,7055.784342784347,4636.518586441761,26864.001083287993,0.76171290746101,0.6242694094354072,0.43645647874200827,2.47538087797319,6.99488642399956,4,True,39582.36157409169,,,,,,deltaRIC1,FGO-B
115,8446.242713045183,7058.596160265336,4638.451919978939,26880.795103101915,0.7619905122605601,0.6244608292590179,0.4366671655806636,2.4767010713952136,12.098301998999887,5,True,39558.07046516088,,,,,,deltaRIC1,FGO-B
116,8444.643890011792,7056.613746251397,4638.55719651373,26871.871741811727,0.7617449614907071,0.6240848315783288,0.43677626921609186,2.476172139731338,6.310004675000528,5,True,39567.40430961447,,,,,,deltaRIC1,FGO-B
117,8446.009408359263,7059.178625211684,4637.140505036232,26883.287585739105,0.7619988387426234,0.6244869475580713,0.43664434334445357,2.4767900967485006,9.424488461998408,4,True,39563.412674590676,,,,,,deltaRIC1,FGO-B
118,8443.951405058082,7058.578647542385,4634.304997239724,26868.802340676026,0.7618269246629354,0.6243779527565805,0.43650021220256846,2.4758449081303,22.31782406000093,6,True,39573.804848379434,,,,,,deltaRIC1,FGO-B
119,8446.668938881981,7058.487369265016,4639.393518661668,26884.17939598093,0.7621481406363261,0.6245958144154464,0.43674919220316155,2.4771048968659723,10.139106120999713,4,True,39547.54805825523,,,,,,deltaRIC1,FGO-B
120,8446.384413445612,7057.856698599382,4639.834962768913,26881.86352381414,0.7618998871374776,0.6241425945047584,0.4369639112615249,2.477083333495324,10.986772866999672,6,True,39556.342547463755,,,,,,deltaRIC1,FGO-B
121,8444.010728913632,7058.853066349491,4633.995099015203,26866.35195114722,0.7616898220894616,0.6242322220985304,0.43646937804227054,2.4755926976705864,13.926514234000933,5,True,39569.46758511948,,,,,,deltaRIC1,FGO-B
122,8442.855381880488,7056.1526898692255,4636.00218039203,26862.645950023372,0.7616094128891192,0.6241812870627232,0.43640190041065496,2.4751295347890707,4.735541067999293,4,True,39581.84501220612,,,,,,deltaRIC1,FGO-B
123,8445.389140416975,7060.696631087918,4633.698395106947,26877.53436943689,0.7619602670932646,0.6246393021888018,0.43635901593748005,2.476163903724607,7.29802851400018,4,True,39564.909259434244,,,,,,deltaRIC1,FGO-B
124,8443.483106977963,7057.277999329964,4635.432473674435,26866.906869700753,0.7617152475412556,0.6242066120059403,0.4365503680732636,2.4757004049100053,12.95314717600013,5,True,39575.0215813884,,,,,,deltaRIC1,FGO-B
125,8444.320074045172,7057.829310999775,4636.1176570180705,26871.789722961425,0.7617914128992642,0.6243027123143902,0.43654585115879063,2.4760024362843653,13.305935136000699,5,True,39575.509094789944,,,,,,deltaRIC1,FGO-B
126,8442.514307762614,7058.129875773933,4632.36985715561,26860.439853045908,0.7616235424162094,0.6243123935216202,0.436238989153791,2.4749428869713253,9.057280376000563,5,True,39576.28677764506,,,,,,deltaRIC1,FGO-B
127,8444.570569169453,7058.58019151014,4635.430700345285,26874.579642996803,0.7618247457267573,0.6243725397183716,0.4365041521535263,2.47610197073211,14.950669494999602,4,True,39576.69339192416,,,,,,deltaRIC1,FGO-B
128,8442.753254126163,7056.555854465643,4635.202474850969,26862.195245504554,0.7616721923216733,0.624242575481288,0.436423802642102,2.4752115898026603,13.866519331000745,5,True,39582.0760341562,,,,,,deltaRIC1,FGO-B
129,8444.326222773081,7057.796589461691,4636.178669809439,26869.20799461836,0.7618726774218277,0.6244910327312818,0.436418293200596,2.4757477427887045,15.703848827999536,5,True,39566.99158102867,,,,,,deltaRIC1,FGO-B
130,8442.901729452899,7058.162676338098,4633.025927786997,26860.924482572857,0.7615526841642366,0.6241605519677343,0.43633255221801487,2.4749888752281484,4.25192658999913,4,True,39575.434053603094,,,,,,deltaRIC1,FGO-B
131,8444.941805009606,7056.946624982833,4638.593151176582,26874.18723409429,0.7618410621033351,0.6243355613386656,0.43658551367936055,2.476113550471693,9.464863003999199,4,True,39567.01859498288,,,,,,deltaRIC1,FGO-B
132,8443.589472544696,7056.010064640638,4637.555945598677,26868.023084679477,0.7617473328319839,0.6242142385852495,0.43659544594976996,2.4757670278212336,9.078403640000033,5,True,39577.525134010044,,,,,,deltaRIC1,FGO-B
133,8446.214859751664,7058.244657204179,4638.936065105715,26880.27502956031,0.7619406232823497,0.6245098396513743,0.4365099925391287,2.4763001111691976,7.011616873000094,4,True,39565.14794888422,,,,,,deltaRIC1,FGO-B
134,8444.236852641532,7057.93955475857,4635.798233841044,26872.52559811313,0.7619600860550487,0.6245629393254978,0.4364679914519641,2.476071110169239,4.3096140710003965,4,True,39570.51368584147,,,,,,deltaRIC1,FGO-B
135,8445.515444375747,7057.683324656527,4638.516703651553,26879.435762091176,0.7618763296930712,0.6242097611930876,0.4368268716297725,2.476739121354712,9.741578995999589,4,True,39565.038681894854,,,,,,deltaRIC1,FGO-B
136,8446.466915186678,7059.379503855165,4637.667988320505,26883.065623900886,0.7620348044599989,0.6244628159838588,0.4367416108660799,2.4770017387002174,9.057897413000319,4,True,39554.74110154698,,,,,,deltaRIC1,FGO-B
137,8444.36165839295,7057.774584871067,4636.276709481972,26871.639542845256,0.7617327453035443,0.6241659865190832,0.43663897734894663,2.476042604469067,11.734264333001192,5,True,39575.24599843926,,,,,,deltaRIC1,FGO-B
138,8446.15632562322,7057.838322090051,4639.447693002068,26882.746595701345,0.7619781024768238,0.6243667412494026,0.43678003740530835,2.4768874763454662,79.62717465899914,13,True,39560.84082642343,,,,,,deltaRIC1,FGO-B
139,8445.700875439794,7057.446047929676,4639.215295496245,26882.48831126721,0.7619552297373866,0.6243304106013592,0.4367920678337599,2.476884604926888,18.886564297001314,5,True,39564.016524681065,,,,,,deltaRIC1,FGO-B
140,8443.902283514893,7056.373325492777,4637.572777307331,26870.246857717866,0.761891740444513,0.6243947731871752,0.43658927079591103,2.4759805732423907,10.14876976099913,6,True,39578.61645403852,,,,,,deltaRIC1,FGO-B
141,8443.03901499898,7056.841196226627,4635.288571387297,26866.28159626194,0.7617178746499796,0.6242019746803905,0.43656158255895955,2.4757356472456284,16.475094558998535,5,True,39575.1214368124,,,,,,deltaRIC1,FGO-B
142,8443.196335370376,7055.194701122975,4638.080646868706,26864.027595994958,0.7616265880179,0.6241410545601138,0.4364894083347006,2.4753006970731732,10.080708008999864,5,True,39578.63640383112,,,,,,deltaRIC1,FGO-B
143,8445.661090141051,7058.527430433082,4637.497359928767,26879.23383564284,0.7619398895614364,0.6244228980206339,0.4366330721926671,2.4765634170399005,13.475912128000346,5,True,39568.1529441071,,,,,,deltaRIC1,FGO-B
144,8444.61457139555,7057.175728131964,4637.648757904285,26874.161804454878,0.7618302272864449,0.6243555905391431,0.43653796143042833,2.476028082405124,12.689818269998796,5,True,39574.78677907527,,,,,,deltaRIC1,FGO-B
145,8445.552521918487,7059.004111622405,4636.573988688381,26877.979616380017,0.7618777778851027,0.6243049886559476,0.43669329004970875,2.4765468054182262,18.212703639999745,6,True,39567.54902990526,,,,,,deltaRIC1,FGO-B
146,8445.841699232127,7058.266307261691,4638.223662595696,26880.713463122564,0.7619774754537205,0.624507156261611,0.43657815437428965,2.476585394871721,6.8470648680013255,4,True,39565.368163304964,,,,,,deltaRIC1,FGO-B
147,8444.760747393913,7059.060267064987,4635.04608679023,26870.07957391655,0.7618222072170963,0.6243506931541646,0.4365309695394391,2.4759662152046684,13.031041913000081,5,True,39566.11198234082,,,,,,deltaRIC1,FGO-B
148,8442.54945048079,7056.621594282851,4634.731157134623,26859.305443670688,0.7616159683514954,0.6241759536269271,0.4364209689759442,2.4751091094420965,10.640121600999919,4,True,39579.809877726235,,,,,,deltaRIC1,FGO-B
149,8446.902131948893,7059.443532304552,4638.363142416319,26882.895524771357,0.7620455172963729,0.6244599683861864,0.43676437390728173,2.47703038105845,8.838430330000847,5,True,39554.00955393244,,,,,,deltaRIC1,FGO-B
150,8443.31699953022,7055.262708212928,4638.196855746418,26868.913757289112,0.76167560333395,0.6239036565299739,0.4369141243799121,2.476222995466463,7.321410253000067,4,True,39575.31034085934,,,,,,deltaRIC1,FGO-B
151,8445.418267172205,7058.778973750405,4636.6722018302235,26875.8369085137,0.761829437242865,0.6243485536269576,0.4365466470306538,2.4761478895034124,7.2413699720000295,4,True,39563.70222986235,,,,,,deltaRIC1,FGO-B
152,8443.835550627959,7057.77190193191,4635.3224900053065,26866.439200646368,0.7616465192685421,0.6242637243152873,0.43634873990638795,2.4752998101633543,12.168702956998459,5,True,39575.89606913734,,,,,,deltaRIC1,FGO-B
153,8444.902963721255,7056.648764619046,4638.975563577429,26877.69532382423,0.7618218129185015,0.6241357391900975,0.43683755985956946,2.476567241065206,21.695152944001165,7,True,39574.4463908999,,,,,,deltaRIC1,FGO-B
154,8445.15831917655,7057.9754204916435,4637.421913056077,26878.420134189408,0.7620029505770733,0.6245116282198508,0.4366162192433495,2.4765073219877474,13.855144416998883,6,True,39563.14065695902,,,,,,deltaRIC1,FGO-B
155,8445.41614087633,7058.337040732147,4637.3410497830555,26880.312398756152,0.7619411513660566,0.6244175527415621,0.436642918153118,2.4766270268157426,9.683756530999744,4,True,39564.79807510592,,,,,,deltaRIC1,FGO-B
156,8444.699724715825,7058.348370287036,4636.018952105555,26869.038726287396,0.7617436336474789,0.6242533464011698,0.43653307195378155,2.475830981538553,10.228244865998931,4,True,39560.938373172816,,,,,,deltaRIC1,FGO-B
157,8446.387800202285,7058.166340772215,4639.370084116608,26881.34988729983,0.7619196743682193,0.6243544853645554,0.43669562259603034,2.4766703900707214,9.682843063999826,4,True,39561.905885836815,,,,,,deltaRIC1,FGO-B
158,8443.0057520063,7057.588709506359,4634.089741886732,26862.28185870064,0.7616820838709446,0.6243224744599312,0.43632676376107526,2.47513371187269,7.045677271000386,4,True,39574.285845766404,,,,,,deltaRIC1,FGO-B
159,8443.41492654134,7056.552924673174,4636.4120225695615,26867.42212620888,0.7617821034407565,0.6242122369349765,0.43665897034557316,2.475931339413494,10.965165476998664,5,True,39575.46853825257,,,,,,deltaRIC1,FGO-B
160,8443.58260384754,7058.188860892969,4634.226709167694,26872.624644797026,0.7618471758456797,0.6244979793292276,0.4363638311750297,2.4757801426510384,14.344977464999829,6,True,39581.384228631076,,,,,,deltaRIC1,FGO-B
161,8443.611337677316,7057.012453399243,4636.070281425951,26865.762393986188,0.7616060835202205,0.6240094946836784,0.43664170323003887,2.475692719081737,15.147265515999607,5,True,39574.03597394596,,,,,,deltaRIC1,FGO-B
162,8443.848537149453,7059.125272328098,4633.284850718733,26871.214280883494,0.7617667260155478,0.624277945175886,0.4365381908051349,2.47601503960116,10.033844949000922,4,True,39574.40207124042,,,,,,deltaRIC1,FGO-B
163,8447.878158371968,7058.7844685783475,4641.142877013729,26889.767763693646,0.7621094839482088,0.6244410293989175,0.4369030399608422,2.477460624785676,7.112701590998768,4,True,39548.81381691784,,,,,,deltaRIC1,FGO-B
164,8444.821298175135,7057.888061426903,4636.941111387973,26873.04743393785,0.761773796663777,0.6241895869077818,0.43667685635883907,2.4762258663183556,8.944941826999639,4,True,39565.73486473638,,,,,,deltaRIC1,FGO-B
165,8446.84953648985,7059.55308777682,4638.100612638708,26886.538352593165,0.7620465683786982,0.624500097030985,0.4367088288391252,2.477045210133035,9.63320353600102,4,True,39554.236753431236,,,,,,deltaRIC1,FGO-B
166,8446.32519864161,7057.859819370258,4639.722419641834,26885.572830838053,0.7620310552701273,0.6243084823995275,0.4369556590777863,2.4773315954324175,10.312305270999786,4,True,39563.665075909055,,,,,,deltaRIC1,FGO-B
167,8445.219250141165,7058.545476405004,4636.6651745060635,26874.60213191742,0.7617519795186457,0.6242045605673673,0.43661738956147306,2.476137111853796,16.040787549000015,4,True,39566.69689452343,,,,,,deltaRIC1,FGO-B
168,8442.717630828345,7057.501326981891,4633.697876809471,26860.713184196215,0.7615931132868293,0.6241619064210497,0.43640117412624596,2.4751173027432447,9.69104832300036,4,True,39581.21502148819,,,,,,deltaRIC1,FGO-B
169,8445.875919500399,7058.156202342438,4638.453521480159,26876.365363049306,0.7617823617901864,0.6241135112393632,0.4368005171964748,2.4765036792797317,6.231142983999234,4,True,39566.03820663211,,,,,,deltaRIC1,FGO-B
170,8445.132208342835,7059.364332306669,4635.259781300927,26875.855673239093,0.761890184617268,0.624378048277613,0.43661047427332006,2.4764406610543763,9.202229819000422,4,True,39563.85135890616,,,,,,deltaRIC1,FGO-B
171,8446.598898126442,7058.106778084467,4639.845003336741,26880.746791994115,0.7618715015431284,0.6242353801172957,0.4367818392211339,2.476737286289906,10.111594703999799,4,True,39555.57135981737,,,,,,deltaRIC1,FGO-B
172,8443.780342018845,7057.595035477697,4635.4912123166005,26867.495539512624,0.7617571061145411,0.6244339328288201,0.4362982377318671,2.475371174075916,8.754870931999903,5,True,39574.23079900249,,,,,,deltaRIC1,FGO-B
173,8445.211385360963,7058.673040212374,4636.4566486498525,26873.833485770774,0.7619442006276705,0.624488255368833,0.4365471151852123,2.476232305308097,9.720232492998548,5,True,39556.62888517694,,,,,,deltaRIC1,FGO-B
174,8445.394520490245,7059.365951036833,4635.735214188626,26872.234828039404,0.7618194981803142,0.6242676525283221,0.4366449883079889,2.4763029348250942,16.662055717999465,4,True,39550.913396777665,,,,,,deltaRIC1,FGO-B
175,8445.599574472915,7059.022475106771,4636.6317374010405,26876.06202965892,0.7619139910190285,0.6245371034665582,0.43642449072450756,2.4761334902521877,7.017878325999845,4,True,39561.94384360032,,,,,,deltaRIC1,FGO-B
176,8444.32532368574,7056.669777147572,4637.891959557953,26873.64255488008,0.7618567310686268,0.6243607205133649,0.4365768767978967,2.476056733507267,10.572894262000773,4,True,39574.546931250334,,,,,,deltaRIC1,FGO-B
177,8444.270230236405,7058.318052199359,4635.282730886374,26865.77783617847,0.7616947476456165,0.624237234889777,0.43647080448534564,2.4755937325741115,8.714888137001253,4,True,39562.30950976663,,,,,,deltaRIC1,FGO-B
178,8443.791661362739,7057.542123358953,4635.592389060207,26867.200554388757,0.7617751290704825,0.6242746479921877,0.4365575691069627,2.4758306748324506,12.130231057000856,5,True,39570.16032884904,,,,,,deltaRIC1,FGO-B
179,8443.812418276098,7057.121815233606,4636.2700352748625,26868.625872949255,0.761778167264834,0.624290183387632,0.4365406545182318,2.4758003699741833,6.419950464000067,4,True,39573.489201045326,,,,,,deltaRIC1,FGO-B
180,8446.155549838912,7059.407209777402,4637.058703382723,26882.58869668493,0.7621044535784605,0.6246839177939253,0.43654690585749933,2.4767279695263755,6.995017600998835,4,True,39563.724614146755,,,,,,deltaRIC1,FGO-B
181,8445.853546038084,7057.602133287348,4639.255786151693,26879.465216097444,0.7618718080922444,0.6243535816989487,0.43661339533440763,2.4763254635161784,15.685771831998863,5,True,39572.73487037362,,,,,,deltaRIC1,FGO-B
182,8448.358338664386,7058.121843622742,4643.024300933129,26898.01629498915,0.7621850278149631,0.6243166058372522,0.43721252532509763,2.4782898736445764,9.42953008800032,5,True,39550.084434910204,,,,,,deltaRIC1,FGO-B
183,8442.797222152278,7057.343090572311,4634.083883178364,26863.047067027714,0.7616668778961423,0.6242478777688297,0.43640694309917777,2.475285409571853,7.09507239100094,4,True,39587.78559414886,,,,,,deltaRIC1,FGO-B
184,8446.196548713717,7059.162054918931,4637.506573784694,26884.32750779296,0.7620939912882552,0.6246105542774902,0.4366336073217792,2.4768996505939955,7.020311075000791,4,True,39561.249474007105,,,,,,deltaRIC1,FGO-B
185,8446.334768367984,7058.992535510988,4638.016321978828,26879.168441924143,0.7619467560881771,0.6244810428624553,0.43656189276976104,2.4763982036146563,17.533714490999046,4,True,39555.49211186819,,,,,,deltaRIC1,FGO-B
186,8446.493709228358,7057.284777797714,4640.903742278966,26883.900982922405,0.7620023382817049,0.6244310056600777,0.43673044629053515,2.4768594152026293,12.149696788001165,5,True,39557.89859394554,,,,,,deltaRIC1,FGO-B
187,8442.683525311417,7057.098019906847,4634.249955061949,26861.93392016369,0.7616405554601238,0.6241917248148393,0.4364413206769976,2.4752789888046802,7.322977587000423,4,True,39577.767346014945,,,,,,deltaRIC1,FGO-B
188,8443.27243295883,7055.894631572187,4637.154334860264,26865.260352145993,0.7616926136098997,0.6241749884178621,0.43655609199900275,2.475536054278761,10.128542365000612,6,True,39579.03055172503,,,,,,deltaRIC1,FGO-B
189,8444.114669421173,7056.639170877047,4637.554976749879,26867.63964959453,0.7616928284479813,0.6240800759393716,0.4366921383819431,2.4758568662295115,8.580512245000136,4,True,39568.91277695893,,,,,,deltaRIC1,FGO-B
190,8445.619594495409,7058.025081495318,4638.186314057232,26879.450277622407,0.7619563872149702,0.6244606841878302,0.4366078216447301,2.476494819698844,7.035916966000514,4,True,39564.590550872075,,,,,,deltaRIC1,FGO-B
191,8444.910520780866,7057.910476922865,4637.069484462983,26880.380410425267,0.7620123923716107,0.6245989509604326,0.4365077737990847,2.476402976192241,10.099673057999098,4,True,39575.064115617366,,,,,,deltaRIC1,FGO-B
192,8443.707546951175,7057.834655773879,4634.993755141149,26860.614634243553,0.7615783229820925,0.6242024456232975,0.43631737177668134,2.475034843041029,10.133141017000526,4,True,39564.884775872735,,,,,,deltaRIC1,FGO-B
193,8444.16653872705,7058.058870725756,4635.488486786158,26869.901628625463,0.76183061900967,0.6244180018544611,0.4364493682212625,2.475823410336167,10.023920224999529,5,True,39567.059241975,,,,,,deltaRIC1,FGO-B
194,8447.667005752242,7058.443484508003,4641.277132005972,26888.785305254332,0.7620703742989101,0.6243361908439976,0.4369846406757204,2.47751431563484,10.41794348500116,4,True,39544.86374869868,,,,,,deltaRIC1,FGO-B
195,8445.00613131705,7058.663699737689,4636.096993375786,26876.481547000538,0.7618823352430608,0.6243618006995977,0.43662001166068387,2.4763691917447685,10.390881925999565,5,True,39570.0186330652,,,,,,deltaRIC1,FGO-B
196,8444.5692447629,7057.490224595919,4637.087605310958,26873.320911653253,0.7617630620484237,0.6241872006151926,0.43666154088671477,2.4761273360379503,10.586269393001203,4,True,39574.33885223098,,,,,,deltaRIC1,FGO-B
197,8443.933767064646,7057.014294540718,4636.654689452571,26874.03973425976,0.7618506550719253,0.6243386132856371,0.4365978889024652,2.4761373522576235,12.075683065000703,6,True,39583.08687321511,,,,,,deltaRIC1,FGO-B
198,8444.677782496241,7056.813105228761,4638.315604619551,26872.51677388156,0.761788418155999,0.6242702309871418,0.4365870734915084,2.4760490775343382,9.098889465998582,5,True,39571.70558226364,,,,,,deltaRIC1,FGO-B
199,8444.6619982953,7058.211686104655,4636.158329866273,26873.28762837653,0.7618697239943829,0.62434476574996,0.4366223652309908,2.476257919592755,10.533185993999723,4,True,39569.20073585288,,,,,,deltaRIC1,FGO-B
200,8445.292310611363,7058.337970248149,4637.114114341447,26876.317015726672,0.7618572435728566,0.6243203903633429,0.43663544263034126,2.476338845269198,9.119803804000185,5,True,39569.28439597393,,,,,,deltaRIC1,FGO-B
1,13.969453234642662,11.615651271215686,7.7603008459964835,63.319794205656805,0.02803964895302293,0.0025622568986857918,0.02792233430417122,0.8725700161887835,18.42560414500076,7,True,1.444660240884691,-0.001280531920253014,0.0012128461083944497,0.002401723368344433,0.002979770598466627,-0.9435084277356509,deltaRIC1,FGO-G
2,14.80126285017079,12.76985380211887,7.483863696805026,76.93969737721494,0.029275934216037084,0.0026089286489505794,0.029159454993645126,0.928955574285078,22.240487516999565,5,True,7.175262704797732,-0.0036576662919221015,0.0003178586179806153,-0.00046546314962281343,0.0037008394652760217,-9.223523007080075,deltaRIC1,FGO-G
3,15.00142224480178,12.291926550565844,8.59948899890733,82.58928233253295,0.028857160120267886,0.002787717139441268,0.028722192175341433,0.9102813759439577,10.845869314000083,5,True,0.7905634606178136,-0.0036619646660577265,0.00023862748250835786,0.00046002519787857743,0.0036984525782476616,-6.498317242272606,deltaRIC1,FGO-G
4,12.510300302067185,10.44242422284291,6.889367895394032,77.14906675851367,0.028817410791675453,0.0026872343579567044,0.028691844420350356,0.9090182480439927,18.524280985999212,7,True,2.397228567755208,-0.0026855682249214974,0.0005335497502658715,1.136023825454302e-06,0.002738056485404731,-6.30604910250986,deltaRIC1,FGO-G
5,13.965249465943582,11.706536458128614,7.6148011661857,86.70082625943128,0.03132390389862619,0.0028561924247585747,0.031193414694180584,1.0084949412892652,15.042088870999578,6,True,4.016034078846136,-0.004802810283716541,-0.00027470452914080123,0.0005180218011890947,0.004838470397368472,-21.00156623802468,deltaRIC1,FGO-G
6,15.877017331949535,14.357547649351668,6.777942523776836,81.40094471263197,0.02801000756277577,0.0027965859186038578,0.027870048992899573,0.8689524947971252,25.458729750998828,7,True,3.830926213152718,-0.003595435774000122,0.0007474973606778068,2.2571111025992963e-05,0.0036723861676344837,-0.4354127552724094,deltaRIC1,FGO-G
7,12.031137978028685,10.300657883910949,6.216488414288838,60.22555286044859,0.03033147874146268,0.0025653170696938866,0.03022280183860755,0.9733065611161581,37.920426987999235,11,True,7.435223269859262,-0.0008847126428296326,0.0008651338520571095,0.00034586392060109716,0.0012848326326535015,-15.682418392389081,deltaRIC1,FGO-G
8,15.406724021887236,12.91698042429903,8.397544986772791,56.74651059963971,0.02943788310568403,0.0026217990203380092,0.029320899229745186,0.9372637010850225,25.324748234999788,7,True,0.5154560546833542,0.00020938279106541557,0.0013221297030050483,0.00014444148621750585,0.0013463771565587713,-10.377204403688665,deltaRIC1,FGO-G
9,13.150886172610674,10.973741800526001,7.247261415207197,60.445635634933346,0.029780868261458784,0.0025818495663255643,0.02966874057359408,0.951323705859188,11.522436688999733,7,True,2.394027734557857,-0.0007680948792434528,0.0009510528160110443,-0.00028103567227977244,0.0012543732504547021,-12.470499467315676,deltaRIC1,FGO-G
10,13.98620180584697,12.101293828032189,7.01231264573301,67.73519584083361,0.02662147780598418,0.0024755177158181456,0.02650612934045971,0.7813071357028616,74.94620257600036,17,True,3.5918268737034764,-0.0009484636254100121,0.0016578886105800272,-0.0001977050834458538,0.0019202252976766058,12.297239752741007,deltaRIC1,FGO-G
11,15.589761054244898,14.616230424382575,5.422772160971194,71.04879452636287,0.028359550494705173,0.0025670059733661366,0.028243133406094214,0.8881505193373254,16.011412908999773,4,True,1.0358422686369926,-0.0020685574966660125,0.0010465706530069507,0.000547531138501034,0.002382022375288862,-3.1596239739083103,deltaRIC1,FGO-G
12,14.441630475811127,11.679449837624336,8.494182850062364,86.64009086104437,0.03100014412189615,0.002866232938634059,0.030867355641839834,0.9969946846071779,61.86507245900066,13,True,3.3667051941715043,-0.004276506649040224,-0.0002461737299788158,0.0014678782680077607,0.004528109675604864,-19.26623750822182,deltaRIC1,FGO-G
13,14.18191675563942,12.461271417543815,6.770781160412122,72.4241401008711,0.027319624101957603,0.002631918528110801,0.027192551662792698,0.8304651065991848,30.15187382899967,9,True,0.5165518934951008,-0.0018989651392200546,0.0012898872489401914,0.0005110828465599848,0.002351825544337716,5.039105771254981,deltaRIC1,FGO-G
14,10.038257224817862,8.787683268504715,4.8521367338576,77.96339746600962,0.02936260301897722,0.002513419237079159,0.029254831734069685,0.9337523016770655,19.859793092999098,6,True,1.374615163103376,-0.0028205638851208636,0.00069329310068178,0.000616884431810405,0.0029693067129737717,-9.976823669501755,deltaRIC1,FGO-G
15,12.552845608926269,11.8340114825775,4.186896835576843,68.16466160722615,0.028977017218875457,0.0024271538099889358,0.02887518746754142,0.917176180043505,14.00053188000129,7,True,2.1096439676407726,-0.0024189690661826635,0.0007567013191729366,0.0005419157679404929,0.0025918489402604514,-7.393640245762072,deltaRIC1,FGO-G
16,13.917504716234472,12.217300655614205,6.665920957882523,68.01347029970363,0.030434712987767582,0.0025642913104641863,0.030326492786388385,0.9771714181575896,29.34370330099955,10,True,5.0709579780005924,-0.0018412240920782086,0.0002939017088254836,0.0018886582018351472,0.0026539619769429504,-16.285800887468213,deltaRIC1,FGO-G
17,12.425764937909534,10.985200273798549,5.807323758558517,71.72583821102063,0.02934429742524205,0.0024652399716702067,0.029240560583941384,0.9332867568645352,37.62370983599976,11,True,4.4560666042922445,-0.0026555316205524315,0.0005261152749913567,0.001865902858414703,0.003287892782219824,-9.815842887895997,deltaRIC1,FGO-G
18,17.501303257476582,15.481167303687414,8.162663451680478,93.15763773010858,0.03050200842343803,0.003216535427050755,0.030331937256133375,0.9774417328257957,39.49243081299937,12,True,2.949330613081853,-0.004121856716568284,0.00021583848254080884,-0.0002889877103363636,0.004137608359812472,-16.481651461377623,deltaRIC1,FGO-G
19,12.946502560533954,10.745014168802278,7.22195257961104,65.42317305276885,0.028986262821319244,0.0023503018891536144,0.028890820572916153,0.9177930503508255,33.678101431998584,10,True,0.9534893466791392,-0.0017653064716746103,0.0006187617994490857,0.0010360680162591063,0.0021383662075773672,-7.534784771742125,deltaRIC1,FGO-G
20,12.08423277178491,10.971639502198766,5.0647614273993256,71.88893298157353,0.029100728562137617,0.0024995664299262386,0.02899318144856818,0.9222276752663543,105.82505337099974,23,True,1.0118793205016767,-0.002661948711039419,0.0006972890177558977,9.06770079007746e-05,0.0027532535724573656,-8.19690487957996,deltaRIC1,FGO-G
21,11.596524210138309,10.283017480277762,5.360869822764394,68.0461092078588,0.02956505898511951,0.002325654521937453,0.029473446419416037,0.9427114267551024,18.446522916001413,7,True,3.0565155227194087,-0.0024492520733585543,0.0006958259053964078,0.0007237392075054583,0.00264703756111479,-11.219498032231058,deltaRIC1,FGO-G
22,10.625336814800155,9.801413793791582,4.1024468394873335,66.46881046511402,0.028972322699559037,0.002419802453834749,0.028871093479322863,0.9174563039959094,26.25079695400018,7,True,6.248957835092802,-0.001510942213820976,0.000907796103875258,0.0014457385018351587,0.0022797368171361136,-7.567842184580513,deltaRIC1,FGO-G
23,16.257890034442983,14.518726241432468,7.3161175973586365,63.085510966999344,0.0277710655286185,0.0024948131508491086,0.027658777773740713,0.8579324709465189,15.00078147900058,7,True,4.868478173401336,-0.0014425197914479382,0.0011808200455234452,0.0009173916151752337,0.0020776926394976756,1.056071663282637,deltaRIC1,FGO-G
24,13.502046996071645,11.171051093866703,7.583725373610705,78.94205788412972,0.030450446990667793,0.0025433403328851884,0.030344046234518376,0.977061508681338,13.852158657000473,4,True,5.2761049266114926,-0.003978140004853414,0.0003254176164375622,0.0001639294831481397,0.003994792535132237,-16.30458432330488,deltaRIC1,FGO-G
25,9.39316623482012,7.25244727458646,5.969386940407549,72.04342660361573,0.02896196512689806,0.0024046382691766304,0.02886196699475056,0.9165531367851921,39.60211827100102,13,True,2.9163690743864645,-0.0022030104673437245,0.0007485151052741834,0.0007713612181503571,0.0024512299180036216,-7.429134594400239,deltaRIC1,FGO-G
26,10.718021173505658,9.977635259389768,3.9144313132685937,71.51566243723703,0.028736096262459605,0.0024249481322603838,0.028633596612392093,0.9063281230561078,11.777706333999959,7,True,1.3242673917616947,-0.002801715022153206,0.000949040223560127,0.0012483879670837084,0.003210725296199192,-5.892857476683275,deltaRIC1,FGO-G
27,13.943854471459153,12.29561586397761,6.576390198789422,76.8262784030498,0.031134209659300964,0.0028844708325946305,0.031000303855369234,1.0017677823901476,36.019245475999924,10,True,3.799605851884973,-0.004379065386963532,-4.7098812847812255e-05,0.00016198604130512884,0.004382313480235234,-19.98667344704154,deltaRIC1,FGO-G
28,12.486058378484293,10.22213048378984,7.17005594143395,77.84148838790016,0.029617505438806528,0.002681175593564807,0.029495896763011068,0.9437633274188632,21.737617347000196,8,True,3.744312132838257,-0.003320973666165239,0.0001431896806398658,0.0008461059828441808,0.0034300531643415458,-11.393692263089179,deltaRIC1,FGO-G
29,12.283124668501777,11.520748496011503,4.259988933507403,74.89290654997191,0.03111649582338726,0.002699526348304069,0.03099917530873505,1.0021318111417028,29.204779894998865,9,True,7.388099568196047,-0.0023342130043458864,0.00039581646611597243,0.0007523904677582127,0.002484212639948402,-19.997370125507587,deltaRIC1,FGO-G
30,15.910031812393106,14.483920209835357,6.583704703773061,76.53092833489607,0.031088783400997768,0.0028823067651730606,0.030954882669226705,1.0008724577841543,15.717461393000121,6,True,4.38910183124706,-0.0015677413316718125,0.0008350695311118983,5.138855018649302e-05,0.0017770185108528902,-19.849650426011067,deltaRIC1,FGO-G
31,14.150987401653468,12.426919518931317,6.769203476906203,70.95521576514676,0.02866462488743876,0.0026401327998407725,0.02854278225290553,0.9026383920700667,26.459081789000265,8,True,9.156931588220242,-0.0010734093124695754,0.0009244819733855714,0.00011289193875363424,0.0014211330201803212,-5.356957337673521,deltaRIC1,FGO-G
32,15.135113965907832,12.936027048137237,7.856900086604136,75.8597369893454,0.028800142451589548,0.0026753461677373586,0.028675612079162725,0.9088604348688447,57.005895518001125,12,True,3.3349434181012776,-0.0019328714047859297,0.00042979588275215974,0.0020421493660820467,0.0028444842066109536,-6.296944562425779,deltaRIC1,FGO-G
33,12.539608428355995,10.772137157416457,6.418943884963038,81.60598543008018,0.03058699305465448,0.0026858983838034976,0.030468838080855053,0.9818951469652125,22.047942185001375,7,True,1.4326053201648903,-0.003726642256832502,-1.7222659996263268e-05,0.00034877479833439473,0.0037429671372295253,-16.998110538057517,deltaRIC1,FGO-G
34,14.60756438583484,11.75134373353998,8.676799971331658,65.45312680682476,0.028619354187067875,0.002560649192457936,0.028504569980934705,0.9010945234290944,9.29053513100007,6,True,2.2607989060656717,-0.00015811198246351577,0.0012070774918409022,0.001177211663674349,0.0016934765340560214,-5.084009603844606,deltaRIC1,FGO-G
35,15.406920803208813,14.139166456452713,6.120227165152527,66.49352484176643,0.03094098772030351,0.002640178155098885,0.03082813942516336,0.9957842197758575,27.449953653000193,8,True,4.445918457478393,-0.0025080934455313786,0.0006125548339632747,0.0006527786479568753,0.002663057663543477,-18.95882080640149,deltaRIC1,FGO-G
36,19.371726733942282,17.765296861090917,7.723860698630407,85.82965874392102,0.03135769645816205,0.0031239029393581486,0.03120170440196654,1.0099440858420545,76.99924036599987,17,True,6.653170835256219,-0.0045331219795802236,-0.0001941825267017805,0.003756436839489119,0.00589047701502184,-21.215761482162634,deltaRIC1,FGO-G
37,13.366191998996758,12.00448922190267,5.87769742971409,75.97704709172858,0.03044963118679436,0.0026685982454162814,0.030332468129322422,0.9773623857511926,32.041937337999116,7,True,1.6194053489129807,-0.003473925445256265,0.0004298680993275461,0.002207034573934452,0.004138109011681598,-16.38387244034675,deltaRIC1,FGO-G
38,15.393870628757082,12.826918468970922,8.511252288898655,73.71866200868439,0.029204712956031584,0.0027441101875632545,0.029075507185992652,0.9258998615579987,19.725048391999735,8,True,2.8643723180663723,-0.002809867633767227,0.00032560118979718666,-0.00010998155242780694,0.0028308069867026275,-8.76405904940475,deltaRIC1,FGO-G
39,11.838280938584234,10.083569860991147,6.202137892642968,67.31622246571341,0.028426829973861485,0.0024421440898661673,0.028321733608788178,0.8921958568767184,38.10050247399886,16,True,2.3015734718634855,-0.0005920000297012784,0.0012805877916601816,0.0010320204160179092,0.001747980339246753,-3.864336215570802,deltaRIC1,FGO-G
40,11.96679065045499,10.753409658471158,5.2505484655335035,69.82004568906677,0.02869622462115242,0.002391197301054179,0.028596424304011606,0.9049198472538882,18.933719602000565,7,True,3.9953715234190805,-0.0013898508497981465,0.0008955040508029644,0.0014683590763060472,0.0022112646306264422,-5.642651163798291,deltaRIC1,FGO-G
41,9.965573402449456,8.66619134543161,4.920343565643996,73.91400391747388,0.028266962772687653,0.002327657626945677,0.02817096367475261,0.8838926726731401,25.327579084998433,7,True,4.445120943477756,-0.002193676876383166,0.0010646709454524839,0.00023521624679312403,0.002449707970927215,-2.720308926225698,deltaRIC1,FGO-G
42,12.696413346277938,10.719730799684001,6.803402343081786,76.8859952982053,0.028953504890627205,0.002654718547860018,0.028831543747833227,0.9152443066591422,19.059186526001213,7,True,3.0629262235797903,-0.0033717182581541882,0.00047910200053835617,0.0012485854410526631,0.003627256310615345,-7.2801509939163225,deltaRIC1,FGO-G
43,11.142566778125168,9.803692154541425,5.29569773910498,74.74699096690803,0.02926007790405943,0.0023909189297948645,0.029162230120873395,0.9294235828535474,20.882566133999717,8,True,4.292672818789324,-0.0031634907159739933,0.0003861022719517937,0.0013262948861816337,0.003451927953994918,-9.299838314691442,deltaRIC1,FGO-G
44,11.0942450062777,9.22116689459168,6.168658959725699,75.15533672954852,0.02867153274597576,0.002407182918753041,0.02857030382056207,0.9035815257164698,116.72900549599944,32,True,6.802610069083795,-0.00195824283714241,0.0008102417578503829,0.0014743998629775934,0.0025816780727527552,-5.501288646672037,deltaRIC1,FGO-G
45,12.611063695376059,11.646628995638832,4.8368337336295575,65.41391487698418,0.027268162274149167,0.00233863483067017,0.027167691490778304,0.8294984484683176,15.875653749000776,7,True,5.505824683856839,-0.0009848966394290226,0.0015932285752573438,0.001974317542511095,0.0027214570439457937,5.237409771252715,deltaRIC1,FGO-G
46,14.817325786840005,12.622627574711373,7.760310340668722,74.16291208267691,0.028679098260206638,0.0025443290686883255,0.028566012438014782,0.902913684353882,58.32828169200002,14,True,1.146933655315232,-0.002068183207597163,0.0007620394247813689,-0.0005434108096256107,0.002270105982795951,-5.4484574365924345,deltaRIC1,FGO-G
47,11.063818438447358,9.452976641867755,5.748853020145007,67.9903572543389,0.028397726794400464,0.00229646769171776,0.028304719098240606,0.8911041494057372,24.89205290499922,9,True,8.674672152319875,-0.0007056218218233212,0.0012932292610929874,0.0011041013892034712,0.00184102796144475,-3.661243042341084,deltaRIC1,FGO-G
48,16.383090190971462,13.289478761156607,9.580991517701746,61.927695568529096,0.027346616846794382,0.002647838195185772,0.027218126420778734,0.8328392993818339,24.66213448400049,9,True,7.3578518626144955,-4.665599046027591e-05,0.001336038599536904,0.0009145317061838298,0.001619735831089091,4.815190928209631,deltaRIC1,FGO-G
49,11.553096116126774,10.243392437388492,5.342933767333802,62.995460499831196,0.030702865988813128,0.002498722471101049,0.03060101903433009,0.9873391149440659,41.399335163001524,12,True,1.3508040952389597,-0.0017588446609601016,0.0005300168563626695,0.0007106555648506152,0.0019696405106692867,-17.747409668831096,deltaRIC1,FGO-G
50,13.196220355027485,11.100610484968685,7.135592373408468,63.231896122925754,0.028486135051276052,0.0024429735531597474,0.02838118690925558,0.8950566793323637,26.200544772000285,7,True,6.297843299971857,9.22828438809642e-05,0.0014743788611115693,0.00016292238014137261,0.0014862209967963502,-4.284090174376615,deltaRIC1,FGO-G
51,12.446693633281518,11.33142279868649,5.149664043234153,62.11006009768256,0.02956960838221688,0.0025709114727297967,0.029457633205623578,0.9431419819019139,39.868479303999266,13,True,1.5203745943606248,-0.0008410406366848866,0.0013124214700455106,0.0010109332261081239,0.0018578981283270397,-11.289841389268986,deltaRIC1,FGO-G
52,12.445191541865505,10.286509469178496,7.005035007351626,63.74282040825653,0.028581790448885397,0.002329994819065344,0.02848666125412252,0.8998954858205169,18.24917653800003,7,True,7.434270135776729,-0.0006461589306694382,0.0011094999712948361,0.0016634982979295554,0.0021013657790117457,-4.9403333886148175,deltaRIC1,FGO-G
53,13.349506807611661,10.934294476383249,7.658363814171072,79.5310458240634,0.027711598520062105,0.0025522193919727144,0.02759381939334145,0.8532857351652912,7.559660697999789,5,True,2.354395535410899,-0.003213631653211424,0.0006895543757963196,0.0007946719555642634,0.003381481503226444,1.7947125945574953,deltaRIC1,FGO-G
54,15.098684603541638,12.301798948102082,8.7542001003918,77.0353960748451,0.029726419454476908,0.0026829717015742264,0.029605095447102592,0.9483508245153311,30.516824651000206,8,True,5.188794562815193,-0.002599419424768379,8.05640367433913e-05,0.0005981132861414551,0.00266855980126706,-12.085351878828078,deltaRIC1,FGO-G
55,12.432974721680676,10.6065420119297,6.486919683418393,65.01063647756962,0.028576370833219886,0.0023207312592013617,0.028481979854291486,0.8990102647848708,25.798760080999273,8,True,5.729267827764107,-0.0016795086500505096,0.0009780678624600192,0.0004019087653013287,0.001984665388622887,-4.82940262152988,deltaRIC1,FGO-G
56,13.416337128238657,11.765788349788922,6.447040130674418,74.63827915518965,0.02890944817237878,0.002634193607408332,0.028789185776435976,0.913974952588777,12.44504171400149,6,True,7.495962037705823,-0.0019599093470302753,0.0005853532228894398,0.0015055970660040607,0.002539823924858519,-7.096571750415023,deltaRIC1,FGO-G
57,11.384155253896068,10.547510510561384,4.283574777496779,79.68770415991982,0.029679783971073386,0.002625297020929031,0.02956344689175275,0.946882719585194,25.871033342000374,9,True,3.415356039165427,-0.003851444568628848,0.0004278147445586633,0.001955440134898012,0.004340552596392815,-11.872282603239,deltaRIC1,FGO-G
58,14.113546128289096,12.017361298437423,7.401027748776687,67.86979272607655,0.028601714301926682,0.002466665351323117,0.028495150869114895,0.9000844524280931,18.54671554699962,5,True,4.077407823385464,-0.0017720640272380628,0.0009038051788092805,0.0013067370645127863,0.002380049678818732,-5.079456226987531,deltaRIC1,FGO-G
59,9.747157131721472,8.026668593542372,5.529888194159923,67.29658112793847,0.03016106058293105,0.002379497559703878,0.030067051183157292,0.9668472444818013,51.971501240999714,11,True,3.1975059360249487,-0.002055708123065214,0.0007072082130614721,0.0010210256989442446,0.002401785340483718,-14.783605228825763,deltaRIC1,FGO-G
60,19.895708853953053,18.687569263819906,6.827443578031198,61.892630881257425,0.02622449107460762,0.0028971895756353117,0.02606396410151389,0.7409508908885861,20.5664792080006,6,True,1.127576161537527,-0.0006210022390815695,0.001706952195172473,0.002673585513071064,0.0032322421124123596,18.282329193592886,deltaRIC1,FGO-G
61,11.070193263497256,9.464130569102533,5.742770364742001,72.26407953022614,0.02778846017018902,0.0024071274703770327,0.02768400722387454,0.8589173479150981,11.812295522000568,7,True,1.717076331501423,-0.0023925371438949794,0.000994711578690577,0.0014731338287212736,0.0029805718221544743,0.9985617801066837,deltaRIC1,FGO-G
62,14.523159937372904,11.774674895507703,8.501717807103105,63.64096007253516,0.028487012429593207,0.002573676239626237,0.028370514055571516,0.8941531080331757,24.947599988001457,5,True,5.60380450954972,-0.0008660891976505214,0.0009428113774629931,-0.00048628165196551443,0.0013694793305482564,-4.16274582886399,deltaRIC1,FGO-G
63,19.977332173316004,17.280451815508194,10.02396058526301,76.24694690511546,0.02773331664822985,0.0030001136240048283,0.02757056710613773,0.8537683992193115,28.633266807000837,10,True,1.7658495092569255,-0.001343719617661221,0.0008489944482854561,0.00031259300735997364,0.0016199038157734848,1.8219391543534584,deltaRIC1,FGO-G
64,13.063846155184693,12.227455074243368,4.599284593683455,71.18801053956366,0.029348124903670746,0.00249809095570072,0.02924161378820439,0.9334113050948826,65.30436425500011,20,True,0.6159992573295864,-0.0031714270207517936,0.0007554895934180905,0.0021771369798444518,0.003920285614942341,-9.931077486660797,deltaRIC1,FGO-G
65,9.500264184864681,8.054638532278144,5.037640092003675,73.35220611406994,0.028605002828185934,0.0023192347222373783,0.028510828418404365,0.9004230545247369,25.627662183998837,5,True,5.432654087663879,-0.0018298778428594842,0.000969557852125158,0.0005191823248584804,0.002134957993697086,-5.092259614444629,deltaRIC1,FGO-G
66,14.604637560954927,11.44684367533836,9.07001698781329,72.1165956679612,0.028392892368907848,0.002570661133484095,0.028276280491061404,0.8898926565471464,12.122148369999195,6,True,5.609362078756694,-0.0010845131940487862,0.0009767316860329611,0.0016157964075771414,0.0021773772491935997,-3.5568014576274436,deltaRIC1,FGO-G
67,11.08737687439659,9.687323906713273,5.393114265554347,64.23072498604319,0.030244351953863945,0.002376112493268926,0.030150869216799124,0.970086496457059,47.43329202800123,15,True,3.818018909508393,-0.002103568037305048,0.0006124655307195859,0.0011721551234435967,0.002484765612146568,-15.214023606553383,deltaRIC1,FGO-G
68,11.478056681523775,10.34534985291413,4.971873047965142,76.21616531581597,0.02951808878857595,0.0025346267930836165,0.029409067185989353,0.9404288892144083,29.208781753999574,8,True,7.500778613527613,-0.003054747453126505,0.0003915297121175332,0.001973179727852825,0.003657624332304106,-10.921920540327847,deltaRIC1,FGO-G
69,13.7493468266162,12.375347106291114,5.99127049609623,63.47284726882673,0.029105238901490513,0.002434951669782944,0.02900320571727646,0.9227631838321247,15.224551088000226,6,True,7.213744567987147,-0.0013355835360560064,0.0006731058702429404,-0.0006782762120567387,0.0016422282162298302,-8.27863246009656,deltaRIC1,FGO-G
70,14.460279673469202,13.206194305295664,5.890341263944133,74.37250925608947,0.02923149608431344,0.0026457527086490734,0.029111515864549346,0.9280806270499478,28.41448152400153,8,True,4.300927757066783,-0.0029596916017555763,0.0004927350246322071,0.0023949771851572432,0.003839072531149353,-9.09072842556634,deltaRIC1,FGO-G
71,13.971588368864523,12.711437528682103,5.798675495611282,70.86517176524475,0.030350901303927348,0.002542348923357549,0.03024423369689901,0.973616350498923,27.803880008001215,10,True,4.713527313410484,-0.0032900339200460094,0.0001968807963965702,0.0015937860202484,0.00366104344707657,-15.724572101040394,deltaRIC1,FGO-G
72,10.962516891008077,10.408761548571064,3.44012494113599,66.579718490938,0.029255662386178737,0.0022989134636275123,0.029165198071345672,0.9297996363163942,18.71001539200006,8,True,10.96061898820849,-0.002086607966915288,0.0008937038698224598,0.0007229979643048612,0.002382302556544606,-9.29409128948464,deltaRIC1,FGO-G
73,14.785822386096019,14.114138074986077,4.405865412538888,68.46586422282783,0.027378295278772436,0.0025994161918316346,0.027254615899573717,0.8341755892643093,17.458995830000276,5,True,1.665112817095512,-0.0023688568668790433,0.0010850863154876489,0.0007119968756155171,0.0027010802873489,4.6589323674779735,deltaRIC1,FGO-G
74,16.316739246565493,13.80448892404145,8.698969202522079,76.37616151663808,0.029266560916051832,0.002626521184546256,0.02914846435612179,0.9301400815869458,10.059613389999868,5,True,1.5391677661571816,-0.0009787855868483852,0.0009456361242350386,0.0019553726292034224,0.002382379277847738,-9.40652143490297,deltaRIC1,FGO-G
75,12.392626734475742,10.72343528693044,6.211693249594509,59.31460528476635,0.026906251696550882,0.0022670318965377903,0.026810575278017206,0.805467700036456,17.674238270999922,5,True,5.381986631803892,-5.217350067088233e-06,0.0020391698281512216,0.0006968563954188323,0.002154959313912941,8.753540602323483,deltaRIC1,FGO-G
76,12.497118612381163,10.627346136820329,6.5755218576272485,71.80067897661772,0.028598014008726528,0.0025705436698995644,0.028482252552852243,0.8995156156899288,91.59921708000002,26,True,5.0312624672451,-0.0015792163160792683,0.0008738421833232035,0.00025689355964719773,0.0018230520111379837,-4.994508564370335,deltaRIC1,FGO-G
77,12.401826856476365,11.120440038606976,5.490093143632932,83.03878436029926,0.02956221308165975,0.0024669349355461593,0.029459101722714435,0.9422873025700331,180.78281114399942,51,True,2.574000792885991,-0.002988565482239691,0.0005088116510800766,0.0010873729321616565,0.0032206820444600284,-11.24346989148762,deltaRIC1,FGO-G
78,10.85400255172631,9.400285850188517,5.4262323326251725,74.318906782418,0.028569782900540075,0.002464047629540406,0.028463326654896613,0.8985047321075298,62.17531010099992,13,True,8.634958591822773,-0.0020290823384031542,0.0008408681518843331,0.0010955126069067678,0.0024544617040737566,-4.834714141288714,deltaRIC1,FGO-G
79,10.127067878177568,9.086456764793367,4.47144353321797,73.27396246858545,0.02803592721955597,0.0024187615395933485,0.027931394660396448,0.8720882896955865,17.66921284199998,5,True,4.793541460096894,-0.002958126648053172,0.0010265107737608137,0.00151929041664145,0.003480298982080113,-0.9272149503085529,deltaRIC1,FGO-G
80,12.682035263787983,11.259349884062635,5.836185279805696,74.59729840695232,0.030218512600031198,0.0024343686585864338,0.030120298022966775,0.9688236953631548,193.66462754799977,41,True,8.458381306170837,-0.0028036142557053,0.0006192458457465744,0.0008511732116918136,0.0029946976723152093,-15.049113136519736,deltaRIC1,FGO-G
81,10.907168437287769,9.968063300284008,4.427644674191642,73.0324481484119,0.03048549820051347,0.0025471968179679306,0.030378897098216787,0.9786072600078186,239.98798380399967,62,True,2.7338506769639563,-0.0031717874254926226,0.00044867192257980193,-0.00011786745516662034,0.003205531890905475,-16.549934201328142,deltaRIC1,FGO-G
82,18.31656468942137,17.506451203292382,5.387087180332283,74.87079486229145,0.029844571837921063,0.0028540101339722293,0.029707795178101227,0.9531148103045681,27.380238791998636,6,True,5.840453858017398,-0.00334652921817713,0.0004343561723996192,0.0012175020773679268,0.0035875108921103083,-12.625258510553977,deltaRIC1,FGO-G
83,15.369535046581237,14.384048095830973,5.414957795302777,70.31379323471009,0.03032797440363168,0.0027252236504185204,0.030205284098689392,0.9723756728485166,31.716101692998564,7,True,3.243986255953611,-0.001958579140274308,0.0006728019914390426,-0.001181524705312409,0.0023842599266157127,-15.525951867661206,deltaRIC1,FGO-G
84,8.119746998863409,7.223761222504974,3.7077709106395393,71.20750926023346,0.029007445967483843,0.002233193192972787,0.028921354908084007,0.9190930534013317,21.546328938000443,8,True,8.231524085257973,-0.002231065797031695,0.0010609467841873332,0.0009246197740750972,0.002637837067783528,-7.803756511319079,deltaRIC1,FGO-G
85,15.569875665388295,14.20911829819666,6.365688134326363,72.28817902831003,0.02907544419610555,0.002763520394010406,0.028943814714593796,0.9204529811421588,37.335398296001586,8,True,3.2177295869569122,-0.002259693933108875,0.0010923441462236116,-0.0017307389571253884,0.0030487521615948916,-8.034449535138265,deltaRIC1,FGO-G
86,12.210080171711926,10.962979312815932,5.375792256626236,71.35080577266655,0.029184096003909647,0.002376842755069656,0.029087146269152767,0.9261434454986335,39.31602240400025,10,True,8.64652007470655,-0.003373977693088781,0.000399050607880147,0.0012134679528477132,0.003607696125465479,-8.788736527829315,deltaRIC1,FGO-G
87,13.808200352536291,11.428099580177255,7.750157221717236,72.23097288338269,0.02732414471680047,0.0025127274980775135,0.027208364247507784,0.8310949714609513,29.23150514400004,8,True,4.0285619633780945,-0.0015042651252286099,0.0011419609436260636,1.1371697983708628e-05,0.0018886549921204264,5.083375260648609,deltaRIC1,FGO-G
88,14.291411685831383,12.928459496224262,6.090926286568119,80.56759560501501,0.028190330975225213,0.00259207733519016,0.028070908349769084,0.8791684290210253,16.285103173000607,7,True,3.269431982392583,-0.002652900959135507,0.0010219127617234758,-0.00020222308621620222,0.0028501023434526346,-1.9525253833126044,deltaRIC1,FGO-G
89,12.321214984064435,10.574100477948615,6.324613645573997,72.31446801516718,0.02876364233999483,0.002439593788574317,0.02865999830442934,0.9074367530315297,12.693747683000765,5,True,5.034200805630999,-0.002000730742149903,0.000570164029235487,0.0005385867594758231,0.0021489732944595693,-6.101062979774724,deltaRIC1,FGO-G
90,10.022674576204581,8.741705435214678,4.902712692422007,68.98321021773063,0.028996494629575008,0.00235929483859276,0.028900353434993864,0.9179427544076505,30.98301333299969,8,True,0.9917189129807918,-0.0024099883096641017,0.0007580063211130028,8.320279397389108e-05,0.002527753931950253,-7.57474705518689,deltaRIC1,FGO-G
91,12.158298948381184,11.560280382668207,3.766185177643767,75.20764457932123,0.030024015273714844,0.00258145884615512,0.029912832754218875,0.9611723457554228,10.036591051000869,4,True,2.4149924946712673,-0.003059297221069568,0.0009064996294714245,0.0018862768885816728,0.0037066267097555384,-13.981730514853552,deltaRIC1,FGO-G
92,11.58220620221805,10.096128400414344,5.675886876343221,77.8994155531566,0.02773468135273154,0.002459486005942797,0.02762541363172914,0.8553560474219785,24.698264284999823,8,True,2.4294841341394986,-0.0027748708422863366,0.0009478188924969544,0.0009143228276131676,0.0030715232503498286,1.4406596449480276,deltaRIC1,FGO-G
93,17.23487745380262,16.10205901208289,6.145298724959926,68.20127995199728,0.027950068551210207,0.002695849128212187,0.027819754303287217,0.8675912306381383,29.60366326700023,8,True,4.467406964703599,-0.0012282144652115967,0.0010513035494612577,0.002769018609044993,0.0032064332182196336,-0.2608608107912005,deltaRIC1,FGO-G
94,14.698147390444294,13.11285529051347,6.639921900239291,70.39654391800329,0.027442333234981593,0.0025808947997164947,0.027320699760668133,0.839190576466238,24.370116437999968,12,True,9.424980957347858,-0.00046345085528054497,0.00132714460494876,0.0013113240071525034,0.0019224125856431985,3.7935476997081423,deltaRIC1,FGO-G
95,11.358649448325055,8.982146340152632,6.952694759157613,64.21911106458619,0.028861514733745278,0.0024341409742315435,0.02875868547836918,0.9124302573705744,15.234115426999779,6,True,1.228392022902331,-0.0009607312700230519,0.0011404598749815698,0.0008900789178392099,0.001736632885679902,-6.7989713427377865,deltaRIC1,FGO-G
96,16.276244808973864,14.12084352873223,8.094314246352788,73.51448936607618,0.027861029758512325,0.0027561891843743786,0.02772436474267079,0.8616612513686247,28.971727367999847,6,True,4.514315372619137,-0.0012276539368193395,0.0009285957352935803,-0.0006401963910637187,0.001667115966969442,0.6233324738641386,deltaRIC1,FGO-G
97,11.361312001142414,10.161223533733853,5.082218677388447,76.38876175473133,0.030151319387343254,0.002580248063585799,0.030040712054276324,0.9658443636056548,30.901693728999817,9,True,6.173373262783854,-0.002361148346198938,0.000482685511635772,0.00028317453434256734,0.0024265602470990074,-14.616675478129764,deltaRIC1,FGO-G
98,17.332327607041318,15.19134690091212,8.344612610178759,79.22565753822855,0.029045185900721034,0.0029101535626902867,0.028899028188660685,0.9191588908763865,25.351752051999938,5,True,0.9112689464104448,-0.0031907976950891204,0.00021678520414347702,0.0030118786192814273,0.004393130839504575,-7.801560909327236,deltaRIC1,FGO-G
99,10.144506249273467,9.208757397598232,4.255560390092973,72.45528547201535,0.029366999954630497,0.002339285906429851,0.029273681486674103,0.9342706100080859,82.7217520840004,19,True,6.679662385502977,-0.00234312874029885,0.000576767598911454,0.0006869583617830077,0.002508948972695968,-9.963637672772165,deltaRIC1,FGO-G
100,11.806085891157435,10.744820612741986,4.892084838735074,72.18045511699562,0.027926216926532393,0.0023759299567580497,0.02782496268943274,0.865972852293292,20.04928536100124,11,True,1.4662888878859368,-0.0024305616296087518,0.0009789514894471552,0.000366793125932352,0.0026458482668604375,-0.011562383857381064,deltaRIC1,FGO-G
101,12.600152381785177,10.843720117983482,6.416975459439357,75.38619138760974,0.028655621498534272,0.0025105166121827914,0.028545436584631413,0.9027140786198649,29.808141658999375,7,True,4.671688985106456,-0.0018693500272768393,0.0009275622832074504,0.0015609340887157153,0.0026060231278758252,-5.368910470715491,deltaRIC1,FGO-G
102,9.666058303629457,7.97707831156144,5.458837306641413,68.82855675522956,0.0277063003614557,0.002284226355022757,0.02761197909745369,0.8547352991127322,29.6599359920001,8,True,4.820799738961954,-0.0015566533997710685,0.001141672931159965,0.000975839691008229,0.002163064953095317,1.5737718801829033,deltaRIC1,FGO-G
103,11.716557894371789,9.771250465552104,6.465322360997455,67.03811790417407,0.0277169950328214,0.0024533811953770966,0.027608200491151473,0.8545582994346357,9.73411765399942,6,True,3.6748457782602952,-0.0021731177328965234,0.0009834926110685593,0.0007978460203685867,0.002515205094872736,1.6161152079730527,deltaRIC1,FGO-G
104,14.500831551649748,12.658520955869133,7.0736103157541015,72.49912549267673,0.030167933012181115,0.002633719927351747,0.030052748652522904,0.9667308425795926,20.578300043998752,6,True,4.877015952350146,-0.00118783674773848,0.0009177774332838062,0.0001107984214312463,0.0015051736931379703,-14.767666401792667,deltaRIC1,FGO-G
105,16.630860569700246,14.244348311129103,8.583942245847407,79.68384042817645,0.03266387236188525,0.00294846390027398,0.032530525945676195,1.0546416440043251,17.20788423200065,5,True,7.631204890746032,-0.003004395205648991,9.167934073661677e-05,0.001774170841952749,0.003490340646653256,-27.977962418583047,deltaRIC1,FGO-G
106,12.402129331663478,10.81126543897711,6.076952490129133,76.92487978070264,0.02916708107845828,0.0026762864850148446,0.029044037413684172,0.9247724078388575,11.328395188000286,7,True,0.9353861433883053,-0.0037948124945607065,0.000408105319699148,0.0015546627576557004,0.004121180426878011,-8.602678359355195,deltaRIC1,FGO-G
107,13.406296511054869,12.440796262690093,4.995535456040537,77.51000205489864,0.028351020773145386,0.002643636769874098,0.028227496585922926,0.8876058974761987,26.042439960001502,6,True,2.2420253879272596,-0.0031046065917352816,0.0007104568870446304,0.002311469444834735,0.003935253749404211,-3.2154691907635424,deltaRIC1,FGO-G
108,13.71885119588542,12.572032981981602,5.490980316374627,79.69006132751106,0.02948759605897127,0.0026592318841144684,0.029367444681544345,0.9386064860420495,19.477772590000313,6,True,1.4851429669525755,-0.0032261150829233642,0.0002988120663607319,0.0009200337833057404,0.0033680215767854385,-10.690117541373183,deltaRIC1,FGO-G
109,17.65195838927176,14.855262933596622,9.534820299842668,77.41348019552464,0.028169419475147638,0.002872720217427056,0.028022556487929735,0.8759796591319938,21.294306715000857,8,True,8.359570748539058,-0.00430198836539919,0.00040402066848233,-0.00038039696376623855,0.004337630510616767,-1.4966185984449112,deltaRIC1,FGO-G
110,11.604972836078389,10.0483438578469,5.8057023899428195,75.93286546449106,0.028449252518882855,0.0026366318254263015,0.028326809589156204,0.8921470927990384,13.374834914999155,8,True,2.013943557307671,-0.002709662572371152,0.0007747996359486198,0.0015380041539767575,0.003210614039342774,-3.8964464062155457,deltaRIC1,FGO-G
111,13.953960637796708,12.253234650562288,6.676170914486806,70.73943608629901,0.028043373868552948,0.00245328022404044,0.0279358592864757,0.872778595807071,28.447806303000107,10,True,5.74041880073249,-0.0019279834714829303,0.0010723046501648348,0.0018388286183952385,0.0028719763607846496,-1.0253362467628904,deltaRIC1,FGO-G
112,11.060957462456292,9.803545511691329,5.122038206267537,65.46490025091221,0.02773786146370776,0.0023354139658247454,0.027639370473801942,0.8567168544690132,17.544708856999932,6,True,2.151850849222446,-0.0007883951355049934,0.0015678929602573888,0.0006894694550800828,0.0018855299928670032,1.3335472334583756,deltaRIC1,FGO-G
113,11.34226336555095,10.054843731752463,5.248528916139963,69.46857212632277,0.029285796702241546,0.002496897626349057,0.029179160212873742,0.9310344545422475,79.42886814000121,17,True,0.8480977929887953,-0.0016578088818073322,0.0008962071370288704,0.0012912731128642552,0.002284492016415664,-9.526888169246376,deltaRIC1,FGO-G
114,11.734607995034763,10.925138153329147,4.28280061733039,72.20768467225746,0.028314069991683816,0.002412328074526965,0.028211118956092806,0.8864986001523898,50.352510448999965,11,True,1.3238790639207378,-0.0014720504394875045,0.0014373935036153807,0.0001944677904752723,0.0020666035667644116,-3.0045967983387527,deltaRIC1,FGO-G
115,10.391657090497496,8.56423054567475,5.8856174057628365,78.28184814498431,0.030057897188398564,0.002528275499224988,0.029951377370470912,0.9620536752532357,24.712637618998997,7,True,3.6415654230193857,-0.0032975324932171812,0.00019927824073917577,0.0008458155848647397,0.00341010796964778,-14.082831534273282,deltaRIC1,FGO-G
116,17.170725908663904,14.605573036509504,9.028347828127158,58.25583299667634,0.028077304564848606,0.002539048216142044,0.027962265033136608,0.8749169835470558,13.408260947999224,4,True,3.082727489326512,0.0004504314954190125,0.00136039776602348,0.0018446644936200851,0.0023358847805253,-1.282156032306375,deltaRIC1,FGO-G
117,12.608331730384585,10.806821336907571,6.4948165190082126,65.18517740347477,0.029189289824661516,0.0024517834783308965,0.02908613756144793,0.926924455265931,11.817783059999783,7,True,2.6828171265935867,-0.001228203970353392,0.0007996879114462452,0.0016529978864729955,0.0022091599673154686,-8.944417318227352,deltaRIC1,FGO-G
118,13.573112302659213,12.602252461588513,5.041092190684988,72.48685780102048,0.03079245925971392,0.002734874458605375,0.03067076798772423,0.9901534816115575,8.567856030998882,4,True,3.5578796310865863,-0.0018411617716128648,0.0005917426349308919,-0.00011962467235515639,0.0019376135005412345,-18.28436925213464,deltaRIC1,FGO-G
119,19.131132671349945,16.66936104118628,9.387898581012388,90.51594538564369,0.028002146401946874,0.0030134874074359925,0.027839524003856298,0.8675105340123179,42.28989574099978,14,True,2.174597238628944,-0.004134049103176829,0.00035216389684467053,0.0020906667368034704,0.004645994920584227,-0.29794986751221586,deltaRIC1,FGO-G
120,17.741533416464797,16.08253573003449,7.490931347950068,77.74483466865891,0.03069998484067291,0.003103651835982493,0.0305426982190269,0.9856150763162261,12.784085801000401,5,True,2.394830542224515,-0.004685401348418106,-2.061654762519627e-05,0.002149223923538779,0.005154859291125764,-17.495333934333757,deltaRIC1,FGO-G
121,12.283414352531599,11.471542244693328,4.391581342090299,72.8375824735573,0.02967594082396051,0.0026414649057983565,0.02955814823257102,0.9464067621196225,24.137054483999236,7,True,3.1495515021974616,-0.0033248601828397284,0.0005329935507840666,-0.00014253564266031304,0.003370325469452324,-11.811883549016784,deltaRIC1,FGO-G
122,11.940022884586506,10.599174175188562,5.497422422232561,67.8254800789858,0.03027625507760361,0.0025690714276534075,0.03016705974276799,0.9711766765236195,11.134412700001121,5,True,1.9594850184564407,-0.001385006190469995,0.0010382483829942668,0.0005279742724206837,0.0018096846920854937,-15.395712793244456,deltaRIC1,FGO-G
123,17.44448413490253,15.562913357255576,7.8807204345428925,68.30479104406622,0.02814919918097972,0.002757694695363101,0.028013791862181663,0.8772690845798544,48.793208585000684,23,True,7.244280580236653,-0.0015873795804439705,0.0009104698510760123,0.0018395675539568668,0.0025947520243174878,-1.7894947569147917,deltaRIC1,FGO-G
124,11.975339698236787,10.899262148243801,4.961335053392971,71.23559010830192,0.03133463551391082,0.0025707572908347034,0.031229002381460435,1.0102107180055961,97.08708173299965,20,True,2.0693361996324384,-0.0023019814077690492,0.000561599258607437,0.0012910674896986496,0.002698400895334044,-21.198378162538575,deltaRIC1,FGO-G
125,11.409257194487743,9.272044015747438,6.648334340269935,62.824891119137455,0.028912535094274244,0.0023313516327765262,0.02881838796917673,0.9148956482110341,18.203694488998735,5,True,4.156628332366421,-0.00151030270094199,0.00103918573449846,0.0009732864444644829,0.002075622254225486,-7.1811466218932765,deltaRIC1,FGO-G
126,14.748680777736265,13.358072605041844,6.2518382066395315,68.85813242260797,0.028695513729170438,0.002450572676115381,0.02859068382778009,0.9047932980681493,44.750225445999604,14,True,1.6422939948029138,-0.0017599066711414535,0.0011915906997193026,0.0023046080214244036,0.0031350244048809943,-5.755464386405947,deltaRIC1,FGO-G
127,13.695174223406157,12.836739679735816,4.77241148730329,61.5129705229772,0.029461209553934917,0.00244479685581999,0.029359595309108723,0.9384670446203329,17.308499890999883,6,True,1.947417099513138,-0.0010777589895596407,0.00106803012376111,0.00017917988199345203,0.0015278606660782184,-10.624769209418446,deltaRIC1,FGO-G
128,10.987228350710534,9.757839179307965,5.050124887705238,69.39626570505114,0.02922660328520811,0.002392199730055632,0.02912853789743761,0.9287375454377568,47.11578780400123,11,True,4.263301342600448,-0.0009580177503628606,0.0011884473442467236,0.0008566034441959136,0.001750421252346334,-9.175208785214636,deltaRIC1,FGO-G
129,16.90983202731689,15.635961329659613,6.4388766481010755,87.74063287276049,0.03113684758987903,0.0028405257570097166,0.031007010356677724,1.0025729651868336,24.24579234599878,7,True,3.8514397719573776,-0.004026580201913044,7.680691011380247e-05,0.0027838704084877097,0.00489583311348874,-20.112836640837486,deltaRIC1,FGO-G
130,15.218012800890959,12.646631801644453,8.464668787478706,67.99325005489632,0.03147688137182495,0.0028120977414240514,0.03135101540921152,1.014754551808716,25.07892725400052,9,True,4.785056798651323,-0.0022239896661870873,0.00041708943719265257,0.0010869303583154188,0.0025102811073169314,-21.899534101808968,deltaRIC1,FGO-G
131,12.258761648089074,11.135905857494057,5.1253134418969015,71.88086941057716,0.027535545502226304,0.002494823356303955,0.027422292437468025,0.8445427738365008,13.723703405999913,4,True,3.8081438987434972,-0.001698073913144249,0.001296002674606056,0.0005140431227990128,0.0021971159002619855,3.1281167944252957,deltaRIC1,FGO-G
132,13.135559058525219,12.007986972036448,5.324580796589236,69.62388282421053,0.030233393792015655,0.0024376372550380695,0.030134963494186304,0.9699149034525764,24.127864796000722,10,True,2.634824762176119,-0.0013896832755858624,0.000855540095065388,0.001906179945263986,0.002509320713745885,-15.188446314699831,deltaRIC1,FGO-G
133,13.981886640536418,13.297173680732262,4.321842909367707,74.96300054862222,0.03105350870157001,0.002595811620677007,0.030944824522178872,1.0000617930295037,33.140540864000286,7,True,6.722351993642248,-0.0024395798182216266,0.000202295766760896,0.0016143222321960415,0.002932321526723503,-19.658640559493506,deltaRIC1,FGO-G
134,12.957470802041144,11.22458630736126,6.473384880751867,87.17688438649057,0.03105706021511097,0.0028319166540492634,0.03092767752789639,0.9992480195871591,30.66222842100069,9,True,3.2752835087718815,-0.0042158857623711965,0.00030347973345756785,0.0007357973825043995,0.0042903601827916455,-19.65517302438093,deltaRIC1,FGO-G
135,12.039729732582071,10.117020640389839,6.526943036027409,63.73653350642088,0.02814418234401486,0.0023446425003585555,0.028046348271364492,0.8777449053228962,17.43656533000103,5,True,1.677781027885715,-0.0010728828452156725,0.0011219277595986288,0.00012228759014365487,0.0015571620827708392,-1.7087114043024485,deltaRIC1,FGO-G
136,14.10125445594307,12.019111567975854,7.3747091025886125,73.01009082556001,0.029760145848631504,0.0027094059518510626,0.029636555135843515,0.9499937073730289,33.35565987600057,10,True,3.002547451283025,-0.002583983457827621,0.00040984383677544756,0.000606663119421702,0.0026856996521085674,-12.356456463443465,deltaRIC1,FGO-G
137,10.67166500072932,10.103553690451074,3.435496574290768,63.457670816247,0.028308881227893264,0.0023671914718906605,0.028209735215176616,0.886189183040511,22.103505297000083,12,True,4.868106476311661,-0.00191743964081581,0.0011181543283211859,0.0007996611298566325,0.002359301125485861,-2.9458988423793926,deltaRIC1,FGO-G
138,12.50433173090614,11.135960577222065,5.687591235233257,71.11135480109122,0.029529177599455437,0.0025516788756932266,0.02941872302829478,0.940500442510902,30.105546495000453,10,True,1.0428575005383587,-0.0020528646823747554,0.00060636348448595,-0.000774643856391033,0.0022764013670053705,-10.885062439643661,deltaRIC1,FGO-G
139,11.610966869386532,8.897297661285887,7.46007010479582,66.63267761371311,0.02791047716087902,0.0024029212895132473,0.027806846362440192,0.8655571963280767,21.373214084998835,8,True,1.9391412004253186,-0.0016347533336126263,0.0010667572155551586,0.0013299297080910932,0.0023620123723553715,0.0317865547403926,deltaRIC1,FGO-G
140,12.43740085968087,11.835172220031346,3.8233020632156127,81.26559085363814,0.029156782664509013,0.0026073506271273605,0.029039967252953856,0.9247803932171413,19.087701078000464,8,True,8.308424079271923,-0.0025863502238113734,0.0008297084150108436,2.707198506035624e-06,0.002716179460763353,-8.615755561921105,deltaRIC1,FGO-G
141,11.209518065751519,10.24853623827078,4.5410131291662434,70.79867580065454,0.027619656143536276,0.002434486126402289,0.027512155182528614,0.8491642996347567,142.57623834399965,17,True,3.489204018006678,-0.0024185875268655233,0.0013992708598367098,0.00042340890936420905,0.002826092650432155,2.3813622754678363,deltaRIC1,FGO-G
142,12.228767752618216,10.695287398676564,5.929046146488102,69.4940198030552,0.02912963750698821,0.0023503266871090123,0.02903466455381219,0.9244284538204027,100.40280482699927,22,True,2.5804881117891045,-0.001642797917126182,0.0010731470453781977,0.0007871714189060519,0.0021142536319610863,-8.502832680591382,deltaRIC1,FGO-G
143,11.733179246496581,10.092751022328546,5.9836336812763,74.31909236910225,0.028576466986812266,0.0025615991295688157,0.028461424338001143,0.8980008153795483,25.959583242000008,5,True,3.5814834250101377,-0.003536775897610811,0.0007131033641769591,0.0006121306688582351,0.0036595087257278243,-4.700542718113866,deltaRIC1,FGO-G
144,10.488972828457781,9.857194669337163,3.585284402514901,71.99286076701759,0.029672132372217764,0.0024235054698114296,0.029572995464649966,0.9472876873811086,25.428904899999907,5,True,5.148378751373493,-0.0025112725242009137,0.0007021918052485532,0.001967853249720264,0.003266804162266121,-11.89129081806459,deltaRIC1,FGO-G
145,14.678215813549311,12.476410787030751,7.732347207827116,61.011736610700666,0.02930341644638179,0.0026075772615021284,0.029187167664152955,0.9317480206877289,12.92529493999973,5,True,8.172001928911524,-0.0011403187093803613,0.0007387310643447442,0.001540368563472283,0.002053968270379189,-9.638552470576542,deltaRIC1,FGO-G
146,9.63912206272785,8.000033828986156,5.377000360353706,70.28014179496111,0.028792442623248503,0.002345624116708725,0.028696738485691563,0.908997171148393,28.782720604000133,9,True,1.7340998924963988,-0.0025312356849539475,0.0008159791248649739,0.0010181696104412108,0.0028477439106467588,-6.313993231844506,deltaRIC1,FGO-G
147,11.500033707424977,10.116841914415728,5.4681153015121975,77.51901711516192,0.030566128162481755,0.002583201626505792,0.030456776917495362,0.9815250539953391,15.24483805499949,7,True,7.435147053558184,-0.0034338053042590744,0.00016897785914671282,0.0002325207367113169,0.003445814602882798,-16.992549985392543,deltaRIC1,FGO-G
148,11.621776018133504,11.030939333070089,3.6584225078290546,72.7299614760288,0.02999038739948172,0.0023689672315998474,0.029896677585086236,0.9602131159386971,19.771751885000413,7,True,3.2499292794205963,-0.0024309835422255954,0.0007969125030609092,0.0017678026750620468,0.0031096425547099517,-13.79857499647187,deltaRIC1,FGO-G
149,14.465341706698677,13.11138168241069,6.110464881635571,78.30590429250888,0.029070664208380354,0.0026206745266669283,0.028952298398256495,0.9199741525784387,36.373408698000276,9,True,3.8119524219575225,-0.0034012664105306234,0.0003064458750094978,-0.0007350219823180071,0.003493247712974976,-7.918870836561837,deltaRIC1,FGO-G
150,17.459669575668144,16.034414135501706,6.909242000591301,64.23072594593573,0.028517737948506712,0.0028489950962242725,0.028375070125752813,0.8954894121737453,15.650672628000393,7,True,1.7755237350482571,-0.0015283004672606015,0.0012339555303779726,0.0011955521154887183,0.002299498517074735,-4.277724199229851,deltaRIC1,FGO-G
151,16.439332381469423,13.249379022139228,9.73168046516767,59.23414251607747,0.027842765957911603,0.002448144806380742,0.0277349274957414,0.8618560133757316,26.358463586999278,8,True,4.107726421434655,4.312042598542121e-05,0.0012496083402522284,0.0005011197336497464,0.001347034284128762,0.549030197027605,deltaRIC1,FGO-G
152,10.393944707480788,9.296675778582598,4.648215361844104,64.68088180073377,0.02903976331570025,0.002261652485960113,0.028951559223375875,0.9205565534068721,22.277478885000164,8,True,2.8017265635673447,-0.0016213346615450153,0.0010381219963333521,0.0010750757185389315,0.0022050422137887596,-7.973774539095757,deltaRIC1,FGO-G
153,12.685719955727437,11.06487240992643,6.204521685608829,63.36886092459607,0.029243538303531692,0.0025159617323850655,0.029135107157367713,0.9288488563461185,87.03224538199902,19,True,0.9869365078677851,-0.001365719242086727,0.0010352892787863777,-0.00028875837319919384,0.0017379281737369375,-9.140087316751305,deltaRIC1,FGO-G
154,14.543220462815832,12.005143203149593,8.208641672160883,72.17245526729067,0.02714171536509021,0.0025358140364347944,0.027022996875479856,0.8202551626290223,10.406007772999146,5,True,3.5785065751723706,-0.0005573656739156219,0.0013924103443354596,0.001549679909425894,0.0021566109716752474,6.579763492052734,deltaRIC1,FGO-G
155,11.900308652912369,9.533598080015109,7.122348888064472,63.49027174559094,0.027490705280464562,0.0023521847654801734,0.02738989053732061,0.8422791888232947,13.678118738998819,4,True,2.46749877976799,-0.0010310761891801912,0.0013706183664334848,0.0009529789657758414,0.0019621115471629876,3.4017177398054628,deltaRIC1,FGO-G
156,14.157612057741295,11.945212882655339,7.599333415869226,67.64554675310768,0.027443486509572873,0.0024273668252438136,0.027335925850367936,0.8393747155196886,38.61667169000066,10,True,4.718579468403871,-0.0017058269929232095,0.0010554919498395599,0.0018055681927930944,0.0026988859710605924,3.8157589975744486,deltaRIC1,FGO-G
157,11.093671023891853,9.294909298325605,6.055922549227156,64.01902480491131,0.028309471767858037,0.002185301386798667,0.028225000436209163,0.8865370563385432,49.38012944199909,12,True,6.964036381506508,-0.001261764811978372,0.0008591300812976765,0.0008769991450110481,0.0017604779003689533,-2.982573091983795,deltaRIC1,FGO-G
158,12.777573384247583,10.268805491967688,7.603815841928741,70.35821611875292,0.02758351986092074,0.0023819870101335835,0.027480478631227736,0.8474464838256578,13.503442934999839,6,True,5.478881680672857,-0.0010670653092615945,0.0013757015958968388,0.000564696653039265,0.0018303184327150288,2.6235763382792356,deltaRIC1,FGO-G
159,14.744365161614436,12.718611542759874,7.458768292647575,82.01509781703412,0.030856933298217048,0.00278843967818689,0.030730683961339503,0.9917958245684914,7.780202213001758,5,True,1.8250386706826287,-0.0037136617399018412,0.0004636525252756929,-0.0008883734423985601,0.0038464873008713244,-18.490165687042463,deltaRIC1,FGO-G
160,16.114668912088597,14.787463876735892,6.404175687820082,65.67901918906396,0.02761044909179809,0.0026234479484427047,0.027485531101155487,0.8490833460991651,25.506852268999864,7,True,5.144384708930676,-0.0005002089129748644,0.0016053465636201025,0.001725698733548331,0.002409436171579708,2.3435311714492855,deltaRIC1,FGO-G
161,13.64477777805332,12.588851864117679,5.263152036162225,63.060654919269986,0.028238572250692793,0.002586010064724725,0.02811991313469406,0.8825454183730498,9.88943959199969,4,True,3.0701981265527243,-0.0020508259445030097,0.001120843317822251,0.00199848733725716,0.0030750818582487628,-2.4036423177749384,deltaRIC1,FGO-G
162,16.483611253377152,15.108473014989722,6.591167052031777,58.19143029786836,0.027616596429392487,0.0026927445880394565,0.027485005456203172,0.8492362159065985,29.522755152000173,8,True,1.4966511766887962,-0.0009992831786241885,0.0015287131706005486,0.0015034574834944525,0.0023655686913983953,2.329436487838393,deltaRIC1,FGO-G
163,15.627120529339264,13.086640227695842,8.54088658099085,83.95543817043115,0.031137375264868896,0.0028810915188551057,0.03100379734879665,1.001723969562072,15.839161134999813,6,True,9.381252543048959,-0.0044139636377019675,-0.00048388592604797775,0.0009601786272590562,0.004543034622433289,-19.921482797108183,deltaRIC1,FGO-G
164,11.258446915892074,10.092070375723365,4.990264771473213,65.9909988032806,0.02833009407271917,0.00235894827245569,0.02823171254488463,0.8868895445454593,11.310767427999963,7,True,3.374936744429131,-0.0021467060347919453,0.0010389996966144732,0.00011803587518111058,0.0023878441400574904,-3.0607934178988216,deltaRIC1,FGO-G
165,14.475077196398418,12.297892933659398,7.634768446648778,69.01256503402571,0.028256167485618742,0.0026430299580398335,0.028132283832213868,0.8828693936221478,12.70704908999869,5,True,3.230659887301081,-0.0017372975986725825,0.0007298115661817928,0.0018451665528098626,0.002637322027378241,-2.5300651657089475,deltaRIC1,FGO-G
166,13.347034751640004,11.075847018581584,7.447747947028247,64.36463560748984,0.02869277679860447,0.0024307230600911296,0.02858963143903181,0.9043860176813926,18.595959807998952,7,True,1.9999867744936026,-0.0010646887783186676,0.0009447312679802256,0.00017266225277112746,0.0014338380720671433,-5.603265715493762,deltaRIC1,FGO-G
167,13.578467509691595,11.962915103908268,6.423662672372652,60.99876187381554,0.027925353429929193,0.002355451519340385,0.027825837136131147,0.8660877900846784,15.446801706999395,9,True,3.6432817198862013,-0.001214208964309682,0.0011413638333663823,-0.00035776252231844996,0.0017044086456898925,-0.016465689484903123,deltaRIC1,FGO-G
168,11.397416278208668,10.136768436079928,5.210280557903738,67.44968444067963,0.03062628706633294,0.002597608128587713,0.030515928487918034,0.9844326363373679,43.97516697199899,11,True,4.3247632817548824,-0.0019435013289460512,0.000748264796146092,0.0011202013598961003,0.0023647301553199876,-17.379622268716048,deltaRIC1,FGO-G
169,15.055440843584886,13.235898946243122,7.1747667613326795,69.76689949658187,0.029779674407214126,0.002583566609433494,0.029667392729633393,0.9504157623344042,15.353218023999943,9,True,9.369948984881768,-0.003402157390542726,0.0002975813197820809,-0.0004605841002036648,0.003446065476056448,-12.311050280659401,deltaRIC1,FGO-G
170,18.162631805955005,15.98935032269075,8.61521156890286,62.12921106009755,0.028127018017888045,0.0027568069512338682,0.027991590844613088,0.8767778579506803,24.723580806001337,9,True,4.071676860220787,-0.0012638984627661998,0.0010035487518358366,0.002504465240692255,0.002979411949249339,-1.6696342266732245,deltaRIC1,FGO-G
171,14.337658031889196,13.140355894255721,5.73580725022169,69.2327604627231,0.029962633607478216,0.0025687959162024646,0.02985231482208515,0.9585958332693127,23.050958072000867,7,True,3.3956678017768236,-0.002937285712093507,0.0002006831754994831,0.002136701206284508,0.0036377758502050246,-13.51087452495267,deltaRIC1,FGO-G
172,12.281119383340227,11.678650290561945,3.799344772274877,72.65105705661588,0.028468211745604936,0.0024488086292398068,0.02836269409435499,0.8941461174008158,21.467113802000313,6,True,2.8270223424134753,-0.0018899508135580279,0.0010877567447051817,0.0019179829830526796,0.002904098403394747,-4.163304743138724,deltaRIC1,FGO-G
173,13.671216106685652,12.248365166623017,6.072865928106527,83.84558592875652,0.02860609817004713,0.002622956302188025,0.02848559202037384,0.8993696619238689,13.86564346600062,7,True,5.557187873048475,-0.003350268995574557,0.00042268778787746264,0.001230172650514394,0.0035939243256922515,-4.958623879036168,deltaRIC1,FGO-G
174,17.517087295046885,15.268380536779704,8.586320695523758,74.89360826993698,0.027744329248350796,0.0028298030854717804,0.027599638039987908,0.8544152924474376,15.259492306000539,6,True,1.5643205785277154,-0.0035715784999551525,0.0006380035800543915,0.0005046149438610037,0.0036630394198086326,1.610322315878875,deltaRIC1,FGO-G
175,15.440306364826933,13.604900859584289,7.301351466721603,78.0442425361489,0.028624353177020955,0.002632388836026284,0.02850305464013978,0.900346504557745,9.917611299999407,4,True,8.002367310745289,-0.0037472995068690285,0.0004235080889207765,0.002481041839375475,0.004514109137392874,-5.086847325721465,deltaRIC1,FGO-G
176,12.434969034252068,10.051221854935442,7.321297296632335,67.35040997669061,0.028873098852697003,0.0023848374182604284,0.02877443983548729,0.9131676135355329,34.415158579999115,9,True,1.7620571119593786,-0.00024181742273887696,0.0012531397367911978,0.0007311469445760999,0.0014708537386253439,-6.89639443228225,deltaRIC1,FGO-G
177,13.879952483315144,12.150045051895281,6.71040134239385,81.4303139370716,0.0291959705786704,0.002666914733568819,0.029073910363665592,0.9259087627490417,33.11767126800078,7,True,2.3223105509952893,-0.004773148580602515,0.00030254953860109346,0.0017688857340469877,0.005099356855126976,-8.793337617607904,deltaRIC1,FGO-G
178,12.129937751387379,11.267538984100927,4.491987877799601,78.82976627772418,0.029219188956955938,0.002477111716750645,0.029113998709298462,0.927781014230064,6.195390693001173,4,True,4.939179475920598,-0.003426197482572224,0.0005866931399003406,0.0019410087456157576,0.003981275295749745,-9.06952007261134,deltaRIC1,FGO-G
179,11.438592685716426,10.328343284463294,4.915966601595992,74.66707437501947,0.03089546381811674,0.0025164471554262775,0.030792810496128926,0.9941737572407663,12.477362132000053,6,True,2.9561596818839635,-0.002462057057613931,0.0004862721348950494,0.00017113999888596076,0.0025154471656826036,-18.823548829590436,deltaRIC1,FGO-G
180,16.426683476371917,14.7432177038307,7.243856829780884,84.68478016444445,0.030156848082514422,0.0030441229302377803,0.0300028132323863,0.9644105001299171,18.18675572399843,7,True,7.666729782463877,-0.0037446309012021395,0.00016300172817507175,-0.0011492636679776291,0.003920412877256604,-14.478809411019029,deltaRIC1,FGO-G
181,13.488509470177899,12.602726217382713,4.807408825632912,72.15350806377751,0.0316036045496732,0.002766697677405529,0.03148226809640569,1.0189363835868355,8.256772257000193,5,True,7.88474388812744,-0.00279265176920529,0.00019778039528595137,-0.0004566186054401067,0.0028366391274955954,-22.464094681912684,deltaRIC1,FGO-G
182,20.283753599501267,17.25018817878384,10.670598290715802,61.84648209947479,0.027542276768624172,0.0028144853652807785,0.027398096315768276,0.8431854495377664,15.826923203998376,6,True,4.130116038287669,-0.0003940457515707596,0.0009954744109670344,-0.00014433150761461455,0.0010803115019805336,3.332097866870754,deltaRIC1,FGO-G
183,9.539945039143138,8.632055709948906,4.061793393343667,62.25834252648667,0.028647536973308928,0.002194030612957255,0.028563396232004847,0.9031041569370895,29.258396909999647,6,True,8.207268397612726,-0.0008540256292786097,0.0013728400951498188,0.0009099474643110561,0.0018552773620463894,-5.452807376292185,deltaRIC1,FGO-G
184,12.177245661737128,10.393832326267082,6.344569447940589,73.58879744152905,0.029710537892743753,0.0026168905804511595,0.02959506623689341,0.9483327784618318,17.530213744999855,8,True,2.8226502000676077,-0.0017036244998916983,0.0005679488735583771,0.0006195124510570693,0.0018996573471608523,-12.102680342846725,deltaRIC1,FGO-G
185,15.120121454008531,13.423623039822681,6.958765498902141,81.5313575044788,0.03105763638930545,0.0026784595279282313,0.03094192354472424,0.999630815014588,17.35039079499984,5,True,4.254901345794789,-0.0031971218052330164,-3.3516941148947765e-05,0.0006547870145112711,0.0032636570373145808,-19.61526258392405,deltaRIC1,FGO-G
186,13.172213839293182,11.72378339673007,6.005007934601182,74.73330429194226,0.02844031216871783,0.002544471162379443,0.028326260303081642,0.8921101088848342,21.909815480999896,8,True,2.354799400082274,-0.0027205767442584072,0.000745100680366706,0.0017175190904412663,0.003302511873001034,-3.8077448514450225,deltaRIC1,FGO-G
187,9.453849249294073,8.609084220605482,3.9062686173508085,72.41109747838337,0.02866884876458726,0.002381576102433411,0.02856975646999979,0.9032752767548663,25.368220208998537,9,True,1.7398608948585477,-0.002571607990830116,0.0010862917517979742,0.0008526370919981208,0.002918936011490596,-5.495138616483018,deltaRIC1,FGO-G
188,11.527947386851121,10.607546574424251,4.513704313025828,71.82191606594264,0.02965545062387825,0.0023493517083801943,0.029562244472563507,0.9466672555914968,32.09487290499965,10,True,3.5493646684890794,-0.0017750795003765862,0.0009293653776472066,0.0008664806869416175,0.002182983284102135,-11.771812987506564,deltaRIC1,FGO-G
189,16.09195619760666,14.529954240259627,6.916030945683559,77.93797642842422,0.03087011534746195,0.0027736655590085307,0.030745256559872387,0.9929491209856514,25.433568587999616,7,True,1.7851725261955722,-0.0036338032708436163,0.00030785688252499277,0.00215512685495578,0.004236020990536209,-18.56848351869121,deltaRIC1,FGO-G
190,10.310364336197782,9.097089420692408,4.852481511254361,73.09865003674928,0.028910792606188753,0.002443652392142434,0.028807333998557293,0.9143681209488054,36.19635336000101,8,True,4.753268708455376,-0.002460165679817883,0.0006602794911514387,0.0016831422469931745,0.0030530889279878864,-7.094482929460355,deltaRIC1,FGO-G
191,15.72780933732311,14.537786908278909,6.001394701289225,68.30056171343332,0.027491428820834846,0.0026825281655271506,0.027360239422420676,0.8422317455595103,18.90233285600152,6,True,3.530314343823584,-0.00032639939592049583,0.0015608758888621121,0.001992404122474589,0.0025519687093187664,3.3552795477444306,deltaRIC1,FGO-G
192,16.731564794747992,15.836075846707992,5.400366863293833,70.33037388605553,0.028658108266190568,0.002523551525855338,0.02854678365583509,0.9029315311445352,32.01894977499978,11,True,3.7589659607908894,-0.0028136930760409573,0.0006961897377570914,0.0030495726827817204,0.004207308216031672,-5.413805206007964,deltaRIC1,FGO-G
193,10.572379613804113,9.190000431972027,5.226767907486879,75.11252088874663,0.0277918149059944,0.0024217649489443687,0.027686098141506268,0.8588524995470453,8.124501850999877,5,True,1.1148325793830083,-0.0022764356025599675,0.00110766718009625,0.0006083023378449237,0.0026036738214861976,0.9554891703737667,deltaRIC1,FGO-G
194,16.889829481678916,12.700828496882897,11.13352124949504,76.5633516203423,0.02779362151316645,0.0027400801696892767,0.0276582240478456,0.8568202073345648,21.443209346000003,6,True,4.428504912121034,-0.002783454796143503,0.00048004053520056544,0.00012657865511855881,0.00282738070898518,1.3393835200549802,deltaRIC1,FGO-G
195,12.005904031716696,10.644931483035904,5.552221658062858,66.69645723809077,0.029128950639098164,0.002619861202249388,0.029010896101567873,0.9236960247549099,30.37752583800102,8,True,2.8320525489544766,-0.0019428466677418044,0.0008480498609721998,0.0002664551410371807,0.0021365486381628536,-8.482553842572088,deltaRIC1,FGO-G
196,11.073475286653498,9.953606402348782,4.852584312636624,63.305842872883495,0.029191411601777243,0.0024541815824937743,0.02908806463250044,0.9272015123430057,53.15776973999891,13,True,5.729986661027042,-0.001615419709382837,0.0008937656955081419,0.002089921690313634,0.002788578603441739,-8.922006382046675,deltaRIC1,FGO-G
197,12.120114025046135,10.220053725438033,6.515187321119798,60.02605294892063,0.02744407222354442,0.0023416859046579003,0.027343986675959473,0.8402561822571185,19.76298969600066,10,True,7.92519163444085,0.0002540593428383975,0.0017273305731775324,0.0009926753926037257,0.002008387784716453,3.6950401421199786,deltaRIC1,FGO-G
198,15.671305440901675,14.612349745217141,5.662954100598642,68.33433386367199,0.027092089710885794,0.002642095783292566,0.02696294966754549,0.8168652472129424,14.031829241001105,4,True,1.9281316044530499,-0.002178373126312416,0.0014214679844755107,0.002781056762483969,0.003807907223723658,7.1557341399020515,deltaRIC1,FGO-G
199,10.363208399674544,9.706487935555895,3.6304518027365233,74.16235807966218,0.02962760523132861,0.002380612168224768,0.029531807893319887,0.9449627785873153,7.941340051000225,5,True,2.171351766342284,-0.002662558964895645,0.0006958707303392764,-4.2160121897283354e-05,0.0027523142609025375,-11.576592390440055,deltaRIC1,FGO-G
200,10.348054450020262,9.09075547553162,4.943722866896567,66.22510131048203,0.028242187422117364,0.0024165668970668286,0.028138609681681238,0.8826751233362249,13.798072075998789,4,True,5.401804241689976,-0.0020908524064783274,0.0009644525157423978,0.0008562585243563348,0.0024566259587757637,-2.4599050303950207,deltaRIC1,FGO-G
